datetime,open,high,low,close,volume
2020-06-08 09:15:00,10315.1,10328.5,10288.45,10315.4,0
2020-06-08 09:45:00,10316.5,10317.6,10263.9,10287.9,0
2020-06-08 10:15:00,10289.7,10308.9,10283.4,10284.7,0
2020-06-08 10:45:00,10284.3,10305.85,10275.45,10303.4,0
2020-06-08 11:15:00,10304.45,10309.5,10276.35,10291.6,0
2020-06-08 11:45:00,10291.9,10302.8,10278.6,10290.8,0
2020-06-08 12:15:00,10290.35,10297.6,10218.4,10231.15,0
2020-06-08 12:45:00,10230.15,10231.05,10183.1,10214.75,0
2020-06-08 13:15:00,10214.4,10216.7,10149.1,10196.35,0
2020-06-08 13:45:00,10196.55,10210.85,10170.5,10170.5,0
2020-06-08 14:15:00,10170.85,10199.8,10120.25,10169.6,0
2020-06-08 14:45:00,10170.6,10190.15,10142.6,10164.2,0
2020-06-08 15:15:00,10164.5,10182.6,10153.05,10167.45,0
2020-06-09 09:15:00,10180.9,10214.8,10135.1,10165.2,0
2020-06-09 09:45:00,10165.45,10261.95,10164.8,10248.25,0
2020-06-09 10:15:00,10248.75,10271.85,10238.7,10258.0,0
2020-06-09 10:45:00,10258.25,10271.45,10228.15,10252.05,0
2020-06-09 11:15:00,10252.8,10267.7,10243.8,10263.3,0
2020-06-09 11:45:00,10263.55,10291.15,10258.05,10266.6,0
2020-06-09 12:15:00,10266.55,10273.2,10233.95,10239.25,0
2020-06-09 12:45:00,10238.85,10239.35,10167.95,10179.25,0
2020-06-09 13:15:00,10181.1,10193.8,10144.8,10162.05,0
2020-06-09 13:45:00,10161.25,10175.4,10092.2,10096.5,0
2020-06-09 14:15:00,10094.9,10125.1,10035.05,10038.75,0
2020-06-09 14:45:00,10037.65,10079.75,10021.45,10051.75,0
2020-06-09 15:15:00,10052.25,10054.15,10025.9,10046.65,0
2020-06-10 09:15:00,10072.4,10119.85,10060.5,10073.25,0
2020-06-10 09:45:00,10072.2,10084.2,10036.85,10071.25,0
2020-06-10 10:15:00,10071.15,10137.9,10071.15,10127.55,0
2020-06-10 10:45:00,10128.1,10135.05,10104.2,10123.7,0
2020-06-10 11:15:00,10123.45,10132.15,10076.75,10084.75,0
2020-06-10 11:45:00,10083.85,10096.35,10063.2,10088.95,0
2020-06-10 12:15:00,10088.1,10118.95,10071.9,10116.05,0
2020-06-10 12:45:00,10115.15,10140.4,10097.05,10112.9,0
2020-06-10 13:15:00,10112.3,10123.25,10086.4,10103.85,0
2020-06-10 13:45:00,10104.1,10114.3,10084.45,10102.1,0
2020-06-10 14:15:00,10103.3,10114.7,10053.45,10064.3,0
2020-06-10 14:45:00,10064.6,10129.3,10053.75,10129.3,0
2020-06-10 15:15:00,10128.8,10148.75,10116.15,10116.15,0
2020-06-11 09:15:00,10089.1,10112.05,10047.1,10088.7,0
2020-06-11 09:45:00,10088.95,10102.3,10071.65,10090.8,0
2020-06-11 10:15:00,10090.7,10094.4,10055.85,10068.05,0
2020-06-11 10:45:00,10068.4,10068.4,10022.65,10022.95,0
2020-06-11 11:15:00,10022.35,10043.0,10005.85,10034.25,0
2020-06-11 11:45:00,10034.2,10046.15,10014.2,10023.05,0
2020-06-11 12:15:00,10023.75,10025.75,9982.2,9984.45,0
2020-06-11 12:45:00,9984.2,10038.5,9977.7,10014.7,0
2020-06-11 13:15:00,10014.55,10021.05,9967.0,9991.35,0
2020-06-11 13:45:00,9991.6,10008.1,9951.55,9957.85,0
2020-06-11 14:15:00,9958.4,9960.3,9899.9,9913.2,0
2020-06-11 14:45:00,9912.9,9927.8,9885.05,9893.65,0
2020-06-11 15:15:00,9895.55,9915.0,9886.9,9902.0,0
2020-06-12 09:15:00,9544.35,9714.3,9544.35,9712.25,0
2020-06-12 09:45:00,9714.0,9715.4,9658.1,9677.35,0
2020-06-12 10:15:00,9677.1,9745.8,9669.7,9735.95,0
2020-06-12 10:45:00,9736.35,9741.9,9699.45,9715.35,0
2020-06-12 11:15:00,9714.7,9818.45,9709.85,9785.8,0
2020-06-12 11:45:00,9786.0,9788.75,9747.4,9754.7,0
2020-06-12 12:15:00,9754.5,9761.55,9718.85,9758.65,0
2020-06-12 12:45:00,9758.2,9783.7,9747.7,9758.15,0
2020-06-12 13:15:00,9758.1,9831.55,9751.7,9809.3,0
2020-06-12 13:45:00,9808.25,9914.2,9807.65,9871.95,0
2020-06-12 14:15:00,9873.7,9928.5,9873.1,9917.35,0
2020-06-12 14:45:00,9917.1,9996.05,9913.9,9974.7,0
2020-06-12 15:15:00,9976.15,9983.15,9951.7,9972.9,0
2020-06-15 09:15:00,9902.5,9943.35,9862.5,9892.35,0
2020-06-15 09:45:00,9892.9,9909.65,9857.2,9867.1,0
2020-06-15 10:15:00,9867.6,9867.6,9789.1,9807.45,0
2020-06-15 10:45:00,9807.6,9821.95,9761.0,9770.15,0
2020-06-15 11:15:00,9769.5,9786.75,9747.05,9779.0,0
2020-06-15 11:45:00,9779.15,9786.0,9726.35,9735.15,0
2020-06-15 12:15:00,9734.95,9766.15,9729.5,9758.7,0
2020-06-15 12:45:00,9758.1,9781.4,9738.65,9765.6,0
2020-06-15 13:15:00,9766.1,9815.1,9761.5,9782.0,0
2020-06-15 13:45:00,9782.6,9835.8,9771.25,9822.75,0
2020-06-15 14:15:00,9823.45,9873.35,9788.4,9809.0,0
2020-06-15 14:45:00,9809.05,9873.9,9789.2,9810.25,0
2020-06-15 15:15:00,9812.05,9824.4,9792.7,9813.7,0
2020-06-16 09:15:00,10005.25,10046.15,9986.8,9994.6,0
2020-06-16 09:45:00,9994.7,10006.25,9966.3,9985.35,0
2020-06-16 10:15:00,9985.45,10010.5,9971.25,9997.45,0
2020-06-16 10:45:00,9996.85,10018.8,9984.55,9986.3,0
2020-06-16 11:15:00,9985.85,10010.5,9952.4,9954.25,0
2020-06-16 11:45:00,9954.4,9974.75,9931.6,9940.5,0
2020-06-16 12:15:00,9940.75,9941.35,9897.65,9919.9,0
2020-06-16 12:45:00,9919.0,9955.3,9830.05,9843.15,0
2020-06-16 13:15:00,9844.3,9846.55,9728.5,9805.5,0
2020-06-16 13:45:00,9806.1,9887.55,9806.1,9862.7,0
2020-06-16 14:15:00,9863.65,9940.85,9851.7,9891.2,0
2020-06-16 14:45:00,9892.15,9935.65,9878.95,9915.35,0
2020-06-16 15:15:00,9915.4,9924.0,9898.4,9914.0,0
2020-06-17 09:15:00,9864.25,9944.85,9833.8,9919.4,0
2020-06-17 09:45:00,9919.2,9956.35,9897.35,9937.6,0
2020-06-17 10:15:00,9937.7,9942.1,9863.95,9870.95,0
2020-06-17 10:45:00,9871.1,9895.35,9862.8,9883.95,0
2020-06-17 11:15:00,9883.3,9925.25,9872.35,9893.9,0
2020-06-17 11:45:00,9893.65,9945.15,9891.75,9939.25,0
2020-06-17 12:15:00,9939.35,9970.45,9938.4,9949.7,0
2020-06-17 12:45:00,9949.35,9979.9,9928.35,9974.1,0
2020-06-17 13:15:00,9974.6,10003.6,9930.3,9962.3,0
2020-06-17 13:45:00,9963.15,9978.1,9944.6,9945.55,0
2020-06-17 14:15:00,9945.35,9964.4,9916.1,9932.4,0
2020-06-17 14:45:00,9931.75,9931.75,9864.55,9881.1,0
2020-06-17 15:15:00,9881.05,9889.5,9868.45,9881.15,0
2020-06-18 09:15:00,9861.4,9895.9,9845.05,9885.0,0
2020-06-18 09:45:00,9884.95,9910.8,9874.4,9910.8,0
2020-06-18 10:15:00,9911.65,9927.7,9897.5,9898.05,0
2020-06-18 10:45:00,9898.2,9917.9,9886.65,9913.25,0
2020-06-18 11:15:00,9913.1,9941.2,9911.2,9922.4,0
2020-06-18 11:45:00,9921.6,9974.1,9917.45,9969.15,0
2020-06-18 12:15:00,9968.9,9984.45,9946.0,9966.55,0
2020-06-18 12:45:00,9967.15,9989.35,9964.2,9964.3,0
2020-06-18 13:15:00,9964.05,10016.85,9964.05,10006.2,0
2020-06-18 13:45:00,10005.35,10056.55,9999.95,10056.55,0
2020-06-18 14:15:00,10055.85,10107.7,10055.15,10058.45,0
2020-06-18 14:45:00,10057.95,10110.15,10055.45,10082.95,0
2020-06-18 15:15:00,10083.05,10111.2,10080.95,10091.65,0
2020-06-19 09:15:00,10105.75,10162.2,10072.65,10088.0,0
2020-06-19 09:45:00,10087.35,10139.85,10083.15,10130.5,0
2020-06-19 10:15:00,10129.8,10134.8,10097.75,10116.15,0
2020-06-19 10:45:00,10115.35,10145.9,10090.4,10139.8,0
2020-06-19 11:15:00,10139.55,10184.85,10132.4,10182.35,0
2020-06-19 11:45:00,10182.6,10212.7,10174.05,10195.7,0
2020-06-19 12:15:00,10196.45,10209.15,10176.3,10201.2,0
2020-06-19 12:45:00,10201.5,10206.4,10136.65,10169.5,0
2020-06-19 13:15:00,10170.05,10225.55,10160.75,10196.2,0
2020-06-19 13:45:00,10196.3,10211.25,10155.1,10185.3,0
2020-06-19 14:15:00,10184.8,10244.95,10181.0,10235.75,0
2020-06-19 14:45:00,10236.9,10272.4,10229.65,10249.75,0
2020-06-19 15:15:00,10250.05,10263.85,10233.85,10244.4,0
2020-06-22 09:15:00,10300.75,10376.7,10285.6,10366.6,0
2020-06-22 09:45:00,10366.4,10386.4,10326.1,10331.95,0
2020-06-22 10:15:00,10332.2,10354.85,10303.7,10305.95,0
2020-06-22 10:45:00,10306.5,10328.4,10283.05,10301.55,0
2020-06-22 11:15:00,10301.65,10322.85,10277.6,10296.5,0
2020-06-22 11:45:00,10296.4,10308.5,10285.75,10301.1,0
2020-06-22 12:15:00,10301.4,10334.75,10301.4,10333.15,0
2020-06-22 12:45:00,10334.15,10362.3,10328.3,10338.5,0
2020-06-22 13:15:00,10337.9,10367.6,10335.25,10353.4,0
2020-06-22 13:45:00,10353.85,10384.75,10342.8,10374.9,0
2020-06-22 14:15:00,10375.7,10393.65,10359.65,10376.6,0
2020-06-22 14:45:00,10376.45,10377.2,10278.5,10317.55,0
2020-06-22 15:15:00,10318.3,10331.1,10308.2,10311.2,0
2020-06-23 09:15:00,10345.15,10378.15,10328.1,10337.1,0
2020-06-23 09:45:00,10337.8,10359.0,10301.75,10358.9,0
2020-06-23 10:15:00,10358.65,10388.25,10358.65,10385.55,0
2020-06-23 10:45:00,10385.9,10386.3,10357.4,10363.0,0
2020-06-23 11:15:00,10363.3,10375.7,10352.05,10373.7,0
2020-06-23 11:45:00,10373.75,10402.7,10373.55,10386.0,0
2020-06-23 12:15:00,10385.9,10405.65,10372.2,10398.15,0
2020-06-23 12:45:00,10399.9,10430.05,10399.35,10424.9,0
2020-06-23 13:15:00,10426.1,10432.2,10405.3,10405.4,0
2020-06-23 13:45:00,10405.0,10426.5,10390.0,10410.4,0
2020-06-23 14:15:00,10410.0,10458.9,10401.1,10448.7,0
2020-06-23 14:45:00,10448.15,10479.0,10442.5,10469.35,0
2020-06-23 15:15:00,10469.0,10484.7,10462.2,10471.0,0
2020-06-24 09:15:00,10513.55,10542.75,10497.95,10530.85,0
2020-06-24 09:45:00,10530.6,10545.95,10518.6,10544.6,0
2020-06-24 10:15:00,10545.35,10553.15,10504.4,10513.3,0
2020-06-24 10:45:00,10513.45,10513.55,10451.2,10471.2,0
2020-06-24 11:15:00,10469.95,10489.15,10440.15,10443.15,0
2020-06-24 11:45:00,10443.2,10488.15,10440.45,10478.95,0
2020-06-24 12:15:00,10477.55,10528.1,10475.4,10515.4,0
2020-06-24 12:45:00,10515.75,10538.5,10448.4,10448.4,0
2020-06-24 13:15:00,10448.5,10470.35,10390.5,10393.25,0
2020-06-24 13:45:00,10392.75,10439.8,10371.7,10396.75,0
2020-06-24 14:15:00,10398.2,10423.65,10340.85,10352.75,0
2020-06-24 14:45:00,10353.1,10356.05,10281.95,10302.25,0
2020-06-24 15:15:00,10301.9,10320.2,10289.2,10305.3,0
2020-06-25 09:15:00,10210.25,10285.7,10194.5,10271.35,0
2020-06-25 09:45:00,10270.1,10297.9,10255.35,10262.7,0
2020-06-25 10:15:00,10262.3,10348.35,10260.65,10319.35,0
2020-06-25 10:45:00,10318.6,10356.05,10308.85,10334.25,0
2020-06-25 11:15:00,10334.0,10349.4,10307.25,10315.95,0
2020-06-25 11:45:00,10315.6,10321.35,10263.9,10269.3,0
2020-06-25 12:15:00,10270.25,10284.6,10222.1,10227.0,0
2020-06-25 12:45:00,10226.7,10250.9,10204.55,10244.65,0
2020-06-25 13:15:00,10244.3,10320.75,10219.65,10313.75,0
2020-06-25 13:45:00,10313.15,10357.0,10298.95,10343.85,0
2020-06-25 14:15:00,10343.95,10361.8,10317.15,10332.25,0
2020-06-25 14:45:00,10331.7,10338.7,10276.35,10284.6,0
2020-06-25 15:15:00,10285.6,10293.65,10269.25,10288.9,0
2020-06-26 09:15:00,10379.25,10403.75,10352.95,10382.6,0
2020-06-26 09:45:00,10383.15,10407.75,10361.6,10384.4,0
2020-06-26 10:15:00,10383.95,10384.35,10329.6,10346.4,0
2020-06-26 10:45:00,10346.35,10375.6,10318.05,10369.85,0
2020-06-26 11:15:00,10369.9,10378.9,10340.75,10352.8,0
2020-06-26 11:45:00,10352.45,10379.95,10350.05,10373.05,0
2020-06-26 12:15:00,10371.7,10388.05,10335.15,10335.9,0
2020-06-26 12:45:00,10336.2,10357.95,10324.35,10350.4,0
2020-06-26 13:15:00,10351.9,10369.5,10311.25,10329.35,0
2020-06-26 13:45:00,10329.25,10358.9,10322.35,10345.95,0
2020-06-26 14:15:00,10346.0,10390.4,10339.6,10356.55,0
2020-06-26 14:45:00,10357.05,10382.45,10338.95,10379.3,0
2020-06-26 15:15:00,10379.75,10409.85,10378.8,10383.0,0
2020-06-29 09:15:00,10308.15,10325.9,10264.85,10267.05,0
2020-06-29 09:45:00,10264.9,10267.95,10230.85,10242.2,0
2020-06-29 10:15:00,10241.45,10277.5,10231.7,10276.25,0
2020-06-29 10:45:00,10275.85,10277.55,10246.65,10255.9,0
2020-06-29 11:15:00,10256.15,10259.9,10223.6,10240.3,0
2020-06-29 11:45:00,10239.8,10259.3,10237.85,10253.95,0
2020-06-29 12:15:00,10254.1,10306.45,10254.1,10306.0,0
2020-06-29 12:45:00,10306.35,10313.25,10276.15,10278.45,0
2020-06-29 13:15:00,10278.5,10293.15,10248.65,10255.55,0
2020-06-29 13:45:00,10255.45,10292.05,10250.3,10275.9,0
2020-06-29 14:15:00,10275.7,10310.65,10267.55,10297.3,0
2020-06-29 14:45:00,10297.15,10326.95,10266.65,10326.05,0
2020-06-29 15:15:00,10325.8,10337.95,10312.4,10312.4,0
2020-06-30 09:15:00,10376.4,10401.05,10365.35,10379.45,0
2020-06-30 09:45:00,10380.45,10387.35,10366.15,10384.45,0
2020-06-30 10:15:00,10384.8,10389.9,10347.15,10379.8,0
2020-06-30 10:45:00,10379.45,10386.7,10361.1,10368.5,0
2020-06-30 11:15:00,10367.55,10378.85,10345.45,10352.8,0
2020-06-30 11:45:00,10352.95,10358.3,10333.85,10349.55,0
2020-06-30 12:15:00,10349.35,10373.25,10339.35,10345.45,0
2020-06-30 12:45:00,10346.2,10374.6,10343.65,10368.3,0
2020-06-30 13:15:00,10368.55,10385.2,10360.5,10375.55,0
2020-06-30 13:45:00,10376.5,10378.15,10350.85,10361.2,0
2020-06-30 14:15:00,10361.45,10361.55,10267.35,10299.65,0
2020-06-30 14:45:00,10299.0,10320.4,10290.8,10301.85,0
2020-06-30 15:15:00,10301.9,10312.85,10292.3,10302.1,0
2020-07-01 09:15:00,10316.4,10355.85,10299.6,10328.4,0
2020-07-01 09:45:00,10329.35,10363.4,10329.35,10350.5,0
2020-07-01 10:15:00,10350.35,10350.35,10324.7,10330.75,0
2020-07-01 10:45:00,10330.35,10350.5,10318.55,10336.95,0
2020-07-01 11:15:00,10336.4,10372.55,10329.8,10362.4,0
2020-07-01 11:45:00,10362.15,10391.25,10354.0,10387.8,0
2020-07-01 12:15:00,10389.0,10407.75,10379.3,10398.4,0
2020-07-01 12:45:00,10399.2,10434.35,10399.1,10422.05,0
2020-07-01 13:15:00,10422.55,10446.9,10408.9,10429.1,0
2020-07-01 13:45:00,10429.2,10438.35,10399.05,10432.65,0
2020-07-01 14:15:00,10433.0,10442.25,10415.6,10421.45,0
2020-07-01 14:45:00,10421.2,10447.05,10398.15,10436.4,0
2020-07-01 15:15:00,10437.5,10437.5,10413.0,10430.05,0
2020-07-02 09:15:00,10486.7,10538.35,10485.55,10533.4,0
2020-07-02 09:45:00,10533.2,10545.3,10516.3,10533.6,0
2020-07-02 10:15:00,10533.55,10539.9,10503.6,10512.75,0
2020-07-02 10:45:00,10513.15,10529.45,10491.95,10505.1,0
2020-07-02 11:15:00,10505.15,10537.05,10491.15,10534.85,0
2020-07-02 11:45:00,10535.85,10560.35,10523.2,10556.6,0
2020-07-02 12:15:00,10557.5,10567.7,10541.25,10567.1,0
2020-07-02 12:45:00,10567.85,10574.15,10542.75,10561.4,0
2020-07-02 13:15:00,10562.65,10576.55,10551.7,10570.45,0
2020-07-02 13:45:00,10570.9,10598.2,10570.55,10593.1,0
2020-07-02 14:15:00,10592.95,10595.3,10563.3,10565.35,0
2020-07-02 14:45:00,10565.8,10572.05,10543.65,10546.55,0
2020-07-02 15:15:00,10546.75,10564.95,10539.6,10551.7,0
2020-07-03 09:15:00,10609.1,10628.55,10573.0,10574.75,0
2020-07-03 09:45:00,10571.8,10604.9,10564.9,10597.15,0
2020-07-03 10:15:00,10597.6,10610.9,10585.4,10594.55,0
2020-07-03 10:45:00,10594.05,10610.95,10578.45,10588.95,0
2020-07-03 11:15:00,10589.2,10617.0,10581.7,10615.6,0
2020-07-03 11:45:00,10616.65,10631.3,10609.1,10614.35,0
2020-07-03 12:15:00,10614.95,10627.1,10600.1,10601.7,0
2020-07-03 12:45:00,10602.05,10604.5,10587.7,10588.5,0
2020-07-03 13:15:00,10587.85,10602.25,10562.65,10571.05,0
2020-07-03 13:45:00,10571.15,10612.5,10565.3,10602.45,0
2020-07-03 14:15:00,10602.7,10606.6,10579.9,10594.9,0
2020-07-03 14:45:00,10594.15,10608.55,10585.45,10606.75,0
2020-07-03 15:15:00,10608.05,10620.75,10600.45,10607.35,0
2020-07-06 09:15:00,10711.95,10731.7,10695.1,10726.6,0
2020-07-06 09:45:00,10726.8,10753.85,10719.4,10736.55,0
2020-07-06 10:15:00,10737.25,10745.6,10728.5,10736.65,0
2020-07-06 10:45:00,10737.25,10749.0,10735.0,10748.95,0
2020-07-06 11:15:00,10749.55,10764.25,10745.4,10762.8,0
2020-07-06 11:45:00,10762.9,10768.7,10753.05,10765.65,0
2020-07-06 12:15:00,10765.35,10778.15,10762.3,10775.2,0
2020-07-06 12:45:00,10775.35,10800.4,10775.0,10794.9,0
2020-07-06 13:15:00,10795.15,10811.4,10791.4,10792.35,0
2020-07-06 13:45:00,10793.75,10793.75,10763.35,10769.05,0
2020-07-06 14:15:00,10769.4,10778.6,10749.7,10750.55,0
2020-07-06 14:45:00,10750.0,10768.15,10748.55,10765.9,0
2020-07-06 15:15:00,10766.2,10779.5,10756.55,10763.65,0
2020-07-07 09:15:00,10792.7,10792.7,10753.45,10770.65,0
2020-07-07 09:45:00,10769.65,10781.9,10752.75,10774.95,0
2020-07-07 10:15:00,10775.5,10793.15,10744.7,10774.2,0
2020-07-07 10:45:00,10773.75,10774.65,10726.0,10733.45,0
2020-07-07 11:15:00,10733.3,10733.3,10689.7,10704.6,0
2020-07-07 11:45:00,10705.15,10728.95,10701.35,10728.6,0
2020-07-07 12:15:00,10729.0,10775.95,10720.05,10750.95,0
2020-07-07 12:45:00,10751.35,10770.5,10742.25,10766.7,0
2020-07-07 13:15:00,10767.4,10795.5,10759.7,10773.25,0
2020-07-07 13:45:00,10773.0,10773.4,10741.55,10769.4,0
2020-07-07 14:15:00,10769.65,10788.4,10765.6,10777.6,0
2020-07-07 14:45:00,10776.95,10813.8,10770.6,10797.3,0
2020-07-07 15:15:00,10797.05,10806.3,10780.7,10799.65,0
2020-07-08 09:15:00,10811.85,10847.85,10797.3,10820.3,0
2020-07-08 09:45:00,10820.35,10830.7,10784.6,10788.4,0
2020-07-08 10:15:00,10787.55,10817.9,10785.0,10813.8,0
2020-07-08 10:45:00,10814.0,10815.0,10786.9,10795.3,0
2020-07-08 11:15:00,10795.1,10814.7,10772.7,10776.25,0
2020-07-08 11:45:00,10775.45,10792.6,10766.5,10791.7,0
2020-07-08 12:15:00,10791.85,10810.45,10779.45,10810.0,0
2020-07-08 12:45:00,10810.4,10818.9,10796.35,10807.9,0
2020-07-08 13:15:00,10808.2,10826.95,10789.05,10822.3,0
2020-07-08 13:45:00,10822.1,10833.5,10805.65,10823.1,0
2020-07-08 14:15:00,10822.75,10830.5,10732.25,10732.3,0
2020-07-08 14:45:00,10731.05,10745.75,10707.2,10708.85,0
2020-07-08 15:15:00,10708.75,10709.3,10676.55,10705.75,0
2020-07-09 09:15:00,10744.7,10767.0,10733.0,10762.6,0
2020-07-09 09:45:00,10762.75,10783.45,10753.5,10781.05,0
2020-07-09 10:15:00,10781.0,10792.1,10768.85,10776.3,0
2020-07-09 10:45:00,10776.4,10778.45,10752.7,10776.5,0
2020-07-09 11:15:00,10775.95,10783.05,10765.85,10766.2,0
2020-07-09 11:45:00,10764.75,10782.75,10762.5,10775.15,0
2020-07-09 12:15:00,10775.1,10802.05,10762.55,10788.85,0
2020-07-09 12:45:00,10788.9,10801.25,10755.6,10765.25,0
2020-07-09 13:15:00,10765.35,10811.6,10765.1,10799.95,0
2020-07-09 13:45:00,10800.4,10805.75,10784.7,10798.4,0
2020-07-09 14:15:00,10798.15,10816.9,10793.7,10813.45,0
2020-07-09 14:45:00,10813.25,10825.8,10790.55,10811.25,0
2020-07-09 15:15:00,10812.0,10836.85,10809.85,10813.45,0
2020-07-10 09:15:00,10761.25,10807.3,10757.8,10797.55,0
2020-07-10 09:45:00,10798.1,10819.4,10795.25,10808.9,0
2020-07-10 10:15:00,10809.25,10810.1,10764.85,10765.75,0
2020-07-10 10:45:00,10765.65,10777.3,10747.85,10752.05,0
2020-07-10 11:15:00,10751.3,10768.6,10744.75,10754.95,0
2020-07-10 11:45:00,10754.85,10757.1,10730.4,10748.45,0
2020-07-10 12:15:00,10748.5,10748.5,10713.0,10739.85,0
2020-07-10 12:45:00,10739.8,10775.75,10737.45,10756.7,0
2020-07-10 13:15:00,10756.15,10796.0,10750.5,10782.0,0
2020-07-10 13:45:00,10784.05,10792.1,10742.85,10751.0,0
2020-07-10 14:15:00,10750.65,10769.75,10736.35,10757.55,0
2020-07-10 14:45:00,10758.1,10786.1,10753.3,10761.1,0
2020-07-10 15:15:00,10761.25,10778.6,10756.55,10768.05,0
2020-07-13 09:15:00,10847.75,10894.05,10846.25,10871.0,0
2020-07-13 09:45:00,10872.0,10880.35,10843.55,10857.6,0
2020-07-13 10:15:00,10857.4,10875.5,10853.45,10871.95,0
2020-07-13 10:45:00,10871.2,10882.8,10823.95,10835.1,0
2020-07-13 11:15:00,10835.55,10852.4,10819.45,10824.85,0
2020-07-13 11:45:00,10825.35,10835.45,10807.25,10807.25,0
2020-07-13 12:15:00,10808.1,10838.1,10803.15,10813.95,0
2020-07-13 12:45:00,10814.75,10818.45,10784.2,10811.25,0
2020-07-13 13:15:00,10811.05,10812.9,10770.0,10778.25,0
2020-07-13 13:45:00,10778.7,10787.7,10756.05,10785.2,0
2020-07-13 14:15:00,10786.05,10806.35,10769.1,10804.55,0
2020-07-13 14:45:00,10805.0,10815.45,10782.05,10796.5,0
2020-07-13 15:15:00,10797.3,10818.3,10793.9,10802.7,0
2020-07-14 09:15:00,10745.5,10745.5,10703.05,10706.4,0
2020-07-14 09:45:00,10706.85,10728.9,10697.8,10717.65,0
2020-07-14 10:15:00,10717.5,10717.5,10657.4,10664.3,0
2020-07-14 10:45:00,10664.2,10672.0,10616.65,10628.65,0
2020-07-14 11:15:00,10628.05,10665.9,10622.0,10664.55,0
2020-07-14 11:45:00,10663.8,10665.55,10629.05,10638.25,0
2020-07-14 12:15:00,10638.05,10652.25,10609.15,10620.35,0
2020-07-14 12:45:00,10619.6,10620.3,10562.9,10569.0,0
2020-07-14 13:15:00,10569.25,10636.3,10567.5,10621.7,0
2020-07-14 13:45:00,10620.9,10638.05,10616.1,10631.7,0
2020-07-14 14:15:00,10631.2,10644.05,10600.05,10610.5,0
2020-07-14 14:45:00,10610.15,10629.2,10593.6,10610.3,0
2020-07-14 15:15:00,10609.9,10619.8,10600.3,10607.35,0
2020-07-15 09:15:00,10695.5,10741.45,10683.45,10728.75,0
2020-07-15 09:45:00,10729.0,10765.8,10722.75,10756.3,0
2020-07-15 10:15:00,10755.85,10802.7,10755.3,10798.9,0
2020-07-15 10:45:00,10798.2,10810.6,10781.45,10800.35,0
2020-07-15 11:15:00,10800.05,10827.45,10800.05,10820.25,0
2020-07-15 11:45:00,10820.15,10826.75,10780.3,10784.1,0
2020-07-15 12:15:00,10783.95,10793.75,10761.6,10771.55,0
2020-07-15 12:45:00,10771.15,10797.1,10769.9,10793.7,0
2020-07-15 13:15:00,10792.95,10811.6,10785.05,10802.75,0
2020-07-15 13:45:00,10802.9,10813.9,10776.85,10786.2,0
2020-07-15 14:15:00,10785.95,10785.95,10647.3,10689.55,0
2020-07-15 14:45:00,10689.85,10711.75,10577.75,10600.2,0
2020-07-15 15:15:00,10599.35,10637.9,10582.35,10618.2,0
2020-07-16 09:15:00,10696.3,10696.3,10595.2,10654.05,0
2020-07-16 09:45:00,10653.35,10684.8,10649.05,10670.4,0
2020-07-16 10:15:00,10669.85,10701.8,10659.8,10677.0,0
2020-07-16 10:45:00,10677.25,10686.8,10628.55,10650.85,0
2020-07-16 11:15:00,10650.55,10680.65,10639.1,10675.7,0
2020-07-16 11:45:00,10676.1,10686.75,10642.95,10650.55,0
2020-07-16 12:15:00,10650.75,10665.3,10631.8,10657.05,0
2020-07-16 12:45:00,10657.4,10671.6,10634.05,10645.3,0
2020-07-16 13:15:00,10645.05,10686.6,10641.35,10677.75,0
2020-07-16 13:45:00,10678.35,10686.95,10645.55,10660.15,0
2020-07-16 14:15:00,10660.7,10684.1,10655.5,10674.85,0
2020-07-16 14:45:00,10674.95,10755.3,10669.15,10746.05,0
2020-07-16 15:15:00,10745.8,10752.15,10723.1,10739.95,0
2020-07-17 09:15:00,10749.65,10817.95,10749.65,10795.85,0
2020-07-17 09:45:00,10796.55,10810.55,10782.65,10808.95,0
2020-07-17 10:15:00,10807.95,10821.55,10797.85,10814.65,0
2020-07-17 10:45:00,10815.05,10816.6,10781.2,10811.85,0
2020-07-17 11:15:00,10811.7,10835.1,10802.6,10813.5,0
2020-07-17 11:45:00,10813.7,10821.15,10801.95,10817.95,0
2020-07-17 12:15:00,10817.75,10834.15,10808.85,10825.4,0
2020-07-17 12:45:00,10825.35,10829.0,10797.75,10802.15,0
2020-07-17 13:15:00,10802.35,10820.5,10781.5,10814.05,0
2020-07-17 13:45:00,10813.2,10848.55,10795.9,10834.8,0
2020-07-17 14:15:00,10834.0,10860.5,10820.85,10857.5,0
2020-07-17 14:45:00,10857.05,10901.5,10852.1,10900.9,0
2020-07-17 15:15:00,10902.3,10933.45,10899.0,10901.7,0
2020-07-20 09:15:00,10978.45,11013.9,10956.9,11002.1,0
2020-07-20 09:45:00,11001.95,11017.35,10993.45,10999.45,0
2020-07-20 10:15:00,11000.0,11017.7,10965.8,10979.55,0
2020-07-20 10:45:00,10979.05,10989.15,10966.85,10981.95,0
2020-07-20 11:15:00,10981.7,10982.4,10963.65,10974.4,0
2020-07-20 11:45:00,10974.1,10997.4,10965.75,10978.95,0
2020-07-20 12:15:00,10979.15,10984.5,10967.75,10980.0,0
2020-07-20 12:45:00,10980.35,11001.35,10975.0,10996.3,0
2020-07-20 13:15:00,10998.45,11010.9,10953.0,10976.3,0
2020-07-20 13:45:00,10978.85,11027.25,10970.5,11021.65,0
2020-07-20 14:15:00,11021.9,11030.6,10989.7,11014.05,0
2020-07-20 14:45:00,11014.7,11035.4,10992.35,11032.2,0
2020-07-20 15:15:00,11032.8,11037.9,11019.45,11022.2,0
2020-07-21 09:15:00,11122.4,11164.45,11121.8,11148.35,0
2020-07-21 09:45:00,11146.9,11153.3,11113.25,11125.0,0
2020-07-21 10:15:00,11125.8,11148.45,11121.8,11145.5,0
2020-07-21 10:45:00,11146.2,11149.65,11130.7,11134.7,0
2020-07-21 11:15:00,11134.4,11148.7,11126.9,11145.7,0
2020-07-21 11:45:00,11146.0,11156.8,11135.1,11152.75,0
2020-07-21 12:15:00,11153.1,11165.15,11144.6,11148.35,0
2020-07-21 12:45:00,11150.25,11179.55,11148.85,11165.35,0
2020-07-21 13:15:00,11165.65,11167.35,11139.85,11153.7,0
2020-07-21 13:45:00,11153.65,11155.65,11135.0,11143.5,0
2020-07-21 14:15:00,11143.75,11178.15,11143.4,11170.15,0
2020-07-21 14:45:00,11170.45,11179.1,11152.6,11164.7,0
2020-07-21 15:15:00,11163.0,11173.1,11154.0,11162.25,0
2020-07-22 09:15:00,11223.25,11223.25,11102.35,11125.65,0
2020-07-22 09:45:00,11126.1,11152.05,11123.7,11141.35,0
2020-07-22 10:15:00,11141.7,11167.3,11131.8,11159.1,0
2020-07-22 10:45:00,11159.55,11176.5,11157.05,11175.95,0
2020-07-22 11:15:00,11176.5,11185.25,11166.6,11173.15,0
2020-07-22 11:45:00,11172.85,11179.5,11150.8,11176.85,0
2020-07-22 12:15:00,11177.5,11186.5,11161.15,11174.15,0
2020-07-22 12:45:00,11174.3,11191.75,11133.6,11138.15,0
2020-07-22 13:15:00,11138.0,11138.0,11087.05,11107.35,0
2020-07-22 13:45:00,11107.75,11133.15,11082.4,11088.85,0
2020-07-22 14:15:00,11088.45,11110.1,11059.4,11060.1,0
2020-07-22 14:45:00,11059.35,11136.1,11056.55,11133.9,0
2020-07-22 15:15:00,11132.25,11154.15,11131.1,11132.6,0
2020-07-23 09:15:00,11127.85,11177.15,11103.15,11172.35,0
2020-07-23 09:45:00,11171.95,11171.95,11144.2,11155.15,0
2020-07-23 10:15:00,11154.95,11176.3,11154.7,11175.05,0
2020-07-23 10:45:00,11174.9,11193.2,11166.3,11192.2,0
2020-07-23 11:15:00,11192.15,11215.35,11178.4,11209.95,0
2020-07-23 11:45:00,11209.75,11214.4,11197.95,11208.9,0
2020-07-23 12:15:00,11209.0,11226.55,11199.2,11206.05,0
2020-07-23 12:45:00,11206.0,11206.8,11188.35,11199.85,0
2020-07-23 13:15:00,11199.9,11219.4,11197.5,11209.55,0
2020-07-23 13:45:00,11210.2,11226.1,11195.35,11217.9,0
2020-07-23 14:15:00,11218.4,11220.6,11175.3,11204.05,0
2020-07-23 14:45:00,11204.1,11217.45,11190.35,11213.1,0
2020-07-23 15:15:00,11212.85,11239.8,11210.55,11215.45,0
2020-07-24 09:15:00,11138.45,11166.15,11123.65,11157.1,0
2020-07-24 09:45:00,11157.25,11170.0,11142.85,11161.7,0
2020-07-24 10:15:00,11161.1,11161.65,11114.75,11115.65,0
2020-07-24 10:45:00,11115.6,11127.9,11090.3,11118.3,0
2020-07-24 11:15:00,11119.1,11147.6,11111.9,11136.95,0
2020-07-24 11:45:00,11138.45,11142.3,11116.25,11129.55,0
2020-07-24 12:15:00,11130.15,11134.3,11106.25,11113.3,0
2020-07-24 12:45:00,11114.2,11130.4,11108.25,11109.55,0
2020-07-24 13:15:00,11109.35,11133.2,11109.35,11131.6,0
2020-07-24 13:45:00,11133.1,11193.6,11129.35,11184.25,0
2020-07-24 14:15:00,11184.2,11225.4,11155.35,11179.4,0
2020-07-24 14:45:00,11179.55,11205.2,11171.85,11202.8,0
2020-07-24 15:15:00,11201.8,11205.6,11189.9,11194.15,0
2020-07-27 09:15:00,11206.75,11213.9,11129.15,11143.15,0
2020-07-27 09:45:00,11142.5,11142.65,11087.85,11113.6,0
2020-07-27 10:15:00,11113.1,11147.45,11105.6,11130.45,0
2020-07-27 10:45:00,11129.85,11149.55,11127.55,11129.7,0
2020-07-27 11:15:00,11129.45,11136.8,11114.55,11127.55,0
2020-07-27 11:45:00,11127.6,11162.1,11124.4,11153.55,0
2020-07-27 12:15:00,11153.35,11174.85,11147.9,11162.2,0
2020-07-27 12:45:00,11160.05,11172.85,11150.0,11167.5,0
2020-07-27 13:15:00,11167.15,11179.35,11124.45,11176.5,0
2020-07-27 13:45:00,11177.1,11183.8,11143.6,11160.1,0
2020-07-27 14:15:00,11159.05,11167.8,11132.15,11167.8,0
2020-07-27 14:45:00,11168.6,11180.55,11122.95,11127.5,0
2020-07-27 15:15:00,11126.2,11132.95,11113.15,11131.8,0
2020-07-28 09:15:00,11151.4,11223.05,11151.4,11200.05,0
2020-07-28 09:45:00,11203.8,11206.15,11171.2,11172.2,0
2020-07-28 10:15:00,11172.0,11185.4,11157.25,11175.4,0
2020-07-28 10:45:00,11175.1,11202.05,11173.65,11186.7,0
2020-07-28 11:15:00,11186.85,11199.35,11184.6,11190.5,0
2020-07-28 11:45:00,11190.2,11237.65,11189.35,11235.55,0
2020-07-28 12:15:00,11236.2,11254.7,11224.1,11241.45,0
2020-07-28 12:45:00,11240.9,11265.0,11235.9,11240.05,0
2020-07-28 13:15:00,11239.5,11256.95,11234.15,11248.55,0
2020-07-28 13:45:00,11248.25,11270.75,11224.6,11254.65,0
2020-07-28 14:15:00,11253.95,11295.55,11253.6,11284.05,0
2020-07-28 14:45:00,11285.2,11317.75,11277.05,11301.9,0
2020-07-28 15:15:00,11301.7,11311.05,11284.9,11300.55,0
2020-07-29 09:15:00,11289.75,11341.4,11262.65,11277.2,0
2020-07-29 09:45:00,11276.95,11305.55,11269.0,11281.45,0
2020-07-29 10:15:00,11282.35,11287.1,11244.85,11262.75,0
2020-07-29 10:45:00,11263.2,11283.05,11254.55,11261.1,0
2020-07-29 11:15:00,11261.0,11302.15,11259.35,11300.6,0
2020-07-29 11:45:00,11299.7,11308.4,11281.6,11281.75,0
2020-07-29 12:15:00,11282.25,11295.35,11271.3,11278.2,0
2020-07-29 12:45:00,11277.4,11285.65,11255.95,11281.0,0
2020-07-29 13:15:00,11280.7,11293.1,11249.4,11259.35,0
2020-07-29 13:45:00,11258.9,11268.95,11198.15,11204.25,0
2020-07-29 14:15:00,11204.35,11235.55,11175.65,11180.2,0
2020-07-29 14:45:00,11180.05,11224.6,11149.75,11206.35,0
2020-07-29 15:15:00,11206.8,11213.8,11182.2,11202.85,0
2020-07-30 09:15:00,11248.2,11281.4,11245.45,11266.9,0
2020-07-30 09:45:00,11267.05,11278.5,11262.5,11277.75,0
2020-07-30 10:15:00,11278.8,11298.25,11273.8,11295.05,0
2020-07-30 10:45:00,11295.1,11299.95,11273.35,11290.75,0
2020-07-30 11:15:00,11290.95,11295.65,11273.0,11283.1,0
2020-07-30 11:45:00,11283.45,11288.2,11261.0,11279.85,0
2020-07-30 12:15:00,11279.8,11282.9,11239.2,11249.35,0
2020-07-30 12:45:00,11249.2,11249.45,11173.0,11184.25,0
2020-07-30 13:15:00,11183.8,11200.65,11164.05,11190.25,0
2020-07-30 13:45:00,11190.75,11192.95,11122.9,11128.4,0
2020-07-30 14:15:00,11126.1,11132.3,11089.55,11125.35,0
2020-07-30 14:45:00,11124.65,11154.9,11095.95,11107.6,0
2020-07-30 15:15:00,11107.9,11110.25,11084.95,11102.15,0
2020-07-31 09:15:00,11129.65,11143.2,11049.2,11130.7,0
2020-07-31 09:45:00,11131.0,11150.4,11067.45,11083.4,0
2020-07-31 10:15:00,11083.75,11130.5,11076.25,11115.75,0
2020-07-31 10:45:00,11115.9,11125.35,11086.0,11096.0,0
2020-07-31 11:15:00,11096.8,11105.3,11063.8,11066.5,0
2020-07-31 11:45:00,11066.25,11103.4,11059.8,11093.45,0
2020-07-31 12:15:00,11094.4,11112.6,11066.7,11066.7,0
2020-07-31 12:45:00,11068.15,11093.7,11055.95,11080.6,0
2020-07-31 13:15:00,11081.0,11083.15,11026.65,11034.55,0
2020-07-31 13:45:00,11035.1,11102.15,11030.7,11093.85,0
2020-07-31 14:15:00,11094.0,11103.0,11057.6,11063.4,0
2020-07-31 14:45:00,11064.05,11079.7,11040.35,11070.15,0
2020-07-31 15:15:00,11070.95,11090.5,11061.5,11073.45,0
2020-08-03 09:15:00,11047.5,11047.5,10983.85,10992.3,0
2020-08-03 09:45:00,10992.55,10992.8,10948.95,10952.45,0
2020-08-03 10:15:00,10952.4,10982.1,10950.25,10967.1,0
2020-08-03 10:45:00,10966.8,10978.45,10960.35,10965.8,0
2020-08-03 11:15:00,10964.95,10985.8,10955.9,10984.55,0
2020-08-03 11:45:00,10985.0,10990.35,10959.5,10966.9,0
2020-08-03 12:15:00,10966.55,10968.25,10911.8,10925.6,0
2020-08-03 12:45:00,10925.35,10939.3,10908.8,10925.3,0
2020-08-03 13:15:00,10925.8,10942.9,10921.55,10936.35,0
2020-08-03 13:45:00,10937.15,10940.75,10887.85,10911.35,0
2020-08-03 14:15:00,10911.65,10924.95,10897.8,10900.25,0
2020-08-03 14:45:00,10898.65,10913.9,10882.25,10892.65,0
2020-08-03 15:15:00,10893.6,10901.45,10886.0,10891.6,0
2020-08-04 09:15:00,10943.05,10972.4,10908.1,10947.35,0
2020-08-04 09:45:00,10946.8,10993.05,10946.25,10989.75,0
2020-08-04 10:15:00,10989.85,11029.65,10979.0,11017.9,0
2020-08-04 10:45:00,11018.45,11037.6,11004.8,11005.9,0
2020-08-04 11:15:00,11006.55,11049.5,11004.95,11046.95,0
2020-08-04 11:45:00,11046.75,11067.2,11036.2,11064.15,0
2020-08-04 12:15:00,11064.8,11065.2,11044.4,11045.05,0
2020-08-04 12:45:00,11045.25,11064.2,11026.15,11055.85,0
2020-08-04 13:15:00,11056.2,11071.05,11034.55,11036.1,0
2020-08-04 13:45:00,11037.45,11060.75,11037.3,11051.6,0
2020-08-04 14:15:00,11051.35,11096.9,11050.8,11094.55,0
2020-08-04 14:45:00,11094.0,11104.8,11080.4,11096.4,0
2020-08-04 15:15:00,11095.25,11112.25,11092.0,11095.25,0
2020-08-05 09:15:00,11147.9,11209.2,11144.5,11196.55,0
2020-08-05 09:45:00,11199.5,11222.05,11190.45,11212.6,0
2020-08-05 10:15:00,11213.45,11225.65,11184.5,11196.45,0
2020-08-05 10:45:00,11195.85,11197.0,11172.05,11190.8,0
2020-08-05 11:15:00,11191.4,11191.8,11127.4,11133.15,0
2020-08-05 11:45:00,11130.6,11133.85,11064.05,11119.4,0
2020-08-05 12:15:00,11119.7,11145.2,11108.85,11136.15,0
2020-08-05 12:45:00,11135.65,11144.9,11105.2,11117.7,0
2020-08-05 13:15:00,11118.55,11129.9,11094.15,11105.85,0
2020-08-05 13:45:00,11105.65,11113.45,11069.85,11104.65,0
2020-08-05 14:15:00,11105.15,11134.8,11102.0,11112.35,0
2020-08-05 14:45:00,11111.4,11112.6,11082.65,11103.9,0
2020-08-05 15:15:00,11104.3,11122.9,11096.55,11101.65,0
2020-08-06 09:15:00,11164.1,11176.05,11127.3,11165.7,0
2020-08-06 09:45:00,11166.85,11174.65,11152.15,11164.95,0
2020-08-06 10:15:00,11165.05,11191.75,11164.25,11177.85,0
2020-08-06 10:45:00,11178.05,11185.65,11151.7,11164.7,0
2020-08-06 11:15:00,11164.85,11182.5,11163.35,11168.6,0
2020-08-06 11:45:00,11168.65,11204.5,11139.3,11161.8,0
2020-08-06 12:15:00,11162.1,11229.25,11159.9,11204.05,0
2020-08-06 12:45:00,11203.6,11256.8,11203.6,11251.05,0
2020-08-06 13:15:00,11252.05,11254.6,11218.7,11219.3,0
2020-08-06 13:45:00,11218.8,11226.2,11196.95,11208.6,0
2020-08-06 14:15:00,11208.1,11208.5,11130.45,11178.85,0
2020-08-06 14:45:00,11178.75,11207.25,11164.35,11200.45,0
2020-08-06 15:15:00,11201.05,11210.2,11191.95,11200.15,0
2020-08-07 09:15:00,11169.1,11208.15,11142.05,11195.6,0
2020-08-07 09:45:00,11195.4,11213.8,11184.7,11202.15,0
2020-08-07 10:15:00,11201.2,11202.9,11174.45,11177.2,0
2020-08-07 10:45:00,11178.2,11189.7,11168.2,11181.75,0
2020-08-07 11:15:00,11181.85,11196.1,11173.7,11182.25,0
2020-08-07 11:45:00,11181.5,11211.3,11178.65,11194.3,0
2020-08-07 12:15:00,11193.6,11207.1,11170.3,11185.55,0
2020-08-07 12:45:00,11185.6,11208.05,11181.45,11195.6,0
2020-08-07 13:15:00,11194.7,11200.65,11178.15,11193.25,0
2020-08-07 13:45:00,11192.75,11205.6,11187.6,11197.6,0
2020-08-07 14:15:00,11198.05,11231.9,11186.05,11223.9,0
2020-08-07 14:45:00,11222.8,11229.25,11204.05,11213.45,0
2020-08-07 15:15:00,11214.15,11220.2,11204.95,11214.05,0
2020-08-10 09:15:00,11261.2,11326.5,11261.1,11320.0,0
2020-08-10 09:45:00,11320.3,11323.1,11298.6,11308.1,0
2020-08-10 10:15:00,11308.15,11314.45,11290.85,11309.6,0
2020-08-10 10:45:00,11310.25,11327.6,11308.1,11324.55,0
2020-08-10 11:15:00,11324.2,11337.3,11323.85,11330.8,0
2020-08-10 11:45:00,11330.5,11336.6,11309.05,11314.45,0
2020-08-10 12:15:00,11314.55,11319.45,11291.35,11310.2,0
2020-08-10 12:45:00,11309.65,11323.0,11303.4,11308.4,0
2020-08-10 13:15:00,11308.65,11319.9,11295.45,11300.15,0
2020-08-10 13:45:00,11299.95,11306.15,11238.0,11255.75,0
2020-08-10 14:15:00,11255.2,11280.9,11251.85,11276.95,0
2020-08-10 14:45:00,11277.35,11296.65,11264.35,11268.35,0
2020-08-10 15:15:00,11267.8,11277.55,11261.05,11270.15,0
2020-08-11 09:15:00,11320.05,11373.6,11320.05,11365.35,0
2020-08-11 09:45:00,11365.15,11366.6,11332.35,11344.6,0
2020-08-11 10:15:00,11344.65,11366.1,11341.45,11357.7,0
2020-08-11 10:45:00,11357.8,11359.1,11322.65,11325.85,0
2020-08-11 11:15:00,11325.2,11337.55,11310.0,11334.1,0
2020-08-11 11:45:00,11333.85,11334.2,11307.8,11320.05,0
2020-08-11 12:15:00,11320.6,11325.25,11299.15,11325.25,0
2020-08-11 12:45:00,11328.1,11356.5,11327.0,11352.55,0
2020-08-11 13:15:00,11352.35,11364.85,11342.0,11346.15,0
2020-08-11 13:45:00,11345.95,11360.95,11337.65,11353.25,0
2020-08-11 14:15:00,11353.15,11361.1,11340.85,11350.85,0
2020-08-11 14:45:00,11352.05,11359.0,11313.3,11323.2,0
2020-08-11 15:15:00,11323.15,11332.3,11311.3,11322.5,0
2020-08-12 09:15:00,11268.4,11283.05,11242.65,11281.7,0
2020-08-12 09:45:00,11282.55,11285.35,11264.75,11271.05,0
2020-08-12 10:15:00,11270.95,11282.3,11260.2,11272.0,0
2020-08-12 10:45:00,11271.1,11302.25,11265.0,11293.05,0
2020-08-12 11:15:00,11294.05,11303.25,11281.55,11294.5,0
2020-08-12 11:45:00,11294.3,11307.6,11286.65,11289.8,0
2020-08-12 12:15:00,11289.65,11313.45,11288.85,11302.4,0
2020-08-12 12:45:00,11301.0,11319.35,11301.0,11312.9,0
2020-08-12 13:15:00,11313.05,11317.15,11286.8,11292.55,0
2020-08-12 13:45:00,11291.95,11315.6,11277.5,11305.9,0
2020-08-12 14:15:00,11306.35,11322.0,11299.55,11315.1,0
2020-08-12 14:45:00,11314.3,11317.45,11306.3,11310.05,0
2020-08-12 15:15:00,11309.75,11313.6,11299.9,11308.4,0
2020-08-13 09:15:00,11329.35,11359.3,11321.0,11355.85,0
2020-08-13 09:45:00,11355.15,11358.65,11333.3,11337.2,0
2020-08-13 10:15:00,11337.35,11352.0,11327.9,11347.85,0
2020-08-13 10:45:00,11348.1,11355.5,11334.5,11347.75,0
2020-08-13 11:15:00,11348.2,11354.6,11295.1,11307.15,0
2020-08-13 11:45:00,11305.7,11318.0,11298.7,11300.8,0
2020-08-13 12:15:00,11301.05,11305.15,11269.95,11298.95,0
2020-08-13 12:45:00,11299.35,11309.45,11283.4,11304.75,0
2020-08-13 13:15:00,11305.1,11313.9,11287.15,11308.35,0
2020-08-13 13:45:00,11308.3,11323.95,11299.35,11306.8,0
2020-08-13 14:15:00,11306.85,11315.1,11284.85,11291.1,0
2020-08-13 14:45:00,11291.9,11310.05,11284.3,11297.65,0
2020-08-13 15:15:00,11297.75,11314.55,11293.8,11300.45,0
2020-08-14 09:15:00,11342.7,11361.4,11329.05,11345.05,0
2020-08-14 09:45:00,11344.45,11356.5,11335.3,11345.85,0
2020-08-14 10:15:00,11344.85,11347.5,11315.25,11319.3,0
2020-08-14 10:45:00,11319.4,11330.85,11311.25,11324.7,0
2020-08-14 11:15:00,11324.75,11335.35,11321.55,11333.55,0
2020-08-14 11:45:00,11334.0,11359.7,11329.0,11355.25,0
2020-08-14 12:15:00,11356.25,11366.25,11342.4,11345.45,0
2020-08-14 12:45:00,11344.7,11345.05,11324.9,11326.55,0
2020-08-14 13:15:00,11326.65,11326.9,11261.1,11277.6,0
2020-08-14 13:45:00,11277.55,11277.55,11173.45,11188.35,0
2020-08-14 14:15:00,11187.75,11187.75,11111.45,11162.8,0
2020-08-14 14:45:00,11162.5,11191.8,11152.4,11178.0,0
2020-08-14 15:15:00,11179.15,11197.2,11172.05,11178.4,0
2020-08-17 09:15:00,11238.95,11242.65,11156.45,11167.4,0
2020-08-17 09:45:00,11166.35,11209.9,11144.5,11200.65,0
2020-08-17 10:15:00,11201.05,11231.45,11197.45,11226.15,0
2020-08-17 10:45:00,11226.95,11229.45,11197.35,11203.6,0
2020-08-17 11:15:00,11203.2,11212.65,11187.55,11188.75,0
2020-08-17 11:45:00,11188.5,11219.25,11185.65,11216.65,0
2020-08-17 12:15:00,11217.0,11226.2,11203.05,11206.2,0
2020-08-17 12:45:00,11206.35,11219.9,11191.9,11212.75,0
2020-08-17 13:15:00,11213.2,11219.7,11198.95,11210.6,0
2020-08-17 13:45:00,11210.35,11240.45,11189.35,11199.4,0
2020-08-17 14:15:00,11199.25,11227.75,11183.0,11216.55,0
2020-08-17 14:45:00,11216.7,11255.75,11210.55,11241.7,0
2020-08-17 15:15:00,11242.25,11267.1,11239.85,11247.1,0
2020-08-18 09:15:00,11256.7,11320.6,11253.15,11320.3,0
2020-08-18 09:45:00,11320.05,11322.5,11303.95,11317.65,0
2020-08-18 10:15:00,11317.8,11340.65,11317.8,11337.5,0
2020-08-18 10:45:00,11337.6,11339.4,11316.05,11318.1,0
2020-08-18 11:15:00,11318.15,11327.85,11304.95,11313.55,0
2020-08-18 11:45:00,11314.4,11318.25,11291.45,11306.45,0
2020-08-18 12:15:00,11306.4,11323.8,11305.8,11315.45,0
2020-08-18 12:45:00,11315.3,11333.95,11310.8,11320.05,0
2020-08-18 13:15:00,11319.75,11339.0,11314.05,11328.5,0
2020-08-18 13:45:00,11328.75,11382.75,11328.7,11366.05,0
2020-08-18 14:15:00,11365.9,11389.45,11365.9,11378.2,0
2020-08-18 14:45:00,11377.75,11401.7,11376.3,11383.5,0
2020-08-18 15:15:00,11382.4,11394.9,11378.1,11385.35,0
2020-08-19 09:15:00,11440.05,11460.35,11431.55,11446.1,0
2020-08-19 09:45:00,11445.9,11447.25,11419.7,11431.65,0
2020-08-19 10:15:00,11431.7,11441.75,11423.35,11437.25,0
2020-08-19 10:45:00,11438.05,11444.25,11419.5,11419.5,0
2020-08-19 11:15:00,11420.65,11432.1,11404.6,11425.9,0
2020-08-19 11:45:00,11425.75,11438.25,11425.0,11426.7,0
2020-08-19 12:15:00,11427.0,11445.05,11424.95,11437.0,0
2020-08-19 12:45:00,11437.2,11441.1,11426.55,11436.15,0
2020-08-19 13:15:00,11435.85,11442.25,11413.8,11427.7,0
2020-08-19 13:45:00,11427.6,11454.7,11427.25,11445.2,0
2020-08-19 14:15:00,11445.35,11448.0,11422.6,11425.3,0
2020-08-19 14:45:00,11424.95,11442.1,11394.1,11403.9,0
2020-08-19 15:15:00,11403.1,11421.9,11397.0,11408.4,0
2020-08-20 09:15:00,11311.65,11339.55,11294.15,11336.15,0
2020-08-20 09:45:00,11336.05,11340.8,11324.7,11331.2,0
2020-08-20 10:15:00,11331.6,11353.55,11329.15,11344.45,0
2020-08-20 10:45:00,11344.2,11345.05,11329.5,11333.15,0
2020-08-20 11:15:00,11332.7,11345.2,11328.75,11338.1,0
2020-08-20 11:45:00,11337.95,11344.9,11334.05,11336.9,0
2020-08-20 12:15:00,11336.85,11344.25,11292.15,11304.5,0
2020-08-20 12:45:00,11304.1,11337.35,11302.0,11332.1,0
2020-08-20 13:15:00,11330.95,11361.45,11319.45,11319.65,0
2020-08-20 13:45:00,11318.8,11322.7,11289.8,11310.5,0
2020-08-20 14:15:00,11310.55,11325.3,11303.35,11323.85,0
2020-08-20 14:45:00,11324.1,11333.95,11307.9,11310.4,0
2020-08-20 15:15:00,11309.05,11319.8,11300.95,11312.2,0
2020-08-21 09:15:00,11398.25,11418.5,11386.3,11413.05,0
2020-08-21 09:45:00,11413.0,11416.1,11383.1,11385.1,0
2020-08-21 10:15:00,11384.75,11398.0,11384.3,11393.75,0
2020-08-21 10:45:00,11395.1,11397.8,11383.7,11390.65,0
2020-08-21 11:15:00,11390.55,11399.1,11375.65,11379.75,0
2020-08-21 11:45:00,11379.45,11398.3,11379.05,11396.25,0
2020-08-21 12:15:00,11396.8,11407.85,11394.45,11401.25,0
2020-08-21 12:45:00,11399.45,11403.25,11388.85,11395.65,0
2020-08-21 13:15:00,11395.2,11415.45,11390.7,11398.05,0
2020-08-21 13:45:00,11398.7,11406.15,11389.6,11400.4,0
2020-08-21 14:15:00,11400.15,11404.4,11388.6,11394.65,0
2020-08-21 14:45:00,11393.45,11398.55,11362.2,11369.05,0
2020-08-21 15:15:00,11368.15,11386.8,11366.65,11371.6,0
2020-08-24 09:15:00,11410.65,11443.25,11410.65,11439.75,0
2020-08-24 09:45:00,11440.0,11450.35,11435.15,11444.2,0
2020-08-24 10:15:00,11444.65,11448.1,11431.25,11439.15,0
2020-08-24 10:45:00,11439.45,11441.7,11430.7,11430.8,0
2020-08-24 11:15:00,11430.9,11435.8,11422.7,11434.6,0
2020-08-24 11:45:00,11434.45,11452.1,11430.2,11449.05,0
2020-08-24 12:15:00,11449.25,11480.6,11448.35,11475.3,0
2020-08-24 12:45:00,11475.95,11486.75,11470.55,11478.55,0
2020-08-24 13:15:00,11478.9,11483.55,11465.1,11470.2,0
2020-08-24 13:45:00,11470.1,11485.9,11464.8,11475.3,0
2020-08-24 14:15:00,11475.55,11497.25,11470.85,11475.75,0
2020-08-24 14:45:00,11476.15,11481.85,11460.15,11467.3,0
2020-08-24 15:15:00,11467.6,11473.7,11452.4,11466.45,0
2020-08-25 09:15:00,11507.05,11525.9,11488.8,11506.0,0
2020-08-25 09:45:00,11506.1,11506.1,11480.55,11498.0,0
2020-08-25 10:15:00,11498.3,11499.1,11439.1,11460.6,0
2020-08-25 10:45:00,11461.1,11472.1,11432.75,11465.3,0
2020-08-25 11:15:00,11464.5,11471.15,11455.25,11470.15,0
2020-08-25 11:45:00,11469.95,11487.55,11468.95,11483.7,0
2020-08-25 12:15:00,11483.75,11485.55,11461.65,11472.75,0
2020-08-25 12:45:00,11473.0,11477.65,11467.05,11475.7,0
2020-08-25 13:15:00,11475.85,11495.3,11473.9,11479.25,0
2020-08-25 13:45:00,11479.7,11484.5,11436.85,11439.45,0
2020-08-25 14:15:00,11438.8,11456.9,11423.35,11450.25,0
2020-08-25 14:45:00,11450.05,11476.6,11448.5,11470.35,0
2020-08-25 15:15:00,11470.0,11487.0,11469.75,11472.25,0
2020-08-26 09:15:00,11507.7,11509.85,11479.7,11494.45,0
2020-08-26 09:45:00,11493.5,11502.0,11461.85,11465.65,0
2020-08-26 10:15:00,11464.95,11489.2,11463.1,11481.6,0
2020-08-26 10:45:00,11480.85,11493.8,11476.8,11482.45,0
2020-08-26 11:15:00,11482.5,11489.3,11464.05,11480.7,0
2020-08-26 11:45:00,11480.55,11488.05,11467.1,11477.75,0
2020-08-26 12:15:00,11477.25,11488.55,11466.65,11485.7,0
2020-08-26 12:45:00,11485.45,11499.65,11481.9,11493.7,0
2020-08-26 13:15:00,11493.6,11504.5,11481.35,11488.8,0
2020-08-26 13:45:00,11488.25,11523.95,11488.25,11509.7,0
2020-08-26 14:15:00,11509.8,11547.2,11507.1,11541.65,0
2020-08-26 14:45:00,11541.55,11556.6,11530.95,11551.25,0
2020-08-26 15:15:00,11551.05,11561.75,11548.15,11549.6,0
2020-08-27 09:15:00,11592.9,11617.35,11588.1,11591.95,0
2020-08-27 09:45:00,11591.0,11601.4,11585.75,11596.7,0
2020-08-27 10:15:00,11597.1,11603.75,11589.35,11593.3,0
2020-08-27 10:45:00,11592.6,11609.65,11583.15,11596.2,0
2020-08-27 11:15:00,11595.85,11605.4,11595.6,11600.3,0
2020-08-27 11:45:00,11599.05,11607.4,11590.2,11601.9,0
2020-08-27 12:15:00,11601.8,11612.15,11592.0,11596.6,0
2020-08-27 12:45:00,11597.35,11603.7,11577.05,11581.4,0
2020-08-27 13:15:00,11581.15,11588.9,11562.75,11565.95,0
2020-08-27 13:45:00,11566.05,11587.35,11558.35,11580.0,0
2020-08-27 14:15:00,11579.25,11580.5,11561.45,11575.2,0
2020-08-27 14:45:00,11575.1,11582.25,11540.6,11555.6,0
2020-08-27 15:15:00,11555.95,11574.0,11550.25,11559.25,0
2020-08-28 09:15:00,11600.3,11634.55,11589.4,11626.05,0
2020-08-28 09:45:00,11625.95,11629.9,11601.25,11603.75,0
2020-08-28 10:15:00,11604.8,11632.7,11594.75,11615.4,0
2020-08-28 10:45:00,11615.15,11637.95,11613.05,11635.2,0
2020-08-28 11:15:00,11635.95,11680.85,11635.95,11675.9,0
2020-08-28 11:45:00,11678.1,11686.05,11658.95,11662.25,0
2020-08-28 12:15:00,11662.3,11663.5,11637.6,11640.2,0
2020-08-28 12:45:00,11640.5,11651.75,11618.55,11632.6,0
2020-08-28 13:15:00,11632.4,11652.2,11624.15,11649.1,0
2020-08-28 13:45:00,11648.95,11658.4,11641.7,11654.15,0
2020-08-28 14:15:00,11654.4,11671.65,11651.15,11660.3,0
2020-08-28 14:45:00,11660.45,11677.55,11641.2,11643.7,0
2020-08-28 15:15:00,11643.15,11658.55,11633.5,11647.6,0
2020-08-31 09:15:00,11754.45,11794.25,11734.95,11777.25,0
2020-08-31 09:45:00,11778.25,11778.25,11740.6,11753.05,0
2020-08-31 10:15:00,11751.9,11752.75,11714.15,11715.65,0
2020-08-31 10:45:00,11714.6,11715.15,11650.55,11654.75,0
2020-08-31 11:15:00,11655.55,11669.25,11548.05,11548.95,0
2020-08-31 11:45:00,11548.4,11598.15,11528.95,11578.7,0
2020-08-31 12:15:00,11577.8,11602.0,11562.55,11581.05,0
2020-08-31 12:45:00,11580.95,11584.4,11504.7,11511.05,0
2020-08-31 13:15:00,11511.6,11511.65,11409.1,11420.05,0
2020-08-31 13:45:00,11419.7,11467.35,11407.85,11430.4,0
2020-08-31 14:15:00,11431.3,11431.3,11328.25,11332.3,0
2020-08-31 14:45:00,11331.55,11415.45,11325.85,11402.4,0
2020-08-31 15:15:00,11403.25,11428.15,11334.1,11387.5,0
2020-09-01 09:15:00,11430.65,11510.0,11370.1,11482.1,0
2020-09-01 09:45:00,11481.35,11494.85,11366.9,11444.4,0
2020-09-01 10:15:00,11446.65,11452.95,11412.45,11436.25,0
2020-09-01 10:45:00,11436.3,11464.9,11405.9,11412.2,0
2020-09-01 11:15:00,11410.7,11495.95,11391.1,11476.85,0
2020-09-01 11:45:00,11476.6,11483.9,11432.1,11467.4,0
2020-09-01 12:15:00,11467.1,11496.45,11435.6,11480.85,0
2020-09-01 12:45:00,11482.25,11553.55,11482.25,11537.65,0
2020-09-01 13:15:00,11538.4,11547.8,11495.65,11495.65,0
2020-09-01 13:45:00,11496.25,11501.0,11452.45,11486.1,0
2020-09-01 14:15:00,11485.9,11492.6,11400.1,11440.65,0
2020-09-01 14:45:00,11440.1,11477.4,11432.95,11477.4,0
2020-09-01 15:15:00,11478.65,11496.1,11468.1,11470.25,0
2020-09-02 09:15:00,11477.2,11515.65,11449.3,11495.15,0
2020-09-02 09:45:00,11495.6,11520.45,11465.55,11471.05,0
2020-09-02 10:15:00,11470.75,11480.4,11430.4,11453.1,0
2020-09-02 10:45:00,11453.2,11472.7,11446.2,11468.55,0
2020-09-02 11:15:00,11468.7,11491.75,11460.85,11485.3,0
2020-09-02 11:45:00,11485.55,11495.9,11465.0,11474.75,0
2020-09-02 12:15:00,11474.4,11475.4,11441.6,11467.85,0
2020-09-02 12:45:00,11467.1,11475.8,11444.35,11472.8,0
2020-09-02 13:15:00,11473.0,11480.1,11451.1,11475.8,0
2020-09-02 13:45:00,11475.1,11506.05,11464.65,11506.05,0
2020-09-02 14:15:00,11507.65,11544.7,11507.65,11525.35,0
2020-09-02 14:45:00,11525.05,11549.25,11511.6,11529.8,0
2020-09-02 15:15:00,11526.9,11554.75,11524.55,11535.0,0
2020-09-03 09:15:00,11553.8,11584.95,11534.95,11555.5,0
2020-09-03 09:45:00,11555.4,11568.75,11545.1,11561.15,0
2020-09-03 10:15:00,11560.9,11572.7,11547.6,11555.45,0
2020-09-03 10:45:00,11556.0,11570.15,11551.4,11557.25,0
2020-09-03 11:15:00,11556.9,11561.6,11514.8,11523.7,0
2020-09-03 11:45:00,11523.5,11543.85,11516.25,11519.5,0
2020-09-03 12:15:00,11520.25,11544.15,11507.65,11540.15,0
2020-09-03 12:45:00,11540.7,11570.7,11533.55,11552.55,0
2020-09-03 13:15:00,11553.0,11567.15,11538.75,11556.25,0
2020-09-03 13:45:00,11556.35,11560.75,11537.15,11541.65,0
2020-09-03 14:15:00,11541.85,11566.15,11534.0,11548.5,0
2020-09-03 14:45:00,11548.75,11554.2,11517.6,11525.95,0
2020-09-03 15:15:00,11525.5,11536.7,11516.05,11527.45,0
2020-09-04 09:15:00,11350.45,11381.4,11332.85,11378.15,0
2020-09-04 09:45:00,11380.1,11409.8,11379.5,11402.95,0
2020-09-04 10:15:00,11403.1,11410.15,11375.25,11387.8,0
2020-09-04 10:45:00,11387.4,11409.85,11384.0,11404.4,0
2020-09-04 11:15:00,11405.1,11416.05,11391.7,11403.1,0
2020-09-04 11:45:00,11403.3,11407.85,11390.3,11398.85,0
2020-09-04 12:15:00,11398.25,11419.15,11385.25,11399.5,0
2020-09-04 12:45:00,11399.7,11443.5,11399.25,11435.5,0
2020-09-04 13:15:00,11435.45,11452.05,11414.4,11419.3,0
2020-09-04 13:45:00,11419.6,11431.55,11390.65,11394.65,0
2020-09-04 14:15:00,11394.3,11410.65,11323.75,11335.65,0
2020-09-04 14:45:00,11335.1,11343.55,11303.65,11343.25,0
2020-09-04 15:15:00,11344.4,11358.55,11331.2,11333.85,0
2020-09-07 09:15:00,11342.45,11373.3,11260.9,11260.9,0
2020-09-07 09:45:00,11259.45,11325.5,11251.7,11314.65,0
2020-09-07 10:15:00,11315.35,11320.9,11290.55,11307.5,0
2020-09-07 10:45:00,11306.5,11322.95,11292.7,11320.7,0
2020-09-07 11:15:00,11320.75,11352.5,11318.75,11333.65,0
2020-09-07 11:45:00,11334.65,11339.35,11309.9,11322.3,0
2020-09-07 12:15:00,11322.85,11334.65,11312.9,11319.15,0
2020-09-07 12:45:00,11319.05,11334.75,11302.55,11334.6,0
2020-09-07 13:15:00,11334.35,11350.8,11317.9,11331.15,0
2020-09-07 13:45:00,11331.6,11365.8,11325.65,11344.2,0
2020-09-07 14:15:00,11344.95,11348.05,11279.2,11296.0,0
2020-09-07 14:45:00,11296.05,11357.3,11290.05,11356.55,0
2020-09-07 15:15:00,11358.05,11381.15,11355.05,11355.05,0
2020-09-08 09:15:00,11367.6,11370.0,11328.75,11369.05,0
2020-09-08 09:45:00,11369.3,11386.2,11358.65,11383.9,0
2020-09-08 10:15:00,11383.75,11427.1,11380.9,11419.35,0
2020-09-08 10:45:00,11419.3,11432.4,11401.3,11406.4,0
2020-09-08 11:15:00,11407.45,11420.0,11394.25,11416.8,0
2020-09-08 11:45:00,11416.5,11428.4,11401.6,11411.4,0
2020-09-08 12:15:00,11412.1,11437.05,11411.75,11429.6,0
2020-09-08 12:45:00,11429.5,11437.25,11409.4,11411.8,0
2020-09-08 13:15:00,11412.2,11425.75,11396.6,11404.35,0
2020-09-08 13:45:00,11403.35,11418.5,11379.6,11411.7,0
2020-09-08 14:15:00,11411.45,11412.1,11350.15,11369.05,0
2020-09-08 14:45:00,11370.4,11374.6,11307.8,11325.4,0
2020-09-08 15:15:00,11325.6,11331.15,11290.45,11317.35,0
2020-09-09 09:15:00,11213.3,11281.75,11207.5,11266.4,0
2020-09-09 09:45:00,11266.3,11269.8,11221.25,11240.5,0
2020-09-09 10:15:00,11240.7,11253.75,11221.85,11250.65,0
2020-09-09 10:45:00,11250.85,11259.3,11237.3,11238.6,0
2020-09-09 11:15:00,11237.85,11248.15,11220.5,11222.85,0
2020-09-09 11:45:00,11222.5,11231.8,11185.15,11196.8,0
2020-09-09 12:15:00,11197.05,11231.9,11195.75,11227.85,0
2020-09-09 12:45:00,11227.7,11241.7,11206.7,11240.65,0
2020-09-09 13:15:00,11239.35,11261.1,11229.65,11247.15,0
2020-09-09 13:45:00,11245.9,11263.5,11225.65,11233.25,0
2020-09-09 14:15:00,11233.75,11278.55,11219.25,11271.15,0
2020-09-09 14:45:00,11271.35,11287.7,11245.1,11280.75,0
2020-09-09 15:15:00,11281.5,11298.15,11276.05,11278.0,0
2020-09-10 09:15:00,11355.0,11363.15,11327.4,11352.35,0
2020-09-10 09:45:00,11350.0,11360.5,11343.55,11360.1,0
2020-09-10 10:15:00,11359.25,11389.15,11353.5,11388.3,0
2020-09-10 10:45:00,11387.9,11407.8,11384.05,11404.7,0
2020-09-10 11:15:00,11405.0,11419.15,11394.7,11412.55,0
2020-09-10 11:45:00,11412.6,11424.0,11398.2,11410.25,0
2020-09-10 12:15:00,11410.2,11446.25,11401.55,11438.55,0
2020-09-10 12:45:00,11438.0,11438.0,11385.05,11399.15,0
2020-09-10 13:15:00,11396.0,11403.35,11362.85,11392.05,0
2020-09-10 13:45:00,11392.55,11397.9,11363.95,11385.35,0
2020-09-10 14:15:00,11384.9,11430.05,11381.25,11422.75,0
2020-09-10 14:45:00,11422.95,11454.85,11409.3,11452.55,0
2020-09-10 15:15:00,11451.35,11464.05,11446.8,11449.25,0
2020-09-11 09:15:00,11435.6,11493.5,11423.9,11449.65,0
2020-09-11 09:45:00,11449.2,11464.3,11428.15,11457.65,0
2020-09-11 10:15:00,11457.8,11465.75,11441.35,11460.55,0
2020-09-11 10:45:00,11460.25,11479.95,11449.05,11457.65,0
2020-09-11 11:15:00,11457.85,11465.35,11438.2,11441.15,0
2020-09-11 11:45:00,11441.55,11459.55,11433.0,11454.95,0
2020-09-11 12:15:00,11455.6,11466.45,11449.85,11461.7,0
2020-09-11 12:45:00,11462.3,11471.95,11422.75,11429.7,0
2020-09-11 13:15:00,11429.3,11449.4,11421.45,11446.7,0
2020-09-11 13:45:00,11446.45,11460.3,11419.9,11459.75,0
2020-09-11 14:15:00,11460.1,11470.05,11437.0,11446.75,0
2020-09-11 14:45:00,11447.45,11478.5,11446.85,11470.45,0
2020-09-11 15:15:00,11470.5,11471.0,11453.35,11464.45,0
2020-09-14 09:15:00,11534.45,11563.35,11528.55,11540.85,0
2020-09-14 09:45:00,11540.2,11541.4,11516.9,11530.05,0
2020-09-14 10:15:00,11531.65,11551.75,11528.35,11544.55,0
2020-09-14 10:45:00,11544.4,11549.85,11533.4,11540.75,0
2020-09-14 11:15:00,11541.0,11566.6,11534.05,11561.25,0
2020-09-14 11:45:00,11561.1,11568.9,11549.05,11553.25,0
2020-09-14 12:15:00,11554.2,11555.75,11533.1,11537.95,0
2020-09-14 12:45:00,11538.6,11551.25,11530.65,11536.85,0
2020-09-14 13:15:00,11537.4,11537.85,11493.85,11504.6,0
2020-09-14 13:45:00,11504.5,11516.55,11421.85,11442.55,0
2020-09-14 14:15:00,11443.8,11449.8,11383.55,11424.1,0
2020-09-14 14:45:00,11423.95,11478.95,11416.0,11446.5,0
2020-09-14 15:15:00,11446.1,11449.0,11410.4,11440.05,0
2020-09-15 09:15:00,11477.05,11510.55,11462.7,11499.05,0
2020-09-15 09:45:00,11498.5,11507.9,11470.3,11484.95,0
2020-09-15 10:15:00,11484.65,11491.95,11452.25,11458.65,0
2020-09-15 10:45:00,11458.8,11473.85,11442.25,11464.2,0
2020-09-15 11:15:00,11463.4,11501.6,11457.9,11491.7,0
2020-09-15 11:45:00,11492.15,11504.65,11480.0,11487.05,0
2020-09-15 12:15:00,11486.6,11506.55,11484.3,11498.15,0
2020-09-15 12:45:00,11498.05,11514.45,11464.85,11478.95,0
2020-09-15 13:15:00,11478.8,11503.1,11467.3,11490.35,0
2020-09-15 13:45:00,11490.5,11523.55,11484.45,11517.95,0
2020-09-15 14:15:00,11517.55,11534.55,11503.55,11511.1,0
2020-09-15 14:45:00,11510.85,11531.6,11510.4,11520.8,0
2020-09-15 15:15:00,11519.45,11535.95,11512.85,11521.8,0
2020-09-16 09:15:00,11533.3,11546.55,11516.75,11538.15,0
2020-09-16 09:45:00,11539.0,11556.2,11537.85,11544.3,0
2020-09-16 10:15:00,11544.25,11570.35,11538.3,11556.65,0
2020-09-16 10:45:00,11557.15,11565.7,11537.4,11540.35,0
2020-09-16 11:15:00,11540.0,11558.85,11536.65,11542.5,0
2020-09-16 11:45:00,11543.05,11547.4,11523.75,11546.0,0
2020-09-16 12:15:00,11546.4,11564.35,11542.8,11557.05,0
2020-09-16 12:45:00,11556.4,11582.9,11556.1,11563.7,0
2020-09-16 13:15:00,11563.9,11582.3,11552.55,11581.35,0
2020-09-16 13:45:00,11581.4,11591.8,11571.5,11590.0,0
2020-09-16 14:15:00,11589.95,11604.2,11581.25,11601.0,0
2020-09-16 14:45:00,11601.3,11618.1,11594.7,11601.15,0
2020-09-16 15:15:00,11599.95,11614.35,11593.9,11604.55,0
2020-09-17 09:15:00,11524.45,11574.65,11520.5,11571.05,0
2020-09-17 09:45:00,11571.45,11579.95,11560.4,11568.95,0
2020-09-17 10:15:00,11568.9,11587.2,11557.5,11578.25,0
2020-09-17 10:45:00,11578.5,11579.05,11567.2,11569.3,0
2020-09-17 11:15:00,11569.15,11569.35,11536.05,11536.8,0
2020-09-17 11:45:00,11536.35,11543.6,11505.75,11520.0,0
2020-09-17 12:15:00,11520.35,11539.2,11513.85,11528.3,0
2020-09-17 12:45:00,11528.2,11551.3,11523.7,11525.6,0
2020-09-17 13:15:00,11525.65,11544.0,11523.25,11525.25,0
2020-09-17 13:45:00,11525.1,11545.3,11523.05,11532.0,0
2020-09-17 14:15:00,11531.95,11561.45,11528.7,11540.95,0
2020-09-17 14:45:00,11540.35,11542.75,11498.5,11523.15,0
2020-09-17 15:15:00,11522.85,11526.7,11507.35,11516.1,0
2020-09-18 09:15:00,11572.2,11581.45,11550.9,11569.05,0
2020-09-18 09:45:00,11569.1,11581.25,11563.7,11565.0,0
2020-09-18 10:15:00,11565.05,11565.3,11542.4,11543.9,0
2020-09-18 10:45:00,11544.15,11559.65,11537.55,11546.1,0
2020-09-18 11:15:00,11546.15,11569.6,11540.6,11565.5,0
2020-09-18 11:45:00,11566.05,11570.9,11555.8,11557.85,0
2020-09-18 12:15:00,11558.0,11569.65,11550.6,11550.65,0
2020-09-18 12:45:00,11550.35,11563.05,11546.2,11560.35,0
2020-09-18 13:15:00,11560.4,11567.15,11539.55,11564.1,0
2020-09-18 13:45:00,11563.8,11578.75,11561.95,11568.4,0
2020-09-18 14:15:00,11568.6,11568.6,11446.1,11479.8,0
2020-09-18 14:45:00,11479.3,11519.75,11476.5,11508.4,0
2020-09-18 15:15:00,11508.75,11517.95,11498.65,11504.95,0
2020-09-21 09:15:00,11504.75,11530.9,11492.15,11499.95,0
2020-09-21 09:45:00,11500.7,11512.1,11478.0,11488.45,0
2020-09-21 10:15:00,11488.85,11535.25,11477.15,11510.85,0
2020-09-21 10:45:00,11510.15,11523.0,11483.25,11483.25,0
2020-09-21 11:15:00,11484.3,11505.1,11482.5,11504.85,0
2020-09-21 11:45:00,11505.2,11513.15,11484.5,11500.15,0
2020-09-21 12:15:00,11500.6,11512.95,11456.45,11467.95,0
2020-09-21 12:45:00,11468.05,11481.3,11442.8,11448.65,0
2020-09-21 13:15:00,11448.0,11448.7,11403.45,11407.35,0
2020-09-21 13:45:00,11407.15,11408.15,11303.75,11318.15,0
2020-09-21 14:15:00,11319.45,11320.4,11252.6,11315.75,0
2020-09-21 14:45:00,11314.5,11317.55,11249.6,11261.85,0
2020-09-21 15:15:00,11263.7,11265.5,11218.5,11250.55,0
2020-09-22 09:15:00,11283.8,11290.25,11133.15,11157.8,0
2020-09-22 09:45:00,11157.2,11190.45,11084.65,11159.75,0
2020-09-22 10:15:00,11156.7,11206.45,11148.85,11185.35,0
2020-09-22 10:45:00,11184.8,11185.35,11129.7,11137.3,0
2020-09-22 11:15:00,11136.85,11177.7,11124.9,11176.1,0
2020-09-22 11:45:00,11176.55,11195.0,11152.9,11169.9,0
2020-09-22 12:15:00,11169.7,11214.2,11145.75,11194.65,0
2020-09-22 12:45:00,11194.3,11225.3,11179.8,11188.0,0
2020-09-22 13:15:00,11187.95,11240.4,11176.6,11225.95,0
2020-09-22 13:45:00,11226.7,11250.45,11145.95,11147.6,0
2020-09-22 14:15:00,11146.65,11169.0,11117.2,11137.4,0
2020-09-22 14:45:00,11139.3,11166.4,11122.1,11161.5,0
2020-09-22 15:15:00,11162.2,11176.8,11148.0,11153.65,0
2020-09-23 09:15:00,11236.25,11259.55,11200.75,11220.3,0
2020-09-23 09:45:00,11221.0,11221.65,11184.6,11195.8,0
2020-09-23 10:15:00,11195.85,11236.2,11195.05,11225.35,0
2020-09-23 10:45:00,11226.05,11235.6,11212.2,11222.8,0
2020-09-23 11:15:00,11222.6,11225.65,11205.05,11209.3,0
2020-09-23 11:45:00,11209.5,11214.95,11137.2,11138.75,0
2020-09-23 12:15:00,11137.15,11166.6,11107.4,11118.15,0
2020-09-23 12:45:00,11118.2,11138.3,11079.15,11127.55,0
2020-09-23 13:15:00,11128.4,11137.95,11056.8,11063.0,0
2020-09-23 13:45:00,11062.25,11077.35,11024.4,11054.95,0
2020-09-23 14:15:00,11055.35,11123.7,11044.0,11090.8,0
2020-09-23 14:45:00,11090.75,11150.2,11090.75,11135.25,0
2020-09-23 15:15:00,11134.65,11140.8,11122.15,11131.85,0
2020-09-24 09:15:00,11003.3,11009.35,10951.8,10996.25,0
2020-09-24 09:45:00,10996.95,11014.15,10957.55,10975.3,0
2020-09-24 10:15:00,10974.7,10979.3,10930.9,10943.6,0
2020-09-24 10:45:00,10944.2,10944.6,10917.1,10929.0,0
2020-09-24 11:15:00,10928.2,10958.15,10925.75,10941.7,0
2020-09-24 11:45:00,10941.5,10942.4,10906.1,10924.55,0
2020-09-24 12:15:00,10925.1,10929.35,10890.25,10907.4,0
2020-09-24 12:45:00,10907.65,10944.05,10896.1,10941.9,0
2020-09-24 13:15:00,10942.05,10956.3,10904.85,10912.85,0
2020-09-24 13:45:00,10912.5,10926.75,10880.4,10899.2,0
2020-09-24 14:15:00,10899.75,10913.55,10840.05,10869.1,0
2020-09-24 14:45:00,10869.3,10880.15,10794.4,10800.45,0
2020-09-24 15:15:00,10800.65,10827.65,10790.2,10805.55,0
2020-09-25 09:15:00,10889.6,10944.95,10881.55,10924.45,0
2020-09-25 09:45:00,10925.45,10946.85,10863.6,10885.2,0
2020-09-25 10:15:00,10884.2,10916.65,10854.85,10885.85,0
2020-09-25 10:45:00,10886.1,10921.9,10883.2,10918.45,0
2020-09-25 11:15:00,10919.15,10950.4,10904.6,10916.15,0
2020-09-25 11:45:00,10915.6,10976.7,10907.3,10976.7,0
2020-09-25 12:15:00,10978.85,11011.75,10965.6,11000.0,0
2020-09-25 12:45:00,10999.5,11003.9,10976.4,10980.8,0
2020-09-25 13:15:00,10980.65,11007.1,10960.55,10973.25,0
2020-09-25 13:45:00,10973.6,11031.4,10964.15,11024.7,0
2020-09-25 14:15:00,11024.65,11065.15,11016.05,11058.65,0
2020-09-25 14:45:00,11059.0,11072.6,11029.9,11056.15,0
2020-09-25 15:15:00,11054.4,11064.6,11032.95,11050.25,0
2020-09-28 09:15:00,11118.4,11177.95,11099.85,11157.7,0
2020-09-28 09:45:00,11157.1,11175.4,11141.45,11163.0,0
2020-09-28 10:15:00,11163.15,11186.15,11147.6,11174.45,0
2020-09-28 10:45:00,11174.85,11202.65,11163.35,11195.4,0
2020-09-28 11:15:00,11195.0,11212.6,11184.65,11192.35,0
2020-09-28 11:45:00,11190.6,11210.0,11177.95,11208.35,0
2020-09-28 12:15:00,11208.85,11209.45,11176.35,11191.95,0
2020-09-28 12:45:00,11192.25,11227.45,11186.1,11212.9,0
2020-09-28 13:15:00,11212.75,11219.35,11198.1,11209.95,0
2020-09-28 13:45:00,11209.15,11234.05,11205.4,11225.8,0
2020-09-28 14:15:00,11225.55,11232.7,11207.8,11216.85,0
2020-09-28 14:45:00,11216.8,11237.9,11198.1,11226.45,0
2020-09-28 15:15:00,11226.6,11239.35,11219.1,11227.55,0
2020-09-29 09:15:00,11268.4,11305.4,11235.9,11270.7,0
2020-09-29 09:45:00,11270.85,11272.7,11233.9,11257.15,0
2020-09-29 10:15:00,11257.05,11273.35,11236.1,11241.0,0
2020-09-29 10:45:00,11241.6,11241.7,11192.85,11207.85,0
2020-09-29 11:15:00,11208.55,11252.7,11201.0,11243.1,0
2020-09-29 11:45:00,11242.55,11245.6,11220.5,11225.15,0
2020-09-29 12:15:00,11224.65,11240.75,11208.2,11209.8,0
2020-09-29 12:45:00,11210.1,11226.4,11181.0,11207.2,0
2020-09-29 13:15:00,11207.45,11223.75,11196.9,11220.15,0
2020-09-29 13:45:00,11220.4,11258.2,11218.1,11242.5,0
2020-09-29 14:15:00,11242.75,11283.75,11241.2,11264.35,0
2020-09-29 14:45:00,11264.05,11271.85,11203.95,11228.55,0
2020-09-29 15:15:00,11228.6,11233.5,11213.5,11222.4,0
2020-09-30 09:15:00,11249.5,11249.5,11199.7,11207.65,0
2020-09-30 09:45:00,11207.5,11217.75,11184.55,11212.95,0
2020-09-30 10:15:00,11213.5,11280.25,11212.2,11258.0,0
2020-09-30 10:45:00,11257.9,11280.75,11248.85,11253.3,0
2020-09-30 11:15:00,11253.65,11260.6,11208.55,11215.65,0
2020-09-30 11:45:00,11215.2,11249.8,11205.05,11231.95,0
2020-09-30 12:15:00,11230.65,11256.75,11219.75,11249.0,0
2020-09-30 12:45:00,11249.1,11275.45,11243.95,11252.9,0
2020-09-30 13:15:00,11252.05,11270.0,11241.8,11260.45,0
2020-09-30 13:45:00,11260.6,11290.1,11256.95,11288.7,0
2020-09-30 14:15:00,11287.65,11295.4,11253.9,11262.0,0
2020-09-30 14:45:00,11261.65,11270.0,11243.75,11247.4,0
2020-09-30 15:15:00,11247.65,11254.2,11221.5,11247.55,0
2020-10-01 09:15:00,11347.1,11380.5,11347.05,11373.45,0
2020-10-01 09:45:00,11372.7,11398.95,11366.05,11388.6,0
2020-10-01 10:15:00,11390.15,11405.6,11381.9,11397.85,0
2020-10-01 10:45:00,11397.1,11409.7,11392.85,11400.2,0
2020-10-01 11:15:00,11399.8,11423.5,11395.15,11416.25,0
2020-10-01 11:45:00,11415.4,11418.45,11404.55,11408.0,0
2020-10-01 12:15:00,11407.9,11418.65,11393.3,11412.75,0
2020-10-01 12:45:00,11412.15,11424.65,11396.8,11401.85,0
2020-10-01 13:15:00,11402.2,11411.2,11388.2,11409.9,0
2020-10-01 13:45:00,11410.25,11415.15,11397.1,11412.75,0
2020-10-01 14:15:00,11411.85,11426.5,11383.85,11393.0,0
2020-10-01 14:45:00,11391.7,11427.6,11386.9,11427.6,0
2020-10-01 15:15:00,11426.8,11428.6,11412.85,11416.95,0
2020-10-05 09:15:00,11482.0,11552.0,11476.45,11549.0,0
2020-10-05 09:45:00,11548.7,11554.0,11535.5,11538.75,0
2020-10-05 10:15:00,11538.7,11546.5,11521.6,11545.35,0
2020-10-05 10:45:00,11544.55,11578.05,11533.6,11555.85,0
2020-10-05 11:15:00,11555.1,11572.75,11509.95,11533.1,0
2020-10-05 11:45:00,11530.85,11543.05,11509.85,11533.9,0
2020-10-05 12:15:00,11532.35,11540.0,11509.6,11515.5,0
2020-10-05 12:45:00,11516.45,11523.05,11472.2,11481.1,0
2020-10-05 13:15:00,11481.25,11507.6,11452.3,11498.95,0
2020-10-05 13:45:00,11499.55,11533.2,11490.8,11527.3,0
2020-10-05 14:15:00,11528.25,11542.5,11506.2,11518.45,0
2020-10-05 14:45:00,11518.55,11529.3,11493.95,11501.5,0
2020-10-05 15:15:00,11503.4,11514.5,11495.75,11503.35,0
2020-10-06 09:15:00,11607.55,11615.3,11564.3,11592.75,0
2020-10-06 09:45:00,11592.45,11606.45,11572.3,11601.35,0
2020-10-06 10:15:00,11601.0,11612.05,11586.95,11606.15,0
2020-10-06 10:45:00,11606.35,11613.05,11577.9,11595.35,0
2020-10-06 11:15:00,11595.6,11599.4,11579.9,11586.65,0
2020-10-06 11:45:00,11586.95,11599.9,11583.3,11598.0,0
2020-10-06 12:15:00,11597.6,11608.7,11582.05,11586.55,0
2020-10-06 12:45:00,11585.75,11596.1,11577.35,11592.85,0
2020-10-06 13:15:00,11593.05,11597.6,11572.6,11587.8,0
2020-10-06 13:45:00,11588.2,11610.45,11584.85,11596.5,0
2020-10-06 14:15:00,11597.05,11649.7,11596.4,11636.85,0
2020-10-06 14:45:00,11637.95,11666.0,11637.2,11663.15,0
2020-10-06 15:15:00,11662.95,11680.3,11657.6,11662.4,0
2020-10-07 09:15:00,11679.5,11690.05,11629.35,11684.55,0
2020-10-07 09:45:00,11685.75,11737.6,11685.75,11733.55,0
2020-10-07 10:15:00,11732.1,11747.85,11719.2,11736.7,0
2020-10-07 10:45:00,11736.65,11744.2,11701.7,11711.35,0
2020-10-07 11:15:00,11711.05,11729.45,11689.8,11719.45,0
2020-10-07 11:45:00,11720.25,11735.4,11710.35,11712.25,0
2020-10-07 12:15:00,11711.25,11749.05,11711.25,11741.95,0
2020-10-07 12:45:00,11742.75,11751.5,11722.55,11728.2,0
2020-10-07 13:15:00,11728.35,11745.1,11720.0,11729.45,0
2020-10-07 13:45:00,11728.8,11743.25,11707.25,11737.5,0
2020-10-07 14:15:00,11737.65,11763.05,11736.7,11756.25,0
2020-10-07 14:45:00,11757.3,11757.5,11720.5,11732.6,0
2020-10-07 15:15:00,11730.6,11755.45,11730.0,11738.85,0
2020-10-08 09:15:00,11841.15,11877.85,11820.2,11874.95,0
2020-10-08 09:45:00,11875.2,11880.55,11861.05,11863.6,0
2020-10-08 10:15:00,11863.85,11881.95,11856.9,11873.95,0
2020-10-08 10:45:00,11874.25,11885.2,11869.3,11880.15,0
2020-10-08 11:15:00,11880.2,11895.7,11876.25,11883.55,0
2020-10-08 11:45:00,11883.5,11896.3,11872.0,11890.85,0
2020-10-08 12:15:00,11890.1,11896.4,11872.8,11879.2,0
2020-10-08 12:45:00,11879.55,11898.6,11879.1,11892.45,0
2020-10-08 13:15:00,11891.8,11899.75,11882.55,11890.1,0
2020-10-08 13:45:00,11890.3,11905.7,11835.05,11867.25,0
2020-10-08 14:15:00,11867.35,11867.85,11791.15,11817.0,0
2020-10-08 14:45:00,11815.9,11841.95,11796.55,11835.15,0
2020-10-08 15:15:00,11835.3,11849.5,11831.15,11834.6,0
2020-10-09 09:15:00,11856.4,11880.8,11807.05,11810.45,0
2020-10-09 09:45:00,11811.1,11871.7,11805.2,11850.45,0
2020-10-09 10:15:00,11850.35,11889.1,11847.3,11881.5,0
2020-10-09 10:45:00,11882.1,11924.25,11877.4,11915.15,0
2020-10-09 11:15:00,11915.45,11935.75,11904.15,11923.75,0
2020-10-09 11:45:00,11924.35,11933.65,11897.3,11898.8,0
2020-10-09 12:15:00,11898.2,11913.1,11878.3,11903.1,0
2020-10-09 12:45:00,11902.25,11912.85,11885.25,11890.4,0
2020-10-09 13:15:00,11891.25,11903.85,11861.75,11869.85,0
2020-10-09 13:45:00,11869.3,11916.8,11860.0,11908.4,0
2020-10-09 14:15:00,11908.35,11926.55,11900.4,11915.25,0
2020-10-09 14:45:00,11914.9,11919.1,11898.0,11911.6,0
2020-10-09 15:15:00,11910.6,11938.6,11907.75,11914.2,0
2020-10-12 09:15:00,11976.1,12022.05,11968.85,11994.95,0
2020-10-12 09:45:00,11994.3,12002.05,11956.35,11973.65,0
2020-10-12 10:15:00,11971.2,11986.4,11952.6,11960.5,0
2020-10-12 10:45:00,11961.3,11973.2,11925.4,11950.15,0
2020-10-12 11:15:00,11950.0,11958.05,11934.6,11948.25,0
2020-10-12 11:45:00,11947.65,11960.35,11911.0,11913.95,0
2020-10-12 12:15:00,11914.05,11961.35,11898.6,11956.1,0
2020-10-12 12:45:00,11956.25,11956.9,11906.2,11920.6,0
2020-10-12 13:15:00,11920.75,11920.75,11867.2,11909.7,0
2020-10-12 13:45:00,11908.7,11945.4,11890.4,11919.5,0
2020-10-12 14:15:00,11919.55,11920.7,11894.7,11915.3,0
2020-10-12 14:45:00,11915.25,11942.6,11909.4,11929.6,0
2020-10-12 15:15:00,11928.95,11942.7,11924.85,11930.95,0
2020-10-13 09:15:00,11938.9,11966.25,11888.9,11965.5,0
2020-10-13 09:45:00,11966.35,11975.6,11944.7,11959.7,0
2020-10-13 10:15:00,11958.9,11985.7,11958.0,11975.25,0
2020-10-13 10:45:00,11975.2,11988.2,11966.45,11970.75,0
2020-10-13 11:15:00,11970.95,11976.55,11949.55,11960.8,0
2020-10-13 11:45:00,11960.95,11967.95,11938.7,11956.85,0
2020-10-13 12:15:00,11957.45,11957.45,11923.85,11930.8,0
2020-10-13 12:45:00,11930.65,11931.15,11896.5,11921.95,0
2020-10-13 13:15:00,11922.8,11940.15,11916.15,11930.05,0
2020-10-13 13:45:00,11929.9,11942.95,11907.85,11940.6,0
2020-10-13 14:15:00,11939.75,11950.05,11923.4,11942.0,0
2020-10-13 14:45:00,11942.3,11953.1,11925.85,11938.75,0
2020-10-13 15:15:00,11939.5,11944.95,11922.35,11934.5,0
2020-10-14 09:15:00,11919.8,11919.8,11839.65,11843.7,0
2020-10-14 09:45:00,11842.9,11856.35,11827.0,11851.3,0
2020-10-14 10:15:00,11851.65,11858.9,11843.55,11854.7,0
2020-10-14 10:45:00,11855.35,11862.45,11842.7,11849.25,0
2020-10-14 11:15:00,11849.55,11850.45,11822.15,11832.15,0
2020-10-14 11:45:00,11832.6,11860.95,11831.7,11853.75,0
2020-10-14 12:15:00,11853.9,11883.95,11851.1,11863.35,0
2020-10-14 12:45:00,11862.25,11870.0,11831.6,11843.65,0
2020-10-14 13:15:00,11843.45,11853.3,11825.2,11844.8,0
2020-10-14 13:45:00,11844.95,11869.8,11839.3,11864.85,0
2020-10-14 14:15:00,11865.5,11933.5,11861.8,11931.75,0
2020-10-14 14:45:00,11932.3,11974.8,11923.0,11966.7,0
2020-10-14 15:15:00,11967.0,11997.2,11962.35,11971.05,0
2020-10-15 09:15:00,12025.45,12025.45,11906.35,11939.6,0
2020-10-15 09:45:00,11939.15,11983.05,11937.35,11959.4,0
2020-10-15 10:15:00,11959.0,11959.35,11915.5,11917.3,0
2020-10-15 10:45:00,11918.25,11946.45,11916.25,11930.65,0
2020-10-15 11:15:00,11930.8,11939.95,11881.0,11881.0,0
2020-10-15 11:45:00,11880.55,11906.25,11872.85,11899.5,0
2020-10-15 12:15:00,11899.4,11908.85,11886.45,11903.5,0
2020-10-15 12:45:00,11903.15,11913.8,11839.75,11849.15,0
2020-10-15 13:15:00,11849.65,11868.25,11817.1,11825.15,0
2020-10-15 13:45:00,11823.45,11823.45,11700.95,11709.6,0
2020-10-15 14:15:00,11710.5,11759.3,11703.65,11718.1,0
2020-10-15 14:45:00,11718.45,11743.55,11664.0,11665.75,0
2020-10-15 15:15:00,11665.85,11687.85,11661.3,11680.35,0
2020-10-16 09:15:00,11734.15,11784.1,11725.0,11736.65,0
2020-10-16 09:45:00,11735.05,11736.75,11667.85,11732.4,0
2020-10-16 10:15:00,11732.15,11746.65,11718.4,11741.15,0
2020-10-16 10:45:00,11743.4,11768.25,11732.9,11764.9,0
2020-10-16 11:15:00,11764.45,11766.0,11702.5,11707.5,0
2020-10-16 11:45:00,11708.05,11759.45,11692.85,11738.2,0
2020-10-16 12:15:00,11738.0,11768.45,11713.85,11766.5,0
2020-10-16 12:45:00,11767.35,11780.1,11748.1,11761.05,0
2020-10-16 13:15:00,11760.95,11789.75,11742.75,11744.6,0
2020-10-16 13:45:00,11744.45,11775.55,11728.7,11766.3,0
2020-10-16 14:15:00,11766.55,11778.45,11736.65,11756.5,0
2020-10-16 14:45:00,11756.8,11772.1,11751.45,11764.55,0
2020-10-16 15:15:00,11765.4,11770.25,11750.4,11762.45,0
2020-10-19 09:15:00,11879.3,11879.3,11820.8,11843.35,0
2020-10-19 09:45:00,11842.35,11892.1,11842.35,11869.95,0
2020-10-19 10:15:00,11870.65,11898.25,11865.9,11890.4,0
2020-10-19 10:45:00,11891.3,11891.6,11850.9,11852.8,0
2020-10-19 11:15:00,11852.75,11863.1,11836.35,11851.5,0
2020-10-19 11:45:00,11851.55,11857.35,11820.4,11846.9,0
2020-10-19 12:15:00,11846.65,11859.05,11840.5,11855.35,0
2020-10-19 12:45:00,11855.1,11864.75,11835.6,11857.55,0
2020-10-19 13:15:00,11857.5,11871.2,11834.65,11852.45,0
2020-10-19 13:45:00,11852.05,11877.55,11845.65,11873.85,0
2020-10-19 14:15:00,11874.4,11886.45,11855.4,11861.25,0
2020-10-19 14:45:00,11863.4,11881.3,11860.8,11877.8,0
2020-10-19 15:15:00,11879.0,11884.3,11865.05,11873.05,0
2020-10-20 09:15:00,11864.35,11924.3,11837.25,11909.2,0
2020-10-20 09:45:00,11909.8,11913.55,11880.75,11908.35,0
2020-10-20 10:15:00,11908.55,11923.8,11894.1,11922.1,0
2020-10-20 10:45:00,11922.8,11940.1,11907.0,11932.05,0
2020-10-20 11:15:00,11931.9,11934.3,11920.3,11925.55,0
2020-10-20 11:45:00,11926.25,11949.25,11925.75,11939.0,0
2020-10-20 12:15:00,11939.15,11945.6,11924.0,11942.5,0
2020-10-20 12:45:00,11942.6,11945.7,11909.05,11914.3,0
2020-10-20 13:15:00,11914.0,11928.9,11896.8,11901.5,0
2020-10-20 13:45:00,11901.1,11909.65,11885.25,11897.0,0
2020-10-20 14:15:00,11896.55,11913.8,11885.6,11895.85,0
2020-10-20 14:45:00,11896.5,11904.0,11889.55,11900.5,0
2020-10-20 15:15:00,11899.3,11902.95,11888.1,11896.8,0
2020-10-21 09:15:00,11951.8,12014.45,11951.8,12013.05,0
2020-10-21 09:45:00,12013.3,12018.65,11997.7,12006.05,0
2020-10-21 10:15:00,12006.15,12009.25,11985.0,11992.55,0
2020-10-21 10:45:00,11992.4,12005.15,11985.7,11998.4,0
2020-10-21 11:15:00,11997.15,11997.8,11979.75,11991.9,0
2020-10-21 11:45:00,11991.1,12016.55,11991.1,12012.55,0
2020-10-21 12:15:00,12013.65,12014.7,11993.6,11994.25,0
2020-10-21 12:45:00,11994.1,11998.35,11985.8,11991.5,0
2020-10-21 13:15:00,11991.55,11991.55,11835.6,11869.55,0
2020-10-21 13:45:00,11868.45,11884.75,11804.5,11804.8,0
2020-10-21 14:15:00,11802.9,11849.1,11775.75,11834.05,0
2020-10-21 14:45:00,11833.25,11954.45,11833.1,11950.75,0
2020-10-21 15:15:00,11950.8,11956.9,11930.55,11937.65,0
2020-10-22 09:15:00,11895.25,11939.55,11853.55,11896.05,0
2020-10-22 09:45:00,11897.0,11922.9,11888.55,11897.8,0
2020-10-22 10:15:00,11898.65,11905.4,11871.65,11892.45,0
2020-10-22 10:45:00,11892.4,11922.65,11890.7,11906.35,0
2020-10-22 11:15:00,11905.35,11910.05,11873.2,11899.6,0
2020-10-22 11:45:00,11899.5,11907.15,11890.6,11903.55,0
2020-10-22 12:15:00,11904.1,11906.15,11845.65,11852.65,0
2020-10-22 12:45:00,11851.8,11907.6,11849.35,11886.55,0
2020-10-22 13:15:00,11885.4,11904.05,11862.35,11862.8,0
2020-10-22 13:45:00,11859.65,11921.6,11854.6,11895.45,0
2020-10-22 14:15:00,11894.4,11896.95,11823.45,11839.95,0
2020-10-22 14:45:00,11839.05,11898.75,11834.2,11896.7,0
2020-10-22 15:15:00,11896.35,11915.5,11895.05,11896.45,0
2020-10-23 09:15:00,11960.85,11974.55,11939.15,11948.55,0
2020-10-23 09:45:00,11948.9,11958.35,11927.35,11949.15,0
2020-10-23 10:15:00,11949.85,11955.55,11924.95,11941.4,0
2020-10-23 10:45:00,11943.25,11949.95,11920.4,11931.75,0
2020-10-23 11:15:00,11932.35,11946.35,11927.25,11931.3,0
2020-10-23 11:45:00,11931.35,11938.75,11908.75,11927.55,0
2020-10-23 12:15:00,11928.1,11953.1,11926.85,11945.85,0
2020-10-23 12:45:00,11945.55,11968.25,11943.5,11956.7,0
2020-10-23 13:15:00,11956.8,11959.9,11940.25,11942.1,0
2020-10-23 13:45:00,11942.25,11953.65,11934.25,11936.8,0
2020-10-23 14:15:00,11937.05,11959.9,11926.8,11955.45,0
2020-10-23 14:45:00,11957.6,11960.85,11928.1,11930.85,0
2020-10-23 15:15:00,11929.75,11933.2,11920.65,11930.35,0
2020-10-26 09:15:00,11942.85,11942.85,11877.0,11903.05,0
2020-10-26 09:45:00,11904.15,11914.25,11894.85,11903.25,0
2020-10-26 10:15:00,11903.0,11906.95,11892.1,11898.85,0
2020-10-26 10:45:00,11899.0,11907.5,11882.5,11884.4,0
2020-10-26 11:15:00,11884.7,11884.95,11831.7,11841.7,0
2020-10-26 11:45:00,11841.25,11852.4,11814.75,11824.35,0
2020-10-26 12:15:00,11823.65,11826.85,11783.3,11797.8,0
2020-10-26 12:45:00,11797.5,11799.35,11752.25,11777.95,0
2020-10-26 13:15:00,11776.65,11797.95,11764.15,11783.3,0
2020-10-26 13:45:00,11782.85,11789.75,11711.7,11723.45,0
2020-10-26 14:15:00,11722.3,11753.25,11715.7,11749.95,0
2020-10-26 14:45:00,11750.45,11772.05,11742.1,11770.05,0
2020-10-26 15:15:00,11769.7,11785.0,11765.05,11767.75,0
2020-10-27 09:15:00,11815.65,11815.65,11723.0,11785.7,0
2020-10-27 09:45:00,11786.3,11818.85,11783.4,11788.15,0
2020-10-27 10:15:00,11788.0,11812.5,11769.3,11800.95,0
2020-10-27 10:45:00,11801.8,11826.05,11799.3,11804.9,0
2020-10-27 11:15:00,11804.95,11834.15,11789.9,11829.65,0
2020-10-27 11:45:00,11835.5,11848.2,11823.2,11836.55,0
2020-10-27 12:15:00,11837.1,11844.6,11816.85,11826.2,0
2020-10-27 12:45:00,11826.0,11857.85,11807.1,11852.55,0
2020-10-27 13:15:00,11852.85,11861.75,11834.85,11836.55,0
2020-10-27 13:45:00,11836.95,11856.1,11833.6,11851.45,0
2020-10-27 14:15:00,11851.65,11895.2,11851.65,11868.75,0
2020-10-27 14:45:00,11867.6,11899.05,11866.45,11884.4,0
2020-10-27 15:15:00,11884.95,11897.9,11882.9,11889.4,0
2020-10-28 09:15:00,11893.8,11929.4,11858.3,11901.05,0
2020-10-28 09:45:00,11900.5,11915.2,11862.3,11890.2,0
2020-10-28 10:15:00,11890.4,11902.45,11824.75,11829.8,0
2020-10-28 10:45:00,11830.25,11841.2,11813.8,11816.8,0
2020-10-28 11:15:00,11816.15,11857.7,11815.8,11835.25,0
2020-10-28 11:45:00,11835.45,11856.5,11827.6,11839.9,0
2020-10-28 12:15:00,11840.45,11861.45,11754.25,11764.85,0
2020-10-28 12:45:00,11764.5,11771.0,11732.25,11746.75,0
2020-10-28 13:15:00,11745.8,11776.7,11722.2,11725.7,0
2020-10-28 13:45:00,11725.25,11735.25,11684.85,11731.95,0
2020-10-28 14:15:00,11731.75,11756.6,11712.8,11745.4,0
2020-10-28 14:45:00,11746.2,11754.25,11718.05,11731.15,0
2020-10-28 15:15:00,11731.75,11736.6,11718.5,11729.6,0
2020-10-29 09:15:00,11637.25,11675.4,11609.2,11662.4,0
2020-10-29 09:45:00,11664.2,11709.6,11655.6,11704.25,0
2020-10-29 10:15:00,11704.35,11709.1,11651.3,11680.6,0
2020-10-29 10:45:00,11680.5,11704.85,11671.2,11690.7,0
2020-10-29 11:15:00,11690.4,11696.85,11662.35,11677.05,0
2020-10-29 11:45:00,11677.15,11744.15,11667.65,11725.65,0
2020-10-29 12:15:00,11726.2,11743.3,11680.6,11698.05,0
2020-10-29 12:45:00,11697.85,11709.85,11649.0,11649.0,0
2020-10-29 13:15:00,11648.8,11694.55,11635.4,11649.25,0
2020-10-29 13:45:00,11646.9,11670.0,11624.9,11656.25,0
2020-10-29 14:15:00,11655.35,11659.3,11606.45,11648.3,0
2020-10-29 14:45:00,11648.15,11682.0,11635.75,11679.0,0
2020-10-29 15:15:00,11678.9,11680.0,11659.6,11670.8,0
2020-10-30 09:15:00,11680.5,11743.9,11637.2,11735.55,0
2020-10-30 09:45:00,11736.2,11748.95,11713.65,11739.25,0
2020-10-30 10:15:00,11738.6,11742.7,11709.65,11713.6,0
2020-10-30 10:45:00,11714.4,11714.4,11634.25,11643.25,0
2020-10-30 11:15:00,11643.6,11663.75,11575.6,11577.75,0
2020-10-30 11:45:00,11576.0,11605.1,11561.95,11578.05,0
2020-10-30 12:15:00,11577.75,11588.3,11552.9,11568.3,0
2020-10-30 12:45:00,11569.4,11605.4,11535.45,11579.1,0
2020-10-30 13:15:00,11578.1,11617.5,11574.95,11610.2,0
2020-10-30 13:45:00,11609.95,11639.75,11591.4,11615.05,0
2020-10-30 14:15:00,11614.55,11645.65,11593.95,11625.85,0
2020-10-30 14:45:00,11625.25,11656.3,11617.65,11648.7,0
2020-10-30 15:15:00,11648.5,11658.5,11641.55,11642.4,0
2020-11-02 09:15:00,11679.9,11690.3,11580.7,11596.05,0
2020-11-02 09:45:00,11596.95,11602.0,11557.4,11575.05,0
2020-11-02 10:15:00,11574.4,11631.6,11573.8,11624.0,0
2020-11-02 10:45:00,11623.6,11629.15,11599.15,11623.7,0
2020-11-02 11:15:00,11624.45,11649.25,11615.35,11633.75,0
2020-11-02 11:45:00,11633.9,11634.3,11602.6,11604.65,0
2020-11-02 12:15:00,11603.9,11610.1,11577.1,11601.85,0
2020-11-02 12:45:00,11601.4,11625.55,11596.85,11620.6,0
2020-11-02 13:15:00,11621.0,11641.5,11601.35,11620.9,0
2020-11-02 13:45:00,11621.15,11665.95,11616.3,11648.8,0
2020-11-02 14:15:00,11649.2,11725.65,11649.2,11715.45,0
2020-11-02 14:45:00,11715.35,11715.7,11652.7,11656.95,0
2020-11-02 15:15:00,11657.25,11669.15,11635.8,11669.15,0
2020-11-03 09:15:00,11739.2,11797.35,11723.3,11782.75,0
2020-11-03 09:45:00,11782.85,11788.3,11748.4,11782.05,0
2020-11-03 10:15:00,11782.0,11810.05,11775.75,11807.8,0
2020-11-03 10:45:00,11807.85,11818.0,11777.4,11783.5,0
2020-11-03 11:15:00,11783.95,11826.4,11773.55,11819.65,0
2020-11-03 11:45:00,11812.6,11823.85,11800.4,11817.1,0
2020-11-03 12:15:00,11817.35,11823.95,11787.9,11814.35,0
2020-11-03 12:45:00,11814.65,11835.2,11811.2,11817.85,0
2020-11-03 13:15:00,11818.7,11836.2,11794.85,11823.35,0
2020-11-03 13:45:00,11824.75,11826.9,11799.15,11802.75,0
2020-11-03 14:15:00,11803.15,11821.7,11779.8,11810.05,0
2020-11-03 14:45:00,11810.4,11826.45,11800.7,11815.4,0
2020-11-03 15:15:00,11815.6,11833.45,11807.65,11813.5,0
2020-11-04 09:15:00,11802.95,11914.4,11777.7,11902.85,0
2020-11-04 09:45:00,11904.6,11920.7,11859.65,11861.95,0
2020-11-04 10:15:00,11861.9,11875.35,11820.45,11861.75,0
2020-11-04 10:45:00,11862.05,11876.1,11834.85,11859.7,0
2020-11-04 11:15:00,11859.55,11887.1,11847.7,11883.75,0
2020-11-04 11:45:00,11885.35,11915.55,11875.8,11894.1,0
2020-11-04 12:15:00,11894.55,11918.1,11882.05,11906.5,0
2020-11-04 12:45:00,11906.05,11908.2,11789.7,11815.6,0
2020-11-04 13:15:00,11814.5,11840.75,11756.4,11813.55,0
2020-11-04 13:45:00,11814.55,11877.6,11806.5,11853.55,0
2020-11-04 14:15:00,11852.55,11914.6,11852.55,11887.55,0
2020-11-04 14:45:00,11887.5,11929.65,11883.7,11910.55,0
2020-11-04 15:15:00,11910.75,11913.75,11887.7,11908.5,0
2020-11-05 09:15:00,12065.05,12077.3,12027.6,12061.95,0
2020-11-05 09:45:00,12062.5,12076.3,12045.15,12071.35,0
2020-11-05 10:15:00,12071.2,12100.85,12060.1,12068.3,0
2020-11-05 10:45:00,12067.8,12075.8,12054.65,12074.45,0
2020-11-05 11:15:00,12074.5,12087.65,12066.45,12067.95,0
2020-11-05 11:45:00,12067.2,12083.6,12058.35,12080.0,0
2020-11-05 12:15:00,12080.3,12097.75,12063.5,12094.05,0
2020-11-05 12:45:00,12094.1,12115.25,12084.65,12105.6,0
2020-11-05 13:15:00,12105.45,12110.9,12080.5,12090.6,0
2020-11-05 13:45:00,12090.5,12099.0,12072.05,12083.3,0
2020-11-05 14:15:00,12083.8,12113.8,12081.1,12096.2,0
2020-11-05 14:45:00,12096.8,12126.15,12090.3,12122.25,0
2020-11-05 15:15:00,12122.2,12131.1,12117.35,12120.3,0
2020-11-06 09:15:00,12161.05,12175.55,12131.85,12174.6,0
2020-11-06 09:45:00,12173.25,12208.95,12171.55,12196.15,0
2020-11-06 10:15:00,12196.5,12198.85,12180.25,12184.45,0
2020-11-06 10:45:00,12184.6,12185.0,12143.75,12179.75,0
2020-11-06 11:15:00,12180.85,12199.45,12170.55,12196.1,0
2020-11-06 11:45:00,12196.75,12212.6,12184.35,12203.9,0
2020-11-06 12:15:00,12203.7,12232.75,12200.75,12225.55,0
2020-11-06 12:45:00,12226.0,12257.95,12219.75,12250.75,0
2020-11-06 13:15:00,12250.6,12258.85,12228.2,12245.5,0
2020-11-06 13:45:00,12245.25,12264.4,12242.75,12253.05,0
2020-11-06 14:15:00,12252.9,12257.9,12196.7,12226.6,0
2020-11-06 14:45:00,12227.2,12270.9,12222.5,12265.25,0
2020-11-06 15:15:00,12265.45,12280.4,12257.65,12263.55,0
2020-11-09 09:15:00,12399.45,12451.8,12383.9,12437.15,0
2020-11-09 09:45:00,12437.9,12450.45,12420.65,12434.1,0
2020-11-09 10:15:00,12433.65,12434.65,12409.35,12410.55,0
2020-11-09 10:45:00,12410.45,12418.15,12386.45,12406.2,0
2020-11-09 11:15:00,12406.75,12406.85,12367.7,12381.8,0
2020-11-09 11:45:00,12381.9,12401.55,12371.85,12375.45,0
2020-11-09 12:15:00,12375.15,12396.65,12367.35,12392.45,0
2020-11-09 12:45:00,12393.6,12404.5,12378.35,12402.6,0
2020-11-09 13:15:00,12403.3,12424.9,12394.6,12418.3,0
2020-11-09 13:45:00,12419.55,12437.6,12410.3,12436.5,0
2020-11-09 14:15:00,12437.15,12458.45,12424.2,12451.9,0
2020-11-09 14:45:00,12453.05,12466.9,12438.0,12465.65,0
2020-11-09 15:15:00,12465.25,12474.05,12459.9,12461.05,0
2020-11-10 09:15:00,12557.05,12557.05,12475.25,12522.25,0
2020-11-10 09:45:00,12522.7,12563.75,12515.1,12556.05,0
2020-11-10 10:15:00,12555.4,12566.75,12532.95,12558.9,0
2020-11-10 10:45:00,12557.65,12598.35,12550.15,12576.7,0
2020-11-10 11:15:00,12576.75,12591.95,12556.9,12564.45,0
2020-11-10 11:45:00,12563.05,12583.25,12542.75,12571.6,0
2020-11-10 12:15:00,12572.45,12589.8,12560.7,12582.4,0
2020-11-10 12:45:00,12582.15,12624.5,12579.9,12615.2,0
2020-11-10 13:15:00,12615.55,12615.55,12582.25,12610.85,0
2020-11-10 13:45:00,12611.6,12627.15,12530.3,12532.85,0
2020-11-10 14:15:00,12531.6,12597.1,12520.4,12592.3,0
2020-11-10 14:45:00,12592.35,12642.55,12592.35,12625.3,0
2020-11-10 15:15:00,12624.8,12643.9,12622.25,12631.1,0
2020-11-11 09:15:00,12666.0,12766.4,12656.6,12762.6,0
2020-11-11 09:45:00,12762.55,12769.75,12725.25,12737.8,0
2020-11-11 10:15:00,12738.75,12743.75,12708.75,12731.0,0
2020-11-11 10:45:00,12731.2,12739.5,12628.25,12628.3,0
2020-11-11 11:15:00,12627.6,12649.15,12590.3,12627.7,0
2020-11-11 11:45:00,12628.05,12664.95,12581.0,12664.2,0
2020-11-11 12:15:00,12664.4,12672.45,12618.6,12655.1,0
2020-11-11 12:45:00,12655.65,12657.9,12622.9,12630.1,0
2020-11-11 13:15:00,12630.65,12668.0,12571.1,12660.25,0
2020-11-11 13:45:00,12660.5,12730.2,12634.15,12717.45,0
2020-11-11 14:15:00,12716.05,12753.95,12704.05,12734.65,0
2020-11-11 14:45:00,12735.8,12761.05,12723.25,12746.75,0
2020-11-11 15:15:00,12746.95,12762.2,12746.65,12749.15,0
2020-11-12 09:15:00,12705.65,12741.15,12678.65,12683.15,0
2020-11-12 09:45:00,12683.1,12713.55,12677.0,12699.45,0
2020-11-12 10:15:00,12700.25,12702.55,12659.5,12667.25,0
2020-11-12 10:45:00,12667.95,12690.25,12661.45,12675.75,0
2020-11-12 11:15:00,12675.35,12693.75,12666.25,12686.05,0
2020-11-12 11:45:00,12686.95,12687.2,12671.35,12684.6,0
2020-11-12 12:15:00,12685.1,12716.45,12653.0,12705.9,0
2020-11-12 12:45:00,12706.85,12710.4,12670.8,12680.1,0
2020-11-12 13:15:00,12680.75,12680.75,12624.85,12629.9,0
2020-11-12 13:45:00,12630.3,12704.95,12628.9,12686.4,0
2020-11-12 14:15:00,12686.85,12689.15,12640.6,12655.65,0
2020-11-12 14:45:00,12655.25,12695.1,12651.05,12692.85,0
2020-11-12 15:15:00,12692.8,12705.25,12682.55,12690.8,0
2020-11-13 09:15:00,12661.95,12661.95,12607.7,12627.85,0
2020-11-13 09:45:00,12627.9,12659.6,12619.35,12652.0,0
2020-11-13 10:15:00,12652.75,12735.95,12651.3,12699.45,0
2020-11-13 10:45:00,12699.8,12715.75,12679.2,12700.65,0
2020-11-13 11:15:00,12701.25,12705.65,12661.7,12680.25,0
2020-11-13 11:45:00,12680.3,12701.3,12670.5,12690.15,0
2020-11-13 12:15:00,12691.1,12692.45,12661.6,12663.25,0
2020-11-13 12:45:00,12662.55,12692.75,12653.15,12691.1,0
2020-11-13 13:15:00,12691.3,12692.8,12669.7,12671.6,0
2020-11-13 13:45:00,12671.9,12719.75,12671.9,12703.7,0
2020-11-13 14:15:00,12703.4,12710.05,12685.7,12702.5,0
2020-11-13 14:45:00,12702.1,12731.5,12701.8,12722.2,0
2020-11-13 15:15:00,12722.75,12723.4,12711.95,12719.95,0
2020-11-14 17:45:00,12823.35,12823.35,12823.35,12823.35,0
2020-11-14 18:15:00,12823.4,12828.7,12788.85,12793.05,0
2020-11-14 18:45:00,12793.4,12803.1,12749.45,12770.6,0
2020-11-14 19:15:00,12780.25,12780.25,12780.25,12780.25,0
2020-11-17 09:15:00,12934.05,12934.05,12838.1,12846.6,0
2020-11-17 09:45:00,12845.75,12878.2,12843.55,12862.8,0
2020-11-17 10:15:00,12862.6,12866.45,12804.4,12804.55,0
2020-11-17 10:45:00,12803.6,12828.0,12800.35,12810.55,0
2020-11-17 11:15:00,12810.45,12836.3,12797.1,12834.9,0
2020-11-17 11:45:00,12836.0,12837.95,12817.85,12828.15,0
2020-11-17 12:15:00,12829.45,12841.95,12812.3,12834.5,0
2020-11-17 12:45:00,12834.3,12855.05,12834.3,12843.55,0
2020-11-17 13:15:00,12843.15,12870.9,12837.8,12865.9,0
2020-11-17 13:45:00,12866.6,12868.0,12847.8,12862.0,0
2020-11-17 14:15:00,12861.8,12869.1,12832.7,12847.65,0
2020-11-17 14:45:00,12847.75,12881.8,12847.25,12875.5,0
2020-11-17 15:15:00,12875.3,12880.15,12864.4,12874.2,0
2020-11-18 09:15:00,12863.2,12901.75,12836.45,12868.95,0
2020-11-18 09:45:00,12869.25,12881.15,12858.45,12862.75,0
2020-11-18 10:15:00,12862.65,12881.4,12855.5,12879.0,0
2020-11-18 10:45:00,12879.2,12887.6,12834.75,12842.55,0
2020-11-18 11:15:00,12842.4,12845.35,12819.35,12843.05,0
2020-11-18 11:45:00,12842.8,12853.55,12834.9,12838.55,0
2020-11-18 12:15:00,12838.3,12849.8,12824.5,12831.6,0
2020-11-18 12:45:00,12832.25,12863.75,12831.95,12855.7,0
2020-11-18 13:15:00,12855.25,12873.85,12846.35,12873.0,0
2020-11-18 13:45:00,12873.65,12918.2,12872.3,12906.55,0
2020-11-18 14:15:00,12906.3,12920.5,12893.2,12908.2,0
2020-11-18 14:45:00,12907.75,12945.25,12906.25,12943.1,0
2020-11-18 15:15:00,12943.4,12948.85,12934.2,12938.25,0
2020-11-19 09:15:00,12846.6,12945.95,12835.6,12944.8,0
2020-11-19 09:45:00,12945.35,12959.9,12915.05,12951.15,0
2020-11-19 10:15:00,12950.9,12954.3,12929.85,12935.4,0
2020-11-19 10:45:00,12935.5,12938.95,12907.35,12936.65,0
2020-11-19 11:15:00,12936.95,12957.8,12933.1,12956.75,0
2020-11-19 11:45:00,12956.7,12957.05,12937.55,12949.9,0
2020-11-19 12:15:00,12950.05,12963.0,12941.35,12942.2,0
2020-11-19 12:45:00,12942.5,12949.05,12904.8,12921.95,0
2020-11-19 13:15:00,12922.35,12930.55,12884.85,12895.6,0
2020-11-19 13:45:00,12895.8,12895.8,12852.6,12861.1,0
2020-11-19 14:15:00,12861.75,12862.05,12745.75,12830.65,0
2020-11-19 14:45:00,12831.15,12840.5,12762.8,12771.3,0
2020-11-19 15:15:00,12771.7,12774.55,12748.8,12771.7,0
2020-11-20 09:15:00,12816.9,12855.2,12784.4,12823.25,0
2020-11-20 09:45:00,12823.0,12832.2,12787.45,12829.25,0
2020-11-20 10:15:00,12828.9,12843.8,12791.2,12792.15,0
2020-11-20 10:45:00,12791.0,12805.05,12746.75,12749.05,0
2020-11-20 11:15:00,12749.25,12764.95,12730.25,12756.6,0
2020-11-20 11:45:00,12756.65,12794.55,12741.55,12786.75,0
2020-11-20 12:15:00,12786.2,12798.45,12750.35,12758.5,0
2020-11-20 12:45:00,12758.8,12824.65,12758.35,12813.45,0
2020-11-20 13:15:00,12813.8,12817.95,12775.55,12815.25,0
2020-11-20 13:45:00,12815.35,12884.15,12815.2,12868.15,0
2020-11-20 14:15:00,12869.45,12892.45,12840.1,12869.0,0
2020-11-20 14:45:00,12868.45,12884.6,12848.25,12866.35,0
2020-11-20 15:15:00,12867.55,12868.5,12842.65,12859.05,0
2020-11-23 09:15:00,12961.2,12962.1,12880.45,12884.95,0
2020-11-23 09:45:00,12884.3,12912.65,12844.2,12880.75,0
2020-11-23 10:15:00,12880.55,12897.45,12858.25,12872.4,0
2020-11-23 10:45:00,12872.95,12881.85,12825.7,12875.15,0
2020-11-23 11:15:00,12874.8,12917.15,12872.45,12890.5,0
2020-11-23 11:45:00,12890.15,12903.5,12862.3,12883.5,0
2020-11-23 12:15:00,12883.95,12917.5,12875.0,12912.1,0
2020-11-23 12:45:00,12914.65,12929.95,12892.25,12902.65,0
2020-11-23 13:15:00,12902.75,12953.05,12896.8,12946.9,0
2020-11-23 13:45:00,12946.2,12968.85,12938.15,12952.7,0
2020-11-23 14:15:00,12952.6,12958.65,12927.0,12943.5,0
2020-11-23 14:45:00,12942.95,12953.95,12918.45,12933.8,0
2020-11-23 15:15:00,12934.05,12935.5,12910.05,12926.45,0
2020-11-24 09:15:00,13005.6,13033.7,12978.0,13015.3,0
2020-11-24 09:45:00,13014.9,13044.45,13012.3,13033.5,0
2020-11-24 10:15:00,13033.4,13048.75,13019.05,13024.75,0
2020-11-24 10:45:00,13024.35,13038.4,13012.65,13014.05,0
2020-11-24 11:15:00,13013.7,13019.75,12994.6,13012.15,0
2020-11-24 11:45:00,13013.2,13028.75,13010.05,13016.3,0
2020-11-24 12:15:00,13016.35,13030.45,13008.75,13009.9,0
2020-11-24 12:45:00,13009.4,13038.45,13009.4,13028.5,0
2020-11-24 13:15:00,13028.9,13047.6,13017.25,13040.45,0
2020-11-24 13:45:00,13040.35,13059.0,13034.95,13049.4,0
2020-11-24 14:15:00,13049.8,13070.15,13045.8,13055.2,0
2020-11-24 14:45:00,13055.3,13056.45,13042.45,13050.8,0
2020-11-24 15:15:00,13051.15,13079.1,13048.6,13055.15,0
2020-11-25 09:15:00,13135.15,13145.85,13113.15,13122.4,0
2020-11-25 09:45:00,13125.1,13132.55,13083.05,13094.7,0
2020-11-25 10:15:00,13094.35,13097.15,13002.8,13007.05,0
2020-11-25 10:45:00,13006.3,13033.0,12981.05,12987.05,0
2020-11-25 11:15:00,12985.9,13016.6,12962.1,12980.1,0
2020-11-25 11:45:00,12979.8,13005.45,12974.75,12990.25,0
2020-11-25 12:15:00,12989.55,13024.35,12967.9,13020.95,0
2020-11-25 12:45:00,13021.1,13039.75,13008.05,13036.15,0
2020-11-25 13:15:00,13036.0,13036.55,12998.75,13015.95,0
2020-11-25 13:45:00,13016.75,13027.25,12866.2,12876.8,0
2020-11-25 14:15:00,12876.75,12921.0,12869.1,12890.4,0
2020-11-25 14:45:00,12890.2,12900.85,12845.8,12860.7,0
2020-11-25 15:15:00,12862.3,12874.0,12833.65,12858.4,0
2020-11-26 09:15:00,12909.75,12916.75,12833.9,12842.15,0
2020-11-26 09:45:00,12842.35,12851.35,12805.2,12832.75,0
2020-11-26 10:15:00,12831.9,12862.8,12821.5,12850.95,0
2020-11-26 10:45:00,12851.85,12864.25,12838.3,12841.8,0
2020-11-26 11:15:00,12841.4,12852.0,12828.65,12838.95,0
2020-11-26 11:45:00,12839.4,12842.45,12790.4,12796.25,0
2020-11-26 12:15:00,12795.9,12850.35,12794.15,12844.4,0
2020-11-26 12:45:00,12844.35,12920.3,12843.35,12903.3,0
2020-11-26 13:15:00,12903.95,12925.4,12891.35,12903.95,0
2020-11-26 13:45:00,12903.7,12941.3,12868.55,12934.5,0
2020-11-26 14:15:00,12934.3,12941.6,12899.45,12932.55,0
2020-11-26 14:45:00,12931.15,13001.85,12906.8,12988.35,0
2020-11-26 15:15:00,12988.05,13018.0,12984.9,12987.0,0
2020-11-27 09:15:00,13013.25,13035.3,12967.3,12970.65,0
2020-11-27 09:45:00,12969.8,13001.25,12952.7,12976.45,0
2020-11-27 10:15:00,12977.05,12998.2,12961.9,12969.25,0
2020-11-27 10:45:00,12968.9,12982.55,12951.1,12957.15,0
2020-11-27 11:15:00,12957.8,12978.3,12945.2,12972.1,0
2020-11-27 11:45:00,12973.25,12997.5,12973.25,12983.15,0
2020-11-27 12:15:00,12983.9,13030.65,12983.35,13018.05,0
2020-11-27 12:45:00,13017.25,13018.25,12971.05,12974.8,0
2020-11-27 13:15:00,12973.6,13006.75,12953.55,12988.55,0
2020-11-27 13:45:00,12989.45,13003.45,12958.25,12982.1,0
2020-11-27 14:15:00,12981.65,12990.85,12947.15,12947.4,0
2020-11-27 14:45:00,12948.0,12986.25,12914.3,12979.4,0
2020-11-27 15:15:00,12978.9,12981.9,12927.95,12968.95,0
2020-12-01 09:15:00,13064.2,13064.2,12962.8,13022.15,0
2020-12-01 09:45:00,13020.55,13036.95,13002.85,13034.55,0
2020-12-01 10:15:00,13034.25,13072.25,13028.85,13069.45,0
2020-12-01 10:45:00,13069.55,13081.75,13062.55,13080.3,0
2020-12-01 11:15:00,13080.2,13083.3,13068.3,13074.95,0
2020-12-01 11:45:00,13074.45,13093.3,13068.25,13075.95,0
2020-12-01 12:15:00,13076.05,13085.5,13050.85,13056.8,0
2020-12-01 12:45:00,13056.5,13094.95,13055.45,13086.1,0
2020-12-01 13:15:00,13086.05,13103.1,13069.3,13080.9,0
2020-12-01 13:45:00,13080.8,13123.8,13080.3,13117.2,0
2020-12-01 14:15:00,13117.0,13124.3,13102.5,13115.1,0
2020-12-01 14:45:00,13115.2,13128.4,13106.85,13107.15,0
2020-12-01 15:15:00,13107.55,13112.85,13092.05,13109.05,0
2020-12-02 09:15:00,13122.05,13128.5,13087.8,13114.35,0
2020-12-02 09:45:00,13114.2,13118.2,13070.85,13080.2,0
2020-12-02 10:15:00,13080.5,13090.0,13067.45,13079.7,0
2020-12-02 10:45:00,13079.8,13101.1,13079.0,13089.0,0
2020-12-02 11:15:00,13088.9,13092.65,13053.2,13064.15,0
2020-12-02 11:45:00,13064.75,13083.1,13058.15,13080.3,0
2020-12-02 12:15:00,13079.65,13103.7,13079.65,13092.75,0
2020-12-02 12:45:00,13092.85,13097.3,13029.35,13031.6,0
2020-12-02 13:15:00,13030.35,13042.9,12989.5,13007.75,0
2020-12-02 13:45:00,13008.35,13026.85,12983.55,13010.15,0
2020-12-02 14:15:00,13010.1,13061.15,12995.2,13060.95,0
2020-12-02 14:45:00,13060.6,13124.2,13060.55,13121.2,0
2020-12-02 15:15:00,13120.45,13121.95,13099.85,13113.75,0
2020-12-03 09:15:00,13216.6,13216.6,13143.9,13155.25,0
2020-12-03 09:45:00,13155.55,13169.6,13148.8,13158.95,0
2020-12-03 10:15:00,13159.15,13184.1,13159.15,13167.9,0
2020-12-03 10:45:00,13167.95,13171.55,13143.0,13162.55,0
2020-12-03 11:15:00,13161.85,13164.45,13139.9,13160.3,0
2020-12-03 11:45:00,13160.0,13165.45,13137.2,13141.35,0
2020-12-03 12:15:00,13141.2,13148.7,13115.85,13144.4,0
2020-12-03 12:45:00,13144.15,13158.25,13112.25,13130.1,0
2020-12-03 13:15:00,13130.25,13144.35,13119.2,13131.3,0
2020-12-03 13:45:00,13131.05,13157.4,13130.2,13141.0,0
2020-12-03 14:15:00,13140.55,13153.2,13107.9,13141.7,0
2020-12-03 14:45:00,13141.05,13151.3,13129.45,13138.45,0
2020-12-03 15:15:00,13138.0,13142.05,13126.7,13133.9,0
2020-12-04 09:15:00,13187.3,13212.65,13164.65,13210.4,0
2020-12-04 09:45:00,13208.75,13230.45,13197.4,13228.8,0
2020-12-04 10:15:00,13229.3,13248.25,13217.2,13239.05,0
2020-12-04 10:45:00,13240.0,13250.3,13230.35,13231.9,0
2020-12-04 11:15:00,13232.45,13236.9,13196.55,13213.1,0
2020-12-04 11:45:00,13213.4,13222.3,13202.15,13208.8,0
2020-12-04 12:15:00,13210.1,13214.7,13184.4,13190.35,0
2020-12-04 12:45:00,13190.15,13201.35,13152.85,13200.2,0
2020-12-04 13:15:00,13200.15,13222.25,13178.85,13214.25,0
2020-12-04 13:45:00,13214.3,13223.7,13190.8,13196.6,0
2020-12-04 14:15:00,13196.8,13239.7,13196.1,13238.65,0
2020-12-04 14:45:00,13239.65,13260.7,13229.6,13256.6,0
2020-12-04 15:15:00,13257.65,13280.05,13253.65,13258.55,0
2020-12-07 09:15:00,13269.25,13312.65,13241.95,13303.25,0
2020-12-07 09:45:00,13302.05,13322.25,13288.6,13296.25,0
2020-12-07 10:15:00,13295.4,13307.55,13278.85,13304.65,0
2020-12-07 10:45:00,13304.45,13307.8,13287.75,13288.9,0
2020-12-07 11:15:00,13289.15,13301.35,13282.35,13291.75,0
2020-12-07 11:45:00,13291.6,13329.1,13291.3,13322.55,0
2020-12-07 12:15:00,13322.65,13336.85,13313.55,13330.7,0
2020-12-07 12:45:00,13330.2,13342.95,13324.5,13332.65,0
2020-12-07 13:15:00,13332.7,13352.65,13306.65,13311.1,0
2020-12-07 13:45:00,13311.85,13331.1,13292.0,13313.4,0
2020-12-07 14:15:00,13310.9,13332.2,13305.5,13322.0,0
2020-12-07 14:45:00,13323.05,13366.65,13321.4,13358.25,0
2020-12-07 15:15:00,13358.05,13360.05,13347.95,13355.75,0
2020-12-08 09:15:00,13394.3,13420.45,13363.15,13417.55,0
2020-12-08 09:45:00,13417.05,13435.35,13412.7,13422.75,0
2020-12-08 10:15:00,13423.35,13435.45,13403.8,13405.75,0
2020-12-08 10:45:00,13405.8,13414.75,13348.65,13380.2,0
2020-12-08 11:15:00,13379.85,13385.55,13311.05,13350.35,0
2020-12-08 11:45:00,13350.3,13374.65,13336.95,13344.95,0
2020-12-08 12:15:00,13344.15,13386.05,13327.85,13379.75,0
2020-12-08 12:45:00,13379.6,13396.35,13359.3,13380.5,0
2020-12-08 13:15:00,13379.85,13403.7,13371.55,13398.65,0
2020-12-08 13:45:00,13399.3,13411.9,13383.7,13397.05,0
2020-12-08 14:15:00,13397.25,13430.75,13396.05,13413.25,0
2020-12-08 14:45:00,13413.45,13420.25,13386.7,13388.5,0
2020-12-08 15:15:00,13389.6,13397.25,13375.95,13392.95,0
2020-12-09 09:15:00,13460.9,13479.5,13449.6,13476.4,0
2020-12-09 09:45:00,13475.9,13483.9,13464.05,13480.7,0
2020-12-09 10:15:00,13481.2,13494.85,13474.9,13477.05,0
2020-12-09 10:45:00,13476.05,13489.25,13464.95,13488.45,0
2020-12-09 11:15:00,13488.5,13496.8,13480.75,13490.3,0
2020-12-09 11:45:00,13490.45,13501.15,13479.05,13482.7,0
2020-12-09 12:15:00,13482.6,13485.35,13465.15,13469.25,0
2020-12-09 12:45:00,13469.15,13495.05,13469.15,13491.1,0
2020-12-09 13:15:00,13490.65,13517.25,13488.8,13511.3,0
2020-12-09 13:45:00,13511.55,13543.4,13507.8,13542.05,0
2020-12-09 14:15:00,13542.1,13548.9,13521.8,13527.35,0
2020-12-09 14:45:00,13528.1,13537.2,13509.65,13532.7,0
2020-12-09 15:15:00,13532.65,13541.45,13525.1,13529.1,0
2020-12-10 09:15:00,13475.4,13483.4,13417.95,13426.2,0
2020-12-10 09:45:00,13426.35,13429.15,13399.3,13415.75,0
2020-12-10 10:15:00,13416.05,13441.95,13408.25,13439.5,0
2020-12-10 10:45:00,13439.4,13458.65,13431.75,13451.8,0
2020-12-10 11:15:00,13451.85,13454.2,13417.55,13423.3,0
2020-12-10 11:45:00,13423.1,13430.6,13403.45,13418.6,0
2020-12-10 12:15:00,13418.15,13429.85,13412.6,13427.6,0
2020-12-10 12:45:00,13427.45,13444.45,13420.75,13434.9,0
2020-12-10 13:15:00,13435.05,13445.75,13406.95,13423.65,0
2020-12-10 13:45:00,13423.6,13441.8,13415.25,13416.9,0
2020-12-10 14:15:00,13416.85,13485.25,13409.05,13480.9,0
2020-12-10 14:45:00,13480.7,13503.55,13468.0,13471.25,0
2020-12-10 15:15:00,13471.15,13486.45,13470.8,13478.3,0
2020-12-11 09:15:00,13514.4,13562.0,13505.15,13548.2,0
2020-12-11 09:45:00,13548.0,13563.65,13541.05,13556.6,0
2020-12-11 10:15:00,13556.45,13579.35,13552.15,13558.3,0
2020-12-11 10:45:00,13558.4,13569.15,13547.7,13553.25,0
2020-12-11 11:15:00,13551.5,13558.3,13524.5,13538.65,0
2020-12-11 11:45:00,13537.75,13552.1,13530.2,13547.0,0
2020-12-11 12:15:00,13547.2,13566.55,13545.4,13562.65,0
2020-12-11 12:45:00,13562.9,13566.9,13543.0,13547.4,0
2020-12-11 13:15:00,13547.95,13552.2,13515.3,13532.25,0
2020-12-11 13:45:00,13532.75,13536.55,13445.65,13446.75,0
2020-12-11 14:15:00,13446.5,13481.25,13402.85,13463.75,0
2020-12-11 14:45:00,13464.25,13518.05,13454.7,13518.05,0
2020-12-11 15:15:00,13517.3,13528.2,13503.65,13513.85,0
2020-12-14 09:15:00,13571.95,13597.5,13556.4,13571.75,0
2020-12-14 09:45:00,13571.65,13576.0,13533.1,13542.8,0
2020-12-14 10:15:00,13542.5,13551.9,13517.35,13527.7,0
2020-12-14 10:45:00,13526.5,13540.65,13506.1,13524.7,0
2020-12-14 11:15:00,13524.3,13530.75,13503.65,13521.2,0
2020-12-14 11:45:00,13521.5,13524.9,13506.85,13521.45,0
2020-12-14 12:15:00,13521.9,13535.35,13515.85,13530.9,0
2020-12-14 12:45:00,13530.15,13538.15,13472.45,13536.4,0
2020-12-14 13:15:00,13535.15,13542.0,13506.3,13534.5,0
2020-12-14 13:45:00,13534.3,13554.05,13523.0,13543.45,0
2020-12-14 14:15:00,13543.05,13560.55,13533.1,13554.15,0
2020-12-14 14:45:00,13553.6,13567.3,13543.55,13562.25,0
2020-12-14 15:15:00,13561.55,13563.95,13549.2,13558.15,0
2020-12-15 09:15:00,13548.65,13548.65,13478.4,13503.4,0
2020-12-15 09:45:00,13502.85,13511.6,13451.3,13463.45,0
2020-12-15 10:15:00,13461.2,13484.95,13458.75,13459.95,0
2020-12-15 10:45:00,13459.45,13480.95,13447.05,13469.8,0
2020-12-15 11:15:00,13468.75,13500.75,13468.25,13499.95,0
2020-12-15 11:45:00,13500.55,13519.05,13486.55,13516.65,0
2020-12-15 12:15:00,13517.7,13525.65,13497.5,13497.9,0
2020-12-15 12:45:00,13498.35,13540.85,13497.35,13538.05,0
2020-12-15 13:15:00,13537.7,13546.8,13514.75,13528.75,0
2020-12-15 13:45:00,13529.7,13576.4,13528.5,13569.45,0
2020-12-15 14:15:00,13569.85,13589.65,13553.3,13553.85,0
2020-12-15 14:45:00,13554.85,13577.75,13553.95,13571.75,0
2020-12-15 15:15:00,13572.1,13579.6,13559.55,13567.85,0
2020-12-16 09:15:00,13666.45,13666.45,13637.2,13658.5,0
2020-12-16 09:45:00,13659.4,13660.8,13622.65,13631.6,0
2020-12-16 10:15:00,13632.35,13647.95,13628.95,13646.45,0
2020-12-16 10:45:00,13646.95,13658.35,13639.85,13643.65,0
2020-12-16 11:15:00,13643.5,13646.9,13633.9,13637.8,0
2020-12-16 11:45:00,13637.85,13656.45,13637.85,13650.05,0
2020-12-16 12:15:00,13650.2,13655.25,13625.5,13633.75,0
2020-12-16 12:45:00,13633.65,13653.8,13606.45,13642.7,0
2020-12-16 13:15:00,13642.0,13663.8,13634.85,13658.35,0
2020-12-16 13:45:00,13659.35,13688.2,13659.15,13685.55,0
2020-12-16 14:15:00,13686.7,13686.7,13663.2,13675.3,0
2020-12-16 14:45:00,13676.35,13692.35,13667.25,13685.35,0
2020-12-16 15:15:00,13686.65,13690.6,13669.7,13682.7,0
2020-12-17 09:15:00,13697.3,13709.3,13673.55,13708.8,0
2020-12-17 09:45:00,13708.65,13724.75,13704.8,13712.4,0
2020-12-17 10:15:00,13712.8,13722.95,13705.4,13711.25,0
2020-12-17 10:45:00,13711.1,13724.95,13707.4,13723.05,0
2020-12-17 11:15:00,13723.5,13730.75,13715.55,13717.7,0
2020-12-17 11:45:00,13717.25,13731.8,13710.4,13728.05,0
2020-12-17 12:15:00,13727.95,13742.4,13726.1,13731.2,0
2020-12-17 12:45:00,13731.15,13741.8,13723.1,13741.2,0
2020-12-17 13:15:00,13741.15,13763.8,13736.5,13755.2,0
2020-12-17 13:45:00,13755.1,13773.25,13751.6,13766.15,0
2020-12-17 14:15:00,13765.2,13770.45,13724.2,13754.7,0
2020-12-17 14:45:00,13755.2,13759.8,13731.9,13744.85,0
2020-12-17 15:15:00,13744.6,13745.1,13723.45,13740.7,0
2020-12-18 09:15:00,13771.45,13771.45,13683.4,13711.2,0
2020-12-18 09:45:00,13711.05,13712.2,13658.6,13695.05,0
2020-12-18 10:15:00,13694.95,13705.8,13684.35,13705.15,0
2020-12-18 10:45:00,13704.7,13717.35,13698.1,13708.3,0
2020-12-18 11:15:00,13707.75,13717.15,13696.75,13704.55,0
2020-12-18 11:45:00,13704.65,13712.8,13689.85,13704.75,0
2020-12-18 12:15:00,13705.15,13713.6,13686.25,13695.8,0
2020-12-18 12:45:00,13696.45,13708.2,13695.85,13704.3,0
2020-12-18 13:15:00,13705.45,13734.65,13699.5,13721.5,0
2020-12-18 13:45:00,13722.55,13752.3,13714.2,13751.45,0
2020-12-18 14:15:00,13753.2,13763.2,13727.2,13757.45,0
2020-12-18 14:45:00,13758.6,13766.7,13744.9,13761.75,0
2020-12-18 15:15:00,13762.35,13772.85,13738.45,13760.55,0
2020-12-21 09:15:00,13725.15,13734.0,13674.4,13732.85,0
2020-12-21 09:45:00,13732.55,13763.7,13724.55,13755.65,0
2020-12-21 10:15:00,13756.6,13777.5,13747.55,13761.95,0
2020-12-21 10:45:00,13761.3,13765.8,13729.25,13729.25,0
2020-12-21 11:15:00,13729.9,13743.55,13715.65,13722.75,0
2020-12-21 11:45:00,13721.75,13749.85,13720.05,13726.95,0
2020-12-21 12:15:00,13726.75,13738.55,13701.45,13705.8,0
2020-12-21 12:45:00,13705.3,13713.25,13641.4,13671.4,0
2020-12-21 13:15:00,13669.45,13680.65,13613.5,13629.85,0
2020-12-21 13:45:00,13631.05,13631.3,13548.75,13582.75,0
2020-12-21 14:15:00,13582.15,13584.8,13131.45,13360.85,0
2020-12-21 14:45:00,13362.3,13391.8,13207.2,13338.9,0
2020-12-21 15:15:00,13339.9,13348.4,13275.7,13328.4,0
2020-12-22 09:15:00,13378.3,13446.75,13211.55,13220.2,0
2020-12-22 09:45:00,13219.9,13345.55,13192.9,13301.4,0
2020-12-22 10:15:00,13300.95,13342.3,13279.4,13295.9,0
2020-12-22 10:45:00,13296.0,13304.1,13260.2,13260.2,0
2020-12-22 11:15:00,13260.65,13262.3,13208.65,13227.65,0
2020-12-22 11:45:00,13228.0,13275.7,13220.1,13241.65,0
2020-12-22 12:15:00,13241.9,13285.55,13196.75,13278.6,0
2020-12-22 12:45:00,13279.15,13297.15,13250.0,13278.55,0
2020-12-22 13:15:00,13279.7,13364.5,13266.65,13361.45,0
2020-12-22 13:45:00,13361.65,13428.8,13330.3,13427.8,0
2020-12-22 14:15:00,13426.4,13466.55,13416.6,13449.8,0
2020-12-22 14:45:00,13449.35,13484.7,13396.1,13470.0,0
2020-12-22 15:15:00,13468.35,13492.05,13459.5,13466.3,0
2020-12-23 09:15:00,13478.35,13517.2,13432.2,13510.3,0
2020-12-23 09:45:00,13510.6,13535.05,13493.1,13494.05,0
2020-12-23 10:15:00,13494.25,13542.7,13492.75,13530.5,0
2020-12-23 10:45:00,13530.95,13536.75,13517.05,13523.45,0
2020-12-23 11:15:00,13522.85,13534.05,13502.35,13515.15,0
2020-12-23 11:45:00,13515.8,13545.9,13514.45,13538.3,0
2020-12-23 12:15:00,13538.1,13561.4,13537.85,13560.25,0
2020-12-23 12:45:00,13560.45,13566.1,13516.65,13540.0,0
2020-12-23 13:15:00,13540.25,13560.9,13530.15,13555.45,0
2020-12-23 13:45:00,13555.8,13568.85,13538.3,13553.45,0
2020-12-23 14:15:00,13553.6,13581.25,13551.05,13573.7,0
2020-12-23 14:45:00,13574.2,13605.85,13564.15,13605.2,0
2020-12-23 15:15:00,13605.1,13619.45,13597.6,13601.1,0
2020-12-24 09:15:00,13643.95,13716.85,13643.95,13705.15,0
2020-12-24 09:45:00,13704.2,13734.7,13690.2,13733.35,0
2020-12-24 10:15:00,13733.7,13739.15,13702.4,13706.45,0
2020-12-24 10:45:00,13705.65,13709.85,13652.75,13656.65,0
2020-12-24 11:15:00,13655.45,13678.05,13626.9,13671.75,0
2020-12-24 11:45:00,13673.25,13684.05,13652.95,13675.85,0
2020-12-24 12:15:00,13676.15,13712.8,13674.8,13709.65,0
2020-12-24 12:45:00,13710.2,13715.35,13679.05,13695.9,0
2020-12-24 13:15:00,13696.15,13736.1,13682.75,13729.75,0
2020-12-24 13:45:00,13729.9,13740.2,13714.85,13727.85,0
2020-12-24 14:15:00,13727.8,13766.2,13718.4,13765.2,0
2020-12-24 14:45:00,13765.65,13771.75,13739.4,13749.75,0
2020-12-24 15:15:00,13749.65,13753.85,13729.2,13749.25,0
2020-12-28 09:15:00,13824.4,13865.45,13813.5,13840.0,0
2020-12-28 09:45:00,13839.95,13847.85,13820.25,13843.8,0
2020-12-28 10:15:00,13842.85,13847.65,13811.55,13822.35,0
2020-12-28 10:45:00,13821.3,13837.9,13818.1,13827.75,0
2020-12-28 11:15:00,13827.85,13840.65,13824.95,13839.25,0
2020-12-28 11:45:00,13839.15,13850.95,13835.45,13849.25,0
2020-12-28 12:15:00,13849.05,13863.05,13848.95,13858.6,0
2020-12-28 12:45:00,13858.7,13869.75,13855.2,13865.15,0
2020-12-28 13:15:00,13865.05,13870.35,13843.0,13851.9,0
2020-12-28 13:45:00,13852.3,13871.5,13851.8,13861.95,0
2021-01-01 09:15:00,13997.9,14028.9,13991.35,14025.05,0
2021-01-01 09:45:00,14025.25,14033.85,14016.3,14025.25,0
2021-01-01 10:15:00,14024.6,14036.45,14017.6,14028.9,0
2021-01-01 10:45:00,14028.35,14037.25,14023.6,14029.35,0
2021-01-01 11:15:00,14028.9,14034.25,14018.6,14019.55,0
2021-01-01 11:45:00,14019.0,14025.95,14004.95,14023.05,0
2021-01-01 12:15:00,14022.7,14039.05,14015.95,14037.7,0
2021-01-01 12:45:00,14037.65,14040.25,14027.2,14030.35,0
2021-01-01 13:15:00,14030.5,14039.3,14017.8,14025.8,0
2021-01-01 13:45:00,14025.1,14043.45,14022.25,14043.45,0
2021-01-01 14:15:00,14042.5,14049.85,14036.7,14045.6,0
2021-01-01 14:45:00,14044.25,14046.2,14013.75,14015.0,0
2021-01-01 15:15:00,14016.15,14028.8,14001.6,14018.5,0
2021-01-04 09:15:00,14105.55,14114.15,14080.15,14093.8,0
2021-01-04 09:45:00,14093.4,14107.35,14080.0,14086.55,0
2021-01-04 10:15:00,14086.95,14095.25,14081.85,14086.6,0
2021-01-04 10:45:00,14086.75,14090.0,13953.75,14017.8,0
2021-01-04 11:15:00,14017.65,14060.9,14004.75,14056.1,0
2021-01-04 11:45:00,14056.35,14064.5,14030.9,14060.7,0
2021-01-04 12:15:00,14061.05,14078.15,14048.55,14075.15,0
2021-01-04 12:45:00,14075.9,14088.6,14068.05,14085.5,0
2021-01-04 13:15:00,14084.85,14104.6,14077.35,14103.75,0
2021-01-04 13:45:00,14102.75,14116.2,14084.85,14096.55,0
2021-01-04 14:15:00,14096.7,14118.8,14068.95,14111.0,0
2021-01-04 14:45:00,14110.7,14136.3,14105.95,14128.0,0
2021-01-04 15:15:00,14127.4,14147.95,14122.7,14132.9,0
2021-01-05 09:15:00,14078.05,14115.7,14048.15,14093.35,0
2021-01-05 09:45:00,14091.9,14103.15,14066.1,14071.6,0
2021-01-05 10:15:00,14070.8,14090.3,14049.05,14089.4,0
2021-01-05 10:45:00,14088.9,14125.8,14083.15,14119.75,0
2021-01-05 11:15:00,14119.7,14136.0,14113.3,14132.4,0
2021-01-05 11:45:00,14132.65,14139.95,14114.6,14139.3,0
2021-01-05 12:15:00,14139.0,14155.1,14129.55,14151.85,0
2021-01-05 12:45:00,14151.9,14153.15,14131.8,14133.0,0
2021-01-05 13:15:00,14132.9,14149.5,14087.85,14147.3,0
2021-01-05 13:45:00,14147.75,14172.4,14146.25,14164.8,0
2021-01-05 14:15:00,14163.85,14177.4,14146.65,14172.15,0
2021-01-05 14:45:00,14172.1,14210.6,14161.35,14207.2,0
2021-01-05 15:15:00,14207.65,14215.6,14194.65,14199.5,0
2021-01-06 09:15:00,14244.15,14244.15,14183.35,14201.05,0
2021-01-06 09:45:00,14201.15,14223.35,14174.7,14191.7,0
2021-01-06 10:15:00,14192.2,14209.5,14185.75,14208.5,0
2021-01-06 10:45:00,14207.9,14220.5,14206.5,14216.45,0
2021-01-06 11:15:00,14216.85,14217.75,14199.4,14211.2,0
2021-01-06 11:45:00,14211.05,14211.15,14177.45,14189.05,0
2021-01-06 12:15:00,14188.85,14212.8,14186.45,14199.5,0
2021-01-06 12:45:00,14199.55,14207.9,14177.15,14179.05,0
2021-01-06 13:15:00,14178.2,14201.1,14124.3,14155.3,0
2021-01-06 13:45:00,14154.8,14154.8,14039.9,14074.85,0
2021-01-06 14:15:00,14073.6,14138.25,14063.25,14137.1,0
2021-01-06 14:45:00,14138.25,14166.35,14130.9,14148.85,0
2021-01-06 15:15:00,14148.25,14157.9,14124.05,14146.25,0
2021-01-07 09:15:00,14256.25,14256.25,14208.2,14215.7,0
2021-01-07 09:45:00,14215.3,14237.0,14193.1,14203.1,0
2021-01-07 10:15:00,14203.2,14215.2,14173.4,14178.2,0
2021-01-07 10:45:00,14178.9,14199.3,14165.45,14187.35,0
2021-01-07 11:15:00,14187.45,14196.0,14179.55,14187.95,0
2021-01-07 11:45:00,14188.55,14197.45,14181.25,14193.1,0
2021-01-07 12:15:00,14192.95,14217.05,14184.7,14215.3,0
2021-01-07 12:45:00,14214.7,14216.1,14190.45,14207.55,0
2021-01-07 13:15:00,14208.0,14214.6,14157.5,14176.75,0
2021-01-07 13:45:00,14177.2,14199.1,14172.05,14188.5,0
2021-01-07 14:15:00,14189.0,14195.05,14177.85,14185.25,0
2021-01-07 14:45:00,14185.75,14186.05,14124.6,14135.65,0
2021-01-07 15:15:00,14136.55,14148.5,14123.1,14137.35,0
2021-01-08 09:15:00,14259.15,14259.15,14221.65,14238.75,0
2021-01-08 09:45:00,14239.3,14256.9,14227.2,14253.35,0
2021-01-08 10:15:00,14252.9,14289.3,14252.6,14282.1,0
2021-01-08 10:45:00,14282.0,14282.4,14260.7,14273.7,0
2021-01-08 11:15:00,14273.2,14286.5,14261.75,14283.35,0
2021-01-08 11:45:00,14283.4,14291.7,14272.15,14287.8,0
2021-01-08 12:15:00,14288.45,14300.2,14284.0,14298.15,0
2021-01-08 12:45:00,14298.9,14302.1,14282.55,14289.15,0
2021-01-08 13:15:00,14289.05,14298.7,14262.05,14273.15,0
2021-01-08 13:45:00,14273.9,14296.6,14272.75,14286.0,0
2021-01-08 14:15:00,14285.65,14322.5,14260.8,14317.1,0
2021-01-08 14:45:00,14317.3,14358.2,14305.55,14357.25,0
2021-01-08 15:15:00,14357.45,14367.3,14343.45,14347.25,0
2021-01-11 10:45:00,14474.05,14479.7,14383.1,14443.0,0
2021-01-11 11:15:00,14442.85,14443.55,14406.85,14412.2,0
2021-01-11 11:45:00,14412.3,14439.0,14394.35,14433.35,0
2021-01-11 12:15:00,14434.15,14448.3,14420.45,14448.2,0
2021-01-11 12:45:00,14446.9,14448.65,14419.2,14440.6,0
2021-01-11 13:15:00,14439.7,14469.5,14435.45,14462.3,0
2021-01-11 13:45:00,14463.3,14473.35,14435.75,14461.9,0
2021-01-11 14:15:00,14462.0,14482.8,14445.45,14472.35,0
2021-01-11 14:45:00,14472.65,14491.8,14465.45,14486.8,0
2021-01-11 15:15:00,14487.15,14498.2,14478.3,14484.75,0
2021-01-12 09:15:00,14483.05,14498.55,14432.85,14496.35,0
2021-01-12 09:45:00,14497.3,14499.95,14458.25,14459.1,0
2021-01-12 10:15:00,14458.4,14489.05,14450.6,14488.4,0
2021-01-12 10:45:00,14488.7,14494.2,14460.6,14494.2,0
2021-01-12 11:15:00,14494.05,14510.05,14490.7,14494.9,0
2021-01-12 11:45:00,14494.15,14525.8,14485.0,14516.55,0
2021-01-12 12:15:00,14517.5,14540.5,14511.7,14537.7,0
2021-01-12 12:45:00,14537.9,14550.65,14525.15,14548.0,0
2021-01-12 13:15:00,14547.95,14579.05,14544.35,14577.75,0
2021-01-12 13:45:00,14577.85,14581.65,14544.45,14570.1,0
2021-01-12 14:15:00,14569.9,14590.65,14561.0,14581.0,0
2021-01-12 14:45:00,14580.85,14585.65,14556.8,14569.6,0
2021-01-12 15:15:00,14569.9,14575.65,14554.0,14563.45,0
2021-01-13 09:15:00,14644.1,14653.35,14617.65,14645.25,0
2021-01-13 09:45:00,14646.0,14650.1,14619.65,14623.4,0
2021-01-13 10:15:00,14622.25,14636.05,14585.8,14602.35,0
2021-01-13 10:45:00,14602.6,14620.6,14598.25,14601.95,0
2021-01-13 11:15:00,14601.6,14603.45,14546.15,14556.7,0
2021-01-13 11:45:00,14556.95,14577.85,14526.1,14560.0,0
2021-01-13 12:15:00,14559.85,14577.7,14552.3,14561.7,0
2021-01-13 12:45:00,14562.55,14589.4,14537.5,14545.6,0
2021-01-13 13:15:00,14546.25,14563.95,14496.55,14519.0,0
2021-01-13 13:45:00,14517.7,14520.25,14435.7,14499.3,0
2021-01-13 14:15:00,14500.0,14545.05,14484.45,14523.0,0
2021-01-13 14:45:00,14522.65,14579.65,14517.15,14575.8,0
2021-01-13 15:15:00,14575.45,14578.0,14540.2,14564.85,0
2021-01-14 09:15:00,14552.65,14562.8,14481.55,14494.15,0
2021-01-14 09:45:00,14494.4,14526.15,14471.5,14507.8,0
2021-01-14 10:15:00,14508.8,14539.15,14499.95,14537.25,0
2021-01-14 10:45:00,14536.95,14577.4,14528.3,14567.55,0
2021-01-14 11:15:00,14567.45,14587.25,14556.65,14573.75,0
2021-01-14 11:45:00,14573.55,14576.5,14557.15,14569.9,0
2021-01-14 12:15:00,14570.0,14596.7,14569.7,14583.05,0
2021-01-14 12:45:00,14584.1,14588.9,14556.15,14584.8,0
2021-01-14 13:15:00,14584.4,14595.8,14566.35,14583.5,0
2021-01-14 13:45:00,14584.05,14617.8,14582.9,14592.0,0
2021-01-14 14:15:00,14591.55,14611.0,14580.3,14580.45,0
2021-01-14 14:45:00,14578.85,14608.95,14578.05,14587.6,0
2021-01-14 15:15:00,14587.75,14604.45,14584.8,14595.6,0
2021-01-15 09:15:00,14597.9,14617.45,14508.35,14509.7,0
2021-01-15 09:45:00,14508.65,14551.0,14474.95,14535.95,0
2021-01-15 10:15:00,14536.35,14545.75,14495.9,14518.15,0
2021-01-15 10:45:00,14516.95,14529.05,14462.25,14483.35,0
2021-01-15 11:15:00,14482.8,14500.65,14445.85,14500.3,0
2021-01-15 11:45:00,14502.6,14510.0,14480.0,14501.25,0
2021-01-15 12:15:00,14499.75,14537.55,14488.5,14536.95,0
2021-01-15 12:45:00,14538.1,14541.05,14510.2,14520.2,0
2021-01-15 13:15:00,14520.55,14538.2,14502.8,14525.5,0
2021-01-15 13:45:00,14525.35,14526.8,14398.0,14406.2,0
2021-01-15 14:15:00,14406.85,14459.5,14357.85,14442.95,0
2021-01-15 14:45:00,14443.6,14455.5,14419.5,14433.45,0
2021-01-15 15:15:00,14432.6,14444.75,14425.15,14433.7,0
2021-01-18 09:15:00,14459.15,14459.15,14321.9,14361.6,0
2021-01-18 09:45:00,14361.4,14381.75,14314.65,14340.1,0
2021-01-18 10:15:00,14340.65,14341.0,14263.6,14307.45,0
2021-01-18 10:45:00,14307.9,14335.65,14274.5,14328.75,0
2021-01-18 11:15:00,14329.5,14346.55,14280.3,14284.05,0
2021-01-18 11:45:00,14283.5,14303.85,14266.3,14298.1,0
2021-01-18 12:15:00,14297.8,14320.2,14285.4,14310.8,0
2021-01-18 12:45:00,14311.25,14323.0,14295.65,14315.5,0
2021-01-18 13:15:00,14314.1,14353.1,14271.55,14342.45,0
2021-01-18 13:45:00,14343.2,14403.25,14335.6,14400.9,0
2021-01-18 14:15:00,14402.15,14403.7,14319.75,14341.05,0
2021-01-18 14:45:00,14341.55,14345.3,14286.05,14287.0,0
2021-01-18 15:15:00,14287.1,14295.15,14222.8,14281.3,0
2021-01-19 09:15:00,14377.3,14419.5,14361.65,14367.3,0
2021-01-19 09:45:00,14367.15,14424.25,14350.85,14412.5,0
2021-01-19 10:15:00,14412.6,14443.95,14402.85,14439.85,0
2021-01-19 10:45:00,14441.75,14456.25,14431.25,14433.0,0
2021-01-19 11:15:00,14432.85,14455.4,14424.95,14436.6,0
2021-01-19 11:45:00,14437.15,14478.45,14432.05,14468.85,0
2021-01-19 12:15:00,14469.2,14477.3,14458.9,14467.05,0
2021-01-19 12:45:00,14467.0,14492.25,14456.75,14481.15,0
2021-01-19 13:15:00,14481.65,14504.05,14471.75,14497.5,0
2021-01-19 13:45:00,14496.95,14513.2,14483.6,14495.75,0
2021-01-19 14:15:00,14495.95,14538.25,14493.25,14536.75,0
2021-01-19 14:45:00,14537.05,14546.05,14516.9,14526.75,0
2021-01-19 15:15:00,14527.3,14529.6,14509.65,14521.15,0
2021-01-20 09:15:00,14548.45,14587.1,14517.55,14558.2,0
2021-01-20 09:45:00,14557.85,14588.0,14556.75,14576.85,0
2021-01-20 10:15:00,14576.35,14607.0,14569.9,14605.7,0
2021-01-20 10:45:00,14605.35,14623.55,14603.6,14611.7,0
2021-01-20 11:15:00,14611.55,14620.3,14606.6,14609.6,0
2021-01-20 11:45:00,14609.85,14612.55,14594.55,14606.95,0
2021-01-20 12:15:00,14606.85,14608.1,14562.7,14586.25,0
2021-01-20 12:45:00,14586.5,14611.05,14561.45,14602.25,0
2021-01-20 13:15:00,14601.7,14628.3,14588.7,14625.45,0
2021-01-20 13:45:00,14626.2,14634.95,14610.45,14631.85,0
2021-01-20 14:15:00,14631.7,14659.6,14631.7,14651.55,0
2021-01-20 14:45:00,14650.7,14666.45,14643.2,14643.85,0
2021-01-20 15:15:00,14643.05,14650.6,14619.15,14644.7,0
2021-01-21 09:15:00,14734.95,14738.3,14695.25,14727.2,0
2021-01-21 09:45:00,14727.95,14729.6,14705.05,14727.3,0
2021-01-21 10:15:00,14727.15,14733.7,14716.3,14726.0,0
2021-01-21 10:45:00,14726.7,14744.0,14723.55,14741.25,0
2021-01-21 11:15:00,14740.35,14745.2,14727.0,14730.25,0
2021-01-21 11:45:00,14730.05,14740.25,14724.8,14734.45,0
2021-01-21 12:15:00,14734.0,14750.7,14732.2,14737.95,0
2021-01-21 12:45:00,14738.35,14743.35,14728.5,14740.85,0
2021-01-21 13:15:00,14741.15,14753.55,14735.85,14746.0,0
2021-01-21 13:45:00,14746.35,14747.8,14698.15,14699.9,0
2021-01-21 14:15:00,14699.5,14724.0,14673.45,14678.05,0
2021-01-21 14:45:00,14677.8,14679.35,14517.25,14586.45,0
2021-01-21 15:15:00,14586.7,14632.8,14585.45,14590.35,0
2021-01-22 09:15:00,14590.35,14612.1,14518.45,14590.6,0
2021-01-22 09:45:00,14589.75,14612.5,14565.3,14601.25,0
2021-01-22 10:15:00,14600.65,14619.9,14542.6,14567.4,0
2021-01-22 10:45:00,14566.4,14574.25,14486.05,14499.35,0
2021-01-22 11:15:00,14500.25,14527.1,14453.0,14499.0,0
2021-01-22 11:45:00,14498.7,14536.9,14479.3,14503.25,0
2021-01-22 12:15:00,14502.85,14513.45,14448.35,14456.35,0
2021-01-22 12:45:00,14455.1,14482.6,14401.0,14401.25,0
2021-01-22 13:15:00,14399.25,14450.8,14380.15,14401.95,0
2021-01-22 13:45:00,14401.9,14442.0,14371.15,14402.1,0
2021-01-22 14:15:00,14401.25,14486.35,14392.4,14433.75,0
2021-01-22 14:45:00,14432.25,14448.15,14359.55,14362.95,0
2021-01-22 15:15:00,14364.5,14382.85,14357.75,14371.9,0
2021-01-25 09:15:00,14479.65,14491.1,14300.9,14317.8,0
2021-01-25 09:45:00,14312.4,14404.3,14260.25,14376.45,0
2021-01-25 10:15:00,14378.8,14438.55,14365.55,14373.2,0
2021-01-25 10:45:00,14373.9,14416.1,14353.3,14411.6,0
2021-01-25 11:15:00,14411.75,14413.6,14348.45,14354.55,0
2021-01-25 11:45:00,14353.5,14366.85,14323.85,14356.45,0
2021-01-25 12:15:00,14355.05,14395.2,14344.4,14382.35,0
2021-01-25 12:45:00,14382.2,14402.2,14363.25,14399.45,0
2021-01-25 13:15:00,14399.85,14413.0,14354.3,14355.5,0
2021-01-25 13:45:00,14355.7,14377.3,14283.75,14316.7,0
2021-01-25 14:15:00,14316.9,14322.75,14259.75,14296.7,0
2021-01-25 14:45:00,14296.1,14305.15,14223.65,14240.5,0
2021-01-25 15:15:00,14240.1,14251.75,14218.6,14238.9,0
2021-01-27 09:15:00,14201.85,14222.7,14137.7,14150.3,0
2021-01-27 09:45:00,14150.1,14167.5,14111.95,14167.5,0
2021-01-27 10:15:00,14167.7,14167.7,14107.15,14114.55,0
2021-01-27 10:45:00,14114.1,14153.05,14106.2,14146.75,0
2021-01-27 11:15:00,14146.4,14168.0,14102.3,14106.45,0
2021-01-27 11:45:00,14106.8,14114.4,14080.3,14086.4,0
2021-01-27 12:15:00,14085.95,14108.65,14069.45,14080.6,0
2021-01-27 12:45:00,14081.1,14092.15,14059.95,14066.7,0
2021-01-27 13:15:00,14067.6,14078.65,14016.1,14017.9,0
2021-01-27 13:45:00,14017.75,14049.3,13974.2,13978.1,0
2021-01-27 14:15:00,13977.65,13993.2,13929.3,13939.1,0
2021-01-27 14:45:00,13940.1,14009.75,13939.05,13965.3,0
2021-01-27 15:15:00,13965.9,13983.35,13957.45,13967.5,0
2021-01-28 09:15:00,13836.55,13898.25,13794.2,13880.25,0
2021-01-28 09:45:00,13879.95,13882.3,13837.3,13866.4,0
2021-01-28 10:15:00,13866.0,13886.15,13814.3,13821.9,0
2021-01-28 10:45:00,13822.6,13874.35,13821.15,13862.6,0
2021-01-28 11:15:00,13862.5,13865.9,13831.3,13840.9,0
2021-01-28 11:45:00,13841.0,13845.75,13802.7,13811.9,0
2021-01-28 12:15:00,13811.3,13839.9,13760.15,13767.5,0
2021-01-28 12:45:00,13767.75,13767.75,13713.25,13740.6,0
2021-01-28 13:15:00,13741.1,13845.5,13739.85,13834.35,0
2021-01-28 13:45:00,13834.7,13843.8,13782.75,13802.15,0
2021-01-28 14:15:00,13801.55,13825.0,13754.15,13777.7,0
2021-01-28 14:45:00,13776.95,13835.0,13753.8,13822.8,0
2021-01-28 15:15:00,13823.25,13829.7,13809.1,13817.55,0
2021-01-29 09:15:00,13954.45,13966.85,13851.3,13853.0,0
2021-01-29 09:45:00,13852.0,13882.2,13827.6,13855.9,0
2021-01-29 10:15:00,13856.3,13882.2,13784.5,13819.65,0
2021-01-29 10:45:00,13820.1,13870.05,13803.6,13869.9,0
2021-01-29 11:15:00,13868.2,13868.3,13808.45,13811.4,0
2021-01-29 11:45:00,13810.85,13825.95,13776.4,13786.95,0
2021-01-29 12:15:00,13786.75,13840.65,13780.7,13799.5,0
2021-01-29 12:45:00,13799.1,13824.2,13755.85,13767.8,0
2021-01-29 13:15:00,13768.7,13793.9,13740.3,13743.95,0
2021-01-29 13:45:00,13743.65,13806.9,13728.1,13804.1,0
2021-01-29 14:15:00,13804.0,13873.0,13794.55,13794.55,0
2021-01-29 14:45:00,13796.25,13804.25,13607.55,13625.6,0
2021-01-29 15:15:00,13626.0,13670.65,13596.75,13634.6,0
2021-02-01 09:15:00,13766.05,13773.8,13668.3,13683.2,0
2021-02-01 09:45:00,13682.1,13756.7,13661.75,13746.65,0
2021-02-01 10:15:00,13747.3,13773.85,13721.85,13772.65,0
2021-02-01 10:45:00,13772.45,13793.75,13750.55,13760.9,0
2021-02-01 11:15:00,13760.35,13858.15,13759.65,13850.8,0
2021-02-01 11:45:00,13850.15,13906.1,13807.45,13807.45,0
2021-02-01 12:15:00,13809.3,13877.05,13778.3,13845.0,0
2021-02-01 12:45:00,13844.95,14113.55,13825.1,14021.85,0
2021-02-01 13:15:00,14024.65,14200.6,14021.35,14186.4,0
2021-02-01 13:45:00,14186.7,14214.8,14111.85,14145.9,0
2021-02-01 14:15:00,14144.05,14290.5,14119.6,14283.25,0
2021-02-01 14:45:00,14282.95,14296.1,14230.9,14269.9,0
2021-02-01 15:15:00,14268.1,14336.35,14263.8,14281.2,0
2021-02-02 09:15:00,14483.2,14699.8,14469.15,14657.75,0
2021-02-02 09:45:00,14657.2,14731.7,14644.0,14657.45,0
2021-02-02 10:15:00,14656.6,14663.1,14525.1,14527.0,0
2021-02-02 10:45:00,14526.6,14597.15,14501.75,14588.2,0
2021-02-02 11:15:00,14588.5,14611.7,14536.1,14549.55,0
2021-02-02 11:45:00,14547.6,14590.85,14513.3,14589.25,0
2021-02-02 12:15:00,14588.7,14591.8,14553.6,14562.6,0
2021-02-02 12:45:00,14562.2,14629.1,14542.8,14609.4,0
2021-02-02 13:15:00,14609.65,14648.35,14591.8,14636.35,0
2021-02-02 13:45:00,14636.55,14650.45,14569.45,14646.75,0
2021-02-02 14:15:00,14647.4,14689.85,14638.9,14675.65,0
2021-02-02 14:45:00,14676.7,14676.7,14597.25,14642.9,0
2021-02-02 15:15:00,14644.1,14673.45,14638.0,14647.85,0
2021-02-03 09:15:00,14735.15,14746.95,14574.15,14713.55,0
2021-02-03 09:45:00,14711.95,14754.5,14682.15,14753.6,0
2021-02-03 10:15:00,14756.0,14810.8,14755.55,14802.15,0
2021-02-03 10:45:00,14801.25,14820.4,14780.6,14791.55,0
2021-02-03 11:15:00,14791.7,14828.85,14787.15,14803.85,0
2021-02-03 11:45:00,14803.3,14816.35,14787.75,14811.0,0
2021-02-03 12:15:00,14811.85,14845.45,14811.3,14832.05,0
2021-02-03 12:45:00,14830.6,14862.0,14811.6,14848.35,0
2021-02-03 13:15:00,14849.1,14868.85,14841.3,14852.5,0
2021-02-03 13:45:00,14852.1,14866.15,14804.35,14820.4,0
2021-02-03 14:15:00,14819.95,14865.45,14806.1,14842.8,0
2021-02-03 14:45:00,14842.75,14846.35,14762.8,14792.85,0
2021-02-03 15:15:00,14793.55,14799.7,14779.3,14789.95,0
2021-02-04 09:15:00,14768.9,14794.6,14723.25,14771.45,0
2021-02-04 09:45:00,14771.95,14779.05,14729.1,14749.95,0
2021-02-04 10:15:00,14751.15,14764.15,14740.9,14748.7,0
2021-02-04 10:45:00,14747.95,14789.2,14714.75,14784.45,0
2021-02-04 11:15:00,14785.5,14829.8,14784.15,14829.45,0
2021-02-04 11:45:00,14829.65,14839.35,14810.6,14821.8,0
2021-02-04 12:15:00,14821.9,14862.65,14821.9,14841.65,0
2021-02-04 12:45:00,14842.65,14850.45,14809.3,14831.7,0
2021-02-04 13:15:00,14831.0,14857.5,14813.95,14826.85,0
2021-02-04 13:45:00,14827.3,14907.95,14827.3,14903.3,0
2021-02-04 14:15:00,14901.15,14903.05,14862.95,14881.25,0
2021-02-04 14:45:00,14881.5,14913.7,14881.5,14885.0,0
2021-02-04 15:15:00,14885.5,14904.5,14882.05,14895.65,0
2021-02-05 09:15:00,14972.0,15014.65,14944.0,14980.45,0
2021-02-05 09:45:00,14980.15,14990.75,14923.05,14946.45,0
2021-02-05 10:15:00,14946.15,14968.7,14894.55,14937.2,0
2021-02-05 10:45:00,14936.85,14950.9,14864.75,14940.25,0
2021-02-05 11:15:00,14939.65,14980.55,14939.65,14964.7,0
2021-02-05 11:45:00,14964.15,14990.3,14959.05,14981.75,0
2021-02-05 12:15:00,14983.55,14987.05,14944.1,14954.2,0
2021-02-05 12:45:00,14953.95,14975.5,14912.2,14914.55,0
2021-02-05 13:15:00,14914.7,14944.95,14882.35,14902.5,0
2021-02-05 13:45:00,14903.45,14961.3,14887.45,14946.2,0
2021-02-05 14:15:00,14946.25,14959.3,14900.95,14928.2,0
2021-02-05 14:45:00,14928.65,14943.65,14899.45,14918.65,0
2021-02-05 15:15:00,14919.65,14942.55,14916.85,14924.25,0
2021-02-08 09:15:00,15064.8,15119.25,15041.05,15096.5,0
2021-02-08 09:45:00,15096.9,15114.35,15084.75,15103.25,0
2021-02-08 10:15:00,15103.4,15133.0,15100.25,15125.95,0
2021-02-08 10:45:00,15126.85,15130.0,15103.55,15114.8,0
2021-02-08 11:15:00,15114.85,15126.2,15100.65,15114.1,0
2021-02-08 11:45:00,15114.4,15121.3,15080.25,15091.2,0
2021-02-08 12:15:00,15091.55,15119.5,15058.0,15112.65,0
2021-02-08 12:45:00,15112.0,15125.3,15090.2,15124.55,0
2021-02-08 13:15:00,15124.9,15128.15,15103.95,15110.75,0
2021-02-08 13:45:00,15110.2,15157.7,15106.6,15138.15,0
2021-02-08 14:15:00,15137.7,15159.9,15121.85,15131.15,0
2021-02-08 14:45:00,15131.6,15139.9,15098.45,15116.2,0
2021-02-08 15:15:00,15116.7,15130.7,15106.6,15115.8,0
2021-02-09 09:15:00,15173.25,15197.8,15137.25,15165.65,0
2021-02-09 09:45:00,15165.35,15182.35,15133.8,15168.55,0
2021-02-09 10:15:00,15167.75,15205.9,15157.85,15191.75,0
2021-02-09 10:45:00,15191.85,15226.05,15191.7,15219.15,0
2021-02-09 11:15:00,15218.65,15237.9,15218.0,15225.3,0
2021-02-09 11:45:00,15224.9,15236.3,15195.7,15222.35,0
2021-02-09 12:15:00,15221.55,15237.7,15213.15,15235.0,0
2021-02-09 12:45:00,15235.2,15244.2,15221.55,15236.3,0
2021-02-09 13:15:00,15236.4,15256.1,15222.0,15249.15,0
2021-02-09 13:45:00,15249.25,15251.4,15230.05,15243.25,0
2021-02-09 14:15:00,15241.55,15257.1,15197.6,15206.35,0
2021-02-09 14:45:00,15206.1,15206.1,15064.3,15115.05,0
2021-02-09 15:15:00,15116.75,15130.5,15103.6,15109.3,0
2021-02-10 09:15:00,15125.9,15168.25,15070.85,15120.25,0
2021-02-10 09:45:00,15119.3,15140.8,15073.0,15077.15,0
2021-02-10 10:15:00,15076.5,15076.5,15006.1,15031.05,0
2021-02-10 10:45:00,15030.35,15080.8,15027.15,15069.25,0
2021-02-10 11:15:00,15069.55,15094.85,15063.45,15090.1,0
2021-02-10 11:45:00,15089.75,15125.15,15085.1,15096.0,0
2021-02-10 12:15:00,15096.15,15112.8,15080.55,15091.0,0
2021-02-10 12:45:00,15091.85,15112.85,15066.25,15074.95,0
2021-02-10 13:15:00,15074.9,15080.05,14988.35,15000.0,0
2021-02-10 13:45:00,14998.65,15049.3,14977.2,15042.25,0
2021-02-10 14:15:00,15042.7,15075.45,15027.75,15061.5,0
2021-02-10 14:45:00,15061.0,15109.0,14993.7,15106.55,0
2021-02-10 15:15:00,15107.45,15142.85,15106.5,15106.5,0
2021-02-11 09:15:00,15078.2,15151.1,15065.4,15137.2,0
2021-02-11 09:45:00,15137.35,15167.7,15137.0,15148.9,0
2021-02-11 10:15:00,15147.5,15162.7,15134.2,15157.65,0
2021-02-11 10:45:00,15157.8,15162.1,15126.45,15126.8,0
2021-02-11 11:15:00,15125.85,15142.1,15118.8,15140.0,0
2021-02-11 11:45:00,15140.2,15150.55,15108.0,15128.25,0
2021-02-11 12:15:00,15127.75,15161.25,15122.85,15142.8,0
2021-02-11 12:45:00,15142.55,15149.25,15109.2,15135.8,0
2021-02-11 13:15:00,15134.75,15137.45,15109.95,15119.4,0
2021-02-11 13:45:00,15118.8,15152.7,15114.1,15148.9,0
2021-02-11 14:15:00,15148.55,15177.95,15140.05,15167.95,0
2021-02-11 14:45:00,15168.3,15176.6,15145.95,15173.55,0
2021-02-11 15:15:00,15172.75,15188.5,15166.9,15173.3,0
2021-02-12 09:15:00,15191.55,15223.3,15157.75,15194.75,0
2021-02-12 09:45:00,15194.05,15207.25,15169.2,15192.95,0
2021-02-12 10:15:00,15193.25,15214.75,15184.05,15213.65,0
2021-02-12 10:45:00,15213.4,15238.85,15211.55,15238.0,0
2021-02-12 11:15:00,15239.7,15243.5,15205.6,15214.6,0
2021-02-12 11:45:00,15216.55,15225.35,15193.55,15198.75,0
2021-02-12 12:15:00,15198.05,15216.8,15195.2,15195.5,0
2021-02-12 12:45:00,15196.2,15231.25,15194.05,15221.75,0
2021-02-12 13:15:00,15221.95,15227.45,15172.45,15187.75,0
2021-02-12 13:45:00,15188.15,15196.95,15081.0,15117.05,0
2021-02-12 14:15:00,15116.7,15168.55,15113.95,15146.2,0
2021-02-12 14:45:00,15146.35,15169.05,15137.2,15162.15,0
2021-02-12 15:15:00,15161.9,15188.0,15160.35,15163.3,0
2021-02-15 09:15:00,15247.6,15314.3,15243.4,15287.95,0
2021-02-15 09:45:00,15288.5,15297.3,15267.1,15289.1,0
2021-02-15 10:15:00,15289.4,15317.05,15285.4,15311.5,0
2021-02-15 10:45:00,15312.0,15321.3,15302.75,15314.9,0
2021-02-15 11:15:00,15314.0,15316.7,15301.05,15307.1,0
2021-02-15 11:45:00,15306.7,15312.45,15292.9,15304.3,0
2021-02-15 12:15:00,15303.55,15316.3,15293.85,15314.95,0
2021-02-15 12:45:00,15315.2,15326.6,15302.85,15319.25,0
2021-02-15 13:15:00,15319.3,15319.65,15295.4,15307.75,0
2021-02-15 13:45:00,15308.3,15317.65,15287.3,15297.45,0
2021-02-15 14:15:00,15297.75,15316.4,15275.15,15304.4,0
2021-02-15 14:45:00,15304.85,15318.05,15288.15,15317.25,0
2021-02-15 15:15:00,15317.85,15340.15,15308.0,15314.7,0
2021-02-16 09:15:00,15381.7,15431.75,15365.55,15419.1,0
2021-02-16 09:45:00,15419.15,15419.6,15367.35,15393.2,0
2021-02-16 10:15:00,15392.75,15412.5,15378.85,15404.75,0
2021-02-16 10:45:00,15405.3,15413.15,15380.7,15383.1,0
2021-02-16 11:15:00,15382.75,15383.1,15332.7,15362.65,0
2021-02-16 11:45:00,15362.55,15370.95,15332.5,15354.0,0
2021-02-16 12:15:00,15353.25,15368.45,15309.2,15311.95,0
2021-02-16 12:45:00,15312.25,15331.1,15256.9,15275.3,0
2021-02-16 13:15:00,15275.15,15319.35,15250.65,15295.5,0
2021-02-16 13:45:00,15295.7,15295.75,15242.2,15276.9,0
2021-02-16 14:15:00,15277.45,15326.7,15266.3,15312.35,0
2021-02-16 14:45:00,15312.6,15325.05,15295.5,15312.4,0
2021-02-16 15:15:00,15313.35,15331.7,15303.15,15313.45,0
2021-02-17 09:15:00,15285.1,15289.9,15213.35,15234.35,0
2021-02-17 09:45:00,15233.35,15247.3,15201.25,15240.55,0
2021-02-17 10:15:00,15241.1,15261.45,15223.55,15247.1,0
2021-02-17 10:45:00,15245.95,15312.15,15239.0,15291.55,0
2021-02-17 11:15:00,15291.9,15304.45,15268.0,15280.5,0
2021-02-17 11:45:00,15280.4,15293.4,15272.75,15286.4,0
2021-02-17 12:15:00,15286.05,15314.3,15275.1,15281.45,0
2021-02-17 12:45:00,15281.85,15284.55,15215.65,15229.2,0
2021-02-17 13:15:00,15229.7,15244.4,15170.75,15195.3,0
2021-02-17 13:45:00,15195.25,15235.5,15193.75,15229.5,0
2021-02-17 14:15:00,15229.4,15243.95,15199.4,15199.4,0
2021-02-17 14:45:00,15199.5,15229.35,15191.9,15218.15,0
2021-02-17 15:15:00,15216.55,15222.3,15189.0,15208.9,0
2021-02-18 09:15:00,15242.3,15250.75,15199.95,15221.1,0
2021-02-18 09:45:00,15221.4,15238.1,15208.65,15226.45,0
2021-02-18 10:15:00,15226.4,15248.3,15217.45,15235.35,0
2021-02-18 10:45:00,15235.25,15237.75,15216.85,15218.8,0
2021-02-18 11:15:00,15218.35,15220.7,15144.45,15144.65,0
2021-02-18 11:45:00,15144.8,15170.05,15136.85,15152.8,0
2021-02-18 12:15:00,15152.9,15153.15,15099.4,15103.1,0
2021-02-18 12:45:00,15102.45,15142.45,15102.45,15135.95,0
2021-02-18 13:15:00,15136.2,15138.5,15085.95,15105.05,0
2021-02-18 13:45:00,15104.6,15131.25,15078.05,15130.8,0
2021-02-18 14:15:00,15131.7,15159.35,15127.1,15152.0,0
2021-02-18 14:45:00,15152.45,15152.45,15112.5,15113.45,0
2021-02-18 15:15:00,15113.3,15121.95,15094.95,15118.95,0
2021-02-19 09:15:00,15081.55,15084.75,15028.7,15076.05,0
2021-02-19 09:45:00,15078.5,15113.15,15060.55,15101.9,0
2021-02-19 10:15:00,15102.15,15144.05,15102.15,15123.2,0
2021-02-19 10:45:00,15124.35,15124.35,15057.1,15067.65,0
2021-02-19 11:15:00,15071.2,15092.55,15053.85,15080.55,0
2021-02-19 11:45:00,15081.3,15110.85,15074.3,15082.1,0
2021-02-19 12:15:00,15082.25,15090.35,15059.1,15087.1,0
2021-02-19 12:45:00,15087.8,15101.1,15057.7,15080.4,0
2021-02-19 13:15:00,15079.15,15081.8,15011.85,15036.9,0
2021-02-19 13:45:00,15035.9,15049.1,14909.4,14912.5,0
2021-02-19 14:15:00,14912.0,14986.6,14908.7,14943.45,0
2021-02-19 14:45:00,14943.0,15010.5,14898.2,15006.25,0
2021-02-19 15:15:00,15006.7,15018.4,14981.75,14981.75,0
2021-02-22 09:15:00,14980.4,15010.1,14923.5,14985.95,0
2021-02-22 09:45:00,14985.85,14989.1,14866.55,14878.2,0
2021-02-22 10:15:00,14876.95,14923.45,14854.85,14910.9,0
2021-02-22 10:45:00,14910.3,14919.8,14854.6,14858.25,0
2021-02-22 11:15:00,14857.85,14878.9,14811.1,14811.4,0
2021-02-22 11:45:00,14810.35,14823.9,14778.5,14794.65,0
2021-02-22 12:15:00,14793.4,14816.1,14764.9,14813.75,0
2021-02-22 12:45:00,14816.95,14819.25,14752.6,14777.35,0
2021-02-22 13:15:00,14777.4,14787.9,14718.25,14722.1,0
2021-02-22 13:45:00,14721.75,14747.1,14693.45,14708.45,0
2021-02-22 14:15:00,14708.85,14739.65,14667.6,14738.55,0
2021-02-22 14:45:00,14738.0,14768.7,14679.1,14681.95,0
2021-02-22 15:15:00,14681.35,14690.15,14635.05,14675.7,0
2021-02-23 09:15:00,14782.35,14782.35,14680.85,14682.1,0
2021-02-23 09:45:00,14681.35,14758.45,14651.85,14754.95,0
2021-02-23 10:15:00,14754.3,14854.5,14754.3,14846.5,0
2021-02-23 10:45:00,14845.25,14846.5,14800.05,14824.55,0
2021-02-23 11:15:00,14824.95,14838.0,14732.6,14733.35,0
2021-02-23 11:45:00,14733.5,14762.95,14694.55,14726.45,0
2021-02-23 12:15:00,14725.05,14752.8,14696.75,14727.35,0
2021-02-23 12:45:00,14726.95,14784.7,14708.9,14779.1,0
2021-02-23 13:15:00,14774.55,14786.4,14718.85,14751.4,0
2021-02-23 13:45:00,14751.3,14767.3,14707.25,14738.6,0
2021-02-23 14:15:00,14738.5,14769.45,14720.0,14725.85,0
2021-02-23 14:45:00,14725.5,14739.25,14676.2,14726.95,0
2021-02-23 15:15:00,14725.95,14726.4,14696.45,14707.8,0
2021-02-24 09:15:00,14742.15,14793.8,14723.05,14764.05,0
2021-02-24 09:45:00,14763.65,14822.25,14762.3,14820.45,0
2021-02-24 15:15:00,14836.45,14905.25,14504.5,14765.45,0
2021-02-25 09:15:00,15080.15,15170.85,15065.35,15148.5,0
2021-02-25 09:45:00,15147.5,15162.8,15115.05,15118.15,0
2021-02-25 10:15:00,15117.95,15148.6,15113.25,15137.25,0
2021-02-25 10:45:00,15137.0,15145.6,15128.8,15136.4,0
2021-02-25 11:15:00,15136.25,15141.2,15090.4,15092.65,0
2021-02-25 11:45:00,15092.45,15105.4,15075.5,15083.7,0
2021-02-25 12:15:00,15084.35,15124.95,15076.1,15120.1,0
2021-02-25 12:45:00,15120.05,15133.55,15101.2,15130.9,0
2021-02-25 13:15:00,15131.0,15148.6,15114.5,15138.6,0
2021-02-25 13:45:00,15138.8,15146.9,15118.2,15139.75,0
2021-02-25 14:15:00,15140.25,15176.5,15113.2,15149.75,0
2021-02-25 14:45:00,15149.15,15151.55,15082.5,15095.7,0
2021-02-25 15:15:00,15095.8,15107.05,15084.25,15097.35,0
2021-02-26 09:15:00,14899.5,14919.45,14777.55,14872.85,0
2021-02-26 09:45:00,14873.35,14901.25,14854.9,14877.6,0
2021-02-26 10:15:00,14877.4,14877.4,14775.85,14790.25,0
2021-02-26 10:45:00,14790.2,14798.9,14706.4,14744.45,0
2021-02-26 11:15:00,14744.95,14744.95,14634.8,14666.5,0
2021-02-26 11:45:00,14667.5,14703.8,14608.1,14608.8,0
2021-02-26 12:15:00,14607.5,14630.95,14554.1,14565.5,0
2021-02-26 12:45:00,14565.6,14653.85,14560.05,14591.15,0
2021-02-26 13:15:00,14590.35,14626.9,14569.55,14618.5,0
2021-02-26 13:45:00,14618.9,14692.5,14589.3,14688.1,0
2021-02-26 14:15:00,14686.85,14697.65,14633.45,14666.55,0
2021-02-26 14:45:00,14668.85,14687.9,14514.45,14548.3,0
2021-02-26 15:15:00,14548.7,14548.7,14467.75,14529.15,0
2021-03-01 09:15:00,14708.1,14745.8,14638.85,14740.35,105017445
2021-03-01 09:45:00,14742.4,14766.35,14726.7,14735.1,41177125
2021-03-01 10:15:00,14737.55,14806.8,14737.55,14799.8,36373553
2021-03-01 10:45:00,14798.8,14802.4,14775.55,14786.5,32501949
2021-03-01 11:15:00,14787.0,14792.85,14689.6,14693.5,33313221
2021-03-01 11:45:00,14692.6,14714.35,14676.1,14708.95,27641003
2021-03-01 12:15:00,14707.95,14710.5,14638.55,14659.8,27993393
2021-03-01 12:45:00,14658.8,14735.5,14655.05,14727.65,33902609
2021-03-01 13:15:00,14727.85,14775.8,14697.3,14759.15,28735950
2021-03-01 13:45:00,14759.85,14766.5,14718.75,14749.9,27102427
2021-03-01 14:15:00,14751.4,14775.05,14720.9,14760.35,29318933
2021-03-01 14:45:00,14760.9,14765.5,14704.1,14761.25,40288247
2021-03-01 15:15:00,14762.2,14789.1,14759.0,14761.55,30244471
2021-03-02 09:15:00,14834.7,14906.9,14813.65,14882.6,116208076
2021-03-02 09:45:00,14882.0,14933.65,14860.95,14920.95,52494959
2021-03-02 10:15:00,14921.45,14925.35,14849.45,14873.15,37762201
2021-03-02 10:45:00,14871.75,14871.75,14807.2,14809.95,34804584
2021-03-02 11:15:00,14808.3,14838.25,14760.8,14826.95,35158704
2021-03-02 11:45:00,14828.15,14856.1,14806.05,14835.2,33675569
2021-03-02 12:15:00,14836.3,14849.85,14810.25,14824.2,45053816
2021-03-02 12:45:00,14825.55,14829.9,14785.0,14810.25,39465011
2021-03-02 13:15:00,14812.55,14847.45,14783.9,14840.25,36852984
2021-03-02 13:45:00,14842.55,14871.0,14819.05,14856.95,44954731
2021-03-02 14:15:00,14859.05,14862.45,14832.6,14850.95,30714250
2021-03-02 14:45:00,14852.75,14935.85,14810.1,14932.8,56250440
2021-03-02 15:15:00,14934.05,14959.1,14919.1,14919.1,43276444
2021-03-03 09:15:00,15064.8,15064.8,15004.45,15004.45,108169704
2021-03-03 09:45:00,15004.2,15047.05,14995.8,15036.85,47979821
2021-03-03 10:15:00,15037.45,15090.65,15036.8,15088.9,42265427
2021-03-03 10:45:00,15088.35,15090.0,15064.6,15064.6,30542885
2021-03-03 11:15:00,15064.9,15087.6,15059.15,15078.3,24806598
2021-03-03 11:45:00,15078.95,15110.55,15072.8,15109.0,26440801
2021-03-03 12:15:00,15107.8,15113.75,15091.65,15112.5,23161671
2021-03-03 12:45:00,15113.4,15139.75,15108.85,15123.5,28136860
2021-03-03 13:15:00,15123.35,15157.25,15123.35,15154.9,30123573
2021-03-03 13:45:00,15155.2,15172.25,15125.55,15130.45,35943784
2021-03-03 14:15:00,15131.2,15197.05,15127.85,15196.5,30965937
2021-03-03 14:45:00,15197.9,15254.6,15189.4,15248.45,55512826
2021-03-03 15:15:00,15245.95,15273.15,15236.3,15245.6,40250369
2021-03-04 09:15:00,15046.95,15101.05,15006.75,15015.0,116074455
2021-03-04 09:45:00,15012.45,15066.0,14980.2,15065.5,47066061
2021-03-04 10:15:00,15065.65,15091.75,15029.55,15079.9,35707695
2021-03-04 10:45:00,15079.75,15138.35,15059.25,15134.25,34751508
2021-03-04 11:15:00,15134.3,15170.1,15109.25,15162.75,30994477
2021-03-04 11:45:00,15162.05,15171.3,15124.5,15134.75,25942455
2021-03-04 12:15:00,15133.95,15182.95,15123.85,15172.9,25154576
2021-03-04 12:45:00,15173.35,15202.35,15165.65,15193.9,27767207
2021-03-04 13:15:00,15196.05,15199.35,15137.75,15162.7,28747827
2021-03-04 13:45:00,15163.3,15173.65,15111.1,15157.3,26571747
2021-03-04 14:15:00,15159.4,15179.3,15117.8,15126.85,28302982
2021-03-04 14:45:00,15127.15,15141.9,15056.75,15083.7,55718646
2021-03-04 15:15:00,15083.05,15088.3,15063.2,15080.75,36264497
2021-03-05 09:15:00,14996.15,15034.6,14929.25,15031.3,134085798
2021-03-05 09:45:00,15032.9,15092.35,15020.85,15063.9,56842005
2021-03-05 10:15:00,15063.95,15063.95,14995.3,15012.45,48159748
2021-03-05 10:45:00,15012.4,15026.75,14951.2,15005.25,53547080
2021-03-05 11:15:00,15006.0,15043.05,14994.4,15021.55,29473054
2021-03-05 11:45:00,15021.0,15036.05,14983.25,15007.0,24888792
2021-03-05 12:15:00,15005.2,15052.0,15002.95,15034.2,28853795
2021-03-05 12:45:00,15035.05,15045.6,14995.3,15009.45,23438825
2021-03-05 13:15:00,15010.85,15033.4,14963.35,14964.6,26712147
2021-03-05 13:45:00,14965.9,14984.1,14862.1,14890.45,64078193
2021-03-05 14:15:00,14891.2,14941.45,14868.95,14913.5,37911771
2021-03-05 14:45:00,14914.35,14959.5,14882.2,14954.9,54316129
2021-03-05 15:15:00,14955.85,14965.15,14936.55,14938.1,41402050
2021-03-08 09:15:00,15004.0,15055.8,14984.6,15033.0,117377508
2021-03-08 09:45:00,15032.8,15111.15,15032.25,15089.4,55835160
2021-03-08 10:15:00,15089.1,15090.95,14983.85,14985.05,48689775
2021-03-08 10:45:00,14980.9,15025.2,14951.75,15024.7,42882201
2021-03-08 11:15:00,15024.3,15047.45,15016.65,15017.55,38185745
2021-03-08 11:45:00,15017.6,15034.85,14998.65,15012.35,26086891
2021-03-08 12:15:00,15011.85,15028.65,14978.3,14980.65,29389989
2021-03-08 12:45:00,14980.05,15013.15,14953.9,15006.95,24893249
2021-03-08 13:15:00,15007.85,15010.85,14935.75,14964.3,30856038
2021-03-08 13:45:00,14963.75,14997.25,14937.25,14985.0,24311429
2021-03-08 14:15:00,14985.45,15045.25,14984.25,15029.05,42392244
2021-03-08 14:45:00,15029.5,15034.7,14919.9,14963.65,47942521
2021-03-08 15:15:00,14964.2,14981.75,14956.2,14956.2,36478393
2021-03-09 09:15:00,15059.85,15119.3,15042.2,15073.1,242110910
2021-03-09 09:45:00,15073.35,15083.75,15035.45,15054.05,42081060
2021-03-09 10:15:00,15054.35,15073.05,15042.5,15049.75,26589706
2021-03-09 10:45:00,15049.8,15067.0,15046.15,15055.25,23405705
2021-03-09 11:15:00,15055.2,15089.05,15054.85,15082.15,23368834
2021-03-09 11:45:00,15082.4,15091.45,15057.9,15058.15,25334091
2021-03-09 12:15:00,15058.35,15064.05,14995.35,15025.35,31993415
2021-03-09 12:45:00,15025.45,15032.9,14972.6,14973.55,37883460
2021-03-09 13:15:00,14972.4,14992.35,14925.45,14950.4,47340854
2021-03-09 13:45:00,14950.95,15008.55,14939.35,14985.45,32011256
2021-03-09 14:15:00,14984.95,15024.15,14970.3,15010.6,33593407
2021-03-09 14:45:00,15011.15,15114.55,15008.75,15114.55,54070234
2021-03-09 15:15:00,15114.85,15126.85,15097.5,15098.4,38696754
2021-03-10 09:15:00,15206.35,15218.45,15161.6,15179.1,78793164
2021-03-10 09:45:00,15177.05,15199.9,15165.5,15191.9,29597684
2021-03-10 10:15:00,15192.45,15192.95,15140.55,15145.0,34436202
2021-03-10 10:45:00,15144.9,15165.8,15137.85,15150.15,25868772
2021-03-10 11:15:00,15150.55,15156.9,15126.4,15131.05,18621491
2021-03-10 11:45:00,15130.75,15149.8,15108.8,15121.55,21996976
2021-03-10 12:15:00,15122.55,15151.45,15100.85,15150.25,20150855
2021-03-10 12:45:00,15151.55,15167.05,15134.05,15163.55,18405420
2021-03-10 13:15:00,15163.05,15176.05,15129.1,15154.3,19282714
2021-03-10 13:45:00,15154.6,15184.0,15148.65,15180.75,20565174
2021-03-10 14:15:00,15181.65,15194.15,15172.95,15185.95,29389898
2021-03-10 14:45:00,15187.2,15187.2,15151.0,15176.1,41215804
2021-03-10 15:15:00,15176.05,15188.1,15163.1,15174.8,31625822
2021-03-12 09:15:00,15327.65,15336.3,15282.6,15300.05,102629600
2021-03-12 09:45:00,15300.95,15301.05,15276.05,15288.45,36504608
2021-03-12 10:15:00,15288.3,15295.9,15263.3,15277.5,27909824
2021-03-12 10:45:00,15277.95,15284.45,15264.25,15270.1,23697550
2021-03-12 11:15:00,15270.25,15289.1,15261.1,15282.1,21070432
2021-03-12 11:45:00,15282.35,15287.35,15250.8,15254.1,15825065
2021-03-12 12:15:00,15253.45,15253.45,15211.1,15212.65,26179789
2021-03-12 12:45:00,15210.3,15229.65,15196.1,15204.05,23037553
2021-03-12 13:15:00,15203.85,15215.8,15018.9,15069.3,40335884
2021-03-12 13:45:00,15068.95,15118.25,14994.3,14994.45,39934438
2021-03-12 14:15:00,14992.95,15029.4,14953.6,15019.8,44956417
2021-03-12 14:45:00,15019.05,15061.9,14984.55,15029.95,43835595
2021-03-12 15:15:00,15031.65,15038.05,15004.6,15030.95,32435710
2021-03-15 09:15:00,15038.55,15044.9,14818.5,14822.55,83478832
2021-03-15 09:45:00,14823.4,14900.85,14821.2,14868.3,44673606
2021-03-15 10:15:00,14866.85,14906.25,14855.4,14869.2,28256943
2021-03-15 10:45:00,14868.6,14877.0,14798.55,14812.0,29443859
2021-03-15 11:15:00,14811.2,14825.0,14776.2,14807.95,23193181
2021-03-15 11:45:00,14807.5,14848.4,14783.15,14821.35,25147408
2021-03-15 12:15:00,14820.55,14820.95,14756.75,14768.65,21762702
2021-03-15 12:45:00,14768.8,14801.5,14745.85,14765.45,22835734
2021-03-15 13:15:00,14764.95,14821.25,14757.6,14808.75,25972418
2021-03-15 13:45:00,14809.35,14840.45,14782.5,14806.75,31281781
2021-03-15 14:15:00,14806.05,14866.75,14798.8,14855.25,36281838
2021-03-15 14:45:00,14855.75,14961.4,14848.2,14924.65,51861754
2021-03-15 15:15:00,14924.1,14940.9,14907.4,14929.5,30465695
2021-03-16 09:15:00,15005.2,15016.15,14946.5,14958.3,78303312
2021-03-16 09:45:00,14958.45,14996.3,14939.45,14984.75,45384769
2021-03-16 10:15:00,14980.9,15051.6,14980.8,15046.8,32156206
2021-03-16 10:45:00,15046.75,15047.45,15017.9,15028.75,22062681
2021-03-16 11:15:00,15028.4,15029.35,14963.55,14969.1,26251369
2021-03-16 11:45:00,14968.6,15037.05,14968.15,14990.1,19771384
2021-03-16 12:15:00,14989.45,15007.5,14974.1,14994.7,20338280
2021-03-16 12:45:00,14994.2,15009.6,14928.1,14939.25,25684853
2021-03-16 13:15:00,14938.55,14948.8,14892.85,14936.25,27471022
2021-03-16 13:45:00,14936.95,14964.6,14904.5,14913.5,22327735
2021-03-16 14:15:00,14913.1,14957.0,14910.2,14933.55,29099729
2021-03-16 14:45:00,14933.05,14964.35,14890.65,14900.5,42898456
2021-03-16 15:15:00,14900.3,14926.3,14898.1,14910.45,33981637
2021-03-17 09:15:00,14955.7,14956.55,14884.55,14915.1,77821235
2021-03-17 09:45:00,14914.6,14919.0,14861.25,14866.15,36278592
2021-03-17 10:15:00,14865.65,14890.05,14846.15,14877.1,30880276
2021-03-17 10:45:00,14876.85,14879.8,14855.15,14874.8,19604842
2021-03-17 11:15:00,14874.6,14950.45,14872.85,14916.8,29957188
2021-03-17 11:45:00,14917.05,14930.2,14856.65,14861.7,24556165
2021-03-17 12:15:00,14861.05,14872.7,14832.4,14849.9,27910451
2021-03-17 12:45:00,14850.25,14862.85,14821.45,14830.15,30005997
2021-03-17 13:15:00,14830.35,14863.7,14830.35,14842.8,21012989
2021-03-17 13:45:00,14843.45,14849.95,14779.2,14791.0,30266485
2021-03-17 14:15:00,14790.95,14801.8,14764.95,14784.65,35300833
2021-03-17 14:45:00,14784.85,14800.45,14696.05,14698.85,58146581
2021-03-17 15:15:00,14698.2,14724.1,14698.2,14721.3,43843182
2021-03-18 09:15:00,14837.35,14875.2,14808.1,14859.55,77270642
2021-03-18 09:45:00,14860.05,14861.25,14803.95,14807.85,38548919
2021-03-18 10:15:00,14808.1,14814.25,14757.9,14769.7,36013927
2021-03-18 10:45:00,14770.6,14808.25,14769.55,14785.05,21614242
2021-03-18 11:15:00,14785.25,14792.35,14768.75,14777.65,18157843
2021-03-18 11:45:00,14776.4,14828.45,14773.9,14825.95,24780983
2021-03-18 12:15:00,14825.3,14830.6,14787.55,14800.0,20170856
2021-03-18 12:45:00,14800.45,14800.45,14706.1,14708.85,35795422
2021-03-18 13:15:00,14707.7,14716.9,14576.55,14612.0,55361463
2021-03-18 13:45:00,14611.9,14649.1,14502.55,14506.0,45860659
2021-03-18 14:15:00,14507.1,14564.2,14478.6,14511.5,58423273
2021-03-18 14:45:00,14511.3,14586.2,14494.0,14586.15,51809961
2021-03-18 15:15:00,14588.0,14590.55,14555.15,14557.85,43610771
2021-03-19 09:15:00,14478.9,14492.35,14350.1,14421.25,124382575
2021-03-19 09:45:00,14419.85,14519.2,14406.05,14500.9,73236442
2021-03-19 10:15:00,14500.7,14547.35,14458.0,14525.55,57824632
2021-03-19 10:45:00,14525.05,14642.8,14510.35,14615.55,53355480
2021-03-19 11:15:00,14613.25,14622.9,14516.15,14521.4,48412209
2021-03-19 11:45:00,14520.1,14573.3,14505.3,14519.8,40794931
2021-03-19 12:15:00,14516.85,14587.45,14494.65,14543.25,40830218
2021-03-19 12:45:00,14542.15,14599.7,14535.4,14578.8,31496931
2021-03-19 13:15:00,14577.2,14637.85,14565.9,14602.4,40469134
2021-03-19 13:45:00,14601.0,14692.95,14595.0,14674.35,50709730
2021-03-19 14:15:00,14673.6,14750.6,14638.95,14737.7,61881383
2021-03-19 14:45:00,14737.8,14788.25,14720.95,14747.7,153367794
2021-03-19 15:15:00,14745.8,14747.15,14711.1,14744.0,121811009
2021-03-22 09:15:00,14738.95,14738.95,14644.95,14717.4,82596050
2021-03-22 09:45:00,14718.2,14763.9,14693.15,14731.8,39618130
2021-03-22 10:15:00,14731.7,14734.75,14680.85,14686.35,25554182
2021-03-22 10:45:00,14686.9,14691.6,14641.55,14684.2,25571659
2021-03-22 11:15:00,14684.0,14696.1,14657.05,14686.6,22756562
2021-03-22 11:45:00,14685.85,14721.85,14677.95,14681.0,20076927
2021-03-22 12:15:00,14680.2,14680.2,14612.9,14617.3,33513293
2021-03-22 12:45:00,14615.65,14644.7,14598.25,14626.4,24384695
2021-03-22 13:15:00,14625.9,14677.95,14597.85,14672.5,28618704
2021-03-22 13:45:00,14671.75,14711.55,14641.35,14693.55,29149311
2021-03-22 14:15:00,14694.1,14713.85,14655.25,14669.85,29614583
2021-03-22 14:45:00,14669.45,14760.15,14645.3,14756.3,49156191
2021-03-22 15:15:00,14757.5,14760.1,14733.65,14736.4,35921072
2021-03-23 09:15:00,14772.45,14843.95,14743.4,14798.85,82542431
2021-03-23 09:45:00,14799.05,14820.6,14768.5,14772.5,37003452
2021-03-23 10:15:00,14772.6,14798.05,14743.85,14783.45,31472598
2021-03-23 10:45:00,14784.15,14867.75,14771.3,14801.95,41552957
2021-03-23 11:15:00,14802.45,14816.6,14707.0,14743.15,35257196
2021-03-23 11:45:00,14742.4,14775.9,14714.25,14764.65,27098160
2021-03-23 12:15:00,14763.15,14772.65,14730.6,14770.6,22809105
2021-03-23 12:45:00,14769.85,14802.9,14766.15,14789.0,23602735
2021-03-23 13:15:00,14789.1,14813.35,14750.05,14789.05,29654915
2021-03-23 13:45:00,14788.7,14825.55,14786.8,14815.85,23783332
2021-03-23 14:15:00,14815.6,14878.6,14807.85,14876.8,30853828
2021-03-23 14:45:00,14876.2,14876.35,14814.05,14817.4,42447951
2021-03-23 15:15:00,14816.4,14821.0,14783.0,14814.75,33542404
2021-03-24 09:15:00,14724.8,14752.35,14703.15,14735.9,67751369
2021-03-24 09:45:00,14735.25,14743.0,14664.65,14668.85,36078371
2021-03-24 10:15:00,14666.1,14666.1,14625.75,14652.8,34251156
2021-03-24 10:45:00,14652.95,14653.85,14602.9,14628.35,30781562
2021-03-24 11:15:00,14627.3,14635.15,14579.05,14615.55,26432950
2021-03-24 11:45:00,14613.3,14646.9,14602.65,14631.9,27353212
2021-03-24 12:15:00,14629.95,14674.85,14628.9,14661.7,24340935
2021-03-24 12:45:00,14658.85,14662.95,14610.55,14616.7,21473673
2021-03-24 13:15:00,14616.45,14652.95,14605.35,14636.75,22455713
2021-03-24 13:45:00,14635.75,14665.85,14619.15,14636.6,26848408
2021-03-24 14:15:00,14635.85,14675.6,14625.05,14648.8,23674441
2021-03-24 14:45:00,14647.5,14651.8,14535.0,14549.6,61807397
2021-03-24 15:15:00,14549.9,14571.05,14538.65,14549.4,39525617
2021-03-25 09:15:00,14575.6,14575.6,14431.7,14444.85,91283381
2021-03-25 09:45:00,14445.05,14451.45,14406.5,14436.4,35654079
2021-03-25 10:15:00,14435.8,14438.3,14395.45,14402.15,28341720
2021-03-25 10:45:00,14403.65,14414.4,14364.1,14370.3,35532231
2021-03-25 11:15:00,14370.7,14397.85,14359.75,14381.8,32686169
2021-03-25 11:45:00,14381.45,14386.1,14285.0,14315.1,50018981
2021-03-25 12:15:00,14316.6,14331.25,14303.85,14322.5,32366232
2021-03-25 12:45:00,14322.7,14325.3,14264.4,14295.7,31100201
2021-03-25 13:15:00,14296.65,14423.7,14290.3,14408.45,48782424
2021-03-25 13:45:00,14411.05,14447.2,14376.3,14400.7,56038846
2021-03-25 14:15:00,14402.75,14432.55,14355.6,14432.2,37483918
2021-03-25 14:45:00,14432.25,14493.9,14274.15,14298.9,65702578
2021-03-25 15:15:00,14301.1,14349.4,14287.55,14324.9,46653296
2021-03-26 09:15:00,14507.35,14507.35,14432.35,14434.25,82650589
2021-03-26 09:45:00,14434.05,14481.65,14414.25,14480.6,39010051
2021-03-26 10:15:00,14480.85,14515.75,14473.25,14496.8,34493639
2021-03-26 10:45:00,14495.45,14501.9,14448.15,14481.85,25728248
2021-03-26 11:15:00,14480.35,14544.65,14462.5,14529.05,36899556
2021-03-26 11:45:00,14528.45,14554.95,14524.85,14539.55,23629987
2021-03-26 12:15:00,14539.3,14564.2,14501.7,14556.4,20582246
2021-03-26 12:45:00,14557.2,14572.9,14516.5,14528.85,25290234
2021-03-26 13:15:00,14528.6,14548.45,14497.5,14530.0,31971905
2021-03-26 13:45:00,14531.0,14565.5,14527.0,14533.75,32129122
2021-03-26 14:15:00,14533.95,14548.95,14502.1,14505.55,33121502
2021-03-26 14:45:00,14505.65,14529.8,14484.65,14496.15,45628871
2021-03-26 15:15:00,14493.6,14537.3,14474.15,14507.3,37120036
2021-03-30 09:15:00,14631.2,14701.5,14617.6,14688.45,79781036
2021-03-30 09:45:00,14688.7,14743.25,14688.25,14741.05,38447463
2021-03-30 10:15:00,14743.4,14765.9,14738.6,14747.15,32307920
2021-03-30 10:45:00,14747.35,14776.3,14746.05,14757.9,22793156
2021-03-30 11:15:00,14757.8,14781.3,14753.3,14773.65,21449549
2021-03-30 11:45:00,14773.9,14783.0,14710.0,14722.3,26096469
2021-03-30 12:15:00,14722.55,14769.75,14710.25,14762.15,23801359
2021-03-30 12:45:00,14761.8,14768.95,14728.55,14761.8,24710334
2021-03-30 13:15:00,14760.4,14812.75,14756.8,14804.15,24415946
2021-03-30 13:45:00,14804.5,14856.8,14798.05,14851.2,32328650
2021-03-30 14:15:00,14850.75,14876.3,14834.65,14854.9,37729087
2021-03-30 14:45:00,14854.85,14873.5,14826.75,14849.55,120801028
2021-03-30 15:15:00,14846.25,14863.1,14828.25,14845.1,93061246
2021-03-31 09:15:00,14812.9,14813.75,14723.1,14783.0,72819317
2021-03-31 09:45:00,14781.75,14785.5,14741.1,14747.2,42658015
2021-03-31 10:15:00,14747.5,14756.85,14703.5,14719.15,30298757
2021-03-31 10:45:00,14719.1,14745.8,14711.1,14741.35,24549509
2021-03-31 11:15:00,14741.2,14754.55,14713.35,14731.25,27677141
2021-03-31 11:45:00,14731.15,14743.05,14715.25,14734.65,23183166
2021-03-31 12:15:00,14734.7,14749.2,14726.45,14745.55,22708265
2021-03-31 12:45:00,14745.65,14776.0,14730.5,14747.65,23132773
2021-03-31 13:15:00,14747.35,14757.7,14691.25,14727.4,25412675
2021-03-31 13:45:00,14727.45,14746.15,14710.85,14740.25,21710106
2021-03-31 14:15:00,14740.8,14749.8,14697.55,14710.1,28394189
2021-03-31 14:45:00,14709.7,14729.75,14670.25,14693.4,63257041
2021-03-31 15:15:00,14693.95,14699.9,14676.05,14690.7,42734752
2021-04-01 09:15:00,14798.6,14814.65,14760.8,14774.2,67162852
2021-04-01 09:45:00,14775.7,14788.3,14763.65,14765.9,38887110
2021-04-01 10:15:00,14765.0,14782.75,14738.9,14743.1,28486355
2021-04-01 10:45:00,14743.35,14743.35,14692.45,14727.75,25732843
2021-04-01 11:15:00,14728.15,14731.45,14705.4,14719.6,18813428
2021-04-01 11:45:00,14719.5,14760.4,14715.9,14753.6,30489404
2021-04-01 12:15:00,14753.4,14757.45,14729.3,14745.95,27455368
2021-04-01 12:45:00,14746.75,14791.75,14727.5,14791.7,24578324
2021-04-01 13:15:00,14791.75,14833.85,14791.75,14815.45,32240100
2021-04-01 13:45:00,14815.9,14842.85,14799.1,14842.8,25319939
2021-04-01 14:15:00,14842.95,14867.4,14840.2,14847.75,28710411
2021-04-01 14:45:00,14847.5,14878.55,14841.7,14875.55,48011757
2021-04-01 15:15:00,14875.0,14883.2,14855.85,14867.35,33602484
2021-04-05 09:15:00,14849.85,14849.85,14736.6,14777.8,83880006
2021-04-05 09:45:00,14777.65,14779.4,14559.5,14574.45,70994573
2021-04-05 10:15:00,14571.45,14575.25,14479.3,14534.8,53284796
2021-04-05 10:45:00,14535.15,14551.9,14459.5,14473.3,37374257
2021-04-05 11:15:00,14468.7,14536.45,14461.35,14526.95,29905434
2021-04-05 11:45:00,14528.2,14542.5,14504.15,14537.5,20610986
2021-04-05 12:15:00,14538.2,14592.05,14527.6,14589.55,23017902
2021-04-05 12:45:00,14590.0,14592.75,14540.95,14574.65,22712021
2021-04-05 13:15:00,14574.45,14642.05,14569.4,14628.6,25069680
2021-04-05 13:45:00,14629.1,14647.0,14601.75,14647.0,23896678
2021-04-05 14:15:00,14647.75,14681.05,14631.0,14654.5,28157806
2021-04-05 14:45:00,14653.05,14666.35,14622.45,14632.3,39747346
2021-04-05 15:15:00,14631.45,14653.15,14626.8,14637.8,37173041
2021-04-06 09:15:00,14738.15,14757.75,14573.9,14729.55,96739108
2021-04-06 09:45:00,14728.1,14744.0,14699.7,14721.95,41892875
2021-04-06 10:15:00,14721.05,14738.5,14671.15,14735.55,35081370
2021-04-06 10:45:00,14734.95,14765.2,14724.3,14751.65,30175694
2021-04-06 11:15:00,14751.55,14779.1,14730.65,14732.15,30701018
2021-04-06 11:45:00,14732.45,14737.5,14706.85,14722.65,26208602
2021-04-06 12:15:00,14722.9,14736.8,14633.05,14633.05,32330240
2021-04-06 12:45:00,14633.35,14699.5,14609.8,14691.4,29437198
2021-04-06 13:15:00,14691.95,14696.8,14632.85,14638.85,20804773
2021-04-06 13:45:00,14639.55,14666.65,14627.4,14654.05,22334060
2021-04-06 14:15:00,14652.95,14673.15,14641.35,14650.35,24491597
2021-04-06 14:45:00,14650.3,14680.95,14644.15,14680.75,40138473
2021-04-06 15:15:00,14682.65,14703.55,14682.3,14683.5,31755695
2021-04-07 09:15:00,14726.3,14775.1,14649.85,14772.15,95852648
2021-04-07 09:45:00,14772.4,14809.7,14758.55,14786.4,46723901
2021-04-07 10:15:00,14786.6,14794.9,14748.0,14768.55,39775295
2021-04-07 10:45:00,14768.15,14861.4,14760.55,14856.65,38847473
2021-04-07 11:15:00,14856.35,14867.55,14835.05,14851.1,28145456
2021-04-07 11:45:00,14851.4,14862.75,14819.9,14858.25,28909544
2021-04-07 12:15:00,14857.55,14858.55,14837.0,14844.5,19479049
2021-04-07 12:45:00,14844.3,14879.8,14831.7,14872.35,31546590
2021-04-07 13:15:00,14871.65,14872.65,14776.15,14778.45,42875464
2021-04-07 13:45:00,14778.9,14845.8,14778.45,14834.1,27282591
2021-04-07 14:15:00,14833.75,14856.4,14823.0,14826.4,23141030
2021-04-07 14:45:00,14826.95,14835.55,14805.3,14818.35,38526882
2021-04-07 15:15:00,14818.75,14823.65,14804.55,14819.05,29317975
2021-04-08 09:15:00,14879.6,14939.15,14864.55,14937.5,80473009
2021-04-08 09:45:00,14938.05,14949.6,14904.95,14941.2,37293190
2021-04-08 10:15:00,14942.05,14959.25,14931.9,14946.4,26611801
2021-04-08 10:45:00,14945.7,14959.9,14939.65,14940.0,29062162
2021-04-08 11:15:00,14939.5,14955.0,14913.8,14914.45,23301452
2021-04-08 11:45:00,14914.5,14928.25,14887.65,14889.0,29957379
2021-04-08 12:15:00,14887.9,14944.1,14885.25,14943.0,41064356
2021-04-08 12:45:00,14944.7,14951.75,14918.4,14932.2,21427722
2021-04-08 13:15:00,14932.15,14984.15,14931.25,14973.9,43015954
2021-04-08 13:45:00,14974.6,14974.6,14934.0,14945.5,45441293
2021-04-08 14:15:00,14944.85,14946.35,14853.5,14892.4,47057705
2021-04-08 14:45:00,14890.1,14896.25,14821.1,14866.65,43194795
2021-04-08 15:15:00,14866.5,14884.8,14865.85,14873.8,29083505
2021-04-09 09:15:00,14884.2,14891.5,14806.35,14880.6,94848651
2021-04-09 09:45:00,14882.25,14918.45,14841.3,14906.25,45522934
2021-04-09 10:15:00,14906.8,14913.05,14875.6,14875.65,35782018
2021-04-09 10:45:00,14875.5,14884.55,14836.0,14845.9,32257115
2021-04-09 11:15:00,14845.3,14866.15,14832.6,14865.15,31506217
2021-04-09 11:45:00,14865.25,14877.3,14848.35,14853.25,26730137
2021-04-09 12:15:00,14852.4,14884.55,14852.4,14875.05,19866258
2021-04-09 12:45:00,14874.65,14890.3,14849.4,14861.9,24969110
2021-04-09 13:15:00,14861.5,14874.05,14814.4,14816.2,29737685
2021-04-09 13:45:00,14815.4,14830.35,14785.65,14822.6,35416210
2021-04-09 14:15:00,14822.5,14865.95,14821.45,14845.3,30648328
2021-04-09 14:45:00,14845.65,14858.4,14820.4,14832.85,48943673
2021-04-09 15:15:00,14833.45,14844.85,14830.3,14834.85,30345068
2021-04-12 09:15:00,14652.5,14652.5,14384.4,14489.3,129916617
2021-04-12 09:45:00,14486.65,14511.15,14454.75,14454.75,55610516
2021-04-12 10:15:00,14454.05,14454.05,14385.8,14413.3,52455217
2021-04-12 10:45:00,14413.9,14471.4,14413.55,14427.05,43788482
2021-04-12 11:15:00,14427.4,14435.05,14356.4,14372.95,41897957
2021-04-12 11:45:00,14373.2,14387.5,14283.55,14322.25,50603784
2021-04-12 12:15:00,14322.85,14361.7,14301.6,14357.5,40835927
2021-04-12 12:45:00,14358.25,14366.1,14308.4,14320.25,31751197
2021-04-12 13:15:00,14320.65,14339.8,14284.15,14311.85,26447742
2021-04-12 13:45:00,14312.0,14342.15,14302.4,14317.7,26121821
2021-04-12 14:15:00,14317.75,14344.9,14270.5,14286.35,36893225
2021-04-12 14:45:00,14285.65,14308.9,14248.7,14301.6,57524088
2021-04-12 15:15:00,14301.35,14354.7,14301.35,14310.8,41096561
2021-04-13 09:15:00,14368.2,14393.85,14274.9,14375.8,103533710
2021-04-13 09:45:00,14374.3,14449.05,14370.65,14442.75,55750527
2021-04-13 10:15:00,14443.55,14447.55,14374.4,14382.35,39116085
2021-04-13 10:45:00,14382.4,14391.45,14351.4,14355.4,30977517
2021-04-13 11:15:00,14355.15,14360.4,14296.45,14322.0,37184434
2021-04-13 11:45:00,14322.2,14344.95,14304.3,14324.25,27156473
2021-04-13 12:15:00,14323.4,14384.55,14315.7,14379.9,32301306
2021-04-13 12:45:00,14379.6,14405.25,14321.95,14331.4,30605695
2021-04-13 13:15:00,14331.35,14384.75,14316.05,14361.15,34239803
2021-04-13 13:45:00,14360.7,14476.15,14359.75,14463.95,47824194
2021-04-13 14:15:00,14463.7,14506.95,14448.6,14494.5,49595015
2021-04-13 14:45:00,14495.05,14514.45,14463.1,14509.25,59155604
2021-04-13 15:15:00,14509.3,14528.9,14503.6,14504.8,39159798
2021-04-15 09:15:00,14530.05,14566.8,14441.65,14472.6,135618917
2021-04-15 09:45:00,14472.7,14499.35,14432.35,14453.85,51544586
2021-04-15 10:15:00,14450.6,14457.35,14379.75,14411.25,42365964
2021-04-15 10:45:00,14411.6,14436.4,14359.35,14367.15,29332265
2021-04-15 11:15:00,14366.4,14415.6,14353.2,14412.9,26719748
2021-04-15 11:45:00,14412.8,14460.45,14403.75,14429.9,32471387
2021-04-15 12:15:00,14430.15,14451.5,14408.85,14439.4,23225320
2021-04-15 12:45:00,14438.5,14460.65,14417.5,14426.3,25436630
2021-04-15 13:15:00,14427.3,14482.1,14413.15,14473.6,26836953
2021-04-15 13:45:00,14473.3,14523.4,14458.2,14514.35,32977935
2021-04-15 14:15:00,14515.25,14531.3,14471.85,14496.9,34021237
2021-04-15 14:45:00,14497.0,14588.45,14496.85,14587.7,51424129
2021-04-15 15:15:00,14588.8,14597.55,14581.45,14581.45,40943235
2021-04-16 09:15:00,14600.7,14653.0,14559.0,14637.8,102334824
2021-04-16 09:45:00,14637.65,14668.95,14624.0,14654.4,55540850
2021-04-16 10:15:00,14654.15,14689.85,14653.65,14666.55,46575880
2021-04-16 10:45:00,14667.2,14678.95,14647.75,14671.25,40942300
2021-04-16 11:15:00,14670.75,14688.2,14659.3,14659.95,30942187
2021-04-16 11:45:00,14659.5,14665.05,14618.85,14644.7,33291183
2021-04-16 12:15:00,14645.35,14659.65,14626.35,14652.65,28427498
2021-04-16 12:45:00,14653.4,14676.45,14643.9,14658.3,27026966
2021-04-16 13:15:00,14657.9,14670.25,14636.35,14657.75,29018291
2021-04-16 13:45:00,14658.15,14667.65,14631.5,14653.3,28461446
2021-04-16 14:15:00,14652.85,14697.7,14648.9,14675.2,37070598
2021-04-16 14:45:00,14675.5,14682.4,14614.45,14618.4,59056364
2021-04-16 15:15:00,14618.0,14624.15,14585.4,14617.85,38917579
2021-04-19 09:15:00,14314.75,14326.1,14198.75,14203.9,113925961
2021-04-19 09:45:00,14202.6,14291.05,14191.4,14288.55,45612845
2021-04-19 10:15:00,14288.1,14329.6,14246.75,14297.45,39856101
2021-04-19 10:45:00,14298.1,14332.0,14291.8,14308.2,24976802
2021-04-19 11:15:00,14308.95,14308.95,14249.4,14278.2,30303497
2021-04-19 11:45:00,14278.3,14296.2,14263.75,14269.95,22233311
2021-04-19 12:15:00,14269.85,14289.35,14264.45,14276.1,20602976
2021-04-19 12:45:00,14276.75,14318.65,14274.75,14315.05,26534385
2021-04-19 13:15:00,14315.4,14349.65,14308.65,14322.9,29610018
2021-04-19 13:45:00,14324.0,14382.3,14313.6,14354.45,36287904
2021-04-19 14:15:00,14354.85,14359.75,14317.15,14320.0,28792121
2021-04-19 14:45:00,14320.6,14368.2,14298.95,14361.9,45770274
2021-04-19 15:15:00,14361.2,14370.4,14353.65,14359.45,32862228
2021-04-20 09:15:00,14526.95,14526.95,14458.85,14486.85,80367513
2021-04-20 09:45:00,14487.8,14493.45,14439.9,14444.9,35177248
2021-04-20 10:15:00,14444.8,14467.55,14436.95,14461.7,23083440
2021-04-20 10:45:00,14462.15,14462.6,14417.6,14433.35,24082482
2021-04-20 11:15:00,14433.65,14434.15,14385.8,14412.7,24697917
2021-04-20 11:45:00,14413.4,14417.7,14391.95,14397.2,18430696
2021-04-20 12:15:00,14397.25,14401.65,14349.0,14352.25,27231817
2021-04-20 12:45:00,14352.5,14389.1,14334.3,14377.25,22778842
2021-04-20 13:15:00,14376.9,14393.2,14363.5,14384.25,22796977
2021-04-20 13:45:00,14384.75,14388.6,14361.25,14369.3,22968316
2021-04-20 14:15:00,14369.15,14378.05,14267.6,14284.1,41951628
2021-04-20 14:45:00,14283.95,14319.55,14207.3,14314.95,67227063
2021-04-20 15:15:00,14316.55,14320.55,14274.95,14296.4,42475174
2021-04-22 09:15:00,14225.05,14258.75,14151.4,14246.9,91131001
2021-04-22 09:45:00,14247.05,14271.35,14223.05,14244.4,48000833
2021-04-22 10:15:00,14244.9,14288.95,14233.85,14267.8,37937331
2021-04-22 10:45:00,14267.35,14274.3,14233.6,14253.85,27554194
2021-04-22 11:15:00,14253.7,14304.25,14249.1,14303.0,27447451
2021-04-22 11:45:00,14303.6,14330.3,14286.45,14322.5,27866043
2021-04-22 12:15:00,14322.8,14332.65,14290.75,14305.95,26260551
2021-04-22 12:45:00,14306.4,14370.55,14306.4,14345.35,26359620
2021-04-22 13:15:00,14345.1,14371.95,14319.8,14362.65,29551167
2021-04-22 13:45:00,14362.75,14404.3,14359.15,14399.4,31031460
2021-04-22 14:15:00,14399.6,14416.25,14353.6,14401.75,46423631
2021-04-22 14:45:00,14402.35,14424.75,14390.85,14406.3,49235505
2021-04-22 15:15:00,14406.7,14412.5,14395.6,14406.15,38556940
2021-04-23 09:15:00,14337.35,14402.0,14319.05,14350.25,71050837
2021-04-23 09:45:00,14350.4,14397.95,14332.15,14392.9,44201983
2021-04-23 10:15:00,14392.6,14425.65,14380.75,14400.9,37518717
2021-04-23 10:45:00,14400.55,14451.65,14386.15,14449.2,26062138
2021-04-23 11:15:00,14450.7,14461.15,14424.55,14436.4,28403598
2021-04-23 11:45:00,14435.95,14440.6,14414.75,14429.05,20940779
2021-04-23 12:15:00,14429.2,14429.5,14372.55,14416.1,26062721
2021-04-23 12:45:00,14417.8,14424.5,14381.55,14396.7,20184796
2021-04-23 13:15:00,14396.55,14425.8,14348.3,14367.05,41554551
2021-04-23 13:45:00,14367.4,14390.75,14348.25,14351.05,28857274
2021-04-23 14:15:00,14351.6,14379.05,14273.75,14281.05,47415494
2021-04-23 14:45:00,14280.6,14359.05,14273.3,14341.3,53741074
2021-04-23 15:15:00,14341.25,14351.45,14327.35,14341.35,38130339
2021-04-26 09:15:00,14458.1,14536.05,14421.3,14512.2,89797319
2021-04-26 09:45:00,14512.0,14557.5,14501.2,14522.9,40074920
2021-04-26 10:15:00,14523.75,14537.95,14512.35,14521.85,30036660
2021-04-26 10:45:00,14521.35,14542.0,14502.3,14538.15,25088445
2021-04-26 11:15:00,14537.7,14541.05,14505.85,14519.65,21867871
2021-04-26 11:45:00,14519.7,14525.8,14502.65,14515.4,21456445
2021-04-26 12:15:00,14515.35,14524.7,14478.25,14502.85,32274812
2021-04-26 12:45:00,14503.15,14522.0,14492.4,14498.15,22381486
2021-04-26 13:15:00,14498.65,14502.0,14463.3,14470.0,24995280
2021-04-26 13:45:00,14469.95,14514.75,14464.6,14486.5,24703692
2021-04-26 14:15:00,14487.1,14487.75,14451.5,14471.65,31967663
2021-04-26 14:45:00,14471.1,14490.6,14461.65,14480.0,42518662
2021-04-26 15:15:00,14479.65,14494.5,14479.15,14485.0,30083396
2021-04-27 09:15:00,14509.85,14554.25,14484.85,14550.05,77111431
2021-04-27 09:45:00,14551.1,14583.75,14543.5,14566.55,43772710
2021-04-27 10:15:00,14566.65,14569.9,14545.8,14567.1,39371323
2021-04-27 10:45:00,14565.7,14593.4,14561.6,14587.4,29969973
2021-04-27 11:15:00,14588.15,14594.3,14571.35,14590.0,25845581
2021-04-27 11:45:00,14591.3,14626.35,14587.9,14624.85,26748460
2021-04-27 12:15:00,14625.4,14630.25,14598.0,14608.75,22695571
2021-04-27 12:45:00,14608.7,14617.6,14590.25,14599.55,20507824
2021-04-27 13:15:00,14598.55,14608.9,14588.35,14596.15,17769202
2021-04-27 13:45:00,14595.95,14640.4,14595.95,14632.55,23865218
2021-04-27 14:15:00,14633.4,14659.55,14624.65,14651.5,28859406
2021-04-27 14:45:00,14651.45,14655.65,14633.25,14654.35,41781957
2021-04-27 15:15:00,14654.6,14667.55,14651.7,14653.05,34098970
2021-04-28 09:15:00,14712.4,14760.15,14694.95,14745.9,80339137
2021-04-28 09:45:00,14745.4,14764.9,14742.05,14754.95,33794890
2021-04-28 10:15:00,14754.55,14772.6,14735.4,14772.5,28038196
2021-04-28 10:45:00,14773.25,14786.15,14769.2,14776.0,20463500
2021-04-28 11:15:00,14776.6,14787.3,14770.0,14780.15,20988160
2021-04-28 11:45:00,14779.7,14802.25,14779.1,14799.3,25545662
2021-04-28 12:15:00,14799.6,14837.0,14790.25,14832.25,27405762
2021-04-28 12:45:00,14831.75,14867.25,14828.1,14866.55,26152082
2021-04-28 13:15:00,14867.85,14872.5,14843.75,14851.45,28230407
2021-04-28 13:45:00,14851.9,14878.15,14837.8,14872.0,31363904
2021-04-28 14:15:00,14872.2,14890.25,14866.1,14872.2,40283109
2021-04-28 14:45:00,14872.0,14881.25,14860.1,14865.05,43657300
2021-04-28 15:15:00,14864.6,14866.0,14847.3,14864.55,35583953
2021-04-29 09:15:00,14987.15,15044.35,14961.6,15009.4,90502146
2021-04-29 09:45:00,15010.15,15018.65,14896.0,14923.4,68543414
2021-04-29 10:15:00,14921.75,14931.05,14858.0,14869.1,35094978
2021-04-29 10:45:00,14869.8,14872.3,14814.45,14841.6,30784111
2021-04-29 11:15:00,14840.75,14919.75,14836.6,14885.7,28064201
2021-04-29 11:45:00,14887.0,14914.35,14870.05,14904.3,24614328
2021-04-29 12:15:00,14904.85,14910.85,14886.8,14902.1,23850738
2021-04-29 12:45:00,14903.9,14950.9,14898.25,14913.6,31510076
2021-04-29 13:15:00,14914.55,14958.0,14913.25,14942.0,23910733
2021-04-29 13:45:00,14941.75,14941.75,14869.8,14899.7,34820381
2021-04-29 14:15:00,14900.85,14924.1,14882.65,14909.75,32674325
2021-04-29 14:45:00,14910.0,14924.45,14887.85,14893.45,46052066
2021-04-29 15:15:00,14893.25,14895.25,14875.5,14894.9,34436221
2021-04-30 09:15:00,14775.35,14855.45,14730.75,14832.2,100458003
2021-04-30 09:45:00,14834.95,14852.3,14780.2,14803.8,65783701
2021-04-30 10:15:00,14803.35,14827.45,14788.9,14804.6,49311690
2021-04-30 10:45:00,14805.05,14824.65,14804.35,14811.8,34438241
2021-04-30 11:15:00,14811.55,14822.25,14767.8,14771.5,40376195
2021-04-30 11:45:00,14771.85,14805.3,14768.95,14784.9,32948368
2021-04-30 12:15:00,14785.35,14817.75,14783.55,14812.85,27757437
2021-04-30 12:45:00,14813.45,14818.9,14753.25,14761.65,28319788
2021-04-30 13:15:00,14762.5,14778.9,14724.25,14728.9,30174249
2021-04-30 13:45:00,14729.35,14747.0,14674.45,14700.35,43363662
2021-04-30 14:15:00,14701.05,14724.4,14672.5,14709.15,32683581
2021-04-30 14:45:00,14709.7,14713.55,14624.55,14630.9,60529050
2021-04-30 15:15:00,14631.4,14632.1,14601.7,14631.1,48480699
2021-05-03 09:15:00,14490.65,14548.05,14416.25,14545.55,95303473
2021-05-03 09:45:00,14544.75,14561.35,14527.35,14543.05,42055417
2021-05-03 10:15:00,14541.85,14576.75,14512.75,14572.85,30686802
2021-05-03 10:45:00,14572.6,14594.4,14529.4,14544.4,25911201
2021-05-03 11:15:00,14544.2,14565.55,14532.8,14535.95,21652556
2021-05-03 11:45:00,14535.8,14570.6,14520.9,14569.35,22169994
2021-05-03 12:15:00,14568.9,14569.8,14534.55,14544.4,21720482
2021-05-03 12:45:00,14544.45,14591.35,14541.95,14590.05,19931996
2021-05-03 13:15:00,14590.45,14601.2,14529.05,14552.2,22790464
2021-05-03 13:45:00,14553.5,14573.5,14537.7,14559.1,22668384
2021-05-03 14:15:00,14558.6,14667.4,14556.9,14662.95,40633479
2021-05-03 14:45:00,14662.4,14673.85,14616.25,14628.8,42402660
2021-05-03 15:15:00,14628.95,14647.8,14620.1,14634.15,27683002
2021-05-04 09:15:00,14711.45,14723.4,14617.65,14620.0,93171433
2021-05-04 09:45:00,14620.2,14669.85,14580.15,14647.4,49460472
2021-05-04 10:15:00,14645.7,14664.8,14632.75,14652.3,33712403
2021-05-04 10:45:00,14652.0,14688.75,14649.2,14686.25,26348043
2021-05-04 11:15:00,14685.35,14699.95,14668.4,14691.85,24127707
2021-05-04 11:45:00,14692.1,14695.3,14660.85,14668.75,22648957
2021-05-04 12:15:00,14668.2,14680.0,14646.25,14669.7,24640267
2021-05-04 12:45:00,14670.2,14679.15,14577.8,14578.1,36028383
2021-05-04 13:15:00,14577.1,14620.95,14561.5,14604.6,34573333
2021-05-04 13:45:00,14605.5,14637.1,14590.8,14603.05,24364038
2021-05-04 14:15:00,14603.2,14623.95,14489.6,14491.6,39527499
2021-05-04 14:45:00,14490.9,14519.75,14461.5,14504.4,46280834
2021-05-04 15:15:00,14505.05,14507.9,14491.6,14496.5,34086069
2021-05-05 09:15:00,14608.2,14608.2,14533.6,14572.15,91357654
2021-05-05 09:45:00,14572.75,14596.85,14506.6,14551.65,47605265
2021-05-05 10:15:00,14551.45,14594.9,14533.2,14590.5,34826661
2021-05-05 10:45:00,14593.05,14606.45,14554.85,14563.35,27911154
2021-05-05 11:15:00,14563.55,14567.9,14531.4,14544.15,27846064
2021-05-05 11:45:00,14543.3,14581.1,14542.35,14571.7,26785707
2021-05-05 12:15:00,14571.85,14580.0,14553.05,14560.9,21018754
2021-05-05 12:45:00,14560.8,14632.45,14557.3,14614.4,27592965
2021-05-05 13:15:00,14614.35,14626.4,14576.25,14601.15,22974168
2021-05-05 13:45:00,14601.25,14615.3,14544.9,14552.45,23799344
2021-05-05 14:15:00,14550.85,14601.45,14548.4,14593.25,22584382
2021-05-05 14:45:00,14592.95,14621.4,14585.65,14621.0,37686984
2021-05-05 15:15:00,14621.8,14637.9,14617.4,14617.85,30171160
2021-05-06 09:15:00,14668.6,14693.65,14636.2,14677.65,88039330
2021-05-06 09:45:00,14677.85,14697.45,14642.65,14650.3,44852388
2021-05-06 10:15:00,14650.1,14657.05,14611.5,14642.15,34232434
2021-05-06 10:45:00,14642.05,14664.5,14630.7,14636.85,24794392
2021-05-06 11:15:00,14637.6,14647.95,14615.45,14647.95,21055025
2021-05-06 11:45:00,14649.3,14676.65,14638.45,14673.2,25713768
2021-05-06 12:15:00,14672.75,14699.4,14666.95,14692.0,26834572
2021-05-06 12:45:00,14691.75,14725.05,14686.0,14712.75,25845618
2021-05-06 13:15:00,14713.0,14718.8,14671.3,14701.95,27626562
2021-05-06 13:45:00,14702.05,14711.0,14684.05,14691.9,25041509
2021-05-06 14:15:00,14692.4,14711.7,14674.7,14698.95,28250551
2021-05-06 14:45:00,14698.45,14722.45,14686.5,14721.85,42194372
2021-05-06 15:15:00,14722.3,14743.9,14721.85,14724.8,36831170
2021-05-07 09:15:00,14821.75,14863.05,14808.1,14855.6,87070425
2021-05-07 09:45:00,14856.0,14857.7,14823.3,14834.1,37702373
2021-05-07 10:15:00,14833.6,14841.3,14805.05,14805.9,33956890
2021-05-07 10:45:00,14805.7,14822.1,14790.85,14811.55,30367497
2021-05-07 11:15:00,14811.3,14836.7,14804.95,14825.5,27684929
2021-05-07 11:45:00,14825.25,14831.2,14776.45,14791.05,38862500
2021-05-07 12:15:00,14790.2,14807.75,14771.45,14805.75,31191485
2021-05-07 12:45:00,14805.2,14811.2,14777.05,14778.05,21854841
2021-05-07 13:15:00,14777.2,14804.85,14765.5,14800.55,22348962
2021-05-07 13:45:00,14799.85,14837.55,14797.7,14834.0,27010947
2021-05-07 14:15:00,14833.95,14839.25,14815.85,14834.7,35343050
2021-05-07 14:45:00,14834.25,14852.0,14826.6,14827.3,48220014
2021-05-07 15:15:00,14827.6,14828.45,14806.35,14823.15,28660428
2021-05-10 09:15:00,14933.9,14951.25,14904.55,14915.85,87737104
2021-05-10 09:45:00,14915.45,14931.6,14892.5,14920.6,48040847
2021-05-10 10:15:00,14920.7,14944.15,14919.9,14932.5,38258793
2021-05-10 10:45:00,14933.15,14941.0,14916.6,14932.6,25802969
2021-05-10 11:15:00,14933.15,14950.25,14930.4,14940.7,26847173
2021-05-10 11:45:00,14940.95,14943.0,14925.75,14940.8,24871939
2021-05-10 12:15:00,14939.85,14959.95,14933.9,14955.95,29388283
2021-05-10 12:45:00,14956.35,14965.25,14929.4,14934.7,31468805
2021-05-10 13:15:00,14934.05,14955.15,14921.15,14953.85,29569903
2021-05-10 13:45:00,14953.35,14958.75,14945.2,14946.8,32357500
2021-05-10 14:15:00,14946.95,14966.9,14934.9,14949.1,34064284
2021-05-10 14:45:00,14949.25,14950.4,14931.35,14941.2,52330023
2021-05-10 15:15:00,14941.45,14952.9,14929.65,14942.35,39975203
2021-05-11 09:15:00,14797.8,14835.45,14771.4,14824.0,121998978
2021-05-11 09:45:00,14824.05,14847.8,14818.65,14845.85,52954905
2021-05-11 10:15:00,14846.0,14849.4,14826.05,14837.95,43903726
2021-05-11 10:45:00,14837.55,14842.8,14829.3,14831.75,34267802
2021-05-11 11:15:00,14832.15,14885.75,14831.35,14875.65,41868723
2021-05-11 11:45:00,14875.2,14890.05,14867.55,14883.45,38863271
2021-05-11 12:15:00,14882.9,14900.0,14871.75,14876.9,36684790
2021-05-11 12:45:00,14876.55,14877.9,14844.55,14849.3,33562770
2021-05-11 13:15:00,14847.65,14847.65,14803.05,14824.35,35280082
2021-05-11 13:45:00,14824.85,14844.55,14816.95,14831.0,30897490
2021-05-11 14:15:00,14831.45,14852.05,14823.9,14838.85,50208576
2021-05-11 14:45:00,14838.9,14856.9,14832.35,14854.75,58362252
2021-05-11 15:15:00,14855.05,14855.85,14842.15,14850.75,40740917
2021-05-12 09:15:00,14824.05,14824.05,14728.15,14769.4,130603859
2021-05-12 09:45:00,14769.65,14770.8,14739.5,14740.25,46454340
2021-05-12 10:15:00,14738.45,14749.65,14711.1,14733.3,48539896
2021-05-12 10:45:00,14733.9,14747.75,14712.3,14712.5,41900435
2021-05-12 11:15:00,14711.75,14733.0,14695.1,14727.15,34359389
2021-05-12 11:45:00,14727.85,14759.05,14726.5,14758.5,30108849
2021-05-12 12:15:00,14759.15,14772.35,14745.85,14750.85,30921337
2021-05-12 12:45:00,14751.4,14776.7,14747.85,14775.1,40200738
2021-05-12 13:15:00,14775.35,14781.25,14726.35,14732.5,32697956
2021-05-12 13:45:00,14733.6,14763.15,14731.25,14745.15,36716791
2021-05-12 14:15:00,14745.65,14756.05,14724.3,14730.3,38992179
2021-05-12 14:45:00,14730.05,14730.5,14649.7,14707.9,74693556
2021-05-12 15:15:00,14706.5,14713.4,14688.65,14696.5,34271227
2021-05-14 09:15:00,14749.45,14749.65,14618.8,14676.7,116844083
2021-05-14 09:45:00,14676.1,14728.8,14663.65,14685.15,57747817
2021-05-14 10:15:00,14685.8,14710.4,14672.65,14689.75,49873089
2021-05-14 10:45:00,14689.85,14698.15,14653.5,14663.35,41462437
2021-05-14 11:15:00,14663.45,14685.75,14633.8,14637.85,33366685
2021-05-14 11:45:00,14637.0,14649.25,14591.9,14623.1,50414342
2021-05-14 12:15:00,14623.75,14661.7,14616.95,14661.6,32736356
2021-05-14 12:45:00,14661.3,14687.7,14648.15,14666.5,34976211
2021-05-14 13:15:00,14665.4,14692.65,14648.05,14657.25,33807622
2021-05-14 13:45:00,14656.5,14677.0,14629.75,14659.75,35771747
2021-05-14 14:15:00,14660.35,14692.55,14645.4,14670.35,31200309
2021-05-14 14:45:00,14670.5,14711.4,14660.85,14672.65,45848973
2021-05-14 15:15:00,14673.35,14693.85,14671.55,14677.8,34708301
2021-05-17 09:15:00,14762.3,14777.5,14725.35,14768.2,99471467
2021-05-17 09:45:00,14768.55,14811.85,14759.2,14808.15,41647113
2021-05-17 10:15:00,14809.1,14824.7,14790.15,14810.9,37342239
2021-05-17 10:45:00,14810.55,14812.8,14799.15,14802.75,33584488
2021-05-17 11:15:00,14803.3,14820.55,14798.15,14808.3,34332874
2021-05-17 11:45:00,14807.95,14835.55,14807.45,14827.9,30349011
2021-05-17 12:15:00,14828.05,14854.05,14823.95,14843.25,29118768
2021-05-17 12:45:00,14844.55,14862.6,14836.95,14836.95,28178485
2021-05-17 13:15:00,14838.7,14868.15,14826.75,14862.4,29049064
2021-05-17 13:45:00,14862.5,14886.0,14858.45,14871.4,32008051
2021-05-17 14:15:00,14870.75,14909.5,14866.2,14907.4,36818048
2021-05-17 14:45:00,14910.0,14930.65,14897.4,14921.15,55865363
2021-05-17 15:15:00,14921.0,14938.0,14913.9,14923.15,39661183
2021-05-18 09:15:00,15075.4,15124.5,15048.75,15089.15,103726258
2021-05-18 09:45:00,15088.95,15100.8,15043.7,15057.35,53530285
2021-05-18 10:15:00,15057.0,15099.5,15056.65,15097.15,36573242
2021-05-18 10:45:00,15096.75,15134.4,15090.2,15126.25,33578145
2021-05-18 11:15:00,15125.75,15130.85,15102.8,15112.15,30219944
2021-05-18 11:45:00,15112.4,15126.75,15104.8,15121.6,40737053
2021-05-18 12:15:00,15120.5,15124.45,15098.6,15110.4,36973041
2021-05-18 12:45:00,15111.7,15123.05,15087.6,15101.2,27126880
2021-05-18 13:15:00,15102.25,15137.25,15100.95,15132.95,36234478
2021-05-18 13:45:00,15134.4,15136.85,15103.7,15109.35,39340836
2021-05-18 14:15:00,15110.2,15118.3,15074.8,15102.5,37533422
2021-05-18 14:45:00,15103.55,15111.95,15091.8,15104.6,48266990
2021-05-18 15:15:00,15105.2,15117.65,15100.35,15108.1,38907622
2021-05-19 09:15:00,15066.5,15133.4,15049.65,15105.4,117777418
2021-05-19 09:45:00,15105.1,15132.8,15101.75,15102.05,44571344
2021-05-19 10:15:00,15102.85,15111.3,15069.65,15082.55,47433588
2021-05-19 10:45:00,15081.8,15096.45,15077.1,15090.55,27220267
2021-05-19 11:15:00,15091.6,15092.05,15062.65,15087.2,28072689
2021-05-19 11:45:00,15087.0,15123.4,15077.2,15120.15,28302123
2021-05-19 12:15:00,15121.1,15121.1,15083.55,15098.5,25997342
2021-05-19 12:45:00,15099.4,15099.8,15078.7,15082.95,20532428
2021-05-19 13:15:00,15082.85,15092.75,15031.6,15039.6,30678683
2021-05-19 13:45:00,15039.8,15057.3,15021.8,15036.6,29016479
2021-05-19 14:15:00,15037.85,15065.05,15020.95,15054.75,55720379
2021-05-19 14:45:00,15055.55,15072.4,15033.3,15033.35,58113021
2021-05-19 15:15:00,15032.4,15036.8,15008.85,15030.15,35552059
2021-05-20 09:15:00,15049.3,15069.8,14960.5,15005.25,115161422
2021-05-20 09:45:00,15005.55,15025.1,14991.0,15024.85,38695730
2021-05-20 10:15:00,15025.35,15032.7,14988.6,15000.5,30956228
2021-05-20 10:45:00,15001.0,15018.6,14995.1,15013.2,27973154
2021-05-20 11:15:00,15013.15,15019.05,14992.75,15013.9,23939136
2021-05-20 11:45:00,15014.25,15020.95,15000.75,15011.05,21616759
2021-05-20 12:15:00,15012.05,15012.05,14980.7,14993.55,20881340
2021-05-20 12:45:00,14993.95,15005.3,14984.1,14987.6,18201304
2021-05-20 13:15:00,14987.2,14994.2,14970.05,14989.75,21839768
2021-05-20 13:45:00,14990.1,15001.35,14963.55,14968.85,20602725
2021-05-20 14:15:00,14969.4,14969.4,14926.25,14942.05,34796633
2021-05-20 14:45:00,14942.6,14942.6,14884.9,14906.45,48131379
2021-05-20 15:15:00,14906.35,14923.8,14898.6,14906.05,37006638
2021-05-21 09:15:00,15002.15,15041.5,14985.85,15040.65,77175022
2021-05-21 09:45:00,15040.55,15076.6,15040.55,15059.8,40530312
2021-05-21 10:15:00,15059.65,15097.15,15059.55,15086.05,31146594
2021-05-21 10:45:00,15086.6,15103.1,15081.1,15096.05,26709381
2021-05-21 11:15:00,15095.5,15118.8,15090.9,15116.9,24548243
2021-05-21 11:45:00,15116.8,15118.85,15083.45,15092.95,25514141
2021-05-21 12:15:00,15092.55,15105.6,15087.1,15087.7,23362773
2021-05-21 12:45:00,15087.75,15098.0,15078.15,15082.05,21590177
2021-05-21 13:15:00,15082.9,15111.2,15076.1,15103.4,21448963
2021-05-21 13:45:00,15104.05,15117.7,15084.6,15117.3,79896434
2021-05-21 14:15:00,15119.15,15167.2,15117.95,15159.85,63875032
2021-05-21 14:45:00,15161.1,15183.85,15155.2,15182.5,75502765
2021-05-21 15:15:00,15182.6,15190.0,15173.95,15175.3,41467925
2021-05-24 09:15:00,15221.65,15251.9,15183.0,15205.2,116858994
2021-05-24 09:45:00,15206.5,15210.15,15145.45,15187.3,55328036
2021-05-24 10:15:00,15187.1,15220.95,15187.1,15203.5,40957836
2021-05-24 10:45:00,15203.35,15227.3,15199.5,15218.5,34176607
2021-05-24 11:15:00,15218.15,15229.8,15209.3,15220.45,30291697
2021-05-24 11:45:00,15220.8,15226.05,15201.75,15213.7,29042780
2021-05-24 12:15:00,15213.85,15214.55,15183.9,15192.05,26117962
2021-05-24 12:45:00,15191.35,15228.25,15180.4,15219.4,33634205
2021-05-24 13:15:00,15220.2,15220.6,15193.85,15202.85,22103491
2021-05-24 13:45:00,15202.25,15216.35,15188.95,15204.95,31488716
2021-05-24 14:15:00,15205.25,15238.9,15193.0,15232.75,42419419
2021-05-24 14:45:00,15232.85,15256.25,15190.85,15203.2,61036890
2021-05-24 15:15:00,15202.95,15202.95,15171.45,15197.7,37149572
2021-05-25 09:15:00,15293.85,15293.85,15257.55,15264.05,84588690
2021-05-25 09:45:00,15263.8,15269.2,15247.05,15261.0,42608852
2021-05-25 10:15:00,15261.8,15276.3,15249.45,15259.65,36256371
2021-05-25 10:45:00,15259.55,15260.3,15234.3,15236.75,30499088
2021-05-25 11:15:00,15236.85,15259.65,15223.05,15258.3,24803227
2021-05-25 11:45:00,15258.15,15264.15,15241.3,15250.4,19774788
2021-05-25 12:15:00,15250.15,15260.05,15245.85,15249.0,15653221
2021-05-25 12:45:00,15249.15,15253.25,15230.75,15243.4,17546935
2021-05-25 13:15:00,15243.35,15243.9,15197.1,15198.9,24427374
2021-05-25 13:45:00,15195.95,15212.9,15172.45,15176.5,29308231
2021-05-25 14:15:00,15176.15,15222.4,15163.4,15203.7,34803735
2021-05-25 14:45:00,15203.85,15214.65,15186.55,15200.7,33744656
2021-05-25 15:15:00,15202.6,15222.65,15200.55,15208.45,31335024
2021-05-26 09:15:00,15258.6,15258.6,15194.95,15214.75,66008250
2021-05-26 09:45:00,15214.2,15249.1,15214.2,15241.8,35330097
2021-05-26 10:15:00,15242.4,15291.15,15238.0,15280.2,26655134
2021-05-26 10:45:00,15279.55,15302.65,15270.45,15301.25,22883988
2021-05-26 11:15:00,15300.85,15304.75,15280.2,15283.75,20035404
2021-05-26 11:45:00,15283.55,15299.5,15269.2,15297.35,21036425
2021-05-26 12:15:00,15297.05,15313.5,15290.4,15296.4,24590646
2021-05-26 12:45:00,15297.55,15299.6,15284.9,15289.55,22133084
2021-05-26 13:15:00,15289.6,15314.7,15280.3,15289.7,22832841
2021-05-26 13:45:00,15288.7,15307.8,15286.4,15301.7,20179037
2021-05-26 14:15:00,15301.6,15319.9,15295.8,15317.9,22586986
2021-05-26 14:45:00,15318.95,15319.0,15280.7,15302.8,35459084
2021-05-26 15:15:00,15303.2,15315.25,15298.0,15301.45,29548600
2021-05-27 09:15:00,15335.55,15335.55,15278.6,15294.0,100882460
2021-05-27 09:45:00,15293.85,15319.3,15286.7,15314.4,46988326
2021-05-27 10:15:00,15314.6,15323.95,15304.95,15309.85,30708216
2021-05-27 10:45:00,15311.05,15331.45,15307.95,15326.4,22010832
2021-05-27 11:15:00,15326.5,15356.95,15320.6,15344.05,21134591
2021-05-27 11:45:00,15343.95,15365.1,15343.8,15351.75,24075617
2021-05-27 12:15:00,15352.15,15353.0,15330.6,15333.35,27975053
2021-05-27 12:45:00,15333.2,15353.85,15331.1,15348.25,28897031
2021-05-27 13:15:00,15347.25,15358.95,15337.25,15349.1,27250454
2021-05-27 13:45:00,15349.55,15350.35,15300.3,15302.25,27489530
2021-05-27 14:15:00,15302.7,15316.05,15272.5,15308.4,31295754
2021-05-27 14:45:00,15309.4,15336.9,15294.25,15331.75,152047040
2021-05-27 15:15:00,15331.15,15384.55,15331.0,15337.85,130471671
2021-05-28 09:15:00,15424.6,15455.55,15405.45,15443.85,91076087
2021-05-28 09:45:00,15444.65,15452.8,15424.2,15431.4,43851259
2021-05-28 10:15:00,15430.85,15445.7,15411.3,15429.2,29112836
2021-05-28 10:45:00,15428.7,15433.9,15395.7,15401.65,28128369
2021-05-28 11:15:00,15401.55,15437.0,15394.75,15424.8,29100373
2021-05-28 11:45:00,15424.4,15443.45,15415.5,15437.0,21949656
2021-05-28 12:15:00,15436.55,15444.0,15413.6,15424.05,20141495
2021-05-28 12:45:00,15424.25,15443.45,15419.45,15435.55,19340865
2021-05-28 13:15:00,15435.35,15461.3,15414.4,15451.15,19387254
2021-05-28 13:45:00,15451.1,15469.65,15432.7,15440.9,26166508
2021-05-28 14:15:00,15441.3,15460.75,15428.9,15446.25,30628107
2021-05-28 14:45:00,15446.0,15446.0,15408.9,15437.2,54189812
2021-05-28 15:15:00,15436.35,15458.35,15435.3,15435.65,39429515
2021-05-31 09:15:00,15440.55,15450.9,15374.0,15442.95,98530880
2021-05-31 09:45:00,15442.85,15497.4,15439.55,15496.9,40019834
2021-05-31 10:15:00,15497.45,15508.8,15486.6,15504.4,27845611
2021-05-31 10:45:00,15504.7,15526.85,15491.45,15518.5,27793073
2021-05-31 11:15:00,15518.55,15535.85,15506.45,15529.3,27334986
2021-05-31 11:45:00,15529.4,15540.35,15521.7,15536.95,23312976
2021-05-31 12:15:00,15537.45,15561.2,15529.45,15552.3,22845581
2021-05-31 12:45:00,15551.7,15573.5,15549.8,15558.25,22788167
2021-05-31 13:15:00,15558.4,15559.9,15530.35,15539.35,26763109
2021-05-31 13:45:00,15539.25,15572.05,15525.6,15569.7,28166169
2021-05-31 14:15:00,15570.15,15578.45,15559.1,15564.65,29814688
2021-05-31 14:45:00,15564.1,15586.65,15549.15,15585.35,49474984
2021-05-31 15:15:00,15584.6,15606.35,15575.4,15582.8,40586271
2021-06-01 09:15:00,15630.3,15660.75,15588.65,15649.85,79267891
2021-06-01 09:45:00,15650.0,15652.65,15590.95,15592.0,46924424
2021-06-01 10:15:00,15592.5,15594.85,15539.7,15571.0,36843671
2021-06-01 10:45:00,15570.35,15586.6,15547.0,15556.35,24915156
2021-06-01 11:15:00,15554.25,15570.5,15536.1,15540.8,22500120
2021-06-01 11:45:00,15540.0,15568.0,15528.3,15567.6,22085690
2021-06-01 12:15:00,15566.4,15583.4,15549.4,15566.8,19705562
2021-06-01 12:45:00,15566.2,15581.55,15562.9,15575.85,19289476
2021-06-01 13:15:00,15575.15,15602.35,15569.25,15596.7,20818869
2021-06-01 13:45:00,15595.95,15616.8,15540.8,15561.65,26258598
2021-06-01 14:15:00,15561.55,15589.5,15560.35,15575.85,24772354
2021-06-01 14:45:00,15574.4,15582.95,15555.4,15575.0,35361866
2021-06-01 15:15:00,15574.85,15586.45,15567.65,15574.85,28987801
2021-06-02 09:15:00,15536.4,15564.05,15491.95,15519.75,99283298
2021-06-02 09:45:00,15520.55,15528.9,15494.05,15508.4,39416498
2021-06-02 10:15:00,15508.6,15508.6,15488.5,15502.4,25650569
2021-06-02 10:45:00,15502.55,15511.6,15491.15,15509.15,21894045
2021-06-02 11:15:00,15508.85,15516.9,15484.85,15490.35,18348549
2021-06-02 11:45:00,15489.85,15497.35,15477.15,15486.55,19952846
2021-06-02 12:15:00,15486.4,15505.0,15481.95,15499.95,21975184
2021-06-02 12:45:00,15500.0,15500.15,15466.8,15467.85,21630885
2021-06-02 13:15:00,15467.25,15491.35,15459.85,15484.25,21736711
2021-06-02 13:45:00,15484.15,15506.75,15483.25,15495.85,20608128
2021-06-02 14:15:00,15496.1,15516.1,15494.1,15506.55,19886890
2021-06-02 14:45:00,15506.6,15576.65,15506.6,15573.05,54189596
2021-06-02 15:15:00,15574.15,15597.45,15573.3,15576.2,37125899
2021-06-03 09:15:00,15667.3,15693.15,15646.05,15665.8,74601492
2021-06-03 09:45:00,15664.25,15668.35,15644.45,15655.5,26418608
2021-06-03 10:15:00,15655.35,15663.9,15640.95,15643.05,28677326
2021-06-03 10:45:00,15644.35,15654.4,15635.3,15645.05,23377083
2021-06-03 11:15:00,15644.95,15658.9,15639.35,15654.3,33954595
2021-06-03 11:45:00,15653.4,15666.35,15653.35,15655.95,22152729
2021-06-03 12:15:00,15656.0,15656.5,15633.05,15633.7,21618520
2021-06-03 12:45:00,15633.6,15646.9,15628.9,15633.35,24814555
2021-06-03 13:15:00,15633.45,15652.7,15611.0,15646.25,29776337
2021-06-03 13:45:00,15646.45,15675.5,15639.55,15670.8,20831200
2021-06-03 14:15:00,15671.2,15676.3,15659.35,15669.0,24354708
2021-06-03 14:45:00,15667.7,15696.55,15645.3,15695.65,41019923
2021-06-03 15:15:00,15696.5,15705.1,15680.8,15690.35,32212513
2021-06-04 09:15:00,15713.2,15723.95,15680.15,15714.2,76557389
2021-06-04 09:45:00,15714.6,15733.25,15700.25,15728.6,34523242
2021-06-04 10:15:00,15728.55,15733.6,15676.25,15694.85,33330898
2021-06-04 10:45:00,15694.35,15703.65,15667.8,15670.25,23071527
2021-06-04 11:15:00,15670.3,15670.5,15642.55,15666.75,25603893
2021-06-04 11:45:00,15667.3,15678.55,15659.25,15664.0,21679182
2021-06-04 12:15:00,15663.2,15698.3,15662.95,15693.6,25601239
2021-06-04 12:45:00,15694.0,15703.35,15658.25,15665.75,24161467
2021-06-04 13:15:00,15666.05,15674.25,15630.55,15632.05,20252267
2021-06-04 13:45:00,15631.65,15662.8,15622.35,15662.25,23558497
2021-06-04 14:15:00,15662.65,15669.85,15650.05,15651.25,28273847
2021-06-04 14:45:00,15652.45,15676.35,15648.25,15671.35,40163436
2021-06-04 15:15:00,15671.5,15682.0,15664.75,15670.25,32531753
2021-06-07 09:15:00,15727.95,15728.2,15678.1,15705.7,76157204
2021-06-07 09:45:00,15705.0,15715.95,15680.6,15715.6,33068565
2021-06-07 10:15:00,15716.9,15729.7,15713.05,15718.2,39946189
2021-06-07 10:45:00,15717.05,15739.4,15713.6,15736.25,29930087
2021-06-07 11:15:00,15735.65,15737.15,15720.15,15733.4,26353530
2021-06-07 11:45:00,15734.5,15734.5,15716.85,15719.55,20144697
2021-06-07 12:15:00,15718.25,15733.65,15713.35,15716.1,22072531
2021-06-07 12:45:00,15715.9,15736.55,15702.05,15735.4,25852791
2021-06-07 13:15:00,15736.95,15762.7,15734.35,15760.15,20142956
2021-06-07 13:45:00,15760.6,15762.25,15744.25,15754.5,17595005
2021-06-07 14:15:00,15754.45,15773.45,15752.0,15759.85,27769365
2021-06-07 14:45:00,15759.45,15764.15,15747.2,15752.55,39415854
2021-06-07 15:15:00,15752.0,15757.75,15742.2,15751.65,29332438
2021-06-08 09:15:00,15778.8,15778.8,15710.35,15710.55,69387357
2021-06-08 09:45:00,15709.8,15721.65,15680.0,15695.15,40743912
2021-06-08 10:15:00,15695.7,15720.9,15691.25,15713.25,27686343
2021-06-08 10:45:00,15712.7,15726.6,15709.8,15719.7,21583434
2021-06-08 11:15:00,15719.4,15737.8,15718.95,15737.4,17101876
2021-06-08 11:45:00,15738.2,15741.45,15701.05,15713.6,17935869
2021-06-08 12:15:00,15714.2,15726.7,15712.1,15725.65,18647803
2021-06-08 12:45:00,15725.05,15737.9,15722.3,15727.7,21599580
2021-06-08 13:15:00,15726.85,15756.25,15724.0,15741.45,23139968
2021-06-08 13:45:00,15741.3,15742.35,15715.85,15732.25,20305004
2021-06-08 14:15:00,15732.65,15747.35,15727.9,15743.6,23026533
2021-06-08 14:45:00,15744.75,15758.35,15733.65,15737.55,41134065
2021-06-08 15:15:00,15738.5,15747.0,15733.6,15740.1,33309644
2021-06-09 09:15:00,15769.95,15778.4,15723.1,15770.45,66372313
2021-06-09 09:45:00,15770.4,15792.95,15768.05,15783.75,28294375
2021-06-09 10:15:00,15784.15,15786.1,15768.85,15778.1,23537173
2021-06-09 10:45:00,15777.9,15785.6,15772.75,15782.85,18677011
2021-06-09 11:15:00,15782.75,15788.4,15774.5,15784.75,29907965
2021-06-09 11:45:00,15785.25,15794.4,15779.45,15789.5,31662490
2021-06-09 12:15:00,15789.9,15800.45,15780.7,15782.0,20829291
2021-06-09 12:45:00,15781.95,15785.55,15658.85,15660.35,49665646
2021-06-09 13:15:00,15659.6,15699.05,15608.4,15694.75,46507450
2021-06-09 13:45:00,15694.2,15696.0,15660.85,15679.95,23075161
2021-06-09 14:15:00,15682.45,15697.8,15578.6,15578.85,54645459
2021-06-09 14:45:00,15578.9,15646.45,15566.9,15638.9,52586950
2021-06-09 15:15:00,15639.15,15654.6,15632.05,15635.35,33574342
2021-06-10 09:15:00,15680.7,15708.65,15648.5,15700.05,68234788
2021-06-10 09:45:00,15699.8,15707.05,15685.15,15693.25,29731990
2021-06-10 10:15:00,15693.6,15718.6,15691.05,15715.65,19437633
2021-06-10 10:45:00,15715.6,15721.05,15689.65,15693.05,17920881
2021-06-10 11:15:00,15692.95,15711.5,15691.9,15708.25,15462349
2021-06-10 11:45:00,15707.9,15741.25,15701.15,15724.1,15498383
2021-06-10 12:15:00,15724.75,15729.7,15690.4,15697.8,14368088
2021-06-10 12:45:00,15698.1,15714.0,15694.1,15706.9,13141663
2021-06-10 13:15:00,15706.6,15738.25,15706.5,15716.7,16279941
2021-06-10 13:45:00,15716.65,15745.85,15714.8,15727.55,17497297
2021-06-10 14:15:00,15727.7,15747.15,15723.8,15743.0,21623281
2021-06-10 14:45:00,15743.6,15751.25,15726.45,15733.35,31199234
2021-06-10 15:15:00,15734.35,15745.95,15729.55,15737.75,25730499
2021-06-11 09:15:00,15800.8,15835.55,15781.45,15821.3,71674684
2021-06-11 09:45:00,15822.35,15826.55,15808.8,15809.1,37364037
2021-06-11 10:15:00,15808.8,15825.5,15802.0,15816.75,23491730
2021-06-11 10:45:00,15816.5,15831.45,15811.2,15813.35,23827594
2021-06-11 11:15:00,15812.0,15812.85,15780.4,15794.1,27866782
2021-06-11 11:45:00,15793.65,15807.6,15750.35,15754.2,24600817
2021-06-11 12:15:00,15753.85,15788.5,15749.8,15787.55,19362205
2021-06-11 12:45:00,15788.35,15799.55,15779.35,15793.25,18151819
2021-06-11 13:15:00,15793.05,15794.45,15761.05,15780.1,18892020
2021-06-11 13:45:00,15780.45,15812.2,15780.45,15809.25,20268933
2021-06-11 14:15:00,15809.15,15809.6,15786.6,15805.3,25262591
2021-06-11 14:45:00,15805.05,15805.45,15783.25,15799.5,32940892
2021-06-11 15:15:00,15799.7,15807.6,15795.8,15799.35,26153622
2021-06-14 09:15:00,15791.9,15791.9,15606.5,15680.45,90359223
2021-06-14 09:45:00,15680.1,15740.75,15668.65,15733.25,49010138
2021-06-14 10:15:00,15731.6,15734.85,15709.45,15721.0,31049986
2021-06-14 10:45:00,15720.2,15726.15,15684.15,15704.8,26098375
2021-06-14 11:15:00,15704.15,15717.9,15694.25,15715.0,16978050
2021-06-14 11:45:00,15713.95,15725.4,15709.7,15719.8,16279247
2021-06-14 12:15:00,15719.45,15742.8,15712.45,15736.1,17165081
2021-06-14 12:45:00,15737.05,15749.0,15717.05,15723.15,19971954
2021-06-14 13:15:00,15723.45,15800.6,15721.65,15786.5,23516710
2021-06-14 13:45:00,15788.15,15808.25,15775.5,15798.95,18135708
2021-06-14 14:15:00,15800.4,15816.05,15785.95,15812.0,24987498
2021-06-14 14:45:00,15813.35,15819.5,15797.4,15808.2,39737848
2021-06-14 15:15:00,15809.25,15823.05,15807.25,15811.85,22506737
2021-06-15 09:15:00,15869.1,15889.6,15842.4,15886.3,67224673
2021-06-15 09:45:00,15887.55,15891.35,15873.15,15887.05,34630550
2021-06-15 10:15:00,15886.55,15901.6,15881.4,15885.6,34942584
2021-06-15 10:45:00,15885.2,15894.25,15878.3,15883.75,20024578
2021-06-15 11:15:00,15884.25,15888.45,15875.9,15876.35,13067529
2021-06-15 11:45:00,15875.35,15884.15,15867.05,15876.7,14540433
2021-06-15 12:15:00,15877.05,15898.8,15874.55,15888.95,18599096
2021-06-15 12:45:00,15888.2,15892.7,15881.45,15887.4,16570283
2021-06-15 13:15:00,15887.9,15891.7,15856.5,15864.65,20782514
2021-06-15 13:45:00,15863.65,15898.95,15858.15,15888.95,14605515
2021-06-15 14:15:00,15887.85,15894.65,15868.05,15873.4,14544326
2021-06-15 14:45:00,15872.75,15883.0,15866.5,15877.0,28531721
2021-06-15 15:15:00,15877.75,15877.75,15854.55,15869.25,23515561
2021-06-16 09:15:00,15848.9,15880.85,15815.0,15850.8,56416721
2021-06-16 09:45:00,15851.1,15855.05,15816.2,15826.1,35430957
2021-06-16 10:15:00,15824.9,15826.35,15792.55,15808.25,33882067
2021-06-16 10:45:00,15808.55,15808.55,15768.0,15783.8,24954615
2021-06-16 11:15:00,15784.3,15802.25,15780.05,15781.3,15805336
2021-06-16 11:45:00,15780.9,15802.75,15779.65,15787.65,15433866
2021-06-16 12:15:00,15787.55,15795.85,15755.1,15764.15,14930079
2021-06-16 12:45:00,15762.6,15788.7,15759.1,15788.65,13050344
2021-06-16 13:15:00,15788.5,15799.65,15785.45,15796.4,13510986
2021-06-16 13:45:00,15795.2,15821.1,15795.2,15814.3,15438821
2021-06-16 14:15:00,15814.2,15825.7,15802.05,15811.0,18452372
2021-06-16 14:45:00,15811.25,15820.65,15764.45,15768.25,45837015
2021-06-16 15:15:00,15770.05,15775.5,15742.6,15767.55,31333590
2021-06-17 09:15:00,15659.95,15719.3,15644.7,15717.65,63442066
2021-06-17 09:45:00,15717.2,15738.25,15705.15,15735.45,23502823
2021-06-17 10:15:00,15736.3,15769.35,15733.75,15754.0,18833810
2021-06-17 10:45:00,15753.95,15755.4,15732.9,15743.35,17647354
2021-06-17 11:15:00,15743.1,15743.65,15710.8,15723.1,20287990
2021-06-17 11:45:00,15723.05,15726.6,15699.15,15710.5,28736867
2021-06-17 12:15:00,15710.75,15719.15,15692.2,15715.6,21054572
2021-06-17 12:45:00,15715.8,15740.05,15711.9,15725.6,18226460
2021-06-17 13:15:00,15725.85,15731.7,15704.15,15718.8,15113997
2021-06-17 13:45:00,15718.3,15721.75,15654.65,15654.65,21657601
2021-06-17 14:15:00,15654.4,15668.2,15616.75,15648.75,34394563
2021-06-17 14:45:00,15649.9,15706.95,15649.0,15704.55,38591063
2021-06-17 15:15:00,15706.25,15708.8,15673.2,15691.4,27845317
2021-06-18 09:15:00,15761.5,15761.5,15662.0,15666.7,75606501
2021-06-18 09:45:00,15666.6,15676.35,15569.65,15622.2,56160314
2021-06-18 10:15:00,15621.65,15625.3,15550.25,15566.25,33256184
2021-06-18 10:45:00,15564.9,15572.55,15450.9,15538.6,49368567
2021-06-18 11:15:00,15538.05,15579.45,15528.15,15548.9,27422509
2021-06-18 11:45:00,15548.85,15574.7,15539.0,15558.4,22572430
2021-06-18 12:15:00,15558.05,15609.5,15555.3,15600.45,26160990
2021-06-18 12:45:00,15600.2,15604.1,15569.55,15584.3,23196073
2021-06-18 13:15:00,15583.85,15598.4,15560.9,15598.4,21147128
2021-06-18 13:45:00,15596.85,15639.8,15591.2,15625.15,34759694
2021-06-18 14:15:00,15627.75,15677.95,15620.4,15665.4,35149024
2021-06-18 14:45:00,15666.0,15685.75,15617.55,15683.2,131528189
2021-06-18 15:15:00,15683.15,15729.2,15683.15,15683.35,96543991
2021-06-21 09:15:00,15533.1,15590.5,15505.65,15582.75,74809335
2021-06-21 09:45:00,15582.85,15609.65,15546.9,15596.65,31661223
2021-06-21 10:15:00,15596.1,15629.95,15594.55,15629.05,20002569
2021-06-21 10:45:00,15629.15,15634.6,15595.3,15603.05,19665082
2021-06-21 11:15:00,15601.55,15619.7,15585.15,15614.9,17531421
2021-06-21 11:45:00,15614.1,15630.2,15600.4,15605.4,17532554
2021-06-21 12:15:00,15605.6,15649.1,15599.75,15639.0,23617572
2021-06-21 12:45:00,15639.55,15693.65,15635.15,15687.75,19738398
2021-06-21 13:15:00,15688.0,15701.8,15667.45,15693.5,22424057
2021-06-21 13:45:00,15692.3,15716.9,15651.95,15715.1,20521800
2021-06-21 14:15:00,15715.75,15741.3,15703.8,15733.4,21523536
2021-06-21 14:45:00,15734.2,15747.65,15713.75,15744.65,33495569
2021-06-21 15:15:00,15744.8,15765.15,15743.3,15746.5,29168848
2021-06-22 09:15:00,15830.1,15877.6,15812.45,15873.4,65557373
2021-06-22 09:45:00,15874.3,15888.3,15858.65,15884.4,29677222
2021-06-22 10:15:00,15884.65,15895.75,15873.25,15875.8,22647559
2021-06-22 10:45:00,15875.4,15878.8,15859.35,15863.95,18654089
2021-06-22 11:15:00,15864.6,15865.1,15842.2,15859.7,21446443
2021-06-22 11:45:00,15859.85,15878.55,15857.65,15868.9,17215863
2021-06-22 12:15:00,15869.0,15869.2,15838.7,15852.75,20509644
2021-06-22 12:45:00,15852.85,15858.7,15828.95,15847.05,15183208
2021-06-22 13:15:00,15847.95,15851.85,15823.15,15830.95,16203764
2021-06-22 13:45:00,15829.95,15836.3,15801.3,15819.0,17813695
2021-06-22 14:15:00,15819.2,15843.45,15804.3,15830.65,16486735
2021-06-22 14:45:00,15830.45,15831.25,15760.7,15777.9,32735912
2021-06-22 15:15:00,15780.2,15780.2,15752.1,15772.75,22001920
2021-06-23 09:15:00,15862.95,15862.95,15776.4,15810.0,51957954
2021-06-23 09:45:00,15810.3,15810.3,15752.45,15752.6,23449666
2021-06-23 10:15:00,15751.5,15776.75,15726.6,15765.65,19982108
2021-06-23 10:45:00,15765.7,15790.8,15753.45,15765.5,16487189
2021-06-23 11:15:00,15765.85,15779.95,15756.8,15761.85,17197840
2021-06-23 11:45:00,15761.7,15762.75,15736.25,15758.25,13398332
2021-06-23 12:15:00,15758.45,15767.3,15728.6,15731.65,12706710
2021-06-23 12:45:00,15730.45,15747.7,15711.85,15719.0,14928441
2021-06-23 13:15:00,15719.5,15753.5,15702.55,15745.05,14506710
2021-06-23 13:45:00,15745.6,15785.45,15744.7,15748.6,18285620
2021-06-23 14:15:00,15747.9,15755.2,15682.0,15701.75,27148162
2021-06-23 14:45:00,15703.8,15708.8,15673.95,15684.6,30321756
2021-06-23 15:15:00,15684.4,15696.1,15674.95,15686.95,21052426
2021-06-24 09:15:00,15744.35,15760.35,15702.7,15756.9,45137374
2021-06-24 09:45:00,15756.35,15762.75,15728.2,15731.3,20758071
2021-06-24 10:15:00,15730.95,15758.3,15729.65,15755.95,18247958
2021-06-24 10:45:00,15757.0,15761.9,15740.25,15753.7,18447180
2021-06-24 11:15:00,15754.85,15757.85,15735.0,15743.05,18413209
2021-06-24 11:45:00,15742.95,15770.3,15737.35,15763.95,18562547
2021-06-24 12:15:00,15764.05,15784.05,15755.1,15780.3,18935928
2021-06-24 12:45:00,15780.75,15792.5,15763.1,15789.7,15095224
2021-06-24 13:15:00,15791.15,15804.9,15775.8,15792.3,20407364
2021-06-24 13:45:00,15792.4,15814.5,15781.85,15805.25,20921564
2021-06-24 14:15:00,15806.2,15806.4,15758.15,15799.15,27901112
2021-06-24 14:45:00,15799.5,15821.4,15775.85,15793.95,40572906
2021-06-24 15:15:00,15795.25,15795.8,15779.2,15790.45,29599647
2021-06-25 09:15:00,15844.45,15844.45,15782.8,15827.5,63229767
2021-06-25 09:45:00,15825.75,15836.2,15772.3,15796.55,32959026
2021-06-25 10:15:00,15796.1,15808.0,15778.35,15790.1,17852557
2021-06-25 10:45:00,15790.3,15810.95,15773.6,15805.7,23232344
2021-06-25 11:15:00,15805.2,15817.3,15794.1,15809.35,17632065
2021-06-25 11:45:00,15809.85,15831.7,15808.9,15828.95,19332727
2021-06-25 12:15:00,15830.0,15843.9,15825.45,15842.65,17043382
2021-06-25 12:45:00,15842.6,15857.65,15826.25,15841.95,15339711
2021-06-25 13:15:00,15842.25,15852.5,15835.2,15847.95,17311899
2021-06-25 13:45:00,15847.6,15870.45,15843.25,15862.35,18267751
2021-06-25 14:15:00,15861.7,15869.05,15844.4,15860.65,19917169
2021-06-25 14:45:00,15860.15,15870.8,15845.0,15866.35,27002406
2021-06-25 15:15:00,15866.4,15868.45,15842.35,15860.35,20411308
2021-06-28 09:15:00,15915.65,15915.65,15849.25,15860.75,51731128
2021-06-28 09:45:00,15860.45,15877.05,15844.35,15861.6,23265382
2021-06-28 10:15:00,15860.8,15865.0,15826.7,15830.95,19072954
2021-06-28 10:45:00,15830.85,15844.1,15817.95,15826.2,15011914
2021-06-28 11:15:00,15826.35,15848.8,15823.35,15840.95,11945010
2021-06-28 11:45:00,15840.75,15842.7,15812.5,15832.75,13344812
2021-06-28 12:15:00,15832.05,15837.1,15823.25,15832.45,12168743
2021-06-28 12:45:00,15832.65,15844.05,15821.0,15844.05,11238334
2021-06-28 13:15:00,15844.0,15854.0,15822.6,15829.9,13763784
2021-06-28 13:45:00,15829.5,15838.0,15810.85,15834.0,11791170
2021-06-28 14:15:00,15833.05,15842.8,15819.4,15827.2,17164242
2021-06-28 14:45:00,15827.8,15835.05,15792.15,15812.6,30914541
2021-06-28 15:15:00,15814.4,15825.85,15806.65,15814.7,19501864
2021-06-29 09:15:00,15819.2,15835.9,15787.0,15823.95,60613416
2021-06-29 09:45:00,15824.45,15826.1,15756.3,15768.3,24317516
2021-06-29 10:15:00,15768.05,15776.9,15747.35,15754.55,20700150
2021-06-29 10:45:00,15754.05,15773.2,15751.45,15773.1,17501326
2021-06-29 11:15:00,15774.8,15781.15,15764.9,15776.8,14598016
2021-06-29 11:45:00,15777.4,15780.9,15742.55,15744.25,16328550
2021-06-29 12:15:00,15745.5,15771.95,15745.5,15762.8,15644460
2021-06-29 12:45:00,15763.45,15780.45,15761.0,15772.2,11118760
2021-06-29 13:15:00,15772.7,15798.9,15768.75,15794.15,12346298
2021-06-29 13:45:00,15795.3,15799.1,15734.6,15765.65,16384219
2021-06-29 14:15:00,15766.9,15766.9,15724.9,15738.9,22155531
2021-06-29 14:45:00,15739.4,15761.8,15724.05,15744.4,69236416
2021-06-29 15:15:00,15744.35,15759.15,15740.65,15748.45,51871574
2021-06-30 09:15:00,15776.85,15812.55,15774.25,15781.05,42924661
2021-06-30 09:45:00,15781.4,15807.35,15779.25,15806.2,19874833
2021-06-30 10:15:00,15806.7,15829.95,15799.7,15824.75,17229359
2021-06-30 10:45:00,15825.3,15837.3,15820.65,15833.7,13827155
2021-06-30 11:15:00,15833.9,15837.75,15819.15,15819.35,15101595
2021-06-30 11:45:00,15819.1,15833.85,15817.15,15831.85,11289388
2021-06-30 12:15:00,15831.5,15839.1,15815.0,15816.85,11276736
2021-06-30 12:45:00,15817.1,15827.15,15809.65,15817.75,12423098
2021-06-30 13:15:00,15817.2,15824.85,15779.9,15782.7,15654763
2021-06-30 13:45:00,15783.15,15797.0,15769.4,15787.05,15456932
2021-06-30 14:15:00,15787.6,15798.6,15738.45,15738.95,20082162
2021-06-30 14:45:00,15739.7,15757.65,15713.1,15713.95,34437440
2021-06-30 15:15:00,15713.35,15730.65,15708.75,15721.5,29685865
2021-07-01 09:15:00,15755.55,15755.55,15709.4,15741.4,43071448
2021-07-01 09:45:00,15740.6,15744.55,15706.75,15716.65,17778758
2021-07-01 10:15:00,15716.0,15725.2,15691.0,15695.85,20521175
2021-07-01 10:45:00,15695.45,15712.0,15685.35,15709.65,14187768
2021-07-01 11:15:00,15709.1,15713.25,15690.0,15701.0,12762580
2021-07-01 11:45:00,15701.25,15708.35,15695.65,15698.75,13350880
2021-07-01 12:15:00,15700.1,15709.05,15686.05,15706.45,12802134
2021-07-01 12:45:00,15705.7,15724.25,15701.0,15714.35,11682348
2021-07-01 13:15:00,15713.7,15732.95,15713.35,15721.95,11836694
2021-07-01 13:45:00,15722.05,15723.5,15690.35,15709.3,13125215
2021-07-01 14:15:00,15709.05,15710.75,15684.45,15696.65,12178292
2021-07-01 14:45:00,15696.55,15696.9,15667.05,15677.35,24263298
2021-07-01 15:15:00,15677.8,15694.9,15673.9,15680.0,18562606
2021-07-02 09:15:00,15711.2,15711.2,15658.15,15673.8,48498397
2021-07-02 09:45:00,15673.6,15687.95,15649.6,15684.4,24614493
2021-07-02 10:15:00,15684.1,15685.7,15654.75,15655.75,18546559
2021-07-02 10:45:00,15654.55,15666.55,15635.95,15661.95,17873498
2021-07-02 11:15:00,15662.25,15675.7,15655.5,15671.6,12036703
2021-07-02 11:45:00,15672.35,15683.75,15671.65,15679.1,16191812
2021-07-02 12:15:00,15678.45,15691.85,15678.05,15689.05,11936613
2021-07-02 12:45:00,15688.6,15711.35,15679.65,15699.4,13201691
2021-07-02 13:15:00,15699.3,15704.4,15683.75,15703.65,12787306
2021-07-02 13:45:00,15702.65,15704.35,15663.6,15687.3,14891181
2021-07-02 14:15:00,15687.8,15712.65,15673.6,15699.05,13357326
2021-07-02 14:45:00,15699.25,15725.0,15692.15,15722.05,23655723
2021-07-02 15:15:00,15722.1,15738.35,15722.1,15722.2,21361286
2021-07-05 09:15:00,15796.4,15820.05,15762.05,15813.85,36271256
2021-07-05 09:45:00,15813.45,15821.55,15801.9,15815.95,13671170
2021-07-05 10:15:00,15815.75,15829.3,15815.65,15820.2,17020831
2021-07-05 10:45:00,15820.25,15833.2,15819.4,15824.0,11117619
2021-07-05 11:15:00,15824.2,15828.05,15818.2,15825.55,10444869
2021-07-05 11:45:00,15826.0,15831.2,15821.05,15828.9,9443420
2021-07-05 12:15:00,15827.15,15828.55,15803.2,15810.1,11799028
2021-07-05 12:45:00,15809.5,15823.05,15804.1,15821.05,9997070
2021-07-05 13:15:00,15820.5,15827.45,15813.85,15825.25,11041325
2021-07-05 13:45:00,15825.2,15835.05,15819.7,15828.7,11172555
2021-07-05 14:15:00,15828.5,15830.4,15811.2,15827.85,14311325
2021-07-05 14:45:00,15828.3,15840.4,15823.0,15839.4,25262337
2021-07-05 15:15:00,15839.0,15845.95,15833.5,15834.35,20614648
2021-07-06 09:15:00,15821.85,15866.4,15808.7,15861.1,47163715
2021-07-06 09:45:00,15861.85,15875.6,15858.0,15864.65,26925406
2021-07-06 10:15:00,15864.25,15872.15,15848.45,15868.1,13682911
2021-07-06 10:45:00,15867.45,15884.25,15862.8,15881.85,17491627
2021-07-06 11:15:00,15881.1,15898.05,15874.85,15896.3,15388996
2021-07-06 11:45:00,15896.45,15909.75,15893.25,15902.4,14961190
2021-07-06 12:15:00,15902.55,15908.3,15879.9,15885.55,11213368
2021-07-06 12:45:00,15883.55,15894.8,15874.85,15888.45,14792334
2021-07-06 13:15:00,15888.75,15900.9,15880.45,15897.65,14923160
2021-07-06 13:45:00,15898.85,15914.2,15887.35,15895.8,41818253
2021-07-06 14:15:00,15897.0,15897.8,15823.55,15847.7,83798818
2021-07-06 14:45:00,15849.1,15868.5,15803.5,15806.2,56416552
2021-07-06 15:15:00,15806.85,15824.2,15801.0,15818.25,30995582
2021-07-07 09:15:00,15823.1,15850.95,15779.7,15828.25,72365234
2021-07-07 09:45:00,15828.5,15828.5,15795.8,15812.5,31151131
2021-07-07 10:15:00,15812.65,15827.05,15805.45,15817.35,17279839
2021-07-07 10:45:00,15817.65,15828.45,15795.95,15827.55,22427156
2021-07-07 11:15:00,15827.6,15839.4,15823.55,15825.6,14448273
2021-07-07 11:45:00,15825.85,15843.85,15825.85,15831.6,28768111
2021-07-07 12:15:00,15831.4,15846.0,15825.7,15835.45,17726924
2021-07-07 12:45:00,15835.6,15839.7,15813.15,15834.1,11633143
2021-07-07 13:15:00,15834.5,15836.4,15814.0,15828.55,12159388
2021-07-07 13:45:00,15827.5,15857.0,15824.6,15854.6,20549672
2021-07-07 14:15:00,15854.4,15864.8,15841.7,15841.8,21124251
2021-07-07 14:45:00,15842.4,15882.95,15834.15,15881.85,27959114
2021-07-07 15:15:00,15880.95,15893.55,15878.05,15879.65,23480691
2021-07-08 09:15:00,15867.65,15885.75,15849.9,15875.6,55583360
2021-07-08 09:45:00,15875.55,15875.9,15842.6,15853.5,20259288
2021-07-08 10:15:00,15853.6,15853.95,15822.25,15830.55,18082855
2021-07-08 10:45:00,15830.7,15841.7,15829.9,15833.55,15556210
2021-07-08 11:15:00,15833.25,15844.75,15818.95,15819.45,11719966
2021-07-08 11:45:00,15818.75,15820.95,15787.6,15793.1,21378181
2021-07-08 12:15:00,15793.0,15799.65,15770.2,15786.15,16990168
2021-07-08 12:45:00,15786.05,15786.45,15739.85,15753.9,15998290
2021-07-08 13:15:00,15753.5,15773.55,15738.95,15773.55,17716983
2021-07-08 13:45:00,15772.95,15773.4,15700.85,15724.5,32381761
2021-07-08 14:15:00,15724.3,15730.4,15682.9,15709.65,22476719
2021-07-08 14:45:00,15710.05,15748.15,15704.9,15738.3,30161869
2021-07-08 15:15:00,15739.1,15743.4,15721.2,15727.9,23357129
2021-07-09 09:15:00,15694.55,15694.55,15632.75,15657.9,47657247
2021-07-09 09:45:00,15658.05,15690.6,15640.85,15674.65,23165336
2021-07-09 10:15:00,15673.8,15730.25,15671.05,15726.3,16296399
2021-07-09 10:45:00,15725.9,15730.85,15677.65,15680.85,13245375
2021-07-09 11:15:00,15679.7,15679.9,15651.1,15673.9,13093855
2021-07-09 11:45:00,15674.05,15685.55,15666.05,15678.35,14810702
2021-07-09 12:15:00,15679.2,15683.75,15657.1,15676.15,12344644
2021-07-09 12:45:00,15675.7,15701.1,15666.2,15677.2,11558926
2021-07-09 13:15:00,15676.65,15685.15,15667.8,15673.5,10534048
2021-07-09 13:45:00,15674.35,15707.6,15668.3,15701.6,12693666
2021-07-09 14:15:00,15701.4,15702.35,15653.2,15689.0,15558966
2021-07-09 14:45:00,15688.5,15703.9,15681.2,15686.3,26820747
2021-07-09 15:15:00,15687.7,15700.35,15685.0,15689.8,21489923
2021-07-12 09:15:00,15769.6,15781.05,15746.55,15756.35,39237143
2021-07-12 09:45:00,15756.2,15777.65,15755.3,15771.8,17192000
2021-07-12 10:15:00,15772.7,15789.2,15771.95,15782.45,14233018
2021-07-12 10:45:00,15782.95,15785.05,15768.2,15771.75,10841396
2021-07-12 11:15:00,15770.95,15782.35,15768.7,15771.2,11558206
2021-07-12 11:45:00,15770.9,15775.9,15760.45,15766.5,11716941
2021-07-12 12:15:00,15766.15,15771.55,15754.95,15756.7,9905304
2021-07-12 12:45:00,15756.1,15770.9,15693.95,15701.7,15718969
2021-07-12 13:15:00,15698.8,15724.55,15654.65,15723.3,18317315
2021-07-12 13:45:00,15721.85,15723.2,15682.55,15687.9,9958325
2021-07-12 14:15:00,15686.85,15698.0,15645.15,15647.95,15423538
2021-07-12 14:45:00,15647.2,15705.55,15644.75,15687.0,25573579
2021-07-12 15:15:00,15687.8,15702.5,15683.4,15692.6,15195195
2021-07-13 09:15:00,15796.25,15796.25,15747.9,15768.75,46081955
2021-07-13 09:45:00,15769.6,15777.0,15753.9,15763.55,26479563
2021-07-13 10:15:00,15763.5,15770.45,15753.8,15757.05,16230482
2021-07-13 10:45:00,15757.0,15768.0,15744.6,15764.9,15527680
2021-07-13 11:15:00,15764.15,15775.1,15761.2,15775.1,12444633
2021-07-13 11:45:00,15775.75,15795.7,15771.15,15793.2,15102390
2021-07-13 12:15:00,15792.75,15797.4,15780.05,15788.4,13463247
2021-07-13 12:45:00,15788.55,15812.2,15785.85,15805.65,11275013
2021-07-13 13:15:00,15805.55,15806.3,15787.95,15802.25,10984952
2021-07-13 13:45:00,15802.0,15815.6,15788.4,15800.9,15281114
2021-07-13 14:15:00,15801.55,15810.45,15795.75,15798.2,13591198
2021-07-13 14:45:00,15797.95,15817.2,15794.8,15816.15,28685277
2021-07-13 15:15:00,15815.55,15820.8,15805.2,15812.35,21000175
2021-07-14 09:15:00,15811.65,15811.7,15768.4,15785.55,39296931
2021-07-14 09:45:00,15784.2,15789.55,15764.2,15787.65,15730145
2021-07-14 10:15:00,15787.4,15822.5,15782.1,15821.7,15787836
2021-07-14 10:45:00,15821.65,15838.8,15816.15,15835.9,12534742
2021-07-14 11:15:00,15835.55,15840.05,15825.1,15834.05,13811932
2021-07-14 11:45:00,15833.2,15842.45,15825.75,15837.05,14573242
2021-07-14 12:15:00,15836.6,15855.05,15833.5,15854.05,16250520
2021-07-14 12:45:00,15853.1,15877.35,15853.1,15874.9,15142353
2021-07-14 13:15:00,15875.15,15876.7,15847.4,15852.45,13040955
2021-07-14 13:45:00,15852.3,15863.55,15840.9,15854.85,12956114
2021-07-14 14:15:00,15855.15,15867.2,15842.35,15861.25,14569114
2021-07-14 14:45:00,15861.2,15868.6,15856.05,15862.95,26475726
2021-07-14 15:15:00,15862.85,15863.85,15834.45,15853.95,22409500
2021-07-15 09:15:00,15878.15,15896.45,15855.0,15891.8,43843577
2021-07-15 09:45:00,15892.4,15902.2,15883.45,15886.8,21903439
2021-07-15 10:15:00,15886.55,15913.9,15882.05,15911.7,23333305
2021-07-15 10:45:00,15911.6,15940.65,15907.4,15932.5,23057864
2021-07-15 11:15:00,15931.85,15939.55,15929.4,15931.15,16604797
2021-07-15 11:45:00,15931.45,15939.3,15922.55,15933.3,13253243
2021-07-15 12:15:00,15933.25,15946.65,15930.55,15934.35,17809422
2021-07-15 12:45:00,15935.0,15935.0,15909.55,15932.4,17841608
2021-07-15 13:15:00,15932.45,15939.3,15914.9,15933.0,21008249
2021-07-15 13:45:00,15932.35,15951.25,15932.1,15946.3,17476728
2021-07-15 14:15:00,15946.05,15952.35,15939.05,15939.75,17596293
2021-07-15 14:45:00,15939.8,15939.85,15914.7,15920.3,26915200
2021-07-15 15:15:00,15920.9,15928.2,15916.8,15924.2,23214903
2021-07-16 09:15:00,15948.8,15962.25,15930.0,15953.3,52655387
2021-07-16 09:45:00,15954.05,15961.3,15918.2,15927.4,32969919
2021-07-16 10:15:00,15927.45,15946.0,15906.75,15943.9,17694149
2021-07-16 10:45:00,15944.35,15946.55,15923.9,15938.75,15485246
2021-07-16 11:15:00,15938.65,15944.1,15913.65,15924.55,12532025
2021-07-16 11:45:00,15923.8,15928.5,15896.0,15909.15,13802735
2021-07-16 12:15:00,15908.9,15918.15,15887.9,15915.95,13372353
2021-07-16 12:45:00,15915.75,15924.7,15905.2,15919.0,8634024
2021-07-16 13:15:00,15918.7,15921.85,15893.9,15897.15,10105983
2021-07-16 13:45:00,15897.4,15904.45,15882.6,15904.45,11950339
2021-07-16 14:15:00,15905.35,15936.15,15902.45,15931.95,16759489
2021-07-16 14:45:00,15933.3,15941.6,15920.85,15923.7,42003729
2021-07-16 15:15:00,15923.5,15925.7,15914.85,15923.4,27905881
2021-07-19 09:15:00,15755.65,15833.35,15735.95,15818.55,49209909
2021-07-19 09:45:00,15817.3,15836.9,15812.2,15825.0,19784771
2021-07-19 10:15:00,15824.6,15830.25,15815.0,15827.45,15285026
2021-07-19 10:45:00,15827.2,15829.9,15809.25,15821.05,11476048
2021-07-19 11:15:00,15819.95,15829.2,15810.75,15826.25,12231519
2021-07-19 11:45:00,15826.0,15826.5,15812.6,15820.6,9435508
2021-07-19 12:15:00,15820.7,15820.9,15775.8,15777.9,14475581
2021-07-19 12:45:00,15777.4,15782.45,15729.45,15755.35,18590384
2021-07-19 13:15:00,15756.2,15771.75,15753.35,15763.2,13979086
2021-07-19 13:45:00,15762.5,15771.3,15751.95,15754.0,14488136
2021-07-19 14:15:00,15753.35,15753.35,15710.0,15710.8,17875018
2021-07-19 14:45:00,15711.25,15753.85,15707.5,15751.1,26979407
2021-07-19 15:15:00,15750.5,15766.1,15748.85,15752.4,19755729
2021-07-20 09:15:00,15717.25,15728.45,15645.4,15664.35,53633749
2021-07-20 09:45:00,15663.6,15682.9,15642.45,15676.5,21233477
2021-07-20 10:15:00,15676.7,15677.75,15608.45,15611.35,23708967
2021-07-20 10:45:00,15611.0,15625.2,15584.5,15591.6,21688343
2021-07-20 11:15:00,15591.65,15617.5,15585.45,15603.05,16142268
2021-07-20 11:45:00,15602.7,15614.25,15578.55,15584.25,13108982
2021-07-20 12:15:00,15583.95,15640.35,15582.85,15638.55,15081618
2021-07-20 12:45:00,15637.9,15670.35,15631.4,15670.35,15390895
2021-07-20 13:15:00,15669.6,15676.1,15650.9,15674.6,12089063
2021-07-20 13:45:00,15676.1,15682.6,15658.85,15676.65,13940256
2021-07-20 14:15:00,15676.8,15679.15,15626.95,15651.1,17342392
2021-07-20 14:45:00,15651.5,15659.75,15636.0,15636.95,24940988
2021-07-20 15:15:00,15637.5,15637.55,15617.5,15632.1,20464457
2021-07-22 09:15:00,15746.75,15770.85,15726.4,15765.5,46054640
2021-07-22 09:45:00,15765.6,15796.45,15764.85,15791.1,19197801
2021-07-22 10:15:00,15790.95,15805.95,15776.4,15801.2,17394439
2021-07-22 10:45:00,15801.3,15813.25,15799.05,15808.0,14340759
2021-07-22 11:15:00,15808.05,15815.9,15795.4,15808.45,12911538
2021-07-22 11:45:00,15808.15,15825.9,15804.95,15819.35,12508525
2021-07-22 12:15:00,15820.6,15822.35,15807.8,15811.9,12478225
2021-07-22 12:45:00,15811.65,15816.0,15796.25,15796.25,14010637
2021-07-22 13:15:00,15797.15,15824.15,15796.4,15803.8,12629487
2021-07-22 13:45:00,15804.0,15811.75,15795.55,15807.05,19402240
2021-07-22 14:15:00,15806.75,15809.0,15773.85,15776.8,24846384
2021-07-22 14:45:00,15776.45,15827.05,15768.85,15819.55,33903523
2021-07-22 15:15:00,15820.0,15834.8,15819.3,15824.05,23080874
2021-07-23 09:15:00,15857.1,15876.45,15768.4,15786.9,47905769
2021-07-23 09:45:00,15785.2,15850.7,15776.15,15850.6,20676070
2021-07-23 10:15:00,15850.4,15856.2,15803.3,15810.7,20736950
2021-07-23 10:45:00,15810.2,15846.8,15797.3,15835.6,23904011
2021-07-23 11:15:00,15835.3,15835.3,15820.2,15828.6,13759122
2021-07-23 11:45:00,15828.45,15853.5,15828.2,15844.85,17002310
2021-07-23 12:15:00,15845.15,15862.05,15840.6,15860.25,15964413
2021-07-23 12:45:00,15861.4,15885.75,15860.6,15876.15,17093299
2021-07-23 13:15:00,15876.1,15892.5,15865.95,15884.35,16539045
2021-07-23 13:45:00,15883.7,15899.8,15879.95,15892.5,22534924
2021-07-23 14:15:00,15892.85,15893.85,15868.35,15878.95,20805553
2021-07-23 14:45:00,15879.45,15894.3,15857.9,15860.6,29802995
2021-07-23 15:15:00,15859.85,15860.4,15840.95,15856.05,22162312
2021-07-26 09:15:00,15849.6,15877.15,15797.0,15848.45,61599766
2021-07-26 09:45:00,15849.15,15880.8,15837.15,15870.8,21275439
2021-07-26 10:15:00,15870.7,15893.35,15859.35,15881.8,18652849
2021-07-26 10:45:00,15881.75,15886.2,15868.05,15880.65,15373197
2021-07-26 11:15:00,15880.95,15886.95,15842.0,15851.45,17081166
2021-07-26 11:45:00,15851.85,15857.55,15837.5,15849.8,12965724
2021-07-26 12:15:00,15848.2,15867.95,15839.75,15859.2,13947154
2021-07-26 12:45:00,15859.3,15869.2,15849.3,15850.95,13432905
2021-07-26 13:15:00,15851.5,15871.4,15845.35,15860.75,16248404
2021-07-26 13:45:00,15860.95,15867.0,15841.1,15852.1,14598399
2021-07-26 14:15:00,15851.85,15867.95,15830.0,15832.65,14765054
2021-07-26 14:45:00,15832.75,15843.65,15821.6,15823.25,24372279
2021-07-26 15:15:00,15823.15,15833.5,15815.35,15824.45,20614627
2021-07-27 09:15:00,15860.95,15881.55,15845.0,15852.25,49497058
2021-07-27 09:45:00,15852.15,15873.55,15845.95,15868.75,27798482
2021-07-27 10:15:00,15868.05,15878.55,15861.1,15861.7,24083777
2021-07-27 10:45:00,15861.15,15862.9,15841.5,15850.1,17283339
2021-07-27 11:15:00,15849.95,15855.4,15827.4,15835.75,16940396
2021-07-27 11:45:00,15835.7,15853.0,15824.25,15834.3,15900019
2021-07-27 12:15:00,15835.1,15836.55,15767.0,15772.25,22264715
2021-07-27 12:45:00,15772.85,15790.9,15701.0,15715.15,26031519
2021-07-27 13:15:00,15715.55,15777.7,15712.25,15772.5,18990779
2021-07-27 13:45:00,15773.0,15773.0,15720.4,15724.85,17666227
2021-07-27 14:15:00,15725.5,15731.85,15708.75,15731.7,18021203
2021-07-27 14:45:00,15732.0,15752.55,15724.25,15745.4,32591545
2021-07-27 15:15:00,15745.55,15752.2,15739.5,15746.45,20568647
2021-07-28 09:15:00,15767.5,15767.5,15640.55,15644.05,47271182
2021-07-28 09:45:00,15644.15,15662.2,15626.25,15648.2,21626435
2021-07-28 10:15:00,15649.3,15654.45,15550.05,15551.25,28082954
2021-07-28 10:45:00,15549.3,15589.9,15513.45,15588.95,23484235
2021-07-28 11:15:00,15588.35,15613.95,15574.75,15597.25,16866983
2021-07-28 11:45:00,15597.35,15632.25,15582.85,15631.6,20050097
2021-07-28 12:15:00,15633.2,15650.25,15623.7,15631.55,23522876
2021-07-28 12:45:00,15632.25,15666.7,15630.35,15666.05,21947196
2021-07-28 13:15:00,15666.15,15700.45,15661.75,15695.15,21143056
2021-07-28 13:45:00,15695.25,15711.85,15679.25,15688.3,18708942
2021-07-28 14:15:00,15689.3,15693.05,15645.65,15653.4,18584790
2021-07-28 14:45:00,15655.0,15719.55,15653.5,15713.1,29957928
2021-07-28 15:15:00,15713.15,15721.9,15708.0,15709.4,23003306
2021-07-29 09:15:00,15770.9,15785.9,15737.8,15748.0,57577769
2021-07-29 09:45:00,15748.05,15779.6,15747.15,15772.65,30848037
2021-07-29 10:15:00,15773.4,15790.05,15747.15,15790.05,30212057
2021-07-29 10:45:00,15790.3,15798.75,15784.65,15793.85,28402605
2021-07-29 11:15:00,15793.4,15801.8,15779.2,15793.25,29264623
2021-07-29 11:45:00,15793.35,15795.3,15780.5,15785.5,23053586
2021-07-29 12:15:00,15785.4,15796.65,15764.9,15792.65,21742890
2021-07-29 12:45:00,15792.2,15806.05,15787.55,15798.5,25442821
2021-07-29 13:15:00,15799.05,15813.0,15791.65,15806.25,24747078
2021-07-29 13:45:00,15806.55,15817.35,15793.0,15796.5,27952820
2021-07-29 14:15:00,15796.95,15803.8,15780.6,15791.7,24570668
2021-07-29 14:45:00,15792.25,15802.75,15767.1,15777.15,38377111
2021-07-29 15:15:00,15776.7,15784.85,15770.4,15778.45,28504459
2021-08-02 09:15:00,15876.9,15876.9,15834.65,15852.65,48093159
2021-08-02 09:45:00,15852.35,15865.0,15845.9,15851.75,21669088
2021-08-02 10:15:00,15851.85,15863.15,15847.15,15862.4,15476815
2021-08-02 10:45:00,15862.0,15871.45,15858.55,15866.05,16219031
2021-08-02 11:15:00,15866.85,15881.45,15862.0,15870.05,13154143
2021-08-02 11:45:00,15870.5,15878.95,15865.1,15875.2,15105169
2021-08-02 12:15:00,15875.6,15883.75,15871.8,15876.5,11367329
2021-08-02 12:45:00,15877.45,15882.35,15872.6,15876.2,10907174
2021-08-02 13:15:00,15876.55,15882.95,15860.1,15876.5,13407479
2021-08-02 13:45:00,15877.05,15889.9,15874.75,15883.55,12170939
2021-08-02 14:15:00,15884.1,15885.15,15846.75,15847.0,17551019
2021-08-02 14:45:00,15847.15,15892.5,15840.55,15889.3,24972827
2021-08-02 15:15:00,15888.6,15892.9,15881.95,15885.15,20357766
2021-08-03 09:15:00,15951.6,15951.6,15914.35,15936.0,53880542
2021-08-03 09:45:00,15937.35,15970.0,15937.2,15969.35,29727415
2021-08-03 10:15:00,15968.95,15977.3,15953.75,15976.25,22896616
2021-08-03 10:45:00,15976.05,15982.75,15970.8,15972.1,20745960
2021-08-03 11:15:00,15971.85,16000.65,15971.85,15995.0,17467285
2021-08-03 11:45:00,15994.55,16006.45,15987.55,16006.3,14955332
2021-08-03 12:15:00,16005.65,16025.0,16003.5,16017.95,17419828
2021-08-03 12:45:00,16017.3,16038.95,16017.3,16036.55,16570253
2021-08-03 13:15:00,16036.25,16044.8,16029.4,16041.95,18100157
2021-08-03 13:45:00,16042.35,16048.15,16025.2,16030.8,19530232
2021-08-03 14:15:00,16030.6,16104.75,16028.65,16096.2,37010422
2021-08-03 14:45:00,16096.05,16130.85,16085.75,16125.7,37167645
2021-08-03 15:15:00,16125.5,16146.9,16122.45,16130.75,27031037
2021-08-04 09:15:00,16196.35,16254.7,16176.15,16245.35,66342783
2021-08-04 09:45:00,16246.35,16263.8,16235.55,16251.75,28580926
2021-08-04 10:15:00,16251.8,16286.65,16250.5,16283.6,23529247
2021-08-04 10:45:00,16283.75,16290.2,16265.1,16271.5,22947609
2021-08-04 11:15:00,16271.4,16271.6,16232.65,16233.05,21370889
2021-08-04 11:45:00,16233.35,16259.15,16204.5,16257.4,25505722
2021-08-04 12:15:00,16257.55,16266.8,16230.25,16250.5,20138356
2021-08-04 12:45:00,16249.85,16253.0,16219.45,16236.25,18675510
2021-08-04 13:15:00,16237.4,16266.7,16236.55,16266.7,35467529
2021-08-04 13:45:00,16266.0,16271.0,16254.8,16266.6,50751272
2021-08-04 14:15:00,16266.15,16285.05,16250.45,16254.55,39032510
2021-08-04 14:45:00,16254.9,16268.8,16247.25,16265.2,37193727
2021-08-04 15:15:00,16265.6,16266.75,16245.6,16258.8,26757311
2021-08-05 09:15:00,16293.25,16294.65,16210.3,16250.8,70768754
2021-08-05 09:45:00,16250.85,16275.05,16231.25,16240.35,35955924
2021-08-05 10:15:00,16239.8,16251.5,16221.1,16238.1,25840008
2021-08-05 10:45:00,16237.45,16249.85,16232.6,16239.0,18705828
2021-08-05 11:15:00,16239.35,16267.25,16237.4,16260.3,20429404
2021-08-05 11:45:00,16260.4,16280.1,16253.75,16278.65,28059970
2021-08-05 12:15:00,16279.45,16292.75,16267.35,16290.4,24664527
2021-08-05 12:45:00,16290.45,16335.4,16287.25,16328.65,29889183
2021-08-05 13:15:00,16329.65,16337.65,16321.35,16326.9,25368424
2021-08-05 13:45:00,16326.95,16348.15,16305.65,16337.3,34455798
2021-08-05 14:15:00,16338.65,16349.45,16303.95,16318.9,38840718
2021-08-05 14:45:00,16319.45,16325.5,16283.45,16283.45,41368535
2021-08-05 15:15:00,16283.2,16294.6,16275.45,16294.6,25611879
2021-08-06 09:15:00,16307.15,16327.45,16274.85,16308.1,66599571
2021-08-06 09:45:00,16308.6,16336.75,16289.55,16317.25,35492807
2021-08-06 10:15:00,16317.05,16327.9,16240.1,16259.15,30466624
2021-08-06 10:45:00,16258.65,16280.7,16235.55,16270.4,23898506
2021-08-06 11:15:00,16270.1,16286.95,16240.5,16241.3,23519673
2021-08-06 11:45:00,16241.75,16285.8,16240.7,16279.7,24629649
2021-08-06 12:15:00,16280.3,16283.15,16263.35,16274.0,15781574
2021-08-06 12:45:00,16274.6,16276.8,16247.65,16260.05,17448752
2021-08-06 13:15:00,16260.75,16274.0,16242.25,16264.6,14276530
2021-08-06 13:45:00,16265.15,16272.4,16248.6,16259.0,14168485
2021-08-06 14:15:00,16259.6,16273.2,16254.95,16256.45,25110037
2021-08-06 14:45:00,16256.85,16261.05,16223.3,16229.75,40018974
2021-08-06 15:15:00,16229.25,16256.1,16226.95,16238.2,31125866
2021-08-09 09:15:00,16275.05,16308.7,16246.45,16303.15,47903187
2021-08-09 09:45:00,16302.9,16320.75,16295.1,16299.3,22647175
2021-08-09 10:15:00,16298.95,16312.45,16284.25,16289.6,16748796
2021-08-09 10:45:00,16289.55,16293.3,16271.8,16289.45,17185275
2021-08-09 11:15:00,16289.65,16299.6,16275.55,16277.35,10937746
2021-08-09 11:45:00,16277.3,16277.75,16250.25,16259.0,13151493
2021-08-09 12:15:00,16258.95,16264.9,16227.9,16263.9,13826128
2021-08-09 12:45:00,16264.05,16265.1,16224.0,16241.65,12989378
2021-08-09 13:15:00,16242.5,16245.8,16188.15,16196.85,16102490
2021-08-09 13:45:00,16196.2,16232.7,16179.05,16230.75,15071356
2021-08-09 14:15:00,16230.2,16246.2,16215.25,16222.6,13292184
2021-08-09 14:45:00,16223.65,16270.35,16217.05,16259.9,22833270
2021-08-09 15:15:00,16260.75,16265.8,16250.7,16258.25,17874168
2021-08-10 09:15:00,16282.05,16327.85,16261.05,16312.55,35218434
2021-08-10 09:45:00,16311.85,16329.75,16300.25,16320.35,17596134
2021-08-10 10:15:00,16320.05,16321.0,16300.5,16314.25,14069756
2021-08-10 10:45:00,16313.95,16359.25,16310.35,16318.5,19034309
2021-08-10 11:15:00,16318.65,16349.5,16317.3,16347.75,14907170
2021-08-10 11:45:00,16348.05,16359.05,16340.35,16351.15,20007718
2021-08-10 12:15:00,16350.5,16355.1,16335.25,16340.35,18728985
2021-08-10 12:45:00,16339.55,16346.55,16323.3,16329.65,17541891
2021-08-10 13:15:00,16329.85,16341.6,16322.3,16333.5,16210596
2021-08-10 13:45:00,16333.7,16337.85,16204.7,16207.85,37915776
2021-08-10 14:15:00,16207.9,16275.75,16202.25,16263.6,31019208
2021-08-10 14:45:00,16263.8,16294.3,16262.3,16287.2,27232747
2021-08-10 15:15:00,16287.4,16288.1,16262.65,16280.1,20344891
2021-08-11 09:15:00,16327.75,16338.75,16247.25,16267.6,49541295
2021-08-11 09:45:00,16268.15,16288.2,16204.9,16218.0,29443219
2021-08-11 10:15:00,16218.15,16249.45,16182.95,16203.8,29863489
2021-08-11 10:45:00,16203.65,16216.6,16181.8,16181.9,20613403
2021-08-11 11:15:00,16180.9,16210.25,16162.55,16201.2,20681512
2021-08-11 11:45:00,16200.8,16201.0,16170.65,16188.25,14082324
2021-08-11 12:15:00,16188.6,16238.95,16188.15,16224.95,18217965
2021-08-11 12:45:00,16226.5,16239.5,16214.8,16232.1,11842836
2021-08-11 13:15:00,16233.15,16272.55,16229.55,16269.7,15381274
2021-08-11 13:45:00,16270.05,16273.3,16238.35,16253.6,12924920
2021-08-11 14:15:00,16254.8,16261.25,16235.9,16245.25,13794485
2021-08-11 14:45:00,16245.3,16290.1,16233.75,16282.2,23115845
2021-08-11 15:15:00,16283.65,16289.15,16270.9,16282.25,17516820
2021-08-12 09:15:00,16318.95,16329.8,16286.9,16302.7,50465522
2021-08-12 09:45:00,16302.15,16335.95,16301.05,16326.95,23240397
2021-08-12 10:15:00,16327.0,16340.35,16320.8,16322.85,19652239
2021-08-12 10:45:00,16322.5,16336.75,16318.65,16331.6,12565222
2021-08-12 11:15:00,16331.85,16338.55,16324.2,16335.8,15817320
2021-08-12 11:45:00,16335.05,16352.5,16333.0,16348.2,15130519
2021-08-12 12:15:00,16348.25,16361.35,16337.1,16348.4,17156411
2021-08-12 12:45:00,16349.1,16363.9,16348.05,16352.3,15299802
2021-08-12 13:15:00,16352.75,16375.5,16344.3,16365.2,16102947
2021-08-12 13:45:00,16366.0,16374.45,16348.8,16348.8,14266910
2021-08-12 14:15:00,16348.7,16359.1,16338.4,16350.45,25474526
2021-08-12 14:45:00,16350.6,16373.25,16343.5,16357.3,34382247
2021-08-12 15:15:00,16358.1,16371.65,16356.85,16364.4,25172558
2021-08-13 09:15:00,16391.6,16446.25,16376.3,16441.75,51627500
2021-08-13 09:45:00,16442.15,16447.5,16426.6,16444.2,25148126
2021-08-13 10:15:00,16442.7,16461.75,16434.1,16459.1,20490735
2021-08-13 10:45:00,16459.95,16472.55,16454.15,16471.65,20875060
2021-08-13 11:15:00,16472.85,16487.1,16456.2,16483.1,17968503
2021-08-13 11:45:00,16484.1,16500.4,16481.45,16489.35,22270581
2021-08-13 12:15:00,16489.8,16502.8,16480.3,16496.75,15825562
2021-08-13 12:45:00,16496.85,16507.35,16468.05,16489.85,23902959
2021-08-13 13:15:00,16490.25,16499.85,16471.65,16476.85,19861512
2021-08-13 13:45:00,16476.2,16520.7,16474.75,16519.55,15227030
2021-08-13 14:15:00,16520.75,16536.65,16502.45,16534.9,18414544
2021-08-13 14:45:00,16535.3,16543.6,16519.25,16524.45,38166621
2021-08-13 15:15:00,16526.1,16537.05,16514.5,16529.1,24304996
2021-08-16 09:15:00,16520.35,16550.75,16480.75,16509.25,43796800
2021-08-16 09:45:00,16509.1,16546.25,16493.1,16535.9,25185243
2021-08-16 10:15:00,16536.9,16549.0,16523.35,16526.45,18831735
2021-08-16 10:45:00,16526.2,16575.65,16524.6,16571.0,19922024
2021-08-16 11:15:00,16572.1,16585.45,16552.95,16554.9,13882528
2021-08-16 11:45:00,16555.8,16569.05,16550.95,16567.7,12145164
2021-08-16 12:15:00,16568.65,16568.65,16530.4,16551.45,15463054
2021-08-16 12:45:00,16550.25,16572.95,16548.3,16564.85,12641795
2021-08-16 13:15:00,16564.9,16572.55,16556.3,16557.15,12540267
2021-08-16 13:45:00,16556.3,16575.95,16551.1,16567.15,15813841
2021-08-16 14:15:00,16566.7,16583.15,16555.05,16580.25,14973016
2021-08-16 14:45:00,16581.05,16589.4,16565.75,16568.3,22690619
2021-08-16 15:15:00,16567.85,16571.9,16543.65,16563.05,18206857
2021-08-17 09:15:00,16547.55,16591.4,16516.6,16572.75,36706926
2021-08-17 09:45:00,16572.25,16573.1,16537.6,16561.2,21521689
2021-08-17 10:15:00,16561.8,16582.4,16554.8,16578.45,17974970
2021-08-17 10:45:00,16577.85,16584.5,16566.7,16577.15,14005017
2021-08-17 11:15:00,16577.6,16587.15,16563.2,16565.55,15629161
2021-08-17 11:45:00,16565.8,16567.65,16495.5,16525.8,27507765
2021-08-17 12:15:00,16525.55,16545.8,16506.25,16511.35,18597057
2021-08-17 12:45:00,16512.7,16535.45,16495.4,16530.9,21690094
2021-08-17 13:15:00,16531.25,16566.75,16522.45,16565.35,18687044
2021-08-17 13:45:00,16566.15,16577.85,16550.7,16576.25,14806905
2021-08-17 14:15:00,16576.7,16586.0,16553.6,16563.65,18218570
2021-08-17 14:45:00,16563.25,16623.9,16542.45,16622.0,35002595
2021-08-17 15:15:00,16622.1,16628.55,16602.7,16614.6,24586319
2021-08-18 09:15:00,16664.35,16693.0,16656.15,16669.5,44424878
2021-08-18 09:45:00,16668.8,16698.05,16668.05,16696.55,19749639
2021-08-18 10:15:00,16697.55,16701.85,16684.45,16693.4,14925021
2021-08-18 10:45:00,16692.5,16694.85,16672.3,16679.55,15258389
2021-08-18 11:15:00,16679.6,16681.9,16659.55,16662.7,11928308
2021-08-18 11:45:00,16662.1,16670.9,16638.9,16640.15,13910074
2021-08-18 12:15:00,16640.95,16660.55,16624.45,16624.95,12752547
2021-08-18 12:45:00,16625.25,16625.25,16568.2,16581.75,17497751
2021-08-18 13:15:00,16582.05,16603.0,16561.65,16570.45,15540512
2021-08-18 13:45:00,16569.7,16587.2,16556.1,16563.85,12071374
2021-08-18 14:15:00,16563.95,16579.6,16537.8,16542.85,20667758
2021-08-18 14:45:00,16542.3,16590.3,16535.85,16576.6,25727959
2021-08-18 15:15:00,16577.3,16580.1,16545.75,16568.85,19415851
2021-08-20 09:15:00,16402.65,16502.35,16376.05,16490.15,61553393
2021-08-20 09:45:00,16489.7,16509.55,16447.6,16466.35,31496386
2021-08-20 10:15:00,16465.7,16486.4,16423.35,16437.0,32484823
2021-08-20 10:45:00,16436.5,16443.55,16404.6,16416.4,26879264
2021-08-20 11:15:00,16417.2,16491.45,16417.2,16472.0,28853582
2021-08-20 11:45:00,16471.7,16477.95,16452.55,16471.1,16351908
2021-08-20 12:15:00,16471.7,16487.75,16454.35,16472.4,15394389
2021-08-20 12:45:00,16472.2,16473.45,16424.95,16440.6,17028116
2021-08-20 13:15:00,16440.8,16469.45,16428.05,16441.8,14526459
2021-08-20 13:45:00,16442.05,16473.7,16430.75,16466.5,14981489
2021-08-20 14:15:00,16467.3,16506.5,16463.2,16471.15,22142320
2021-08-20 14:45:00,16470.9,16489.35,16460.55,16460.55,36916624
2021-08-20 15:15:00,16461.55,16461.95,16411.4,16450.5,28821906
2021-08-23 09:15:00,16592.5,16592.5,16527.3,16532.15,40512645
2021-08-23 09:45:00,16532.4,16550.0,16489.35,16501.25,25147724
2021-08-23 10:15:00,16501.45,16510.2,16404.8,16444.65,33426957
2021-08-23 10:45:00,16444.95,16489.9,16395.7,16463.6,29301422
2021-08-23 11:15:00,16465.35,16496.35,16444.2,16481.35,18905081
2021-08-23 11:45:00,16481.9,16520.05,16477.05,16513.9,19491920
2021-08-23 12:15:00,16514.4,16518.05,16483.3,16484.7,13751395
2021-08-23 12:45:00,16485.7,16503.45,16471.75,16496.45,11753031
2021-08-23 13:15:00,16497.15,16525.4,16494.0,16523.1,14654355
2021-08-23 13:45:00,16523.75,16537.05,16505.0,16527.45,13362486
2021-08-23 14:15:00,16527.4,16529.95,16488.85,16515.85,16793475
2021-08-23 14:45:00,16517.5,16520.8,16487.25,16497.3,20249476
2021-08-23 15:15:00,16497.05,16499.0,16485.7,16496.45,15720163
2021-08-24 09:15:00,16566.4,16585.25,16512.55,16533.05,49273327
2021-08-24 09:45:00,16532.6,16547.6,16495.3,16515.55,25477147
2021-08-24 10:15:00,16515.2,16546.2,16515.2,16532.3,21733537
2021-08-24 10:45:00,16533.35,16538.25,16522.05,16532.35,18427836
2021-08-24 11:15:00,16531.7,16553.3,16528.5,16538.9,16336238
2021-08-24 11:45:00,16539.45,16562.35,16530.85,16557.85,20440646
2021-08-24 12:15:00,16558.9,16578.3,16553.25,16567.05,15567151
2021-08-24 12:45:00,16568.4,16577.35,16562.0,16565.25,13540262
2021-08-24 13:15:00,16565.1,16606.3,16559.9,16594.2,18352477
2021-08-24 13:45:00,16594.45,16626.15,16585.65,16617.3,16391967
2021-08-24 14:15:00,16616.95,16640.4,16609.55,16625.35,20846908
2021-08-24 14:45:00,16626.6,16647.1,16622.4,16624.95,28019678
2021-08-24 15:15:00,16624.7,16631.1,16608.0,16624.6,20409440
2021-08-25 09:15:00,16657.25,16699.7,16646.65,16668.9,45276307
2021-08-25 09:45:00,16667.25,16698.15,16651.25,16681.15,26388124
2021-08-25 10:15:00,16681.75,16693.25,16666.5,16686.95,18577612
2021-08-25 10:45:00,16687.3,16692.2,16675.7,16680.85,18536712
2021-08-25 11:15:00,16680.95,16712.45,16637.15,16646.05,20336469
2021-08-25 11:45:00,16644.95,16673.95,16629.8,16664.9,15991318
2021-08-25 12:15:00,16664.1,16680.9,16662.8,16670.0,15009112
2021-08-25 12:45:00,16669.7,16674.85,16653.8,16667.2,14134304
2021-08-25 13:15:00,16666.65,16693.5,16665.0,16675.4,13972630
2021-08-25 13:45:00,16676.35,16683.2,16649.8,16649.8,14512611
2021-08-25 14:15:00,16649.75,16664.25,16630.05,16630.2,19276748
2021-08-25 14:45:00,16629.55,16644.15,16617.5,16629.4,22624128
2021-08-25 15:15:00,16628.15,16643.0,16627.05,16634.65,18017833
2021-08-26 09:15:00,16632.35,16663.85,16611.15,16660.55,38476781
2021-08-26 09:45:00,16660.5,16676.15,16656.35,16667.65,24954128
2021-08-26 10:15:00,16667.05,16683.7,16665.35,16670.5,17657414
2021-08-26 10:45:00,16670.4,16676.15,16655.45,16664.0,14347403
2021-08-26 11:15:00,16664.1,16675.45,16650.05,16660.15,13499309
2021-08-26 11:45:00,16660.45,16668.7,16641.2,16650.75,16167028
2021-08-26 12:15:00,16648.95,16662.4,16627.1,16630.25,14145628
2021-08-26 12:45:00,16630.55,16642.95,16603.4,16638.6,13977857
2021-08-26 13:15:00,16638.9,16650.4,16628.45,16639.4,13256000
2021-08-26 13:45:00,16638.95,16653.05,16629.45,16641.35,14067397
2021-08-26 14:15:00,16642.5,16648.8,16607.15,16612.85,20181744
2021-08-26 14:45:00,16612.8,16642.15,16606.75,16640.05,27396506
2021-08-26 15:15:00,16640.9,16650.45,16624.55,16636.9,22270954
2021-08-27 09:15:00,16646.8,16655.9,16565.6,16598.35,38245699
2021-08-27 09:45:00,16597.35,16638.0,16597.35,16636.6,21734911
2021-08-27 10:15:00,16636.5,16668.1,16635.65,16653.8,19196694
2021-08-27 10:45:00,16654.1,16668.2,16644.75,16667.2,12724690
2021-08-27 11:15:00,16667.15,16691.85,16664.95,16690.3,14656139
2021-08-27 11:45:00,16690.2,16695.75,16674.45,16689.65,12345659
2021-08-27 12:15:00,16689.3,16696.1,16677.05,16682.65,10784748
2021-08-27 12:45:00,16682.8,16704.65,16679.2,16699.3,11136715
2021-08-27 13:15:00,16698.55,16712.6,16682.25,16700.2,10738543
2021-08-27 13:45:00,16700.8,16709.45,16685.9,16695.65,12884114
2021-08-27 14:15:00,16695.25,16722.05,16695.15,16704.85,16184216
2021-08-27 14:45:00,16703.75,16718.15,16696.3,16711.65,18771622
2021-08-27 15:15:00,16711.05,16714.25,16688.45,16705.2,20067935
2021-08-30 09:15:00,16776.45,16839.05,16764.85,16832.2,49377839
2021-08-30 09:45:00,16835.1,16854.7,16835.1,16850.45,23847254
2021-08-30 10:15:00,16850.85,16880.4,16849.35,16878.4,19020778
2021-08-30 10:45:00,16877.95,16881.35,16855.3,16868.7,16362552
2021-08-30 11:15:00,16869.3,16874.15,16847.65,16851.4,14102390
2021-08-30 11:45:00,16851.8,16868.2,16848.15,16862.3,16335185
2021-08-30 12:15:00,16862.4,16872.85,16857.1,16872.4,14058612
2021-08-30 12:45:00,16872.85,16885.55,16870.3,16885.0,13482553
2021-08-30 13:15:00,16884.45,16891.15,16877.5,16878.6,14961007
2021-08-30 13:45:00,16878.15,16898.9,16874.75,16896.9,19508710
2021-08-30 14:15:00,16897.45,16916.6,16892.25,16905.5,19975787
2021-08-30 14:45:00,16905.3,16934.3,16895.75,16933.45,35204145
2021-08-30 15:15:00,16933.95,16951.5,16930.75,16931.05,25298958
2021-08-31 09:15:00,16947.8,16995.55,16915.85,16925.4,49781786
2021-08-31 09:45:00,16924.55,16958.45,16917.95,16955.15,24567904
2021-08-31 10:15:00,16955.1,16991.55,16951.5,16987.65,20509600
2021-08-31 10:45:00,16988.0,16994.5,16954.1,16969.4,21243697
2021-08-31 11:15:00,16969.35,16975.3,16956.25,16973.9,20436473
2021-08-31 11:45:00,16973.5,17001.6,16972.9,16999.25,23285363
2021-08-31 12:15:00,16999.8,17024.85,16988.1,17016.4,20540904
2021-08-31 12:45:00,17016.15,17048.8,17015.05,17044.65,19292364
2021-08-31 13:15:00,17045.25,17052.0,16982.9,17035.85,32719895
2021-08-31 13:45:00,17035.9,17060.5,17017.7,17037.75,39392718
2021-08-31 14:15:00,17039.05,17078.0,17039.05,17070.7,30618108
2021-08-31 14:45:00,17070.45,17147.7,17065.5,17142.35,88812921
2021-08-31 15:15:00,17143.6,17153.5,17124.6,17132.2,66211042
2021-09-01 09:15:00,17165.15,17194.35,17148.15,17186.4,56733793
2021-09-01 09:45:00,17187.65,17225.75,17174.1,17199.9,28030245
2021-09-01 10:15:00,17200.15,17201.95,17142.3,17168.2,24720284
2021-09-01 10:45:00,17168.3,17174.95,17090.0,17112.5,21024162
2021-09-01 11:15:00,17112.85,17134.3,17097.05,17111.1,19705747
2021-09-01 11:45:00,17110.05,17114.85,17085.1,17099.55,17112635
2021-09-01 12:15:00,17099.35,17102.4,17075.55,17099.05,13852297
2021-09-01 12:45:00,17098.3,17138.2,17096.5,17116.05,18326185
2021-09-01 13:15:00,17115.65,17127.85,17096.45,17118.5,12560617
2021-09-01 13:45:00,17118.3,17147.35,17112.55,17118.4,17095022
2021-09-01 14:15:00,17118.9,17132.1,17098.05,17109.0,20935439
2021-09-01 14:45:00,17109.5,17113.2,17065.8,17068.5,28473996
2021-09-01 15:15:00,17067.5,17076.25,17055.05,17076.25,20958884
2021-09-02 09:15:00,17102.25,17132.3,17059.7,17113.5,43679997
2021-09-02 09:45:00,17113.85,17129.05,17099.35,17127.0,17981715
2021-09-02 10:15:00,17127.1,17137.55,17108.95,17135.7,17277277
2021-09-02 10:45:00,17136.05,17150.95,17130.75,17150.8,13455660
2021-09-02 11:15:00,17150.25,17169.9,17148.85,17164.4,14700559
2021-09-02 11:45:00,17164.35,17177.9,17160.2,17174.4,12317505
2021-09-02 12:15:00,17173.95,17183.9,17161.55,17163.15,17447272
2021-09-02 12:45:00,17162.7,17192.05,17150.45,17189.6,14092600
2021-09-02 13:15:00,17189.75,17196.8,17166.25,17170.7,13269041
2021-09-02 13:45:00,17170.1,17217.9,17170.05,17216.3,16601649
2021-09-02 14:15:00,17217.45,17242.5,17209.15,17235.8,14630824
2021-09-02 14:45:00,17236.85,17245.5,17228.2,17231.45,24839629
2021-09-02 15:15:00,17232.45,17240.5,17223.05,17234.15,19507923
2021-09-03 09:15:00,17267.3,17311.95,17254.5,17274.85,43142029
2021-09-03 09:45:00,17274.15,17305.85,17266.4,17300.45,21421307
2021-09-03 10:15:00,17299.8,17309.4,17238.2,17238.55,20419180
2021-09-03 10:45:00,17237.4,17265.05,17225.5,17234.75,13934094
2021-09-03 11:15:00,17234.1,17252.55,17212.2,17229.15,14303938
2021-09-03 11:45:00,17229.2,17273.4,17223.65,17270.45,22400475
2021-09-03 12:15:00,17270.3,17286.75,17258.8,17262.4,18722399
2021-09-03 12:45:00,17261.9,17297.1,17258.15,17294.6,14407345
2021-09-03 13:15:00,17293.8,17321.35,17283.85,17313.7,11832032
2021-09-03 13:45:00,17313.55,17314.15,17228.55,17269.6,17916698
2021-09-03 14:15:00,17268.75,17293.35,17257.5,17281.8,12511797
2021-09-03 14:45:00,17281.9,17326.0,17271.85,17320.6,29719721
2021-09-03 15:15:00,17320.15,17340.1,17318.5,17323.6,24202167
2021-09-06 09:15:00,17399.45,17429.55,17379.6,17397.0,40929693
2021-09-06 09:45:00,17397.15,17415.8,17379.5,17400.65,21357892
2021-09-06 10:15:00,17399.55,17401.75,17349.2,17363.5,16891830
2021-09-06 10:45:00,17362.95,17381.55,17355.05,17365.6,13572792
2021-09-06 11:15:00,17366.3,17377.8,17345.55,17355.05,11240262
2021-09-06 11:45:00,17354.8,17379.65,17351.95,17368.0,13909521
2021-09-06 12:15:00,17367.5,17378.9,17360.4,17374.3,11452263
2021-09-06 12:45:00,17374.6,17395.1,17366.3,17390.35,11565408
2021-09-06 13:15:00,17390.15,17397.5,17369.35,17384.45,11947617
2021-09-06 13:45:00,17383.6,17390.0,17357.0,17377.15,12979110
2021-09-06 14:15:00,17376.35,17389.1,17368.75,17368.9,19714132
2021-09-06 14:45:00,17368.15,17393.45,17360.7,17375.4,20686489
2021-09-06 15:15:00,17376.85,17382.2,17369.3,17377.8,19163179
2021-09-07 09:15:00,17403.65,17425.15,17342.7,17381.35,35809447
2021-09-07 09:45:00,17381.45,17384.05,17290.45,17310.9,28906720
2021-09-07 10:15:00,17310.45,17337.2,17287.0,17330.05,17765606
2021-09-07 10:45:00,17329.5,17341.9,17320.95,17329.25,12223558
2021-09-07 11:15:00,17329.3,17352.2,17317.25,17325.1,17741543
2021-09-07 11:45:00,17325.3,17386.45,17316.2,17384.25,15151978
2021-09-07 12:15:00,17385.85,17427.25,17385.35,17417.3,12517691
2021-09-07 12:45:00,17418.4,17436.5,17402.85,17410.0,14066206
2021-09-07 13:15:00,17409.6,17432.75,17409.6,17420.9,10440481
2021-09-07 13:45:00,17421.35,17430.7,17382.15,17410.2,15728892
2021-09-07 14:15:00,17410.95,17415.15,17353.5,17355.7,15032063
2021-09-07 14:45:00,17356.45,17394.55,17346.95,17361.95,24122906
2021-09-07 15:15:00,17361.9,17364.25,17346.05,17362.1,18926598
2021-09-08 09:15:00,17377.05,17383.4,17324.0,17368.35,44720630
2021-09-08 09:45:00,17367.15,17375.95,17327.85,17339.15,19238125
2021-09-08 10:15:00,17340.2,17375.95,17339.55,17373.55,15716543
2021-09-08 10:45:00,17372.8,17375.6,17359.45,17368.2,14512977
2021-09-08 11:15:00,17367.5,17367.85,17348.3,17354.75,13554516
2021-09-08 11:45:00,17354.5,17374.2,17353.5,17364.6,14242951
2021-09-08 12:15:00,17364.8,17366.65,17285.75,17288.45,23080683
2021-09-08 12:45:00,17287.8,17311.8,17254.2,17262.25,18048062
2021-09-08 13:15:00,17263.9,17314.3,17263.9,17283.25,11715174
2021-09-08 13:45:00,17283.0,17326.2,17277.05,17324.9,10252460
2021-09-08 14:15:00,17325.15,17332.35,17296.45,17321.15,14665686
2021-09-08 14:45:00,17320.75,17354.9,17316.65,17351.2,28982008
2021-09-08 15:15:00,17350.0,17373.95,17350.0,17353.5,21468625
2021-09-09 09:15:00,17319.85,17353.7,17307.0,17322.5,44250899
2021-09-09 09:45:00,17322.9,17342.45,17317.45,17324.7,33436796
2021-09-09 10:15:00,17324.45,17369.15,17318.2,17367.3,16459618
2021-09-09 10:45:00,17364.35,17368.1,17344.9,17349.15,19887760
2021-09-09 11:15:00,17349.2,17359.55,17337.15,17346.85,12819756
2021-09-09 11:45:00,17346.75,17358.75,17343.95,17347.45,9749701
2021-09-09 12:15:00,17347.85,17352.4,17302.7,17309.15,13077458
2021-09-09 12:45:00,17308.75,17334.6,17307.45,17318.05,9039958
2021-09-09 13:15:00,17318.5,17351.4,17317.3,17349.15,9942924
2021-09-09 13:45:00,17349.55,17353.55,17336.35,17344.2,11765189
2021-09-09 14:15:00,17344.4,17345.5,17320.8,17325.85,14306490
2021-09-09 14:45:00,17326.55,17375.7,17326.3,17364.5,25703464
2021-09-09 15:15:00,17365.0,17379.65,17355.45,17369.25,20611703
2021-09-13 09:15:00,17348.05,17375.5,17297.35,17329.0,45202897
2021-09-13 09:45:00,17328.85,17334.15,17269.15,17286.55,24434268
2021-09-13 10:15:00,17286.5,17311.25,17285.8,17305.4,21369039
2021-09-13 10:45:00,17305.25,17325.15,17303.65,17316.15,14645606
2021-09-13 11:15:00,17316.3,17335.15,17306.75,17327.8,14681893
2021-09-13 11:45:00,17326.75,17335.4,17317.8,17331.3,11450225
2021-09-13 12:15:00,17330.6,17349.3,17327.65,17348.0,13595666
2021-09-13 12:45:00,17347.7,17371.7,17344.15,17361.15,12826248
2021-09-13 13:15:00,17361.55,17370.4,17343.9,17347.05,12243084
2021-09-13 13:45:00,17347.7,17369.8,17344.9,17363.0,9336158
2021-09-13 14:15:00,17363.05,17378.35,17342.15,17343.3,12788608
2021-09-13 14:45:00,17343.85,17363.6,17334.85,17357.7,22882725
2021-09-13 15:15:00,17357.8,17360.9,17344.2,17355.3,20295878
2021-09-14 09:15:00,17425.7,17438.55,17389.1,17423.8,42772820
2021-09-14 09:45:00,17423.25,17425.95,17404.2,17416.8,24407364
2021-09-14 10:15:00,17417.6,17431.9,17415.25,17426.05,17834699
2021-09-14 10:45:00,17426.5,17432.45,17420.7,17424.3,12286976
2021-09-14 11:15:00,17424.2,17426.35,17403.3,17412.7,17123227
2021-09-14 11:45:00,17412.0,17424.3,17410.0,17410.1,16932580
2021-09-14 12:15:00,17410.3,17420.4,17406.35,17412.15,14031454
2021-09-14 12:45:00,17412.35,17417.25,17371.3,17390.2,16983392
2021-09-14 13:15:00,17390.0,17405.2,17381.8,17384.1,12742590
2021-09-14 13:45:00,17384.35,17397.55,17374.15,17391.1,13298761
2021-09-14 14:15:00,17391.9,17397.15,17367.05,17381.15,18718128
2021-09-14 14:45:00,17381.8,17388.4,17372.25,17376.0,22741257
2021-09-14 15:15:00,17376.75,17385.75,17373.45,17380.0,22811261
2021-09-15 09:15:00,17404.05,17428.15,17386.9,17417.2,57748913
2021-09-15 09:45:00,17416.45,17449.35,17408.85,17447.75,41073645
2021-09-15 10:15:00,17447.5,17463.3,17444.3,17461.85,27832140
2021-09-15 10:45:00,17461.1,17462.55,17439.6,17452.25,20015421
2021-09-15 11:15:00,17452.2,17467.55,17452.2,17459.75,18969154
2021-09-15 11:45:00,17460.1,17476.25,17451.3,17468.7,24613340
2021-09-15 12:15:00,17469.95,17489.0,17464.7,17473.65,20495021
2021-09-15 12:45:00,17475.85,17500.55,17463.5,17494.2,22412943
2021-09-15 13:15:00,17495.5,17515.0,17483.4,17513.6,24091818
2021-09-15 13:45:00,17514.1,17522.95,17500.85,17521.05,31623291
2021-09-15 14:15:00,17521.25,17531.2,17511.9,17522.95,31472808
2021-09-15 14:45:00,17523.3,17532.7,17510.5,17513.5,42649975
2021-09-15 15:15:00,17514.35,17530.6,17513.55,17519.45,28228585
2021-09-16 09:15:00,17552.5,17576.9,17537.3,17559.45,92605671
2021-09-16 09:45:00,17558.5,17561.35,17510.45,17559.2,75041880
2021-09-16 10:15:00,17560.0,17566.55,17543.2,17548.5,43284110
2021-09-16 10:45:00,17548.3,17552.15,17530.2,17535.8,27390612
2021-09-16 11:15:00,17536.5,17552.45,17530.9,17542.7,29636543
2021-09-16 11:45:00,17543.2,17580.85,17535.0,17579.1,21924173
2021-09-16 12:15:00,17580.5,17597.85,17572.1,17595.25,20429957
2021-09-16 12:45:00,17595.15,17595.7,17569.5,17580.25,33084892
2021-09-16 13:15:00,17579.55,17594.4,17567.45,17589.95,27836430
2021-09-16 13:45:00,17589.35,17611.35,17587.25,17609.15,25510136
2021-09-16 14:15:00,17608.65,17636.9,17600.7,17630.1,32004047
2021-09-16 14:45:00,17629.65,17644.6,17625.05,17625.45,36412531
2021-09-16 15:15:00,17625.55,17635.4,17616.45,17629.5,31501412
2021-09-17 09:15:00,17710.65,17748.95,17691.0,17726.15,77483075
2021-09-17 09:45:00,17726.0,17759.15,17720.55,17751.55,33448817
2021-09-17 10:15:00,17751.25,17777.35,17751.25,17776.6,25200270
2021-09-17 10:45:00,17774.75,17792.95,17748.3,17756.45,23888733
2021-09-17 11:15:00,17755.6,17756.55,17652.65,17658.75,43588150
2021-09-17 11:45:00,17659.15,17711.6,17609.2,17620.85,38888958
2021-09-17 12:15:00,17619.9,17664.5,17587.8,17611.5,24384840
2021-09-17 12:45:00,17611.8,17653.2,17600.2,17652.65,18387036
2021-09-17 13:15:00,17652.95,17661.85,17604.35,17644.9,16817083
2021-09-17 13:45:00,17643.7,17658.85,17619.6,17631.7,19401444
2021-09-17 14:15:00,17631.3,17647.5,17537.65,17575.65,26810078
2021-09-17 14:45:00,17575.05,17634.35,17565.75,17581.8,89799144
2021-09-17 15:15:00,17581.45,17605.4,17575.7,17585.15,72473227
2021-09-20 09:15:00,17451.75,17544.5,17425.3,17537.6,60846679
2021-09-20 09:45:00,17538.6,17569.0,17508.25,17548.45,30142561
2021-09-20 10:15:00,17548.75,17597.65,17542.65,17585.85,27268494
2021-09-20 10:45:00,17586.7,17620.65,17575.8,17610.1,16273407
2021-09-20 11:15:00,17609.85,17622.75,17582.6,17585.6,14608533
2021-09-20 11:45:00,17585.3,17588.05,17500.55,17511.9,23799995
2021-09-20 12:15:00,17513.4,17545.8,17501.5,17516.7,17229767
2021-09-20 12:45:00,17517.25,17553.2,17514.65,17547.5,12782472
2021-09-20 13:15:00,17547.15,17551.1,17502.4,17502.4,15515671
2021-09-20 13:45:00,17503.3,17534.05,17457.9,17470.25,25135075
2021-09-20 14:15:00,17469.5,17497.9,17453.45,17459.15,24971908
2021-09-20 14:45:00,17459.35,17469.45,17389.2,17417.4,37904097
2021-09-20 15:15:00,17417.15,17418.2,17361.8,17396.9,27492751
2021-09-21 09:15:00,17427.0,17481.1,17390.55,17463.8,62240318
2021-09-21 09:45:00,17464.05,17468.7,17369.25,17373.55,31530853
2021-09-21 10:15:00,17372.1,17419.65,17356.2,17412.0,26069813
2021-09-21 10:45:00,17411.35,17426.9,17345.25,17345.6,19567993
2021-09-21 11:15:00,17345.8,17386.05,17326.1,17381.45,18428004
2021-09-21 11:45:00,17382.05,17422.55,17379.45,17381.55,19284097
2021-09-21 12:15:00,17382.25,17413.1,17367.45,17407.45,21594738
2021-09-21 12:45:00,17407.75,17455.95,17404.35,17454.3,25063165
2021-09-21 13:15:00,17454.65,17493.2,17446.55,17491.95,19677909
2021-09-21 13:45:00,17492.2,17503.9,17434.45,17483.0,18300174
2021-09-21 14:15:00,17483.1,17538.3,17481.9,17531.2,37239501
2021-09-21 14:45:00,17531.25,17560.75,17528.95,17548.25,36288939
2021-09-21 15:15:00,17548.45,17578.35,17547.35,17562.0,25060511
2021-09-22 09:15:00,17586.55,17601.1,17528.95,17557.7,54783807
2021-09-22 09:45:00,17558.5,17607.7,17553.1,17603.55,26318003
2021-09-22 10:15:00,17603.05,17609.7,17567.15,17595.65,24433122
2021-09-22 10:45:00,17596.05,17610.45,17576.5,17580.1,16785191
2021-09-22 11:15:00,17580.05,17580.05,17524.0,17559.25,19786460
2021-09-22 11:45:00,17559.2,17581.9,17553.85,17566.1,19745738
2021-09-22 12:15:00,17566.3,17586.85,17560.3,17583.95,12183076
2021-09-22 12:45:00,17584.3,17608.7,17575.7,17596.85,18232377
2021-09-22 13:15:00,17597.65,17609.8,17559.3,17577.55,14238386
2021-09-22 13:45:00,17578.05,17598.85,17564.85,17594.0,14792305
2021-09-22 14:15:00,17594.5,17601.35,17567.85,17573.05,23324302
2021-09-22 14:45:00,17573.5,17580.6,17534.8,17535.6,28711354
2021-09-22 15:15:00,17536.4,17555.65,17534.35,17546.65,21992832
2021-09-23 09:15:00,17675.95,17700.0,17646.55,17683.15,55977688
2021-09-23 09:45:00,17682.8,17730.1,17682.35,17725.9,36945544
2021-09-23 10:15:00,17725.65,17732.95,17706.1,17723.9,27200478
2021-09-23 10:45:00,17724.5,17736.8,17717.45,17731.15,18839336
2021-09-23 11:15:00,17730.6,17741.45,17718.85,17722.9,16461514
2021-09-23 11:45:00,17723.05,17764.1,17721.3,17761.95,13893386
2021-09-23 12:15:00,17762.0,17781.6,17757.8,17765.8,14816572
2021-09-23 12:45:00,17766.2,17782.4,17757.85,17761.1,22975252
2021-09-23 13:15:00,17761.25,17784.5,17742.6,17774.7,18655910
2021-09-23 13:45:00,17774.75,17786.05,17762.2,17781.7,17831676
2021-09-23 14:15:00,17782.25,17824.55,17777.3,17814.05,24112154
2021-09-23 14:45:00,17813.8,17843.9,17791.95,17832.8,29194732
2021-09-23 15:15:00,17832.85,17837.8,17815.75,17822.95,25764305
2021-09-24 09:15:00,17902.5,17947.65,17889.7,17914.95,73031835
2021-09-24 09:45:00,17913.45,17924.45,17857.5,17877.35,37729944
2021-09-24 10:15:00,17877.95,17938.55,17877.2,17938.55,25505750
2021-09-24 10:45:00,17937.2,17940.85,17893.8,17910.95,23926677
2021-09-24 11:15:00,17911.0,17916.35,17890.35,17898.95,20110985
2021-09-24 11:45:00,17898.9,17906.4,17867.9,17880.2,17766631
2021-09-24 12:15:00,17879.95,17898.0,17843.0,17864.4,18797945
2021-09-24 12:45:00,17865.5,17896.35,17859.75,17862.3,18129665
2021-09-24 13:15:00,17861.85,17865.55,17819.4,17838.7,23312958
2021-09-24 13:45:00,17838.8,17866.25,17827.7,17850.4,18444231
2021-09-24 14:15:00,17851.75,17876.05,17832.0,17874.8,17723932
2021-09-24 14:45:00,17875.4,17881.4,17840.05,17866.35,38507399
2021-09-24 15:15:00,17866.8,17869.65,17836.05,17853.2,28422573
2021-09-27 09:15:00,17933.2,17943.5,17891.75,17939.7,49790755
2021-09-27 09:45:00,17939.95,17942.25,17856.95,17885.8,27653841
2021-09-27 10:15:00,17884.55,17888.0,17834.3,17836.45,30328801
2021-09-27 10:45:00,17835.95,17865.35,17822.25,17844.15,20798387
2021-09-27 11:15:00,17844.8,17850.45,17802.9,17811.4,13563007
2021-09-27 11:45:00,17811.9,17873.3,17811.45,17868.5,19802312
2021-09-27 12:15:00,17870.05,17878.5,17846.95,17868.65,15976799
2021-09-27 12:45:00,17870.15,17890.8,17869.75,17886.45,16885767
2021-09-27 13:15:00,17887.05,17896.6,17878.2,17886.55,14504786
2021-09-27 13:45:00,17887.35,17895.3,17874.75,17882.5,18114482
2021-09-27 14:15:00,17883.25,17887.2,17846.45,17847.8,26243860
2021-09-27 14:45:00,17848.75,17872.4,17825.1,17860.75,28505624
2021-09-27 15:15:00,17859.7,17862.0,17844.15,17855.1,22911368
2021-09-28 09:15:00,17900.45,17912.85,17814.75,17860.95,72286306
2021-09-28 09:45:00,17861.2,17884.55,17840.25,17877.3,36154713
2021-09-28 10:15:00,17877.5,17883.4,17829.1,17832.5,28687614
2021-09-28 10:45:00,17833.55,17836.5,17788.05,17791.05,23511590
2021-09-28 11:15:00,17790.6,17828.95,17777.55,17794.55,29573403
2021-09-28 11:45:00,17793.5,17795.4,17729.5,17731.75,27741499
2021-09-28 12:15:00,17732.35,17733.6,17674.45,17699.55,31036793
2021-09-28 12:45:00,17699.3,17717.75,17616.0,17619.25,23686484
2021-09-28 13:15:00,17619.5,17689.0,17616.65,17646.65,24741596
2021-09-28 13:45:00,17646.8,17664.8,17609.05,17615.5,23597550
2021-09-28 14:15:00,17613.95,17643.15,17576.1,17635.35,29040544
2021-09-28 14:45:00,17636.7,17774.6,17635.85,17769.7,37179660
2021-09-28 15:15:00,17770.7,17777.45,17729.15,17748.6,25448161
2021-09-29 09:15:00,17658.1,17670.2,17608.15,17637.4,51369319
2021-09-29 09:45:00,17637.9,17684.05,17632.1,17663.6,52469072
2021-09-29 10:15:00,17664.4,17689.3,17627.65,17631.3,78355653
2021-09-29 10:45:00,17630.55,17663.7,17612.6,17654.4,43026617
2021-09-29 11:15:00,17654.45,17661.85,17632.6,17657.9,37376764
2021-09-29 11:45:00,17658.1,17680.35,17640.25,17652.6,25762167
2021-09-29 12:15:00,17651.9,17672.9,17638.15,17644.2,22426093
2021-09-29 12:45:00,17644.5,17699.2,17641.6,17698.6,25007118
2021-09-29 13:15:00,17701.0,17723.4,17687.75,17703.35,28223907
2021-09-29 13:45:00,17704.1,17738.8,17687.65,17736.8,26433246
2021-09-29 14:15:00,17736.85,17775.4,17735.9,17770.3,36810530
2021-09-29 14:45:00,17770.7,17781.75,17699.9,17701.35,80503404
2021-09-29 15:15:00,17702.55,17715.9,17693.45,17711.3,55216102
2021-09-30 09:15:00,17727.4,17739.9,17658.45,17710.05,67091794
2021-09-30 09:45:00,17710.85,17731.5,17688.95,17703.1,32866028
2021-09-30 10:15:00,17702.95,17706.0,17674.15,17693.35,28850616
2021-09-30 10:45:00,17692.7,17706.85,17684.6,17690.45,22783066
2021-09-30 11:15:00,17690.55,17733.15,17687.55,17725.95,22192206
2021-09-30 11:45:00,17725.35,17742.15,17716.25,17729.8,18405142
2021-09-30 12:15:00,17730.0,17730.4,17630.65,17653.65,28567513
2021-09-30 12:45:00,17652.5,17687.8,17642.25,17652.85,18072401
2021-09-30 13:15:00,17652.75,17654.8,17604.65,17621.45,18261962
2021-09-30 13:45:00,17622.2,17675.65,17620.35,17636.0,17162344
2021-09-30 14:15:00,17636.35,17655.8,17590.95,17637.15,23210875
2021-09-30 14:45:00,17637.85,17647.85,17616.25,17629.3,49103800
2021-09-30 15:15:00,17629.05,17632.45,17585.35,17618.15,37267031
2021-10-01 09:15:00,17536.5,17536.5,17459.25,17517.85,83975329
2021-10-01 09:45:00,17518.3,17518.3,17452.9,17486.15,40964503
2021-10-01 10:15:00,17485.4,17532.75,17485.1,17518.4,23229658
2021-10-01 10:45:00,17517.9,17551.95,17513.0,17528.45,19667597
2021-10-01 11:15:00,17528.9,17533.55,17500.2,17508.25,18253775
2021-10-01 11:45:00,17506.45,17508.2,17457.4,17475.3,18022447
2021-10-01 12:15:00,17475.4,17495.1,17460.1,17472.0,13803477
2021-10-01 12:45:00,17472.15,17520.75,17465.45,17503.7,14258249
2021-10-01 13:15:00,17503.55,17515.7,17482.3,17489.5,14670348
2021-10-01 13:45:00,17489.85,17526.15,17484.55,17525.25,20847649
2021-10-01 14:15:00,17526.75,17536.25,17506.95,17515.8,24855567
2021-10-01 14:45:00,17515.85,17557.15,17505.65,17530.45,25067812
2021-10-01 15:15:00,17529.45,17533.2,17516.25,17532.05,19497867
2021-10-04 09:15:00,17616.25,17658.55,17581.35,17652.5,56540208
2021-10-04 09:45:00,17652.6,17719.65,17651.45,17712.4,27482792
2021-10-04 10:15:00,17712.8,17739.5,17706.15,17736.4,19785822
2021-10-04 10:45:00,17736.8,17750.9,17721.5,17727.0,16408400
2021-10-04 11:15:00,17726.65,17732.15,17692.05,17692.45,13434306
2021-10-04 11:45:00,17691.95,17711.7,17682.8,17694.4,15311514
2021-10-04 12:15:00,17694.2,17695.4,17647.8,17680.45,18422951
2021-10-04 12:45:00,17681.65,17681.65,17659.35,17676.55,14480485
2021-10-04 13:15:00,17677.5,17716.25,17675.25,17706.2,18048631
2021-10-04 13:45:00,17706.35,17716.35,17685.7,17699.45,28118295
2021-10-04 14:15:00,17699.7,17708.55,17679.7,17695.2,16826156
2021-10-04 14:45:00,17695.9,17703.65,17681.2,17697.85,24393003
2021-10-04 15:15:00,17697.55,17701.1,17684.6,17691.25,22686694
2021-10-05 09:15:00,17665.1,17696.75,17640.9,17681.65,74675234
2021-10-05 09:45:00,17681.1,17684.3,17651.6,17683.55,55736626
2021-10-05 10:15:00,17682.65,17709.0,17681.75,17690.95,37653568
2021-10-05 10:45:00,17691.4,17695.9,17679.75,17686.25,24571618
2021-10-05 11:15:00,17686.4,17705.8,17685.4,17689.0,23351143
2021-10-05 11:45:00,17689.9,17697.25,17675.45,17695.2,19855664
2021-10-05 12:15:00,17696.0,17733.9,17688.25,17731.4,23849006
2021-10-05 12:45:00,17732.15,17769.2,17729.2,17756.35,33033184
2021-10-05 13:15:00,17757.2,17775.3,17747.0,17771.45,21543411
2021-10-05 13:45:00,17772.2,17795.35,17753.4,17793.6,22970894
2021-10-05 14:15:00,17795.4,17827.9,17776.7,17826.2,27312787
2021-10-05 14:45:00,17825.6,17833.45,17808.5,17827.6,39069491
2021-10-05 15:15:00,17828.65,17831.85,17817.5,17822.3,28428934
2021-10-06 09:15:00,17867.4,17884.6,17839.8,17846.7,111975904
2021-10-06 09:45:00,17846.1,17868.95,17828.9,17831.95,41806630
2021-10-06 10:15:00,17832.0,17837.9,17777.65,17837.9,31600639
2021-10-06 10:45:00,17837.25,17842.55,17810.35,17825.1,21418728
2021-10-06 11:15:00,17825.45,17847.6,17824.9,17836.55,16863549
2021-10-06 11:45:00,17836.7,17868.65,17836.1,17863.9,16478541
2021-10-06 12:15:00,17864.3,17878.25,17828.4,17844.2,16363246
2021-10-06 12:45:00,17845.15,17845.95,17773.15,17775.3,23246248
2021-10-06 13:15:00,17775.0,17787.3,17715.35,17750.5,25160763
2021-10-06 13:45:00,17750.9,17785.65,17738.95,17761.25,17327026
2021-10-06 14:15:00,17762.7,17765.05,17668.7,17673.6,26765803
2021-10-06 14:45:00,17673.9,17694.1,17636.35,17651.9,36227733
2021-10-06 15:15:00,17653.05,17657.7,17613.15,17646.0,28946082
2021-10-07 09:15:00,17814.45,17828.4,17763.8,17817.75,87244587
2021-10-07 09:45:00,17817.0,17821.9,17792.2,17808.45,36652608
2021-10-07 10:15:00,17808.05,17820.15,17789.2,17816.75,30189383
2021-10-07 10:45:00,17816.05,17819.65,17798.6,17802.9,22066312
2021-10-07 11:15:00,17802.3,17825.7,17790.4,17825.25,19514513
2021-10-07 11:45:00,17826.8,17850.25,17816.2,17837.95,17779139
2021-10-07 12:15:00,17837.7,17855.45,17828.35,17845.05,14601794
2021-10-07 12:45:00,17845.55,17850.55,17827.05,17847.75,39615841
2021-10-07 13:15:00,17848.5,17857.55,17817.65,17832.25,30979545
2021-10-07 13:45:00,17832.95,17854.6,17818.9,17845.5,29999859
2021-10-07 14:15:00,17845.65,17845.65,17796.05,17807.0,32398657
2021-10-07 14:45:00,17808.3,17811.85,17787.4,17790.75,34611908
2021-10-07 15:15:00,17791.25,17802.35,17780.55,17790.35,26069656
2021-10-08 09:15:00,17891.95,17892.5,17848.15,17871.1,90036499
2021-10-08 09:45:00,17871.85,17908.8,17867.7,17894.7,32631191
2021-10-08 10:15:00,17894.75,17941.85,17880.05,17922.75,22072788
2021-10-08 10:45:00,17923.45,17929.1,17885.55,17908.95,22024719
2021-10-08 11:15:00,17909.75,17924.25,17900.0,17919.9,16348906
2021-10-08 11:45:00,17920.55,17925.35,17860.75,17863.95,15688585
2021-10-08 12:15:00,17863.5,17889.75,17840.35,17882.15,18425833
2021-10-08 12:45:00,17881.6,17893.55,17858.4,17879.9,16454857
2021-10-08 13:15:00,17879.95,17910.65,17874.05,17876.0,13080582
2021-10-08 13:45:00,17875.55,17918.85,17873.95,17917.7,13867096
2021-10-08 14:15:00,17918.3,17935.65,17904.75,17928.55,16926023
2021-10-08 14:45:00,17928.4,17931.65,17888.6,17895.85,22195730
2021-10-08 15:15:00,17896.75,17907.5,17886.45,17895.2,21817156
2021-10-11 09:15:00,17867.95,17951.55,17839.1,17946.55,84807878
2021-10-11 09:45:00,17945.45,17981.1,17928.0,17979.25,38753495
2021-10-11 10:15:00,17978.85,17998.2,17962.25,17997.4,28122587
2021-10-11 10:45:00,17996.55,18020.15,17975.5,18016.0,21882942
2021-10-11 11:15:00,18016.55,18032.5,18005.45,18014.25,20591951
2021-10-11 11:45:00,18015.45,18015.45,17975.6,17998.6,20341503
2021-10-11 12:15:00,17999.05,18033.75,17999.05,18033.25,18110324
2021-10-11 12:45:00,18033.3,18041.95,18009.65,18013.3,18222709
2021-10-11 13:15:00,18014.0,18040.1,18005.5,18029.4,16049656
2021-10-11 13:45:00,18029.2,18030.7,17983.25,18013.75,21880209
2021-10-11 14:15:00,18014.25,18015.85,17974.55,17982.8,25009591
2021-10-11 14:45:00,17983.1,18000.45,17948.3,17951.05,30857372
2021-10-11 15:15:00,17950.2,17954.95,17930.9,17945.95,23586340
2021-10-12 09:15:00,17930.3,17995.75,17906.8,17949.5,86579045
2021-10-12 09:45:00,17948.0,17973.95,17926.8,17961.7,35032026
2021-10-12 10:15:00,17961.75,17968.3,17888.75,17923.55,28585955
2021-10-12 10:45:00,17923.45,17926.7,17887.4,17924.5,17712293
2021-10-12 11:15:00,17924.4,17938.6,17891.05,17908.75,18403116
2021-10-12 11:45:00,17910.0,17915.85,17864.95,17902.8,21442127
2021-10-12 12:15:00,17903.8,17931.65,17889.25,17927.6,15320187
2021-10-12 12:45:00,17928.4,17942.45,17908.05,17936.5,15588308
2021-10-12 13:15:00,17936.25,17941.15,17902.25,17917.5,16492640
2021-10-12 13:45:00,17916.4,17965.8,17907.6,17964.25,20004030
2021-10-12 14:15:00,17964.55,17986.1,17958.8,17973.95,21255618
2021-10-12 14:45:00,17974.7,17991.65,17960.9,17991.45,31428144
2021-10-12 15:15:00,17991.55,18008.65,17990.75,17991.95,26728854
2021-10-13 09:15:00,18098.85,18099.15,18050.75,18089.35,56939144
2021-10-13 09:45:00,18089.0,18128.7,18087.2,18117.65,80333453
2021-10-13 10:15:00,18117.3,18132.6,18101.6,18126.65,39796816
2021-10-13 10:45:00,18124.95,18143.8,18117.8,18139.1,33157135
2021-10-13 11:15:00,18138.0,18147.35,18130.0,18141.1,28288459
2021-10-13 11:45:00,18140.85,18147.0,18106.9,18138.35,23588080
2021-10-13 12:15:00,18137.9,18162.7,18130.1,18140.8,15906011
2021-10-13 12:45:00,18142.45,18170.9,18136.9,18170.1,23960359
2021-10-13 13:15:00,18171.25,18183.3,18156.9,18178.85,31948459
2021-10-13 13:45:00,18177.95,18197.8,18156.7,18163.3,36958254
2021-10-13 14:15:00,18163.4,18193.8,18162.0,18175.2,37038503
2021-10-13 14:45:00,18174.15,18184.7,18155.85,18167.3,52093702
2021-10-13 15:15:00,18166.7,18168.1,18150.65,18161.75,32354720
2021-10-14 09:15:00,18286.75,18294.75,18254.5,18260.45,124080740
2021-10-14 09:45:00,18260.35,18289.75,18260.35,18275.45,50180990
2021-10-14 10:15:00,18273.9,18285.4,18263.8,18275.0,32825146
2021-10-14 10:45:00,18275.7,18304.15,18273.4,18299.7,36094353
2021-10-14 11:15:00,18298.75,18319.6,18296.85,18306.1,40346852
2021-10-14 11:45:00,18306.95,18323.2,18300.35,18309.95,40065019
2021-10-14 12:15:00,18310.9,18312.45,18287.9,18296.2,30789013
2021-10-14 12:45:00,18296.1,18302.6,18266.45,18283.7,29376642
2021-10-14 13:15:00,18283.5,18301.3,18248.7,18299.45,28002905
2021-10-14 13:45:00,18299.35,18318.15,18293.1,18308.75,26168256
2021-10-14 14:15:00,18309.1,18325.5,18296.75,18307.5,29278641
2021-10-14 14:45:00,18306.4,18343.55,18306.3,18340.05,36049566
2021-10-14 15:15:00,18339.95,18350.75,18332.1,18338.55,31227528
2021-10-18 09:15:00,18502.5,18521.1,18445.3,18471.4,110723388
2021-10-18 09:45:00,18470.95,18501.55,18449.9,18498.8,55243359
2021-10-18 10:15:00,18499.3,18509.1,18485.7,18498.25,40290342
2021-10-18 10:45:00,18499.25,18524.4,18489.65,18494.15,29436401
2021-10-18 11:15:00,18494.35,18510.1,18487.65,18494.4,21579590
2021-10-18 11:45:00,18493.8,18521.85,18493.65,18514.9,25703311
2021-10-18 12:15:00,18515.5,18534.6,18503.05,18530.55,21720898
2021-10-18 12:45:00,18531.35,18543.15,18491.55,18492.15,22753226
2021-10-18 13:15:00,18492.4,18509.85,18466.95,18505.75,29064968
2021-10-18 13:45:00,18505.4,18534.35,18495.75,18528.95,20976570
2021-10-18 14:15:00,18528.3,18533.35,18479.9,18486.65,24702393
2021-10-18 14:45:00,18486.55,18504.75,18470.85,18475.0,38194269
2021-10-18 15:15:00,18475.05,18477.3,18461.35,18477.05,26354349
2021-10-19 09:15:00,18604.45,18604.45,18534.65,18574.35,64640845
2021-10-19 09:45:00,18573.75,18594.85,18400.25,18457.85,51666418
2021-10-19 10:15:00,18459.45,18535.15,18439.65,18520.85,24059423
2021-10-19 10:45:00,18521.45,18551.4,18515.65,18536.55,21888920
2021-10-19 11:15:00,18535.35,18576.0,18529.2,18565.65,19567776
2021-10-19 11:45:00,18565.95,18583.55,18555.9,18573.5,17586318
2021-10-19 12:15:00,18574.15,18590.95,18551.35,18552.0,15844319
2021-10-19 12:45:00,18553.05,18590.95,18551.65,18582.25,15480427
2021-10-19 13:15:00,18581.0,18589.35,18561.85,18568.5,13685758
2021-10-19 13:45:00,18568.55,18585.1,18505.9,18515.15,21836258
2021-10-19 14:15:00,18514.6,18537.75,18461.65,18499.45,30925338
2021-10-19 14:45:00,18498.8,18508.75,18394.9,18403.9,37044599
2021-10-19 15:15:00,18404.4,18431.2,18377.7,18418.75,28184758
2021-10-20 09:15:00,18447.35,18458.2,18326.95,18396.05,74358669
2021-10-20 09:45:00,18397.6,18458.3,18380.55,18444.8,35054697
2021-10-20 10:15:00,18444.3,18451.7,18390.15,18399.7,24114515
2021-10-20 10:45:00,18400.3,18404.25,18369.95,18400.1,20416653
2021-10-20 11:15:00,18400.3,18424.8,18370.55,18386.95,17661077
2021-10-20 11:45:00,18387.65,18393.15,18301.75,18302.75,19088280
2021-10-20 12:15:00,18301.55,18334.65,18283.8,18294.15,16973726
2021-10-20 12:45:00,18293.9,18347.8,18277.75,18345.7,24616704
2021-10-20 13:15:00,18346.4,18364.25,18269.6,18285.15,22006998
2021-10-20 13:45:00,18286.2,18287.3,18241.8,18254.4,24747236
2021-10-20 14:15:00,18255.55,18255.55,18209.35,18225.7,26785632
2021-10-20 14:45:00,18226.15,18286.3,18222.1,18259.8,40044812
2021-10-20 15:15:00,18259.15,18285.65,18254.0,18266.6,23326237
2021-10-21 09:15:00,18384.2,18384.2,18247.55,18269.5,58044263
2021-10-21 09:45:00,18268.7,18294.85,18235.3,18245.5,24643524
2021-10-21 10:15:00,18244.9,18247.35,18183.15,18183.25,22978979
2021-10-21 10:45:00,18182.2,18189.85,18118.15,18131.6,22327340
2021-10-21 11:15:00,18130.15,18193.95,18106.65,18175.3,19397078
2021-10-21 11:45:00,18177.35,18189.85,18142.65,18163.55,14187366
2021-10-21 12:15:00,18163.9,18170.15,18112.8,18141.35,18769759
2021-10-21 12:45:00,18144.45,18181.15,18136.2,18139.2,17702504
2021-10-21 13:15:00,18139.95,18146.4,18072.65,18088.6,22925168
2021-10-21 13:45:00,18090.15,18118.6,18064.65,18076.65,18939874
2021-10-21 14:15:00,18076.55,18154.0,18048.0,18141.8,27372785
2021-10-21 14:45:00,18141.95,18189.55,18123.9,18168.3,60316475
2021-10-21 15:15:00,18169.15,18222.9,18168.25,18178.1,43248441
2021-10-22 09:15:00,18235.35,18312.95,18204.2,18308.25,49302787
2021-10-22 09:45:00,18307.6,18314.25,18229.35,18278.4,23322231
2021-10-22 10:15:00,18277.15,18285.35,18238.55,18275.0,19603201
2021-10-22 10:45:00,18274.25,18287.4,18229.65,18263.85,23184988
2021-10-22 11:15:00,18262.85,18268.75,18158.7,18200.65,30395524
2021-10-22 11:45:00,18200.55,18221.85,18142.35,18145.6,24100564
2021-10-22 12:15:00,18145.25,18174.8,18128.5,18139.4,21504552
2021-10-22 12:45:00,18140.35,18167.2,18082.65,18083.0,20276689
2021-10-22 13:15:00,18082.45,18110.0,18060.95,18099.35,19040217
2021-10-22 13:45:00,18097.65,18148.1,18071.15,18142.05,21752770
2021-10-22 14:15:00,18144.3,18149.6,18034.35,18092.8,24995617
2021-10-22 14:45:00,18093.5,18139.1,18089.3,18122.85,25710096
2021-10-22 15:15:00,18124.15,18126.9,18098.1,18114.9,20352628
2021-10-25 09:15:00,18241.4,18241.4,18049.65,18057.55,94975214
2021-10-25 09:45:00,18057.75,18057.75,17968.5,18008.3,41869479
2021-10-25 10:15:00,18008.9,18096.4,17992.5,18089.8,36130394
2021-10-25 10:45:00,18092.0,18127.75,18073.7,18116.6,31065280
2021-10-25 11:15:00,18117.05,18174.25,18115.05,18152.7,23985882
2021-10-25 11:45:00,18153.35,18221.55,18139.55,18153.45,29942339
2021-10-25 12:15:00,18154.2,18174.15,18119.05,18144.6,19602878
2021-10-25 12:45:00,18145.65,18178.15,18135.85,18146.3,15646680
2021-10-25 13:15:00,18146.55,18189.85,18124.25,18154.35,22503424
2021-10-25 13:45:00,18154.1,18167.1,18098.8,18098.8,22425813
2021-10-25 14:15:00,18100.5,18128.6,18063.0,18107.4,22291600
2021-10-25 14:45:00,18108.3,18146.8,18106.25,18120.95,28689809
2021-10-25 15:15:00,18121.0,18140.95,18115.35,18125.4,24054701
2021-10-26 09:15:00,18160.15,18252.6,18148.45,18223.75,49970642
2021-10-26 09:45:00,18222.8,18265.2,18214.3,18234.35,29924435
2021-10-26 10:15:00,18234.1,18241.5,18161.35,18165.1,29142501
2021-10-26 10:45:00,18165.3,18169.4,18118.2,18163.0,26676769
2021-10-26 11:15:00,18163.25,18163.25,18099.3,18135.1,18135442
2021-10-26 11:45:00,18134.45,18189.35,18121.95,18159.95,20875523
2021-10-26 12:15:00,18160.25,18183.55,18108.9,18125.05,18254644
2021-10-26 12:45:00,18125.1,18186.25,18124.5,18163.8,19680373
2021-10-26 13:15:00,18165.2,18233.2,18159.95,18230.6,16929218
2021-10-26 13:45:00,18229.95,18247.2,18204.6,18246.85,18336076
2021-10-26 14:15:00,18245.75,18257.75,18213.2,18233.15,26644565
2021-10-26 14:45:00,18233.05,18266.45,18228.2,18263.25,34181268
2021-10-26 15:15:00,18264.2,18310.45,18262.8,18268.4,28013148
2021-10-27 09:15:00,18304.6,18331.3,18258.85,18292.25,64568278
2021-10-27 09:45:00,18292.8,18319.2,18282.25,18298.25,31556194
2021-10-27 10:15:00,18298.3,18314.55,18267.55,18295.25,24399618
2021-10-27 10:45:00,18294.75,18312.45,18284.6,18310.4,18091485
2021-10-27 11:15:00,18309.8,18341.0,18305.25,18337.9,20056257
2021-10-27 11:45:00,18339.0,18342.05,18293.05,18293.05,20509234
2021-10-27 12:15:00,18292.8,18317.95,18290.5,18295.35,19428905
2021-10-27 12:45:00,18295.9,18318.55,18289.45,18310.7,14271809
2021-10-27 13:15:00,18312.5,18323.95,18296.95,18302.25,20853495
2021-10-27 13:45:00,18302.8,18317.55,18296.85,18312.5,17645340
2021-10-27 14:15:00,18312.8,18321.2,18201.05,18221.0,27451071
2021-10-27 14:45:00,18222.3,18250.8,18203.5,18227.2,28632449
2021-10-27 15:15:00,18226.9,18228.1,18167.9,18210.95,26568830
2021-10-28 09:15:00,18188.85,18190.7,18070.15,18070.45,69999183
2021-10-28 09:45:00,18067.75,18104.35,18053.85,18092.45,32989219
2021-10-28 10:15:00,18092.4,18103.35,18044.35,18046.75,24567261
2021-10-28 10:45:00,18045.65,18052.05,18002.85,18038.15,22248872
2021-10-28 11:15:00,18039.85,18056.3,18029.65,18040.35,20874935
2021-10-28 11:45:00,18038.85,18085.75,18021.8,18023.35,24125552
2021-10-28 12:15:00,18024.85,18025.2,17984.15,18011.3,23445695
2021-10-28 12:45:00,18012.5,18047.8,18002.85,18007.85,18047871
2021-10-28 13:15:00,18007.5,18036.05,17961.9,17978.85,19997012
2021-10-28 13:45:00,17979.7,17990.85,17928.4,17950.1,19889885
2021-10-28 14:15:00,17951.45,17966.55,17895.0,17901.65,22764300
2021-10-28 14:45:00,17902.15,17924.75,17848.7,17853.65,40984326
2021-10-28 15:15:00,17854.0,17866.8,17799.45,17857.25,30969222
2021-10-29 09:15:00,17833.4,17833.4,17613.1,17772.85,80170819
2021-10-29 09:45:00,17775.15,17865.15,17767.4,17856.2,32434043
2021-10-29 10:15:00,17856.85,17903.55,17825.95,17899.2,21722637
2021-10-29 10:45:00,17900.05,17915.85,17826.2,17834.3,16597283
2021-10-29 11:15:00,17835.4,17877.55,17822.8,17857.0,14599085
2021-10-29 11:45:00,17856.9,17865.95,17791.8,17820.85,14529137
2021-10-29 12:15:00,17822.35,17837.3,17774.55,17800.15,13645112
2021-10-29 12:45:00,17802.1,17825.55,17724.05,17742.6,15799578
2021-10-29 13:15:00,17741.1,17760.0,17700.65,17741.1,14601955
2021-10-29 13:45:00,17741.8,17753.75,17638.25,17642.8,28425958
2021-10-29 14:15:00,17643.15,17765.2,17615.3,17710.45,27416398
2021-10-29 14:45:00,17710.05,17764.7,17634.65,17647.75,43477025
2021-10-29 15:15:00,17649.45,17718.35,17638.45,17671.65,31512585
2021-11-01 09:15:00,17788.1,17833.6,17697.1,17765.5,60803143
2021-11-01 09:45:00,17765.45,17821.0,17753.2,17761.15,24602465
2021-11-01 10:15:00,17761.45,17778.8,17725.45,17741.25,19413576
2021-11-01 10:45:00,17742.25,17758.75,17701.7,17750.1,17172580
2021-11-01 11:15:00,17751.05,17772.75,17721.85,17768.0,17250305
2021-11-01 11:45:00,17768.25,17785.9,17752.15,17777.55,15336866
2021-11-01 12:15:00,17777.65,17798.4,17767.85,17784.75,14615515
2021-11-01 12:45:00,17785.75,17813.2,17764.55,17810.7,13166638
2021-11-01 13:15:00,17811.25,17897.8,17805.3,17894.65,15460386
2021-11-01 13:45:00,17894.95,17920.75,17882.9,17895.05,17362781
2021-11-01 14:15:00,17894.25,17954.1,17889.3,17926.8,19160695
2021-11-01 14:45:00,17927.65,17944.05,17900.7,17934.35,29797798
2021-11-01 15:15:00,17936.0,17949.85,17922.85,17929.65,22821950
2021-11-02 09:15:00,17969.95,18012.25,17925.15,17953.1,62547547
2021-11-02 09:45:00,17953.7,17968.9,17916.1,17934.55,34234091
2021-11-02 10:15:00,17936.0,17950.3,17872.25,17897.15,20366812
2021-11-02 10:45:00,17897.05,17935.55,17878.35,17935.0,16189591
2021-11-02 11:15:00,17935.75,17957.7,17920.1,17925.2,17017840
2021-11-02 11:45:00,17925.45,17954.35,17909.65,17949.45,17043506
2021-11-02 12:15:00,17949.7,17956.3,17894.65,17917.4,12705862
2021-11-02 12:45:00,17917.65,17928.0,17881.75,17912.05,13824336
2021-11-02 13:15:00,17912.55,17925.45,17899.25,17923.15,16074257
2021-11-02 13:45:00,17923.5,17940.8,17847.6,17889.05,18133415
2021-11-02 14:15:00,17889.95,17904.35,17869.2,17897.75,17830205
2021-11-02 14:45:00,17898.05,17932.95,17873.2,17896.1,28392726
2021-11-02 15:15:00,17895.8,17899.45,17876.15,17888.95,25155503
2021-11-03 09:15:00,17950.55,17988.75,17935.15,17971.7,47927784
2021-11-03 09:45:00,17972.35,17986.8,17948.0,17961.3,25846312
2021-11-03 10:15:00,17962.95,17972.45,17948.65,17968.7,21553687
2021-11-03 10:45:00,17968.3,17976.15,17951.65,17976.0,15457902
2021-11-03 11:15:00,17975.7,17979.2,17926.15,17951.1,16696702
2021-11-03 11:45:00,17951.6,17951.6,17886.0,17897.3,18123936
2021-11-03 12:15:00,17897.05,17897.95,17858.25,17864.5,14859735
2021-11-03 12:45:00,17865.9,17876.95,17805.4,17808.85,14791943
2021-11-03 13:15:00,17809.3,17846.55,17792.25,17837.65,17391252
2021-11-03 13:45:00,17839.0,17906.3,17838.9,17857.6,49037403
2021-11-03 14:15:00,17858.15,17858.15,17757.95,17810.1,32990997
2021-11-03 14:45:00,17809.4,17851.5,17778.8,17820.5,33933785
2021-11-03 15:15:00,17820.65,17843.1,17802.95,17829.2,26377960
2021-11-04 17:45:00,17935.05,17935.05,17935.05,17935.05,0
2021-11-04 18:15:00,17922.7,17947.55,17902.1,17924.6,28913629
2021-11-04 18:45:00,17923.7,17928.2,17900.6,17921.05,17989833
2021-11-04 19:15:00,17916.8,17916.8,17916.8,17916.8,0
2021-11-08 09:15:00,17997.5,18011.55,17837.7,17871.05,64599596
2021-11-08 09:45:00,17870.4,17880.55,17845.55,17855.15,26744337
2021-11-08 10:15:00,17853.9,17894.95,17836.1,17890.7,21503264
2021-11-08 10:45:00,17890.45,17921.9,17882.9,17918.1,20736332
2021-11-08 11:15:00,17917.55,17927.05,17860.95,17891.35,20758415
2021-11-08 11:45:00,17891.65,17985.55,17891.0,17966.8,20135130
2021-11-08 12:15:00,17967.45,17987.05,17954.6,17983.35,25779235
2021-11-08 12:45:00,17989.8,18040.6,17978.7,18038.5,29144443
2021-11-08 13:15:00,18041.9,18062.6,18007.7,18062.25,19040961
2021-11-08 13:45:00,18062.75,18079.85,18042.45,18067.3,20131696
2021-11-08 14:15:00,18067.55,18078.55,18043.15,18062.5,23001987
2021-11-08 14:45:00,18062.65,18077.65,18038.6,18064.0,27887795
2021-11-08 15:15:00,18064.55,18087.8,18061.0,18068.55,24068326
2021-11-09 09:15:00,18087.9,18112.6,18052.85,18099.45,45119173
2021-11-09 09:45:00,18099.5,18101.65,18039.45,18055.1,27189159
2021-11-09 10:15:00,18054.45,18065.55,18032.35,18051.4,17630354
2021-11-09 10:45:00,18052.5,18053.5,18015.3,18032.4,18053842
2021-11-09 11:15:00,18032.0,18066.85,18021.6,18052.1,23041251
2021-11-09 11:45:00,18052.3,18065.8,18034.75,18043.05,14393308
2021-11-09 12:15:00,18042.75,18050.95,18014.7,18045.4,16592606
2021-11-09 12:45:00,18046.45,18058.35,18037.2,18053.15,14896175
2021-11-09 13:15:00,18053.6,18071.8,17983.05,18021.9,20795641
2021-11-09 13:45:00,18022.15,18034.05,18008.55,18018.05,11649992
2021-11-09 14:15:00,18019.6,18052.8,18018.65,18019.9,12083465
2021-11-09 14:45:00,18019.8,18049.75,17991.35,18043.75,24740196
2021-11-09 15:15:00,18044.95,18064.55,18041.65,18044.25,22506220
2021-11-10 09:15:00,17964.9,17968.2,17915.55,17932.8,46326553
2021-11-10 09:45:00,17932.0,17969.05,17915.0,17960.3,24529021
2021-11-10 10:15:00,17960.85,17969.3,17945.05,17948.1,19933875
2021-11-10 10:45:00,17948.55,17967.55,17939.8,17966.0,19247326
2021-11-10 11:15:00,17967.45,17971.55,17952.7,17965.05,14859613
2021-11-10 11:45:00,17965.1,17969.85,17944.0,17959.95,14551627
2021-11-10 12:15:00,17961.1,17989.95,17956.45,17968.85,14373609
2021-11-10 12:45:00,17969.6,17984.55,17953.5,17984.35,13321952
2021-11-10 13:15:00,17984.4,18037.7,17973.2,18015.25,18632147
2021-11-10 13:45:00,18017.4,18061.25,18017.4,18049.95,18060894
2021-11-10 14:15:00,18049.9,18053.75,18007.8,18008.5,19387282
2021-11-10 14:45:00,18008.55,18031.85,17996.25,18010.85,25611053
2021-11-10 15:15:00,18012.1,18024.7,17999.8,18017.2,20073890
2021-11-11 09:15:00,17971.35,17971.35,17910.55,17926.5,40771813
2021-11-11 09:45:00,17924.95,17950.5,17873.75,17878.1,20163672
2021-11-11 10:15:00,17877.3,17880.05,17826.9,17858.5,21105145
2021-11-11 10:45:00,17857.5,17872.25,17839.5,17845.55,14513035
2021-11-11 11:15:00,17844.95,17867.65,17842.15,17859.7,11034446
2021-11-11 11:45:00,17860.0,17888.0,17849.0,17849.0,14120315
2021-11-11 12:15:00,17848.65,17861.15,17828.45,17836.1,12438610
2021-11-11 12:45:00,17836.5,17885.7,17834.1,17884.05,12011301
2021-11-11 13:15:00,17884.25,17893.4,17859.55,17871.6,11759348
2021-11-11 13:45:00,17871.95,17876.95,17812.8,17819.85,15004447
2021-11-11 14:15:00,17821.35,17853.0,17798.2,17836.95,18177713
2021-11-11 14:45:00,17837.6,17874.6,17822.25,17867.4,22250226
2021-11-11 15:15:00,17868.05,17894.45,17868.05,17873.6,19731301
2021-11-12 09:15:00,17979.65,18000.85,17943.2,17952.35,43905118
2021-11-12 09:45:00,17951.9,17984.1,17949.1,17952.35,18953901
2021-11-12 10:15:00,17951.5,17960.0,17914.1,17928.9,15318968
2021-11-12 10:45:00,17929.35,17939.85,17905.9,17939.3,13989095
2021-11-12 11:15:00,17939.7,17969.5,17935.55,17963.95,11794710
2021-11-12 11:45:00,17964.9,17975.05,17951.0,17961.1,12446910
2021-11-12 12:15:00,17961.05,17991.2,17957.65,17983.55,11017811
2021-11-12 12:45:00,17983.6,18021.65,17980.0,18020.2,13017676
2021-11-12 13:15:00,18021.8,18061.2,18021.1,18054.3,18027933
2021-11-12 13:45:00,18055.5,18093.55,18045.95,18090.55,16076053
2021-11-12 14:15:00,18092.4,18119.2,18075.4,18111.85,23280057
2021-11-12 14:45:00,18112.55,18123.0,18088.5,18096.85,26535195
2021-11-12 15:15:00,18097.3,18112.15,18093.15,18102.75,21047909
2021-11-15 09:15:00,18156.1,18210.15,18140.55,18190.2,65678191
2021-11-15 09:45:00,18189.8,18202.1,18150.1,18157.65,30819951
2021-11-15 10:15:00,18157.0,18164.95,18120.15,18148.45,23497337
2021-11-15 10:45:00,18149.15,18159.8,18132.8,18139.4,17781694
2021-11-15 11:15:00,18139.1,18148.5,18102.55,18102.95,13715395
2021-11-15 11:45:00,18100.65,18119.7,18082.35,18105.1,15634454
2021-11-15 12:15:00,18105.5,18128.15,18099.05,18116.15,10773206
2021-11-15 12:45:00,18116.3,18130.05,18071.3,18083.05,12940012
2021-11-15 13:15:00,18083.6,18124.0,18081.05,18114.75,11188598
2021-11-15 13:45:00,18115.65,18138.9,18096.15,18135.45,14879424
2021-11-15 14:15:00,18135.5,18143.95,18106.9,18128.5,14348784
2021-11-15 14:45:00,18128.7,18129.05,18105.25,18106.45,21821912
2021-11-15 15:15:00,18107.3,18113.0,18086.5,18109.45,22132915
2021-11-16 09:15:00,18132.65,18132.65,18033.4,18045.5,40928925
2021-11-16 09:45:00,18044.6,18086.45,18038.4,18081.75,20303557
2021-11-16 10:15:00,18082.05,18082.6,18052.15,18069.6,21336953
2021-11-16 10:45:00,18069.7,18079.55,18034.6,18037.0,22034928
2021-11-16 11:15:00,18035.95,18066.0,18023.95,18061.95,13079115
2021-11-16 11:45:00,18062.25,18090.1,18048.6,18085.95,13291528
2021-11-16 12:15:00,18084.9,18098.8,18073.4,18082.65,17612669
2021-11-16 12:45:00,18082.55,18119.8,18075.65,18117.8,15753303
2021-11-16 13:15:00,18118.0,18124.15,18092.95,18093.75,14385627
2021-11-16 13:45:00,18094.4,18106.15,18064.5,18068.85,15975366
2021-11-16 14:15:00,18067.15,18067.9,17985.4,18021.1,22356429
2021-11-16 14:45:00,18020.3,18040.4,18001.45,18002.3,23111048
2021-11-16 15:15:00,18003.75,18009.15,17958.8,17999.2,20928942
2021-11-17 09:15:00,17944.35,17982.6,17906.6,17975.1,53038379
2021-11-17 09:45:00,17974.3,17993.6,17952.1,17974.75,33005708
2021-11-17 10:15:00,17973.95,18022.65,17967.3,18012.25,19461153
2021-11-17 10:45:00,18012.9,18014.1,17973.55,18003.8,16059150
2021-11-17 11:15:00,18003.5,18007.0,17976.65,17980.05,12849331
2021-11-17 11:45:00,17979.25,17989.2,17940.95,17955.35,17219683
2021-11-17 12:15:00,17955.25,17965.35,17943.2,17955.75,13555547
2021-11-17 12:45:00,17955.95,17984.5,17930.1,17984.2,18512432
2021-11-17 13:15:00,17984.55,18004.65,17972.9,17992.95,23114718
2021-11-17 13:45:00,17993.55,18009.4,17956.3,17969.1,16968157
2021-11-17 14:15:00,17968.7,17976.45,17948.7,17961.65,18120279
2021-11-17 14:45:00,17961.3,17961.7,17893.65,17894.9,23595882
2021-11-17 15:15:00,17895.05,17900.25,17879.25,17898.65,21168511
2021-11-18 09:15:00,17895.9,17945.6,17838.6,17853.8,48683962
2021-11-18 09:45:00,17854.25,17875.65,17793.05,17794.25,25694401
2021-11-18 10:15:00,17794.6,17794.6,17723.25,17723.4,31478407
2021-11-18 10:45:00,17722.15,17778.9,17719.75,17764.8,17535541
2021-11-18 11:15:00,17764.6,17770.2,17711.55,17712.8,13193736
2021-11-18 11:45:00,17712.3,17741.35,17708.4,17719.9,13060895
2021-11-18 12:15:00,17719.75,17727.9,17688.5,17727.05,16775091
2021-11-18 12:45:00,17727.8,17752.65,17709.65,17745.65,17616206
2021-11-18 13:15:00,17746.65,17807.3,17744.45,17794.0,17610573
2021-11-18 13:45:00,17793.5,17821.6,17771.85,17803.65,14832907
2021-11-18 14:15:00,17803.35,17808.85,17750.3,17779.5,15359384
2021-11-18 14:45:00,17779.1,17832.4,17750.9,17752.65,25109721
2021-11-18 15:15:00,17753.25,17766.5,17737.25,17764.8,20621735
2021-11-22 09:15:00,17805.25,17805.25,17611.35,17652.95,69034870
2021-11-22 09:45:00,17652.3,17686.2,17617.2,17634.45,32372159
2021-11-22 10:15:00,17634.05,17645.2,17563.2,17586.4,27482832
2021-11-22 10:45:00,17587.3,17596.85,17549.15,17549.3,20169345
2021-11-22 11:15:00,17549.65,17596.35,17549.65,17559.0,16982001
2021-11-22 11:45:00,17559.55,17565.2,17429.95,17455.95,22692901
2021-11-22 12:15:00,17458.15,17489.45,17415.45,17485.5,26288467
2021-11-22 12:45:00,17485.8,17510.85,17464.5,17490.7,19033235
2021-11-22 13:15:00,17491.75,17491.75,17397.45,17398.05,15905555
2021-11-22 13:45:00,17397.2,17425.7,17381.6,17395.8,16246625
2021-11-22 14:15:00,17396.0,17396.0,17280.45,17363.15,33363470
2021-11-22 14:45:00,17362.25,17421.8,17337.6,17395.5,30066760
2021-11-22 15:15:00,17397.9,17444.55,17397.9,17416.55,24015860
2021-11-23 09:15:00,17314.5,17410.1,17216.1,17398.3,53595176
2021-11-23 09:45:00,17398.5,17422.6,17338.75,17338.95,34544114
2021-11-23 10:15:00,17339.7,17398.25,17336.85,17377.3,20944984
2021-11-23 10:45:00,17377.1,17395.15,17356.15,17384.6,20480574
2021-11-23 11:15:00,17383.85,17449.0,17359.3,17443.05,22222551
2021-11-23 11:45:00,17441.65,17486.4,17429.05,17455.2,15635387
2021-11-23 12:15:00,17454.1,17461.45,17406.3,17412.15,15049070
2021-11-23 12:45:00,17412.95,17446.55,17397.4,17435.75,16268573
2021-11-23 13:15:00,17436.7,17531.55,17428.2,17513.5,20630122
2021-11-23 13:45:00,17513.55,17535.65,17467.5,17528.7,19085210
2021-11-23 14:15:00,17529.05,17553.7,17513.0,17524.45,21453099
2021-11-23 14:45:00,17525.4,17549.5,17491.45,17504.8,28325690
2021-11-23 15:15:00,17505.15,17507.65,17477.2,17503.35,19818143
2021-11-24 09:15:00,17560.95,17572.35,17485.05,17557.9,51242827
2021-11-24 09:45:00,17557.55,17560.55,17504.75,17529.85,27438359
2021-11-24 10:15:00,17529.3,17575.55,17527.4,17561.8,34002073
2021-11-24 10:45:00,17561.3,17591.8,17556.0,17590.1,18255128
2021-11-24 11:15:00,17590.95,17591.2,17535.65,17548.1,16462264
2021-11-24 11:45:00,17548.75,17575.15,17547.2,17572.05,14841845
2021-11-24 12:15:00,17572.95,17591.25,17563.25,17577.4,16138877
2021-11-24 12:45:00,17578.8,17600.6,17555.8,17582.75,16558570
2021-11-24 13:15:00,17582.15,17599.75,17565.35,17576.3,15004980
2021-11-24 13:45:00,17575.6,17578.4,17523.5,17532.25,17297371
2021-11-24 14:15:00,17532.35,17532.35,17472.65,17474.6,21685920
2021-11-24 14:45:00,17474.65,17490.1,17413.3,17413.8,27628531
2021-11-24 15:15:00,17414.8,17418.0,17354.0,17415.05,20699151
2021-11-25 09:15:00,17421.5,17454.0,17375.05,17419.45,47651679
2021-11-25 09:45:00,17418.85,17418.85,17351.7,17399.75,24012647
2021-11-25 10:15:00,17399.7,17427.3,17378.85,17414.25,14978155
2021-11-25 10:45:00,17415.3,17466.35,17402.35,17466.25,14940850
2021-11-25 11:15:00,17465.3,17505.75,17465.3,17473.4,18901967
2021-11-25 11:45:00,17473.6,17537.4,17473.55,17527.05,15193180
2021-11-25 12:15:00,17526.95,17540.8,17490.5,17495.1,15833917
2021-11-25 12:45:00,17495.05,17523.0,17453.75,17516.95,15388622
2021-11-25 13:15:00,17516.5,17532.55,17483.45,17504.15,14344350
2021-11-25 13:45:00,17503.95,17523.05,17489.15,17508.7,14629857
2021-11-25 14:15:00,17508.25,17548.35,17506.55,17543.4,15296413
2021-11-25 14:45:00,17543.5,17564.35,17509.6,17529.75,24885860
2021-11-25 15:15:00,17530.7,17555.8,17528.45,17536.25,19653678
2021-11-26 09:15:00,17343.9,17355.4,17272.0,17330.6,48840710
2021-11-26 09:45:00,17330.8,17331.65,17217.1,17249.8,33873560
2021-11-26 10:15:00,17250.7,17250.7,17123.55,17137.75,35199748
2021-11-26 10:45:00,17136.7,17165.8,17088.2,17165.55,24941657
2021-11-26 11:15:00,17164.75,17206.45,17138.25,17202.1,20083153
2021-11-26 11:45:00,17202.5,17206.05,17137.1,17148.75,19835553
2021-11-26 12:15:00,17149.45,17179.55,17118.65,17171.65,21654399
2021-11-26 12:45:00,17172.55,17210.1,17171.6,17177.35,16318759
2021-11-26 13:15:00,17177.15,17178.7,17102.75,17115.75,23391633
2021-11-26 13:45:00,17115.9,17136.3,17068.85,17127.7,24225896
2021-11-26 14:15:00,17127.35,17159.4,17081.7,17114.9,21925776
2021-11-26 14:45:00,17115.05,17119.35,16985.7,17018.65,38271577
2021-11-26 15:15:00,17017.1,17041.1,16993.55,17026.45,26533665
2021-11-29 09:15:00,17068.8,17068.8,16782.4,16986.25,92930690
2021-11-29 09:45:00,16985.6,17098.5,16982.55,17086.35,33593001
2021-11-29 10:15:00,17089.0,17099.7,16970.7,17001.4,23634875
2021-11-29 10:45:00,17000.6,17097.95,16980.8,17094.4,20826098
2021-11-29 11:15:00,17094.25,17153.25,17079.05,17133.3,19857906
2021-11-29 11:45:00,17133.4,17160.4,17094.0,17154.55,18266690
2021-11-29 12:15:00,17156.35,17160.7,17118.7,17140.55,13837266
2021-11-29 12:45:00,17141.0,17147.4,17062.35,17089.3,17264997
2021-11-29 13:15:00,17089.1,17149.0,17087.7,17134.85,16109108
2021-11-29 13:45:00,17136.5,17156.9,17110.1,17128.35,16651894
2021-11-29 14:15:00,17128.95,17130.9,17019.45,17085.1,27961252
2021-11-29 14:45:00,17084.3,17096.0,17037.8,17053.55,29414699
2021-11-29 15:15:00,17054.1,17068.3,17037.35,17053.95,20106555
2021-11-30 09:15:00,17075.95,17249.15,17051.05,17246.65,69768052
2021-11-30 09:45:00,17246.4,17279.05,17224.55,17259.0,27651255
2021-11-30 10:15:00,17259.15,17324.65,17243.9,17287.7,25026040
2021-11-30 10:45:00,17286.85,17289.15,17128.95,17145.05,28396235
2021-11-30 11:15:00,17143.75,17143.75,16987.5,17067.15,38669715
2021-11-30 11:45:00,17067.35,17105.35,17027.35,17079.35,20322061
2021-11-30 12:15:00,17079.6,17106.55,17047.7,17082.2,21474025
2021-11-30 12:45:00,17082.7,17143.85,17077.95,17088.9,16236229
2021-11-30 13:15:00,17089.15,17145.05,17076.6,17120.8,15048694
2021-11-30 13:45:00,17122.6,17173.25,17097.45,17148.75,17281213
2021-11-30 14:15:00,17148.6,17172.95,17080.65,17088.9,22832180
2021-11-30 14:45:00,17086.35,17107.65,16970.55,16982.45,100426519
2021-11-30 15:15:00,16981.65,16984.1,16931.4,16983.2,91675510
2021-12-01 09:15:00,17105.05,17202.05,17079.75,17123.85,65832543
2021-12-01 09:45:00,17123.15,17170.35,17103.95,17109.45,30114975
2021-12-01 10:15:00,17109.65,17167.4,17091.75,17156.0,22263677
2021-12-01 10:45:00,17156.75,17208.85,17138.15,17196.15,19125682
2021-12-01 11:15:00,17196.4,17213.05,17173.0,17192.85,16959182
2021-12-01 11:45:00,17193.55,17204.5,17162.0,17167.65,14218009
2021-12-01 12:15:00,17167.95,17175.55,17136.8,17156.5,14302946
2021-12-01 12:45:00,17156.55,17173.45,17130.35,17152.35,13994491
2021-12-01 13:15:00,17153.9,17170.2,17109.5,17132.8,14380648
2021-12-01 13:45:00,17132.4,17143.35,17084.35,17089.9,13761228
2021-12-01 14:15:00,17090.75,17156.35,17064.25,17145.45,21568731
2021-12-01 14:45:00,17146.6,17185.85,17137.15,17166.95,29721952
2021-12-01 15:15:00,17168.0,17188.15,17162.7,17166.9,23139586
2021-12-02 09:15:00,17188.55,17277.45,17149.3,17262.85,52635755
2021-12-02 09:45:00,17263.5,17289.15,17245.45,17286.8,24713321
2021-12-02 10:15:00,17286.7,17296.55,17269.4,17289.0,17718917
2021-12-02 10:45:00,17289.7,17292.3,17258.35,17285.45,17475959
2021-12-02 11:15:00,17285.5,17327.45,17283.7,17310.75,15895880
2021-12-02 11:45:00,17309.15,17318.6,17277.0,17279.1,13907777
2021-12-02 12:15:00,17278.45,17309.4,17274.75,17299.6,13750972
2021-12-02 12:45:00,17300.2,17328.25,17292.15,17320.5,15211217
2021-12-02 13:15:00,17317.35,17332.45,17306.65,17323.05,12780155
2021-12-02 13:45:00,17322.4,17340.85,17280.65,17317.9,14282871
2021-12-02 14:15:00,17317.85,17369.45,17316.0,17359.15,18535969
2021-12-02 14:45:00,17359.4,17404.9,17348.7,17404.1,32486189
2021-12-02 15:15:00,17404.55,17420.35,17399.2,17401.65,26623089
2021-12-03 09:15:00,17433.65,17489.8,17403.95,17421.15,48486366
2021-12-03 09:45:00,17421.8,17457.55,17362.2,17393.05,24982740
2021-12-03 10:15:00,17393.25,17394.75,17351.6,17378.15,38184184
2021-12-03 10:45:00,17378.45,17409.45,17370.2,17406.55,16364666
2021-12-03 11:15:00,17407.8,17417.2,17386.15,17410.65,14516473
2021-12-03 11:45:00,17411.0,17413.95,17371.35,17382.7,14089423
2021-12-03 12:15:00,17382.75,17388.95,17315.95,17315.95,16064906
2021-12-03 12:45:00,17312.75,17330.4,17282.7,17289.55,15315376
2021-12-03 13:15:00,17289.85,17305.05,17257.2,17265.35,13873955
2021-12-03 13:45:00,17265.6,17301.5,17238.85,17238.85,15097366
2021-12-03 14:15:00,17237.75,17253.65,17188.6,17208.85,19617648
2021-12-03 14:45:00,17208.0,17248.85,17180.8,17197.0,32775282
2021-12-03 15:15:00,17197.65,17211.35,17189.2,17196.7,25128570
2021-12-06 09:15:00,17216.75,17216.75,17094.6,17149.75,39504073
2021-12-06 09:45:00,17148.55,17183.05,17116.05,17144.55,21875586
2021-12-06 10:15:00,17144.05,17156.95,17106.1,17151.35,15994791
2021-12-06 10:45:00,17152.05,17162.4,17098.15,17117.55,15631721
2021-12-06 11:15:00,17119.0,17119.0,17057.7,17069.1,17018776
2021-12-06 11:45:00,17069.85,17087.55,17055.4,17056.95,11095412
2021-12-06 12:15:00,17058.25,17077.2,17034.65,17074.75,12555178
2021-12-06 12:45:00,17074.8,17089.35,17059.3,17059.45,13712610
2021-12-06 13:15:00,17059.65,17080.15,17037.35,17049.8,13386654
2021-12-06 13:45:00,17048.15,17057.15,16995.85,16996.2,14390181
2021-12-06 14:15:00,16996.35,17010.2,16936.5,16953.45,22487441
2021-12-06 14:45:00,16954.05,16976.75,16907.85,16908.6,26403444
2021-12-06 15:15:00,16909.85,16918.65,16891.7,16912.25,21318128
2021-12-07 09:15:00,17047.7,17078.65,16987.75,17074.15,36116587
2021-12-07 09:45:00,17073.7,17101.75,17065.2,17091.5,21806489
2021-12-07 10:15:00,17092.0,17137.3,17084.1,17134.1,17406243
2021-12-07 10:45:00,17134.65,17169.75,17127.8,17167.95,18829056
2021-12-07 11:15:00,17167.5,17175.05,17154.45,17165.55,18434376
2021-12-07 11:45:00,17166.5,17196.45,17155.5,17195.45,13623170
2021-12-07 12:15:00,17195.0,17210.65,17177.0,17184.9,12823126
2021-12-07 12:45:00,17185.85,17189.45,17142.0,17187.9,14907563
2021-12-07 13:15:00,17188.2,17228.95,17179.9,17227.55,14969665
2021-12-07 13:45:00,17228.45,17243.45,17216.6,17231.45,12331868
2021-12-07 14:15:00,17232.35,17251.65,17225.4,17230.75,16767781
2021-12-07 14:45:00,17230.2,17236.8,17158.05,17175.55,29848385
2021-12-07 15:15:00,17175.65,17187.25,17170.0,17176.7,22348140
2021-12-08 09:15:00,17319.3,17403.95,17308.95,17402.6,47881735
2021-12-08 09:45:00,17402.25,17424.65,17383.65,17405.8,23834136
2021-12-08 10:15:00,17406.1,17414.95,17353.25,17396.9,20164116
2021-12-08 10:45:00,17396.75,17423.5,17389.65,17409.5,15065850
2021-12-08 11:15:00,17409.25,17436.3,17394.25,17399.7,13159824
2021-12-08 11:45:00,17401.65,17427.7,17400.9,17423.05,13001072
2021-12-08 12:15:00,17423.35,17430.9,17407.2,17417.4,14407181
2021-12-08 12:45:00,17417.65,17435.8,17397.65,17433.0,14814253
2021-12-08 13:15:00,17433.15,17465.25,17429.55,17460.9,16083092
2021-12-08 13:45:00,17461.6,17470.35,17441.4,17453.9,13477558
2021-12-08 14:15:00,17453.6,17469.6,17431.25,17457.95,16036702
2021-12-08 14:45:00,17456.4,17484.6,17448.75,17472.45,26718691
2021-12-08 15:15:00,17473.9,17474.3,17459.05,17469.75,21109374
2021-12-09 09:15:00,17534.65,17543.25,17423.2,17472.4,37129807
2021-12-09 09:45:00,17472.5,17472.5,17408.7,17411.85,18520289
2021-12-09 10:15:00,17412.45,17423.35,17379.6,17423.35,14029659
2021-12-09 10:45:00,17423.9,17448.15,17409.8,17429.6,13405550
2021-12-09 11:15:00,17429.35,17446.75,17409.6,17427.4,10846746
2021-12-09 11:45:00,17428.3,17472.8,17418.8,17472.05,12186734
2021-12-09 12:15:00,17473.45,17511.0,17467.65,17496.45,16555598
2021-12-09 12:45:00,17497.75,17537.0,17497.75,17530.9,12805302
2021-12-09 13:15:00,17531.85,17535.45,17471.2,17479.45,15589857
2021-12-09 13:45:00,17480.35,17508.55,17470.7,17484.1,19039522
2021-12-09 14:15:00,17484.3,17490.35,17445.6,17466.0,20894140
2021-12-09 14:45:00,17466.2,17527.25,17458.65,17517.0,24330255
2021-12-09 15:15:00,17517.15,17523.75,17500.9,17516.85,19149595
2021-12-10 09:15:00,17496.85,17534.35,17434.8,17476.05,43859457
2021-12-10 09:45:00,17474.75,17497.15,17436.9,17442.95,19582805
2021-12-10 10:15:00,17442.6,17483.9,17433.45,17475.1,13272801
2021-12-10 10:45:00,17474.85,17486.5,17457.45,17461.1,9881324
2021-12-10 11:15:00,17462.0,17471.5,17450.6,17459.25,8502701
2021-12-10 11:45:00,17459.8,17477.75,17438.25,17443.1,14530784
2021-12-10 12:15:00,17444.4,17451.4,17411.0,17415.25,13073783
2021-12-10 12:45:00,17415.55,17431.4,17405.25,17420.6,8765767
2021-12-10 13:15:00,17420.8,17448.25,17406.85,17440.4,11627212
2021-12-10 13:45:00,17441.5,17473.5,17428.6,17462.15,10381890
2021-12-10 14:15:00,17462.0,17494.0,17442.0,17488.95,11932102
2021-12-10 14:45:00,17489.15,17523.25,17480.85,17522.35,20303467
2021-12-10 15:15:00,17522.9,17530.45,17493.3,17511.3,15871330
2021-12-13 09:15:00,17621.65,17639.5,17600.75,17625.95,35652602
2021-12-13 09:45:00,17626.3,17639.25,17607.1,17615.5,23914867
2021-12-13 10:15:00,17615.6,17619.95,17572.25,17600.65,16241362
2021-12-13 10:45:00,17600.35,17600.75,17566.95,17567.4,15483561
2021-12-13 11:15:00,17568.25,17576.4,17546.0,17562.35,17347434
2021-12-13 11:45:00,17562.3,17563.55,17533.3,17550.6,15574288
2021-12-13 12:15:00,17548.8,17552.8,17442.35,17457.2,18697049
2021-12-13 12:45:00,17457.8,17458.35,17371.1,17393.65,18506470
2021-12-13 13:15:00,17390.6,17448.9,17383.55,17428.05,12988309
2021-12-13 13:45:00,17429.35,17431.1,17359.0,17365.1,13612101
2021-12-13 14:15:00,17365.45,17413.6,17357.9,17404.1,13391795
2021-12-13 14:45:00,17403.7,17421.8,17355.95,17366.1,27638776
2021-12-13 15:15:00,17367.8,17386.15,17358.65,17368.25,24956056
2021-12-14 09:15:00,17300.55,17343.0,17242.75,17310.95,46450446
2021-12-14 09:45:00,17311.45,17341.5,17267.85,17279.2,25233692
2021-12-14 10:15:00,17280.95,17280.95,17243.55,17251.3,16554874
2021-12-14 10:45:00,17250.5,17269.8,17225.8,17268.95,19310266
2021-12-14 11:15:00,17269.95,17303.95,17257.4,17268.3,13483010
2021-12-14 11:45:00,17268.85,17347.85,17261.75,17339.7,21092782
2021-12-14 12:15:00,17340.35,17344.9,17301.35,17327.2,15208210
2021-12-14 12:45:00,17328.2,17363.5,17316.8,17347.95,18123764
2021-12-14 13:15:00,17349.4,17376.2,17316.7,17353.85,13238211
2021-12-14 13:45:00,17354.85,17357.5,17280.95,17296.6,14657734
2021-12-14 14:15:00,17295.75,17296.7,17259.95,17287.65,14402476
2021-12-14 14:45:00,17288.0,17333.35,17274.35,17321.75,29113680
2021-12-14 15:15:00,17322.15,17339.65,17306.8,17324.9,25274030
2021-12-15 09:15:00,17338.1,17351.2,17248.9,17257.4,41987250
2021-12-15 09:45:00,17256.45,17267.5,17227.35,17255.2,14862679
2021-12-15 10:15:00,17255.75,17255.75,17192.2,17208.35,14631791
2021-12-15 10:45:00,17208.5,17235.2,17201.35,17224.9,15444295
2021-12-15 11:15:00,17224.25,17287.4,17221.9,17256.45,12149514
2021-12-15 11:45:00,17256.6,17265.15,17225.25,17247.25,10208678
2021-12-15 12:15:00,17247.4,17258.35,17215.6,17224.75,12819691
2021-12-15 12:45:00,17224.9,17246.65,17206.8,17240.3,13711395
2021-12-15 13:15:00,17240.5,17266.65,17232.4,17265.8,9984407
2021-12-15 13:45:00,17265.4,17292.75,17251.85,17282.9,12643043
2021-12-15 14:15:00,17283.55,17314.3,17269.8,17300.55,14113293
2021-12-15 14:45:00,17301.6,17305.6,17220.8,17220.8,21528913
2021-12-15 15:15:00,17220.55,17221.65,17200.35,17221.4,16936005
2021-12-16 09:15:00,17375.9,17379.35,17282.9,17300.2,36708314
2021-12-16 09:45:00,17301.05,17308.4,17239.2,17267.4,23720889
2021-12-16 10:15:00,17267.35,17284.8,17252.9,17272.8,13547777
2021-12-16 10:45:00,17273.35,17299.7,17273.15,17280.75,12711391
2021-12-16 11:15:00,17281.65,17294.55,17223.0,17242.95,13811937
2021-12-16 11:45:00,17242.35,17258.6,17208.15,17220.85,11542890
2021-12-16 12:15:00,17220.35,17244.1,17195.9,17221.1,11786314
2021-12-16 12:45:00,17220.0,17282.2,17213.9,17247.45,15047842
2021-12-16 13:15:00,17246.7,17269.0,17232.25,17259.35,10398354
2021-12-16 13:45:00,17258.3,17276.05,17216.95,17222.8,10942809
2021-12-16 14:15:00,17221.9,17246.0,17188.7,17193.2,16098115
2021-12-16 14:45:00,17191.85,17241.55,17184.95,17236.85,24347087
2021-12-16 15:15:00,17237.15,17287.95,17237.15,17248.4,22834760
2021-12-17 09:15:00,17298.15,17298.15,17126.65,17140.2,50613532
2021-12-17 09:45:00,17139.6,17153.1,17058.65,17105.8,33078578
2021-12-17 10:15:00,17105.15,17105.15,17029.7,17037.4,23842986
2021-12-17 10:45:00,17037.35,17054.65,17008.3,17037.3,19567760
2021-12-17 11:15:00,17037.45,17065.2,17021.25,17030.85,14759564
2021-12-17 11:45:00,17030.65,17035.1,16992.05,17011.05,15308760
2021-12-17 12:15:00,17011.7,17028.3,16996.7,17000.0,14334432
2021-12-17 12:45:00,17000.85,17073.45,16999.65,17049.55,15156430
2021-12-17 13:15:00,17049.75,17080.4,17049.75,17061.95,13070522
2021-12-17 13:45:00,17062.35,17107.65,17050.9,17075.45,17027960
2021-12-17 14:15:00,17076.2,17077.9,16999.4,17009.45,21444171
2021-12-17 14:45:00,17009.65,17020.7,16966.45,16981.55,70476018
2021-12-17 15:15:00,16981.95,16999.75,16970.7,16985.2,52045292
2021-12-20 09:15:00,16840.1,16840.1,16635.9,16655.15,62292432
2021-12-20 09:45:00,16652.35,16677.45,16585.5,16600.9,30635671
2021-12-20 10:15:00,16600.8,16630.35,16566.8,16618.25,28275162
2021-12-20 10:45:00,16618.55,16629.65,16571.5,16593.05,20293957
2021-12-20 11:15:00,16592.55,16600.25,16544.15,16563.5,18768489
2021-12-20 11:45:00,16562.1,16577.55,16537.35,16546.7,16328664
2021-12-20 12:15:00,16546.25,16546.35,16470.1,16499.9,19764742
2021-12-20 12:45:00,16500.05,16500.05,16410.2,16444.85,25006820
2021-12-20 13:15:00,16445.6,16543.55,16443.85,16508.95,21110877
2021-12-20 13:45:00,16509.4,16557.15,16489.95,16524.0,18962592
2021-12-20 14:15:00,16523.3,16586.65,16523.05,16548.75,19143508
2021-12-20 14:45:00,16547.8,16629.35,16537.7,16619.1,28246198
2021-12-20 15:15:00,16620.0,16634.55,16607.35,16614.2,23627086
2021-12-21 09:15:00,16782.2,16839.45,16722.95,16789.95,42734135
2021-12-21 09:45:00,16790.7,16839.1,16782.6,16810.7,19947523
2021-12-21 10:15:00,16809.8,16873.0,16809.8,16872.35,14405882
2021-12-21 10:45:00,16873.95,16903.25,16864.3,16881.3,12937023
2021-12-21 11:15:00,16882.95,16890.55,16855.8,16889.65,11279041
2021-12-21 11:45:00,16890.1,16928.9,16889.95,16926.75,14822180
2021-12-21 12:15:00,16927.45,16936.4,16887.9,16932.7,14918147
2021-12-21 12:45:00,16932.5,16935.25,16873.3,16887.85,12689486
2021-12-21 13:15:00,16884.95,16902.05,16863.95,16872.1,13010989
2021-12-21 13:45:00,16872.0,16882.0,16786.4,16792.95,16306639
2021-12-21 14:15:00,16792.85,16792.85,16688.25,16750.2,23465739
2021-12-21 14:45:00,16749.5,16803.85,16742.4,16776.6,24377870
2021-12-21 15:15:00,16777.45,16788.9,16767.25,16770.85,17136997
2021-12-22 09:15:00,16869.75,16910.35,16839.3,16890.35,38620188
2021-12-22 09:45:00,16890.65,16920.35,16865.55,16884.0,18197495
2021-12-22 10:15:00,16884.15,16885.7,16819.5,16840.2,15545063
2021-12-22 10:45:00,16840.8,16885.4,16828.0,16868.25,12564876
2021-12-22 11:15:00,16868.6,16884.75,16859.6,16873.55,10409600
2021-12-22 11:45:00,16873.6,16904.3,16868.3,16878.15,10410049
2021-12-22 12:15:00,16878.35,16897.8,16869.7,16897.65,9231929
2021-12-22 12:45:00,16898.25,16917.35,16874.2,16875.05,12434750
2021-12-22 13:15:00,16874.6,16902.35,16859.15,16895.4,11422868
2021-12-22 13:45:00,16895.0,16895.8,16850.6,16877.5,11467367
2021-12-22 14:15:00,16878.25,16907.55,16869.35,16901.2,13480015
2021-12-22 14:45:00,16902.3,16962.1,16901.7,16947.65,21813898
2021-12-22 15:15:00,16947.15,16971.0,16946.2,16955.45,19479459
2021-12-23 09:15:00,17069.7,17095.75,17031.75,17091.5,32740298
2021-12-23 09:45:00,17090.75,17107.85,17055.95,17057.65,17931500
2021-12-23 10:15:00,17057.2,17065.5,17032.8,17051.65,13851288
2021-12-23 10:45:00,17051.0,17066.0,17039.55,17040.85,13094460
2021-12-23 11:15:00,17041.0,17048.95,17015.55,17042.4,10641822
2021-12-23 11:45:00,17042.8,17076.05,17042.8,17070.05,10304975
2021-12-23 12:15:00,17070.0,17091.95,17068.7,17088.55,10215795
2021-12-23 12:45:00,17088.9,17090.35,17074.3,17085.9,10113577
2021-12-23 13:15:00,17085.95,17118.65,17062.25,17067.6,14055010
2021-12-23 13:45:00,17068.15,17079.1,17046.5,17049.75,11194489
2021-12-23 14:15:00,17049.3,17078.15,17041.85,17061.8,12181612
2021-12-23 14:45:00,17061.95,17095.25,17049.05,17087.5,21481788
2021-12-23 15:15:00,17088.2,17089.35,17043.35,17072.6,20091888
2021-12-24 09:15:00,17155.6,17155.6,16977.15,16984.65,41793613
2021-12-24 09:45:00,16982.5,17021.35,16925.15,16944.7,20328666
2021-12-24 10:15:00,16945.95,16963.15,16909.6,16932.6,14042224
2021-12-24 10:45:00,16931.8,16977.55,16923.55,16968.1,11373357
2021-12-24 11:15:00,16967.6,16974.9,16925.35,16948.85,8945006
2021-12-24 11:45:00,16949.15,16990.4,16938.75,16988.2,8279342
2021-12-24 12:15:00,16988.95,16989.45,16939.5,16951.2,9866962
2021-12-24 12:45:00,16951.35,16970.2,16939.15,16943.5,7645620
2021-12-24 13:15:00,16943.75,17001.5,16941.5,16996.65,8932034
2021-12-24 13:45:00,16997.0,17046.35,16983.25,17041.3,9698049
2021-12-24 14:15:00,17042.5,17061.55,17023.05,17056.05,12134709
2021-12-24 14:45:00,17055.7,17068.15,16983.35,17002.7,18139025
2021-12-24 15:15:00,17003.9,17016.1,16994.0,17003.75,13288383
2021-12-27 09:15:00,16949.05,16960.25,16833.2,16912.5,27711874
2021-12-27 09:45:00,16910.65,16994.35,16901.75,16963.65,13657920
2021-12-27 10:15:00,16965.55,17018.75,16953.8,17015.55,10849404
2021-12-27 10:45:00,17016.2,17037.5,16973.15,17011.65,11118551
2021-12-27 11:15:00,17012.05,17013.4,16990.6,17003.3,7147568
2021-12-27 11:45:00,17003.8,17029.5,17003.6,17020.9,7710061
2021-12-27 12:15:00,17021.75,17062.5,17020.2,17060.25,9774651
2021-12-27 12:45:00,17062.6,17072.3,17031.4,17040.45,7497345
2021-12-27 13:15:00,17041.2,17095.35,17034.9,17083.1,7909672
2021-12-27 13:45:00,17084.15,17093.9,17059.6,17079.95,7882097
2021-12-27 14:15:00,17081.1,17091.45,17046.95,17086.5,9248360
2021-12-27 14:45:00,17087.5,17112.05,17069.4,17087.45,13636078
2021-12-27 15:15:00,17087.9,17101.95,17079.35,17086.25,12406330
2021-12-28 09:15:00,17185.8,17220.7,17163.65,17189.05,25625046
2021-12-28 09:45:00,17190.45,17210.3,17175.1,17208.0,13060078
2021-12-28 10:15:00,17207.3,17211.15,17169.1,17191.05,12440057
2021-12-28 10:45:00,17191.35,17209.75,17187.4,17207.15,10513558
2021-12-28 11:15:00,17206.75,17230.45,17206.75,17214.9,10636362
2021-12-28 11:45:00,17214.6,17239.15,17211.05,17238.5,8181059
2021-12-28 12:15:00,17239.35,17246.55,17229.0,17241.85,9140258
2021-12-28 12:45:00,17242.2,17243.3,17205.35,17212.3,9185121
2021-12-28 13:15:00,17211.85,17222.95,17200.7,17214.75,7839791
2021-12-28 13:45:00,17215.0,17242.75,17214.45,17234.45,22321462
2021-12-28 14:15:00,17235.7,17250.25,17183.3,17191.6,15764907
2021-12-28 14:45:00,17191.9,17239.65,17161.15,17239.1,17860826
2021-12-28 15:15:00,17239.25,17242.65,17231.25,17233.25,12911905
2021-12-29 09:15:00,17222.95,17267.2,17180.95,17263.5,24396040
2021-12-29 09:45:00,17265.15,17285.95,17251.95,17252.65,14147692
2021-12-29 10:15:00,17251.65,17260.95,17210.5,17250.8,14039621
2021-12-29 10:45:00,17250.45,17251.05,17201.3,17221.7,10202531
2021-12-29 11:15:00,17221.55,17237.15,17214.0,17216.65,8172422
2021-12-29 11:45:00,17217.4,17227.65,17209.25,17210.25,6838027
2021-12-29 12:15:00,17210.45,17218.05,17197.4,17216.45,8206280
2021-12-29 12:45:00,17216.95,17237.65,17214.6,17230.1,7763151
2021-12-29 13:15:00,17230.45,17244.95,17225.65,17235.4,7369531
2021-12-29 13:45:00,17236.8,17244.9,17220.3,17244.85,8968691
2021-12-29 14:15:00,17246.3,17253.3,17226.8,17246.4,11764737
2021-12-29 14:45:00,17246.5,17255.8,17217.9,17217.9,21212497
2021-12-29 15:15:00,17217.55,17221.9,17176.65,17213.6,18487681
2021-12-30 09:15:00,17204.85,17223.0,17146.35,17220.3,27169883
2021-12-30 09:45:00,17221.45,17248.4,17213.65,17247.6,12857185
2021-12-30 10:15:00,17247.95,17264.05,17240.45,17240.45,13173965
2021-12-30 10:45:00,17240.9,17248.0,17230.3,17230.65,11093139
2021-12-30 11:15:00,17230.4,17236.4,17206.0,17207.15,10914912
2021-12-30 11:45:00,17208.45,17240.15,17207.65,17232.55,9169405
2021-12-30 12:15:00,17233.35,17249.4,17228.25,17242.95,8851314
2021-12-30 12:45:00,17244.3,17258.55,17228.5,17251.5,10520813
2021-12-30 13:15:00,17252.65,17253.0,17227.1,17238.65,9624128
2021-12-30 13:45:00,17238.85,17249.95,17219.65,17222.65,8568093
2021-12-30 14:15:00,17223.5,17234.05,17209.05,17216.85,19554947
2021-12-30 14:45:00,17217.3,17226.45,17179.6,17211.0,99102032
2021-12-30 15:15:00,17209.4,17235.15,17197.8,17203.95,80060186
2021-12-31 09:15:00,17247.2,17351.45,17238.5,17340.15,30986549
2021-12-31 09:45:00,17340.6,17359.1,17323.05,17350.15,15316790
2021-12-31 10:15:00,17350.65,17359.3,17327.2,17341.9,12072993
2021-12-31 10:45:00,17341.35,17351.85,17325.25,17351.2,9849636
2021-12-31 11:15:00,17350.35,17362.65,17340.55,17356.75,8933649
2021-12-31 11:45:00,17357.65,17367.8,17353.05,17359.15,9478372
2021-12-31 12:15:00,17359.8,17383.3,17352.7,17380.75,7055540
2021-12-31 12:45:00,17381.7,17400.8,17379.0,17396.85,7254864
2021-12-31 13:15:00,17397.05,17400.55,17375.75,17376.9,7157911
2021-12-31 13:45:00,17377.7,17389.35,17342.85,17354.3,8781090
2021-12-31 14:15:00,17354.95,17371.2,17343.3,17368.55,9428907
2021-12-31 14:45:00,17368.75,17377.25,17341.85,17351.4,19219732
2021-12-31 15:15:00,17352.25,17365.45,17350.1,17354.05,18353460
2022-01-03 09:15:00,17393.2,17478.6,17383.3,17463.1,70123752
2022-01-03 09:45:00,17463.7,17502.25,17461.0,17499.45,36014422
2022-01-03 10:15:00,17498.6,17526.8,17488.0,17510.45,28351692
2022-01-03 10:45:00,17510.0,17528.6,17506.6,17528.35,22891086
2022-01-03 11:15:00,17528.65,17533.25,17512.0,17527.9,18878014
2022-01-03 11:45:00,17527.65,17534.1,17516.45,17523.7,16753726
2022-01-03 12:15:00,17524.55,17579.2,17524.5,17566.5,20268888
2022-01-03 12:45:00,17567.55,17579.3,17561.85,17575.85,18574258
2022-01-03 13:15:00,17576.85,17588.4,17567.95,17576.55,19939182
2022-01-03 13:45:00,17576.7,17614.2,17576.1,17611.5,22699512
2022-01-03 14:15:00,17611.55,17646.65,17607.15,17634.05,34222180
2022-01-03 14:45:00,17634.35,17638.35,17604.8,17622.15,46879670
2022-01-03 15:15:00,17622.6,17640.55,17617.7,17625.7,39103550
2022-01-04 09:15:00,17681.5,17715.45,17593.55,17657.85,104227846
2022-01-04 09:45:00,17659.0,17723.1,17655.0,17722.45,47605576
2022-01-04 10:15:00,17723.4,17733.65,17693.8,17695.7,44374154
2022-01-04 10:45:00,17694.55,17717.1,17682.0,17691.45,30907514
2022-01-04 11:15:00,17691.3,17711.15,17665.2,17709.8,27955226
2022-01-04 11:45:00,17709.85,17733.35,17701.1,17732.65,19693000
2022-01-04 12:15:00,17733.75,17742.7,17717.65,17739.55,21657048
2022-01-04 12:45:00,17739.95,17743.95,17707.15,17712.4,21959640
2022-01-04 13:15:00,17712.7,17721.65,17678.1,17678.1,26383110
2022-01-04 13:45:00,17678.9,17730.8,17669.95,17725.4,25387178
2022-01-04 14:15:00,17726.85,17771.55,17725.75,17769.8,28970606
2022-01-04 14:45:00,17771.9,17798.95,17765.5,17798.2,47160728
2022-01-04 15:15:00,17799.05,17827.6,17793.55,17805.25,40373754
2022-01-05 09:15:00,17823.15,17829.65,17748.85,17796.4,98025206
2022-01-05 09:45:00,17796.05,17854.1,17795.45,17845.7,48094412
2022-01-05 10:15:00,17847.65,17853.45,17814.55,17822.7,37236666
2022-01-05 10:45:00,17822.5,17823.8,17789.25,17798.35,30759826
2022-01-05 11:15:00,17798.85,17851.6,17792.05,17838.25,27354200
2022-01-05 11:45:00,17838.5,17865.2,17822.7,17863.05,20336710
2022-01-05 12:15:00,17864.05,17896.7,17859.4,17892.2,30711698
2022-01-05 12:45:00,17893.3,17926.45,17884.05,17925.5,26407464
2022-01-05 13:15:00,17925.1,17934.7,17879.75,17925.75,28280172
2022-01-05 13:45:00,17926.25,17933.3,17906.5,17912.05,28428628
2022-01-05 14:15:00,17912.15,17940.65,17911.0,17925.65,35786326
2022-01-05 14:45:00,17926.65,17944.7,17887.7,17935.4,52045882
2022-01-05 15:15:00,17934.65,17935.85,17906.75,17925.25,41476426
2022-01-06 09:15:00,17775.8,17797.95,17671.95,17726.55,94326288
2022-01-06 09:45:00,17726.0,17737.05,17700.3,17723.5,37558530
2022-01-06 10:15:00,17723.05,17727.15,17667.8,17672.5,29933366
2022-01-06 10:45:00,17672.25,17694.55,17661.75,17679.6,24337332
2022-01-06 11:15:00,17679.35,17706.6,17675.75,17696.0,34855656
2022-01-06 11:45:00,17696.55,17702.9,17663.3,17677.85,30585908
2022-01-06 12:15:00,17680.0,17691.3,17655.55,17691.3,28092820
2022-01-06 12:45:00,17691.8,17720.15,17689.5,17711.85,28219112
2022-01-06 13:15:00,17713.0,17757.2,17688.95,17737.9,25480618
2022-01-06 13:45:00,17738.45,17743.5,17702.8,17728.2,25969106
2022-01-06 14:15:00,17728.9,17790.75,17725.95,17780.45,34515946
2022-01-06 14:45:00,17780.65,17782.1,17731.65,17739.85,41916628
2022-01-06 15:15:00,17739.8,17755.3,17728.55,17745.9,36988602
2022-01-07 09:15:00,17802.7,17891.95,17787.7,17886.85,84471408
2022-01-07 09:45:00,17886.9,17898.0,17875.2,17885.1,38115636
2022-01-07 10:15:00,17885.4,17905.0,17872.2,17882.5,27139528
2022-01-07 10:45:00,17882.05,17884.85,17823.65,17825.05,32053284
2022-01-07 11:15:00,17824.45,17855.15,17819.75,17833.9,25178592
2022-01-07 11:45:00,17834.9,17836.5,17778.15,17794.6,29911510
2022-01-07 12:15:00,17796.0,17802.2,17728.05,17728.65,29691568
2022-01-07 12:45:00,17728.5,17774.8,17704.55,17765.85,33384666
2022-01-07 13:15:00,17766.05,17796.1,17746.35,17792.5,21515214
2022-01-07 13:45:00,17793.6,17799.95,17749.55,17749.55,23193420
2022-01-07 14:15:00,17750.15,17791.85,17740.1,17777.7,27280202
2022-01-07 14:45:00,17778.55,17818.2,17761.8,17810.2,50665014
2022-01-07 15:15:00,17810.4,17829.5,17805.45,17812.7,50644740
2022-01-10 09:15:00,17923.1,17955.6,17879.15,17914.05,78995930
2022-01-10 09:45:00,17913.9,17969.8,17912.05,17967.6,42341048
2022-01-10 10:15:00,17967.1,17978.15,17939.9,17940.75,33079420
2022-01-10 10:45:00,17941.9,17977.55,17940.7,17961.8,34967540
2022-01-10 11:15:00,17961.75,17965.75,17929.8,17936.5,24064300
2022-01-10 11:45:00,17936.2,17942.2,17901.05,17938.95,27954088
2022-01-10 12:15:00,17939.65,17964.1,17936.5,17962.75,22561238
2022-01-10 12:45:00,17962.95,17978.65,17952.95,17963.35,26327362
2022-01-10 13:15:00,17963.95,17973.5,17949.35,17972.7,23261920
2022-01-10 13:45:00,17973.75,17981.45,17953.05,17964.5,26369118
2022-01-10 14:15:00,17964.05,17978.95,17960.25,17975.25,24231732
2022-01-10 14:45:00,17975.5,18009.75,17975.05,18004.7,50784292
2022-01-10 15:15:00,18004.3,18017.45,17998.2,18003.3,46610420
2022-01-11 09:15:00,18006.05,18053.9,17969.6,17990.95,86885910
2022-01-11 09:45:00,17990.45,18023.35,17978.3,17991.95,37328926
2022-01-11 10:15:00,17991.9,18044.55,17964.4,18043.4,29782318
2022-01-11 10:45:00,18043.9,18044.9,18019.7,18035.6,21882352
2022-01-11 11:15:00,18035.4,18059.15,18030.8,18040.1,22704138
2022-01-11 11:45:00,18039.9,18055.45,18022.95,18028.55,21610920
2022-01-11 12:15:00,18028.45,18044.2,18023.5,18042.25,23327536
2022-01-11 12:45:00,18042.45,18065.2,18033.85,18064.15,20248658
2022-01-11 13:15:00,18065.25,18081.25,18051.0,18068.75,25788888
2022-01-11 13:45:00,18069.1,18069.8,18036.45,18065.55,28397610
2022-01-11 14:15:00,18065.25,18079.0,18002.4,18023.7,33741240
2022-01-11 14:45:00,18024.15,18067.55,18007.3,18058.45,45526798
2022-01-11 15:15:00,18058.3,18064.35,18045.95,18055.75,38248782
2022-01-12 09:15:00,18170.5,18184.6,18128.8,18170.7,73871838
2022-01-12 09:45:00,18171.8,18175.45,18147.35,18155.1,44358160
2022-01-12 10:15:00,18155.2,18190.7,18143.1,18190.35,39462520
2022-01-12 10:45:00,18190.8,18202.0,18181.5,18196.6,28328830
2022-01-12 11:15:00,18196.85,18221.3,18184.15,18209.25,34522212
2022-01-12 11:45:00,18208.9,18212.4,18184.2,18194.05,31662428
2022-01-12 12:15:00,18193.8,18198.6,18181.35,18185.95,27787596
2022-01-12 12:45:00,18186.5,18198.15,18176.2,18185.3,25513790
2022-01-12 13:15:00,18186.45,18199.1,18161.95,18194.3,26554928
2022-01-12 13:45:00,18194.15,18195.6,18158.75,18170.4,28165684
2022-01-12 14:15:00,18171.6,18201.15,18162.05,18201.15,27073888
2022-01-12 14:45:00,18201.5,18227.95,18185.85,18215.1,50689912
2022-01-12 15:15:00,18216.25,18217.6,18192.95,18212.35,41694646
2022-01-13 09:15:00,18258.85,18272.25,18201.75,18265.65,119684290
2022-01-13 09:45:00,18264.45,18270.95,18187.15,18197.0,76624856
2022-01-13 10:15:00,18197.2,18219.15,18163.8,18190.65,50634460
2022-01-13 10:45:00,18188.8,18228.25,18187.55,18215.95,41182790
2022-01-13 11:15:00,18216.65,18238.0,18215.1,18232.0,26917316
2022-01-13 11:45:00,18232.85,18252.85,18230.95,18250.1,26612410
2022-01-13 12:15:00,18250.4,18256.15,18216.3,18227.8,24950340
2022-01-13 12:45:00,18228.0,18235.75,18204.0,18214.55,22704902
2022-01-13 13:15:00,18214.85,18229.85,18183.65,18229.2,31315914
2022-01-13 13:45:00,18228.95,18245.05,18216.65,18216.85,36128644
2022-01-13 14:15:00,18217.65,18228.7,18203.9,18220.6,34702494
2022-01-13 14:45:00,18220.4,18269.5,18211.0,18269.15,56720376
2022-01-13 15:15:00,18269.2,18269.8,18255.25,18257.8,44899308
2022-01-14 09:15:00,18197.65,18228.35,18119.65,18224.65,87139646
2022-01-14 09:45:00,18224.7,18232.1,18184.05,18202.55,47094846
2022-01-14 10:15:00,18201.5,18217.2,18153.7,18167.15,30445992
2022-01-14 10:45:00,18165.75,18192.75,18164.35,18185.95,27875816
2022-01-14 11:15:00,18186.2,18186.2,18141.65,18168.95,27530072
2022-01-14 11:45:00,18170.55,18197.9,18170.05,18195.9,25811580
2022-01-14 12:15:00,18196.3,18215.35,18179.85,18210.45,25387410
2022-01-14 12:45:00,18211.2,18226.5,18203.6,18218.45,22767890
2022-01-14 13:15:00,18220.45,18230.8,18210.75,18226.6,20172262
2022-01-14 13:45:00,18227.55,18251.35,18219.4,18227.15,23061572
2022-01-14 14:15:00,18227.8,18244.1,18217.5,18237.1,22358984
2022-01-14 14:45:00,18237.4,18286.95,18236.35,18255.0,40908830
2022-01-14 15:15:00,18256.7,18258.8,18233.15,18255.75,34156568
2022-01-17 09:15:00,18246.15,18304.45,18228.75,18262.25,105538482
2022-01-17 09:45:00,18261.35,18290.5,18237.05,18288.5,72513590
2022-01-17 10:15:00,18289.15,18294.55,18269.85,18287.55,35005060
2022-01-17 10:45:00,18287.05,18312.9,18285.7,18299.95,30766366
2022-01-17 11:15:00,18299.1,18313.85,18280.7,18290.55,27511472
2022-01-17 11:45:00,18291.4,18313.4,18286.5,18295.5,26652532
2022-01-17 12:15:00,18295.3,18303.75,18278.05,18297.45,24703786
2022-01-17 12:45:00,18297.8,18304.7,18279.95,18295.75,27276250
2022-01-17 13:15:00,18296.95,18302.45,18267.15,18267.35,31685390
2022-01-17 13:45:00,18267.6,18309.25,18260.65,18298.35,28739188
2022-01-17 14:15:00,18299.25,18321.55,18292.0,18300.9,31247688
2022-01-17 14:45:00,18301.35,18316.6,18295.45,18304.15,44690864
2022-01-17 15:15:00,18304.6,18314.8,18301.7,18308.1,41671492
2022-01-18 09:15:00,18348.95,18350.95,18246.7,18256.35,80927388
2022-01-18 09:45:00,18256.55,18288.95,18205.15,18236.1,45319420
2022-01-18 10:15:00,18234.2,18242.0,18186.2,18234.05,28246274
2022-01-18 10:45:00,18233.95,18244.0,18222.0,18235.7,22442096
2022-01-18 11:15:00,18236.05,18268.7,18234.7,18260.5,19811130
2022-01-18 11:45:00,18259.65,18263.35,18247.05,18255.8,15769842
2022-01-18 12:15:00,18257.05,18271.65,18254.8,18264.7,17053520
2022-01-18 12:45:00,18264.85,18317.85,18260.0,18310.25,27680116
2022-01-18 13:15:00,18310.4,18318.05,18276.6,18278.45,29103368
2022-01-18 13:45:00,18278.8,18285.9,18246.15,18280.75,25540336
2022-01-18 14:15:00,18281.05,18282.2,18195.85,18212.4,45788704
2022-01-18 14:45:00,18211.65,18211.65,18088.0,18096.55,62426220
2022-01-18 15:15:00,18097.3,18133.7,18085.9,18113.05,34871362
2022-01-19 09:15:00,18120.45,18121.1,17950.25,17964.85,117114622
2022-01-19 09:45:00,17964.9,18054.9,17961.3,18038.7,55532308
2022-01-19 10:15:00,18039.6,18065.2,17989.15,18021.2,40456986
2022-01-19 10:45:00,18021.1,18028.9,17968.05,17976.15,29428176
2022-01-19 11:15:00,17976.8,17991.85,17941.7,17978.85,25627588
2022-01-19 11:45:00,17979.65,17996.85,17959.15,17959.5,32764708
2022-01-19 12:15:00,17959.7,17974.35,17890.5,17899.5,31460538
2022-01-19 12:45:00,17900.05,17933.95,17884.9,17926.8,37631876
2022-01-19 13:15:00,17926.65,17937.1,17886.6,17908.9,32273520
2022-01-19 13:45:00,17909.3,17931.45,17886.6,17926.75,27650234
2022-01-19 14:15:00,17926.8,17960.95,17895.55,17952.85,39806068
2022-01-19 14:45:00,17955.3,17959.95,17920.95,17945.25,55616554
2022-01-19 15:15:00,17944.7,17949.4,17923.9,17938.4,44952470
2022-01-20 09:15:00,17943.7,17943.7,17858.65,17910.65,78237134
2022-01-20 09:45:00,17910.5,17910.9,17837.1,17843.5,44041730
2022-01-20 10:15:00,17843.45,17859.6,17821.45,17824.6,31297924
2022-01-20 10:45:00,17824.05,17840.3,17799.5,17809.8,21332034
2022-01-20 11:15:00,17809.55,17817.75,17768.4,17775.7,25497190
2022-01-20 11:45:00,17775.6,17809.25,17774.7,17787.95,31524088
2022-01-20 12:15:00,17787.85,17834.7,17785.7,17820.35,25020874
2022-01-20 12:45:00,17819.95,17821.45,17769.8,17769.8,26259738
2022-01-20 13:15:00,17769.45,17773.6,17687.35,17698.35,36052412
2022-01-20 13:45:00,17698.0,17722.9,17670.85,17705.7,41977732
2022-01-20 14:15:00,17706.95,17707.8,17648.45,17663.45,34064676
2022-01-20 14:45:00,17663.85,17765.25,17656.85,17764.3,63203938
2022-01-20 15:15:00,17765.55,17783.15,17753.5,17757.0,42965752
2022-01-21 09:15:00,17637.1,17637.1,17525.35,17622.1,93279378
2022-01-21 09:45:00,17622.4,17680.1,17613.3,17630.3,45268576
2022-01-21 10:15:00,17630.15,17639.15,17571.65,17579.45,42164768
2022-01-21 10:45:00,17578.1,17616.6,17560.2,17611.1,33293354
2022-01-21 11:15:00,17609.9,17626.9,17591.95,17593.4,26718474
2022-01-21 11:45:00,17593.45,17652.1,17590.15,17650.7,27109096
2022-01-21 12:15:00,17652.0,17666.15,17635.75,17658.2,26669376
2022-01-21 12:45:00,17658.9,17707.6,17647.15,17699.05,26062660
2022-01-21 13:15:00,17699.4,17699.4,17596.6,17602.3,37343022
2022-01-21 13:45:00,17602.2,17653.65,17595.85,17598.85,29839550
2022-01-21 14:15:00,17600.3,17603.65,17516.15,17517.1,46792516
2022-01-21 14:45:00,17515.3,17631.95,17485.85,17615.05,66978490
2022-01-21 15:15:00,17615.2,17650.45,17615.1,17617.15,42397332
2022-01-24 09:15:00,17578.95,17599.4,17403.45,17470.1,110754988
2022-01-24 09:45:00,17470.75,17515.9,17427.15,17427.15,57705212
2022-01-24 10:15:00,17425.45,17431.65,17381.45,17411.5,47296658
2022-01-24 10:45:00,17411.15,17420.45,17367.3,17388.95,33769036
2022-01-24 11:15:00,17388.75,17393.55,17349.85,17354.9,26412544
2022-01-24 11:45:00,17355.9,17355.9,17280.45,17285.2,37722580
2022-01-24 12:15:00,17284.95,17292.7,17213.25,17218.5,39252612
2022-01-24 12:45:00,17218.05,17277.5,17210.15,17253.9,36450726
2022-01-24 13:15:00,17254.15,17256.6,17148.6,17168.6,38156944
2022-01-24 13:45:00,17168.55,17190.7,16997.85,17003.5,49114778
2022-01-24 14:15:00,17007.65,17158.0,17006.0,17057.55,55555714
2022-01-24 14:45:00,17058.55,17184.4,17015.4,17179.6,64624266
2022-01-24 15:15:00,17179.2,17182.1,17107.5,17149.1,48543320
2022-01-25 09:15:00,17021.6,17114.8,16836.8,17114.25,126459780
2022-01-25 09:45:00,17118.1,17201.45,17031.75,17071.95,73373758
2022-01-25 10:15:00,17072.95,17096.75,17033.15,17061.2,44071988
2022-01-25 10:45:00,17059.0,17079.3,17005.45,17077.35,35565578
2022-01-25 11:15:00,17077.5,17119.45,17066.45,17091.85,38403068
2022-01-25 11:45:00,17092.05,17117.55,17050.2,17080.45,34348712
2022-01-25 12:15:00,17080.95,17114.7,17077.15,17087.95,29554366
2022-01-25 12:45:00,17088.2,17133.05,17047.0,17129.6,33220262
2022-01-25 13:15:00,17131.55,17168.5,17124.3,17143.35,41821792
2022-01-25 13:45:00,17143.7,17234.0,17134.4,17205.35,40886134
2022-01-25 14:15:00,17206.5,17250.5,17180.05,17229.15,45850674
2022-01-25 14:45:00,17230.25,17287.5,17230.2,17286.85,63886100
2022-01-25 15:15:00,17288.05,17309.15,17262.4,17277.95,47812662
2022-01-27 09:15:00,17070.9,17073.15,16927.85,16962.65,144335398
2022-01-27 09:45:00,16964.15,17046.5,16937.4,17019.2,59262776
2022-01-27 10:15:00,17018.45,17026.65,16957.1,16992.75,48894018
2022-01-27 10:45:00,16994.2,16996.25,16943.85,16972.1,39921334
2022-01-27 11:15:00,16972.5,16973.35,16918.55,16940.35,36244552
2022-01-27 11:45:00,16941.5,16949.35,16881.95,16882.8,41127510
2022-01-27 12:15:00,16882.75,16946.65,16866.75,16924.95,46753468
2022-01-27 12:45:00,16926.3,17012.65,16912.7,17007.45,44697298
2022-01-27 13:15:00,17009.75,17044.9,16987.95,17044.4,51959924
2022-01-27 13:45:00,17045.5,17091.05,17031.75,17061.1,56198494
2022-01-27 14:15:00,17062.5,17180.85,17060.75,17171.9,67095818
2022-01-27 14:45:00,17172.9,17182.5,17044.8,17124.05,86909372
2022-01-27 15:15:00,17122.8,17165.0,17096.1,17110.15,60782850
2022-01-28 09:15:00,17237.45,17348.55,17206.3,17338.95,128902540
2022-01-28 09:45:00,17339.15,17359.7,17314.95,17336.95,67397352
2022-01-28 10:15:00,17334.05,17336.75,17274.05,17299.9,58860704
2022-01-28 10:45:00,17300.35,17343.95,17296.25,17321.3,41611878
2022-01-28 11:15:00,17322.4,17342.35,17299.7,17339.0,33596342
2022-01-28 11:45:00,17338.7,17357.1,17336.05,17352.6,46500758
2022-01-28 12:15:00,17352.45,17373.5,17329.8,17343.1,39112710
2022-01-28 12:45:00,17344.0,17365.3,17334.95,17338.6,37127118
2022-01-28 13:15:00,17339.55,17351.1,17270.9,17278.55,37741880
2022-01-28 13:45:00,17277.9,17277.9,17148.2,17166.6,58891620
2022-01-28 14:15:00,17166.8,17207.45,17106.55,17164.45,46980332
2022-01-28 14:45:00,17165.15,17185.85,17077.1,17089.2,64654656
2022-01-28 15:15:00,17089.8,17119.45,17082.1,17101.95,44480040
2022-01-31 09:15:00,17308.7,17352.0,17269.2,17343.95,112857378
2022-01-31 09:45:00,17344.45,17361.65,17294.0,17337.15,48067046
2022-01-31 10:15:00,17336.25,17359.0,17282.75,17290.85,46217066
2022-01-31 10:45:00,17290.0,17345.8,17264.15,17339.45,35511022
2022-01-31 11:15:00,17339.85,17343.65,17312.1,17341.25,27055080
2022-01-31 11:45:00,17340.6,17394.6,17332.05,17386.9,28863060
2022-01-31 12:15:00,17386.35,17406.95,17349.75,17365.7,39019404
2022-01-31 12:45:00,17365.15,17400.15,17363.3,17391.1,37159218
2022-01-31 13:15:00,17390.7,17410.0,17324.8,17357.85,41522678
2022-01-31 13:45:00,17356.65,17391.45,17326.95,17379.3,43732898
2022-01-31 14:15:00,17380.45,17407.25,17370.35,17386.95,43464028
2022-01-31 14:45:00,17387.85,17401.45,17333.95,17339.25,73340380
2022-01-31 15:15:00,17339.1,17354.2,17313.7,17339.85,52485844
2022-02-01 09:15:00,17534.95,17541.35,17468.5,17519.8,114300360
2022-02-01 09:45:00,17518.8,17584.2,17518.8,17578.1,54370274
2022-02-01 10:15:00,17577.5,17596.1,17540.85,17561.75,43220522
2022-02-01 10:45:00,17562.5,17587.8,17536.85,17567.15,43861258
2022-02-01 11:15:00,17567.0,17581.15,17451.65,17532.05,43885982
2022-02-01 11:45:00,17532.1,17622.4,17520.25,17585.25,35284352
2022-02-01 12:15:00,17585.9,17614.4,17502.75,17584.8,63295148
2022-02-01 12:45:00,17586.05,17591.1,17268.05,17278.0,77328676
2022-02-01 13:15:00,17277.6,17481.7,17244.55,17468.05,75112592
2022-02-01 13:45:00,17468.35,17555.5,17466.4,17540.6,54786320
2022-02-01 14:15:00,17543.4,17607.1,17530.4,17604.0,54272000
2022-02-01 14:45:00,17604.45,17610.2,17524.8,17562.3,53403854
2022-02-01 15:15:00,17562.8,17605.8,17561.55,17576.85,40847360
2022-02-02 09:15:00,17707.55,17732.75,17674.8,17729.35,109580120
2022-02-02 09:45:00,17729.75,17749.0,17720.2,17723.45,53274182
2022-02-02 10:15:00,17722.25,17745.95,17678.15,17692.45,38749166
2022-02-02 10:45:00,17693.5,17737.3,17687.3,17725.2,25870730
2022-02-02 11:15:00,17726.15,17742.5,17717.55,17740.1,31533564
2022-02-02 11:45:00,17740.3,17768.3,17740.1,17746.6,30473366
2022-02-02 12:15:00,17746.1,17761.7,17729.35,17760.15,26644360
2022-02-02 12:45:00,17759.75,17765.15,17732.35,17746.05,30609504
2022-02-02 13:15:00,17746.4,17762.1,17739.05,17751.4,28466924
2022-02-02 13:45:00,17750.15,17783.4,17725.6,17774.45,38276568
2022-02-02 14:15:00,17775.95,17788.05,17751.75,17773.9,38723206
2022-02-02 14:45:00,17773.0,17782.0,17761.45,17778.35,47240354
2022-02-02 15:15:00,17779.05,17794.6,17775.35,17780.0,35753458
2022-02-03 09:15:00,17776.75,17781.15,17702.0,17713.35,78680532
2022-02-03 09:45:00,17714.7,17728.3,17679.65,17709.35,39318148
2022-02-03 10:15:00,17709.0,17715.35,17684.85,17713.75,28911148
2022-02-03 10:45:00,17714.1,17721.65,17700.65,17703.55,23579372
2022-02-03 11:15:00,17703.65,17705.0,17657.9,17669.55,23293966
2022-02-03 11:45:00,17668.4,17669.7,17629.35,17632.15,24097808
2022-02-03 12:15:00,17629.6,17686.5,17624.95,17676.7,24124254
2022-02-03 12:45:00,17675.95,17694.7,17652.7,17666.95,23143784
2022-02-03 13:15:00,17665.8,17670.75,17607.15,17611.4,23511700
2022-02-03 13:45:00,17609.1,17635.3,17584.95,17629.7,35456758
2022-02-03 14:15:00,17628.45,17641.35,17603.9,17613.35,39247514
2022-02-03 14:45:00,17614.2,17626.3,17563.85,17569.65,48338548
2022-02-03 15:15:00,17569.1,17569.75,17511.15,17560.2,40442512
2022-02-04 09:15:00,17593.9,17596.4,17480.3,17578.65,130896562
2022-02-04 09:45:00,17578.8,17617.8,17530.3,17545.95,45686238
2022-02-04 10:15:00,17546.2,17565.1,17512.4,17542.95,38246752
2022-02-04 10:45:00,17541.95,17571.8,17524.55,17568.15,30636748
2022-02-04 11:15:00,17568.05,17582.7,17542.95,17545.4,32258142
2022-02-04 11:45:00,17547.35,17550.4,17507.1,17517.75,26007766
2022-02-04 12:15:00,17518.95,17536.85,17468.9,17522.45,31080322
2022-02-04 12:45:00,17522.5,17525.55,17462.75,17479.2,32495216
2022-02-04 13:15:00,17480.15,17534.35,17462.55,17526.2,26394894
2022-02-04 13:45:00,17526.35,17570.85,17523.25,17545.3,26993716
2022-02-04 14:15:00,17545.75,17563.8,17489.1,17506.85,29654132
2022-02-04 14:45:00,17506.5,17551.75,17484.95,17529.85,45832848
2022-02-04 15:15:00,17529.9,17530.4,17496.4,17516.3,37894180
2022-02-07 09:15:00,17482.15,17536.75,17417.95,17448.0,96947164
2022-02-07 09:45:00,17447.8,17468.15,17389.8,17414.8,48408294
2022-02-07 10:15:00,17415.45,17431.5,17387.1,17408.85,35115060
2022-02-07 10:45:00,17409.35,17418.4,17329.8,17338.7,30880200
2022-02-07 11:15:00,17338.6,17338.6,17303.9,17319.15,25132856
2022-02-07 11:45:00,17319.1,17334.5,17265.7,17272.3,34878594
2022-02-07 12:15:00,17271.45,17329.2,17265.7,17326.4,27901390
2022-02-07 12:45:00,17326.1,17333.0,17255.1,17260.5,29395832
2022-02-07 13:15:00,17261.65,17279.85,17212.45,17215.95,29944162
2022-02-07 13:45:00,17214.7,17215.4,17119.4,17178.7,41024434
2022-02-07 14:15:00,17179.0,17215.25,17157.1,17157.75,33047884
2022-02-07 14:45:00,17157.15,17240.35,17156.65,17220.1,49376486
2022-02-07 15:15:00,17219.75,17222.15,17187.0,17213.6,41343836
2022-02-08 09:15:00,17282.4,17306.45,17176.2,17236.95,77157630
2022-02-08 09:45:00,17235.6,17252.45,17184.8,17194.4,42564592
2022-02-08 10:15:00,17192.35,17198.2,17085.65,17090.05,43841224
2022-02-08 10:45:00,17090.1,17120.7,17043.65,17085.7,36136974
2022-02-08 11:15:00,17085.85,17170.1,17074.55,17161.4,46204776
2022-02-08 11:45:00,17162.15,17218.05,17148.05,17180.65,33986326
2022-02-08 12:15:00,17180.4,17268.05,17179.95,17259.5,34360134
2022-02-08 12:45:00,17261.85,17272.55,17128.95,17137.35,33359206
2022-02-08 13:15:00,17136.1,17220.15,17120.75,17191.45,31953260
2022-02-08 13:45:00,17193.45,17215.5,17159.05,17162.9,26431920
2022-02-08 14:15:00,17161.15,17194.75,17134.8,17194.35,29117290
2022-02-08 14:45:00,17193.35,17296.5,17175.15,17280.0,66964932
2022-02-08 15:15:00,17280.5,17284.15,17228.25,17266.75,39421122
2022-02-09 09:15:00,17371.3,17421.75,17339.0,17392.0,73164988
2022-02-09 09:45:00,17392.95,17438.45,17385.2,17417.9,41462650
2022-02-09 10:15:00,17416.95,17422.4,17365.4,17392.45,40768240
2022-02-09 10:45:00,17393.15,17413.25,17378.05,17393.55,30898446
2022-02-09 11:15:00,17393.25,17408.35,17385.3,17390.55,30646444
2022-02-09 11:45:00,17389.15,17424.1,17389.15,17410.95,26923528
2022-02-09 12:15:00,17410.9,17432.05,17410.15,17420.9,24214692
2022-02-09 12:45:00,17421.5,17433.35,17378.8,17382.45,26676654
2022-02-09 13:15:00,17379.1,17420.4,17374.3,17407.8,23776924
2022-02-09 13:45:00,17410.1,17447.4,17406.6,17438.5,30443100
2022-02-09 14:15:00,17441.6,17461.9,17434.55,17459.95,30051568
2022-02-09 14:45:00,17455.25,17472.8,17444.5,17463.35,44792778
2022-02-09 15:15:00,17460.4,17477.15,17460.1,17463.8,42637668
2022-02-10 09:15:00,17532.75,17540.05,17454.6,17457.25,86855512
2022-02-10 09:45:00,17456.65,17515.95,17427.15,17510.85,58111492
2022-02-10 10:15:00,17510.7,17589.05,17482.9,17584.55,56260858
2022-02-10 10:45:00,17584.75,17594.5,17560.2,17584.1,39499262
2022-02-10 11:15:00,17582.9,17612.05,17558.05,17609.2,30366592
2022-02-10 11:45:00,17609.7,17622.65,17589.75,17595.05,28109632
2022-02-10 12:15:00,17595.45,17604.35,17570.0,17601.45,33608106
2022-02-10 12:45:00,17602.7,17618.6,17591.4,17602.35,30209074
2022-02-10 13:15:00,17603.4,17628.9,17580.05,17620.7,29152886
2022-02-10 13:45:00,17621.7,17636.7,17601.3,17625.6,37207532
2022-02-10 14:15:00,17626.1,17639.45,17603.0,17614.8,42987240
2022-02-10 14:45:00,17614.85,17629.8,17595.2,17599.55,55674412
2022-02-10 15:15:00,17600.25,17615.3,17581.85,17605.85,36380336
2022-02-11 09:15:00,17454.75,17454.75,17371.05,17405.95,84939168
2022-02-11 09:45:00,17405.7,17405.7,17313.9,17329.3,48206690
2022-02-11 10:15:00,17327.5,17353.2,17304.8,17344.55,37487050
2022-02-11 10:45:00,17344.2,17361.9,17303.0,17323.85,28334474
2022-02-11 11:15:00,17324.65,17338.05,17303.85,17337.35,23216172
2022-02-11 11:45:00,17336.2,17358.25,17331.25,17355.3,24146630
2022-02-11 12:15:00,17355.5,17402.75,17350.55,17402.75,25964190
2022-02-11 12:45:00,17403.65,17409.5,17375.25,17408.55,26698704
2022-02-11 13:15:00,17408.05,17446.05,17392.95,17444.1,29382136
2022-02-11 13:45:00,17444.65,17447.3,17350.6,17379.35,33968228
2022-02-11 14:15:00,17379.95,17400.45,17353.05,17359.05,32036648
2022-02-11 14:45:00,17359.55,17399.05,17338.65,17386.35,56859102
2022-02-11 15:15:00,17386.6,17387.5,17341.9,17374.75,47303706
2022-02-14 09:15:00,17099.5,17099.5,16916.55,16975.95,131219928
2022-02-14 09:45:00,16971.85,17059.65,16948.85,17031.95,57576398
2022-02-14 10:15:00,17032.7,17074.45,17002.1,17060.85,40613164
2022-02-14 10:45:00,17061.2,17082.75,17025.25,17031.8,32954484
2022-02-14 11:15:00,17031.35,17039.1,16990.2,17007.05,32099686
2022-02-14 11:45:00,17006.4,17032.95,17000.2,17014.55,25766142
2022-02-14 12:15:00,17013.55,17037.5,16965.8,16966.8,29651824
2022-02-14 12:45:00,16967.65,17022.1,16959.1,17021.85,21544476
2022-02-14 13:15:00,17021.6,17049.8,16996.85,17003.35,24073782
2022-02-14 13:45:00,17003.55,17008.9,16915.95,16922.1,42531408
2022-02-14 14:15:00,16922.5,16958.25,16861.75,16869.8,54956080
2022-02-14 14:45:00,16870.6,16903.85,16834.05,16837.55,61692962
2022-02-14 15:15:00,16837.9,16856.35,16809.65,16842.8,52745454
2022-02-15 09:15:00,16936.3,16998.95,16875.35,16881.0,96494136
2022-02-15 09:45:00,16879.35,16923.8,16839.25,16872.0,51319190
2022-02-15 10:15:00,16871.9,16914.75,16866.7,16881.85,36393124
2022-02-15 10:45:00,16881.8,16960.85,16868.6,16942.2,31981172
2022-02-15 11:15:00,16944.35,17013.05,16944.35,17003.55,29588552
2022-02-15 11:45:00,17002.3,17087.9,17002.3,17070.85,34891624
2022-02-15 12:15:00,17070.35,17090.1,17030.45,17076.75,27778642
2022-02-15 12:45:00,17076.45,17118.3,17068.75,17100.35,25678524
2022-02-15 13:15:00,17100.15,17174.1,17063.15,17163.55,33406612
2022-02-15 13:45:00,17167.25,17300.3,17158.65,17284.95,67426364
2022-02-15 14:15:00,17288.95,17323.3,17260.15,17315.25,47281070
2022-02-15 14:45:00,17319.05,17357.05,17309.1,17351.6,61691322
2022-02-15 15:15:00,17353.5,17375.0,17349.8,17352.45,42655348
2022-02-16 09:15:00,17414.85,17450.0,17320.4,17360.7,86138136
2022-02-16 09:45:00,17360.4,17383.55,17315.65,17332.35,40504564
2022-02-16 10:15:00,17331.65,17375.15,17328.05,17345.85,32523158
2022-02-16 10:45:00,17346.05,17347.15,17257.7,17288.1,31879518
2022-02-16 11:15:00,17287.4,17337.95,17287.4,17306.35,28193422
2022-02-16 11:45:00,17306.65,17342.05,17306.65,17335.2,26269552
2022-02-16 12:15:00,17335.65,17426.5,17335.65,17407.95,32511502
2022-02-16 12:45:00,17407.65,17427.75,17378.0,17415.55,24464562
2022-02-16 13:15:00,17416.05,17457.4,17393.1,17456.25,23798338
2022-02-16 13:45:00,17456.55,17490.6,17440.75,17458.45,36325722
2022-02-16 14:15:00,17458.85,17464.0,17348.35,17371.7,36479412
2022-02-16 14:45:00,17370.6,17394.4,17289.0,17329.15,48990066
2022-02-16 15:15:00,17329.05,17329.75,17286.0,17322.2,34023508
2022-02-17 09:15:00,17399.8,17442.9,17266.7,17308.8,92007596
2022-02-17 09:45:00,17305.9,17343.1,17286.85,17313.55,38482374
2022-02-17 10:15:00,17313.4,17323.0,17235.85,17322.75,39124456
2022-02-17 10:45:00,17325.7,17379.1,17312.4,17363.95,33990210
2022-02-17 11:15:00,17363.8,17385.25,17324.7,17339.7,25253632
2022-02-17 11:45:00,17340.6,17395.55,17336.45,17383.6,22949234
2022-02-17 12:15:00,17382.55,17417.75,17368.05,17395.75,17993812
2022-02-17 12:45:00,17395.65,17406.2,17371.4,17382.6,20196236
2022-02-17 13:15:00,17383.35,17413.9,17359.8,17412.6,22988828
2022-02-17 13:45:00,17412.9,17415.15,17329.45,17329.85,30410004
2022-02-17 14:15:00,17329.7,17367.2,17311.1,17320.1,28392834
2022-02-17 14:45:00,17320.35,17345.1,17282.8,17284.15,47409706
2022-02-17 15:15:00,17283.7,17304.6,17275.45,17304.6,37157084
2022-02-18 09:15:00,17241.8,17321.65,17219.2,17259.7,62739138
2022-02-18 09:45:00,17260.25,17311.3,17238.2,17298.05,33281752
2022-02-18 10:15:00,17298.95,17304.45,17269.55,17270.65,22447304
2022-02-18 10:45:00,17270.3,17324.95,17255.7,17323.4,27758438
2022-02-18 11:15:00,17324.45,17331.85,17299.9,17322.1,24612714
2022-02-18 11:45:00,17322.15,17347.25,17315.85,17343.45,22023210
2022-02-18 12:15:00,17343.85,17361.75,17326.8,17360.95,19865634
2022-02-18 12:45:00,17360.6,17380.8,17341.95,17360.85,20223344
2022-02-18 13:15:00,17361.3,17367.45,17324.15,17345.65,22179064
2022-02-18 13:45:00,17345.55,17362.0,17306.0,17307.5,18469422
2022-02-18 14:15:00,17307.9,17314.45,17258.5,17261.2,35128522
2022-02-18 14:45:00,17261.1,17305.65,17246.4,17279.1,37459140
2022-02-18 15:15:00,17279.9,17281.2,17263.1,17276.3,30216106
2022-02-21 09:15:00,17209.0,17231.3,17070.7,17109.4,68182484
2022-02-21 09:45:00,17109.85,17165.05,17097.9,17127.25,37954404
2022-02-21 10:15:00,17127.1,17208.25,17104.4,17189.7,32907634
2022-02-21 10:45:00,17189.35,17225.9,17175.1,17225.15,26692762
2022-02-21 11:15:00,17225.5,17268.4,17209.7,17266.0,28195860
2022-02-21 11:45:00,17266.85,17315.0,17255.6,17301.25,27562880
2022-02-21 12:15:00,17302.3,17327.2,17269.8,17296.0,24556844
2022-02-21 12:45:00,17296.5,17349.3,17282.15,17345.1,21592882
2022-02-21 13:15:00,17347.8,17351.05,17272.05,17305.5,26453370
2022-02-21 13:45:00,17307.35,17315.3,17231.05,17233.85,25056800
2022-02-21 14:15:00,17233.5,17265.8,17183.9,17194.7,37019192
2022-02-21 14:45:00,17193.85,17252.7,17189.1,17195.9,37813360
2022-02-21 15:15:00,17195.05,17216.2,17188.2,17206.65,31414194
2022-02-22 09:15:00,16893.85,16977.4,16843.8,16872.75,97090842
2022-02-22 09:45:00,16869.3,16969.65,16860.85,16923.35,48093728
2022-02-22 10:15:00,16922.4,16962.15,16915.15,16924.45,30990588
2022-02-22 10:45:00,16924.25,17001.3,16922.15,16984.55,30488936
2022-02-22 11:15:00,16984.9,17023.6,16973.35,17013.95,28069736
2022-02-22 11:45:00,17014.85,17019.55,16938.65,16967.45,33200456
2022-02-22 12:15:00,16968.55,16979.25,16941.95,16967.15,32023874
2022-02-22 12:45:00,16963.9,16971.75,16906.1,16935.55,38652362
2022-02-22 13:15:00,16936.2,16952.7,16909.1,16926.35,39066846
2022-02-22 13:45:00,16927.25,17080.0,16927.25,17077.85,53153198
2022-02-22 14:15:00,17080.6,17148.55,17045.9,17112.05,65025560
2022-02-22 14:45:00,17113.75,17126.2,17051.85,17097.45,61758240
2022-02-22 15:15:00,17097.9,17109.95,17071.3,17092.2,46250306
2022-02-23 09:15:00,17202.4,17220.7,17160.35,17161.75,66259962
2022-02-23 09:45:00,17161.3,17192.5,17136.7,17148.3,36669424
2022-02-23 10:15:00,17147.9,17165.25,17120.0,17124.8,27145176
2022-02-23 10:45:00,17124.15,17174.0,17123.95,17166.25,23985998
2022-02-23 11:15:00,17166.75,17200.5,17165.2,17190.8,24291182
2022-02-23 11:45:00,17191.3,17194.4,17165.95,17169.65,24809534
2022-02-23 12:15:00,17170.65,17178.3,17139.0,17142.5,20215264
2022-02-23 12:45:00,17142.85,17165.9,17132.0,17163.6,23138604
2022-02-23 13:15:00,17163.4,17173.5,17138.15,17151.6,21213652
2022-02-23 13:45:00,17151.15,17157.25,17108.85,17146.3,23803700
2022-02-23 14:15:00,17146.95,17148.85,17100.8,17116.2,27465554
2022-02-23 14:45:00,17117.3,17165.3,17044.5,17046.7,47346958
2022-02-23 15:15:00,17046.9,17063.25,17027.85,17063.25,40457232
2022-02-24 09:15:00,16606.5,16705.25,16546.75,16549.35,128029376
2022-02-24 09:45:00,16548.6,16564.25,16453.65,16534.35,84670508
2022-02-24 10:15:00,16535.75,16602.2,16522.1,16586.2,55273816
2022-02-24 10:45:00,16586.6,16589.75,16565.5,16579.1,41488328
2022-02-24 11:15:00,16580.65,16656.55,16576.45,16630.45,46994384
2022-02-24 11:45:00,16629.85,16631.65,16553.2,16578.2,52597424
2022-02-24 12:15:00,16578.7,16580.65,16495.25,16506.75,61648648
2022-02-24 12:45:00,16507.8,16535.0,16435.85,16534.0,75666344
2022-02-24 13:15:00,16534.85,16537.5,16418.75,16420.65,66782586
2022-02-24 13:45:00,16418.7,16520.35,16413.75,16444.2,64437306
2022-02-24 14:15:00,16444.3,16471.75,16363.0,16390.05,65629980
2022-02-24 14:45:00,16391.05,16402.35,16219.6,16273.15,101384514
2022-02-24 15:15:00,16275.65,16278.35,16203.25,16247.95,71012550
2022-02-25 09:15:00,16525.7,16634.1,16478.3,16631.9,127005474
2022-02-25 09:45:00,16632.85,16691.45,16606.3,16638.05,61414816
2022-02-25 10:15:00,16640.9,16739.85,16629.25,16735.75,48238184
2022-02-25 10:45:00,16736.4,16748.8,16690.0,16700.8,43324026
2022-02-25 11:15:00,16699.9,16735.0,16689.05,16708.35,36588520
2022-02-25 11:45:00,16709.0,16724.15,16653.1,16654.4,32964796
2022-02-25 12:15:00,16654.6,16704.3,16596.1,16641.15,39314830
2022-02-25 12:45:00,16642.65,16684.75,16629.7,16672.55,33046332
2022-02-25 13:15:00,16674.45,16681.4,16625.7,16652.9,35044184
2022-02-25 13:45:00,16653.35,16679.05,16604.8,16672.05,38553508
2022-02-25 14:15:00,16671.6,16717.8,16627.35,16653.85,47727368
2022-02-25 14:45:00,16653.8,16705.05,16644.25,16655.9,61310788
2022-02-25 15:15:00,16658.75,16676.25,16644.75,16658.4,48694044
2022-02-28 09:15:00,16506.1,16506.1,16356.3,16456.8,113066064
2022-02-28 09:45:00,16455.4,16462.45,16408.95,16450.8,52649098
2022-02-28 10:15:00,16450.45,16545.3,16440.15,16539.15,48181296
2022-02-28 10:45:00,16539.9,16607.9,16536.05,16591.85,46120456
2022-02-28 11:15:00,16593.7,16642.85,16578.9,16606.45,39800272
2022-02-28 11:45:00,16606.7,16717.6,16600.75,16673.6,45045156
2022-02-28 12:15:00,16673.85,16734.0,16652.75,16686.65,42587996
2022-02-28 12:45:00,16685.05,16741.75,16656.2,16718.3,38228312
2022-02-28 13:15:00,16719.05,16738.05,16680.85,16719.85,39821682
2022-02-28 13:45:00,16719.9,16727.35,16640.7,16698.95,44706278
2022-02-28 14:15:00,16699.15,16736.9,16682.95,16724.2,51796604
2022-02-28 14:45:00,16725.1,16815.9,16710.9,16798.25,158198968
2022-02-28 15:15:00,16798.4,16804.95,16776.3,16793.9,114848630
2022-03-02 09:15:00,16613.9,16678.5,16547.4,16616.3,232798418
2022-03-02 09:45:00,16616.1,16621.2,16545.5,16591.65,96483408
2022-03-02 10:15:00,16591.05,16627.85,16556.7,16556.7,89015248
2022-03-02 10:45:00,16556.2,16589.3,16549.95,16575.35,67726738
2022-03-02 11:15:00,16573.9,16607.35,16558.05,16560.3,53270970
2022-03-02 11:45:00,16560.35,16573.2,16508.6,16511.65,55235580
2022-03-02 12:15:00,16512.4,16531.95,16491.3,16506.2,56158590
2022-03-02 12:45:00,16505.85,16577.75,16478.65,16548.85,56636034
2022-03-02 13:15:00,16550.8,16562.95,16515.25,16546.3,45568968
2022-03-02 13:45:00,16546.4,16566.4,16526.5,16526.6,54273954
2022-03-02 14:15:00,16526.55,16542.5,16484.55,16537.8,77850228
2022-03-02 14:45:00,16537.5,16612.2,16510.15,16607.15,104252270
2022-03-02 15:15:00,16607.9,16639.25,16598.35,16605.95,72107626
2022-03-03 09:15:00,16736.0,16768.95,16651.7,16658.0,167633922
2022-03-03 09:45:00,16657.2,16674.1,16610.4,16641.85,64905490
2022-03-03 10:15:00,16641.8,16652.45,16606.25,16637.45,52063448
2022-03-03 10:45:00,16637.4,16654.25,16612.3,16650.7,56828810
2022-03-03 11:15:00,16651.85,16662.0,16636.9,16643.3,58973008
2022-03-03 11:45:00,16642.45,16659.2,16630.55,16640.4,43761184
2022-03-03 12:15:00,16640.45,16640.45,16534.55,16557.4,59784556
2022-03-03 12:45:00,16556.8,16582.8,16501.85,16521.5,52216640
2022-03-03 13:15:00,16520.1,16550.35,16476.9,16549.6,56118024
2022-03-03 13:45:00,16550.35,16576.1,16498.4,16513.25,59887266
2022-03-03 14:15:00,16511.9,16563.65,16489.75,16547.5,65788664
2022-03-03 14:45:00,16546.95,16546.95,16442.95,16526.2,100425836
2022-03-03 15:15:00,16528.45,16541.55,16497.5,16498.05,66718340
2022-03-04 09:15:00,16362.1,16364.85,16233.5,16274.2,153087332
2022-03-04 09:45:00,16274.65,16300.8,16217.9,16219.15,80355908
2022-03-04 10:15:00,16218.75,16228.5,16155.65,16184.5,79994988
2022-03-04 10:45:00,16184.45,16219.35,16133.8,16159.1,50004076
2022-03-04 11:15:00,16159.15,16235.25,16155.1,16225.15,66353496
2022-03-04 11:45:00,16224.0,16269.15,16217.9,16254.25,55835170
2022-03-04 12:15:00,16253.55,16336.2,16239.0,16331.95,58454080
2022-03-04 12:45:00,16331.3,16402.1,16306.9,16358.15,66788472
2022-03-04 13:15:00,16357.7,16456.0,16350.45,16417.2,67088654
2022-03-04 13:45:00,16416.5,16443.75,16326.0,16342.75,55958452
2022-03-04 14:15:00,16342.65,16388.65,16286.15,16286.15,58396868
2022-03-04 14:45:00,16283.8,16317.1,16231.95,16245.8,72480824
2022-03-04 15:15:00,16246.35,16256.5,16220.95,16245.35,51667812
2022-03-07 09:15:00,15862.6,15906.25,15794.45,15795.65,55984380
2022-03-07 09:45:00,15797.55,16196.2,15774.45,15785.4,14645188
2022-03-07 10:15:00,15886.45,15905.95,15741.55,15758.55,52339710
2022-03-07 10:45:00,15758.0,15862.4,15756.35,15854.05,72065028
2022-03-07 11:15:00,15853.7,15929.8,15852.8,15914.0,53103992
2022-03-07 11:45:00,15913.65,15944.6,15882.3,15890.9,56298764
2022-03-07 12:15:00,15890.05,15926.35,15888.15,15912.95,55074112
2022-03-07 12:45:00,15913.3,15940.0,15850.15,15851.0,81357484
2022-03-07 13:15:00,15851.2,15879.45,15829.1,15852.5,76417876
2022-03-07 13:45:00,15854.3,15866.6,15748.85,15754.7,141267380
2022-03-07 14:15:00,15756.05,15833.95,15711.45,15833.8,117624844
2022-03-07 14:45:00,15833.65,15876.45,15801.85,15868.15,120392866
2022-03-07 15:15:00,15867.75,15898.45,15859.6,15863.15,81729324
2022-03-08 09:15:00,15755.1,15864.55,15747.4,15806.4,215562830
2022-03-08 09:45:00,15806.3,15896.0,15806.3,15887.55,98941454
2022-03-08 10:15:00,15886.55,15891.05,15796.4,15826.6,74977520
2022-03-08 10:45:00,15827.35,15828.7,15761.2,15791.35,52392124
2022-03-08 11:15:00,15792.0,15792.05,15746.35,15757.4,57833028
2022-03-08 11:45:00,15758.1,15758.1,15695.75,15728.65,56113836
2022-03-08 12:15:00,15727.75,15768.85,15671.45,15710.7,54206222
2022-03-08 12:45:00,15710.15,15741.75,15673.3,15737.45,59414316
2022-03-08 13:15:00,15737.4,15781.1,15681.15,15781.05,60850630
2022-03-08 13:45:00,15781.75,15911.6,15766.75,15858.9,80216892
2022-03-08 14:15:00,15858.85,15962.15,15814.35,15954.2,82895832
2022-03-08 14:45:00,15955.2,16027.5,15947.15,16017.6,116892356
2022-03-08 15:15:00,16018.65,16028.75,16005.95,16013.45,69303206
2022-03-09 09:15:00,16082.1,16139.85,15990.0,16124.65,151280490
2022-03-09 09:45:00,16125.05,16151.15,16062.15,16145.35,74594406
2022-03-09 10:15:00,16145.0,16172.8,16125.95,16142.55,64341542
2022-03-09 10:45:00,16141.85,16162.5,16122.3,16132.25,49320522
2022-03-09 11:15:00,16134.05,16165.35,16102.25,16158.05,46100940
2022-03-09 11:45:00,16158.3,16196.1,16146.25,16181.3,49296810
2022-03-09 12:15:00,16182.9,16257.3,16182.4,16249.05,60013026
2022-03-09 12:45:00,16249.1,16325.05,16248.2,16317.85,62382612
2022-03-09 13:15:00,16318.55,16320.35,16240.7,16310.85,62392678
2022-03-09 13:45:00,16311.75,16355.55,16298.6,16339.85,50862962
2022-03-09 14:15:00,16340.95,16399.4,16340.05,16365.95,63011472
2022-03-09 14:45:00,16365.8,16418.05,16329.5,16349.65,107480518
2022-03-09 15:15:00,16350.2,16370.05,16331.9,16345.35,63018294
2022-03-10 09:15:00,16757.3,16757.3,16593.05,16615.05,198261958
2022-03-10 09:45:00,16612.95,16727.45,16612.35,16716.9,84934744
2022-03-10 10:15:00,16719.75,16754.25,16704.2,16704.2,73965944
2022-03-10 10:45:00,16703.3,16741.35,16697.55,16739.55,54061226
2022-03-10 11:15:00,16740.75,16742.25,16689.05,16720.65,50962388
2022-03-10 11:45:00,16721.6,16731.1,16689.7,16694.2,44521140
2022-03-10 12:15:00,16694.85,16712.9,16644.75,16648.65,57799800
2022-03-10 12:45:00,16649.0,16666.65,16602.05,16632.1,58027076
2022-03-10 13:15:00,16631.55,16673.6,16584.7,16597.5,48337282
2022-03-10 13:45:00,16595.75,16597.25,16447.9,16524.55,90404866
2022-03-10 14:15:00,16523.8,16615.45,16482.7,16594.35,76893490
2022-03-10 14:45:00,16593.75,16627.05,16545.45,16615.85,91783766
2022-03-10 15:15:00,16615.65,16619.35,16552.0,16594.9,61592176
2022-03-11 09:15:00,16536.8,16672.9,16470.9,16642.15,117126916
2022-03-11 09:45:00,16642.35,16694.4,16621.35,16640.9,61210242
2022-03-11 10:15:00,16640.6,16645.9,16542.65,16572.85,60937856
2022-03-11 10:45:00,16572.45,16629.7,16557.2,16606.85,47412892
2022-03-11 11:15:00,16607.1,16652.4,16594.55,16644.65,37218454
2022-03-11 11:45:00,16645.9,16660.05,16613.7,16640.0,37836136
2022-03-11 12:15:00,16640.4,16663.1,16627.3,16646.8,37303812
2022-03-11 12:45:00,16647.4,16658.15,16576.35,16586.75,39575260
2022-03-11 13:15:00,16587.25,16634.65,16577.4,16581.75,37388596
2022-03-11 13:45:00,16580.95,16624.3,16564.6,16614.5,47249518
2022-03-11 14:15:00,16614.4,16641.0,16589.35,16636.9,49095230
2022-03-11 14:45:00,16638.95,16652.8,16609.9,16628.3,74984742
2022-03-11 15:15:00,16628.25,16638.5,16620.05,16630.45,50463456
2022-03-14 09:15:00,16651.75,16702.55,16618.9,16630.4,114373606
2022-03-14 09:45:00,16629.35,16699.75,16606.5,16679.0,52574454
2022-03-14 10:15:00,16678.5,16692.55,16647.55,16687.5,38636944
2022-03-14 10:45:00,16687.4,16727.5,16674.85,16721.75,40032680
2022-03-14 11:15:00,16721.8,16763.0,16716.4,16746.4,39498486
2022-03-14 11:45:00,16746.35,16762.25,16729.35,16730.6,39591038
2022-03-14 12:15:00,16731.65,16776.2,16719.1,16758.35,39335382
2022-03-14 12:45:00,16759.1,16786.45,16752.6,16781.65,33012658
2022-03-14 13:15:00,16782.35,16794.6,16759.1,16792.5,37830192
2022-03-14 13:45:00,16793.3,16812.25,16781.45,16811.15,35955884
2022-03-14 14:15:00,16811.1,16868.6,16811.1,16861.3,46623076
2022-03-14 14:45:00,16861.1,16887.55,16846.6,16873.35,68528344
2022-03-14 15:15:00,16873.6,16887.95,16851.8,16871.3,54358306
2022-03-15 09:15:00,16906.25,16927.75,16826.45,16845.55,131928142
2022-03-15 09:45:00,16846.5,16878.95,16807.65,16861.2,62997536
2022-03-15 10:15:00,16861.25,16892.45,16842.05,16875.4,56420654
2022-03-15 10:45:00,16875.3,16875.3,16833.2,16852.85,43983218
2022-03-15 11:15:00,16852.2,16858.1,16828.55,16837.55,38342328
2022-03-15 11:45:00,16837.7,16887.15,16837.7,16878.3,33712804
2022-03-15 12:15:00,16878.35,16878.35,16753.9,16779.25,58362832
2022-03-15 12:45:00,16780.1,16792.3,16724.5,16736.55,55612948
2022-03-15 13:15:00,16737.65,16740.2,16677.15,16723.1,53395362
2022-03-15 13:45:00,16722.15,16728.65,16630.35,16642.8,43094146
2022-03-15 14:15:00,16643.45,16643.45,16555.0,16604.9,53904276
2022-03-15 14:45:00,16605.95,16708.2,16598.3,16668.1,75433364
2022-03-15 15:15:00,16668.75,16678.65,16638.95,16663.0,54266130
2022-03-16 09:15:00,16856.65,16942.6,16837.85,16912.15,107472578
2022-03-16 09:45:00,16913.0,16922.95,16850.1,16855.1,49612118
2022-03-16 10:15:00,16855.65,16888.0,16840.55,16886.55,39244164
2022-03-16 10:45:00,16886.3,16901.05,16870.45,16880.2,29981700
2022-03-16 11:15:00,16879.95,16915.15,16876.8,16908.4,26208804
2022-03-16 11:45:00,16908.65,16926.1,16896.4,16913.7,22845384
2022-03-16 12:15:00,16914.0,16924.8,16894.0,16917.7,22172086
2022-03-16 12:45:00,16917.75,16940.2,16862.65,16862.65,34453126
2022-03-16 13:15:00,16862.45,16912.65,16848.45,16897.05,27133908
2022-03-16 13:45:00,16897.6,16922.05,16876.3,16878.7,23600130
2022-03-16 14:15:00,16879.05,16922.55,16871.65,16906.95,27839030
2022-03-16 14:45:00,16907.0,16987.9,16901.1,16978.7,65781662
2022-03-16 15:15:00,16979.7,16980.4,16964.5,16975.35,48488960
2022-03-17 09:15:00,17203.25,17228.85,17175.75,17199.8,114087428
2022-03-17 09:45:00,17199.35,17266.65,17199.35,17265.95,48848666
2022-03-17 10:15:00,17265.8,17278.8,17247.0,17263.6,47547552
2022-03-17 10:45:00,17263.35,17268.3,17251.0,17262.75,40652578
2022-03-17 11:15:00,17261.8,17291.8,17254.15,17286.95,39564892
2022-03-17 11:45:00,17286.6,17305.75,17273.45,17287.95,40195022
2022-03-17 12:15:00,17287.3,17329.1,17274.9,17319.1,43607510
2022-03-17 12:45:00,17319.2,17326.05,17290.85,17302.8,32809112
2022-03-17 13:15:00,17301.6,17305.25,17282.8,17290.75,38662876
2022-03-17 13:45:00,17290.85,17344.6,17278.6,17312.55,49339394
2022-03-17 14:15:00,17312.7,17332.05,17304.25,17312.15,56648308
2022-03-17 14:45:00,17312.2,17323.25,17259.05,17273.05,185133260
2022-03-17 15:15:00,17272.45,17307.3,17267.15,17287.05,147241688
2022-03-21 09:15:00,17330.6,17353.35,17255.7,17281.95,119737926
2022-03-21 09:45:00,17281.15,17287.5,17226.25,17232.75,43556428
2022-03-21 10:15:00,17232.95,17246.85,17209.05,17236.35,40868292
2022-03-21 10:45:00,17236.5,17276.85,17226.2,17252.7,33946714
2022-03-21 11:15:00,17253.0,17278.25,17245.7,17258.4,31807232
2022-03-21 11:45:00,17258.55,17258.9,17222.7,17222.8,25518262
2022-03-21 12:15:00,17222.5,17239.25,17152.55,17162.45,44901300
2022-03-21 12:45:00,17161.65,17176.15,17124.05,17134.9,36942078
2022-03-21 13:15:00,17134.1,17173.95,17112.4,17152.55,32390682
2022-03-21 13:45:00,17152.45,17190.1,17134.75,17170.9,27826990
2022-03-21 14:15:00,17170.55,17175.15,17100.65,17121.75,39083916
2022-03-21 14:45:00,17121.35,17140.95,17096.4,17124.2,55265350
2022-03-21 15:15:00,17125.05,17129.75,17107.4,17117.6,48537100
2022-03-22 09:15:00,17132.15,17143.15,17051.6,17069.55,118699840
2022-03-22 09:45:00,17068.0,17085.95,17029.55,17035.0,55283238
2022-03-22 10:15:00,17035.35,17062.5,17013.2,17015.0,42583830
2022-03-22 10:45:00,17015.15,17069.6,17006.3,17061.55,32272734
2022-03-22 11:15:00,17061.4,17083.95,17046.9,17064.8,32807534
2022-03-22 11:45:00,17064.9,17066.25,17014.65,17030.85,34705516
2022-03-22 12:15:00,17031.9,17155.15,17025.0,17138.0,39274176
2022-03-22 12:45:00,17137.55,17231.5,17137.5,17231.0,45259848
2022-03-22 13:15:00,17231.8,17277.95,17211.3,17271.15,43455722
2022-03-22 13:45:00,17271.7,17320.85,17260.75,17293.35,59282666
2022-03-22 14:15:00,17293.75,17303.55,17231.05,17279.65,49918036
2022-03-22 14:45:00,17279.4,17317.45,17262.85,17316.8,77394310
2022-03-22 15:15:00,17317.05,17334.4,17312.15,17315.5,46928710
2022-03-23 09:15:00,17414.55,17442.4,17358.9,17370.65,121233430
2022-03-23 09:45:00,17370.85,17408.35,17332.6,17359.5,56693812
2022-03-23 10:15:00,17360.5,17373.35,17302.85,17335.1,41523292
2022-03-23 10:45:00,17336.55,17386.0,17306.55,17324.3,36371926
2022-03-23 11:15:00,17324.4,17350.4,17318.5,17323.1,25071482
2022-03-23 11:45:00,17323.25,17345.1,17245.65,17284.05,38994810
2022-03-23 12:15:00,17284.85,17293.25,17215.2,17226.15,26092722
2022-03-23 12:45:00,17225.0,17274.9,17222.8,17259.6,26862014
2022-03-23 13:15:00,17258.05,17291.25,17242.6,17250.55,29172622
2022-03-23 13:45:00,17250.75,17270.75,17199.6,17247.85,56067224
2022-03-23 14:15:00,17247.3,17307.2,17237.7,17259.1,34984176
2022-03-23 14:45:00,17258.7,17282.3,17247.85,17254.55,53910174
2022-03-23 15:15:00,17255.3,17256.1,17217.45,17245.65,44799006
2022-03-24 09:15:00,17114.0,17217.7,17091.15,17209.3,127823510
2022-03-24 09:45:00,17210.0,17263.4,17194.6,17254.9,60521512
2022-03-24 10:15:00,17254.1,17255.2,17205.0,17212.25,37487852
2022-03-24 10:45:00,17212.9,17278.9,17212.9,17272.55,37473576
2022-03-24 11:15:00,17273.2,17291.75,17255.7,17271.05,33498286
2022-03-24 11:45:00,17270.9,17275.05,17180.2,17187.75,32372820
2022-03-24 12:15:00,17186.45,17191.45,17147.6,17180.35,28605184
2022-03-24 12:45:00,17180.7,17191.4,17152.35,17153.4,23703628
2022-03-24 13:15:00,17152.4,17223.4,17148.9,17187.05,27764380
2022-03-24 13:45:00,17187.5,17229.75,17167.0,17225.1,30130590
2022-03-24 14:15:00,17224.9,17248.4,17193.8,17224.35,36665200
2022-03-24 14:45:00,17224.05,17254.2,17212.6,17224.75,57391702
2022-03-24 15:15:00,17225.5,17229.8,17192.25,17222.75,47419340
2022-03-25 09:15:00,17294.9,17294.9,17169.25,17201.7,69602382
2022-03-25 09:45:00,17201.2,17249.95,17172.95,17191.4,46712326
2022-03-25 10:15:00,17192.4,17200.85,17160.05,17195.0,39712640
2022-03-25 10:45:00,17194.95,17200.75,17162.85,17184.4,26636870
2022-03-25 11:15:00,17184.75,17195.4,17173.7,17191.75,25800744
2022-03-25 11:45:00,17191.9,17193.05,17119.3,17125.9,32493296
2022-03-25 12:15:00,17125.6,17163.7,17120.25,17159.05,26758902
2022-03-25 12:45:00,17158.85,17164.05,17122.3,17144.6,23271124
2022-03-25 13:15:00,17144.55,17150.75,17107.55,17108.0,26358472
2022-03-25 13:45:00,17108.85,17116.65,17076.55,17104.35,32556722
2022-03-25 14:15:00,17104.75,17145.75,17101.95,17111.7,30270354
2022-03-25 14:45:00,17112.05,17144.15,17095.15,17134.8,48870550
2022-03-25 15:15:00,17136.6,17197.9,17133.85,17153.0,39892794
2022-03-28 09:15:00,17196.6,17196.6,17057.75,17068.45,82018088
2022-03-28 09:45:00,17068.9,17082.95,17036.5,17045.7,39742932
2022-03-28 10:15:00,17043.4,17045.6,17003.9,17022.1,37803258
2022-03-28 10:45:00,17022.45,17054.25,17010.85,17043.4,28253140
2022-03-28 11:15:00,17042.85,17065.95,17019.95,17033.9,26324058
2022-03-28 11:45:00,17034.05,17061.0,17006.25,17051.05,24867298
2022-03-28 12:15:00,17050.85,17163.25,17050.85,17143.25,52435214
2022-03-28 12:45:00,17144.65,17222.75,17144.65,17216.65,41192970
2022-03-28 13:15:00,17218.8,17226.1,17136.15,17150.7,36793980
2022-03-28 13:45:00,17151.0,17198.15,17150.1,17171.9,33575674
2022-03-28 14:15:00,17171.35,17213.4,17166.55,17180.4,40312368
2022-03-28 14:45:00,17182.25,17231.2,17155.35,17221.25,51758970
2022-03-28 15:15:00,17221.8,17235.1,17210.15,17222.0,44685222
2022-04-01 09:15:00,17437.85,17499.95,17422.7,17494.7,121993094
2022-04-01 09:45:00,17492.5,17547.4,17492.5,17526.85,52870406
2022-04-01 10:15:00,17526.55,17546.15,17525.2,17533.8,40321518
2022-04-01 10:45:00,17534.15,17556.75,17517.3,17548.55,35242316
2022-04-01 11:15:00,17548.5,17549.65,17523.0,17532.6,28211764
2022-04-01 11:45:00,17533.35,17536.1,17511.5,17524.85,26878070
2022-04-01 12:15:00,17524.65,17551.15,17516.3,17548.1,35751520
2022-04-01 12:45:00,17547.9,17552.05,17530.4,17537.55,29703986
2022-04-01 13:15:00,17537.65,17588.65,17537.35,17582.7,29949536
2022-04-01 13:45:00,17582.75,17593.45,17571.8,17583.55,36162214
2022-04-01 14:15:00,17583.7,17595.7,17570.1,17590.85,43840312
2022-04-01 14:45:00,17590.55,17672.25,17575.7,17670.55,66261676
2022-04-01 15:15:00,17670.75,17703.7,17670.45,17670.45,59950724
2022-04-04 09:15:00,17816.25,17980.0,17791.4,17977.4,147800864
2022-04-04 09:45:00,17978.15,18089.6,17963.85,18064.8,89246864
2022-04-04 10:15:00,18067.7,18114.65,18027.45,18030.8,69297510
2022-04-04 10:45:00,18030.05,18045.25,17962.9,17975.05,51063118
2022-04-04 11:15:00,17975.6,18029.8,17953.5,17972.35,39057222
2022-04-04 11:45:00,17972.2,17994.55,17923.1,17924.45,38167330
2022-04-04 12:15:00,17925.15,17944.3,17910.55,17917.9,34197154
2022-04-04 12:45:00,17918.05,17979.9,17888.2,17975.2,33669398
2022-04-04 13:15:00,17974.5,18010.8,17964.2,17984.55,32508670
2022-04-04 13:45:00,17984.75,18016.7,17983.3,17994.45,31995960
2022-04-04 14:15:00,17994.75,18058.7,17991.15,18058.7,42426334
2022-04-04 14:45:00,18059.15,18069.4,18035.4,18059.2,54231064
2022-04-04 15:15:00,18059.6,18065.3,18032.75,18053.4,42712862
2022-04-05 09:15:00,18089.6,18089.7,17983.7,17985.25,104194774
2022-04-05 09:45:00,17985.85,18013.2,17972.3,17996.85,49559004
2022-04-05 10:15:00,17996.65,18015.75,17961.1,17974.4,42316100
2022-04-05 10:45:00,17975.5,18033.65,17974.7,18012.95,34568006
2022-04-05 11:15:00,18013.0,18022.3,17999.85,18015.2,31010894
2022-04-05 11:45:00,18015.95,18027.15,18006.7,18023.35,25669480
2022-04-05 12:15:00,18023.7,18028.0,17992.55,18002.7,31501468
2022-04-05 12:45:00,18004.2,18067.7,18001.3,18067.7,34423758
2022-04-05 13:15:00,18068.35,18095.45,18055.5,18075.35,34496622
2022-04-05 13:45:00,18076.9,18085.15,17987.5,18013.05,39076736
2022-04-05 14:15:00,18012.15,18027.05,17982.15,18015.9,38858350
2022-04-05 14:45:00,18015.25,18016.95,17947.8,17950.55,77844600
2022-04-05 15:15:00,17948.75,17957.4,17921.55,17957.4,39879392
2022-04-06 09:15:00,17852.45,17901.0,17819.15,17853.65,119221892
2022-04-06 09:45:00,17853.45,17856.25,17805.3,17831.05,79846574
2022-04-06 10:15:00,17830.2,17846.15,17779.85,17804.7,50328252
2022-04-06 10:45:00,17803.25,17829.45,17786.1,17827.1,40591756
2022-04-06 11:15:00,17827.9,17834.5,17812.85,17820.4,36435208
2022-04-06 11:45:00,17821.2,17872.2,17814.5,17857.35,40276172
2022-04-06 12:15:00,17857.7,17898.5,17850.35,17893.7,39054008
2022-04-06 12:45:00,17894.55,17896.85,17816.45,17840.2,48188534
2022-04-06 13:15:00,17840.5,17840.5,17787.45,17833.05,32227204
2022-04-06 13:45:00,17832.45,17842.7,17795.35,17798.35,34340710
2022-04-06 14:15:00,17798.8,17844.6,17797.3,17811.8,54487800
2022-04-06 14:45:00,17811.3,17830.8,17781.05,17811.1,52708620
2022-04-06 15:15:00,17810.75,17815.25,17794.8,17807.65,42472696
2022-04-07 09:15:00,17755.45,17755.45,17700.7,17720.9,117631494
2022-04-07 09:45:00,17722.75,17732.8,17701.7,17725.05,63522340
2022-04-07 10:15:00,17725.15,17735.1,17672.3,17696.9,47246130
2022-04-07 10:45:00,17696.05,17709.2,17675.85,17693.4,31388170
2022-04-07 11:15:00,17693.25,17730.4,17686.9,17716.0,34505248
2022-04-07 11:45:00,17716.05,17772.4,17716.05,17761.8,39572130
2022-04-07 12:15:00,17760.9,17787.5,17736.85,17779.7,32042562
2022-04-07 12:45:00,17780.55,17780.8,17743.7,17749.15,35007154
2022-04-07 13:15:00,17749.5,17758.55,17696.2,17698.2,48997140
2022-04-07 13:45:00,17697.8,17697.8,17638.25,17645.45,53988968
2022-04-07 14:15:00,17645.55,17671.2,17625.95,17639.0,38305266
2022-04-07 14:45:00,17639.4,17662.1,17623.7,17631.15,55523416
2022-04-07 15:15:00,17631.3,17656.45,17627.0,17639.55,46848988
2022-04-08 09:15:00,17706.25,17723.6,17632.95,17649.6,85583400
2022-04-08 09:45:00,17650.2,17695.1,17615.4,17678.8,54589686
2022-04-08 10:15:00,17678.55,17682.65,17600.55,17642.8,45681380
2022-04-08 10:45:00,17643.1,17679.05,17632.85,17634.6,27595778
2022-04-08 11:15:00,17634.8,17648.05,17622.15,17645.2,31225246
2022-04-08 11:45:00,17645.7,17717.65,17642.3,17709.2,35451406
2022-04-08 12:15:00,17710.6,17750.9,17710.6,17737.3,32886224
2022-04-08 12:45:00,17739.0,17744.8,17699.8,17728.8,28771680
2022-04-08 13:15:00,17730.35,17785.3,17720.4,17772.6,27955990
2022-04-08 13:45:00,17772.2,17842.75,17764.75,17833.0,46869132
2022-04-08 14:15:00,17833.65,17836.25,17800.05,17805.75,44907144
2022-04-08 14:45:00,17806.95,17827.35,17764.15,17767.35,64154316
2022-04-08 15:15:00,17767.8,17802.15,17767.7,17784.35,43947642
2022-04-11 09:15:00,17754.9,17761.1,17653.55,17671.75,104720050
2022-04-11 09:45:00,17670.4,17718.85,17665.1,17708.35,42984104
2022-04-11 10:15:00,17708.65,17729.9,17682.9,17685.15,35301868
2022-04-11 10:45:00,17684.8,17695.9,17664.85,17685.6,34490792
2022-04-11 11:15:00,17685.95,17713.1,17679.15,17709.7,31256844
2022-04-11 11:45:00,17710.25,17729.25,17701.2,17727.05,37763496
2022-04-11 12:15:00,17727.15,17740.25,17677.35,17692.1,35757098
2022-04-11 12:45:00,17690.9,17749.8,17686.1,17740.8,34279638
2022-04-11 13:15:00,17741.15,17779.05,17734.6,17744.45,28252642
2022-04-11 13:45:00,17744.75,17751.4,17708.6,17739.5,31012122
2022-04-11 14:15:00,17739.7,17747.3,17701.95,17703.0,26258090
2022-04-11 14:45:00,17701.55,17710.65,17650.95,17682.45,48539486
2022-04-11 15:15:00,17681.75,17685.95,17664.75,17674.95,37759860
2022-04-12 09:15:00,17591.8,17594.4,17511.05,17557.75,113468344
2022-04-12 09:45:00,17557.55,17565.85,17490.75,17495.5,56230388
2022-04-12 10:15:00,17495.0,17525.95,17462.3,17518.65,48482358
2022-04-12 10:45:00,17518.8,17522.55,17496.05,17504.25,34632084
2022-04-12 11:15:00,17503.35,17522.55,17488.15,17521.25,29924016
2022-04-12 11:45:00,17521.35,17533.8,17512.0,17526.75,24870176
2022-04-12 12:15:00,17527.9,17533.75,17483.1,17512.9,29537982
2022-04-12 12:45:00,17514.5,17515.45,17468.65,17470.85,32952292
2022-04-12 13:15:00,17470.05,17490.7,17449.1,17449.55,36310490
2022-04-12 13:45:00,17449.05,17553.15,17442.35,17547.85,43446032
2022-04-12 14:15:00,17549.5,17589.65,17541.35,17588.8,40761530
2022-04-12 14:45:00,17588.55,17595.3,17527.7,17528.85,52257870
2022-04-12 15:15:00,17529.85,17531.0,17512.3,17530.3,41147048
2022-04-13 09:15:00,17600.35,17663.65,17585.45,17625.85,90153196
2022-04-13 09:45:00,17625.9,17633.45,17552.05,17553.0,50858246
2022-04-13 10:15:00,17552.55,17572.3,17523.45,17541.7,40541446
2022-04-13 10:45:00,17542.95,17557.75,17532.55,17544.4,35477594
2022-04-13 11:15:00,17544.65,17563.55,17516.3,17516.45,29834790
2022-04-13 11:45:00,17513.65,17540.25,17484.05,17484.9,35489324
2022-04-13 12:15:00,17483.25,17503.35,17457.4,17492.8,30373152
2022-04-13 12:45:00,17494.4,17511.9,17466.45,17509.05,29832422
2022-04-13 13:15:00,17510.55,17519.5,17485.3,17491.65,25281102
2022-04-13 13:45:00,17492.65,17511.75,17475.25,17511.35,22861428
2022-04-13 14:15:00,17511.9,17528.55,17489.1,17515.8,30798938
2022-04-13 14:45:00,17515.55,17519.5,17467.05,17469.85,50960568
2022-04-13 15:15:00,17469.75,17481.05,17463.1,17475.65,41096902
2022-04-18 09:15:00,17187.65,17237.75,17160.7,17229.0,154738912
2022-04-18 09:45:00,17228.55,17230.8,17137.15,17152.95,79160738
2022-04-18 10:15:00,17150.3,17170.95,17129.55,17162.45,69224284
2022-04-18 10:45:00,17162.6,17164.05,17134.5,17154.9,46629860
2022-04-18 11:15:00,17155.2,17175.8,17147.1,17157.5,40349092
2022-04-18 11:45:00,17158.55,17178.4,17136.9,17142.1,42429866
2022-04-18 12:15:00,17142.0,17151.8,17092.0,17102.45,46065008
2022-04-18 12:45:00,17101.7,17111.15,17067.85,17099.2,36782216
2022-04-18 13:15:00,17099.45,17135.5,17099.4,17121.25,42625498
2022-04-18 13:45:00,17121.7,17161.1,17120.95,17142.6,47355088
2022-04-18 14:15:00,17143.4,17187.2,17123.75,17183.6,53766400
2022-04-18 14:45:00,17184.05,17194.15,17138.1,17179.3,67702252
2022-04-18 15:15:00,17180.8,17199.75,17173.65,17173.65,51772960
2022-04-19 09:15:00,17259.35,17275.65,17152.6,17185.9,128656362
2022-04-19 09:45:00,17185.6,17207.0,17168.75,17193.8,68465158
2022-04-19 10:15:00,17193.85,17195.15,17166.85,17193.55,52089502
2022-04-19 10:45:00,17192.6,17195.75,17162.95,17194.1,47828360
2022-04-19 11:15:00,17195.55,17223.65,17189.9,17223.35,42338660
2022-04-19 11:45:00,17223.4,17242.2,17216.5,17238.5,43493626
2022-04-19 12:15:00,17238.55,17255.4,17206.45,17209.05,72347664
2022-04-19 12:45:00,17211.05,17223.0,17170.3,17181.8,60654428
2022-04-19 13:15:00,17181.35,17250.75,17180.85,17229.25,47799224
2022-04-19 13:45:00,17230.05,17269.6,17225.7,17245.8,54685120
2022-04-19 14:15:00,17245.65,17250.8,17206.85,17218.65,56441786
2022-04-19 14:45:00,17219.65,17225.55,16928.3,16962.25,116332008
2022-04-19 15:15:00,16960.75,16973.7,16824.7,16958.65,70506258
2022-04-20 09:15:00,17053.55,17131.75,16978.95,17102.5,132337502
2022-04-20 09:45:00,17102.15,17127.6,17065.05,17113.35,49008556
2022-04-20 10:15:00,17114.35,17137.45,17077.3,17086.2,44247548
2022-04-20 10:45:00,17087.05,17123.95,17074.55,17119.3,48434558
2022-04-20 11:15:00,17120.3,17131.0,17063.2,17081.15,39037246
2022-04-20 11:45:00,17083.3,17103.75,17063.0,17101.55,30483290
2022-04-20 12:15:00,17103.35,17167.15,17095.75,17160.1,34944706
2022-04-20 12:45:00,17162.65,17186.9,17136.85,17136.85,28196826
2022-04-20 13:15:00,17138.3,17165.15,17106.1,17134.6,25970632
2022-04-20 13:45:00,17135.65,17144.15,17061.8,17098.15,40029478
2022-04-20 14:15:00,17098.35,17143.25,17064.4,17133.35,40331090
2022-04-20 14:45:00,17134.3,17164.45,17092.2,17126.4,63622584
2022-04-20 15:15:00,17126.85,17152.6,17123.35,17136.55,47436276
2022-04-21 09:15:00,17242.25,17258.8,17215.5,17251.45,97831938
2022-04-21 09:45:00,17251.5,17270.35,17243.2,17262.45,45966930
2022-04-21 10:15:00,17262.6,17276.3,17241.05,17263.05,45138036
2022-04-21 10:45:00,17263.2,17341.15,17262.5,17338.85,42886972
2022-04-21 11:15:00,17339.35,17350.65,17321.35,17328.7,36631868
2022-04-21 11:45:00,17329.0,17349.1,17314.55,17342.1,31258990
2022-04-21 12:15:00,17342.6,17362.35,17328.75,17361.6,33374152
2022-04-21 12:45:00,17361.35,17371.15,17343.95,17357.8,28526716
2022-04-21 13:15:00,17358.95,17386.65,17348.95,17385.55,30810722
2022-04-21 13:45:00,17385.45,17388.7,17357.0,17382.45,31939110
2022-04-21 14:15:00,17383.05,17414.7,17381.9,17395.4,67868574
2022-04-21 14:45:00,17395.25,17413.65,17371.75,17388.75,64994386
2022-04-21 15:15:00,17389.3,17401.85,17386.4,17392.6,52218546
2022-04-22 09:15:00,17253.35,17253.85,17196.05,17237.15,104438666
2022-04-22 09:45:00,17236.9,17259.25,17212.2,17228.25,45405156
2022-04-22 10:15:00,17227.35,17244.0,17215.8,17242.8,34913024
2022-04-22 10:45:00,17242.55,17301.55,17235.45,17296.75,34065356
2022-04-22 11:15:00,17297.6,17314.0,17275.3,17298.15,28659538
2022-04-22 11:45:00,17297.6,17315.3,17281.2,17289.75,21223028
2022-04-22 12:15:00,17288.7,17309.25,17265.2,17306.65,32889134
2022-04-22 12:45:00,17306.45,17308.9,17263.65,17281.7,25806506
2022-04-22 13:15:00,17281.0,17307.55,17257.85,17281.1,29096956
2022-04-22 13:45:00,17280.65,17282.2,17189.1,17218.95,38770426
2022-04-22 14:15:00,17218.6,17229.7,17170.15,17181.95,34954704
2022-04-22 14:45:00,17182.95,17200.25,17149.2,17174.15,59358904
2022-04-22 15:15:00,17174.7,17177.0,17161.2,17171.95,42240222
2022-04-25 09:15:00,17010.8,17022.65,16928.6,16994.55,106494764
2022-04-25 09:45:00,16994.85,17054.3,16955.9,17033.15,53924192
2022-04-25 10:15:00,17034.0,17044.55,16970.65,16997.0,46846008
2022-04-25 10:45:00,16995.85,17024.4,16990.35,17002.95,36431532
2022-04-25 11:15:00,17004.4,17015.95,16973.9,16980.75,28509848
2022-04-25 11:45:00,16979.85,17011.2,16966.85,16967.6,29935240
2022-04-25 12:15:00,16962.85,16974.9,16904.85,16931.25,38470232
2022-04-25 12:45:00,16930.3,16993.55,16923.8,16989.75,31970676
2022-04-25 13:15:00,16989.1,17008.45,16947.3,16953.45,27491206
2022-04-25 13:45:00,16952.3,17004.85,16948.85,16971.5,30213626
2022-04-25 14:15:00,16970.0,16970.0,16889.65,16891.3,46370822
2022-04-25 14:45:00,16890.9,16966.55,16888.7,16947.15,58348328
2022-04-25 15:15:00,16946.8,16986.3,16941.05,16953.95,50164502
2022-04-26 09:15:00,17128.85,17181.85,17110.3,17174.1,80125088
2022-04-26 09:45:00,17174.7,17181.0,17147.65,17148.15,47083862
2022-04-26 10:15:00,17146.85,17161.1,17134.7,17138.05,32714814
2022-04-26 10:45:00,17138.4,17153.05,17125.0,17132.4,27312338
2022-04-26 11:15:00,17132.7,17178.05,17132.35,17170.35,33692954
2022-04-26 11:45:00,17169.9,17177.7,17144.05,17144.5,28011464
2022-04-26 12:15:00,17144.85,17159.85,17134.65,17142.45,33784224
2022-04-26 12:45:00,17142.05,17143.2,17064.45,17084.3,35158238
2022-04-26 13:15:00,17084.85,17145.2,17083.9,17136.7,30666294
2022-04-26 13:45:00,17138.4,17150.5,17123.8,17141.3,28971434
2022-04-26 14:15:00,17141.1,17163.6,17105.8,17137.55,41371722
2022-04-26 14:45:00,17137.8,17217.0,17119.55,17211.95,71082026
2022-04-26 15:15:00,17211.65,17223.85,17195.2,17200.8,58967584
2022-04-27 09:15:00,17077.2,17110.7,17039.9,17069.45,112415040
2022-04-27 09:45:00,17068.85,17091.3,17047.5,17076.1,46202836
2022-04-27 10:15:00,17075.55,17078.0,17031.45,17056.35,36439778
2022-04-27 10:45:00,17057.05,17067.35,17044.2,17066.9,29733130
2022-04-27 11:15:00,17067.0,17067.0,17016.65,17026.65,27973636
2022-04-27 11:45:00,17026.05,17052.8,17020.0,17029.0,25746950
2022-04-27 12:15:00,17028.5,17045.95,17025.1,17030.55,26094416
2022-04-27 12:45:00,17030.6,17032.65,16958.45,16979.0,38688736
2022-04-27 13:15:00,16978.8,17054.05,16978.8,17047.15,34128558
2022-04-27 13:45:00,17048.15,17079.4,17035.15,17061.75,39636660
2022-04-27 14:15:00,17061.1,17091.55,17019.0,17080.15,41175766
2022-04-27 14:45:00,17079.55,17087.9,17021.25,17035.15,54093392
2022-04-27 15:15:00,17036.25,17052.95,17024.15,17038.4,37520636
2022-04-28 09:15:00,17153.05,17158.55,17097.15,17110.05,81214592
2022-04-28 09:45:00,17109.45,17117.75,17088.05,17105.1,39279460
2022-04-28 10:15:00,17105.0,17115.8,17079.4,17082.3,70696280
2022-04-28 10:45:00,17081.75,17115.8,17071.05,17101.2,39445986
2022-04-28 11:15:00,17101.25,17152.15,17099.75,17144.5,32248324
2022-04-28 11:45:00,17144.6,17185.25,17144.6,17171.6,30819740
2022-04-28 12:15:00,17170.45,17210.3,17168.45,17203.55,30072936
2022-04-28 12:45:00,17202.45,17252.65,17197.25,17250.65,39879532
2022-04-28 13:15:00,17250.45,17272.5,17229.15,17269.25,34130478
2022-04-28 13:45:00,17269.0,17301.35,17259.8,17299.15,41450970
2022-04-28 14:15:00,17298.75,17309.75,17278.45,17306.5,49596962
2022-04-28 14:45:00,17306.55,17322.5,17224.25,17225.1,83056030
2022-04-28 15:15:00,17224.85,17249.9,17217.0,17245.05,64452446
2022-04-29 09:15:00,17331.7,17349.3,17299.8,17302.35,90883670
2022-04-29 09:45:00,17301.35,17301.55,17240.2,17273.75,59455654
2022-04-29 10:15:00,17273.9,17330.7,17263.95,17312.65,43165544
2022-04-29 10:45:00,17313.1,17336.9,17296.15,17331.9,33963156
2022-04-29 11:15:00,17332.45,17357.75,17326.15,17341.1,34944266
2022-04-29 11:45:00,17342.1,17356.8,17330.9,17347.95,36433662
2022-04-29 12:15:00,17348.1,17365.9,17332.8,17347.85,30454316
2022-04-29 12:45:00,17348.05,17376.15,17345.25,17369.15,26546880
2022-04-29 13:15:00,17369.5,17377.65,17341.2,17359.95,31466994
2022-04-29 13:45:00,17359.65,17372.6,17279.7,17293.2,62685452
2022-04-29 14:15:00,17294.3,17302.35,17189.75,17256.0,57436238
2022-04-29 14:45:00,17256.1,17288.5,17070.4,17072.05,101109306
2022-04-29 15:15:00,17074.2,17112.2,17053.25,17102.55,76933334
2022-05-02 09:15:00,16949.25,17014.35,16917.25,17012.4,49272605
2022-05-02 09:45:00,17013.0,17014.8,16959.5,16985.25,27468189
2022-05-02 10:15:00,16985.3,17024.25,16977.7,17020.9,20323261
2022-05-02 10:45:00,17021.4,17023.5,16952.85,16976.85,14780132
2022-05-02 11:15:00,16977.35,17007.3,16961.35,16984.5,14306125
2022-05-02 11:45:00,16984.4,17027.05,16980.3,17024.35,18216703
2022-05-02 12:15:00,17024.95,17046.25,17010.45,17032.5,17768337
2022-05-02 12:45:00,17033.2,17037.55,16983.85,17021.65,14763436
2022-05-02 13:15:00,17022.5,17031.95,16987.1,17009.85,15450870
2022-05-02 13:45:00,17009.7,17023.95,16981.15,17014.05,15103680
2022-05-02 14:15:00,17014.65,17016.55,16971.9,17002.7,21573114
2022-05-02 14:45:00,17004.25,17092.25,17002.6,17068.55,30555120
2022-05-02 15:15:00,17069.65,17077.0,17056.25,17069.1,20751583
2022-05-04 09:15:00,17111.15,17132.85,17039.15,17059.2,48490455
2022-05-04 09:45:00,17057.2,17065.4,17016.4,17018.3,24542682
2022-05-04 10:15:00,17018.25,17018.25,16946.8,16947.4,21357851
2022-05-04 10:45:00,16946.65,16955.2,16920.55,16939.55,19242303
2022-05-04 11:15:00,16939.2,16969.65,16913.55,16936.6,17934994
2022-05-04 11:45:00,16937.2,16955.85,16879.85,16908.4,17275982
2022-05-04 12:15:00,16907.25,16916.8,16842.75,16851.75,18628314
2022-05-04 12:45:00,16850.15,16885.55,16823.85,16879.1,14800059
2022-05-04 13:15:00,16879.75,16920.0,16873.15,16908.4,15371854
2022-05-04 13:45:00,16908.75,16964.15,16751.35,16798.9,26701635
2022-05-04 14:15:00,16801.05,16847.4,16654.1,16663.1,27595577
2022-05-04 14:45:00,16661.95,16725.25,16623.95,16708.75,36171163
2022-05-04 15:15:00,16709.9,16712.4,16660.3,16677.6,23977139
2022-05-05 09:15:00,16862.75,16863.25,16778.85,16836.4,40432470
2022-05-05 09:45:00,16836.25,16921.3,16826.9,16919.5,21634786
2022-05-05 10:15:00,16920.7,16945.7,16888.65,16889.25,17163325
2022-05-05 10:45:00,16888.85,16927.7,16882.75,16920.1,17055915
2022-05-05 11:15:00,16920.65,16920.65,16844.65,16860.2,19265051
2022-05-05 11:45:00,16861.75,16882.85,16826.25,16843.25,17763399
2022-05-05 12:15:00,16843.35,16896.55,16838.45,16873.25,13315509
2022-05-05 12:45:00,16871.35,16890.25,16811.15,16813.4,16075773
2022-05-05 13:15:00,16813.25,16850.3,16754.75,16758.7,18462791
2022-05-05 13:45:00,16759.0,16798.05,16684.95,16711.65,21591138
2022-05-05 14:15:00,16710.85,16732.5,16651.85,16699.45,20775651
2022-05-05 14:45:00,16700.2,16743.75,16662.65,16682.95,27325744
2022-05-05 15:15:00,16683.15,16699.6,16663.4,16682.65,18476488
2022-05-06 09:15:00,16440.75,16482.8,16382.5,16469.05,49267106
2022-05-06 09:45:00,16468.8,16472.9,16398.95,16399.2,25385626
2022-05-06 10:15:00,16399.5,16418.2,16351.85,16395.9,22338225
2022-05-06 10:45:00,16394.5,16403.85,16343.35,16372.35,15954307
2022-05-06 11:15:00,16371.55,16430.65,16340.9,16419.55,20114447
2022-05-06 11:45:00,16420.25,16423.25,16373.15,16416.9,18113716
2022-05-06 12:15:00,16417.45,16423.9,16359.7,16406.3,16561060
2022-05-06 12:45:00,16409.3,16424.55,16360.4,16369.55,17531683
2022-05-06 13:15:00,16369.75,16447.5,16354.95,16390.6,21329987
2022-05-06 13:45:00,16390.55,16468.15,16381.05,16447.05,21209732
2022-05-06 14:15:00,16448.15,16484.2,16391.7,16395.6,22293198
2022-05-06 14:45:00,16395.05,16423.1,16376.8,16411.8,31006045
2022-05-06 15:15:00,16412.65,16440.85,16409.75,16411.25,24768369
2022-05-09 09:15:00,16254.7,16270.2,16142.1,16217.45,50670703
2022-05-09 09:45:00,16216.55,16270.8,16185.6,16237.95,25941241
2022-05-09 10:15:00,16236.6,16260.6,16219.4,16235.8,22250589
2022-05-09 10:45:00,16237.25,16251.95,16216.2,16237.5,18095425
2022-05-09 11:15:00,16237.65,16318.45,16226.4,16307.85,19415749
2022-05-09 11:45:00,16308.0,16331.3,16286.05,16323.4,22777876
2022-05-09 12:15:00,16323.7,16393.65,16301.65,16391.8,19128080
2022-05-09 12:45:00,16392.5,16403.7,16320.5,16338.3,18396508
2022-05-09 13:15:00,16337.35,16353.3,16289.6,16325.45,14328495
2022-05-09 13:45:00,16325.6,16335.7,16231.15,16251.5,17910347
2022-05-09 14:15:00,16250.9,16360.8,16243.1,16343.8,18887512
2022-05-09 14:45:00,16343.15,16401.35,16276.55,16306.15,26987131
2022-05-09 15:15:00,16308.5,16324.15,16301.2,16301.85,19305427
2022-05-10 09:15:00,16257.3,16352.5,16243.5,16298.25,46793162
2022-05-10 09:45:00,16297.35,16310.35,16253.15,16273.35,25337312
2022-05-10 10:15:00,16275.05,16328.75,16267.85,16323.7,16851312
2022-05-10 10:45:00,16323.75,16331.8,16284.85,16319.8,14586449
2022-05-10 11:15:00,16319.5,16336.35,16286.65,16312.8,18424605
2022-05-10 11:45:00,16313.1,16389.4,16305.5,16386.65,16771340
2022-05-10 12:15:00,16387.0,16400.05,16360.55,16380.15,17889026
2022-05-10 12:45:00,16380.5,16404.55,16358.75,16370.2,16888001
2022-05-10 13:15:00,16370.05,16374.4,16308.15,16323.0,21963912
2022-05-10 13:45:00,16324.65,16385.05,16317.25,16368.4,21681699
2022-05-10 14:15:00,16368.2,16375.25,16323.85,16353.45,20253929
2022-05-10 14:45:00,16354.05,16358.65,16224.75,16239.5,35128070
2022-05-10 15:15:00,16239.75,16247.15,16197.3,16240.05,23743731
2022-05-11 09:15:00,16277.4,16318.75,16216.55,16217.85,44088262
2022-05-11 09:45:00,16218.1,16233.2,16141.9,16153.0,20627243
2022-05-11 10:15:00,16153.4,16183.3,16071.2,16089.65,20428454
2022-05-11 10:45:00,16088.95,16142.4,16085.6,16091.55,18356712
2022-05-11 11:15:00,16091.85,16158.15,16089.85,16143.65,16500264
2022-05-11 11:45:00,16143.55,16164.0,16109.95,16134.0,15546033
2022-05-11 12:15:00,16136.0,16143.45,16069.1,16071.1,17394405
2022-05-11 12:45:00,16071.9,16077.6,16011.4,16025.6,20734152
2022-05-11 13:15:00,16026.95,16104.5,15992.6,16071.25,22097752
2022-05-11 13:45:00,16071.2,16182.1,16061.25,16173.9,21935715
2022-05-11 14:15:00,16174.85,16216.6,16125.5,16214.35,24986040
2022-05-11 14:45:00,16215.25,16223.75,16137.6,16154.6,31319189
2022-05-11 15:15:00,16155.25,16203.5,16155.1,16167.1,20956565
2022-05-12 09:15:00,16037.65,16041.95,15848.1,15875.1,51203474
2022-05-12 09:45:00,15876.95,15910.25,15866.9,15874.15,26563059
2022-05-12 10:15:00,15873.1,15925.95,15858.55,15903.75,25869485
2022-05-12 10:45:00,15904.45,15909.35,15831.95,15834.4,21446165
2022-05-12 11:15:00,15833.45,15889.85,15824.4,15877.5,18228516
2022-05-12 11:45:00,15876.4,15881.75,15841.3,15880.5,18372740
2022-05-12 12:15:00,15881.95,15884.75,15807.85,15849.85,17596849
2022-05-12 12:45:00,15850.65,15859.55,15800.45,15831.3,17715183
2022-05-12 13:15:00,15831.95,15890.05,15830.4,15862.05,21333238
2022-05-12 13:45:00,15863.05,15872.3,15779.6,15790.4,21528601
2022-05-12 14:15:00,15790.1,15794.15,15735.75,15777.5,26842285
2022-05-12 14:45:00,15776.65,15839.35,15761.75,15817.8,37289510
2022-05-12 15:15:00,15818.7,15829.8,15803.4,15808.0,29311194
2022-05-13 09:15:00,15994.4,16032.3,15923.05,15964.35,54548407
2022-05-13 09:45:00,15962.4,15963.1,15888.85,15892.8,22379878
2022-05-13 10:15:00,15891.95,15975.3,15886.6,15966.0,20699377
2022-05-13 10:45:00,15965.9,16010.1,15956.7,16003.05,20976485
2022-05-13 11:15:00,16003.5,16026.95,15969.35,16012.05,17010507
2022-05-13 11:45:00,16012.5,16056.55,16003.15,16026.0,22313249
2022-05-13 12:15:00,16027.0,16052.9,15996.7,16031.1,23541175
2022-05-13 12:45:00,16031.95,16076.45,16012.4,16076.35,18926410
2022-05-13 13:15:00,16075.7,16083.6,16027.45,16040.05,36726742
2022-05-13 13:45:00,16040.8,16052.8,15929.05,15935.55,31408779
2022-05-13 14:15:00,15934.8,15949.55,15837.35,15845.85,36216369
2022-05-13 14:45:00,15847.9,15878.4,15740.85,15753.35,42050500
2022-05-13 15:15:00,15754.9,15791.0,15750.55,15782.15,33032594
2022-05-16 09:15:00,15853.15,15947.9,15739.65,15927.85,41246078
2022-05-16 09:45:00,15927.6,15977.95,15915.25,15944.3,19945827
2022-05-16 10:15:00,15942.65,15953.7,15911.55,15932.25,16017171
2022-05-16 10:45:00,15932.5,15939.9,15887.55,15928.4,10746434
2022-05-16 11:15:00,15928.6,15933.2,15843.2,15860.35,16736365
2022-05-16 11:45:00,15860.9,15870.0,15804.15,15813.55,14022625
2022-05-16 12:15:00,15812.8,15863.3,15781.3,15789.55,15101850
2022-05-16 12:45:00,15787.0,15845.8,15767.6,15811.1,13791692
2022-05-16 13:15:00,15811.7,15880.2,15802.85,15873.15,10361170
2022-05-16 13:45:00,15874.15,15904.5,15839.75,15875.0,14341945
2022-05-16 14:15:00,15874.95,15902.9,15837.0,15892.9,13797459
2022-05-16 14:45:00,15893.4,15901.55,15809.15,15822.4,19689611
2022-05-16 15:15:00,15822.2,15866.95,15818.8,15842.3,15988028
2022-05-17 09:15:00,15917.4,15977.5,15900.8,15964.7,41462135
2022-05-17 09:45:00,15964.75,15990.0,15922.55,15987.45,24029156
2022-05-17 10:15:00,15986.65,16073.35,15986.65,16071.7,25232902
2022-05-17 10:45:00,16071.4,16112.15,16068.45,16077.8,24794572
2022-05-17 11:15:00,16076.05,16153.0,16071.0,16143.4,19999334
2022-05-17 11:45:00,16143.75,16146.9,16103.9,16104.8,18287692
2022-05-17 12:15:00,16104.35,16147.0,16102.9,16138.8,16595922
2022-05-17 12:45:00,16139.3,16172.5,16132.3,16172.35,18411518
2022-05-17 13:15:00,16173.75,16182.5,16124.3,16161.6,16953410
2022-05-17 13:45:00,16162.65,16218.4,16145.15,16217.0,21890631
2022-05-17 14:15:00,16218.55,16244.2,16191.4,16234.15,23630314
2022-05-17 14:45:00,16235.25,16267.5,16226.05,16248.1,29610119
2022-05-17 15:15:00,16248.55,16284.25,16244.95,16259.3,24959804
2022-05-18 09:15:00,16327.0,16392.4,16278.4,16383.4,60607735
2022-05-18 09:45:00,16385.9,16399.8,16307.6,16339.8,29589778
2022-05-18 10:15:00,16340.05,16373.05,16302.45,16369.25,18964357
2022-05-18 10:45:00,16369.6,16370.6,16308.5,16333.2,19558209
2022-05-18 11:15:00,16333.4,16365.35,16324.4,16350.7,17289275
2022-05-18 11:45:00,16350.75,16362.35,16326.05,16331.95,18794870
2022-05-18 12:15:00,16332.15,16332.15,16219.45,16233.5,26973596
2022-05-18 12:45:00,16232.6,16271.85,16211.2,16260.4,17052183
2022-05-18 13:15:00,16260.0,16354.7,16227.4,16346.45,20702591
2022-05-18 13:45:00,16345.95,16349.6,16251.8,16263.75,21212062
2022-05-18 14:15:00,16264.25,16284.25,16237.2,16270.9,18551034
2022-05-18 14:45:00,16270.75,16295.15,16226.85,16235.3,33414342
2022-05-18 15:15:00,16237.1,16256.45,16233.55,16240.3,24323969
2022-05-19 09:15:00,15942.35,15984.75,15904.65,15919.4,68122712
2022-05-19 09:45:00,15919.7,15966.8,15903.8,15951.65,31242664
2022-05-19 10:15:00,15951.8,15959.7,15930.55,15934.3,18862537
2022-05-19 10:45:00,15935.15,15954.8,15914.3,15927.65,16369118
2022-05-19 11:15:00,15927.45,15927.95,15868.0,15887.35,19580435
2022-05-19 11:45:00,15888.45,15890.65,15860.25,15860.6,15488424
2022-05-19 12:15:00,15859.9,15887.8,15843.75,15845.7,16774632
2022-05-19 12:45:00,15846.25,15853.65,15810.35,15823.55,18775018
2022-05-19 13:15:00,15824.6,15864.35,15819.95,15850.75,19235356
2022-05-19 13:45:00,15852.45,15859.95,15815.4,15815.4,16720920
2022-05-19 14:15:00,15816.1,15835.4,15786.1,15787.4,22309539
2022-05-19 14:45:00,15788.9,15827.5,15775.2,15784.4,35846562
2022-05-19 15:15:00,15785.45,15839.6,15782.6,15809.4,22947856
2022-05-20 09:15:00,16044.95,16140.25,16003.85,16116.05,54272763
2022-05-20 09:45:00,16116.45,16179.25,16116.45,16160.45,21593198
2022-05-20 10:15:00,16160.2,16178.75,16146.5,16170.55,14748898
2022-05-20 10:45:00,16170.3,16194.8,16152.05,16179.9,14553538
2022-05-20 11:15:00,16179.35,16195.85,16169.4,16190.2,14027234
2022-05-20 11:45:00,16191.2,16210.7,16136.2,16149.4,19036300
2022-05-20 12:15:00,16150.3,16175.85,16116.1,16175.4,14625562
2022-05-20 12:45:00,16175.9,16216.25,16155.35,16206.9,15482974
2022-05-20 13:15:00,16207.45,16225.05,16188.2,16195.1,13871908
2022-05-20 13:45:00,16195.05,16218.4,16183.65,16218.4,12319916
2022-05-20 14:15:00,16220.35,16237.65,16183.7,16223.45,17366947
2022-05-20 14:45:00,16223.5,16281.5,16214.3,16279.7,28438847
2022-05-20 15:15:00,16278.5,16283.05,16252.75,16266.15,22627991
2022-05-23 09:15:00,16294.75,16349.5,16207.25,16273.05,64847623
2022-05-23 09:45:00,16273.45,16340.85,16272.75,16334.0,29010181
2022-05-23 10:15:00,16333.95,16336.95,16303.6,16331.2,18292126
2022-05-23 10:45:00,16330.05,16357.3,16322.25,16337.35,17966930
2022-05-23 11:15:00,16337.45,16382.5,16336.4,16366.3,17499373
2022-05-23 11:45:00,16365.7,16379.4,16354.0,16377.55,16898112
2022-05-23 12:15:00,16377.7,16393.45,16338.8,16354.4,16349106
2022-05-23 12:45:00,16354.05,16372.95,16342.75,16352.45,12451409
2022-05-23 13:15:00,16352.7,16414.7,16351.35,16372.3,17271512
2022-05-23 13:45:00,16372.75,16384.5,16253.85,16264.3,23246919
2022-05-23 14:15:00,16263.5,16287.95,16233.85,16251.0,18545505
2022-05-23 14:45:00,16249.25,16277.65,16199.55,16210.1,26481700
2022-05-23 15:15:00,16210.65,16221.45,16185.75,16214.7,21821067
2022-05-24 09:15:00,16230.6,16262.8,16154.5,16166.65,37013530
2022-05-24 09:45:00,16166.3,16190.65,16133.4,16148.8,20005277
2022-05-24 10:15:00,16148.65,16186.15,16117.1,16157.8,16951198
2022-05-24 10:45:00,16157.4,16177.45,16149.95,16152.9,18875034
2022-05-24 11:15:00,16153.85,16220.85,16144.85,16220.85,15665190
2022-05-24 11:45:00,16222.3,16242.5,16171.1,16200.4,17476834
2022-05-24 12:15:00,16200.65,16238.05,16193.25,16221.4,12353848
2022-05-24 12:45:00,16221.85,16261.35,16152.5,16162.95,18455266
2022-05-24 13:15:00,16162.15,16197.85,16145.7,16190.65,14482753
2022-05-24 13:45:00,16191.05,16193.4,16141.05,16148.25,11949907
2022-05-24 14:15:00,16148.75,16167.9,16081.15,16106.1,21506446
2022-05-24 14:45:00,16106.05,16149.15,16078.6,16112.9,28309934
2022-05-24 15:15:00,16113.7,16139.5,16112.25,16125.15,25371301
2022-05-25 09:15:00,16197.1,16223.35,16158.9,16164.1,39342770
2022-05-25 09:45:00,16163.85,16171.7,16120.45,16134.2,18213421
2022-05-25 10:15:00,16134.75,16156.85,16114.3,16141.0,16886144
2022-05-25 10:45:00,16141.15,16164.7,16131.2,16164.2,15578438
2022-05-25 11:15:00,16164.45,16167.5,16090.15,16097.75,17109738
2022-05-25 11:45:00,16097.45,16097.45,16052.6,16076.65,14068302
2022-05-25 12:15:00,16076.35,16101.8,16063.7,16065.65,14754558
2022-05-25 12:45:00,16065.75,16075.7,16035.7,16070.3,15656673
2022-05-25 13:15:00,16070.8,16076.4,16014.55,16027.75,16398535
2022-05-25 13:45:00,16027.25,16092.5,16008.35,16083.1,19873824
2022-05-25 14:15:00,16083.5,16097.55,16040.4,16040.4,19776375
2022-05-25 14:45:00,16039.8,16043.5,16006.95,16027.45,25150733
2022-05-25 15:15:00,16028.7,16040.6,16021.2,16025.8,19670829
2022-05-26 09:15:00,16111.6,16129.9,16035.45,16036.45,47538529
2022-05-26 09:45:00,16037.2,16064.0,16013.05,16021.1,24690806
2022-05-26 10:15:00,16020.3,16035.95,15930.85,15944.15,25254972
2022-05-26 10:45:00,15943.4,15946.1,15910.75,15928.2,20964947
2022-05-26 11:15:00,15930.15,15951.45,15903.7,15915.0,18943305
2022-05-26 11:45:00,15916.75,15948.5,15914.65,15942.75,15771213
2022-05-26 12:15:00,15943.15,15971.8,15923.2,15969.6,19375614
2022-05-26 12:45:00,15969.95,16095.7,15961.45,16095.7,25969372
2022-05-26 13:15:00,16097.75,16164.55,16097.75,16142.0,24716100
2022-05-26 13:45:00,16144.55,16149.0,16063.8,16081.1,21030076
2022-05-26 14:15:00,16081.85,16147.75,16081.85,16143.65,24910765
2022-05-26 14:45:00,16143.15,16186.45,16131.7,16173.0,34724464
2022-05-26 15:15:00,16173.1,16204.45,16170.15,16170.15,22251706
2022-05-27 09:15:00,16300.2,16329.35,16275.3,16319.5,57155511
2022-05-27 09:45:00,16320.05,16323.0,16253.5,16280.0,24663538
2022-05-27 10:15:00,16280.45,16292.6,16234.65,16281.75,18632439
2022-05-27 10:45:00,16281.3,16282.7,16236.3,16253.3,16371548
2022-05-27 11:15:00,16253.8,16279.1,16236.65,16258.2,17054745
2022-05-27 11:45:00,16257.75,16273.45,16221.95,16237.4,15590930
2022-05-27 12:15:00,16237.7,16303.2,16230.45,16292.35,17393472
2022-05-27 12:45:00,16293.0,16324.2,16277.1,16317.05,14039295
2022-05-27 13:15:00,16317.25,16350.65,16309.6,16348.35,15791040
2022-05-27 13:45:00,16347.55,16370.6,16288.25,16339.35,23017898
2022-05-27 14:15:00,16340.85,16346.8,16296.4,16309.15,19069084
2022-05-27 14:45:00,16310.4,16359.3,16304.75,16346.2,21641242
2022-05-27 15:15:00,16347.55,16366.8,16342.95,16352.45,20730747
2022-05-30 09:15:00,16529.3,16612.2,16506.15,16595.55,46191230
2022-05-30 09:45:00,16595.05,16633.4,16593.75,16628.05,21045496
2022-05-30 10:15:00,16628.2,16640.7,16610.0,16637.2,20814063
2022-05-30 10:45:00,16637.05,16688.7,16630.8,16687.6,18922266
2022-05-30 11:15:00,16687.7,16695.45,16661.15,16693.5,20071590
2022-05-30 11:45:00,16694.15,16695.5,16658.9,16666.25,14579866
2022-05-30 12:15:00,16666.8,16672.95,16638.45,16664.7,14921272
2022-05-30 12:45:00,16665.55,16675.25,16637.1,16670.2,13728616
2022-05-30 13:15:00,16669.35,16672.95,16650.65,16660.5,14182684
2022-05-30 13:45:00,16660.85,16664.8,16625.85,16628.5,14918916
2022-05-30 14:15:00,16629.2,16652.4,16612.2,16628.55,18615770
2022-05-30 14:45:00,16629.4,16671.25,16627.0,16658.9,23026090
2022-05-30 15:15:00,16659.75,16672.7,16652.7,16661.4,16334731
2022-05-31 09:15:00,16599.45,16599.45,16521.9,16558.75,54198979
2022-05-31 09:45:00,16559.15,16596.9,16553.05,16591.9,24787394
2022-05-31 10:15:00,16591.6,16642.6,16578.15,16640.3,21078081
2022-05-31 10:45:00,16640.25,16662.35,16628.75,16648.35,17720175
2022-05-31 11:15:00,16648.2,16656.2,16627.9,16629.8,14823363
2022-05-31 11:45:00,16630.05,16670.9,16611.05,16658.0,20834443
2022-05-31 12:15:00,16658.4,16666.95,16624.45,16635.45,20342883
2022-05-31 12:45:00,16635.65,16641.85,16601.05,16619.85,21824052
2022-05-31 13:15:00,16619.95,16667.1,16614.95,16655.6,22214993
2022-05-31 13:45:00,16655.7,16690.75,16653.35,16670.9,28361887
2022-05-31 14:15:00,16671.65,16681.8,16638.6,16652.4,29247401
2022-05-31 14:45:00,16653.7,16667.35,16556.8,16557.75,216010987
2022-05-31 15:15:00,16557.8,16584.55,16532.45,16584.55,171300278
2022-06-01 09:15:00,16602.2,16649.2,16561.95,16571.95,46583091
2022-06-01 09:45:00,16572.05,16602.6,16537.9,16584.05,21430857
2022-06-01 10:15:00,16583.7,16632.25,16583.6,16613.05,17654123
2022-06-01 10:45:00,16613.35,16616.8,16579.9,16587.9,14396552
2022-06-01 11:15:00,16587.3,16612.45,16568.2,16605.0,13610381
2022-06-01 11:45:00,16603.2,16618.5,16576.45,16586.35,12038115
2022-06-01 12:15:00,16585.8,16587.3,16560.85,16582.35,11145302
2022-06-01 12:45:00,16582.45,16585.9,16542.6,16542.6,12205378
2022-06-01 13:15:00,16542.15,16551.85,16481.0,16481.9,16307148
2022-06-01 13:45:00,16481.75,16521.75,16462.55,16466.55,16158840
2022-06-01 14:15:00,16466.95,16488.0,16440.95,16446.85,16641938
2022-06-01 14:45:00,16446.6,16529.9,16438.85,16529.9,26860838
2022-06-01 15:15:00,16529.55,16549.8,16522.75,16522.75,32669075
2022-06-02 09:15:00,16496.45,16529.05,16443.05,16488.1,44490626
2022-06-02 09:45:00,16488.45,16544.0,16486.4,16536.2,23835101
2022-06-02 10:15:00,16536.65,16586.05,16518.85,16552.05,20408377
2022-06-02 10:45:00,16551.6,16556.25,16494.25,16517.5,16058786
2022-06-02 11:15:00,16517.3,16562.2,16509.2,16546.55,10980106
2022-06-02 11:45:00,16546.8,16565.65,16529.55,16549.2,9973063
2022-06-02 12:15:00,16548.4,16598.95,16546.6,16576.3,12123970
2022-06-02 12:45:00,16576.4,16592.7,16560.55,16575.5,9736895
2022-06-02 13:15:00,16574.7,16607.7,16546.2,16604.65,20061573
2022-06-02 13:45:00,16604.85,16630.05,16591.0,16627.05,15322717
2022-06-02 14:15:00,16627.4,16638.0,16608.05,16618.8,15843465
2022-06-02 14:45:00,16618.95,16646.4,16596.05,16632.7,25174343
2022-06-02 15:15:00,16633.2,16641.2,16627.25,16628.0,18811116
2022-06-03 09:15:00,16763.75,16793.85,16750.35,16765.3,40806828
2022-06-03 09:45:00,16765.35,16783.6,16743.8,16754.3,21092254
2022-06-03 10:15:00,16754.9,16757.05,16717.05,16720.8,17729836
2022-06-03 10:45:00,16720.95,16746.55,16710.15,16732.75,12366786
2022-06-03 11:15:00,16732.0,16756.75,16723.4,16755.05,11662869
2022-06-03 11:45:00,16756.15,16764.2,16742.25,16757.25,12123681
2022-06-03 12:15:00,16757.35,16764.1,16699.9,16729.75,14455063
2022-06-03 12:45:00,16730.5,16735.9,16696.1,16717.65,16715270
2022-06-03 13:15:00,16717.95,16723.95,16671.65,16676.05,16203468
2022-06-03 13:45:00,16675.95,16720.0,16659.05,16711.6,15985577
2022-06-03 14:15:00,16712.45,16719.85,16628.05,16655.55,16380779
2022-06-03 14:45:00,16654.8,16654.8,16567.9,16577.0,25932155
2022-06-03 15:15:00,16577.05,16607.65,16570.05,16584.3,25794705
2022-06-06 09:15:00,16547.7,16579.2,16444.55,16480.95,43536833
2022-06-06 09:45:00,16481.35,16545.15,16479.45,16498.65,21456769
2022-06-06 10:15:00,16498.75,16534.25,16485.5,16502.05,19277362
2022-06-06 10:45:00,16501.8,16523.65,16492.15,16502.5,13759185
2022-06-06 11:15:00,16504.0,16510.5,16482.15,16497.85,12976846
2022-06-06 11:45:00,16497.2,16559.8,16488.3,16559.25,17348101
2022-06-06 12:15:00,16559.1,16565.3,16534.45,16560.55,16349316
2022-06-06 12:45:00,16562.1,16585.6,16554.3,16560.7,14287734
2022-06-06 13:15:00,16561.35,16593.05,16551.15,16592.55,12309241
2022-06-06 13:45:00,16592.95,16610.95,16578.25,16604.8,16208279
2022-06-06 14:15:00,16605.95,16605.95,16554.25,16586.55,13442013
2022-06-06 14:45:00,16586.2,16604.0,16556.75,16573.5,18893977
2022-06-06 15:15:00,16574.45,16578.55,16557.75,16569.55,15233468
2022-06-07 09:15:00,16487.25,16487.25,16408.5,16427.7,40998818
2022-06-07 09:45:00,16426.9,16428.55,16382.85,16428.45,25952563
2022-06-07 10:15:00,16426.8,16444.1,16407.3,16415.4,27477798
2022-06-07 10:45:00,16415.3,16424.3,16373.2,16374.0,15257947
2022-06-07 11:15:00,16373.15,16382.85,16347.1,16370.9,15142584
2022-06-07 11:45:00,16370.25,16399.5,16368.25,16382.2,11964323
2022-06-07 12:15:00,16383.45,16416.9,16378.75,16413.45,12204538
2022-06-07 12:45:00,16414.1,16414.1,16381.2,16395.95,11824502
2022-06-07 13:15:00,16395.55,16415.0,16387.7,16396.2,13609489
2022-06-07 13:45:00,16395.8,16405.7,16374.85,16380.75,10912082
2022-06-07 14:15:00,16381.3,16425.95,16377.65,16387.65,13375318
2022-06-07 14:45:00,16387.95,16426.5,16375.5,16418.25,24832863
2022-06-07 15:15:00,16419.7,16427.3,16402.95,16416.35,20959367
2022-06-08 09:15:00,16481.55,16485.7,16348.9,16364.35,47857086
2022-06-08 09:45:00,16364.2,16390.2,16293.35,16376.05,26159014
2022-06-08 10:15:00,16376.95,16494.3,16361.65,16492.7,27944299
2022-06-08 10:45:00,16494.95,16514.3,16424.05,16430.35,19540362
2022-06-08 11:15:00,16430.25,16458.5,16424.0,16435.7,11773766
2022-06-08 11:45:00,16438.0,16484.65,16434.45,16476.35,10703208
2022-06-08 12:15:00,16476.6,16484.6,16449.85,16465.35,11748808
2022-06-08 12:45:00,16465.55,16471.2,16400.9,16401.3,11445092
2022-06-08 13:15:00,16401.7,16404.2,16327.3,16355.95,17367282
2022-06-08 13:45:00,16357.25,16373.85,16340.75,16345.45,12115729
2022-06-08 14:15:00,16346.05,16367.6,16310.05,16331.1,14931498
2022-06-08 14:45:00,16331.25,16376.65,16311.05,16361.5,22542180
2022-06-08 15:15:00,16361.6,16365.75,16335.4,16356.25,17783605
2022-06-09 09:15:00,16279.4,16331.4,16243.85,16330.45,38832712
2022-06-09 09:45:00,16329.45,16336.85,16306.15,16306.35,19293663
2022-06-09 10:15:00,16305.75,16378.45,16296.85,16377.25,14635127
2022-06-09 10:45:00,16377.0,16393.85,16355.5,16364.45,12742787
2022-06-09 11:15:00,16365.1,16366.2,16336.85,16356.5,11372015
2022-06-09 11:45:00,16356.2,16372.35,16339.3,16369.8,10766234
2022-06-09 12:15:00,16369.4,16420.4,16360.0,16398.35,19938420
2022-06-09 12:45:00,16398.85,16400.15,16332.45,16348.1,15096357
2022-06-09 13:15:00,16348.5,16375.3,16344.35,16364.8,8922153
2022-06-09 13:45:00,16364.9,16397.35,16363.05,16389.6,10741742
2022-06-09 14:15:00,16389.2,16449.8,16374.55,16449.25,16244402
2022-06-09 14:45:00,16450.5,16479.5,16438.05,16477.65,24979439
2022-06-09 15:15:00,16477.85,16492.8,16474.7,16478.1,19136256
2022-06-10 09:15:00,16306.0,16324.7,16257.8,16282.7,36145062
2022-06-10 09:45:00,16282.25,16294.25,16252.4,16263.7,15245886
2022-06-10 10:15:00,16263.6,16302.0,16261.2,16295.95,14903621
2022-06-10 10:45:00,16295.8,16301.5,16274.05,16274.8,12218215
2022-06-10 11:15:00,16274.6,16275.15,16232.9,16244.05,11206064
2022-06-10 11:45:00,16244.8,16258.7,16227.35,16254.25,11185066
2022-06-10 12:15:00,16254.7,16254.7,16213.65,16221.05,11399138
2022-06-10 12:45:00,16222.2,16235.2,16205.3,16214.8,8324923
2022-06-10 13:15:00,16215.75,16228.65,16191.35,16221.2,11623018
2022-06-10 13:45:00,16221.5,16235.8,16181.75,16190.15,11440845
2022-06-10 14:15:00,16191.05,16199.65,16172.6,16186.2,11994626
2022-06-10 14:45:00,16187.1,16229.25,16186.75,16211.9,20525571
2022-06-10 15:15:00,16211.35,16215.6,16177.75,16201.8,18430994
2022-06-13 09:15:00,15882.5,15886.15,15768.45,15780.45,48498368
2022-06-13 09:45:00,15778.0,15801.35,15760.95,15777.55,21468918
2022-06-13 10:15:00,15777.2,15802.2,15749.9,15785.9,15748517
2022-06-13 10:45:00,15785.8,15813.75,15776.15,15806.8,13505201
2022-06-13 11:15:00,15807.75,15820.3,15781.3,15783.75,13582853
2022-06-13 11:45:00,15784.55,15797.7,15781.1,15794.65,10780164
2022-06-13 12:15:00,15794.35,15808.05,15767.15,15774.75,10876952
2022-06-13 12:45:00,15774.6,15780.65,15746.1,15756.35,10590135
2022-06-13 13:15:00,15756.15,15778.15,15735.25,15735.55,10647279
2022-06-13 13:45:00,15737.2,15738.85,15684.0,15693.15,16716898
2022-06-13 14:15:00,15691.2,15767.75,15685.45,15752.8,17923448
2022-06-13 14:45:00,15754.55,15777.35,15735.05,15767.85,23526430
2022-06-13 15:15:00,15768.65,15805.1,15767.8,15774.4,20099512
2022-06-15 09:15:00,15749.65,15780.15,15685.85,15685.85,38004583
2022-06-15 09:45:00,15685.1,15746.3,15683.3,15744.45,15322739
2022-06-15 10:15:00,15743.8,15756.35,15705.2,15720.9,13100378
2022-06-15 10:45:00,15720.85,15723.05,15690.1,15707.9,10960094
2022-06-15 11:15:00,15707.55,15739.75,15701.65,15727.55,9409453
2022-06-15 11:45:00,15727.5,15750.75,15721.35,15738.85,10829411
2022-06-15 12:15:00,15738.55,15776.45,15723.95,15769.7,11065662
2022-06-15 12:45:00,15770.55,15783.65,15735.15,15769.7,11280295
2022-06-15 13:15:00,15769.8,15773.25,15738.25,15754.3,11189609
2022-06-15 13:45:00,15753.4,15775.2,15739.9,15742.8,9104076
2022-06-15 14:15:00,15742.75,15748.6,15710.35,15735.3,15737849
2022-06-15 14:45:00,15735.4,15736.15,15679.65,15692.8,22153246
2022-06-15 15:15:00,15693.2,15698.1,15678.9,15692.15,16786680
2022-06-16 09:15:00,15843.35,15863.15,15786.15,15793.25,37751209
2022-06-16 09:45:00,15792.15,15808.95,15754.1,15757.1,16626006
2022-06-16 10:15:00,15756.7,15762.4,15710.45,15713.35,16051180
2022-06-16 10:45:00,15713.5,15743.35,15684.05,15695.1,14899013
2022-06-16 11:15:00,15696.5,15696.5,15600.2,15619.45,16945502
2022-06-16 11:45:00,15616.85,15625.25,15540.85,15573.35,15910750
2022-06-16 12:15:00,15573.3,15611.35,15531.7,15549.45,14712922
2022-06-16 12:45:00,15548.7,15548.7,15458.95,15468.25,18490295
2022-06-16 13:15:00,15469.0,15487.8,15369.8,15435.6,23885122
2022-06-16 13:45:00,15435.65,15462.9,15400.65,15401.35,20100084
2022-06-16 14:15:00,15400.6,15426.65,15344.8,15359.95,25071151
2022-06-16 14:45:00,15360.3,15401.6,15344.15,15359.0,30391514
2022-06-16 15:15:00,15359.6,15363.3,15335.1,15360.6,23135861
2022-06-17 09:15:00,15305.95,15384.5,15183.4,15352.35,62816259
2022-06-17 09:45:00,15353.5,15400.4,15269.45,15291.8,30930288
2022-06-17 10:15:00,15292.25,15343.25,15281.25,15314.75,22987361
2022-06-17 10:45:00,15314.35,15331.15,15297.7,15307.35,20434625
2022-06-17 11:15:00,15308.05,15324.85,15222.3,15230.3,18627743
2022-06-17 11:45:00,15231.45,15275.65,15229.35,15269.1,14814020
2022-06-17 12:15:00,15269.9,15318.35,15254.2,15285.35,15110051
2022-06-17 12:45:00,15286.1,15328.6,15248.25,15268.45,15922607
2022-06-17 13:15:00,15267.0,15327.4,15261.4,15310.1,14569567
2022-06-17 13:45:00,15311.7,15357.1,15283.25,15313.25,18472444
2022-06-17 14:15:00,15313.9,15330.9,15250.05,15328.7,21156365
2022-06-17 14:45:00,15328.55,15387.0,15254.6,15263.95,60629415
2022-06-17 15:15:00,15264.2,15335.6,15250.45,15293.5,46962605
2022-06-20 09:15:00,15351.9,15363.1,15196.45,15202.4,47615191
2022-06-20 09:45:00,15202.15,15322.9,15191.1,15299.25,24923101
2022-06-20 10:15:00,15297.85,15332.9,15252.7,15306.0,17069650
2022-06-20 10:45:00,15306.15,15307.25,15258.15,15294.55,19554036
2022-06-20 11:15:00,15294.0,15318.9,15275.6,15318.9,14635805
2022-06-20 11:45:00,15319.2,15358.3,15311.8,15330.55,14254320
2022-06-20 12:15:00,15331.0,15382.5,15331.0,15363.75,15283614
2022-06-20 12:45:00,15363.45,15365.6,15301.7,15319.3,19447375
2022-06-20 13:15:00,15319.4,15324.75,15273.15,15295.35,20249381
2022-06-20 13:45:00,15296.7,15312.15,15263.6,15301.8,16165291
2022-06-20 14:15:00,15302.5,15317.45,15262.9,15273.3,19990939
2022-06-20 14:45:00,15273.4,15355.55,15250.2,15353.05,26827031
2022-06-20 15:15:00,15352.85,15379.95,15350.15,15350.15,18951145
2022-06-21 09:15:00,15460.1,15489.5,15419.85,15472.6,38178122
2022-06-21 09:45:00,15473.2,15569.85,15473.2,15556.3,22657661
2022-06-21 10:15:00,15557.4,15593.3,15543.9,15576.55,20994567
2022-06-21 10:45:00,15577.45,15593.6,15563.5,15591.95,14379565
2022-06-21 11:15:00,15592.25,15615.3,15563.0,15603.4,13517825
2022-06-21 11:45:00,15603.9,15617.65,15581.1,15584.9,13376925
2022-06-21 12:15:00,15584.2,15623.8,15583.5,15622.7,12714327
2022-06-21 12:45:00,15626.05,15677.6,15624.35,15677.05,14852662
2022-06-21 13:15:00,15677.0,15693.5,15659.4,15671.3,14672023
2022-06-21 13:45:00,15671.8,15707.25,15649.75,15689.25,20815300
2022-06-21 14:15:00,15689.65,15705.8,15638.0,15645.9,44139988
2022-06-21 14:45:00,15645.95,15665.25,15619.95,15637.7,23646789
2022-06-21 15:15:00,15638.4,15653.05,15624.7,15638.8,18226033
2022-06-22 09:15:00,15563.3,15565.4,15448.45,15456.1,46499807
2022-06-22 09:45:00,15455.9,15483.05,15426.6,15445.0,20436716
2022-06-22 10:15:00,15445.1,15521.7,15435.0,15495.5,17848276
2022-06-22 10:45:00,15495.15,15533.45,15475.25,15487.3,14420254
2022-06-22 11:15:00,15487.1,15504.85,15467.45,15476.85,13083967
2022-06-22 11:45:00,15477.05,15483.9,15452.65,15465.6,12628240
2022-06-22 12:15:00,15465.55,15482.45,15420.45,15438.9,12395638
2022-06-22 12:45:00,15438.6,15447.45,15407.5,15420.8,15540086
2022-06-22 13:15:00,15421.6,15427.55,15385.95,15416.05,13361164
2022-06-22 13:45:00,15416.15,15463.95,15399.3,15446.55,14253826
2022-06-22 14:15:00,15447.8,15462.95,15415.0,15434.7,14998811
2022-06-22 14:45:00,15434.95,15470.55,15406.35,15420.3,21992621
2022-06-22 15:15:00,15421.7,15425.6,15398.0,15413.3,18393557
2022-06-23 09:15:00,15461.2,15548.35,15411.55,15546.55,35104370
2022-06-23 09:45:00,15547.45,15595.05,15547.45,15593.5,21961795
2022-06-23 10:15:00,15592.4,15602.85,15576.25,15577.2,18093267
2022-06-23 10:45:00,15577.05,15628.2,15572.45,15612.95,17485457
2022-06-23 11:15:00,15612.9,15628.45,15581.65,15581.65,18673579
2022-06-23 11:45:00,15580.05,15580.1,15507.35,15533.8,23582371
2022-06-23 12:15:00,15534.05,15536.35,15456.85,15468.65,16922030
2022-06-23 12:45:00,15467.65,15467.65,15367.5,15386.3,18906078
2022-06-23 13:15:00,15386.35,15551.5,15379.85,15544.65,21052082
2022-06-23 13:45:00,15544.95,15579.75,15498.6,15499.35,18541921
2022-06-23 14:15:00,15499.15,15585.7,15493.65,15585.35,17175452
2022-06-23 14:45:00,15587.3,15591.8,15543.9,15561.5,26467356
2022-06-23 15:15:00,15563.25,15577.55,15551.85,15556.65,20713281
2022-06-24 09:15:00,15665.7,15749.25,15650.3,15683.05,43861810
2022-06-24 09:45:00,15683.75,15728.65,15677.2,15688.4,21785798
2022-06-24 10:15:00,15688.95,15697.0,15645.95,15677.9,14403214
2022-06-24 10:45:00,15678.25,15694.0,15662.4,15681.6,14809524
2022-06-24 11:15:00,15681.75,15695.25,15656.2,15667.35,12768222
2022-06-24 11:45:00,15666.7,15669.6,15621.75,15629.7,12335427
2022-06-24 12:15:00,15629.75,15671.35,15619.45,15668.75,17302896
2022-06-24 12:45:00,15668.7,15692.55,15652.3,15680.85,11879524
2022-06-24 13:15:00,15682.5,15682.7,15637.15,15637.75,11190574
2022-06-24 13:45:00,15640.2,15713.5,15637.7,15706.35,13054228
2022-06-24 14:15:00,15706.15,15717.05,15676.5,15704.8,12956857
2022-06-24 14:45:00,15703.75,15710.45,15676.1,15709.75,20437455
2022-06-24 15:15:00,15710.55,15712.0,15695.7,15699.25,18469746
2022-06-27 09:15:00,15914.95,15927.45,15862.6,15909.85,37359086
2022-06-27 09:45:00,15909.2,15913.25,15868.4,15868.4,18728329
2022-06-27 10:15:00,15867.95,15892.95,15861.6,15879.15,17467456
2022-06-27 10:45:00,15878.3,15881.6,15853.05,15871.8,16170409
2022-06-27 11:15:00,15871.5,15880.2,15843.05,15844.55,12769632
2022-06-27 11:45:00,15844.3,15860.4,15831.9,15848.3,10762139
2022-06-27 12:15:00,15848.1,15890.15,15843.3,15884.55,10408248
2022-06-27 12:45:00,15885.05,15911.55,15874.5,15889.15,12826186
2022-06-27 13:15:00,15888.5,15911.1,15881.05,15896.4,10677837
2022-06-27 13:45:00,15896.65,15907.2,15871.25,15882.7,15599295
2022-06-27 14:15:00,15882.3,15887.4,15840.15,15841.35,15684729
2022-06-27 14:45:00,15840.95,15866.6,15815.5,15835.75,21106467
2022-06-27 15:15:00,15837.1,15843.9,15823.3,15832.05,18889892
2022-06-28 09:15:00,15768.35,15792.35,15718.7,15746.05,44698687
2022-06-28 09:45:00,15746.75,15749.85,15710.15,15718.9,18442181
2022-06-28 10:15:00,15718.55,15744.95,15716.75,15739.7,14457991
2022-06-28 10:45:00,15741.25,15758.15,15726.0,15747.2,14118255
2022-06-28 11:15:00,15747.8,15791.25,15741.5,15783.4,13612009
2022-06-28 11:45:00,15782.25,15810.05,15781.3,15797.1,15906290
2022-06-28 12:15:00,15797.05,15837.8,15776.15,15828.15,17602131
2022-06-28 12:45:00,15828.0,15830.35,15759.3,15762.05,15334521
2022-06-28 13:15:00,15762.45,15806.55,15759.0,15799.4,14508363
2022-06-28 13:45:00,15799.5,15815.0,15780.55,15793.55,14190500
2022-06-28 14:15:00,15794.2,15842.25,15792.25,15836.95,27378917
2022-06-28 14:45:00,15837.0,15855.85,15814.85,15843.35,27425264
2022-06-28 15:15:00,15843.15,15892.1,15837.75,15850.2,23543892
2022-06-29 09:15:00,15717.65,15744.85,15687.8,15742.3,42606893
2022-06-29 09:45:00,15743.3,15767.9,15734.45,15754.9,20820308
2022-06-29 10:15:00,15755.15,15787.6,15754.45,15764.4,13919530
2022-06-29 10:45:00,15764.45,15773.0,15743.35,15769.2,10350660
2022-06-29 11:15:00,15769.7,15800.25,15769.2,15790.75,12142726
2022-06-29 11:45:00,15790.85,15822.8,15785.0,15809.1,14246812
2022-06-29 12:15:00,15809.2,15814.4,15779.7,15795.05,12221443
2022-06-29 12:45:00,15795.45,15840.2,15795.35,15829.55,21360874
2022-06-29 13:15:00,15830.5,15853.6,15815.8,15837.35,16217722
2022-06-29 13:45:00,15836.9,15855.45,15821.65,15849.95,15015091
2022-06-29 14:15:00,15849.45,15861.6,15801.5,15826.9,23674961
2022-06-29 14:45:00,15827.55,15845.45,15787.1,15790.25,134811884
2022-06-29 15:15:00,15789.35,15805.2,15775.85,15799.1,108370184
2022-06-30 09:15:00,15790.2,15883.65,15769.95,15878.55,55132605
2022-06-30 09:45:00,15878.7,15890.0,15830.85,15836.55,25661069
2022-06-30 10:15:00,15835.45,15836.15,15785.85,15830.0,21079491
2022-06-30 10:45:00,15830.4,15845.0,15768.5,15774.85,22526736
2022-06-30 11:15:00,15771.7,15812.75,15765.95,15788.6,17838338
2022-06-30 11:45:00,15789.0,15802.7,15750.7,15755.85,17715760
2022-06-30 12:15:00,15756.65,15820.1,15734.15,15768.9,20841931
2022-06-30 12:45:00,15768.4,15806.05,15750.15,15804.45,15452834
2022-06-30 13:15:00,15804.85,15838.5,15787.2,15830.85,16648780
2022-06-30 13:45:00,15830.95,15846.65,15796.15,15845.15,18499227
2022-06-30 14:15:00,15845.0,15852.4,15793.6,15801.75,18617900
2022-06-30 14:45:00,15801.65,15834.75,15778.25,15779.0,46348251
2022-06-30 15:15:00,15778.0,15780.25,15728.85,15780.25,39364526
2022-07-01 09:15:00,15708.3,15719.95,15628.65,15637.55,41184892
2022-07-01 09:45:00,15636.8,15650.65,15526.0,15554.65,40006145
2022-07-01 10:15:00,15554.25,15630.2,15511.05,15616.0,48457865
2022-07-01 10:45:00,15615.75,15631.05,15595.1,15626.55,24477458
2022-07-01 11:15:00,15626.95,15648.6,15609.05,15614.15,27145523
2022-07-01 11:45:00,15613.9,15645.25,15590.6,15631.8,22949154
2022-07-01 12:15:00,15632.85,15662.9,15627.35,15640.4,21074337
2022-07-01 12:45:00,15641.3,15697.9,15631.15,15683.4,21796233
2022-07-01 13:15:00,15684.1,15702.05,15647.45,15690.4,21615571
2022-07-01 13:45:00,15690.0,15695.85,15645.4,15648.5,21349124
2022-07-01 14:15:00,15648.55,15708.85,15634.0,15706.0,26487761
2022-07-01 14:45:00,15706.4,15760.65,15691.65,15746.7,36465501
2022-07-01 15:15:00,15748.45,15793.95,15747.9,15752.05,29943515
2022-07-04 09:15:00,15735.65,15797.45,15695.05,15716.45,67365889
2022-07-04 09:45:00,15714.95,15719.45,15662.55,15672.35,27484874
2022-07-04 10:15:00,15671.4,15703.45,15661.8,15703.45,19861292
2022-07-04 10:45:00,15703.05,15748.1,15703.05,15734.35,23567306
2022-07-04 11:15:00,15734.3,15764.15,15722.8,15763.0,16088377
2022-07-04 11:45:00,15763.15,15771.85,15751.4,15763.6,12584331
2022-07-04 12:15:00,15762.75,15778.2,15753.25,15765.7,15904809
2022-07-04 12:45:00,15765.85,15794.75,15752.1,15778.1,19119522
2022-07-04 13:15:00,15777.3,15779.8,15744.15,15759.7,18622039
2022-07-04 13:45:00,15759.8,15775.25,15735.2,15774.75,15204094
2022-07-04 14:15:00,15774.5,15795.75,15769.65,15789.2,19827666
2022-07-04 14:45:00,15787.95,15852.35,15786.45,15841.1,31611154
2022-07-04 15:15:00,15840.45,15843.8,15824.6,15835.35,21951898
2022-07-05 09:15:00,15913.5,15960.2,15891.55,15958.45,43149419
2022-07-05 09:45:00,15958.35,15987.0,15953.2,15970.35,22885863
2022-07-05 10:15:00,15969.9,15999.25,15962.3,15996.1,15621127
2022-07-05 10:45:00,15996.35,16002.35,15981.2,15984.8,15883993
2022-07-05 11:15:00,15984.55,16020.8,15982.35,16019.05,16464462
2022-07-05 11:45:00,16019.15,16019.25,16001.5,16015.4,12817502
2022-07-05 12:15:00,16015.25,16025.75,15988.65,15992.3,18197079
2022-07-05 12:45:00,15992.0,16009.9,15965.3,15974.8,15185011
2022-07-05 13:15:00,15975.0,15988.3,15940.9,15944.1,15087817
2022-07-05 13:45:00,15943.75,15943.75,15848.95,15857.35,24693255
2022-07-05 14:15:00,15857.55,15882.35,15838.5,15865.55,17634652
2022-07-05 14:45:00,15863.45,15867.4,15785.45,15814.35,26078487
2022-07-05 15:15:00,15814.95,15823.3,15796.55,15810.85,20582870
2022-07-06 09:15:00,15830.05,15905.0,15814.05,15816.85,50843418
2022-07-06 09:45:00,15817.2,15899.3,15800.9,15880.05,26463093
2022-07-06 10:15:00,15880.4,15900.85,15865.75,15898.7,24447929
2022-07-06 10:45:00,15898.5,15927.15,15881.25,15891.15,19457081
2022-07-06 11:15:00,15892.05,15909.5,15850.85,15869.8,18189516
2022-07-06 11:45:00,15869.2,15885.8,15861.7,15883.2,17318103
2022-07-06 12:15:00,15883.3,15942.4,15881.9,15922.75,19897334
2022-07-06 12:45:00,15922.95,16000.15,15922.95,16000.0,17609316
2022-07-06 13:15:00,15998.95,16002.2,15956.1,15983.05,18552884
2022-07-06 13:45:00,15983.2,15983.3,15910.1,15918.5,17973104
2022-07-06 14:15:00,15918.65,15968.65,15911.95,15919.1,19399308
2022-07-06 14:45:00,15918.55,15994.9,15907.95,15994.25,29702217
2022-07-06 15:15:00,15992.0,16011.35,15989.8,15989.8,24291133
2022-07-07 09:15:00,16104.2,16139.5,16072.05,16085.0,48530916
2022-07-07 09:45:00,16083.85,16100.6,16063.75,16091.8,20469943
2022-07-07 10:15:00,16092.05,16125.55,16089.05,16124.8,17179556
2022-07-07 10:45:00,16125.45,16126.15,16089.4,16093.65,16643616
2022-07-07 11:15:00,16093.55,16117.6,16085.25,16104.45,13556477
2022-07-07 11:45:00,16104.2,16118.55,16094.55,16096.75,13469915
2022-07-07 12:15:00,16097.4,16111.05,16090.15,16092.25,11044405
2022-07-07 12:45:00,16093.15,16130.65,16090.7,16109.15,13410524
2022-07-07 13:15:00,16109.7,16143.25,16108.4,16131.95,15651152
2022-07-07 13:45:00,16132.05,16132.45,16058.2,16060.1,16955622
2022-07-07 14:15:00,16059.5,16118.75,16045.95,16118.0,20896974
2022-07-07 14:45:00,16116.9,16150.5,16111.7,16127.4,38917741
2022-07-07 15:15:00,16127.95,16140.7,16124.15,16132.9,26821659
2022-07-08 09:15:00,16275.5,16275.5,16185.2,16225.95,57659447
2022-07-08 09:45:00,16225.75,16236.75,16177.4,16196.45,29998914
2022-07-08 10:15:00,16195.7,16217.8,16190.4,16210.15,17887802
2022-07-08 10:45:00,16210.25,16218.8,16200.55,16203.75,17667263
2022-07-08 11:15:00,16203.7,16207.75,16183.2,16200.85,17029387
2022-07-08 11:45:00,16200.2,16202.15,16173.05,16180.3,13886779
2022-07-08 12:15:00,16180.1,16210.95,16174.0,16199.1,13813389
2022-07-08 12:45:00,16199.5,16210.95,16188.55,16196.0,14779066
2022-07-08 13:15:00,16196.85,16226.4,16181.2,16216.7,18397302
2022-07-08 13:45:00,16216.3,16216.6,16179.75,16189.25,15268256
2022-07-08 14:15:00,16189.0,16192.35,16157.9,16174.0,18455515
2022-07-08 14:45:00,16173.1,16236.55,16172.5,16230.05,27588453
2022-07-08 15:15:00,16230.1,16232.85,16214.15,16220.6,22553013
2022-07-11 09:15:00,16152.0,16166.75,16115.5,16155.0,46042642
2022-07-11 09:45:00,16153.9,16175.45,16135.95,16167.5,23494390
2022-07-11 10:15:00,16167.1,16172.45,16143.5,16152.0,14240291
2022-07-11 10:45:00,16152.25,16166.85,16145.5,16160.35,13403382
2022-07-11 11:15:00,16160.25,16162.2,16128.3,16133.9,18301475
2022-07-11 11:45:00,16134.7,16156.2,16128.5,16146.75,13070060
2022-07-11 12:15:00,16146.85,16149.5,16117.2,16136.85,11768447
2022-07-11 12:45:00,16137.15,16172.25,16134.25,16169.75,14478946
2022-07-11 13:15:00,16169.85,16197.25,16160.6,16191.35,21014930
2022-07-11 13:45:00,16191.5,16226.85,16185.65,16211.6,18062539
2022-07-11 14:15:00,16211.55,16248.55,16209.15,16238.15,17561154
2022-07-11 14:45:00,16238.0,16242.75,16214.6,16218.05,26892775
2022-07-11 15:15:00,16218.7,16222.7,16194.25,16216.0,23787515
2022-07-12 09:15:00,16134.75,16153.3,16103.35,16131.1,39926168
2022-07-12 09:45:00,16131.75,16156.85,16128.35,16142.2,18555034
2022-07-12 10:15:00,16142.0,16158.75,16132.6,16144.75,14746465
2022-07-12 10:45:00,16145.05,16157.65,16140.2,16146.15,11676012
2022-07-12 11:15:00,16145.9,16146.65,16109.1,16115.5,12912569
2022-07-12 11:45:00,16114.65,16131.25,16107.4,16122.8,11372386
2022-07-12 12:15:00,16122.45,16122.45,16082.25,16104.05,12799367
2022-07-12 12:45:00,16103.7,16103.7,16070.1,16080.65,11141213
2022-07-12 13:15:00,16080.5,16109.45,16079.85,16106.55,12028495
2022-07-12 13:45:00,16106.0,16134.95,16092.3,16134.95,13554070
2022-07-12 14:15:00,16134.8,16144.55,16117.7,16118.7,18603807
2022-07-12 14:45:00,16119.1,16125.05,16056.0,16056.3,23835404
2022-07-12 15:15:00,16055.75,16058.3,16031.15,16058.3,19834072
2022-07-13 09:15:00,16129.2,16139.6,16102.2,16123.9,43568947
2022-07-13 09:45:00,16124.05,16140.0,16109.5,16129.25,18428863
2022-07-13 10:15:00,16129.0,16131.55,16064.2,16074.1,19585100
2022-07-13 10:45:00,16073.75,16082.75,16056.75,16077.5,12049644
2022-07-13 11:15:00,16077.45,16102.7,16075.25,16084.45,12943592
2022-07-13 11:45:00,16084.5,16095.0,16066.1,16084.95,11745580
2022-07-13 12:15:00,16084.9,16094.8,16050.65,16053.85,13873968
2022-07-13 12:45:00,16053.6,16057.0,15989.95,16001.75,15588546
2022-07-13 13:15:00,16001.9,16008.85,15968.2,15971.05,15400842
2022-07-13 13:45:00,15970.75,16007.8,15968.0,15981.8,13894776
2022-07-13 14:15:00,15981.65,16007.55,15981.3,15990.15,17997977
2022-07-13 14:45:00,15991.1,15994.5,15950.15,15959.8,26115616
2022-07-13 15:15:00,15959.75,15982.3,15955.95,15966.65,20872784
2022-07-14 09:15:00,16021.95,16049.4,15993.7,16033.3,34978362
2022-07-14 09:45:00,16033.05,16070.85,16033.05,16048.5,14728448
2022-07-14 10:15:00,16049.15,16052.7,16012.85,16025.05,10840447
2022-07-14 10:45:00,16024.85,16041.85,16003.4,16005.65,9866822
2022-07-14 11:15:00,16005.95,16005.95,15955.55,15974.35,16218172
2022-07-14 11:45:00,15974.4,15974.4,15937.55,15957.45,10988294
2022-07-14 12:15:00,15956.3,15978.55,15943.1,15945.2,10956307
2022-07-14 12:45:00,15944.85,16002.15,15942.7,15972.45,27197223
2022-07-14 13:15:00,15972.3,15972.3,15919.05,15928.8,15029376
2022-07-14 13:45:00,15929.85,15943.85,15871.35,15872.3,16164009
2022-07-14 14:15:00,15872.4,15915.8,15858.2,15904.7,16849650
2022-07-14 14:45:00,15904.35,15954.8,15883.2,15942.5,27257835
2022-07-14 15:15:00,15942.55,15955.1,15934.5,15938.65,20434099
2022-07-15 09:15:00,15994.45,16041.25,15970.75,15980.45,36235483
2022-07-15 09:45:00,15980.65,15994.6,15961.7,15989.95,15008314
2022-07-15 10:15:00,15990.95,16002.4,15973.25,15982.4,12734232
2022-07-15 10:45:00,15982.1,15982.4,15934.9,15946.4,12827245
2022-07-15 11:15:00,15946.25,15974.65,15944.85,15965.3,12682913
2022-07-15 11:45:00,15965.7,15984.8,15935.9,15949.35,12918316
2022-07-15 12:15:00,15949.45,15959.55,15927.3,15946.05,10518757
2022-07-15 12:45:00,15945.7,15983.05,15945.65,15979.5,10673836
2022-07-15 13:15:00,15980.05,15986.5,15948.85,15951.4,12447932
2022-07-15 13:45:00,15951.95,15992.25,15945.1,15992.25,13067120
2022-07-15 14:15:00,15993.65,16029.2,15987.9,16017.85,17440751
2022-07-15 14:45:00,16018.15,16054.3,15998.65,16053.25,21744735
2022-07-15 15:15:00,16052.9,16066.95,16044.1,16049.2,19705310
2022-07-18 09:15:00,16152.3,16199.7,16142.2,16169.5,34765113
2022-07-18 09:45:00,16168.3,16190.65,16160.6,16184.8,19377201
2022-07-18 10:15:00,16185.9,16191.45,16171.3,16185.8,16274802
2022-07-18 10:45:00,16184.8,16217.0,16181.55,16210.7,14809051
2022-07-18 11:15:00,16211.15,16220.4,16202.4,16205.35,11263775
2022-07-18 11:45:00,16205.55,16218.75,16191.75,16216.2,11887215
2022-07-18 12:15:00,16216.55,16227.35,16210.5,16219.6,14144214
2022-07-18 12:45:00,16218.3,16227.8,16210.6,16218.95,11906462
2022-07-18 13:15:00,16219.1,16221.85,16197.05,16216.55,13754266
2022-07-18 13:45:00,16217.05,16238.8,16214.65,16232.5,17443426
2022-07-18 14:15:00,16232.65,16246.85,16227.0,16246.2,13693701
2022-07-18 14:45:00,16246.55,16284.15,16243.45,16271.05,25789191
2022-07-18 15:15:00,16271.7,16287.95,16266.4,16278.5,21832434
2022-07-19 09:15:00,16205.55,16268.35,16194.75,16264.55,40614103
2022-07-19 09:45:00,16264.7,16298.0,16264.0,16294.9,16720808
2022-07-19 10:15:00,16294.75,16305.95,16275.75,16303.8,12854255
2022-07-19 10:45:00,16303.7,16328.65,16294.65,16323.2,13638131
2022-07-19 11:15:00,16323.3,16323.3,16268.5,16268.5,17419100
2022-07-19 11:45:00,16268.6,16306.9,16255.15,16304.65,13301592
2022-07-19 12:15:00,16303.85,16322.25,16297.5,16314.9,10683094
2022-07-19 12:45:00,16315.25,16321.3,16269.05,16272.55,11143835
2022-07-19 13:15:00,16271.8,16301.2,16265.85,16296.8,10468742
2022-07-19 13:45:00,16297.2,16315.0,16289.25,16298.3,10024720
2022-07-19 14:15:00,16297.95,16347.9,16279.25,16334.95,14820346
2022-07-19 14:45:00,16333.85,16359.5,16330.1,16350.55,26228079
2022-07-19 15:15:00,16349.9,16351.65,16323.75,16340.55,27374436
2022-07-20 09:15:00,16565.45,16565.45,16501.55,16538.8,70589279
2022-07-20 09:45:00,16539.15,16546.35,16520.3,16542.45,25276666
2022-07-20 10:15:00,16543.1,16553.0,16529.2,16549.1,20952255
2022-07-20 10:45:00,16549.0,16568.9,16543.8,16563.25,22017590
2022-07-20 11:15:00,16563.05,16567.55,16551.25,16559.95,16411106
2022-07-20 11:45:00,16559.8,16560.65,16533.85,16557.45,15392991
2022-07-20 12:15:00,16556.85,16583.5,16556.35,16580.1,16210234
2022-07-20 12:45:00,16580.8,16588.0,16530.4,16530.4,20695942
2022-07-20 13:15:00,16530.65,16567.0,16522.05,16555.95,15605778
2022-07-20 13:45:00,16555.9,16565.0,16536.2,16547.05,12393670
2022-07-20 14:15:00,16547.45,16547.8,16516.5,16519.75,14830457
2022-07-20 14:45:00,16520.5,16542.4,16515.55,16516.2,22455184
2022-07-20 15:15:00,16515.8,16521.9,16490.95,16520.85,22754283
2022-07-21 09:15:00,16523.7,16538.3,16483.9,16533.7,43210219
2022-07-21 09:45:00,16533.3,16576.05,16533.3,16573.0,21912668
2022-07-21 10:15:00,16574.1,16578.45,16552.45,16557.75,14789422
2022-07-21 10:45:00,16558.05,16574.7,16550.2,16569.15,13840964
2022-07-21 11:15:00,16569.4,16592.1,16563.75,16581.9,12113897
2022-07-21 11:45:00,16582.0,16584.65,16564.8,16573.05,13514202
2022-07-21 12:15:00,16573.25,16577.85,16558.15,16575.6,15679080
2022-07-21 12:45:00,16575.55,16586.35,16540.1,16542.7,13204669
2022-07-21 13:15:00,16542.15,16557.35,16529.95,16538.4,12341368
2022-07-21 13:45:00,16539.0,16564.4,16517.3,16560.55,14057588
2022-07-21 14:15:00,16560.35,16602.0,16556.75,16585.05,13994319
2022-07-21 14:45:00,16585.3,16612.4,16558.9,16611.85,29614203
2022-07-21 15:15:00,16610.9,16626.95,16604.05,16605.25,26462753
2022-07-22 09:15:00,16666.8,16704.8,16653.45,16657.9,32479132
2022-07-22 09:45:00,16657.75,16657.75,16623.1,16629.0,18362186
2022-07-22 10:15:00,16628.9,16652.25,16610.9,16622.45,12059026
2022-07-22 10:45:00,16622.35,16638.5,16617.95,16638.25,9727222
2022-07-22 11:15:00,16638.05,16653.85,16636.6,16653.85,10021713
2022-07-22 11:45:00,16653.7,16682.1,16652.7,16680.5,13907581
2022-07-22 12:15:00,16678.5,16698.75,16670.5,16693.15,12323867
2022-07-22 12:45:00,16692.35,16707.25,16670.75,16680.4,11969374
2022-07-22 13:15:00,16679.55,16701.2,16664.35,16700.65,12210120
2022-07-22 13:45:00,16700.3,16738.75,16694.4,16727.8,12861625
2022-07-22 14:15:00,16727.85,16752.25,16712.05,16717.9,12656960
2022-07-22 14:45:00,16717.95,16736.4,16709.75,16729.05,19763303
2022-07-22 15:15:00,16728.9,16729.3,16705.95,16719.45,19083591
2022-07-25 09:15:00,16671.15,16706.05,16633.8,16641.4,44687062
2022-07-25 09:45:00,16641.6,16641.6,16586.5,16622.25,20498522
2022-07-25 10:15:00,16621.7,16631.4,16600.05,16602.65,13536181
2022-07-25 10:45:00,16602.2,16612.4,16567.6,16568.15,12501108
2022-07-25 11:15:00,16567.4,16595.15,16564.25,16587.1,13100034
2022-07-25 11:45:00,16585.95,16610.0,16580.9,16589.1,12106825
2022-07-25 12:15:00,16588.8,16605.45,16581.4,16595.15,11071917
2022-07-25 12:45:00,16594.35,16622.65,16581.85,16619.7,10719496
2022-07-25 13:15:00,16620.6,16628.55,16590.6,16604.15,10451671
2022-07-25 13:45:00,16605.15,16651.8,16602.35,16647.95,15581356
2022-07-25 14:15:00,16647.25,16684.05,16646.55,16674.15,18565093
2022-07-25 14:45:00,16674.1,16674.2,16631.3,16632.6,22758905
2022-07-25 15:15:00,16633.45,16635.15,16603.2,16631.0,18646658
2022-07-26 09:15:00,16636.1,16636.1,16529.45,16539.3,37688113
2022-07-26 09:45:00,16539.35,16540.15,16505.6,16512.1,18867133
2022-07-26 10:15:00,16512.4,16538.6,16495.55,16503.35,17476007
2022-07-26 10:45:00,16503.7,16525.3,16498.65,16504.45,12391293
2022-07-26 11:15:00,16504.6,16526.8,16498.95,16513.0,13254476
2022-07-26 11:45:00,16512.0,16547.05,16508.9,16536.9,10828543
2022-07-26 12:15:00,16536.5,16557.3,16530.05,16547.7,13047526
2022-07-26 12:45:00,16547.15,16556.35,16535.95,16552.0,10702659
2022-07-26 13:15:00,16552.2,16572.95,16539.95,16541.0,13278827
2022-07-26 13:45:00,16541.5,16545.55,16506.0,16538.95,14375420
2022-07-26 14:15:00,16538.6,16547.35,16487.45,16487.75,14999408
2022-07-26 14:45:00,16488.25,16510.45,16480.85,16482.7,22516764
2022-07-26 15:15:00,16483.9,16486.45,16463.3,16483.85,15540103
2022-07-27 09:15:00,16479.9,16512.1,16438.75,16454.1,29296736
2022-07-27 09:45:00,16453.55,16525.55,16451.8,16523.2,20579172
2022-07-27 10:15:00,16522.75,16545.3,16515.2,16538.85,11777261
2022-07-27 10:45:00,16538.2,16556.65,16535.8,16543.65,11882932
2022-07-27 11:15:00,16543.4,16568.75,16539.7,16565.5,9971141
2022-07-27 11:45:00,16564.95,16570.6,16554.45,16568.5,11050932
2022-07-27 12:15:00,16569.05,16572.55,16543.8,16556.35,11878917
2022-07-27 12:45:00,16556.5,16605.65,16552.25,16593.9,13528254
2022-07-27 13:15:00,16592.8,16617.2,16582.85,16599.9,9983123
2022-07-27 13:45:00,16599.95,16604.05,16575.8,16582.0,10040144
2022-07-27 14:15:00,16581.6,16614.15,16578.15,16601.9,12729165
2022-07-27 14:45:00,16601.0,16645.35,16592.3,16643.65,21180685
2022-07-27 15:15:00,16643.35,16653.45,16637.65,16641.8,18432662
2022-07-28 09:15:00,16776.2,16791.75,16746.25,16758.95,71562012
2022-07-28 09:45:00,16758.0,16826.45,16755.7,16819.95,34317000
2022-07-28 10:15:00,16820.5,16856.3,16812.15,16840.35,25135030
2022-07-28 10:45:00,16841.45,16878.85,16837.45,16877.1,28741285
2022-07-28 11:15:00,16877.2,16889.9,16859.55,16885.55,32615367
2022-07-28 11:45:00,16885.0,16896.5,16869.3,16893.85,30292035
2022-07-28 12:15:00,16894.3,16908.75,16882.4,16905.2,18873393
2022-07-28 12:45:00,16905.3,16920.45,16884.0,16913.5,20554412
2022-07-28 13:15:00,16912.95,16924.0,16899.95,16911.95,18091532
2022-07-28 13:45:00,16910.9,16930.55,16901.75,16920.6,19783500
2022-07-28 14:15:00,16920.5,16925.45,16881.2,16883.15,20370417
2022-07-28 14:45:00,16883.55,16943.75,16869.85,16936.3,34251419
2022-07-28 15:15:00,16935.5,16947.65,16918.3,16929.6,25492100
2022-07-29 09:15:00,17064.75,17131.5,17059.8,17120.4,71486598
2022-07-29 09:45:00,17119.15,17141.75,17104.85,17109.3,58989743
2022-07-29 10:15:00,17108.7,17122.35,17018.15,17034.95,48236028
2022-07-29 10:45:00,17035.7,17103.85,17031.0,17098.75,26949538
2022-07-29 11:15:00,17098.45,17107.65,17074.9,17093.45,24578597
2022-07-29 11:45:00,17094.1,17109.05,17092.15,17101.5,18880416
2022-07-29 12:15:00,17101.4,17107.4,17084.65,17101.7,17724911
2022-07-29 12:45:00,17101.65,17121.95,17095.85,17106.2,15839788
2022-07-29 13:15:00,17106.65,17115.45,17072.1,17092.65,18761629
2022-07-29 13:45:00,17092.95,17109.2,17073.95,17079.15,23122064
2022-07-29 14:15:00,17078.55,17098.85,17061.5,17096.9,25858787
2022-07-29 14:45:00,17096.35,17169.5,17071.6,17159.8,51108829
2022-07-29 15:15:00,17159.55,17172.8,17153.95,17158.25,39880744
2022-08-01 09:15:00,17243.7,17244.8,17154.8,17230.05,96272379
2022-08-01 09:45:00,17230.2,17275.65,17225.8,17272.95,48404641
2022-08-01 10:15:00,17273.05,17286.35,17255.9,17284.0,27175815
2022-08-01 10:45:00,17284.4,17286.95,17263.35,17266.0,21028723
2022-08-01 11:15:00,17266.95,17273.85,17249.15,17266.25,19627954
2022-08-01 11:45:00,17267.55,17278.25,17249.75,17261.7,16296517
2022-08-01 12:15:00,17261.45,17293.8,17261.25,17289.4,18493556
2022-08-01 12:45:00,17289.0,17300.65,17283.45,17286.6,16551818
2022-08-01 13:15:00,17285.95,17304.95,17276.8,17296.95,16318109
2022-08-01 13:45:00,17297.65,17318.4,17286.85,17309.7,18681848
2022-08-01 14:15:00,17309.9,17326.85,17295.25,17323.4,23659716
2022-08-01 14:45:00,17323.75,17356.25,17315.3,17334.9,42223738
2022-08-01 15:15:00,17334.75,17348.9,17328.6,17340.05,36611043
2022-08-02 09:15:00,17294.2,17331.35,17268.2,17306.95,84689475
2022-08-02 09:45:00,17306.15,17307.85,17215.85,17226.3,35876668
2022-08-02 10:15:00,17225.65,17269.9,17225.3,17265.1,20576421
2022-08-02 10:45:00,17265.65,17273.9,17239.15,17254.9,17057875
2022-08-02 11:15:00,17254.8,17304.3,17243.8,17300.5,16576622
2022-08-02 11:45:00,17300.4,17303.6,17274.5,17292.4,15584024
2022-08-02 12:15:00,17292.45,17304.45,17237.95,17240.85,17915723
2022-08-02 12:45:00,17239.7,17280.75,17234.6,17263.95,14941701
2022-08-02 13:15:00,17263.15,17294.7,17263.1,17286.75,14203612
2022-08-02 13:45:00,17286.2,17346.6,17286.2,17322.35,22823184
2022-08-02 14:15:00,17322.25,17383.95,17316.9,17383.55,25534789
2022-08-02 14:45:00,17383.4,17390.15,17340.05,17364.8,38259887
2022-08-02 15:15:00,17364.6,17364.6,17287.0,17345.45,28311018
2022-08-03 09:15:00,17350.25,17385.0,17270.0,17273.4,55656573
2022-08-03 09:45:00,17272.65,17326.4,17262.2,17300.1,27012535
2022-08-03 10:15:00,17300.6,17300.75,17250.2,17276.3,21620053
2022-08-03 10:45:00,17276.5,17276.7,17235.2,17236.85,18994671
2022-08-03 11:15:00,17236.8,17268.65,17225.85,17266.1,19538734
2022-08-03 11:45:00,17266.55,17279.7,17242.25,17248.35,18251395
2022-08-03 12:15:00,17248.65,17276.5,17232.75,17263.85,17401201
2022-08-03 12:45:00,17263.15,17305.5,17260.45,17287.9,15952513
2022-08-03 13:15:00,17288.1,17302.15,17260.3,17275.85,15603851
2022-08-03 13:45:00,17277.75,17318.1,17267.75,17305.4,17104659
2022-08-03 14:15:00,17305.75,17337.0,17288.55,17333.65,17861468
2022-08-03 14:45:00,17335.3,17403.25,17325.4,17401.15,32780201
2022-08-03 15:15:00,17401.1,17407.5,17387.6,17388.15,27966959
2022-08-04 09:15:00,17467.55,17490.7,17446.95,17464.05,51178316
2022-08-04 09:45:00,17464.35,17488.25,17428.05,17434.3,32525728
2022-08-04 10:15:00,17434.9,17448.15,17410.0,17416.15,20045989
2022-08-04 10:45:00,17416.65,17441.9,17396.75,17397.25,23994801
2022-08-04 11:15:00,17396.15,17396.2,17230.9,17233.1,43148006
2022-08-04 11:45:00,17232.65,17312.55,17161.25,17307.3,34658429
2022-08-04 12:15:00,17308.15,17314.85,17259.6,17300.95,15448217
2022-08-04 12:45:00,17301.05,17348.95,17292.25,17313.4,14940009
2022-08-04 13:15:00,17312.1,17336.85,17292.35,17324.45,17892089
2022-08-04 13:45:00,17324.5,17337.45,17265.2,17285.3,17730087
2022-08-04 14:15:00,17285.75,17330.75,17278.7,17326.35,15129931
2022-08-04 14:45:00,17327.1,17406.7,17322.9,17377.4,33812893
2022-08-04 15:15:00,17377.25,17385.0,17355.3,17382.0,23874057
2022-08-05 09:15:00,17416.95,17455.95,17389.3,17417.85,51100942
2022-08-05 09:45:00,17418.35,17462.6,17392.95,17432.05,51510695
2022-08-05 10:15:00,17432.3,17459.35,17413.1,17434.1,21192057
2022-08-05 10:45:00,17435.05,17474.4,17426.05,17466.95,20323130
2022-08-05 11:15:00,17467.75,17468.7,17427.75,17442.05,20544318
2022-08-05 11:45:00,17440.7,17460.6,17423.55,17451.1,13325406
2022-08-05 12:15:00,17451.35,17456.35,17430.0,17432.8,14872095
2022-08-05 12:45:00,17432.55,17432.55,17381.4,17408.3,17688226
2022-08-05 13:15:00,17407.75,17434.3,17391.95,17425.45,16495674
2022-08-05 13:45:00,17425.55,17436.25,17380.2,17380.45,20011701
2022-08-05 14:15:00,17379.2,17402.05,17348.75,17371.75,22923781
2022-08-05 14:45:00,17372.05,17416.8,17372.05,17398.45,77704118
2022-08-05 15:15:00,17398.75,17405.4,17383.25,17397.5,82446288
2022-08-08 09:15:00,17404.1,17436.0,17359.75,17435.65,49215804
2022-08-08 09:45:00,17436.2,17443.7,17414.5,17439.3,22219837
2022-08-08 10:15:00,17439.6,17465.2,17434.8,17460.8,16582766
2022-08-08 10:45:00,17460.6,17479.0,17453.85,17457.5,18533090
2022-08-08 11:15:00,17457.4,17485.9,17449.75,17466.6,19223038
2022-08-08 11:45:00,17467.85,17504.45,17460.9,17503.05,17645522
2022-08-08 12:15:00,17503.65,17528.2,17502.75,17517.7,17964351
2022-08-08 12:45:00,17517.2,17534.35,17512.6,17520.3,15552307
2022-08-08 13:15:00,17520.7,17548.8,17506.35,17536.45,15676580
2022-08-08 13:45:00,17536.55,17547.7,17511.8,17526.4,13810720
2022-08-08 14:15:00,17525.7,17537.3,17493.25,17495.85,20652994
2022-08-08 14:45:00,17494.7,17538.75,17485.85,17522.95,26608639
2022-08-08 15:15:00,17522.85,17533.5,17514.1,17525.1,22779725
2022-08-10 09:15:00,17557.2,17561.45,17476.8,17507.8,58855347
2022-08-10 09:45:00,17507.9,17507.9,17442.8,17502.95,31493322
2022-08-10 10:15:00,17503.9,17542.35,17503.9,17522.65,21388987
2022-08-10 10:45:00,17522.15,17532.35,17506.75,17509.2,25912210
2022-08-10 11:15:00,17508.7,17518.65,17487.25,17510.55,20912061
2022-08-10 11:45:00,17510.85,17514.9,17482.0,17509.0,15508424
2022-08-10 12:15:00,17508.9,17521.45,17499.8,17519.5,15574052
2022-08-10 12:45:00,17520.15,17521.3,17494.8,17498.35,19238802
2022-08-10 13:15:00,17498.2,17508.7,17479.55,17500.05,19007078
2022-08-10 13:45:00,17500.9,17532.0,17488.9,17531.25,23074180
2022-08-10 14:15:00,17531.7,17543.55,17518.45,17527.1,33426328
2022-08-10 14:45:00,17527.3,17546.8,17513.05,17537.65,37417375
2022-08-10 15:15:00,17538.7,17540.05,17520.4,17534.75,27165234
2022-08-11 09:15:00,17717.5,17719.3,17668.2,17691.75,71803786
2022-08-11 09:45:00,17691.95,17698.5,17672.6,17673.2,31711887
2022-08-11 10:15:00,17673.45,17695.0,17672.35,17687.05,22547769
2022-08-11 10:45:00,17686.95,17691.15,17674.25,17680.95,20104664
2022-08-11 11:15:00,17680.9,17688.1,17644.45,17658.75,20062354
2022-08-11 11:45:00,17659.0,17668.35,17652.5,17659.9,18109696
2022-08-11 12:15:00,17660.05,17684.6,17659.35,17678.9,19487901
2022-08-11 12:45:00,17679.25,17682.3,17658.9,17671.75,14818831
2022-08-11 13:15:00,17671.55,17673.0,17631.95,17658.85,18021715
2022-08-11 13:45:00,17659.85,17669.7,17638.7,17644.35,15501537
2022-08-11 14:15:00,17644.05,17678.45,17639.55,17655.55,19947893
2022-08-11 14:45:00,17654.0,17676.3,17648.6,17652.95,32281917
2022-08-11 15:15:00,17652.25,17659.85,17638.3,17659.0,29228374
2022-08-12 09:15:00,17649.05,17661.15,17597.85,17637.95,64778482
2022-08-12 09:45:00,17638.05,17680.7,17635.6,17678.3,40931427
2022-08-12 10:15:00,17679.15,17687.9,17647.2,17647.6,23159409
2022-08-12 10:45:00,17648.0,17684.55,17647.3,17683.0,18721180
2022-08-12 11:15:00,17682.45,17699.9,17672.65,17689.45,17407963
2022-08-12 11:45:00,17689.4,17691.55,17674.85,17685.0,14847712
2022-08-12 12:15:00,17685.25,17697.25,17667.25,17695.55,15136756
2022-08-12 12:45:00,17695.4,17712.05,17691.05,17700.35,15087424
2022-08-12 13:15:00,17700.2,17719.5,17690.9,17715.5,19990764
2022-08-12 13:45:00,17715.75,17724.65,17699.7,17709.2,16762179
2022-08-12 14:15:00,17709.25,17709.6,17673.55,17675.2,18353274
2022-08-12 14:45:00,17674.7,17695.85,17661.9,17695.65,28933763
2022-08-12 15:15:00,17695.25,17713.5,17692.4,17698.15,25990027
2022-08-16 09:15:00,17799.65,17826.4,17764.05,17816.5,63129876
2022-08-16 09:45:00,17815.55,17832.95,17806.5,17816.5,25669313
2022-08-16 10:15:00,17816.0,17830.0,17815.0,17820.3,15852849
2022-08-16 10:45:00,17819.7,17839.1,17813.35,17830.95,22473133
2022-08-16 11:15:00,17831.45,17832.75,17799.35,17805.2,18624094
2022-08-16 11:45:00,17804.95,17808.6,17781.35,17797.7,15920061
2022-08-16 12:15:00,17797.85,17814.15,17794.7,17797.1,12083802
2022-08-16 12:45:00,17797.8,17807.9,17776.4,17777.1,16028486
2022-08-16 13:15:00,17776.5,17791.95,17768.2,17788.05,16286103
2022-08-16 13:45:00,17788.6,17802.75,17780.2,17794.75,15677960
2022-08-16 14:15:00,17795.15,17817.15,17794.9,17800.45,21865975
2022-08-16 14:45:00,17800.85,17830.65,17782.25,17830.35,34096849
2022-08-16 15:15:00,17829.95,17836.65,17822.6,17825.25,26528866
2022-08-17 09:15:00,17869.1,17893.45,17833.35,17891.4,53368317
2022-08-17 09:45:00,17890.9,17915.4,17880.65,17909.6,25247395
2022-08-17 10:15:00,17909.55,17920.55,17899.0,17911.4,19184551
2022-08-17 10:45:00,17911.45,17933.3,17908.35,17931.95,17422869
2022-08-17 11:15:00,17932.05,17937.5,17913.85,17920.35,18049370
2022-08-17 11:45:00,17920.4,17933.4,17907.75,17931.05,19330613
2022-08-17 12:15:00,17930.15,17941.2,17922.25,17933.45,14248170
2022-08-17 12:45:00,17934.15,17945.1,17931.75,17934.8,15711809
2022-08-17 13:15:00,17934.2,17943.9,17927.1,17942.1,14755237
2022-08-17 13:45:00,17941.3,17942.35,17917.1,17924.05,16083990
2022-08-17 14:15:00,17923.85,17945.45,17916.4,17938.7,17119043
2022-08-17 14:45:00,17938.0,17965.95,17938.0,17946.15,24719991
2022-08-17 15:15:00,17946.65,17946.65,17926.1,17944.25,24593892
2022-08-18 09:15:00,17916.05,17925.7,17863.45,17921.1,52008350
2022-08-18 09:45:00,17920.7,17954.65,17916.15,17940.4,20725917
2022-08-18 10:15:00,17938.55,17941.15,17890.2,17913.4,18703702
2022-08-18 10:45:00,17913.15,17921.3,17901.5,17903.9,13247324
2022-08-18 11:15:00,17903.95,17903.95,17861.5,17884.25,21601749
2022-08-18 11:45:00,17884.15,17884.3,17852.05,17870.05,18058803
2022-08-18 12:15:00,17870.2,17898.3,17867.0,17897.8,14597809
2022-08-18 12:45:00,17896.9,17907.0,17876.95,17900.9,13232796
2022-08-18 13:15:00,17901.1,17912.85,17891.3,17893.65,15752226
2022-08-18 13:45:00,17894.9,17915.8,17884.15,17915.2,21142799
2022-08-18 14:15:00,17915.4,17942.0,17911.2,17938.55,22871127
2022-08-18 14:45:00,17938.65,17966.2,17933.75,17957.3,25765036
2022-08-18 15:15:00,17956.6,17968.45,17946.4,17956.5,22680116
2022-08-19 09:15:00,17975.35,17992.2,17933.7,17956.55,48357671
2022-08-19 09:45:00,17955.4,17972.15,17941.4,17962.8,22605644
2022-08-19 10:15:00,17962.55,17969.3,17950.55,17958.7,17178552
2022-08-19 10:45:00,17958.8,17964.65,17857.9,17879.4,23672766
2022-08-19 11:15:00,17879.45,17896.2,17786.0,17789.85,28077881
2022-08-19 11:45:00,17788.0,17834.0,17783.0,17806.4,19014520
2022-08-19 12:15:00,17807.1,17809.4,17727.7,17778.9,26144840
2022-08-19 12:45:00,17779.75,17816.7,17762.15,17810.55,16258538
2022-08-19 13:15:00,17810.4,17822.2,17760.45,17775.0,17844822
2022-08-19 13:45:00,17774.65,17779.75,17710.75,17763.4,20493545
2022-08-19 14:15:00,17763.55,17800.8,17763.15,17789.55,17121725
2022-08-19 14:45:00,17789.75,17804.2,17756.25,17765.0,23870098
2022-08-19 15:15:00,17764.65,17767.3,17725.7,17758.45,26225217
2022-08-22 09:15:00,17690.05,17690.05,17593.75,17606.1,52596942
2022-08-22 09:45:00,17606.8,17630.85,17572.25,17580.25,27650152
2022-08-22 10:15:00,17580.7,17599.25,17554.75,17556.35,22131791
2022-08-22 10:45:00,17555.7,17578.95,17544.25,17562.15,17311461
2022-08-22 11:15:00,17561.7,17568.7,17547.7,17561.4,14999029
2022-08-22 11:45:00,17561.55,17584.75,17559.0,17573.85,15137115
2022-08-22 12:15:00,17574.15,17597.0,17564.95,17565.9,13674167
2022-08-22 12:45:00,17565.35,17574.05,17533.55,17546.25,19989092
2022-08-22 13:15:00,17546.0,17564.45,17525.3,17533.15,16409690
2022-08-22 13:45:00,17532.95,17548.35,17522.9,17541.15,20312252
2022-08-22 14:15:00,17540.25,17560.45,17515.95,17518.6,19624952
2022-08-22 14:45:00,17520.0,17534.75,17467.35,17495.3,36709998
2022-08-22 15:15:00,17496.25,17503.95,17487.75,17490.7,27946067
2022-08-23 09:15:00,17369.6,17537.9,17345.2,17525.75,54926495
2022-08-23 09:45:00,17525.55,17588.55,17516.1,17517.0,32544138
2022-08-23 10:15:00,17515.75,17538.25,17417.55,17447.4,27647666
2022-08-23 10:45:00,17448.4,17462.85,17411.7,17431.5,20167758
2022-08-23 11:15:00,17431.35,17509.0,17425.8,17469.7,21413961
2022-08-23 11:45:00,17471.65,17497.3,17452.7,17464.2,15514215
2022-08-23 12:15:00,17463.95,17495.5,17448.6,17488.6,13113695
2022-08-23 12:45:00,17489.05,17551.5,17484.45,17547.25,16619648
2022-08-23 13:15:00,17546.7,17577.1,17544.0,17562.8,15445171
2022-08-23 13:45:00,17562.0,17583.3,17544.65,17573.35,16770942
2022-08-23 14:15:00,17573.7,17594.0,17544.85,17565.85,14902170
2022-08-23 14:45:00,17565.95,17571.75,17525.15,17571.1,26331281
2022-08-23 15:15:00,17571.05,17625.55,17568.95,17577.5,21067480
2022-08-24 09:15:00,17556.7,17605.4,17499.25,17519.0,47915275
2022-08-24 09:45:00,17518.55,17574.5,17509.4,17564.4,21656091
2022-08-24 10:15:00,17564.35,17596.25,17559.65,17575.2,18336823
2022-08-24 10:45:00,17574.85,17616.0,17574.85,17614.35,16438506
2022-08-24 11:15:00,17614.8,17623.65,17594.4,17609.0,13581764
2022-08-24 11:45:00,17609.15,17616.9,17558.45,17566.35,16022287
2022-08-24 12:15:00,17566.8,17598.15,17560.3,17581.4,13245771
2022-08-24 12:45:00,17581.9,17581.9,17530.8,17543.65,18791906
2022-08-24 13:15:00,17543.4,17572.1,17524.2,17571.0,13738173
2022-08-24 13:45:00,17570.35,17584.95,17550.05,17560.25,18020546
2022-08-24 14:15:00,17559.3,17579.35,17557.65,17564.5,19941711
2022-08-24 14:45:00,17564.45,17622.15,17564.45,17618.1,37335928
2022-08-24 15:15:00,17617.75,17617.95,17597.1,17604.95,24985698
2022-08-25 09:15:00,17668.25,17709.55,17659.25,17703.7,34664526
2022-08-25 09:45:00,17703.95,17716.35,17690.6,17694.35,17907246
2022-08-25 10:15:00,17694.2,17699.05,17678.5,17686.1,15862611
2022-08-25 10:45:00,17685.9,17702.35,17676.5,17676.85,15371096
2022-08-25 11:15:00,17677.25,17678.35,17637.7,17674.45,16847206
2022-08-25 11:45:00,17674.5,17704.5,17673.75,17696.3,15316220
2022-08-25 12:15:00,17695.9,17708.1,17691.65,17695.45,14055121
2022-08-25 12:45:00,17696.0,17726.5,17694.6,17712.95,12900901
2022-08-25 13:15:00,17711.75,17714.6,17693.05,17702.75,11713302
2022-08-25 13:45:00,17703.5,17705.8,17682.8,17692.6,14324504
2022-08-25 14:15:00,17692.55,17695.3,17613.95,17645.85,16190996
2022-08-25 14:45:00,17646.85,17653.45,17488.5,17498.9,32815480
2022-08-25 15:15:00,17498.6,17522.45,17487.45,17522.45,21723718
2022-08-26 09:15:00,17628.1,17685.85,17613.75,17635.75,47419818
2022-08-26 09:45:00,17636.0,17667.9,17629.2,17634.6,18162716
2022-08-26 10:15:00,17633.7,17637.9,17596.9,17599.25,27936837
2022-08-26 10:45:00,17599.35,17608.05,17581.3,17586.8,21092228
2022-08-26 11:15:00,17586.45,17617.0,17582.5,17605.1,15638809
2022-08-26 11:45:00,17604.75,17635.65,17602.2,17624.25,17047277
2022-08-26 12:15:00,17624.3,17627.45,17587.1,17619.3,13778107
2022-08-26 12:45:00,17620.05,17632.3,17569.05,17586.8,17177009
2022-08-26 13:15:00,17587.4,17601.35,17563.9,17584.95,12961583
2022-08-26 13:45:00,17584.8,17611.2,17577.2,17596.05,17494381
2022-08-26 14:15:00,17596.1,17605.25,17573.85,17590.8,15036855
2022-08-26 14:45:00,17590.55,17594.25,17519.35,17555.15,29541322
2022-08-26 15:15:00,17555.45,17595.75,17555.45,17558.9,24230611
2022-08-29 09:15:00,17204.45,17284.1,17166.2,17278.2,64010776
2022-08-29 09:45:00,17277.85,17328.85,17267.65,17313.95,26193599
2022-08-29 10:15:00,17313.8,17326.4,17300.8,17310.95,15633336
2022-08-29 10:45:00,17310.6,17319.7,17280.95,17285.1,17479805
2022-08-29 11:15:00,17285.0,17343.2,17281.2,17331.9,14701185
2022-08-29 11:45:00,17332.35,17338.6,17317.7,17327.45,11921395
2022-08-29 12:15:00,17327.75,17370.4,17326.8,17344.0,17404055
2022-08-29 12:45:00,17342.95,17350.2,17312.8,17326.8,11977978
2022-08-29 13:15:00,17326.45,17354.6,17326.45,17345.15,11266424
2022-08-29 13:45:00,17345.25,17380.15,17335.55,17358.0,13949143
2022-08-29 14:15:00,17357.95,17361.5,17310.9,17336.1,12779543
2022-08-29 14:45:00,17335.6,17337.3,17291.75,17293.8,19223940
2022-08-29 15:15:00,17294.4,17339.25,17294.15,17312.9,18624589
2022-08-30 09:15:00,17415.35,17472.95,17401.5,17463.6,50874474
2022-08-30 09:45:00,17463.85,17488.7,17460.4,17480.85,24688577
2022-08-30 10:15:00,17481.85,17519.85,17468.6,17518.9,17579797
2022-08-30 10:45:00,17518.65,17543.9,17514.2,17542.7,18164242
2022-08-30 11:15:00,17543.15,17557.2,17535.55,17553.7,13646859
2022-08-30 11:45:00,17554.15,17583.65,17540.55,17582.0,14326643
2022-08-30 12:15:00,17581.95,17603.2,17576.5,17599.9,13263081
2022-08-30 12:45:00,17600.35,17637.35,17600.2,17635.45,15523990
2022-08-30 13:15:00,17634.85,17670.15,17630.55,17667.65,15744837
2022-08-30 13:45:00,17667.25,17671.25,17644.95,17662.6,19343164
2022-08-30 14:15:00,17664.1,17699.8,17663.65,17693.55,19742896
2022-08-30 14:45:00,17694.85,17775.55,17685.35,17762.8,59239265
2022-08-30 15:15:00,17762.95,17777.65,17740.85,17759.3,51628684
2022-09-01 09:15:00,17523.15,17631.4,17485.55,17629.7,73248087
2022-09-01 09:45:00,17629.55,17671.15,17587.2,17660.75,29189049
2022-09-01 10:15:00,17661.3,17695.6,17631.0,17656.25,20435266
2022-09-01 10:45:00,17656.5,17663.9,17625.45,17647.35,16068989
2022-09-01 11:15:00,17646.75,17667.95,17638.55,17646.1,13139784
2022-09-01 11:45:00,17646.25,17646.25,17568.35,17618.4,20061803
2022-09-01 12:15:00,17617.65,17619.35,17583.9,17609.05,16628229
2022-09-01 12:45:00,17608.7,17617.8,17534.25,17551.75,17131988
2022-09-01 13:15:00,17552.85,17581.2,17526.65,17550.25,17216599
2022-09-01 13:45:00,17550.1,17552.1,17468.45,17518.5,22215090
2022-09-01 14:15:00,17518.0,17570.8,17492.2,17559.35,20662825
2022-09-01 14:45:00,17558.65,17572.05,17507.65,17555.0,30652588
2022-09-01 15:15:00,17554.85,17564.1,17531.2,17542.8,22445029
2022-09-02 09:15:00,17605.1,17643.85,17512.15,17542.2,52941627
2022-09-02 09:45:00,17543.85,17578.2,17476.45,17496.55,20522618
2022-09-02 10:15:00,17495.85,17546.6,17479.75,17540.45,20136782
2022-09-02 10:45:00,17541.1,17549.55,17500.9,17532.85,15806593
2022-09-02 11:15:00,17533.0,17543.15,17507.6,17540.35,16968907
2022-09-02 11:45:00,17540.2,17562.6,17527.2,17555.25,15642315
2022-09-02 12:15:00,17554.7,17575.0,17551.55,17567.3,13482338
2022-09-02 12:45:00,17567.55,17587.1,17559.7,17585.55,12632532
2022-09-02 13:15:00,17586.1,17597.4,17572.15,17579.5,14162884
2022-09-02 13:45:00,17579.55,17618.55,17572.85,17612.95,13719708
2022-09-02 14:15:00,17612.75,17623.55,17565.5,17566.05,19529878
2022-09-02 14:45:00,17565.45,17565.55,17518.85,17550.75,28199962
2022-09-02 15:15:00,17551.5,17560.6,17520.2,17539.45,26871064
2022-09-05 09:15:00,17551.5,17646.2,17540.35,17637.8,40654420
2022-09-05 09:45:00,17638.8,17657.7,17608.85,17648.15,22917974
2022-09-05 10:15:00,17648.85,17657.25,17630.35,17640.0,20286670
2022-09-05 10:45:00,17641.0,17650.0,17618.7,17632.35,18694874
2022-09-05 11:15:00,17631.75,17638.3,17618.75,17633.95,12260038
2022-09-05 11:45:00,17633.7,17662.45,17631.75,17660.0,16768047
2022-09-05 12:15:00,17658.75,17680.45,17656.45,17672.25,14432140
2022-09-05 12:45:00,17671.3,17681.75,17647.35,17650.45,11875662
2022-09-05 13:15:00,17650.55,17656.0,17630.2,17632.25,12558644
2022-09-05 13:45:00,17632.3,17678.7,17629.7,17669.4,14622508
2022-09-05 14:15:00,17669.15,17683.15,17655.85,17670.6,15634825
2022-09-05 14:45:00,17669.95,17680.45,17651.2,17671.95,23178310
2022-09-05 15:15:00,17671.6,17672.15,17652.3,17665.8,19802809
2022-09-06 09:15:00,17713.55,17764.65,17668.9,17676.4,43947905
2022-09-06 09:45:00,17676.15,17686.3,17632.75,17641.15,19411434
2022-09-06 10:15:00,17640.45,17642.25,17587.65,17605.45,17576021
2022-09-06 10:45:00,17605.9,17668.3,17603.0,17667.45,15890107
2022-09-06 11:15:00,17667.65,17675.15,17643.9,17672.5,14974018
2022-09-06 11:45:00,17672.35,17696.8,17661.25,17682.6,15708491
2022-09-06 12:15:00,17682.15,17710.75,17682.15,17708.45,17864388
2022-09-06 12:45:00,17707.85,17715.7,17680.6,17694.0,15283163
2022-09-06 13:15:00,17693.85,17714.4,17682.05,17693.7,18772912
2022-09-06 13:45:00,17694.45,17699.0,17672.3,17697.0,18473112
2022-09-06 14:15:00,17697.55,17705.45,17639.45,17641.05,25018842
2022-09-06 14:45:00,17641.15,17680.6,17637.5,17653.05,31243707
2022-09-06 15:15:00,17653.0,17657.15,17641.5,17655.6,21616366
2022-09-07 09:15:00,17542.7,17593.8,17484.3,17579.15,158757547
2022-09-07 09:45:00,17577.4,17592.8,17559.45,17579.0,20839130
2022-09-07 10:15:00,17577.3,17585.75,17563.35,17567.1,19807135
2022-09-07 10:45:00,17567.2,17573.75,17538.55,17538.55,15566655
2022-09-07 11:15:00,17538.95,17569.6,17533.3,17569.05,16247802
2022-09-07 11:45:00,17569.0,17617.9,17567.0,17614.6,14150817
2022-09-07 12:15:00,17614.85,17636.75,17611.3,17616.1,15414289
2022-09-07 12:45:00,17615.6,17621.85,17599.9,17617.85,10978723
2022-09-07 13:15:00,17617.7,17650.75,17617.7,17632.65,16385369
2022-09-07 13:45:00,17633.4,17646.65,17621.45,17628.95,15522945
2022-09-07 14:15:00,17628.25,17646.7,17599.0,17609.75,17567622
2022-09-07 14:45:00,17610.3,17628.9,17605.0,17617.1,27180684
2022-09-07 15:15:00,17617.95,17638.6,17616.5,17624.4,22486156
2022-09-08 09:15:00,17751.95,17792.2,17732.55,17771.55,44672433
2022-09-08 09:45:00,17772.05,17778.8,17755.35,17770.0,25439008
2022-09-08 10:15:00,17769.95,17787.15,17729.55,17742.75,21916361
2022-09-08 10:45:00,17742.7,17758.0,17734.55,17746.15,14055015
2022-09-08 11:15:00,17746.55,17749.15,17722.75,17744.2,26089017
2022-09-08 11:45:00,17743.95,17756.9,17741.4,17751.4,17625923
2022-09-08 12:15:00,17751.85,17761.55,17731.55,17751.05,13066619
2022-09-08 12:45:00,17750.55,17751.55,17691.95,17723.2,18476074
2022-09-08 13:15:00,17722.95,17749.7,17722.15,17742.45,14929597
2022-09-08 13:45:00,17742.35,17754.9,17718.2,17746.75,15568501
2022-09-08 14:15:00,17746.45,17784.8,17740.4,17779.7,25055066
2022-09-08 14:45:00,17780.35,17807.65,17777.1,17796.35,31923689
2022-09-08 15:15:00,17796.1,17804.5,17790.25,17798.75,27741597
2022-09-09 09:15:00,17902.35,17925.95,17868.45,17894.25,46452224
2022-09-09 09:45:00,17893.1,17908.75,17881.05,17894.3,21577161
2022-09-09 10:15:00,17891.6,17919.45,17891.25,17894.85,15686734
2022-09-09 10:45:00,17894.35,17899.9,17879.8,17883.45,14098667
2022-09-09 11:15:00,17883.65,17884.55,17852.9,17858.5,20331674
2022-09-09 11:45:00,17858.85,17867.7,17824.5,17824.9,14669357
2022-09-09 12:15:00,17824.8,17859.95,17816.05,17859.1,15938641
2022-09-09 12:45:00,17858.85,17861.25,17827.25,17829.45,13094299
2022-09-09 13:15:00,17829.9,17837.45,17786.0,17819.3,16315985
2022-09-09 13:45:00,17818.6,17855.3,17818.5,17846.85,16620836
2022-09-09 14:15:00,17846.3,17862.9,17833.8,17857.55,21641767
2022-09-09 14:45:00,17858.8,17868.3,17837.45,17838.85,34143837
2022-09-09 15:15:00,17839.75,17839.75,17809.7,17833.35,23639466
2022-09-12 09:15:00,17897.7,17942.2,17889.15,17937.05,43096912
2022-09-12 09:45:00,17937.0,17968.2,17933.55,17967.1,17990836
2022-09-12 10:15:00,17967.55,17970.6,17935.05,17943.3,17716635
2022-09-12 10:45:00,17944.05,17953.75,17931.15,17946.9,12549053
2022-09-12 11:15:00,17947.0,17960.55,17946.65,17955.95,15065219
2022-09-12 11:45:00,17955.05,17971.5,17947.55,17968.35,15568626
2022-09-12 12:15:00,17968.2,17969.2,17953.1,17959.8,13898520
2022-09-12 12:45:00,17961.4,17962.45,17945.15,17952.55,16504247
2022-09-12 13:15:00,17952.15,17958.3,17943.2,17950.9,12665084
2022-09-12 13:45:00,17950.95,17980.55,17936.15,17977.5,16198680
2022-09-12 14:15:00,17977.85,17978.4,17943.05,17945.5,13693153
2022-09-12 14:45:00,17945.55,17963.2,17930.85,17933.25,29407042
2022-09-12 15:15:00,17932.2,17936.35,17924.15,17936.35,21161516
2022-09-13 09:15:00,18045.45,18060.8,18020.35,18055.9,43877153
2022-09-13 09:45:00,18055.75,18063.5,18046.55,18058.8,22583973
2022-09-13 10:15:00,18058.5,18065.5,18015.45,18045.15,19922100
2022-09-13 10:45:00,18045.3,18055.8,18037.3,18051.75,17818408
2022-09-13 11:15:00,18050.7,18056.8,18033.5,18051.9,14573110
2022-09-13 11:45:00,18052.95,18079.1,18049.15,18070.95,13776621
2022-09-13 12:15:00,18070.8,18080.0,18057.2,18061.85,13746846
2022-09-13 12:45:00,18061.95,18080.75,18061.85,18067.35,13735826
2022-09-13 13:15:00,18067.1,18075.7,18058.9,18064.45,16168638
2022-09-13 13:45:00,18064.0,18088.3,18063.8,18081.95,18633447
2022-09-13 14:15:00,18081.2,18083.9,18060.55,18077.95,17990324
2022-09-13 14:45:00,18077.85,18084.1,18065.35,18070.0,28891325
2022-09-13 15:15:00,18069.65,18070.95,18058.45,18070.05,23116478
2022-09-14 09:15:00,17791.75,17932.6,17778.55,17926.0,67272473
2022-09-14 09:45:00,17925.9,17945.85,17883.55,17913.5,25709508
2022-09-14 10:15:00,17913.6,17932.2,17902.8,17924.65,16175313
2022-09-14 10:45:00,17924.75,17958.2,17922.05,17949.05,17935381
2022-09-14 11:15:00,17948.45,17974.4,17944.85,17973.2,21887564
2022-09-14 11:45:00,17972.7,18015.0,17966.45,18002.55,16249127
2022-09-14 12:15:00,18001.4,18046.05,18001.4,18041.55,20000603
2022-09-14 12:45:00,18041.8,18057.65,18012.25,18055.9,17181016
2022-09-14 13:15:00,18055.3,18065.05,18042.65,18048.85,36108774
2022-09-14 13:45:00,18048.65,18073.8,18003.95,18072.85,30344325
2022-09-14 14:15:00,18072.15,18091.55,18058.9,18077.0,26020898
2022-09-14 14:45:00,18077.8,18082.05,17980.45,17980.45,39931581
2022-09-14 15:15:00,17980.2,18003.75,17971.1,18003.75,29143966
2022-09-15 09:15:00,18054.75,18096.15,18014.25,18031.9,49450226
2022-09-15 09:45:00,18031.65,18049.05,17941.8,17971.55,28610185
2022-09-15 10:15:00,17972.3,17997.0,17914.5,17915.35,19718818
2022-09-15 10:45:00,17914.95,17928.15,17875.3,17887.5,23872033
2022-09-15 11:15:00,17887.4,17940.75,17865.1,17920.1,20342398
2022-09-15 11:45:00,17920.35,17927.5,17877.25,17895.4,15208321
2022-09-15 12:15:00,17895.95,17914.25,17880.15,17900.65,14724529
2022-09-15 12:45:00,17899.95,17941.15,17899.8,17923.25,12591774
2022-09-15 13:15:00,17923.65,17933.5,17874.8,17878.45,19482157
2022-09-15 13:45:00,17879.2,17915.7,17862.75,17910.65,17068780
2022-09-15 14:15:00,17910.6,17962.4,17897.85,17946.25,20339628
2022-09-15 14:45:00,17944.95,17946.0,17873.55,17877.6,29778278
2022-09-15 15:15:00,17876.9,17877.4,17861.5,17877.4,24769711
2022-09-16 09:15:00,17818.6,17820.05,17716.1,17745.85,45899941
2022-09-16 09:45:00,17746.0,17755.05,17644.5,17666.35,28674405
2022-09-16 10:15:00,17666.8,17727.9,17642.8,17697.75,22234153
2022-09-16 10:45:00,17698.55,17714.15,17682.5,17699.85,16813593
2022-09-16 11:15:00,17700.1,17700.4,17666.55,17682.65,16155702
2022-09-16 11:45:00,17682.3,17697.75,17652.05,17657.8,13172694
2022-09-16 12:15:00,17658.25,17684.75,17652.75,17665.2,15977614
2022-09-16 12:45:00,17665.65,17675.8,17599.9,17600.4,21195995
2022-09-16 13:15:00,17600.65,17611.8,17569.1,17571.75,26951397
2022-09-16 13:45:00,17571.9,17587.0,17522.2,17531.2,28453040
2022-09-16 14:15:00,17530.55,17609.2,17505.15,17598.45,30974655
2022-09-16 14:45:00,17599.5,17618.9,17497.25,17542.35,125015142
2022-09-16 15:15:00,17542.85,17552.05,17512.35,17530.85,98992015
2022-09-19 09:15:00,17548.75,17583.45,17429.7,17544.7,46977472
2022-09-19 09:45:00,17545.9,17652.45,17545.1,17625.4,23847967
2022-09-19 10:15:00,17625.3,17666.6,17614.4,17649.7,16093631
2022-09-19 10:45:00,17649.9,17667.2,17627.35,17650.4,12424687
2022-09-19 11:15:00,17649.9,17662.2,17589.35,17590.15,17497041
2022-09-19 11:45:00,17591.1,17649.5,17579.35,17633.45,15438831
2022-09-19 12:15:00,17632.45,17654.8,17611.45,17631.2,13178983
2022-09-19 12:45:00,17632.4,17645.55,17606.6,17617.15,14493315
2022-09-19 13:15:00,17618.65,17631.5,17585.55,17627.6,17182289
2022-09-19 13:45:00,17627.3,17664.25,17625.7,17654.75,14972674
2022-09-19 14:15:00,17654.1,17663.45,17610.25,17637.75,18837461
2022-09-19 14:45:00,17638.0,17641.0,17587.45,17620.8,34010746
2022-09-19 15:15:00,17620.6,17641.75,17617.5,17622.25,25075639
2022-09-20 09:15:00,17770.7,17833.35,17744.4,17822.6,53038340
2022-09-20 09:45:00,17822.25,17861.8,17821.85,17855.3,25672414
2022-09-20 10:15:00,17854.95,17875.4,17850.3,17851.25,18255185
2022-09-20 10:45:00,17850.6,17879.65,17846.1,17871.75,15097606
2022-09-20 11:15:00,17871.3,17877.95,17844.15,17868.4,14042101
2022-09-20 11:45:00,17868.65,17890.55,17851.1,17882.8,18376341
2022-09-20 12:15:00,17882.15,17919.3,17874.05,17910.5,17864717
2022-09-20 12:45:00,17910.1,17918.2,17894.65,17913.25,16359883
2022-09-20 13:15:00,17912.85,17916.75,17859.25,17868.9,17545625
2022-09-20 13:45:00,17867.8,17903.1,17853.6,17883.95,14963288
2022-09-20 14:15:00,17884.95,17887.1,17857.7,17869.3,17119504
2022-09-20 14:45:00,17870.15,17873.2,17802.85,17804.55,28400728
2022-09-20 15:15:00,17804.0,17816.25,17780.5,17816.25,22465885
2022-09-21 09:15:00,17769.45,17838.7,17761.2,17786.55,36517525
2022-09-21 09:45:00,17787.45,17795.1,17738.65,17794.15,21524438
2022-09-21 10:15:00,17793.95,17820.3,17781.2,17796.3,14669534
2022-09-21 10:45:00,17795.75,17816.95,17794.05,17805.0,13056497
2022-09-21 11:15:00,17804.85,17813.75,17744.55,17749.15,15550831
2022-09-21 11:45:00,17748.15,17756.2,17667.2,17690.5,20473078
2022-09-21 12:15:00,17691.05,17719.45,17663.6,17717.55,14447734
2022-09-21 12:45:00,17717.5,17747.05,17706.35,17712.1,13119043
2022-09-21 13:15:00,17713.45,17761.1,17708.45,17748.3,13409463
2022-09-21 13:45:00,17748.25,17793.9,17748.25,17785.6,29732995
2022-09-21 14:15:00,17786.25,17790.85,17736.95,17750.0,20203569
2022-09-21 14:45:00,17750.35,17754.7,17712.9,17716.75,32862160
2022-09-21 15:15:00,17716.8,17725.6,17707.75,17718.35,26009972
2022-09-22 09:15:00,17626.4,17697.3,17580.4,17658.3,55376121
2022-09-22 09:45:00,17659.5,17708.25,17640.65,17665.45,22563433
2022-09-22 10:15:00,17666.55,17666.55,17597.6,17611.3,22163531
2022-09-22 10:45:00,17611.95,17650.85,17611.3,17625.95,15810756
2022-09-22 11:15:00,17626.65,17626.9,17567.1,17579.2,19203190
2022-09-22 11:45:00,17578.6,17586.2,17544.3,17558.3,21180978
2022-09-22 12:15:00,17558.85,17574.4,17542.25,17550.35,12735744
2022-09-22 12:45:00,17550.95,17609.8,17532.45,17608.25,16151110
2022-09-22 13:15:00,17608.0,17681.3,17607.55,17661.5,17942250
2022-09-22 13:45:00,17661.2,17722.75,17661.2,17690.0,17384406
2022-09-22 14:15:00,17690.3,17719.6,17666.9,17678.05,22270653
2022-09-22 14:45:00,17678.0,17697.15,17612.3,17623.3,33604339
2022-09-22 15:15:00,17623.45,17640.2,17614.95,17629.8,24176661
2022-09-23 09:15:00,17610.45,17642.15,17456.1,17467.15,80665971
2022-09-23 09:45:00,17466.5,17497.85,17435.55,17460.3,36605205
2022-09-23 10:15:00,17461.1,17479.4,17419.3,17436.75,25458480
2022-09-23 10:45:00,17436.55,17471.0,17423.7,17440.3,19558034
2022-09-23 11:15:00,17439.55,17467.8,17413.5,17452.25,17102348
2022-09-23 11:45:00,17452.15,17473.45,17431.8,17432.2,18097744
2022-09-23 12:15:00,17432.3,17444.6,17384.25,17396.35,23966220
2022-09-23 12:45:00,17396.3,17413.75,17380.7,17391.65,19503397
2022-09-23 13:15:00,17392.15,17418.95,17368.7,17369.75,20683027
2022-09-23 13:45:00,17370.45,17387.4,17341.65,17365.2,27652026
2022-09-23 14:15:00,17365.95,17373.45,17291.65,17339.8,40952300
2022-09-23 14:45:00,17339.25,17366.6,17313.1,17322.5,36421072
2022-09-23 15:15:00,17322.45,17339.0,17315.95,17327.35,28989466
2022-09-26 09:15:00,17182.55,17196.4,17058.85,17060.95,86124009
2022-09-26 09:45:00,17060.5,17094.1,17024.25,17046.6,48621507
2022-09-26 10:15:00,17046.75,17066.4,17003.05,17041.5,39876087
2022-09-26 10:45:00,17041.9,17054.4,16978.3,16996.1,33479838
2022-09-26 11:15:00,16996.95,17065.65,16990.5,17015.45,28618952
2022-09-26 11:45:00,17015.2,17074.85,17005.0,17065.1,27113146
2022-09-26 12:15:00,17065.35,17135.3,17038.05,17135.1,34559039
2022-09-26 12:45:00,17135.0,17166.45,17109.2,17161.25,31462767
2022-09-26 13:15:00,17161.1,17167.35,17076.05,17109.15,30014171
2022-09-26 13:45:00,17108.85,17109.0,17060.75,17070.35,23773063
2022-09-26 14:15:00,17070.8,17142.4,17052.65,17086.35,43647293
2022-09-26 14:45:00,17085.85,17101.0,16984.05,17021.55,49634994
2022-09-26 15:15:00,17020.05,17030.95,17012.85,17016.3,33612359
2022-09-27 09:15:00,17113.6,17176.45,17060.4,17084.25,65566776
2022-09-27 09:45:00,17082.6,17103.45,17022.1,17033.25,35031487
2022-09-27 10:15:00,17032.05,17067.2,17003.4,17032.25,26499335
2022-09-27 10:45:00,17032.65,17034.5,16942.35,16946.3,24166164
2022-09-27 11:15:00,16946.8,17029.05,16945.85,17018.3,24851472
2022-09-27 11:45:00,17018.0,17078.0,17018.0,17054.05,21729255
2022-09-27 12:15:00,17055.1,17065.45,17018.3,17019.95,19340448
2022-09-27 12:45:00,17020.75,17095.6,17014.95,17083.35,23437082
2022-09-27 13:15:00,17083.7,17118.6,17074.55,17092.75,20808092
2022-09-27 13:45:00,17092.6,17103.4,17043.1,17044.6,21204421
2022-09-27 14:15:00,17043.8,17076.3,16982.55,16996.7,25333487
2022-09-27 14:45:00,16996.05,17020.45,16965.0,16999.3,34842655
2022-09-27 15:15:00,16999.65,17043.45,16999.65,17007.4,27156502
2022-09-28 09:15:00,16890.0,16919.45,16825.4,16899.15,56189139
2022-09-28 09:45:00,16899.8,16967.3,16888.2,16959.55,27840266
2022-09-28 10:15:00,16959.7,16976.9,16899.7,16906.2,23192443
2022-09-28 10:45:00,16906.15,16965.65,16894.4,16964.65,18385721
2022-09-28 11:15:00,16965.3,17004.8,16955.25,17000.4,19816030
2022-09-28 11:45:00,17000.25,17037.6,16982.55,17022.05,20668904
2022-09-28 12:15:00,17022.25,17023.0,16975.5,16987.55,21195540
2022-09-28 12:45:00,16986.95,16995.0,16955.25,16965.2,16236719
2022-09-28 13:15:00,16964.9,17004.75,16955.4,16957.85,16079331
2022-09-28 13:45:00,16957.75,16977.9,16934.55,16942.85,21274576
2022-09-28 14:15:00,16942.65,16957.55,16892.95,16894.25,21243888
2022-09-28 14:45:00,16894.15,16894.3,16860.05,16861.0,45316106
2022-09-28 15:15:00,16860.3,16863.2,16820.4,16858.6,30263540
2022-09-29 09:15:00,17007.15,17026.05,16955.5,17003.8,55001898
2022-09-29 09:45:00,17003.0,17016.25,16953.25,16989.55,24146851
2022-09-29 10:15:00,16990.1,16990.15,16939.2,16941.35,17826573
2022-09-29 10:45:00,16942.2,16976.85,16924.05,16929.1,18848227
2022-09-29 11:15:00,16929.55,16942.65,16922.3,16924.35,19662597
2022-09-29 11:45:00,16924.3,16924.45,16872.2,16894.55,29608901
2022-09-29 12:15:00,16894.3,16911.65,16850.65,16870.85,18789275
2022-09-29 12:45:00,16871.45,16871.8,16804.05,16816.25,20261147
2022-09-29 13:15:00,16815.05,16849.8,16788.6,16826.3,19740375
2022-09-29 13:45:00,16825.3,16849.8,16798.25,16834.2,16655945
2022-09-29 14:15:00,16833.55,16883.5,16812.45,16875.65,19727414
2022-09-29 14:45:00,16874.85,16880.8,16791.9,16830.05,59218099
2022-09-29 15:15:00,16830.45,16850.7,16810.45,16818.1,42826581
2022-09-30 09:15:00,16808.7,16836.15,16747.7,16818.4,65645688
2022-09-30 09:45:00,16819.45,16851.9,16752.2,16851.9,51379852
2022-09-30 10:15:00,16852.15,16955.2,16848.4,16945.15,30485707
2022-09-30 10:45:00,16943.0,16969.95,16907.7,16941.4,21811676
2022-09-30 11:15:00,16940.95,16976.05,16929.1,16969.3,15463336
2022-09-30 11:45:00,16969.85,17005.45,16945.1,16994.15,17158229
2022-09-30 12:15:00,16994.55,17097.95,16994.55,17087.3,17883750
2022-09-30 12:45:00,17087.0,17111.9,17071.65,17071.95,19432727
2022-09-30 13:15:00,17071.35,17126.95,17071.35,17126.3,19405834
2022-09-30 13:45:00,17125.6,17164.4,17121.9,17162.65,23098162
2022-09-30 14:15:00,17163.55,17187.1,17133.5,17138.85,22400547
2022-09-30 14:45:00,17138.7,17151.1,17060.8,17066.05,48822245
2022-09-30 15:15:00,17066.1,17123.3,17064.9,17094.35,36274588
2022-10-03 09:15:00,17070.95,17114.65,16974.65,16991.3,61332637
2022-10-03 09:45:00,16991.45,17027.45,16947.05,16979.35,24414384
2022-10-03 10:15:00,16979.6,17002.45,16956.55,16968.7,19511637
2022-10-03 10:45:00,16968.5,16981.3,16946.0,16979.8,14891563
2022-10-03 11:15:00,16980.5,17058.3,16980.5,17056.25,21577729
2022-10-03 11:45:00,17056.5,17059.75,17012.0,17015.7,19611902
2022-10-03 12:15:00,17015.55,17026.65,16979.35,17000.35,16615825
2022-10-03 12:45:00,17000.5,17045.55,16997.85,17020.65,12725281
2022-10-03 13:15:00,17020.85,17046.25,16981.15,16994.05,15735157
2022-10-03 13:45:00,16994.8,16997.05,16921.25,16937.3,19013486
2022-10-03 14:15:00,16937.5,16960.3,16891.55,16893.5,18643958
2022-10-03 14:45:00,16894.65,16907.05,16855.55,16891.25,30601268
2022-10-03 15:15:00,16892.85,16898.05,16874.65,16887.35,21501672
2022-10-04 09:15:00,17129.45,17235.95,17117.3,17181.35,49704198
2022-10-04 09:45:00,17181.1,17249.2,17175.65,17223.25,20853932
2022-10-04 10:15:00,17223.7,17254.15,17221.35,17253.25,13152139
2022-10-04 10:45:00,17253.05,17257.55,17191.4,17218.95,15085194
2022-10-04 11:15:00,17218.85,17225.25,17195.05,17218.55,11121242
2022-10-04 11:45:00,17218.8,17244.3,17212.9,17237.15,12523840
2022-10-04 12:15:00,17236.1,17262.5,17221.55,17255.65,12017650
2022-10-04 12:45:00,17255.35,17259.2,17238.05,17245.9,16248757
2022-10-04 13:15:00,17245.7,17268.65,17237.45,17251.1,12292103
2022-10-04 13:45:00,17251.65,17271.75,17233.15,17258.9,15079087
2022-10-04 14:15:00,17257.85,17272.7,17237.9,17237.9,14522558
2022-10-04 14:45:00,17237.45,17285.15,17232.2,17273.75,22757094
2022-10-04 15:15:00,17273.4,17287.3,17269.9,17274.3,20561873
2022-10-06 09:15:00,17382.55,17428.8,17354.45,17358.8,52889867
2022-10-06 09:45:00,17359.2,17417.6,17344.75,17401.25,24430828
2022-10-06 10:15:00,17401.4,17422.75,17389.15,17398.8,21458595
2022-10-06 10:45:00,17398.55,17415.3,17381.75,17399.65,13075368
2022-10-06 11:15:00,17399.35,17399.35,17340.65,17362.75,21081674
2022-10-06 11:45:00,17362.8,17385.2,17351.15,17384.25,16405057
2022-10-06 12:15:00,17384.35,17394.45,17360.05,17391.75,14693605
2022-10-06 12:45:00,17392.4,17410.2,17390.8,17397.1,13080170
2022-10-06 13:15:00,17395.4,17414.95,17379.05,17397.6,15218464
2022-10-06 13:45:00,17397.65,17404.5,17351.3,17356.35,14929381
2022-10-06 14:15:00,17356.15,17360.75,17327.55,17342.4,17727162
2022-10-06 14:45:00,17341.75,17364.1,17320.7,17331.1,26213479
2022-10-06 15:15:00,17332.55,17334.45,17315.65,17331.8,23296643
2022-10-07 09:15:00,17299.6,17322.4,17239.0,17257.6,40595713
2022-10-07 09:45:00,17258.65,17334.65,17258.65,17292.1,19131415
2022-10-07 10:15:00,17291.65,17293.85,17260.85,17277.4,13014131
2022-10-07 10:45:00,17277.1,17277.7,17243.7,17267.3,14290136
2022-10-07 11:15:00,17268.3,17273.95,17247.7,17259.5,14732889
2022-10-07 11:45:00,17258.9,17270.7,17216.95,17230.35,14023408
2022-10-07 12:15:00,17230.75,17283.6,17228.6,17279.15,13623096
2022-10-07 12:45:00,17279.45,17284.75,17261.8,17265.15,12969501
2022-10-07 13:15:00,17265.3,17278.2,17248.95,17277.05,14186825
2022-10-07 13:45:00,17276.9,17298.65,17271.0,17284.55,12560052
2022-10-07 14:15:00,17284.25,17311.6,17279.45,17304.75,16073221
2022-10-07 14:45:00,17305.2,17337.35,17301.05,17307.1,25793581
2022-10-07 15:15:00,17307.15,17322.1,17307.15,17314.65,20179962
2022-10-10 09:15:00,17106.2,17149.65,17064.7,17108.65,44249630
2022-10-10 09:45:00,17108.1,17108.1,17068.35,17085.9,21881882
2022-10-10 10:15:00,17085.75,17117.7,17078.35,17095.7,15233017
2022-10-10 10:45:00,17095.3,17128.9,17093.55,17125.75,15086798
2022-10-10 11:15:00,17125.95,17168.2,17117.65,17167.6,11843493
2022-10-10 11:45:00,17168.65,17216.4,17161.5,17213.25,16212491
2022-10-10 12:15:00,17213.15,17271.65,17195.45,17266.2,16188327
2022-10-10 12:45:00,17266.5,17280.15,17227.55,17235.45,13550311
2022-10-10 13:15:00,17235.25,17241.55,17188.9,17225.0,13811811
2022-10-10 13:45:00,17224.85,17225.5,17140.1,17159.35,13962925
2022-10-10 14:15:00,17160.1,17224.0,17156.1,17197.3,16209997
2022-10-10 14:45:00,17197.4,17261.7,17196.55,17253.2,22628525
2022-10-10 15:15:00,17253.45,17257.05,17238.8,17241.0,18695307
2022-10-11 09:15:00,17261.8,17261.8,17165.5,17187.0,43162610
2022-10-11 09:45:00,17187.3,17196.05,17140.9,17175.25,30359058
2022-10-11 10:15:00,17174.7,17188.2,17116.6,17165.35,17819017
2022-10-11 10:45:00,17164.6,17172.1,17144.15,17150.65,25558201
2022-10-11 11:15:00,17149.95,17184.35,17147.45,17181.85,17099123
2022-10-11 11:45:00,17181.55,17213.35,17180.5,17201.35,18686826
2022-10-11 12:15:00,17201.5,17208.6,17103.85,17113.1,19522833
2022-10-11 12:45:00,17113.0,17165.15,17106.4,17124.65,14564742
2022-10-11 13:15:00,17123.95,17143.45,17102.2,17132.75,16880552
2022-10-11 13:45:00,17131.15,17141.25,17106.0,17135.35,15506709
2022-10-11 14:15:00,17134.8,17140.75,17070.4,17084.2,17336400
2022-10-11 14:45:00,17084.15,17092.4,16980.2,16980.45,33317890
2022-10-11 15:15:00,16982.4,16983.65,16950.3,16983.55,27037749
2022-10-12 09:15:00,17028.6,17070.6,16976.75,17064.95,45312338
2022-10-12 09:45:00,17063.65,17071.65,16990.95,17007.6,23072084
2022-10-12 10:15:00,17006.2,17046.0,16999.8,17007.4,20447506
2022-10-12 10:45:00,17007.6,17007.6,16960.05,16995.55,23445571
2022-10-12 11:15:00,16995.85,17053.45,16992.45,17052.8,17780366
2022-10-12 11:45:00,17053.0,17101.5,17031.75,17099.65,16658445
2022-10-12 12:15:00,17099.05,17105.4,17066.2,17071.35,16320532
2022-10-12 12:45:00,17070.9,17089.85,17043.55,17048.05,14392597
2022-10-12 13:15:00,17048.0,17068.85,17035.5,17050.05,12888030
2022-10-12 13:45:00,17050.2,17102.05,17049.45,17091.6,12830159
2022-10-12 14:15:00,17094.45,17125.65,17086.45,17119.2,18978037
2022-10-12 14:45:00,17119.6,17142.35,17101.85,17124.85,24954501
2022-10-12 15:15:00,17124.25,17132.75,17115.8,17123.6,19844660
2022-10-13 09:15:00,17104.45,17112.35,17051.55,17062.45,57485588
2022-10-13 09:45:00,17062.7,17076.15,17026.75,17029.05,24675139
2022-10-13 10:15:00,17029.85,17043.8,16996.6,17026.2,18134549
2022-10-13 10:45:00,17026.3,17041.65,17013.05,17014.25,16615758
2022-10-13 11:15:00,17014.1,17016.55,16983.3,16989.4,16301918
2022-10-13 11:45:00,16988.95,16996.3,16956.95,16995.05,17174309
2022-10-13 12:15:00,16995.85,17018.15,16968.6,17011.3,18000258
2022-10-13 12:45:00,17012.25,17037.2,17004.3,17021.6,11939936
2022-10-13 13:15:00,17020.85,17028.15,16982.6,16992.95,11015734
2022-10-13 13:45:00,16992.55,17030.9,16983.4,17022.85,13950218
2022-10-13 14:15:00,17023.25,17074.9,17020.35,17074.9,17090675
2022-10-13 14:45:00,17074.85,17080.25,16992.15,17017.85,26130988
2022-10-13 15:15:00,17016.95,17028.65,17011.1,17014.35,20878205
2022-10-14 09:15:00,17293.45,17331.65,17268.05,17280.7,47137565
2022-10-14 09:45:00,17280.2,17311.25,17277.9,17298.7,17251745
2022-10-14 10:15:00,17298.75,17308.5,17251.4,17269.35,16120920
2022-10-14 10:45:00,17269.15,17302.1,17268.3,17296.25,12174505
2022-10-14 11:15:00,17296.4,17310.05,17291.6,17299.05,12454750
2022-10-14 11:45:00,17299.3,17348.55,17294.15,17344.4,13200123
2022-10-14 12:15:00,17343.2,17347.65,17307.4,17315.8,11889123
2022-10-14 12:45:00,17315.9,17319.25,17272.05,17289.45,12969983
2022-10-14 13:15:00,17289.05,17311.4,17268.6,17309.45,11619602
2022-10-14 13:45:00,17309.85,17310.45,17234.75,17256.3,17075612
2022-10-14 14:15:00,17256.8,17258.15,17195.9,17226.3,15113800
2022-10-14 14:45:00,17226.15,17239.9,17169.75,17180.5,25282327
2022-10-14 15:15:00,17180.1,17204.1,17171.95,17185.7,19953929
2022-10-17 09:15:00,17155.1,17201.0,17098.55,17138.3,38767945
2022-10-17 09:45:00,17139.0,17220.35,17136.6,17219.25,19013050
2022-10-17 10:15:00,17219.35,17284.2,17216.75,17275.25,15630874
2022-10-17 10:45:00,17275.95,17284.3,17233.6,17263.7,14529265
2022-10-17 11:15:00,17264.1,17272.15,17240.75,17258.2,12613327
2022-10-17 11:45:00,17257.4,17272.95,17227.65,17271.95,16238099
2022-10-17 12:15:00,17272.05,17306.65,17261.2,17286.05,10344940
2022-10-17 12:45:00,17285.5,17305.6,17256.2,17298.1,10078540
2022-10-17 13:15:00,17296.95,17328.45,17295.4,17317.2,9846863
2022-10-17 13:45:00,17316.9,17328.55,17269.35,17292.2,12673850
2022-10-17 14:15:00,17291.15,17321.2,17276.55,17317.25,14398636
2022-10-17 14:45:00,17316.8,17327.6,17296.4,17298.05,25465321
2022-10-17 15:15:00,17298.1,17327.2,17293.3,17311.8,21925165
2022-10-18 09:15:00,17447.6,17500.25,17434.05,17496.35,40896416
2022-10-18 09:45:00,17496.15,17521.55,17496.15,17503.6,21742183
2022-10-18 10:15:00,17503.3,17527.8,17481.95,17497.1,15371180
2022-10-18 10:45:00,17496.05,17503.35,17469.15,17483.1,15099720
2022-10-18 11:15:00,17482.85,17483.35,17457.2,17476.2,13623567
2022-10-18 11:45:00,17475.85,17508.75,17472.75,17508.2,14182736
2022-10-18 12:15:00,17507.75,17508.5,17475.05,17476.55,13556733
2022-10-18 12:45:00,17476.75,17502.55,17476.5,17490.2,13079274
2022-10-18 13:15:00,17490.1,17494.1,17473.2,17473.75,12856697
2022-10-18 13:45:00,17472.55,17486.75,17458.85,17471.2,11939291
2022-10-18 14:15:00,17471.25,17490.85,17443.7,17456.2,16291424
2022-10-18 14:45:00,17456.15,17495.7,17450.35,17483.65,29460345
2022-10-18 15:15:00,17483.55,17493.95,17482.3,17486.95,21930195
2022-10-19 09:15:00,17584.55,17585.4,17535.75,17572.3,34935827
2022-10-19 09:45:00,17571.7,17587.5,17562.0,17571.8,16010923
2022-10-19 10:15:00,17572.7,17607.6,17568.9,17602.15,17180635
2022-10-19 10:45:00,17601.0,17602.05,17562.15,17579.35,22451180
2022-10-19 11:15:00,17579.2,17592.6,17548.55,17571.25,15280692
2022-10-19 11:45:00,17571.0,17571.0,17537.5,17547.45,13671689
2022-10-19 12:15:00,17546.95,17557.25,17525.45,17530.3,11233196
2022-10-19 12:45:00,17530.35,17535.55,17492.9,17517.5,10646575
2022-10-19 13:15:00,17517.75,17552.15,17511.45,17527.4,10268540
2022-10-19 13:45:00,17527.25,17547.8,17505.7,17546.45,10120154
2022-10-19 14:15:00,17546.7,17557.55,17522.2,17524.85,10232085
2022-10-19 14:45:00,17524.45,17530.75,17472.85,17509.35,24368232
2022-10-19 15:15:00,17510.0,17530.85,17500.65,17512.25,17921258
2022-10-20 09:15:00,17442.25,17469.85,17422.05,17438.65,39783978
2022-10-20 09:45:00,17436.55,17479.5,17421.0,17473.1,20406320
2022-10-20 10:15:00,17473.05,17506.25,17459.3,17498.45,13294094
2022-10-20 10:45:00,17498.65,17518.45,17473.85,17480.3,16161481
2022-10-20 11:15:00,17480.7,17495.15,17470.1,17489.35,13936308
2022-10-20 11:45:00,17490.2,17494.05,17465.1,17476.1,14140512
2022-10-20 12:15:00,17475.9,17509.7,17475.6,17505.2,12961042
2022-10-20 12:45:00,17505.05,17524.65,17495.5,17506.2,12666435
2022-10-20 13:15:00,17505.85,17515.6,17478.4,17481.65,15502465
2022-10-20 13:45:00,17481.9,17506.55,17468.75,17506.15,16306490
2022-10-20 14:15:00,17506.75,17549.15,17495.15,17530.45,21392105
2022-10-20 14:45:00,17530.35,17567.25,17520.6,17567.2,40750134
2022-10-20 15:15:00,17567.35,17584.15,17562.65,17563.95,33410408
2022-10-21 09:15:00,17624.75,17657.65,17603.7,17639.55,57272623
2022-10-21 09:45:00,17639.4,17650.0,17618.85,17649.8,21906974
2022-10-21 10:15:00,17649.15,17650.7,17623.85,17643.4,14889760
2022-10-21 10:45:00,17642.55,17647.4,17625.5,17634.45,13124617
2022-10-21 11:15:00,17633.55,17670.15,17632.35,17668.15,12798516
2022-10-21 11:45:00,17668.3,17668.85,17639.45,17654.7,19156440
2022-10-21 12:15:00,17654.85,17657.55,17625.35,17630.4,15449018
2022-10-21 12:45:00,17630.5,17659.1,17630.5,17651.75,15616318
2022-10-21 13:15:00,17652.3,17656.8,17599.0,17600.0,18739692
2022-10-21 13:45:00,17599.1,17615.3,17550.55,17572.15,17661579
2022-10-21 14:15:00,17572.25,17582.4,17520.75,17538.3,15635991
2022-10-21 14:45:00,17538.1,17580.95,17529.65,17571.0,32226307
2022-10-21 15:15:00,17571.35,17596.75,17570.75,17576.3,26072217
2022-10-24 17:45:00,17736.35,17736.35,17736.35,17736.35,0
2022-10-24 18:15:00,17750.3,17777.55,17723.15,17734.9,30117602
2022-10-24 18:45:00,17735.35,17740.8,17707.4,17738.95,16522272
2022-10-24 19:15:00,17738.45,17738.45,17730.75,17730.75,5430
2022-10-25 09:15:00,17811.5,17811.5,17708.75,17752.15,54047853
2022-10-25 09:45:00,17751.9,17773.25,17740.2,17757.2,24161152
2022-10-25 10:15:00,17757.45,17758.8,17697.95,17701.55,17758305
2022-10-25 10:45:00,17702.0,17709.5,17678.9,17683.1,13865770
2022-10-25 11:15:00,17682.8,17690.45,17666.45,17666.75,13521250
2022-10-25 11:45:00,17666.5,17704.7,17665.8,17692.05,13585701
2022-10-25 12:15:00,17691.8,17697.3,17663.3,17667.2,13279860
2022-10-25 12:45:00,17667.7,17677.75,17653.95,17661.1,13738393
2022-10-25 13:15:00,17660.75,17694.3,17660.7,17692.3,12903179
2022-10-25 13:45:00,17692.5,17715.7,17683.4,17708.0,14497595
2022-10-25 14:15:00,17707.85,17718.8,17686.7,17708.2,15988850
2022-10-25 14:45:00,17707.7,17717.7,17650.05,17651.7,27851729
2022-10-25 15:15:00,17652.95,17656.45,17637.0,17656.35,22124659
2022-10-27 09:15:00,17777.25,17783.9,17745.95,17775.65,70167593
2022-10-27 09:45:00,17775.5,17780.05,17727.25,17731.4,31484443
2022-10-27 10:15:00,17730.9,17747.9,17718.2,17723.95,24016968
2022-10-27 10:45:00,17724.05,17738.3,17719.65,17735.75,21614609
2022-10-27 11:15:00,17735.6,17739.2,17710.2,17715.6,17805851
2022-10-27 11:45:00,17716.1,17727.7,17704.5,17710.65,16304383
2022-10-27 12:15:00,17710.55,17713.45,17683.75,17685.35,17567459
2022-10-27 12:45:00,17685.2,17697.05,17676.75,17687.6,14719745
2022-10-27 13:15:00,17687.75,17706.7,17686.55,17697.2,15117211
2022-10-27 13:45:00,17696.6,17712.9,17683.0,17703.05,15109657
2022-10-27 14:15:00,17702.95,17706.55,17654.5,17657.75,18788079
2022-10-27 14:45:00,17658.2,17740.1,17657.1,17734.95,34574942
2022-10-27 15:15:00,17734.75,17773.3,17734.75,17736.95,30780813
2022-10-28 09:15:00,17760.4,17814.05,17746.65,17813.65,51041734
2022-10-28 09:45:00,17813.75,17835.6,17777.05,17833.2,27635429
2022-10-28 10:15:00,17832.95,17838.9,17798.95,17799.95,19831284
2022-10-28 10:45:00,17800.4,17803.85,17784.2,17785.45,20463559
2022-10-28 11:15:00,17785.2,17788.05,17764.3,17767.8,17443594
2022-10-28 11:45:00,17767.6,17786.25,17756.35,17773.05,15227163
2022-10-28 12:15:00,17772.9,17778.05,17747.95,17769.5,12188397
2022-10-28 12:45:00,17769.05,17770.0,17736.45,17752.65,13381081
2022-10-28 13:15:00,17752.05,17766.0,17739.0,17760.15,11014341
2022-10-28 13:45:00,17760.35,17760.6,17723.7,17733.5,12806583
2022-10-28 14:15:00,17733.65,17765.15,17732.5,17759.95,15768192
2022-10-28 14:45:00,17759.4,17791.35,17749.95,17791.25,26958417
2022-10-28 15:15:00,17790.55,17800.5,17786.8,17786.8,20075898
2022-10-31 09:15:00,17910.6,17972.15,17899.9,17953.75,46057899
2022-10-31 09:45:00,17953.25,17961.7,17936.75,17958.2,19195822
2022-10-31 10:15:00,17958.1,17968.1,17940.45,17947.1,13594310
2022-10-31 10:45:00,17946.75,17967.75,17937.65,17966.35,15091277
2022-10-31 11:15:00,17966.25,17981.95,17962.3,17971.85,10772652
2022-10-31 11:45:00,17972.2,17989.6,17963.9,17981.9,11522690
2022-10-31 12:15:00,17982.2,17991.0,17969.55,17976.3,11295016
2022-10-31 12:45:00,17976.55,17987.05,17962.5,17971.0,10206029
2022-10-31 13:15:00,17970.35,17985.35,17964.25,17967.05,10943726
2022-10-31 13:45:00,17966.65,17970.65,17949.5,17956.8,11026060
2022-10-31 14:15:00,17957.15,17978.0,17951.5,17975.0,18735106
2022-10-31 14:45:00,17975.7,18022.4,17971.8,18017.95,31502043
2022-10-31 15:15:00,18017.7,18022.8,18010.2,18012.2,28268439
2022-11-01 09:15:00,18090.85,18127.1,18084.9,18123.1,72742870
2022-11-01 09:45:00,18121.35,18162.3,18121.35,18160.95,29727032
2022-11-01 10:15:00,18160.65,18168.45,18144.55,18167.95,21414850
2022-11-01 10:45:00,18167.65,18175.8,18147.6,18154.75,17704698
2022-11-01 11:15:00,18156.25,18161.55,18133.55,18138.95,18580938
2022-11-01 11:45:00,18140.0,18151.85,18123.0,18124.5,25620852
2022-11-01 12:15:00,18123.8,18131.9,18108.25,18123.25,19963776
2022-11-01 12:45:00,18123.3,18134.05,18060.15,18068.5,22569312
2022-11-01 13:15:00,18067.65,18123.05,18064.85,18109.3,18600157
2022-11-01 13:45:00,18109.25,18124.5,18094.9,18108.1,15468705
2022-11-01 14:15:00,18107.65,18120.8,18098.55,18118.4,19891383
2022-11-01 14:45:00,18117.7,18153.45,18103.05,18148.3,36501332
2022-11-01 15:15:00,18148.95,18155.6,18137.55,18145.4,26458399
2022-11-02 09:15:00,18178.75,18178.75,18101.85,18141.25,51879695
2022-11-02 09:45:00,18140.95,18150.6,18107.3,18119.45,26040076
2022-11-02 10:15:00,18119.2,18130.95,18103.95,18118.25,20781718
2022-11-02 10:45:00,18118.65,18128.95,18091.9,18116.65,17344364
2022-11-02 11:15:00,18117.85,18121.7,18100.05,18101.3,14432597
2022-11-02 11:45:00,18101.0,18106.5,18085.1,18088.7,12685991
2022-11-02 12:15:00,18089.4,18097.35,18079.2,18084.05,11208951
2022-11-02 12:45:00,18083.1,18083.1,18057.9,18079.2,14261136
2022-11-02 13:15:00,18080.1,18099.25,18059.55,18061.0,15106195
2022-11-02 13:45:00,18060.85,18080.3,18048.65,18051.25,18410155
2022-11-02 14:15:00,18051.9,18079.4,18051.9,18069.75,15966721
2022-11-02 14:45:00,18070.45,18092.45,18056.9,18082.65,27797891
2022-11-02 15:15:00,18082.6,18090.75,18070.7,18082.85,22857981
2022-11-03 09:15:00,17972.6,18079.75,17959.2,18060.5,39753002
2022-11-03 09:45:00,18061.6,18081.45,18045.55,18081.3,17848775
2022-11-03 10:15:00,18082.0,18106.3,18081.7,18085.0,16464876
2022-11-03 10:45:00,18085.25,18089.55,18059.5,18085.35,14664581
2022-11-03 11:15:00,18085.3,18096.55,18040.35,18051.45,16064135
2022-11-03 11:45:00,18050.05,18055.9,18033.2,18040.95,13239572
2022-11-03 12:15:00,18041.2,18044.8,18022.9,18024.15,11073886
2022-11-03 12:45:00,18024.25,18030.95,18002.85,18030.3,12097694
2022-11-03 13:15:00,18030.2,18050.85,18022.05,18050.2,12684509
2022-11-03 13:45:00,18050.75,18052.05,18011.45,18027.2,14104524
2022-11-03 14:15:00,18027.6,18043.3,18008.5,18033.45,12598285
2022-11-03 14:45:00,18033.65,18068.25,18026.2,18050.4,21462975
2022-11-03 15:15:00,18049.9,18057.95,18042.6,18052.7,17525488
2022-11-04 09:15:00,18064.75,18108.0,18045.85,18061.3,41717967
2022-11-04 09:45:00,18060.65,18067.25,18026.9,18034.0,18852470
2022-11-04 10:15:00,18033.65,18040.35,18021.45,18023.2,15828161
2022-11-04 10:45:00,18022.55,18039.95,18017.15,18038.1,17423455
2022-11-04 11:15:00,18038.35,18053.75,18031.7,18034.25,12764053
2022-11-04 11:45:00,18034.3,18051.05,18030.9,18046.3,12281345
2022-11-04 12:15:00,18046.65,18064.2,18038.4,18048.8,16240014
2022-11-04 12:45:00,18049.0,18056.05,18039.55,18053.0,14886452
2022-11-04 13:15:00,18053.25,18061.2,18051.65,18057.15,18573621
2022-11-04 13:45:00,18056.3,18060.6,18041.95,18056.6,22678573
2022-11-04 14:15:00,18056.45,18078.35,18047.3,18071.05,20678741
2022-11-04 14:45:00,18071.3,18129.25,18071.3,18124.1,30119579
2022-11-04 15:15:00,18123.35,18135.1,18117.1,18117.15,27601849
2022-11-07 09:15:00,18215.35,18255.5,18164.95,18171.7,73480333
2022-11-07 09:45:00,18171.95,18173.9,18142.4,18142.7,31968408
2022-11-07 10:15:00,18142.15,18151.5,18128.5,18138.15,24387536
2022-11-07 10:45:00,18138.25,18145.0,18115.5,18144.25,19455944
2022-11-07 11:15:00,18144.1,18159.55,18137.4,18139.6,15346620
2022-11-07 11:45:00,18137.45,18150.7,18133.8,18143.45,16772696
2022-11-07 12:15:00,18142.95,18151.45,18113.75,18114.65,16096896
2022-11-07 12:45:00,18114.9,18129.25,18102.55,18110.05,14920937
2022-11-07 13:15:00,18109.6,18118.2,18064.75,18087.6,14506263
2022-11-07 13:45:00,18087.1,18135.4,18086.65,18126.55,16622075
2022-11-07 14:15:00,18126.3,18178.95,18125.5,18168.85,21981787
2022-11-07 14:45:00,18168.55,18206.95,18158.2,18202.25,30673805
2022-11-07 15:15:00,18202.05,18218.6,18197.55,18202.8,24799176
2022-11-09 09:15:00,18296.4,18296.4,18220.75,18233.0,63930788
2022-11-09 09:45:00,18233.6,18252.75,18204.95,18222.95,29828449
2022-11-09 10:15:00,18223.5,18227.05,18202.2,18209.5,20203245
2022-11-09 10:45:00,18208.9,18214.75,18182.6,18189.4,18584835
2022-11-09 11:15:00,18189.2,18196.95,18174.2,18181.3,18365364
2022-11-09 11:45:00,18181.9,18202.85,18167.85,18174.65,15773230
2022-11-09 12:15:00,18174.5,18193.95,18172.65,18192.75,14554769
2022-11-09 12:45:00,18193.05,18198.0,18175.85,18184.0,13942726
2022-11-09 13:15:00,18184.1,18199.25,18166.1,18191.95,15182532
2022-11-09 13:45:00,18192.2,18212.95,18184.4,18206.7,15626621
2022-11-09 14:15:00,18206.95,18212.0,18144.45,18144.8,20005117
2022-11-09 14:45:00,18144.55,18187.0,18117.5,18172.45,33559415
2022-11-09 15:15:00,18172.7,18174.65,18119.05,18157.0,28173816
2022-11-10 09:15:00,18071.05,18103.1,18018.65,18027.15,53111045
2022-11-10 09:45:00,18027.1,18045.35,18010.8,18025.15,18978027
2022-11-10 10:15:00,18026.0,18047.05,18020.55,18044.75,18388014
2022-11-10 10:45:00,18045.0,18049.55,18028.75,18035.25,16470910
2022-11-10 11:15:00,18035.75,18061.3,18032.45,18052.7,16265058
2022-11-10 11:45:00,18053.05,18054.7,18013.45,18013.45,12485470
2022-11-10 12:15:00,18013.5,18016.4,17991.15,17992.55,14267583
2022-11-10 12:45:00,17992.7,18000.85,17973.65,17994.55,12800703
2022-11-10 13:15:00,17994.75,18006.7,17990.3,18000.75,11577969
2022-11-10 13:45:00,18000.3,18013.65,17995.15,18001.95,13789130
2022-11-10 14:15:00,18002.05,18008.25,17969.4,17990.25,17756574
2022-11-10 14:45:00,17989.65,18033.4,17982.85,18027.4,25352020
2022-11-10 15:15:00,18028.6,18040.35,18024.6,18028.2,22399752
2022-11-11 09:15:00,18284.9,18332.2,18259.35,18294.0,62647243
2022-11-11 09:45:00,18294.1,18323.8,18286.3,18310.55,25474676
2022-11-11 10:15:00,18308.9,18317.8,18281.3,18291.3,19356339
2022-11-11 10:45:00,18291.25,18319.05,18282.85,18310.0,21490714
2022-11-11 11:15:00,18311.3,18323.8,18295.35,18321.3,41056807
2022-11-11 11:45:00,18321.05,18327.55,18312.1,18320.45,32580561
2022-11-11 12:15:00,18319.85,18346.85,18319.45,18340.9,26214354
2022-11-11 12:45:00,18339.7,18348.45,18308.55,18324.9,25122821
2022-11-11 13:15:00,18325.0,18344.45,18307.25,18319.5,20956181
2022-11-11 13:45:00,18319.7,18349.55,18310.55,18347.7,21021815
2022-11-11 14:15:00,18345.7,18357.7,18332.35,18340.9,21673569
2022-11-11 14:45:00,18340.4,18361.3,18329.55,18349.4,34084122
2022-11-11 15:15:00,18348.5,18362.3,18340.85,18349.7,27903129
2022-11-14 09:15:00,18379.0,18399.45,18337.85,18384.85,55502764
2022-11-14 09:45:00,18385.1,18386.8,18349.8,18351.2,25301081
2022-11-14 10:15:00,18350.9,18351.0,18327.2,18347.05,18933338
2022-11-14 10:45:00,18346.15,18367.8,18339.25,18345.85,17660807
2022-11-14 11:15:00,18346.0,18349.8,18333.0,18342.8,17040936
2022-11-14 11:45:00,18342.95,18343.3,18327.25,18336.65,19342780
2022-11-14 12:15:00,18336.95,18346.9,18318.55,18327.9,20471210
2022-11-14 12:45:00,18328.05,18339.7,18311.4,18332.7,16975514
2022-11-14 13:15:00,18332.95,18368.85,18330.8,18365.35,21245006
2022-11-14 13:45:00,18365.65,18375.05,18339.95,18373.1,22959641
2022-11-14 14:15:00,18372.8,18374.45,18343.65,18344.8,17997487
2022-11-14 14:45:00,18345.25,18354.2,18323.1,18330.45,27562915
2022-11-14 15:15:00,18330.55,18335.45,18314.7,18329.15,23115365
2022-11-15 09:15:00,18370.75,18378.15,18322.45,18332.75,44952830
2022-11-15 09:45:00,18331.9,18334.2,18282.7,18307.5,20984727
2022-11-15 10:15:00,18308.0,18309.45,18284.65,18291.75,16034402
2022-11-15 10:45:00,18292.15,18308.0,18282.0,18285.0,16047370
2022-11-15 11:15:00,18285.05,18309.05,18284.4,18306.8,12865138
2022-11-15 11:45:00,18306.65,18306.75,18291.25,18294.05,13496435
2022-11-15 12:15:00,18294.1,18332.95,18287.55,18324.75,15993430
2022-11-15 12:45:00,18324.85,18343.9,18321.25,18330.45,15835729
2022-11-15 13:15:00,18330.75,18345.05,18325.4,18343.4,14137071
2022-11-15 13:45:00,18342.85,18344.15,18318.55,18320.4,14540322
2022-11-15 14:15:00,18320.45,18346.85,18309.0,18340.9,16982447
2022-11-15 14:45:00,18340.5,18410.65,18338.7,18406.6,28916574
2022-11-15 15:15:00,18406.4,18427.95,18402.65,18403.4,22313591
2022-11-16 09:15:00,18417.05,18417.65,18354.7,18365.55,39718624
2022-11-16 09:45:00,18364.95,18400.85,18357.55,18397.95,21870393
2022-11-16 10:15:00,18398.15,18421.45,18393.85,18415.6,17122025
2022-11-16 10:45:00,18416.25,18438.7,18414.3,18421.45,13182429
2022-11-16 11:15:00,18421.35,18442.15,18414.8,18415.75,10226745
2022-11-16 11:45:00,18415.1,18417.35,18386.15,18403.6,10585811
2022-11-16 12:15:00,18404.0,18424.65,18403.3,18410.65,9717630
2022-11-16 12:45:00,18410.95,18419.25,18405.05,18409.95,10639115
2022-11-16 13:15:00,18409.6,18435.25,18405.85,18432.4,11850443
2022-11-16 13:45:00,18432.3,18437.6,18385.85,18385.85,10835781
2022-11-16 14:15:00,18386.4,18388.15,18344.15,18362.15,22424843
2022-11-16 14:45:00,18362.55,18423.5,18356.15,18412.05,23611260
2022-11-16 15:15:00,18412.65,18416.15,18396.7,18409.65,18917552
2022-11-17 09:15:00,18363.65,18399.8,18351.7,18374.35,36182485
2022-11-17 09:45:00,18374.8,18417.6,18363.4,18382.1,16595811
2022-11-17 10:15:00,18381.9,18389.25,18367.5,18374.3,11447939
2022-11-17 10:45:00,18374.2,18386.5,18360.3,18360.3,13303277
2022-11-17 11:15:00,18361.2,18380.1,18350.3,18369.8,12549703
2022-11-17 11:45:00,18370.25,18375.35,18360.5,18363.25,10108280
2022-11-17 12:15:00,18363.85,18398.65,18359.6,18397.05,12545565
2022-11-17 12:45:00,18396.8,18397.6,18383.8,18391.35,11105028
2022-11-17 13:15:00,18390.5,18409.1,18384.5,18393.5,10839997
2022-11-17 13:45:00,18393.35,18405.1,18385.15,18404.85,9553230
2022-11-17 14:15:00,18404.65,18406.1,18381.3,18396.05,12957685
2022-11-17 14:45:00,18395.4,18405.15,18320.45,18323.15,20940627
2022-11-17 15:15:00,18323.75,18343.9,18312.95,18343.9,18054311
2022-11-18 09:15:00,18385.05,18394.6,18304.95,18317.55,29272678
2022-11-18 09:45:00,18317.95,18327.8,18284.25,18286.95,18140075
2022-11-18 10:15:00,18286.75,18304.35,18262.8,18266.75,11932034
2022-11-18 10:45:00,18266.5,18278.05,18220.95,18226.65,15309569
2022-11-18 11:15:00,18225.25,18260.35,18225.25,18257.4,12402101
2022-11-18 11:45:00,18257.3,18261.65,18227.45,18245.3,12631821
2022-11-18 12:15:00,18244.75,18256.4,18236.7,18247.95,10980557
2022-11-18 12:45:00,18247.3,18260.15,18241.5,18254.75,10211059
2022-11-18 13:15:00,18254.25,18273.5,18224.8,18225.95,10605695
2022-11-18 13:45:00,18226.1,18235.05,18209.8,18217.45,12800937
2022-11-18 14:15:00,18218.55,18269.1,18210.6,18263.65,15147710
2022-11-18 14:45:00,18263.25,18327.35,18245.25,18322.55,28564450
2022-11-18 15:15:00,18323.75,18326.45,18295.2,18307.65,20856026
2022-11-21 09:15:00,18262.3,18262.3,18146.85,18152.85,45930455
2022-11-21 09:45:00,18152.9,18180.8,18152.9,18179.05,19948031
2022-11-21 10:15:00,18179.35,18189.95,18150.7,18153.4,14293243
2022-11-21 10:45:00,18154.85,18184.45,18153.75,18177.7,11950884
2022-11-21 11:15:00,18177.25,18187.9,18169.4,18171.65,12923170
2022-11-21 11:45:00,18171.1,18174.65,18157.75,18162.45,10503672
2022-11-21 12:15:00,18162.8,18169.65,18145.6,18150.4,10244962
2022-11-21 12:45:00,18150.3,18162.9,18145.25,18150.25,10721945
2022-11-21 13:15:00,18149.95,18166.85,18136.0,18158.05,12495208
2022-11-21 13:45:00,18158.25,18170.4,18148.0,18155.5,11873878
2022-11-21 14:15:00,18155.4,18158.9,18133.35,18143.15,14658750
2022-11-21 14:45:00,18143.5,18172.95,18135.4,18171.3,25187802
2022-11-21 15:15:00,18172.5,18173.7,18146.05,18159.95,22404994
2022-11-22 09:15:00,18189.85,18191.9,18137.7,18178.2,33546722
2022-11-22 09:45:00,18178.4,18210.6,18178.4,18207.2,16751104
2022-11-22 10:15:00,18206.5,18216.55,18196.9,18210.2,11647124
2022-11-22 10:45:00,18209.35,18213.8,18195.3,18206.7,15328455
2022-11-22 11:15:00,18205.9,18220.7,18198.35,18215.85,11089713
2022-11-22 11:45:00,18216.6,18220.15,18210.0,18217.15,13603332
2022-11-22 12:15:00,18217.6,18226.3,18210.05,18214.0,10719775
2022-11-22 12:45:00,18213.25,18217.1,18202.4,18205.9,9675432
2022-11-22 13:15:00,18206.05,18217.05,18205.0,18212.6,10580825
2022-11-22 13:45:00,18211.8,18228.75,18202.15,18208.9,12103990
2022-11-22 14:15:00,18208.5,18217.6,18197.6,18201.6,11801995
2022-11-22 14:45:00,18201.25,18249.65,18199.7,18249.45,23013475
2022-11-22 15:15:00,18249.85,18261.85,18244.2,18244.2,18538153
2022-11-23 09:15:00,18325.4,18325.4,18275.35,18277.4,27645014
2022-11-23 09:45:00,18277.55,18288.55,18265.4,18270.1,12843978
2022-11-23 10:15:00,18269.35,18272.5,18251.75,18260.35,10587241
2022-11-23 10:45:00,18260.55,18275.95,18258.35,18269.5,12236076
2022-11-23 11:15:00,18269.3,18277.95,18265.75,18272.95,11516740
2022-11-23 11:45:00,18273.5,18280.7,18271.5,18280.2,11953256
2022-11-23 12:15:00,18279.85,18279.85,18264.65,18269.7,9612654
2022-11-23 12:45:00,18269.45,18281.4,18269.1,18273.85,12807420
2022-11-23 13:15:00,18273.95,18284.3,18268.8,18275.65,9607946
2022-11-23 13:45:00,18275.75,18291.65,18272.8,18289.55,11749443
2022-11-23 14:15:00,18289.1,18303.0,18279.1,18301.75,11915866
2022-11-23 14:45:00,18302.4,18312.65,18262.4,18271.5,22496615
2022-11-23 15:15:00,18271.3,18272.05,18246.0,18267.25,17878950
2022-11-24 09:15:00,18327.0,18344.4,18294.25,18342.85,31322766
2022-11-24 09:45:00,18342.95,18357.0,18338.35,18351.85,16803920
2022-11-24 10:15:00,18352.45,18375.0,18351.2,18369.0,14620537
2022-11-24 10:45:00,18369.3,18375.95,18361.55,18365.0,12620878
2022-11-24 11:15:00,18365.3,18376.1,18359.2,18373.8,13239062
2022-11-24 11:45:00,18374.3,18387.05,18366.15,18384.35,16087299
2022-11-24 12:15:00,18384.7,18391.75,18374.1,18381.4,15575271
2022-11-24 12:45:00,18381.3,18397.3,18377.6,18380.75,11513067
2022-11-24 13:15:00,18380.85,18383.2,18368.3,18378.15,11716607
2022-11-24 13:45:00,18376.9,18402.45,18375.05,18401.55,11867873
2022-11-24 14:15:00,18401.8,18406.3,18387.35,18392.45,14915232
2022-11-24 14:45:00,18393.05,18488.4,18389.0,18482.75,31267428
2022-11-24 15:15:00,18482.25,18529.7,18482.05,18484.1,26730573
2022-11-25 09:15:00,18533.15,18533.15,18445.1,18454.95,38135221
2022-11-25 09:45:00,18455.75,18492.35,18450.1,18477.05,20716491
2022-11-25 10:15:00,18477.4,18495.2,18460.25,18495.15,16202035
2022-11-25 10:45:00,18495.4,18499.55,18459.55,18461.5,14898389
2022-11-25 11:15:00,18460.25,18484.65,18458.85,18463.1,16921844
2022-11-25 11:45:00,18461.95,18467.6,18451.2,18463.05,13397261
2022-11-25 12:15:00,18462.55,18483.0,18461.05,18476.9,11787345
2022-11-25 12:45:00,18476.5,18495.1,18469.2,18484.75,11260071
2022-11-25 13:15:00,18483.45,18496.4,18475.75,18485.5,9278843
2022-11-25 13:45:00,18485.65,18512.5,18476.75,18486.95,12866565
2022-11-25 14:15:00,18486.85,18511.4,18467.9,18502.5,14967385
2022-11-25 14:45:00,18502.4,18534.9,18484.2,18524.65,27610755
2022-11-25 15:15:00,18525.7,18525.7,18494.5,18512.75,18863566
2022-11-28 09:15:00,18454.7,18541.55,18365.6,18538.3,44682299
2022-11-28 09:45:00,18538.1,18549.55,18530.15,18539.75,22295888
2022-11-28 10:15:00,18539.9,18558.95,18535.05,18539.25,14206621
2022-11-28 10:45:00,18539.45,18568.0,18537.5,18565.2,12999588
2022-11-28 11:15:00,18564.7,18580.75,18558.25,18579.9,17739192
2022-11-28 11:45:00,18579.25,18595.25,18575.5,18593.75,12803367
2022-11-28 12:15:00,18593.6,18604.35,18579.0,18579.3,13479568
2022-11-28 12:45:00,18580.8,18611.05,18580.15,18606.85,17033998
2022-11-28 13:15:00,18606.25,18612.55,18593.0,18611.5,12958530
2022-11-28 13:45:00,18610.75,18614.25,18573.7,18582.15,15289374
2022-11-28 14:15:00,18582.95,18600.05,18577.75,18599.2,15203202
2022-11-28 14:45:00,18598.2,18608.5,18555.25,18564.7,25123006
2022-11-28 15:15:00,18565.8,18568.9,18546.9,18562.75,20949849
2022-11-29 09:15:00,18561.4,18631.65,18552.15,18621.7,39689542
2022-11-29 09:45:00,18621.85,18633.8,18607.5,18630.5,23826947
2022-11-29 10:15:00,18629.55,18643.25,18627.95,18637.0,15719445
2022-11-29 10:45:00,18636.85,18662.6,18636.75,18657.6,15182305
2022-11-29 11:15:00,18657.25,18660.15,18642.55,18653.7,11861983
2022-11-29 11:45:00,18653.85,18669.15,18635.35,18666.95,10836069
2022-11-29 12:15:00,18667.5,18672.95,18656.5,18668.05,11475723
2022-11-29 12:45:00,18667.25,18672.0,18645.65,18660.95,10425251
2022-11-29 13:15:00,18660.9,18678.1,18654.7,18671.0,12726873
2022-11-29 13:45:00,18671.15,18676.5,18653.05,18657.0,13942719
2022-11-29 14:15:00,18657.1,18662.1,18623.7,18630.15,12922955
2022-11-29 14:45:00,18630.1,18639.65,18614.15,18614.5,20516106
2022-11-29 15:15:00,18615.3,18620.5,18602.7,18618.05,18191479
2022-11-30 09:15:00,18634.3,18679.55,18616.7,18642.8,41515842
2022-11-30 09:45:00,18642.6,18649.75,18616.55,18643.65,20114936
2022-11-30 10:15:00,18643.75,18643.75,18622.6,18622.75,14707844
2022-11-30 10:45:00,18622.7,18641.05,18617.55,18635.35,12169769
2022-11-30 11:15:00,18635.15,18659.8,18625.85,18653.15,12923500
2022-11-30 11:45:00,18653.8,18664.0,18644.3,18644.35,11575995
2022-11-30 12:15:00,18644.25,18653.4,18638.9,18652.7,9661095
2022-11-30 12:45:00,18652.05,18670.8,18639.8,18669.7,16119081
2022-11-30 13:15:00,18670.2,18675.7,18657.15,18660.15,15085314
2022-11-30 13:45:00,18660.55,18671.7,18652.95,18666.1,16437627
2022-11-30 14:15:00,18665.85,18701.7,18660.55,18688.75,25501500
2022-11-30 14:45:00,18689.9,18767.4,18671.15,18765.2,91885117
2022-11-30 15:15:00,18766.15,18816.05,18758.35,18758.35,84427462
2022-12-01 09:15:00,18874.3,18887.6,18842.05,18868.1,52986006
2022-12-01 09:45:00,18867.5,18867.5,18829.7,18843.0,23709346
2022-12-01 10:15:00,18843.55,18843.65,18816.65,18828.0,15847567
2022-12-01 10:45:00,18827.95,18845.95,18825.75,18840.3,19364865
2022-12-01 11:15:00,18840.2,18842.3,18827.2,18827.2,24548476
2022-12-01 11:45:00,18826.75,18836.6,18817.65,18834.55,18373266
2022-12-01 12:15:00,18833.95,18855.7,18832.45,18842.25,17580639
2022-12-01 12:45:00,18841.95,18849.0,18837.5,18844.15,20102972
2022-12-01 13:15:00,18843.75,18853.1,18791.35,18808.35,23276861
2022-12-01 13:45:00,18808.4,18829.7,18778.2,18824.45,31384620
2022-12-01 14:15:00,18823.6,18845.3,18810.8,18820.85,30361733
2022-12-01 14:45:00,18820.9,18839.25,18795.95,18808.15,30509904
2022-12-01 15:15:00,18808.4,18820.6,18799.55,18812.5,24915444
2022-12-02 09:15:00,18775.3,18781.95,18712.15,18713.05,61467261
2022-12-02 09:45:00,18713.15,18721.15,18700.9,18703.75,22786957
2022-12-02 10:15:00,18704.05,18710.05,18689.7,18703.5,15808464
2022-12-02 10:45:00,18703.05,18711.5,18693.45,18699.35,16475505
2022-12-02 11:15:00,18699.3,18706.1,18656.85,18667.8,18359262
2022-12-02 11:45:00,18666.95,18668.4,18641.45,18646.8,14037145
2022-12-02 12:15:00,18646.35,18662.5,18639.2,18661.45,15054400
2022-12-02 12:45:00,18661.05,18683.85,18655.6,18681.4,14508682
2022-12-02 13:15:00,18681.75,18682.05,18655.9,18678.7,12475851
2022-12-02 13:45:00,18679.55,18697.45,18678.45,18687.8,11860295
2022-12-02 14:15:00,18688.3,18705.8,18675.95,18684.8,13940533
2022-12-02 14:45:00,18685.2,18699.45,18677.1,18694.4,26317918
2022-12-02 15:15:00,18694.15,18708.15,18691.25,18696.1,21480440
2022-12-05 09:15:00,18728.6,18728.6,18647.0,18654.25,51826703
2022-12-05 09:45:00,18654.9,18654.9,18591.35,18596.8,28126809
2022-12-05 10:15:00,18597.1,18633.75,18596.1,18622.3,16686282
2022-12-05 10:45:00,18622.25,18639.95,18615.35,18638.4,13401920
2022-12-05 11:15:00,18638.85,18654.5,18632.9,18650.65,12855878
2022-12-05 11:45:00,18650.7,18668.25,18638.0,18667.65,15192376
2022-12-05 12:15:00,18667.55,18719.0,18667.55,18696.95,24160638
2022-12-05 12:45:00,18697.55,18706.1,18676.95,18677.85,16762654
2022-12-05 13:15:00,18677.35,18680.05,18637.55,18641.75,14510638
2022-12-05 13:45:00,18641.0,18664.15,18629.95,18649.4,22744218
2022-12-05 14:15:00,18649.35,18688.4,18641.65,18664.0,22820522
2022-12-05 14:45:00,18663.9,18723.6,18663.65,18716.1,32613230
2022-12-05 15:15:00,18715.9,18718.75,18685.9,18701.05,26172878
2022-12-06 09:15:00,18628.6,18637.8,18577.9,18593.45,38361098
2022-12-06 09:45:00,18593.5,18640.35,18590.8,18635.75,18631890
2022-12-06 10:15:00,18635.2,18644.6,18620.3,18634.5,13020549
2022-12-06 10:45:00,18634.55,18648.05,18602.4,18607.1,17773492
2022-12-06 11:15:00,18607.2,18624.35,18606.85,18608.6,12803108
2022-12-06 11:45:00,18608.8,18612.65,18599.3,18604.5,10344093
2022-12-06 12:15:00,18604.4,18617.35,18590.35,18594.0,10650685
2022-12-06 12:45:00,18594.3,18617.2,18585.65,18615.15,10845131
2022-12-06 13:15:00,18614.95,18632.55,18604.05,18627.55,10892407
2022-12-06 13:45:00,18626.95,18641.1,18596.5,18616.75,13122241
2022-12-06 14:15:00,18616.65,18627.4,18602.7,18605.4,12979813
2022-12-06 14:45:00,18605.25,18654.9,18601.6,18651.55,30083089
2022-12-06 15:15:00,18651.45,18652.4,18633.6,18642.75,24365163
2022-12-07 09:15:00,18647.55,18655.3,18608.45,18640.85,37162944
2022-12-07 09:45:00,18641.35,18665.95,18632.85,18661.7,18029800
2022-12-07 10:15:00,18662.75,18668.3,18625.35,18627.15,14996831
2022-12-07 10:45:00,18627.45,18629.5,18564.5,18585.15,18408046
2022-12-07 11:15:00,18584.8,18587.2,18568.35,18579.1,11086874
2022-12-07 11:45:00,18579.25,18595.85,18577.4,18594.4,10122014
2022-12-07 12:15:00,18594.0,18597.65,18572.3,18572.3,10038244
2022-12-07 12:45:00,18571.5,18607.0,18569.4,18597.1,10161527
2022-12-07 13:15:00,18597.5,18614.8,18585.45,18592.15,11702799
2022-12-07 13:45:00,18591.85,18594.8,18566.5,18570.55,11989352
2022-12-07 14:15:00,18570.9,18602.3,18568.25,18598.6,12824416
2022-12-07 14:45:00,18598.95,18618.95,18550.0,18553.6,29172484
2022-12-07 15:15:00,18554.75,18560.5,18528.4,18560.5,23814171
2022-12-08 09:15:00,18578.3,18582.3,18536.95,18570.4,33002332
2022-12-08 09:45:00,18569.85,18625.0,18567.4,18601.8,20512458
2022-12-08 10:15:00,18602.2,18612.4,18574.6,18579.2,16159361
2022-12-08 10:45:00,18578.95,18585.85,18566.55,18576.7,11575189
2022-12-08 11:15:00,18577.35,18588.85,18570.0,18572.15,11964759
2022-12-08 11:45:00,18572.7,18587.0,18568.4,18579.7,10908077
2022-12-08 12:15:00,18579.6,18595.85,18566.95,18567.45,14909847
2022-12-08 12:45:00,18567.4,18587.9,18551.5,18584.4,11675211
2022-12-08 13:15:00,18584.5,18596.05,18574.4,18578.05,10963660
2022-12-08 13:45:00,18578.3,18594.5,18568.6,18588.45,14840962
2022-12-08 14:15:00,18588.95,18610.65,18588.2,18601.3,13083002
2022-12-08 14:45:00,18601.5,18617.25,18578.65,18613.1,25058184
2022-12-08 15:15:00,18613.3,18620.0,18606.45,18609.35,20456931
2022-12-09 09:15:00,18664.65,18664.7,18613.4,18625.85,36188476
2022-12-09 09:45:00,18625.65,18635.3,18607.4,18611.05,20418735
2022-12-09 10:15:00,18611.1,18613.5,18559.4,18568.7,16427332
2022-12-09 10:45:00,18569.3,18569.3,18547.55,18554.25,13189892
2022-12-09 11:15:00,18554.35,18561.9,18537.45,18555.5,14691562
2022-12-09 11:45:00,18555.4,18566.3,18551.05,18564.9,14854488
2022-12-09 12:15:00,18564.7,18568.55,18483.85,18490.7,16730322
2022-12-09 12:45:00,18488.65,18499.95,18454.75,18490.4,15558498
2022-12-09 13:15:00,18488.3,18499.0,18465.75,18466.45,10204510
2022-12-09 13:45:00,18466.25,18486.05,18446.25,18449.3,13078911
2022-12-09 14:15:00,18449.05,18452.55,18410.1,18447.25,21642728
2022-12-09 14:45:00,18447.75,18510.95,18446.75,18509.5,27269230
2022-12-09 15:15:00,18509.45,18512.2,18486.15,18496.6,22405111
2022-12-12 09:15:00,18415.0,18468.35,18345.7,18467.35,39182407
2022-12-12 09:45:00,18468.65,18502.45,18453.6,18477.95,19318247
2022-12-12 10:15:00,18478.65,18517.0,18474.2,18506.2,14919519
2022-12-12 10:45:00,18506.0,18521.55,18485.35,18512.55,13447457
2022-12-12 11:15:00,18513.1,18516.9,18486.1,18487.35,11530432
2022-12-12 11:45:00,18487.3,18496.8,18475.45,18487.5,12146265
2022-12-12 12:15:00,18486.95,18511.15,18483.9,18494.9,12365746
2022-12-12 12:45:00,18495.1,18502.6,18475.9,18481.2,10068204
2022-12-12 13:15:00,18481.5,18481.85,18442.6,18452.4,8801281
2022-12-12 13:45:00,18452.65,18467.55,18442.5,18457.8,9803240
2022-12-12 14:15:00,18458.55,18462.35,18426.45,18439.65,15600963
2022-12-12 14:45:00,18439.8,18508.05,18439.35,18497.2,31118934
2022-12-12 15:15:00,18497.05,18510.3,18493.75,18497.15,21360740
2022-12-13 09:15:00,18529.9,18540.85,18490.2,18526.05,40519036
2022-12-13 09:45:00,18525.9,18537.85,18505.95,18525.35,14447919
2022-12-13 10:15:00,18525.7,18536.45,18520.85,18529.85,14423035
2022-12-13 10:45:00,18528.95,18558.25,18528.8,18552.85,10686566
2022-12-13 11:15:00,18553.0,18592.7,18551.95,18590.75,12155124
2022-12-13 11:45:00,18589.4,18592.1,18576.8,18586.5,13334964
2022-12-13 12:15:00,18586.15,18595.2,18570.75,18589.75,10627513
2022-12-13 12:45:00,18590.35,18608.9,18576.85,18599.7,10983547
2022-12-13 13:15:00,18599.5,18602.85,18585.55,18588.0,8756843
2022-12-13 13:45:00,18588.4,18596.9,18570.1,18575.95,9933365
2022-12-13 14:15:00,18575.8,18580.75,18563.1,18571.6,10415204
2022-12-13 14:45:00,18572.25,18617.25,18572.25,18605.85,25712976
2022-12-13 15:15:00,18605.8,18612.05,18591.2,18608.0,21928366
2022-12-14 09:15:00,18671.9,18696.1,18651.65,18691.35,35936612
2022-12-14 09:45:00,18691.45,18694.3,18654.95,18663.35,15665455
2022-12-14 10:15:00,18663.05,18675.65,18657.55,18666.85,13827699
2022-12-14 10:45:00,18666.35,18680.55,18663.35,18679.75,12564417
2022-12-14 11:15:00,18679.5,18690.2,18676.0,18683.6,13828456
2022-12-14 11:45:00,18684.25,18689.9,18680.3,18687.45,14220658
2022-12-14 12:15:00,18687.4,18692.3,18670.55,18677.45,15410520
2022-12-14 12:45:00,18677.25,18683.7,18669.45,18679.55,16287905
2022-12-14 13:15:00,18678.1,18681.55,18655.15,18661.75,11844157
2022-12-14 13:45:00,18661.6,18662.6,18632.9,18634.4,12839195
2022-12-14 14:15:00,18634.95,18656.6,18634.95,18644.75,13676725
2022-12-14 14:45:00,18644.6,18676.35,18644.6,18667.1,31907584
2022-12-14 15:15:00,18667.0,18671.35,18640.2,18660.3,24526186
2022-12-15 09:15:00,18618.6,18652.9,18569.25,18587.2,32739663
2022-12-15 09:45:00,18586.65,18589.15,18558.9,18565.1,16202141
2022-12-15 10:15:00,18565.05,18593.7,18561.0,18579.1,15255740
2022-12-15 10:45:00,18578.7,18584.7,18566.95,18578.8,16817467
2022-12-15 11:15:00,18579.45,18580.65,18564.4,18570.25,11622703
2022-12-15 11:45:00,18570.0,18570.35,18539.8,18548.15,11841303
2022-12-15 12:15:00,18548.6,18553.85,18520.8,18526.95,10673624
2022-12-15 12:45:00,18526.55,18538.45,18515.35,18521.8,10914186
2022-12-15 13:15:00,18521.45,18527.55,18509.75,18518.75,9202038
2022-12-15 13:45:00,18519.0,18524.85,18497.15,18521.0,12073507
2022-12-15 14:15:00,18521.25,18527.5,18431.5,18431.5,17357826
2022-12-15 14:45:00,18429.15,18451.7,18406.05,18406.8,24364492
2022-12-15 15:15:00,18407.0,18415.65,18387.7,18414.9,18865459
2022-12-16 09:15:00,18331.2,18440.95,18299.55,18382.5,47522658
2022-12-16 09:45:00,18381.85,18389.55,18330.65,18331.5,21789279
2022-12-16 10:15:00,18331.55,18343.95,18302.85,18303.2,15963670
2022-12-16 10:45:00,18302.3,18318.3,18270.95,18314.55,13682148
2022-12-16 11:15:00,18314.1,18343.8,18310.5,18330.3,11469497
2022-12-16 11:45:00,18331.35,18332.7,18301.1,18328.5,11078321
2022-12-16 12:15:00,18328.4,18410.8,18328.4,18401.8,14562187
2022-12-16 12:45:00,18401.15,18410.1,18373.65,18376.45,12200079
2022-12-16 13:15:00,18375.8,18384.25,18343.3,18343.85,10871464
2022-12-16 13:45:00,18344.2,18356.05,18309.8,18328.35,13828570
2022-12-16 14:15:00,18328.3,18328.3,18281.2,18296.05,16792613
2022-12-16 14:45:00,18296.7,18313.9,18256.9,18260.35,69733169
2022-12-16 15:15:00,18261.15,18278.3,18255.15,18269.0,58716988
2022-12-19 09:15:00,18288.25,18313.05,18244.55,18298.65,30830986
2022-12-19 09:45:00,18298.9,18346.85,18281.5,18333.55,15716820
2022-12-19 10:15:00,18333.75,18354.1,18331.2,18350.6,10233220
2022-12-19 10:45:00,18350.55,18358.85,18322.95,18339.45,9557430
2022-12-19 11:15:00,18340.0,18372.15,18336.5,18368.3,10136133
2022-12-19 11:45:00,18369.05,18375.95,18353.4,18375.15,9544302
2022-12-19 12:15:00,18375.4,18383.65,18353.45,18355.65,11008186
2022-12-19 12:45:00,18354.4,18354.45,18322.05,18333.0,9530791
2022-12-19 13:15:00,18331.6,18366.1,18327.55,18366.1,7444944
2022-12-19 13:45:00,18366.65,18375.65,18353.75,18366.95,9561302
2022-12-19 14:15:00,18366.6,18400.9,18352.25,18392.05,11976287
2022-12-19 14:45:00,18391.75,18426.05,18384.7,18418.7,18739668
2022-12-19 15:15:00,18418.65,18431.65,18416.6,18420.45,16728983
2022-12-20 09:15:00,18355.2,18355.2,18213.55,18255.9,33523469
2022-12-20 09:45:00,18255.65,18264.45,18210.3,18232.6,16904918
2022-12-20 10:15:00,18231.2,18240.7,18217.35,18234.9,9888114
2022-12-20 10:45:00,18235.45,18243.9,18202.65,18228.15,12506904
2022-12-20 11:15:00,18228.2,18234.05,18209.95,18210.0,10224546
2022-12-20 11:45:00,18211.05,18247.05,18204.45,18245.45,10880099
2022-12-20 12:15:00,18245.35,18281.35,18240.45,18275.95,10911702
2022-12-20 12:45:00,18276.0,18291.9,18252.7,18261.0,9078004
2022-12-20 13:15:00,18260.55,18277.4,18247.35,18275.7,7450149
2022-12-20 13:45:00,18274.85,18309.55,18262.1,18298.85,9009716
2022-12-20 14:15:00,18299.0,18344.4,18292.65,18331.7,12593890
2022-12-20 14:45:00,18331.45,18404.9,18313.15,18399.6,19701072
2022-12-20 15:15:00,18399.5,18401.75,18381.55,18385.3,15120742
2022-12-21 09:15:00,18445.7,18473.35,18398.85,18399.5,30980950
2022-12-21 09:45:00,18398.45,18415.1,18363.9,18398.55,11670231
2022-12-21 10:15:00,18398.2,18405.5,18339.0,18358.4,8703277
2022-12-21 10:45:00,18358.15,18366.15,18340.8,18361.6,7351163
2022-12-21 11:15:00,18361.2,18379.8,18351.9,18378.4,7865444
2022-12-21 11:45:00,18378.15,18387.05,18324.7,18329.05,9279289
2022-12-21 12:15:00,18329.1,18329.1,18289.0,18295.0,13568254
2022-12-21 12:45:00,18295.25,18308.25,18266.95,18300.25,13602353
2022-12-21 13:15:00,18299.95,18301.2,18262.95,18276.8,13231646
2022-12-21 13:45:00,18277.0,18282.6,18162.75,18223.65,23835564
2022-12-21 14:15:00,18224.25,18284.4,18186.95,18265.05,15497082
2022-12-21 14:45:00,18265.95,18278.55,18176.95,18206.95,23951232
2022-12-21 15:15:00,18207.8,18209.6,18186.55,18199.1,18948591
2022-12-22 09:15:00,18291.05,18318.75,18171.45,18191.8,37387274
2022-12-22 09:45:00,18191.75,18258.35,18158.2,18158.95,20883837
2022-12-22 10:15:00,18161.55,18169.85,18119.15,18134.25,18515727
2022-12-22 10:45:00,18134.15,18149.05,18106.6,18142.55,18084001
2022-12-22 11:15:00,18141.3,18157.55,18108.45,18112.15,14397288
2022-12-22 11:45:00,18112.1,18114.65,18075.4,18080.85,13599175
2022-12-22 12:15:00,18080.25,18116.95,18078.45,18089.15,12694922
2022-12-22 12:45:00,18089.05,18136.65,18068.6,18113.8,11175745
2022-12-22 13:15:00,18113.55,18147.7,18100.45,18139.3,9954690
2022-12-22 13:45:00,18139.2,18175.55,18133.6,18167.4,10312792
2022-12-22 14:15:00,18167.8,18182.75,18106.2,18106.2,12367882
2022-12-22 14:45:00,18106.7,18152.65,18093.0,18142.9,18869202
2022-12-22 15:15:00,18143.55,18144.95,18108.5,18127.35,13282313
2022-12-23 09:15:00,18003.25,18050.45,17965.65,18021.1,37845586
2022-12-23 09:45:00,18020.9,18026.55,17936.65,17958.1,24937071
2022-12-23 10:15:00,17955.45,17957.15,17912.75,17939.85,19830458
2022-12-23 10:45:00,17939.75,17959.8,17925.9,17951.55,12461192
2022-12-23 11:15:00,17951.35,17954.25,17881.9,17886.1,16262779
2022-12-23 11:45:00,17884.7,17911.35,17857.1,17906.5,14349637
2022-12-23 12:15:00,17906.75,17933.4,17893.35,17914.95,13107694
2022-12-23 12:45:00,17915.65,17922.9,17886.15,17897.95,14957953
2022-12-23 13:15:00,17898.0,17911.8,17851.4,17854.1,13741574
2022-12-23 13:45:00,17856.05,17874.9,17833.0,17834.85,16723388
2022-12-23 14:15:00,17835.25,17883.6,17830.45,17854.1,17001541
2022-12-23 14:45:00,17852.95,17855.85,17779.5,17810.65,28915584
2022-12-23 15:15:00,17811.15,17828.5,17796.55,17806.8,18930808
2022-12-26 09:15:00,17832.9,17950.85,17774.25,17943.7,32345819
2022-12-26 09:45:00,17943.0,17958.2,17920.5,17933.45,16852772
2022-12-26 10:15:00,17933.5,17949.35,17907.45,17934.7,13255799
2022-12-26 10:45:00,17937.2,17964.1,17933.05,17951.7,12421867
2022-12-26 11:15:00,17951.55,17997.35,17948.15,17997.2,11121732
2022-12-26 11:45:00,17998.45,18004.95,17987.1,18000.25,12614897
2022-12-26 12:15:00,18001.1,18006.25,17963.45,17979.45,11938400
2022-12-26 12:45:00,17980.25,18002.15,17964.65,17990.5,10475916
2022-12-26 13:15:00,17991.4,18014.65,17974.0,18003.4,10584656
2022-12-26 13:45:00,18003.45,18012.45,17978.5,18011.15,9040926
2022-12-26 14:15:00,18012.65,18075.9,18004.9,18063.4,12470596
2022-12-26 14:45:00,18062.75,18084.1,17984.55,17994.85,19747916
2022-12-26 15:15:00,17995.7,18014.6,17990.65,18014.6,11847188
2022-12-27 09:15:00,18081.9,18134.05,17983.75,17995.95,34821838
2022-12-27 09:45:00,17995.45,18020.15,17967.45,18005.25,16236103
2022-12-27 10:15:00,18006.9,18048.15,17993.6,18035.45,15845740
2022-12-27 10:45:00,18035.15,18060.2,18022.65,18049.6,12751224
2022-12-27 11:15:00,18048.0,18062.8,18029.2,18041.25,11856484
2022-12-27 11:45:00,18041.75,18065.8,18035.65,18054.85,10244734
2022-12-27 12:15:00,18054.45,18071.6,18037.65,18044.55,11298018
2022-12-27 12:45:00,18044.35,18057.6,18014.85,18055.8,15355614
2022-12-27 13:15:00,18055.7,18075.6,18048.3,18067.0,13686767
2022-12-27 13:45:00,18067.45,18124.55,18064.55,18122.2,14642885
2022-12-27 14:15:00,18122.8,18131.55,18073.45,18128.7,19899981
2022-12-27 14:45:00,18129.6,18142.05,18106.7,18132.95,22478971
2022-12-27 15:15:00,18131.8,18149.25,18128.75,18132.3,18580509
2022-12-28 09:15:00,18093.0,18131.25,18068.35,18116.55,37587855
2022-12-28 09:45:00,18117.05,18146.8,18105.15,18142.5,19186697
2022-12-28 10:15:00,18142.9,18146.5,18089.5,18115.0,16798106
2022-12-28 10:45:00,18115.1,18141.05,18115.05,18140.1,13235893
2022-12-28 11:15:00,18140.15,18141.75,18119.05,18125.85,11060400
2022-12-28 11:45:00,18125.0,18151.15,18123.85,18141.9,9268567
2022-12-28 12:15:00,18143.1,18152.75,18124.8,18134.85,13755634
2022-12-28 12:45:00,18134.35,18147.95,18125.9,18129.85,12093009
2022-12-28 13:15:00,18129.8,18145.0,18115.45,18135.75,10804320
2022-12-28 13:45:00,18136.3,18173.1,18135.9,18164.05,8753428
2022-12-28 14:15:00,18163.3,18165.6,18146.8,18157.45,9574367
2022-12-28 14:45:00,18157.05,18163.2,18101.85,18125.7,22394478
2022-12-28 15:15:00,18124.5,18125.6,18106.45,18122.5,16575252
2022-12-29 09:15:00,18059.8,18061.0,18009.8,18010.8,29223520
2022-12-29 09:45:00,18010.45,18027.7,17995.2,18003.55,15783690
2022-12-29 10:15:00,18002.95,18028.65,17992.8,18022.75,12158513
2022-12-29 10:45:00,18022.3,18023.8,18011.5,18019.35,11246441
2022-12-29 11:15:00,18019.2,18049.65,18007.95,18033.2,13840578
2022-12-29 11:45:00,18031.7,18050.15,18022.25,18031.45,12198676
2022-12-29 12:15:00,18030.9,18031.75,18008.35,18017.55,11406124
2022-12-29 12:45:00,18017.2,18058.75,18013.5,18052.35,13002940
2022-12-29 13:15:00,18052.6,18062.85,18033.85,18062.8,11373200
2022-12-29 13:45:00,18063.45,18097.5,18062.0,18085.05,14976081
2022-12-29 14:15:00,18084.55,18129.95,18073.6,18127.15,20127309
2022-12-29 14:45:00,18126.65,18204.05,18121.15,18195.65,70150475
2022-12-29 15:15:00,18195.9,18229.7,18188.7,18191.0,52441445
2022-12-30 09:15:00,18264.7,18265.25,18210.75,18239.75,36187026
2022-12-30 09:45:00,18240.2,18259.05,18217.25,18219.1,16283027
2022-12-30 10:15:00,18219.35,18252.45,18217.5,18242.8,15444447
2022-12-30 10:45:00,18242.3,18243.75,18218.45,18234.5,13082118
2022-12-30 11:15:00,18234.15,18235.65,18203.7,18210.0,11809563
2022-12-30 11:45:00,18209.85,18220.25,18184.8,18206.2,12156626
2022-12-30 12:15:00,18205.9,18233.65,18201.5,18232.4,9004219
2022-12-30 12:45:00,18232.2,18233.9,18182.95,18194.95,11930876
2022-12-30 13:15:00,18193.4,18218.4,18187.7,18198.3,9065949
2022-12-30 13:45:00,18197.05,18207.05,18163.95,18199.45,12050308
2022-12-30 14:15:00,18198.65,18199.85,18161.75,18173.2,12508766
2022-12-30 14:45:00,18172.2,18206.7,18080.3,18098.3,26067117
2022-12-30 15:15:00,18097.95,18120.1,18081.05,18105.3,19693629
2023-01-02 09:15:00,18133.65,18153.2,18086.5,18150.2,50754522
2023-01-02 09:45:00,18149.35,18173.85,18140.35,18162.9,23560932
2023-01-02 10:15:00,18159.4,18189.9,18155.4,18183.75,17356561
2023-01-02 10:45:00,18184.15,18199.8,18170.5,18186.5,14531128
2023-01-02 11:15:00,18186.1,18192.45,18172.25,18186.4,22266134
2023-01-02 11:45:00,18186.6,18192.95,18170.5,18192.05,10922534
2023-01-02 12:15:00,18190.65,18197.3,18160.05,18169.9,17905429
2023-01-02 12:45:00,18169.05,18185.05,18153.9,18182.35,13974664
2023-01-02 13:15:00,18182.25,18193.45,18169.6,18171.4,17717717
2023-01-02 13:45:00,18171.9,18177.6,18157.95,18170.1,14621167
2023-01-02 14:15:00,18169.95,18169.95,18123.2,18156.7,19462050
2023-01-02 14:45:00,18156.05,18206.25,18153.8,18193.05,26278581
2023-01-02 15:15:00,18192.1,18215.15,18192.1,18197.45,22400504
2023-01-03 09:15:00,18189.6,18197.65,18149.8,18193.7,35765861
2023-01-03 09:45:00,18193.55,18232.7,18188.6,18230.25,20270631
2023-01-03 10:15:00,18230.1,18238.95,18217.6,18223.15,16027342
2023-01-03 10:45:00,18223.7,18239.3,18215.95,18231.25,12157893
2023-01-03 11:15:00,18231.1,18240.4,18221.85,18230.6,23418622
2023-01-03 11:45:00,18230.15,18233.1,18195.8,18198.2,13104204
2023-01-03 12:15:00,18198.35,18198.95,18162.5,18181.3,13212107
2023-01-03 12:45:00,18181.8,18192.3,18170.8,18184.55,11081952
2023-01-03 13:15:00,18185.25,18208.5,18183.6,18203.4,11889486
2023-01-03 13:45:00,18202.8,18225.1,18201.15,18205.45,10307339
2023-01-03 14:15:00,18205.8,18239.2,18205.8,18238.05,12374889
2023-01-03 14:45:00,18238.65,18251.95,18211.9,18240.65,19990667
2023-01-03 15:15:00,18239.95,18241.9,18229.4,18232.55,16540459
2023-01-04 09:15:00,18237.95,18243.0,18161.9,18163.85,43230045
2023-01-04 09:45:00,18162.95,18166.9,18113.7,18129.6,23799687
2023-01-04 10:15:00,18129.65,18164.5,18122.4,18141.9,15607184
2023-01-04 10:45:00,18142.0,18142.6,18088.0,18096.85,14287586
2023-01-04 11:15:00,18096.7,18112.15,18095.0,18100.2,12525128
2023-01-04 11:45:00,18099.65,18100.5,18037.85,18040.25,17437321
2023-01-04 12:15:00,18038.4,18064.35,18038.4,18059.05,12106474
2023-01-04 12:45:00,18058.7,18085.15,18055.5,18078.95,13098952
2023-01-04 13:15:00,18078.6,18103.25,18066.55,18098.2,11660350
2023-01-04 13:45:00,18098.25,18131.4,18095.7,18125.6,16650916
2023-01-04 14:15:00,18126.2,18130.15,18067.35,18069.1,16492363
2023-01-04 14:45:00,18066.3,18068.7,18020.6,18052.85,26463473
2023-01-04 15:15:00,18052.35,18054.45,18023.3,18042.95,21291029
2023-01-05 09:15:00,18087.45,18120.3,18031.15,18034.3,54293837
2023-01-05 09:45:00,18033.35,18065.15,18013.5,18063.25,26649671
2023-01-05 10:15:00,18065.0,18084.4,18040.6,18052.8,17032246
2023-01-05 10:45:00,18053.35,18053.35,18023.25,18037.1,13478977
2023-01-05 11:15:00,18037.3,18045.1,18001.3,18015.15,17305645
2023-01-05 11:45:00,18015.4,18017.6,17969.7,17981.1,16853836
2023-01-05 12:15:00,17982.9,17985.45,17934.75,17940.05,13233427
2023-01-05 12:45:00,17940.35,17965.35,17931.2,17949.15,14075107
2023-01-05 13:15:00,17950.8,17951.4,17892.6,17906.9,18451104
2023-01-05 13:45:00,17906.6,17940.25,17898.35,17912.35,16791707
2023-01-05 14:15:00,17912.3,17956.4,17911.25,17945.55,22088531
2023-01-05 14:45:00,17946.8,17999.55,17940.95,17989.45,30027321
2023-01-05 15:15:00,17989.3,18007.9,17989.3,17992.15,22378087
2023-01-06 09:15:00,18013.4,18047.4,17970.2,18026.75,41655217
2023-01-06 09:45:00,18026.65,18031.6,17953.65,17955.0,27583714
2023-01-06 10:15:00,17954.65,17968.95,17920.2,17934.0,18439914
2023-01-06 10:45:00,17934.2,17951.8,17908.25,17913.7,14061590
2023-01-06 11:15:00,17914.1,17941.55,17903.8,17939.2,13543620
2023-01-06 11:45:00,17939.4,17948.75,17922.55,17922.8,17528289
2023-01-06 12:15:00,17923.15,17926.6,17871.85,17875.4,16987802
2023-01-06 12:45:00,17877.05,17877.05,17823.6,17830.4,19108465
2023-01-06 13:15:00,17831.7,17835.4,17795.55,17827.95,14816412
2023-01-06 13:45:00,17828.2,17853.2,17811.75,17820.85,15728785
2023-01-06 14:15:00,17820.6,17851.3,17797.55,17831.85,15470900
2023-01-06 14:45:00,17832.5,17881.1,17827.9,17869.85,24012779
2023-01-06 15:15:00,17869.45,17872.15,17847.25,17859.45,22018931
2023-01-09 09:15:00,17963.2,18041.85,17936.15,18027.65,47369414
2023-01-09 09:45:00,18026.85,18078.05,18011.55,18059.65,24207150
2023-01-09 10:15:00,18060.7,18101.2,18060.7,18083.15,14633798
2023-01-09 10:45:00,18083.3,18108.75,18072.95,18105.2,12703994
2023-01-09 11:15:00,18106.0,18133.1,18097.7,18130.25,20624589
2023-01-09 11:45:00,18128.45,18140.55,18112.9,18130.2,17758449
2023-01-09 12:15:00,18130.8,18141.4,18082.9,18098.8,15438516
2023-01-09 12:45:00,18098.55,18108.0,18074.55,18075.35,12537991
2023-01-09 13:15:00,18074.9,18077.35,18025.75,18026.35,12023671
2023-01-09 13:45:00,18026.85,18053.5,17997.4,18053.25,39749387
2023-01-09 14:15:00,18053.35,18074.1,18043.3,18065.2,14341754
2023-01-09 14:45:00,18063.9,18107.3,18032.7,18106.45,25496723
2023-01-09 15:15:00,18106.4,18115.7,18083.9,18101.2,18860412
2023-01-10 09:15:00,18127.6,18127.6,18003.6,18018.3,69084008
2023-01-10 09:45:00,18018.65,18030.55,17965.45,17990.8,23682868
2023-01-10 10:15:00,17990.3,18010.55,17956.1,17957.1,20326188
2023-01-10 10:45:00,17957.25,17973.85,17947.2,17954.6,13532438
2023-01-10 11:15:00,17954.0,17964.95,17927.1,17933.4,15040594
2023-01-10 11:45:00,17933.15,17963.9,17930.75,17957.2,17136893
2023-01-10 12:15:00,17957.6,17974.7,17903.0,17904.05,17043908
2023-01-10 12:45:00,17901.9,17910.6,17878.15,17890.25,16452834
2023-01-10 13:15:00,17891.25,17910.25,17859.9,17873.7,13713862
2023-01-10 13:45:00,17874.15,17918.85,17868.1,17904.25,13217440
2023-01-10 14:15:00,17902.95,17910.8,17857.85,17858.25,16501092
2023-01-10 14:45:00,17857.5,17927.45,17856.0,17921.85,30852600
2023-01-10 15:15:00,17922.5,17928.9,17912.05,17914.15,22526421
2023-01-11 09:15:00,17936.75,17938.7,17824.35,17870.15,50261805
2023-01-11 09:45:00,17869.8,17957.6,17861.5,17957.05,23571362
2023-01-11 10:15:00,17957.55,17976.35,17933.35,17950.5,20281485
2023-01-11 10:45:00,17950.65,17957.4,17876.05,17910.2,22209840
2023-01-11 11:15:00,17910.25,17911.65,17871.0,17881.6,15416983
2023-01-11 11:45:00,17882.45,17929.15,17882.4,17904.55,17589561
2023-01-11 12:15:00,17903.95,17921.05,17893.7,17897.7,21984210
2023-01-11 12:45:00,17897.25,17920.45,17881.85,17914.35,18110074
2023-01-11 13:15:00,17913.45,17931.85,17912.75,17914.7,18655267
2023-01-11 13:45:00,17913.9,17916.3,17865.0,17876.05,17994749
2023-01-11 14:15:00,17874.85,17922.15,17867.2,17916.8,19368112
2023-01-11 14:45:00,17915.0,17939.7,17884.9,17891.85,30370596
2023-01-11 15:15:00,17891.2,17896.45,17879.3,17895.7,24327601
2023-01-12 09:15:00,17929.65,17945.8,17881.45,17901.6,43342910
2023-01-12 09:45:00,17899.4,17908.95,17841.1,17853.85,25422239
2023-01-12 10:15:00,17853.95,17853.95,17811.65,17830.25,14094068
2023-01-12 10:45:00,17830.5,17837.5,17795.85,17800.85,12899294
2023-01-12 11:15:00,17800.4,17827.15,17798.95,17811.75,10227013
2023-01-12 11:45:00,17810.95,17816.1,17780.7,17814.85,13320647
2023-01-12 12:15:00,17815.1,17835.2,17811.55,17819.9,12956586
2023-01-12 12:45:00,17819.0,17852.3,17810.7,17824.15,14275068
2023-01-12 13:15:00,17825.85,17834.45,17761.65,17776.85,17044831
2023-01-12 13:45:00,17775.65,17837.9,17775.65,17829.1,15117994
2023-01-12 14:15:00,17828.35,17862.2,17821.4,17822.85,15776898
2023-01-12 14:45:00,17820.9,17867.4,17813.7,17858.35,25706515
2023-01-12 15:15:00,17858.5,17869.25,17855.7,17858.2,21507277
2023-01-13 09:15:00,17871.05,17872.6,17781.3,17784.5,41895344
2023-01-13 09:45:00,17784.75,17813.2,17774.25,17785.0,22854130
2023-01-13 10:15:00,17784.7,17824.65,17782.1,17821.1,27897509
2023-01-13 10:45:00,17820.95,17835.0,17806.2,17830.4,17097190
2023-01-13 11:15:00,17830.35,17839.15,17813.7,17817.25,12666706
2023-01-13 11:45:00,17816.95,17853.1,17813.7,17851.1,10891801
2023-01-13 12:15:00,17851.15,17902.85,17849.35,17889.3,19078809
2023-01-13 12:45:00,17889.1,17965.25,17884.95,17965.05,20442184
2023-01-13 13:15:00,17965.4,17983.0,17945.15,17974.7,14585354
2023-01-13 13:45:00,17974.2,17999.35,17972.8,17989.75,14788014
2023-01-13 14:15:00,17988.2,17992.5,17939.1,17954.75,14610292
2023-01-13 14:45:00,17954.55,17970.6,17934.55,17957.8,25006785
2023-01-13 15:15:00,17958.1,17965.7,17947.0,17956.6,19306798
2023-01-16 09:15:00,18019.25,18049.65,17957.8,17986.9,41039603
2023-01-16 09:45:00,17986.55,17991.3,17942.65,17972.7,16524689
2023-01-16 10:15:00,17972.9,17980.55,17957.35,17976.65,12339141
2023-01-16 10:45:00,17976.1,17979.75,17956.4,17956.5,12763246
2023-01-16 11:15:00,17957.1,17957.1,17924.4,17939.6,12398715
2023-01-16 11:45:00,17940.05,17940.25,17913.0,17914.6,10535283
2023-01-16 12:15:00,17914.45,17914.95,17891.6,17895.8,11871787
2023-01-16 12:45:00,17895.75,17923.1,17871.15,17920.6,13669508
2023-01-16 13:15:00,17920.8,17944.3,17902.4,17902.85,12423761
2023-01-16 13:45:00,17903.1,17907.4,17853.65,17881.45,15778640
2023-01-16 14:15:00,17882.65,17894.45,17861.9,17877.15,12369397
2023-01-16 14:45:00,17876.1,17902.75,17858.95,17894.85,21075219
2023-01-16 15:15:00,17894.7,17904.45,17889.25,17894.85,16486350
2023-01-17 09:15:00,17905.75,17977.95,17886.95,17963.2,32988113
2023-01-17 09:45:00,17963.4,18016.45,17951.75,18004.9,22698158
2023-01-17 10:15:00,18005.25,18029.95,17997.3,18014.1,12048282
2023-01-17 10:45:00,18013.95,18021.35,17972.3,17986.3,13681623
2023-01-17 11:15:00,17986.45,18005.15,17970.65,17999.5,13295245
2023-01-17 11:45:00,17999.05,18018.5,17991.4,18008.65,10210990
2023-01-17 12:15:00,18009.25,18009.55,17968.8,17970.95,13566025
2023-01-17 12:45:00,17971.15,17985.0,17941.45,17947.25,17101612
2023-01-17 13:15:00,17948.0,17983.25,17926.7,17978.05,13254050
2023-01-17 13:45:00,17980.05,17994.85,17963.8,17989.5,12111992
2023-01-17 14:15:00,17990.5,18008.3,17981.5,17997.65,13398998
2023-01-17 14:45:00,17998.5,18062.25,17993.15,18059.0,27817087
2023-01-17 15:15:00,18058.1,18072.05,18052.25,18053.3,19770546
2023-01-18 09:15:00,18074.5,18095.25,18032.45,18090.5,40630437
2023-01-18 09:45:00,18091.75,18131.9,18089.8,18118.9,22477771
2023-01-18 10:15:00,18119.75,18124.3,18101.25,18121.4,19842556
2023-01-18 10:45:00,18120.6,18141.7,18108.5,18141.3,20215354
2023-01-18 11:15:00,18141.2,18173.35,18140.55,18170.35,14604117
2023-01-18 11:45:00,18170.4,18177.45,18157.65,18173.95,11921392
2023-01-18 12:15:00,18173.55,18175.85,18151.25,18158.5,13606541
2023-01-18 12:45:00,18158.95,18165.55,18145.6,18146.3,10539262
2023-01-18 13:15:00,18146.25,18180.05,18146.25,18176.2,14558084
2023-01-18 13:45:00,18178.75,18180.4,18136.8,18149.8,14979056
2023-01-18 14:15:00,18149.75,18178.2,18143.55,18175.85,19986582
2023-01-18 14:45:00,18176.4,18183.75,18150.65,18154.85,28225053
2023-01-18 15:15:00,18155.05,18169.65,18154.8,18165.35,24933171
2023-01-19 09:15:00,18110.25,18139.7,18079.3,18100.05,41746113
2023-01-19 09:45:00,18101.05,18110.6,18063.75,18076.75,20153164
2023-01-19 10:15:00,18076.1,18117.8,18070.45,18108.35,16534795
2023-01-19 10:45:00,18108.95,18155.2,18107.0,18130.65,19436807
2023-01-19 11:15:00,18131.6,18143.05,18109.3,18143.05,12244832
2023-01-19 11:45:00,18143.55,18152.2,18121.2,18133.95,14322998
2023-01-19 12:15:00,18134.1,18144.9,18123.5,18128.75,12637482
2023-01-19 12:45:00,18128.55,18129.3,18106.1,18117.15,11631125
2023-01-19 13:15:00,18117.3,18129.2,18104.95,18125.5,11821087
2023-01-19 13:45:00,18125.2,18132.55,18111.1,18131.35,12530616
2023-01-19 14:15:00,18131.55,18138.2,18088.5,18106.45,16618639
2023-01-19 14:45:00,18106.35,18121.6,18087.5,18103.05,28727847
2023-01-19 15:15:00,18102.9,18108.35,18084.15,18107.85,20872968
2023-01-20 09:15:00,18116.2,18118.55,18073.05,18081.7,45669951
2023-01-20 09:45:00,18082.3,18120.15,18069.35,18117.7,23268601
2023-01-20 10:15:00,18117.9,18144.85,18114.6,18140.75,19714104
2023-01-20 10:45:00,18140.55,18145.45,18103.85,18104.3,16456442
2023-01-20 11:15:00,18104.8,18119.25,18099.25,18109.4,12711822
2023-01-20 11:45:00,18108.75,18112.35,18084.3,18096.45,12250264
2023-01-20 12:15:00,18096.7,18111.1,18086.35,18087.45,10639633
2023-01-20 12:45:00,18087.25,18098.75,18079.2,18095.5,11812608
2023-01-20 13:15:00,18096.4,18105.95,18074.45,18075.45,11757234
2023-01-20 13:45:00,18075.65,18084.1,18042.1,18060.7,19408102
2023-01-20 14:15:00,18060.25,18065.1,18018.2,18023.8,15297660
2023-01-20 14:45:00,18023.3,18056.0,18020.05,18029.35,28732200
2023-01-20 15:15:00,18029.45,18032.75,18016.2,18027.65,19333906
2023-01-23 09:15:00,18118.8,18139.35,18063.45,18125.25,42767193
2023-01-23 09:45:00,18126.5,18162.6,18125.8,18148.65,19048670
2023-01-23 10:15:00,18148.3,18156.75,18135.5,18137.15,12787408
2023-01-23 10:45:00,18137.0,18151.45,18133.45,18134.3,18076215
2023-01-23 11:15:00,18134.6,18143.9,18127.15,18139.0,13948277
2023-01-23 11:45:00,18139.1,18143.85,18108.9,18112.75,12944240
2023-01-23 12:15:00,18113.3,18116.45,18098.3,18099.85,12743700
2023-01-23 12:45:00,18099.2,18107.1,18078.6,18087.45,14022057
2023-01-23 13:15:00,18086.25,18122.05,18086.25,18120.65,12214541
2023-01-23 13:45:00,18119.7,18128.2,18109.45,18123.65,14932688
2023-01-23 14:15:00,18123.05,18136.35,18108.45,18115.45,14668585
2023-01-23 14:45:00,18116.25,18131.3,18100.6,18123.75,22142536
2023-01-23 15:15:00,18124.65,18125.8,18097.5,18118.55,16762232
2023-01-24 09:15:00,18184.65,18201.25,18156.55,18191.1,38804722
2023-01-24 09:45:00,18190.45,18194.9,18123.6,18134.55,19621677
2023-01-24 10:15:00,18135.15,18170.95,18132.1,18168.1,15861527
2023-01-24 10:45:00,18167.9,18173.1,18148.75,18154.25,18289777
2023-01-24 11:15:00,18154.3,18154.3,18133.3,18142.35,16514825
2023-01-24 11:45:00,18143.3,18149.95,18116.5,18129.55,13000720
2023-01-24 12:15:00,18129.6,18133.55,18114.2,18126.55,11745711
2023-01-24 12:45:00,18126.85,18143.55,18125.1,18131.9,11031870
2023-01-24 13:15:00,18132.6,18138.9,18095.75,18097.15,12008890
2023-01-24 13:45:00,18097.45,18113.8,18078.65,18108.85,14454331
2023-01-24 14:15:00,18109.8,18127.7,18095.75,18105.1,10862863
2023-01-24 14:45:00,18105.4,18134.4,18098.95,18124.2,19516188
2023-01-24 15:15:00,18123.5,18125.8,18099.95,18118.3,17121092
2023-01-25 09:15:00,18100.6,18100.6,18016.25,18017.2,41319692
2023-01-25 09:45:00,18017.0,18026.55,17938.2,17943.6,21474952
2023-01-25 10:15:00,17943.7,17964.45,17914.5,17917.7,22325097
2023-01-25 10:45:00,17917.05,17939.85,17909.5,17935.3,18184566
2023-01-25 11:15:00,17935.25,17943.0,17846.15,17884.55,20542859
2023-01-25 11:45:00,17884.7,17917.25,17876.3,17901.0,15635276
2023-01-25 12:15:00,17901.6,17911.1,17879.85,17897.45,15779462
2023-01-25 12:45:00,17897.35,17932.4,17894.1,17910.25,16810616
2023-01-25 13:15:00,17909.2,17926.8,17893.5,17919.35,11657274
2023-01-25 13:45:00,17919.3,17946.85,17912.2,17935.0,14758384
2023-01-25 14:15:00,17934.6,17936.65,17886.35,17893.6,17657168
2023-01-25 14:45:00,17892.9,17906.6,17871.25,17896.5,26449949
2023-01-25 15:15:00,17896.45,17912.8,17891.75,17891.95,21724095
2023-01-27 09:15:00,17884.75,17884.75,17715.55,17762.1,85297574
2023-01-27 09:45:00,17762.5,17772.85,17681.5,17684.65,35148627
2023-01-27 10:15:00,17685.3,17781.2,17667.8,17732.05,37010393
2023-01-27 10:45:00,17732.1,17732.6,17678.8,17680.65,26624459
2023-01-27 11:15:00,17680.1,17699.9,17652.9,17661.05,26567288
2023-01-27 11:45:00,17661.1,17670.3,17622.45,17630.9,32164758
2023-01-27 12:15:00,17630.55,17638.5,17531.2,17568.6,41236725
2023-01-27 12:45:00,17568.2,17597.0,17531.65,17578.65,34763200
2023-01-27 13:15:00,17578.45,17606.6,17539.65,17565.65,29952354
2023-01-27 13:45:00,17565.35,17573.45,17500.75,17506.25,28579173
2023-01-27 14:15:00,17506.95,17541.2,17493.55,17521.05,26100349
2023-01-27 14:45:00,17520.1,17612.5,17517.35,17611.6,39866041
2023-01-27 15:15:00,17612.5,17633.8,17604.35,17604.35,27825706
2023-01-30 09:15:00,17577.45,17709.15,17446.25,17636.4,85944485
2023-01-30 09:45:00,17635.9,17663.15,17588.15,17618.5,37051096
2023-01-30 10:15:00,17619.1,17631.9,17556.5,17558.4,24175325
2023-01-30 10:45:00,17557.8,17589.3,17538.45,17551.0,25957985
2023-01-30 11:15:00,17551.25,17572.35,17542.0,17549.5,19007079
2023-01-30 11:45:00,17549.65,17624.65,17546.5,17594.6,23551869
2023-01-30 12:15:00,17593.95,17602.7,17523.3,17528.5,23086835
2023-01-30 12:45:00,17526.55,17531.35,17461.15,17461.75,19559918
2023-01-30 13:15:00,17459.55,17518.3,17448.1,17463.15,25771809
2023-01-30 13:45:00,17461.1,17546.6,17405.55,17536.85,45768961
2023-01-30 14:15:00,17534.3,17568.3,17511.6,17558.2,30093060
2023-01-30 14:45:00,17556.3,17675.2,17545.95,17656.0,47162439
2023-01-30 15:15:00,17654.8,17672.65,17640.0,17648.95,30677540
2023-01-31 09:15:00,17735.7,17735.7,17571.75,17578.25,54480858
2023-01-31 09:45:00,17578.1,17594.75,17537.55,17563.15,29533252
2023-01-31 10:15:00,17563.1,17621.2,17553.2,17620.9,27009153
2023-01-31 10:45:00,17620.35,17620.9,17562.05,17585.45,24386702
2023-01-31 11:15:00,17586.3,17626.95,17576.3,17613.2,24478387
2023-01-31 11:45:00,17612.75,17655.05,17605.2,17609.45,24125667
2023-01-31 12:15:00,17609.6,17648.1,17594.65,17641.3,19816007
2023-01-31 12:45:00,17641.7,17650.5,17613.05,17645.8,23864833
2023-01-31 13:15:00,17646.55,17684.6,17642.45,17660.6,26326237
2023-01-31 13:45:00,17660.7,17680.8,17618.35,17626.4,29143084
2023-01-31 14:15:00,17626.7,17642.65,17603.2,17634.0,25653438
2023-01-31 14:45:00,17634.65,17685.05,17624.6,17685.0,62190325
2023-01-31 15:15:00,17685.4,17698.3,17662.15,17662.15,45913105
2023-02-01 09:15:00,17811.6,17811.6,17735.85,17768.95,0
2023-02-01 09:45:00,17769.65,17790.25,17751.2,17788.3,0
2023-02-01 10:15:00,17789.35,17814.45,17784.0,17803.5,0
2023-02-01 10:45:00,17803.5,17836.55,17790.15,17803.4,0
2023-02-01 11:15:00,17802.75,17805.9,17732.15,17799.2,0
2023-02-01 11:45:00,17798.05,17818.4,17748.7,17752.95,0
2023-02-01 12:15:00,17753.45,17950.55,17733.9,17903.45,34610261
2023-02-01 12:45:00,17903.4,17972.2,17903.4,17915.55,42874698
2023-02-01 13:15:00,17915.5,17926.35,17719.3,17730.3,19476905
2023-02-01 13:45:00,17730.2,17768.4,17647.1,17688.4,0
2023-02-01 14:15:00,17688.5,17690.9,17494.3,17496.35,0
2023-02-01 14:45:00,17495.6,17676.5,17356.6,17634.6,0
2023-02-01 15:15:00,17636.15,17660.5,17601.65,17616.3,0
2023-02-02 09:15:00,17528.3,17650.3,17449.35,17623.4,0
2023-02-02 09:45:00,17624.0,17653.5,17540.45,17573.2,0
2023-02-02 10:15:00,17572.35,17616.95,17513.85,17565.85,0
2023-02-02 10:45:00,17566.7,17624.25,17556.55,17596.75,0
2023-02-02 11:15:00,17596.55,17622.8,17571.4,17585.2,0
2023-02-02 11:45:00,17584.9,17648.9,17584.1,17619.45,0
2023-02-02 12:15:00,17620.15,17623.0,17545.15,17555.1,12175561
2023-02-02 12:45:00,17556.3,17588.5,17528.1,17553.25,20982641
2023-02-02 13:15:00,17553.85,17561.95,17500.75,17530.2,8044308
2023-02-02 13:45:00,17530.9,17556.35,17491.0,17543.75,0
2023-02-02 14:15:00,17547.8,17609.05,17541.0,17602.05,0
2023-02-02 14:45:00,17602.75,17633.1,17568.85,17610.85,0
2023-02-02 15:15:00,17610.05,17630.05,17603.5,17610.4,0
2023-02-03 09:15:00,17721.75,17725.5,17643.0,17659.05,0
2023-02-03 09:45:00,17658.85,17694.25,17646.85,17676.05,0
2023-02-03 10:15:00,17676.75,17690.0,17584.4,17584.4,0
2023-02-03 10:45:00,17585.45,17657.85,17584.35,17626.6,0
2023-02-03 11:15:00,17627.2,17642.95,17587.25,17633.3,0
2023-02-03 11:45:00,17632.95,17680.5,17626.0,17677.1,0
2023-02-03 12:15:00,17677.25,17707.05,17671.4,17696.9,7397383
2023-02-03 12:45:00,17697.25,17721.35,17678.75,17707.3,18463873
2023-02-03 13:15:00,17707.15,17740.75,17683.65,17734.8,7170637
2023-02-03 13:45:00,17735.95,17764.95,17718.7,17747.8,0
2023-02-03 14:15:00,17749.1,17842.65,17749.0,17830.0,0
2023-02-03 14:45:00,17830.55,17869.85,17817.75,17854.3,0
2023-02-03 15:15:00,17855.05,17861.35,17825.75,17854.05,0
2023-02-06 09:15:00,17818.55,17818.55,17713.2,17779.75,0
2023-02-06 09:45:00,17779.7,17794.8,17741.3,17774.15,0
2023-02-06 10:15:00,17774.1,17777.45,17705.45,17723.2,0
2023-02-06 10:45:00,17723.55,17735.5,17698.9,17718.8,0
2023-02-06 11:15:00,17718.85,17746.0,17714.25,17727.95,0
2023-02-06 11:45:00,17727.6,17758.15,17723.4,17728.4,0
2023-02-06 12:15:00,17728.4,17746.7,17717.15,17725.7,6672543
2023-02-06 12:45:00,17725.95,17744.45,17717.75,17721.75,10542645
2023-02-06 13:15:00,17721.3,17770.6,17717.0,17764.9,5584668
2023-02-06 13:45:00,17763.35,17784.85,17740.55,17773.25,0
2023-02-06 14:15:00,17773.7,17776.5,17746.9,17754.8,0
2023-02-06 14:45:00,17755.25,17780.0,17739.4,17761.75,0
2023-02-06 15:15:00,17762.2,17767.5,17756.05,17764.6,0
2023-02-07 09:15:00,17790.1,17810.85,17746.15,17750.25,0
2023-02-07 09:45:00,17750.7,17769.3,17731.05,17750.8,0
2023-02-07 10:15:00,17750.75,17787.05,17737.55,17769.9,0
2023-02-07 10:45:00,17769.15,17777.35,17744.8,17767.45,0
2023-02-07 11:15:00,17766.45,17770.25,17736.7,17736.7,0
2023-02-07 11:45:00,17734.0,17747.5,17722.25,17723.95,0
2023-02-07 12:15:00,17723.05,17723.05,17688.4,17691.6,12509320
2023-02-07 12:45:00,17690.85,17698.75,17653.55,17654.65,21552080
2023-02-07 13:15:00,17654.6,17727.9,17652.55,17718.25,10037382
2023-02-07 13:45:00,17717.0,17740.5,17700.5,17729.0,0
2023-02-07 14:15:00,17728.05,17754.1,17709.6,17753.85,0
2023-02-07 14:45:00,17753.35,17778.6,17715.15,17720.0,0
2023-02-07 15:15:00,17720.8,17722.7,17704.5,17721.5,0
2023-02-08 09:15:00,17750.3,17844.45,17745.3,17839.4,0
2023-02-08 09:45:00,17839.35,17878.4,17816.8,17861.7,0
2023-02-08 10:15:00,17861.2,17867.85,17810.45,17812.35,0
2023-02-08 10:45:00,17812.05,17844.4,17799.95,17840.7,0
2023-02-08 11:15:00,17840.85,17874.35,17836.45,17874.35,0
2023-02-08 11:45:00,17873.35,17880.4,17831.7,17851.75,0
2023-02-08 12:15:00,17851.0,17855.2,17829.45,17845.3,9715987
2023-02-08 12:45:00,17845.05,17864.75,17835.85,17851.8,12699979
2023-02-08 13:15:00,17852.1,17888.7,17845.0,17867.75,6619012
2023-02-08 13:45:00,17866.9,17888.75,17860.7,17885.95,0
2023-02-08 14:15:00,17885.5,17897.4,17869.4,17888.45,0
2023-02-08 14:45:00,17888.3,17898.55,17863.45,17871.2,0
2023-02-08 15:15:00,17871.5,17877.85,17857.65,17871.7,0
2023-02-09 09:15:00,17885.5,17885.5,17783.75,17789.7,0
2023-02-09 09:45:00,17789.8,17869.25,17780.5,17855.8,0
2023-02-09 10:15:00,17856.75,17881.25,17850.15,17866.75,0
2023-02-09 10:45:00,17865.95,17870.8,17844.65,17865.5,0
2023-02-09 11:15:00,17865.2,17885.05,17861.5,17867.0,0
2023-02-09 11:45:00,17867.2,17875.05,17831.0,17833.6,0
2023-02-09 12:15:00,17833.7,17855.55,17822.7,17827.4,5648474
2023-02-09 12:45:00,17828.2,17845.7,17826.0,17831.25,11170862
2023-02-09 13:15:00,17831.45,17869.55,17824.45,17866.4,14000478
2023-02-09 13:45:00,17866.45,17915.55,17862.3,17899.85,0
2023-02-09 14:15:00,17900.0,17904.1,17879.45,17897.8,0
2023-02-09 14:45:00,17897.9,17900.35,17876.3,17893.55,0
2023-02-09 15:15:00,17893.1,17904.8,17890.9,17893.45,0
2023-02-10 09:15:00,17847.55,17870.1,17808.7,17811.7,0
2023-02-10 09:45:00,17811.3,17846.95,17801.15,17829.3,0
2023-02-10 10:15:00,17828.95,17848.6,17820.6,17844.65,0
2023-02-10 10:45:00,17844.3,17867.85,17844.0,17866.7,0
2023-02-10 11:15:00,17866.6,17876.95,17845.8,17850.45,0
2023-02-10 11:45:00,17850.5,17858.55,17820.35,17823.75,0
2023-02-10 12:15:00,17824.15,17842.95,17821.8,17833.05,6543418
2023-02-10 12:45:00,17832.95,17838.55,17815.9,17822.7,13168804
2023-02-10 13:15:00,17822.85,17844.8,17815.1,17840.3,6872561
2023-02-10 13:45:00,17840.65,17859.25,17833.3,17850.55,0
2023-02-10 14:15:00,17850.1,17857.6,17834.1,17835.6,0
2023-02-10 14:45:00,17835.05,17865.15,17823.65,17861.8,0
2023-02-10 15:15:00,17862.1,17864.4,17840.0,17856.5,0
2023-02-13 09:15:00,17859.1,17879.8,17801.8,17830.0,0
2023-02-13 09:45:00,17830.9,17830.9,17736.1,17746.25,0
2023-02-13 10:15:00,17746.15,17790.75,17738.45,17779.55,0
2023-02-13 10:45:00,17779.7,17792.7,17773.55,17790.15,0
2023-02-13 11:15:00,17789.5,17794.85,17754.35,17766.45,0
2023-02-13 11:45:00,17766.05,17778.45,17741.55,17746.85,0
2023-02-13 12:15:00,17747.6,17747.65,17720.25,17738.0,5317569
2023-02-13 12:45:00,17736.7,17771.65,17729.2,17769.35,14569847
2023-02-13 13:15:00,17769.0,17779.55,17754.05,17766.5,8640420
2023-02-13 13:45:00,17767.0,17783.9,17759.35,17768.7,0
2023-02-13 14:15:00,17767.3,17798.65,17763.55,17797.35,0
2023-02-13 14:45:00,17796.75,17802.8,17764.85,17765.05,0
2023-02-13 15:15:00,17765.2,17770.9,17760.1,17770.9,0
2023-02-14 09:15:00,17840.35,17857.95,17802.1,17813.55,0
2023-02-14 09:45:00,17814.05,17844.55,17800.45,17837.05,0
2023-02-14 10:15:00,17836.4,17848.65,17827.9,17848.65,0
2023-02-14 10:45:00,17848.95,17859.7,17829.25,17853.2,0
2023-02-14 11:15:00,17853.25,17871.35,17849.15,17870.85,0
2023-02-14 11:45:00,17870.95,17902.3,17870.1,17897.35,0
2023-02-14 12:15:00,17897.1,17918.8,17893.0,17918.6,7541065
2023-02-14 12:45:00,17917.6,17925.9,17904.2,17916.6,14598917
2023-02-14 13:15:00,17916.15,17920.05,17895.65,17905.05,5295639
2023-02-14 13:45:00,17904.85,17954.45,17904.85,17941.9,0
2023-02-14 14:15:00,17940.85,17947.95,17930.9,17942.45,0
2023-02-14 14:45:00,17942.35,17949.9,17924.35,17924.85,0
2023-02-14 15:15:00,17925.0,17930.55,17918.95,17929.85,0
2023-02-15 09:15:00,17896.6,17900.3,17853.9,17861.4,0
2023-02-15 09:45:00,17860.8,17929.3,17860.8,17923.75,0
2023-02-15 10:15:00,17923.25,17939.5,17912.2,17917.75,0
2023-02-15 10:45:00,17917.1,17942.65,17916.55,17940.75,0
2023-02-15 11:15:00,17941.0,17959.0,17926.65,17941.95,0
2023-02-15 11:45:00,17941.95,17947.65,17906.4,17915.2,0
2023-02-15 12:15:00,17915.5,17936.4,17904.3,17932.05,6205358
2023-02-15 12:45:00,17932.55,17944.05,17917.35,17923.8,12078269
2023-02-15 13:15:00,17923.7,17940.25,17908.05,17912.55,6483804
2023-02-15 13:45:00,17911.9,17940.55,17905.05,17935.95,0
2023-02-15 14:15:00,17935.75,17968.55,17930.3,17957.3,0
2023-02-15 14:45:00,17957.0,18019.3,17954.9,18015.1,0
2023-02-15 15:15:00,18014.6,18033.8,18013.55,18015.85,0
2023-02-16 09:15:00,18094.75,18134.0,18063.4,18131.65,0
2023-02-16 09:45:00,18132.35,18133.95,18105.1,18108.65,0
2023-02-16 10:15:00,18107.85,18115.7,18091.1,18109.45,0
2023-02-16 10:45:00,18109.5,18124.8,18108.9,18114.3,0
2023-02-16 11:15:00,18114.05,18121.25,18096.35,18103.6,0
2023-02-16 11:45:00,18103.95,18106.6,18084.0,18089.35,0
2023-02-16 12:15:00,18088.6,18094.2,18053.65,18065.0,6441239
2023-02-16 12:45:00,18065.2,18084.9,18052.35,18083.9,12188869
2023-02-16 13:15:00,18083.25,18100.75,18078.7,18095.05,5513688
2023-02-16 13:45:00,18094.85,18098.8,18064.5,18082.7,0
2023-02-16 14:15:00,18082.55,18090.2,18038.65,18071.35,0
2023-02-16 14:45:00,18072.7,18080.75,18033.5,18034.1,0
2023-02-16 15:15:00,18033.0,18035.85,18001.05,18035.85,0
2023-02-17 09:15:00,17974.85,18008.4,17928.95,18003.35,0
2023-02-17 09:45:00,18004.15,18033.7,17974.55,17976.45,0
2023-02-17 10:15:00,17976.85,18003.75,17967.75,17998.55,0
2023-02-17 10:45:00,17998.7,18004.7,17977.75,17985.0,0
2023-02-17 11:15:00,17984.15,17999.85,17974.5,17985.15,0
2023-02-17 11:45:00,17984.55,17996.5,17971.1,17974.05,0
2023-02-17 12:15:00,17972.5,17972.95,17938.85,17945.95,7100755
2023-02-17 12:45:00,17944.75,17963.0,17912.35,17921.05,15656724
2023-02-17 13:15:00,17920.75,17937.2,17888.25,17889.7,6694488
2023-02-17 13:45:00,17890.5,17921.1,17885.95,17910.15,0
2023-02-17 14:15:00,17910.45,17936.9,17905.3,17906.35,0
2023-02-17 14:45:00,17905.8,17952.05,17894.55,17949.45,0
2023-02-17 15:15:00,17949.0,17953.35,17939.85,17944.2,0
2023-02-20 09:15:00,17965.55,17983.2,17903.6,17982.3,0
2023-02-20 09:45:00,17982.75,18003.95,17956.15,17959.05,0
2023-02-20 10:15:00,17959.05,17981.75,17942.05,17959.8,0
2023-02-20 10:45:00,17959.5,17967.7,17953.05,17964.75,0
2023-02-20 11:15:00,17965.25,17969.5,17926.8,17938.25,0
2023-02-20 11:45:00,17939.8,17952.25,17915.4,17916.5,0
2023-02-20 12:15:00,17915.65,17933.1,17891.4,17892.2,5479781
2023-02-20 12:45:00,17892.85,17912.65,17883.45,17903.5,16373137
2023-02-20 13:15:00,17903.7,17908.05,17851.35,17857.4,5279126
2023-02-20 13:45:00,17856.65,17872.05,17837.45,17842.05,0
2023-02-20 14:15:00,17841.65,17851.25,17818.75,17842.15,0
2023-02-20 14:45:00,17842.15,17864.15,17828.05,17843.85,0
2023-02-20 15:15:00,17845.65,17856.65,17836.15,17844.6,0
2023-02-21 09:15:00,17905.8,17905.8,17839.15,17870.85,0
2023-02-21 09:45:00,17871.7,17906.8,17847.85,17904.05,0
2023-02-21 10:15:00,17904.8,17924.4,17899.05,17904.5,0
2023-02-21 10:45:00,17904.6,17914.65,17892.55,17908.2,0
2023-02-21 11:15:00,17908.45,17916.65,17870.25,17870.8,0
2023-02-21 11:45:00,17870.85,17894.8,17851.7,17862.9,0
2023-02-21 12:15:00,17862.2,17866.15,17817.5,17830.55,6134942
2023-02-21 12:45:00,17830.25,17856.85,17828.9,17853.8,10188839
2023-02-21 13:15:00,17855.35,17880.0,17844.2,17874.0,4798151
2023-02-21 13:45:00,17873.15,17891.15,17868.8,17870.75,0
2023-02-21 14:15:00,17870.35,17874.55,17816.1,17840.95,0
2023-02-21 14:45:00,17840.55,17855.95,17800.6,17819.15,0
2023-02-21 15:15:00,17819.25,17845.25,17817.15,17826.7,0
2023-02-22 09:15:00,17755.35,17771.85,17712.1,17716.75,0
2023-02-22 09:45:00,17716.35,17716.75,17671.7,17683.3,0
2023-02-22 10:15:00,17683.0,17683.65,17655.95,17656.0,0
2023-02-22 10:45:00,17656.15,17674.45,17652.2,17670.05,0
2023-02-22 11:15:00,17670.05,17677.4,17646.75,17650.4,0
2023-02-22 11:45:00,17650.1,17658.05,17639.1,17651.65,0
2023-02-22 12:15:00,17651.05,17656.85,17609.0,17615.9,6220029
2023-02-22 12:45:00,17615.95,17634.35,17606.5,17608.85,10640845
2023-02-22 13:15:00,17607.35,17616.35,17562.55,17566.35,6083964
2023-02-22 13:45:00,17564.65,17579.85,17535.55,17538.2,0
2023-02-22 14:15:00,17537.15,17587.5,17529.55,17576.05,0
2023-02-22 14:45:00,17574.2,17593.55,17544.75,17557.7,0
2023-02-22 15:15:00,17556.3,17559.85,17543.05,17554.3,0
2023-02-23 09:15:00,17585.25,17585.25,17470.95,17472.95,38733958
2023-02-23 09:45:00,17471.85,17609.4,17455.4,17582.15,26208728
2023-02-23 10:15:00,17581.75,17620.05,17576.25,17602.6,20452398
2023-02-23 10:45:00,17602.5,17603.55,17547.1,17580.55,23708685
2023-02-23 11:15:00,17580.35,17595.35,17563.45,17583.65,16633594
2023-02-23 11:45:00,17583.4,17585.35,17544.55,17552.25,12226846
2023-02-23 12:15:00,17551.3,17558.95,17527.2,17528.4,14336836
2023-02-23 12:45:00,17527.7,17585.8,17526.3,17576.05,14475099
2023-02-23 13:15:00,17576.2,17579.7,17542.3,17567.7,11658437
2023-02-23 13:45:00,17568.3,17592.0,17560.15,17569.1,16811987
2023-02-23 14:15:00,17569.75,17581.2,17537.9,17544.45,18965789
2023-02-23 14:45:00,17543.3,17560.55,17490.4,17503.3,29121493
2023-02-23 15:15:00,17503.35,17524.15,17499.05,17511.25,22627618
2023-02-24 09:15:00,17591.35,17599.75,17545.7,17552.45,0
2023-02-24 09:45:00,17552.45,17565.8,17514.15,17548.95,0
2023-02-24 10:15:00,17549.2,17565.7,17525.4,17531.95,0
2023-02-24 10:45:00,17532.6,17532.95,17501.95,17519.45,0
2023-02-24 11:15:00,17519.75,17534.85,17496.15,17499.4,0
2023-02-24 11:45:00,17499.85,17510.5,17487.0,17490.0,0
2023-02-24 12:15:00,17489.7,17489.7,17451.5,17459.25,5684475
2023-02-24 12:45:00,17458.95,17464.7,17423.0,17431.55,10908492
2023-02-24 13:15:00,17431.85,17458.5,17426.8,17457.05,5395625
2023-02-24 13:45:00,17456.7,17485.45,17439.45,17444.8,0
2023-02-24 14:15:00,17444.85,17471.1,17422.55,17454.95,0
2023-02-24 14:45:00,17455.6,17481.2,17433.35,17474.15,0
2023-02-24 15:15:00,17474.4,17476.8,17458.1,17465.8,0
2023-02-27 09:15:00,17428.6,17450.75,17358.8,17407.0,0
2023-02-27 09:45:00,17406.55,17419.8,17304.4,17306.4,0
2023-02-27 10:15:00,17306.35,17332.6,17301.7,17323.45,0
2023-02-27 10:45:00,17323.2,17377.35,17307.2,17376.65,0
2023-02-27 11:15:00,17376.45,17394.3,17343.85,17379.8,0
2023-02-27 11:45:00,17379.0,17397.3,17323.8,17329.05,0
2023-02-27 12:15:00,17328.7,17347.15,17322.65,17333.75,6408756
2023-02-27 12:45:00,17331.85,17347.9,17299.0,17308.5,15338844
2023-02-27 13:15:00,17306.95,17342.2,17304.0,17333.5,6646412
2023-02-27 13:45:00,17333.05,17374.15,17327.0,17354.2,0
2023-02-27 14:15:00,17354.05,17363.45,17336.7,17353.65,0
2023-02-27 14:45:00,17353.75,17405.3,17336.1,17402.5,0
2023-02-27 15:15:00,17401.75,17411.05,17388.55,17392.7,0
2023-02-28 09:15:00,17383.25,17440.2,17368.8,17421.6,0
2023-02-28 09:45:00,17421.2,17432.8,17369.9,17380.45,0
2023-02-28 10:15:00,17380.95,17415.7,17363.35,17363.35,0
2023-02-28 10:45:00,17362.2,17379.7,17346.4,17375.05,0
2023-02-28 11:15:00,17374.75,17380.95,17343.75,17345.35,0
2023-02-28 11:45:00,17344.75,17386.35,17344.75,17385.0,0
2023-02-28 12:15:00,17384.85,17401.15,17354.45,17354.6,10652227
2023-02-28 12:45:00,17354.55,17368.3,17339.8,17348.6,20521216
2023-02-28 13:15:00,17348.25,17360.9,17327.9,17329.05,8706234
2023-02-28 13:45:00,17327.75,17334.25,17255.9,17261.2,0
2023-02-28 14:15:00,17260.95,17315.45,17260.9,17274.85,0
2023-02-28 14:45:00,17275.85,17342.1,17274.55,17313.55,0
2023-02-28 15:15:00,17313.3,17322.8,17296.05,17303.95,0
2023-03-01 09:15:00,17360.1,17421.75,17353.45,17405.45,0
2023-03-01 09:45:00,17405.75,17420.95,17384.6,17404.15,0
2023-03-01 10:15:00,17404.6,17427.0,17389.55,17418.5,0
2023-03-01 10:45:00,17418.2,17430.55,17409.5,17430.5,0
2023-03-01 11:15:00,17430.85,17441.2,17417.5,17429.25,0
2023-03-01 11:45:00,17429.45,17431.35,17406.7,17407.8,0
2023-03-01 12:15:00,17407.55,17422.75,17393.6,17417.3,7277439
2023-03-01 12:45:00,17417.35,17429.75,17410.8,17414.75,10230054
2023-03-01 13:15:00,17415.2,17422.05,17401.8,17420.55,8320258
2023-03-01 13:45:00,17420.9,17445.05,17415.4,17442.9,0
2023-03-01 14:15:00,17442.4,17466.15,17428.25,17465.55,0
2023-03-01 14:45:00,17465.5,17467.5,17442.9,17447.1,0
2023-03-01 15:15:00,17447.15,17459.4,17445.9,17450.9,0
2023-03-02 09:15:00,17421.5,17444.55,17364.15,17388.15,0
2023-03-02 09:45:00,17388.75,17393.45,17344.45,17354.35,0
2023-03-02 10:15:00,17354.5,17387.55,17345.7,17382.95,0
2023-03-02 10:45:00,17382.85,17388.0,17356.15,17376.1,0
2023-03-02 11:15:00,17376.05,17380.95,17363.0,17376.05,0
2023-03-02 11:45:00,17375.5,17401.8,17373.95,17386.8,0
2023-03-02 12:15:00,17387.35,17391.8,17370.7,17377.8,4147238
2023-03-02 12:45:00,17377.6,17388.3,17350.6,17350.6,17357656
2023-03-02 13:15:00,17350.75,17368.15,17316.05,17316.05,7570956
2023-03-02 13:45:00,17316.0,17339.65,17306.5,17334.3,0
2023-03-02 14:15:00,17334.45,17345.4,17317.75,17323.85,0
2023-03-02 14:45:00,17323.65,17336.2,17314.35,17329.4,0
2023-03-02 15:15:00,17329.95,17330.65,17311.45,17321.9,0
2023-03-03 09:15:00,17451.25,17487.0,17430.5,17462.9,0
2023-03-03 09:45:00,17463.5,17514.3,17462.4,17512.65,0
2023-03-03 10:15:00,17513.9,17533.8,17508.55,17531.3,0
2023-03-03 10:45:00,17531.45,17555.85,17530.5,17547.85,0
2023-03-03 11:15:00,17547.5,17578.45,17534.9,17575.15,0
2023-03-03 11:45:00,17575.65,17578.05,17563.3,17570.55,0
2023-03-03 12:15:00,17570.55,17575.25,17535.9,17540.2,8827222
2023-03-03 12:45:00,17540.9,17565.65,17539.9,17561.65,18929042
2023-03-03 13:15:00,17561.05,17603.8,17560.55,17603.2,12242700
2023-03-03 13:45:00,17602.7,17613.75,17596.7,17609.75,0
2023-03-03 14:15:00,17609.7,17632.55,17609.2,17623.6,0
2023-03-03 14:45:00,17622.85,17644.7,17587.2,17591.9,0
2023-03-03 15:15:00,17592.45,17598.35,17585.0,17594.35,0
2023-03-06 09:15:00,17680.35,17765.45,17680.35,17763.5,0
2023-03-06 09:45:00,17763.05,17779.15,17753.6,17775.15,0
2023-03-06 10:15:00,17775.2,17793.9,17774.25,17783.95,0
2023-03-06 10:45:00,17783.4,17798.35,17758.25,17779.35,0
2023-03-06 11:15:00,17779.75,17780.8,17750.05,17774.4,0
2023-03-06 11:45:00,17774.2,17786.85,17762.9,17779.6,0
2023-03-06 12:15:00,17779.7,17785.95,17751.95,17762.15,9866496
2023-03-06 12:45:00,17762.4,17776.25,17739.4,17770.5,30888501
2023-03-06 13:15:00,17770.1,17773.8,17725.5,17734.5,16456723
2023-03-06 13:45:00,17734.1,17742.05,17717.45,17723.25,0
2023-03-06 14:15:00,17722.6,17747.1,17719.95,17722.05,0
2023-03-06 14:45:00,17722.05,17731.25,17704.0,17709.35,0
2023-03-06 15:15:00,17709.3,17727.25,17703.45,17711.45,0
2023-03-08 09:15:00,17665.75,17692.15,17603.55,17666.45,0
2023-03-08 09:45:00,17666.15,17710.4,17652.55,17697.2,0
2023-03-08 10:15:00,17697.6,17711.7,17684.9,17693.7,0
2023-03-08 10:45:00,17693.85,17705.15,17681.55,17682.2,0
2023-03-08 11:15:00,17682.8,17694.6,17663.9,17666.95,0
2023-03-08 11:45:00,17666.6,17672.05,17647.9,17650.75,0
2023-03-08 12:15:00,17650.7,17673.8,17645.9,17661.6,6720770
2023-03-08 12:45:00,17661.3,17684.75,17658.45,17670.95,11262501
2023-03-08 13:15:00,17671.0,17688.85,17671.0,17681.95,4123020
2023-03-08 13:45:00,17681.9,17717.3,17680.85,17708.65,0
2023-03-08 14:15:00,17708.3,17718.95,17693.7,17700.55,0
2023-03-08 14:45:00,17700.1,17764.05,17693.75,17756.6,0
2023-03-08 15:15:00,17756.15,17766.4,17747.25,17754.4,0
2023-03-09 09:15:00,17772.05,17772.05,17711.35,17723.55,0
2023-03-09 09:45:00,17723.8,17735.3,17670.65,17675.3,0
2023-03-09 10:15:00,17674.55,17704.7,17668.95,17679.4,0
2023-03-09 10:45:00,17679.9,17703.9,17679.9,17703.55,0
2023-03-09 11:15:00,17703.45,17723.4,17692.3,17714.55,0
2023-03-09 11:45:00,17715.3,17716.9,17674.7,17680.65,0
2023-03-09 12:15:00,17680.3,17680.95,17651.2,17660.65,6959476
2023-03-09 12:45:00,17660.9,17677.05,17644.4,17658.2,14513993
2023-03-09 13:15:00,17658.5,17670.95,17620.7,17626.35,9050090
2023-03-09 13:45:00,17626.25,17634.3,17613.0,17627.65,0
2023-03-09 14:15:00,17627.75,17630.6,17607.8,17618.4,0
2023-03-09 14:45:00,17618.15,17620.7,17586.4,17586.4,0
2023-03-09 15:15:00,17587.25,17589.6,17574.7,17589.6,0
2023-03-10 09:15:00,17443.8,17443.8,17325.75,17332.4,0
2023-03-10 09:45:00,17334.15,17400.15,17330.6,17392.65,0
2023-03-10 10:15:00,17393.1,17427.4,17381.9,17406.85,0
2023-03-10 10:45:00,17406.8,17428.2,17394.5,17418.2,0
2023-03-10 11:15:00,17419.2,17435.05,17403.8,17408.5,0
2023-03-10 11:45:00,17408.15,17418.1,17395.3,17395.5,0
2023-03-10 12:15:00,17394.95,17413.65,17376.7,17403.85,7652736
2023-03-10 12:45:00,17404.05,17429.15,17400.2,17417.85,11711298
2023-03-10 13:15:00,17418.1,17418.9,17381.75,17385.15,5638064
2023-03-10 13:45:00,17385.05,17404.35,17373.45,17394.35,0
2023-03-10 14:15:00,17394.35,17399.95,17376.85,17383.25,0
2023-03-10 14:45:00,17383.7,17418.65,17367.15,17409.9,0
2023-03-10 15:15:00,17410.15,17425.95,17408.8,17412.9,0
2023-03-13 09:15:00,17421.9,17529.05,17388.5,17453.55,0
2023-03-13 09:45:00,17454.4,17482.2,17432.15,17455.6,0
2023-03-13 10:15:00,17455.4,17470.35,17421.9,17437.6,0
2023-03-13 10:45:00,17437.9,17452.6,17383.75,17393.95,0
2023-03-13 11:15:00,17393.15,17409.95,17352.5,17362.65,0
2023-03-13 11:45:00,17361.7,17369.55,17330.0,17342.1,0
2023-03-13 12:15:00,17341.85,17357.8,17284.9,17286.05,0
2023-03-13 12:45:00,17285.85,17294.15,17257.4,17268.95,0
2023-03-13 13:15:00,17270.4,17294.7,17208.85,17225.4,0
2023-03-13 13:45:00,17225.35,17240.95,17186.6,17190.3,0
2023-03-13 14:15:00,17190.05,17197.25,17114.85,17148.55,0
2023-03-13 14:45:00,17148.7,17167.7,17114.75,17141.0,0
2023-03-13 15:15:00,17142.3,17198.05,17142.3,17154.3,0
2023-03-14 09:15:00,17160.55,17224.1,17112.85,17157.6,0
2023-03-14 09:45:00,17158.7,17191.35,17127.1,17127.5,0
2023-03-14 10:15:00,17126.85,17126.85,17067.25,17100.8,0
2023-03-14 10:45:00,17101.0,17123.45,17049.6,17055.6,0
2023-03-14 11:15:00,17055.25,17088.9,17038.9,17071.95,0
2023-03-14 11:45:00,17070.85,17076.1,17042.4,17069.2,0
2023-03-14 12:15:00,17068.9,17185.7,17059.15,17105.05,12189337
2023-03-14 12:45:00,17104.2,17104.8,17026.2,17036.5,23141616
2023-03-14 13:15:00,17034.8,17064.15,17004.95,17041.0,9102459
2023-03-14 13:45:00,17040.45,17053.05,16999.0,17008.7,0
2023-03-14 14:15:00,17009.5,17075.95,16987.5,17044.95,0
2023-03-14 14:45:00,17046.1,17070.3,17012.1,17059.45,0
2023-03-14 15:15:00,17036.55,17068.65,17033.0,17043.3,0
2023-03-15 09:15:00,17166.45,17210.6,17125.35,17149.0,0
2023-03-15 09:45:00,17149.4,17170.55,17129.0,17155.7,0
2023-03-15 10:15:00,17155.7,17170.85,17114.8,17119.3,0
2023-03-15 10:45:00,17119.75,17127.05,17094.9,17113.35,0
2023-03-15 11:15:00,17113.75,17159.3,17110.0,17142.65,0
2023-03-15 11:45:00,17142.75,17147.15,17096.95,17097.1,0
2023-03-15 12:15:00,17097.75,17107.9,17077.8,17101.0,6943881
2023-03-15 12:45:00,17100.85,17107.35,17041.9,17049.15,19286029
2023-03-15 13:15:00,17049.35,17081.35,17039.65,17074.85,6730400
2023-03-15 13:45:00,17078.0,17078.0,17026.4,17047.7,0
2023-03-15 14:15:00,17048.85,17062.0,17018.6,17019.4,0
2023-03-15 14:45:00,17019.8,17031.75,16960.9,16964.45,0
2023-03-15 15:15:00,16965.05,16975.55,16940.35,16972.15,0
2023-03-16 09:15:00,16994.65,16994.65,16862.7,16865.05,0
2023-03-16 09:45:00,16866.25,16892.85,16850.4,16877.65,0
2023-03-16 10:15:00,16877.95,17009.95,16869.9,16993.45,0
2023-03-16 10:45:00,16991.15,17046.15,16966.7,17027.85,0
2023-03-16 11:15:00,17027.95,17044.2,16971.85,16993.45,0
2023-03-16 11:45:00,16993.5,17003.0,16927.45,16929.4,0
2023-03-16 12:15:00,16929.4,16949.4,16910.4,16925.15,8121303
2023-03-16 12:45:00,16924.95,16972.2,16919.95,16972.15,19434322
2023-03-16 13:15:00,16972.85,16999.5,16950.75,16965.85,9786156
2023-03-16 13:45:00,16965.1,17039.5,16936.7,17035.95,0
2023-03-16 14:15:00,17037.2,17062.2,17023.85,17031.15,0
2023-03-16 14:45:00,17030.5,17039.25,16950.2,16976.9,0
2023-03-16 15:15:00,16977.35,17014.65,16973.3,16985.6,0
2023-03-17 09:15:00,17111.8,17144.4,17069.3,17069.3,0
2023-03-17 09:45:00,17071.55,17100.05,17049.25,17081.0,0
2023-03-17 10:15:00,17080.95,17100.45,17056.15,17066.45,0
2023-03-17 10:45:00,17065.45,17069.85,17027.35,17028.55,0
2023-03-17 11:15:00,17028.05,17039.15,16991.0,17007.85,0
2023-03-17 11:45:00,17008.05,17057.25,16980.1,16985.85,0
2023-03-17 12:15:00,16985.5,16991.7,16964.05,16977.55,8568273
2023-03-17 12:45:00,16977.15,17009.9,16958.15,16985.5,21882859
2023-03-17 13:15:00,16984.9,17029.0,16975.85,17004.35,10572395
2023-03-17 13:45:00,17004.6,17082.15,17004.25,17058.2,0
2023-03-17 14:15:00,17058.65,17080.05,17008.7,17067.45,0
2023-03-17 14:45:00,17065.5,17124.95,17039.25,17113.5,0
2023-03-17 15:15:00,17112.95,17125.9,17082.9,17100.05,0
2023-03-20 09:15:00,17043.9,17057.55,16928.55,16950.7,37965355
2023-03-20 09:45:00,16950.55,16964.75,16902.8,16910.15,21678553
2023-03-20 10:15:00,16909.85,16921.85,16881.55,16907.95,18710022
2023-03-20 10:45:00,16907.85,16963.6,16900.65,16945.25,16940775
2023-03-20 11:15:00,16945.3,16949.85,16906.7,16912.8,12703738
2023-03-20 11:45:00,16913.3,16930.3,16863.5,16865.65,19206705
2023-03-20 12:15:00,16867.4,16886.15,16844.9,16884.4,15846537
2023-03-20 12:45:00,16885.75,16886.45,16828.35,16869.75,15987351
2023-03-20 13:15:00,16868.9,16901.35,16842.8,16858.05,16688808
2023-03-20 13:45:00,16858.8,16899.45,16846.5,16891.35,20795060
2023-03-20 14:15:00,16893.3,16948.45,16874.3,16928.7,21493840
2023-03-20 14:45:00,16928.85,16996.35,16920.2,16987.3,28762420
2023-03-20 15:15:00,16987.35,17008.45,16987.35,16988.4,22492595
2023-03-21 09:15:00,17060.4,17080.55,17026.75,17039.4,0
2023-03-21 09:45:00,17039.45,17070.2,17016.65,17066.05,0
2023-03-21 10:15:00,17065.8,17085.75,17055.95,17072.7,0
2023-03-21 10:45:00,17072.75,17077.6,17046.2,17065.4,0
2023-03-21 11:15:00,17065.1,17079.1,17053.25,17058.2,0
2023-03-21 11:45:00,17058.15,17058.3,17022.55,17030.95,0
2023-03-21 12:15:00,17031.55,17063.65,17028.35,17050.6,7650705
2023-03-21 12:45:00,17051.2,17100.95,17050.2,17097.75,17125091
2023-03-21 13:15:00,17097.2,17106.7,17065.55,17070.9,9311359
2023-03-21 13:45:00,17071.25,17110.7,17070.0,17088.4,0
2023-03-21 14:15:00,17088.5,17126.6,17085.75,17123.5,0
2023-03-21 14:45:00,17122.25,17127.1,17101.75,17104.2,0
2023-03-21 15:15:00,17103.35,17112.45,17095.5,17107.5,0
2023-03-22 09:15:00,17177.45,17207.15,17132.4,17168.65,0
2023-03-22 09:45:00,17169.0,17180.3,17140.8,17140.8,0
2023-03-22 10:15:00,17141.6,17151.7,17127.6,17132.3,0
2023-03-22 10:45:00,17132.6,17146.35,17108.8,17129.85,0
2023-03-22 11:15:00,17129.9,17151.8,17119.7,17148.75,0
2023-03-22 11:45:00,17149.1,17153.9,17128.0,17138.5,0
2023-03-22 12:15:00,17138.75,17165.4,17130.6,17133.0,5761365
2023-03-22 12:45:00,17134.7,17149.8,17130.8,17134.65,10006874
2023-03-22 13:15:00,17135.25,17156.05,17120.75,17142.7,8508031
2023-03-22 13:45:00,17142.75,17149.1,17116.7,17142.05,0
2023-03-22 14:15:00,17144.1,17151.15,17110.95,17118.5,0
2023-03-22 14:45:00,17118.0,17160.8,17111.15,17160.25,0
2023-03-22 15:15:00,17160.0,17164.3,17142.55,17151.9,0
2023-03-23 09:15:00,17097.4,17097.4,17046.1,17080.35,0
2023-03-23 09:45:00,17080.45,17142.35,17080.45,17136.7,0
2023-03-23 10:15:00,17137.5,17171.9,17136.95,17154.25,0
2023-03-23 10:45:00,17154.55,17157.35,17125.55,17136.35,0
2023-03-23 11:15:00,17136.5,17161.4,17132.75,17159.25,0
2023-03-23 11:45:00,17158.85,17171.3,17150.8,17168.0,0
2023-03-23 12:15:00,17167.45,17195.4,17156.4,17192.8,6183429
2023-03-23 12:45:00,17192.95,17205.4,17168.35,17176.7,11229537
2023-03-23 13:15:00,17177.05,17193.7,17171.35,17174.7,4330868
2023-03-23 13:45:00,17174.6,17180.4,17129.5,17129.5,0
2023-03-23 14:15:00,17128.75,17138.6,17081.5,17092.4,0
2023-03-23 14:45:00,17091.9,17117.5,17057.4,17070.1,0
2023-03-23 15:15:00,17069.9,17078.3,17061.75,17076.9,0
2023-03-24 09:15:00,17076.2,17108.55,16995.4,17037.0,0
2023-03-24 09:45:00,17037.05,17079.75,17026.75,17064.15,0
2023-03-24 10:15:00,17064.8,17087.8,17016.25,17017.75,0
2023-03-24 10:45:00,17017.05,17063.5,17010.8,17061.9,0
2023-03-24 11:15:00,17061.45,17075.35,17039.95,17073.6,0
2023-03-24 11:45:00,17075.3,17087.85,17055.5,17082.5,0
2023-03-24 12:15:00,17083.25,17097.95,17040.0,17055.6,7864895
2023-03-24 12:45:00,17056.55,17082.15,17040.4,17080.55,11639714
2023-03-24 13:15:00,17081.95,17091.6,17021.55,17036.75,6686926
2023-03-24 13:45:00,17036.95,17053.65,17008.1,17024.55,0
2023-03-24 14:15:00,17025.5,17025.55,16966.9,16986.0,0
2023-03-24 14:45:00,16988.3,16999.4,16951.0,16954.5,0
2023-03-24 15:15:00,16956.05,16961.05,16918.5,16945.05,0
2023-03-27 09:15:00,16984.3,17024.6,16919.4,17010.85,0
2023-03-27 09:45:00,17010.4,17038.0,16995.25,17030.55,0
2023-03-27 10:15:00,17031.15,17044.85,16985.35,16986.1,0
2023-03-27 10:45:00,16985.3,17011.25,16982.25,16996.95,0
2023-03-27 11:15:00,16997.0,17033.45,16975.75,17027.65,0
2023-03-27 11:45:00,17027.75,17051.85,17014.8,17034.65,0
2023-03-27 12:15:00,17035.05,17061.2,17034.15,17051.65,6133113
2023-03-27 12:45:00,17051.85,17056.45,17010.35,17010.35,14761247
2023-03-27 13:15:00,17009.6,17022.7,16982.6,17016.95,9165455
2023-03-27 13:45:00,17017.1,17049.25,17005.5,17039.85,0
2023-03-27 14:15:00,17040.2,17090.75,17040.2,17063.25,0
2023-03-27 14:45:00,17063.35,17075.1,16974.35,16982.45,0
2023-03-27 15:15:00,16982.4,16986.9,16953.95,16985.7,0
2023-03-28 09:15:00,17031.75,17061.5,16981.65,16986.2,0
2023-03-28 09:45:00,16986.35,16995.6,16971.35,16992.5,0
2023-03-28 10:15:00,16992.15,17000.9,16943.25,16946.3,0
2023-03-28 10:45:00,16946.1,16957.85,16930.35,16945.85,0
2023-03-28 11:15:00,16946.75,16984.7,16944.55,16982.55,0
2023-03-28 11:45:00,16982.8,16991.75,16950.6,16951.1,0
2023-03-28 12:15:00,16950.35,16972.9,16939.05,16953.0,6117363
2023-03-28 12:45:00,16953.75,16985.45,16950.6,16979.85,13623728
2023-03-28 13:15:00,16980.5,16985.65,16942.2,16962.7,8027639
2023-03-28 13:45:00,16962.8,16963.2,16914.2,16923.7,0
2023-03-28 14:15:00,16924.05,16950.55,16913.8,16946.8,0
2023-03-28 14:45:00,16946.75,16969.75,16930.65,16943.2,0
2023-03-28 15:15:00,16943.05,16966.0,16943.05,16951.7,0
2023-03-29 09:15:00,16977.3,17022.35,16977.3,17015.2,0
2023-03-29 09:45:00,17015.6,17032.7,17006.0,17016.45,0
2023-03-29 10:15:00,17016.0,17048.55,17010.85,17030.25,0
2023-03-29 10:45:00,17030.15,17035.2,16968.4,16977.7,0
2023-03-29 11:15:00,16976.0,16997.25,16967.05,16968.55,0
2023-03-29 11:45:00,16968.55,16980.65,16942.65,16952.0,0
2023-03-29 12:15:00,16952.45,16964.15,16941.15,16957.5,7008760
2023-03-29 12:45:00,16957.35,16989.2,16957.15,16979.95,14868285
2023-03-29 13:15:00,16980.4,17020.15,16979.55,17003.0,8422035
2023-03-29 13:45:00,17002.05,17051.75,16994.0,17045.35,0
2023-03-29 14:15:00,17045.3,17057.35,16990.4,17008.1,0
2023-03-29 14:45:00,17008.5,17096.6,17002.05,17094.85,0
2023-03-29 15:15:00,17096.25,17125.9,17080.7,17080.7,0
2023-03-31 09:15:00,17210.35,17289.1,17209.45,17278.25,0
2023-03-31 09:45:00,17277.9,17282.15,17253.65,17256.9,0
2023-03-31 10:15:00,17256.35,17269.6,17233.65,17248.2,0
2023-03-31 10:45:00,17248.15,17257.9,17235.55,17245.5,0
2023-03-31 11:15:00,17245.1,17283.35,17242.1,17275.5,0
2023-03-31 11:45:00,17274.75,17291.95,17268.2,17278.7,0
2023-03-31 12:15:00,17279.0,17323.55,17268.65,17322.25,7692080
2023-03-31 12:45:00,17323.25,17325.4,17306.55,17316.65,11385999
2023-03-31 13:15:00,17317.5,17345.4,17312.4,17344.35,8949951
2023-03-31 13:45:00,17345.95,17365.55,17341.45,17360.8,0
2023-03-31 14:15:00,17361.75,17373.7,17344.15,17357.75,0
2023-03-31 14:45:00,17358.7,17381.3,17351.65,17363.2,0
2023-03-31 15:15:00,17362.65,17367.5,17337.7,17359.75,0
2023-04-03 09:15:00,17427.95,17427.95,17325.8,17358.4,0
2023-04-03 09:45:00,17358.85,17381.9,17357.35,17367.9,0
2023-04-03 10:15:00,17368.2,17378.45,17336.25,17337.85,0
2023-04-03 10:45:00,17337.65,17353.75,17321.9,17324.3,0
2023-04-03 11:15:00,17324.25,17336.25,17312.9,17330.8,0
2023-04-03 11:45:00,17331.05,17363.6,17330.85,17351.65,0
2023-04-03 12:15:00,17351.6,17363.0,17342.95,17352.7,8424384
2023-04-03 12:45:00,17352.95,17368.75,17336.15,17348.25,15291308
2023-04-03 13:15:00,17348.15,17356.65,17338.45,17347.4,5210799
2023-04-03 13:45:00,17346.6,17372.6,17341.95,17371.75,0
2023-04-03 14:15:00,17371.25,17386.9,17356.75,17386.3,0
2023-04-03 14:45:00,17386.0,17404.55,17379.3,17404.1,0
2023-04-03 15:15:00,17403.85,17410.25,17393.55,17398.05,0
2023-04-05 09:15:00,17422.3,17473.15,17412.15,17457.95,0
2023-04-05 09:45:00,17458.15,17492.5,17457.4,17491.65,0
2023-04-05 10:15:00,17491.15,17513.8,17483.9,17505.15,0
2023-04-05 10:45:00,17506.0,17506.1,17478.15,17485.95,0
2023-04-05 11:15:00,17485.75,17498.7,17482.25,17488.2,0
2023-04-05 11:45:00,17488.7,17515.55,17487.6,17509.85,0
2023-04-05 12:15:00,17510.3,17527.9,17499.05,17525.7,6582445
2023-04-05 12:45:00,17525.6,17545.15,17517.0,17537.45,13345508
2023-04-05 13:15:00,17537.35,17544.7,17513.9,17525.7,6050224
2023-04-05 13:45:00,17525.8,17543.35,17517.15,17536.8,0
2023-04-05 14:15:00,17536.55,17549.05,17525.9,17543.1,0
2023-04-05 14:45:00,17542.9,17561.95,17535.65,17552.55,0
2023-04-05 15:15:00,17554.15,17570.0,17549.85,17557.05,0
2023-04-06 09:15:00,17533.85,17543.95,17512.25,17533.2,0
2023-04-06 09:45:00,17532.9,17600.55,17503.6,17588.5,0
2023-04-06 10:15:00,17588.8,17603.2,17577.6,17597.25,0
2023-04-06 10:45:00,17596.4,17619.55,17588.8,17618.25,0
2023-04-06 11:15:00,17617.5,17621.35,17580.8,17610.25,0
2023-04-06 11:45:00,17609.9,17617.5,17594.8,17602.3,0
2023-04-06 12:15:00,17602.5,17626.65,17597.65,17624.8,9275345
2023-04-06 12:45:00,17625.7,17638.7,17615.5,17618.45,11655917
2023-04-06 13:15:00,17618.35,17621.35,17572.25,17574.2,6655988
2023-04-06 13:45:00,17574.05,17586.55,17552.0,17575.6,0
2023-04-06 14:15:00,17576.0,17609.75,17568.7,17595.9,0
2023-04-06 14:45:00,17595.9,17613.0,17590.7,17591.35,0
2023-04-06 15:15:00,17591.9,17608.35,17590.65,17599.15,0
2023-04-10 09:15:00,17634.9,17656.2,17608.9,17650.9,0
2023-04-10 09:45:00,17651.05,17660.45,17624.2,17630.0,0
2023-04-10 10:15:00,17630.5,17636.4,17606.2,17629.2,0
2023-04-10 10:45:00,17629.15,17641.8,17608.85,17640.0,0
2023-04-10 11:15:00,17639.05,17649.9,17626.8,17647.2,0
2023-04-10 11:45:00,17647.35,17678.3,17644.6,17672.1,0
2023-04-10 12:15:00,17672.0,17689.0,17667.0,17677.5,8186524
2023-04-10 12:45:00,17676.05,17694.1,17666.95,17667.5,12977111
2023-04-10 13:15:00,17667.8,17674.15,17653.05,17659.95,8077744
2023-04-10 13:45:00,17661.15,17665.1,17622.95,17626.5,0
2023-04-10 14:15:00,17626.75,17630.0,17598.25,17628.8,0
2023-04-10 14:45:00,17627.85,17637.7,17618.2,17621.3,0
2023-04-10 15:15:00,17621.35,17627.85,17608.65,17624.05,0
2023-04-11 09:15:00,17704.8,17716.55,17669.0,17704.0,0
2023-04-11 09:45:00,17702.95,17748.6,17702.95,17741.55,0
2023-04-11 10:15:00,17743.4,17745.3,17710.35,17716.65,0
2023-04-11 10:45:00,17715.9,17728.35,17701.75,17704.25,0
2023-04-11 11:15:00,17705.0,17714.85,17682.5,17684.85,0
2023-04-11 11:45:00,17684.8,17696.75,17668.35,17675.65,0
2023-04-11 12:15:00,17675.25,17683.7,17655.3,17679.6,8703176
2023-04-11 12:45:00,17679.0,17688.6,17663.85,17667.6,18045463
2023-04-11 13:15:00,17668.35,17695.65,17665.45,17694.3,7817504
2023-04-11 13:45:00,17693.65,17720.7,17692.4,17713.65,0
2023-04-11 14:15:00,17713.65,17724.55,17700.45,17711.8,0
2023-04-11 14:45:00,17712.65,17729.85,17709.85,17728.15,0
2023-04-11 15:15:00,17727.9,17733.95,17713.05,17722.3,0
2023-04-12 09:15:00,17759.55,17779.4,17717.8,17763.75,0
2023-04-12 09:45:00,17764.4,17768.25,17748.55,17751.55,0
2023-04-12 10:15:00,17751.8,17754.95,17735.2,17743.55,0
2023-04-12 10:45:00,17744.25,17764.25,17743.85,17754.35,0
2023-04-12 11:15:00,17753.9,17773.15,17750.7,17770.45,0
2023-04-12 11:45:00,17769.75,17770.95,17754.3,17761.75,0
2023-04-12 12:15:00,17760.8,17778.65,17760.8,17766.25,5260389
2023-04-12 12:45:00,17766.2,17795.95,17764.1,17792.35,12701694
2023-04-12 13:15:00,17792.25,17819.05,17792.15,17808.2,9278760
2023-04-12 13:45:00,17808.7,17812.1,17796.95,17807.05,0
2023-04-12 14:15:00,17806.65,17813.0,17780.05,17794.65,0
2023-04-12 14:45:00,17794.45,17814.3,17767.25,17811.9,0
2023-04-12 15:15:00,17812.35,17824.3,17809.2,17812.4,0
2023-04-13 09:15:00,17807.3,17827.25,17771.4,17798.8,0
2023-04-13 09:45:00,17798.6,17816.95,17785.05,17792.4,0
2023-04-13 10:15:00,17792.3,17805.7,17783.6,17792.45,0
2023-04-13 10:45:00,17792.25,17792.65,17740.8,17747.6,0
2023-04-13 11:15:00,17746.9,17760.95,17736.75,17760.75,0
2023-04-13 11:45:00,17760.4,17770.1,17745.15,17746.6,0
2023-04-13 12:15:00,17745.6,17753.35,17729.65,17752.35,5945470
2023-04-13 12:45:00,17751.85,17777.6,17747.15,17750.0,15476552
2023-04-13 13:15:00,17749.9,17779.6,17744.9,17770.55,8920737
2023-04-13 13:45:00,17771.5,17793.5,17761.2,17780.6,0
2023-04-13 14:15:00,17780.55,17810.95,17779.95,17795.55,0
2023-04-13 14:45:00,17795.35,17837.4,17793.9,17836.55,0
2023-04-13 15:15:00,17836.6,17841.5,17826.4,17828.0,0
2023-04-17 09:15:00,17863.0,17863.0,17620.7,17636.6,0
2023-04-17 09:45:00,17635.7,17651.95,17574.35,17610.3,0
2023-04-17 10:15:00,17609.9,17649.05,17609.45,17645.6,0
2023-04-17 10:45:00,17645.75,17676.55,17637.3,17640.95,0
2023-04-17 11:15:00,17640.95,17665.15,17639.85,17657.8,0
2023-04-17 11:45:00,17657.45,17666.95,17643.95,17657.2,0
2023-04-17 12:15:00,17656.7,17693.35,17654.65,17677.8,10950942
2023-04-17 12:45:00,17677.25,17691.1,17654.9,17671.25,13362369
2023-04-17 13:15:00,17671.05,17682.95,17654.15,17680.9,8646325
2023-04-17 13:45:00,17680.9,17689.15,17671.5,17688.2,0
2023-04-17 14:15:00,17688.15,17703.5,17670.3,17687.75,0
2023-04-17 14:45:00,17687.7,17716.9,17676.15,17711.3,0
2023-04-17 15:15:00,17711.65,17715.2,17699.3,17706.85,0
2023-04-18 09:15:00,17766.6,17766.6,17712.9,17720.8,0
2023-04-18 09:45:00,17720.5,17720.5,17663.2,17670.35,0
2023-04-18 10:15:00,17670.25,17694.3,17651.15,17693.45,0
2023-04-18 10:45:00,17693.35,17696.35,17672.5,17681.8,0
2023-04-18 11:15:00,17681.9,17688.25,17673.55,17674.9,0
2023-04-18 11:45:00,17675.1,17685.8,17659.4,17682.15,0
2023-04-18 12:15:00,17682.6,17698.45,17679.2,17694.2,7339135
2023-04-18 12:45:00,17693.9,17709.85,17686.65,17690.1,13100707
2023-04-18 13:15:00,17690.15,17690.15,17617.7,17619.1,7196800
2023-04-18 13:45:00,17620.2,17644.2,17610.75,17636.4,0
2023-04-18 14:15:00,17636.3,17648.65,17623.9,17642.1,0
2023-04-18 14:45:00,17642.85,17673.6,17637.85,17656.1,0
2023-04-18 15:15:00,17655.9,17663.3,17650.05,17660.15,0
2023-04-19 09:15:00,17653.35,17658.35,17612.55,17635.05,0
2023-04-19 09:45:00,17635.5,17645.9,17615.8,17628.95,0
2023-04-19 10:15:00,17629.5,17646.7,17626.75,17634.95,0
2023-04-19 10:45:00,17635.05,17652.05,17631.85,17649.6,0
2023-04-19 11:15:00,17648.05,17657.3,17631.05,17647.25,0
2023-04-19 11:45:00,17647.6,17662.9,17642.15,17654.25,0
2023-04-19 12:15:00,17654.55,17664.45,17646.6,17655.25,10105897
2023-04-19 12:45:00,17656.1,17666.15,17631.5,17633.65,12477928
2023-04-19 13:15:00,17633.8,17635.95,17594.1,17594.1,6569786
2023-04-19 13:45:00,17594.75,17608.0,17580.0,17595.55,0
2023-04-19 14:15:00,17594.9,17615.8,17588.45,17602.05,0
2023-04-19 14:45:00,17601.95,17632.85,17591.35,17628.6,0
2023-04-19 15:15:00,17628.1,17629.35,17606.45,17618.75,0
2023-04-20 09:15:00,17638.6,17683.75,17615.2,17672.5,0
2023-04-20 09:45:00,17672.7,17674.25,17622.7,17628.2,0
2023-04-20 10:15:00,17628.2,17642.9,17590.35,17593.3,0
2023-04-20 10:45:00,17593.95,17617.3,17592.1,17610.95,0
2023-04-20 11:15:00,17611.35,17632.8,17611.35,17618.3,0
2023-04-20 11:45:00,17618.1,17631.6,17610.95,17620.55,0
2023-04-20 12:15:00,17619.4,17627.95,17606.9,17613.4,7192074
2023-04-20 12:45:00,17613.15,17613.95,17586.1,17597.85,13671807
2023-04-20 13:15:00,17597.95,17605.35,17590.05,17596.75,7287688
2023-04-20 13:45:00,17596.75,17609.4,17584.5,17594.75,0
2023-04-20 14:15:00,17594.6,17615.0,17593.65,17609.0,0
2023-04-20 14:45:00,17608.8,17634.2,17602.45,17634.2,0
2023-04-20 15:15:00,17633.9,17634.4,17620.05,17624.45,0
2023-04-21 09:15:00,17639.75,17662.5,17620.75,17621.3,0
2023-04-21 09:45:00,17620.95,17639.1,17605.7,17617.65,0
2023-04-21 10:15:00,17616.75,17620.0,17589.5,17597.55,0
2023-04-21 10:45:00,17597.9,17612.2,17589.7,17609.25,0
2023-04-21 11:15:00,17609.75,17612.15,17597.8,17607.25,0
2023-04-21 11:45:00,17608.3,17612.9,17591.2,17595.35,0
2023-04-21 12:15:00,17595.45,17598.3,17577.8,17587.5,7664894
2023-04-21 12:45:00,17588.2,17591.5,17553.95,17561.05,12653707
2023-04-21 13:15:00,17561.75,17602.15,17561.25,17592.2,4895748
2023-04-21 13:45:00,17593.35,17614.15,17593.05,17599.85,0
2023-04-21 14:15:00,17600.7,17636.85,17596.65,17615.85,0
2023-04-21 14:45:00,17616.45,17637.55,17615.45,17632.5,0
2023-04-21 15:15:00,17631.55,17631.55,17611.15,17624.05,0
2023-04-24 09:15:00,17707.55,17707.55,17625.65,17627.0,0
2023-04-24 09:45:00,17625.7,17656.85,17620.4,17633.15,0
2023-04-24 10:15:00,17631.2,17644.95,17621.15,17633.25,0
2023-04-24 10:45:00,17633.15,17641.75,17626.75,17638.8,0
2023-04-24 11:15:00,17638.6,17646.95,17618.45,17624.2,0
2023-04-24 11:45:00,17623.65,17638.65,17612.7,17637.35,0
2023-04-24 12:15:00,17637.25,17661.8,17630.65,17656.6,8241188
2023-04-24 12:45:00,17656.55,17687.7,17656.55,17687.0,17539605
2023-04-24 13:15:00,17687.75,17719.0,17687.6,17711.1,7003466
2023-04-24 13:45:00,17711.35,17720.2,17696.2,17716.75,0
2023-04-24 14:15:00,17716.8,17720.0,17701.8,17706.7,0
2023-04-24 14:45:00,17705.95,17748.9,17705.7,17747.75,0
2023-04-24 15:15:00,17747.65,17754.25,17740.6,17743.4,0
2023-04-25 09:15:00,17761.55,17766.05,17717.3,17740.4,0
2023-04-25 09:45:00,17741.15,17756.2,17732.5,17753.85,0
2023-04-25 10:15:00,17754.65,17775.6,17752.05,17772.3,0
2023-04-25 10:45:00,17771.7,17782.85,17757.95,17774.9,0
2023-04-25 11:15:00,17774.2,17791.9,17773.95,17779.4,0
2023-04-25 11:45:00,17779.3,17789.2,17769.8,17776.9,0
2023-04-25 12:15:00,17777.3,17782.05,17748.9,17750.2,8066769
2023-04-25 12:45:00,17749.15,17778.25,17749.15,17777.5,14192853
2023-04-25 13:15:00,17777.15,17788.3,17769.8,17787.45,8270840
2023-04-25 13:45:00,17787.1,17791.8,17753.35,17791.2,0
2023-04-25 14:15:00,17791.5,17807.25,17789.15,17794.55,0
2023-04-25 14:45:00,17794.35,17798.85,17765.75,17776.45,0
2023-04-25 15:15:00,17776.5,17776.6,17754.15,17769.25,0
2023-04-26 09:15:00,17767.3,17773.9,17727.7,17733.65,0
2023-04-26 09:45:00,17733.3,17757.75,17711.95,17751.55,0
2023-04-26 10:15:00,17752.0,17773.95,17751.5,17760.2,0
2023-04-26 10:45:00,17760.4,17778.25,17751.9,17774.05,0
2023-04-26 11:15:00,17773.85,17781.7,17770.2,17776.25,0
2023-04-26 11:45:00,17776.1,17791.45,17774.1,17778.9,0
2023-04-26 12:15:00,17778.3,17810.25,17775.8,17803.05,6955285
2023-04-26 12:45:00,17803.25,17804.8,17775.85,17781.3,12023155
2023-04-26 13:15:00,17780.8,17792.45,17767.2,17780.7,5025718
2023-04-26 13:45:00,17780.8,17795.0,17779.4,17794.7,0
2023-04-26 14:15:00,17795.0,17800.1,17770.35,17782.9,0
2023-04-26 14:45:00,17782.6,17820.7,17776.5,17816.4,0
2023-04-26 15:15:00,17816.0,17826.8,17810.25,17813.6,0
2023-04-27 09:15:00,17813.1,17837.65,17798.2,17833.8,0
2023-04-27 09:45:00,17832.8,17846.05,17826.7,17832.8,0
2023-04-27 10:15:00,17832.75,17849.3,17824.7,17835.5,0
2023-04-27 10:45:00,17834.9,17841.05,17824.55,17827.2,0
2023-04-27 11:15:00,17828.3,17852.45,17824.55,17846.45,0
2023-04-27 11:45:00,17846.25,17858.95,17840.95,17848.35,0
2023-04-27 12:15:00,17848.15,17853.6,17836.75,17850.35,7019531
2023-04-27 12:45:00,17851.15,17856.0,17842.35,17852.0,14354458
2023-04-27 13:15:00,17851.85,17883.15,17851.85,17878.25,7642381
2023-04-27 13:45:00,17877.9,17891.4,17870.15,17884.4,0
2023-04-27 14:15:00,17884.1,17891.05,17859.5,17891.05,0
2023-04-27 14:45:00,17891.1,17920.95,17879.1,17920.95,0
2023-04-27 15:15:00,17920.2,17931.25,17914.05,17915.05,0
2023-04-28 09:15:00,17950.4,17956.9,17895.7,17911.75,0
2023-04-28 09:45:00,17911.7,17923.15,17885.8,17889.2,0
2023-04-28 10:15:00,17889.0,17915.45,17887.45,17907.35,0
2023-04-28 10:45:00,17907.2,17948.6,17903.95,17946.2,0
2023-04-28 11:15:00,17946.1,17953.75,17935.35,17953.5,0
2023-04-28 11:45:00,17953.65,17971.15,17944.55,17963.9,0
2023-04-28 12:15:00,17963.7,17977.25,17955.95,17970.55,7827865
2023-04-28 12:45:00,17969.55,17975.85,17959.0,17973.3,13363682
2023-04-28 13:15:00,17973.05,17980.35,17966.35,17978.9,7968818
2023-04-28 13:45:00,17979.7,17989.35,17969.0,17981.8,0
2023-04-28 14:15:00,17981.55,18003.05,17962.95,18002.4,0
2023-04-28 14:45:00,18002.8,18070.75,17981.3,18064.05,0
2023-04-28 15:15:00,18063.7,18088.8,18046.35,18065.0,0
2023-05-02 09:15:00,18124.8,18170.2,18106.2,18161.35,0
2023-05-02 09:45:00,18161.45,18179.8,18146.05,18164.65,0
2023-05-02 10:15:00,18166.4,18169.05,18143.1,18150.55,0
2023-05-02 10:45:00,18150.0,18163.4,18131.2,18136.5,0
2023-05-02 11:15:00,18136.85,18157.05,18132.75,18153.75,0
2023-05-02 11:45:00,18153.9,18164.4,18150.05,18163.45,0
2023-05-02 12:15:00,18163.1,18164.6,18143.45,18153.1,6655806
2023-05-02 12:45:00,18153.9,18175.55,18153.75,18171.0,15372411
2023-05-02 13:15:00,18170.8,18179.5,18155.2,18165.4,6881164
2023-05-02 13:45:00,18163.5,18174.7,18155.9,18168.15,0
2023-05-02 14:15:00,18168.05,18176.25,18157.5,18159.55,0
2023-05-02 14:45:00,18159.55,18169.45,18135.6,18142.95,0
2023-05-02 15:15:00,18142.3,18147.65,18130.55,18147.65,0
2023-05-03 09:15:00,18113.8,18113.8,18050.8,18078.9,0
2023-05-03 09:45:00,18077.65,18092.4,18070.0,18083.75,0
2023-05-03 10:15:00,18083.65,18110.3,18083.65,18107.65,0
2023-05-03 10:45:00,18107.4,18116.25,18078.55,18078.9,0
2023-05-03 11:15:00,18078.9,18087.55,18069.45,18070.55,0
2023-05-03 11:45:00,18070.45,18084.25,18063.4,18069.55,0
2023-05-03 12:15:00,18069.1,18085.75,18061.3,18074.95,6386764
2023-05-03 12:45:00,18075.1,18094.95,18074.7,18078.85,10064275
2023-05-03 13:15:00,18077.9,18100.55,18070.8,18078.4,6617985
2023-05-03 13:45:00,18078.65,18082.1,18043.35,18069.0,0
2023-05-03 14:15:00,18069.35,18101.05,18064.35,18081.55,0
2023-05-03 14:45:00,18081.6,18098.9,18070.15,18098.0,0
2023-05-03 15:15:00,18098.1,18102.6,18077.65,18089.85,0
2023-05-04 09:15:00,18097.3,18123.45,18066.7,18111.85,36369911
2023-05-04 09:45:00,18111.75,18134.75,18106.6,18126.25,23015312
2023-05-04 10:15:00,18126.75,18147.15,18122.5,18144.85,18041239
2023-05-04 10:45:00,18145.25,18152.8,18136.9,18152.4,11416947
2023-05-04 11:15:00,18152.05,18167.5,18144.55,18163.75,10787551
2023-05-04 11:45:00,18162.85,18168.05,18151.4,18153.9,16138766
2023-05-04 12:15:00,18153.1,18176.35,18151.45,18173.9,14363528
2023-05-04 12:45:00,18173.2,18192.5,18161.95,18179.4,13676486
2023-05-04 13:15:00,18180.45,18188.85,18170.9,18187.1,13968966
2023-05-04 13:45:00,18187.6,18194.95,18172.55,18180.65,17168979
2023-05-04 14:15:00,18180.9,18221.15,18176.95,18213.35,17366653
2023-05-04 14:45:00,18214.6,18267.45,18211.7,18263.15,24602928
2023-05-04 15:15:00,18262.75,18264.2,18236.85,18255.8,17872626
2023-05-05 09:15:00,18117.3,18186.15,18117.3,18177.25,0
2023-05-05 09:45:00,18176.6,18204.95,18172.55,18199.85,0
2023-05-05 10:15:00,18199.4,18214.95,18191.75,18212.5,0
2023-05-05 10:45:00,18212.9,18216.85,18142.05,18160.7,0
2023-05-05 11:15:00,18162.05,18162.05,18113.2,18140.8,0
2023-05-05 11:45:00,18141.45,18141.45,18085.45,18137.1,0
2023-05-05 12:15:00,18137.1,18153.8,18126.95,18147.35,5881972
2023-05-05 12:45:00,18147.15,18168.4,18129.85,18153.7,11269713
2023-05-05 13:15:00,18154.05,18160.75,18126.35,18139.95,3583640
2023-05-05 13:45:00,18140.45,18143.7,18102.95,18140.75,0
2023-05-05 14:15:00,18140.75,18146.6,18104.85,18121.45,0
2023-05-05 14:45:00,18121.1,18124.25,18061.2,18071.95,0
2023-05-05 15:15:00,18071.0,18079.25,18055.7,18069.0,0
2023-05-08 09:15:00,18120.6,18196.25,18102.4,18191.85,0
2023-05-08 09:45:00,18192.25,18218.25,18190.55,18193.75,0
2023-05-08 10:15:00,18194.0,18244.65,18192.75,18244.5,0
2023-05-08 10:45:00,18244.65,18252.0,18219.3,18233.55,0
2023-05-08 11:15:00,18234.05,18253.65,18228.4,18247.9,0
2023-05-08 11:45:00,18247.65,18277.8,18247.45,18269.9,0
2023-05-08 12:15:00,18269.35,18275.85,18257.55,18274.1,5949502
2023-05-08 12:45:00,18274.3,18277.3,18257.8,18270.35,13369211
2023-05-08 13:15:00,18270.4,18283.25,18268.0,18269.25,7811308
2023-05-08 13:45:00,18270.45,18286.7,18260.5,18274.3,0
2023-05-08 14:15:00,18274.8,18278.4,18256.25,18269.7,0
2023-05-08 14:45:00,18269.7,18275.0,18246.85,18266.1,0
2023-05-08 15:15:00,18265.1,18283.7,18257.3,18264.4,0
2023-05-09 09:15:00,18303.4,18318.1,18277.6,18314.05,0
2023-05-09 09:45:00,18316.35,18332.0,18314.2,18331.2,0
2023-05-09 10:15:00,18331.2,18338.2,18318.55,18332.95,0
2023-05-09 10:45:00,18333.25,18343.9,18328.35,18330.55,0
2023-05-09 11:15:00,18330.15,18337.75,18315.85,18330.1,0
2023-05-09 11:45:00,18330.4,18336.95,18323.25,18328.25,0
2023-05-09 12:15:00,18329.3,18332.2,18318.45,18326.6,7198468
2023-05-09 12:45:00,18327.05,18327.05,18290.75,18292.85,17389691
2023-05-09 13:15:00,18292.6,18305.25,18274.3,18283.25,7331800
2023-05-09 13:45:00,18283.75,18287.55,18230.45,18260.85,0
2023-05-09 14:15:00,18260.15,18281.9,18249.2,18257.9,0
2023-05-09 14:45:00,18257.05,18281.25,18249.25,18268.35,0
2023-05-09 15:15:00,18269.15,18269.45,18253.95,18265.95,0
2023-05-10 09:15:00,18307.55,18322.3,18237.95,18238.75,0
2023-05-10 09:45:00,18238.7,18254.3,18212.55,18226.3,0
2023-05-10 10:15:00,18226.45,18272.8,18225.1,18245.0,0
2023-05-10 10:45:00,18245.85,18257.55,18237.95,18256.6,0
2023-05-10 11:15:00,18257.4,18281.65,18253.5,18273.4,0
2023-05-10 11:45:00,18272.6,18290.25,18264.7,18276.1,0
2023-05-10 12:15:00,18275.7,18290.0,18272.8,18286.3,6605000
2023-05-10 12:45:00,18286.95,18297.25,18282.8,18292.4,11030338
2023-05-10 13:15:00,18292.8,18298.95,18244.3,18267.15,7163548
2023-05-10 13:45:00,18266.9,18290.1,18253.2,18288.55,0
2023-05-10 14:15:00,18288.5,18305.15,18277.1,18286.55,0
2023-05-10 14:45:00,18286.05,18324.95,18268.55,18319.4,0
2023-05-10 15:15:00,18319.65,18326.3,18307.75,18315.1,0
2023-05-11 09:15:00,18357.8,18357.8,18290.4,18312.05,0
2023-05-11 09:45:00,18311.7,18330.5,18291.15,18323.2,0
2023-05-11 10:15:00,18323.65,18347.1,18311.6,18334.8,0
2023-05-11 10:45:00,18334.0,18350.3,18322.65,18326.55,0
2023-05-11 11:15:00,18327.4,18342.1,18316.5,18327.1,0
2023-05-11 11:45:00,18327.7,18328.05,18298.05,18307.5,0
2023-05-11 12:15:00,18306.8,18329.3,18306.3,18311.95,5533138
2023-05-11 12:45:00,18312.0,18330.0,18304.3,18320.25,12096021
2023-05-11 13:15:00,18320.9,18331.75,18309.65,18320.8,8890287
2023-05-11 13:45:00,18320.8,18328.85,18305.0,18321.75,0
2023-05-11 14:15:00,18322.8,18343.25,18311.9,18317.75,0
2023-05-11 14:45:00,18318.2,18318.2,18270.8,18298.95,0
2023-05-11 15:15:00,18298.85,18312.8,18289.9,18297.0,0
2023-05-12 09:15:00,18273.75,18273.75,18195.55,18204.0,0
2023-05-12 09:45:00,18203.25,18250.95,18194.85,18244.2,0
2023-05-12 10:15:00,18244.95,18272.9,18238.35,18270.4,0
2023-05-12 10:45:00,18270.6,18289.3,18263.15,18285.0,0
2023-05-12 11:15:00,18284.85,18290.5,18265.0,18273.6,0
2023-05-12 11:45:00,18272.9,18285.05,18272.55,18277.8,0
2023-05-12 12:15:00,18277.5,18302.4,18276.3,18297.95,6179352
2023-05-12 12:45:00,18298.05,18313.0,18294.7,18301.2,12144565
2023-05-12 13:15:00,18301.65,18321.75,18295.85,18317.0,8202646
2023-05-12 13:45:00,18317.5,18342.0,18311.15,18329.15,0
2023-05-12 14:15:00,18329.3,18338.45,18310.95,18333.0,0
2023-05-12 14:45:00,18332.5,18337.45,18308.35,18315.9,0
2023-05-12 15:15:00,18315.85,18320.3,18308.7,18314.8,0
2023-05-15 09:15:00,18339.3,18366.5,18291.5,18364.75,0
2023-05-15 09:45:00,18363.65,18386.75,18361.85,18383.45,0
2023-05-15 10:15:00,18383.75,18392.3,18374.35,18384.0,0
2023-05-15 10:45:00,18384.6,18402.2,18367.8,18397.85,0
2023-05-15 11:15:00,18397.65,18420.3,18397.35,18415.0,0
2023-05-15 11:45:00,18415.1,18422.9,18409.15,18420.0,0
2023-05-15 12:15:00,18420.15,18432.55,18414.4,18432.0,5309040
2023-05-15 12:45:00,18431.8,18437.4,18426.0,18433.8,13017040
2023-05-15 13:15:00,18433.2,18445.9,18427.4,18444.8,5721590
2023-05-15 13:45:00,18444.25,18454.2,18439.25,18451.9,0
2023-05-15 14:15:00,18451.9,18458.25,18425.5,18435.15,0
2023-05-15 14:45:00,18434.8,18444.05,18389.0,18390.0,0
2023-05-15 15:15:00,18389.6,18398.85,18384.6,18398.85,0
2023-05-16 09:15:00,18432.35,18432.35,18360.3,18395.5,0
2023-05-16 09:45:00,18396.05,18412.85,18391.55,18401.65,0
2023-05-16 10:15:00,18401.9,18406.15,18363.65,18383.5,0
2023-05-16 10:45:00,18383.55,18393.55,18371.9,18379.15,0
2023-05-16 11:15:00,18380.3,18380.9,18347.6,18360.05,0
2023-05-16 11:45:00,18359.35,18367.55,18353.4,18357.9,0
2023-05-16 12:15:00,18357.9,18368.2,18346.1,18364.45,6946048
2023-05-16 12:45:00,18364.5,18368.65,18349.75,18363.85,14608826
2023-05-16 13:15:00,18363.55,18371.9,18354.3,18357.75,5905101
2023-05-16 13:45:00,18357.6,18377.45,18336.8,18341.15,0
2023-05-16 14:15:00,18340.85,18353.6,18328.05,18339.05,0
2023-05-16 14:45:00,18340.15,18344.35,18279.3,18283.2,0
2023-05-16 15:15:00,18283.25,18290.4,18265.05,18286.5,0
2023-05-17 09:15:00,18300.45,18307.4,18249.5,18259.9,0
2023-05-17 09:45:00,18260.4,18274.3,18249.5,18268.75,0
2023-05-17 10:15:00,18267.85,18269.45,18228.25,18228.65,0
2023-05-17 10:45:00,18228.35,18233.25,18213.1,18231.0,0
2023-05-17 11:15:00,18231.2,18232.3,18181.45,18181.9,0
2023-05-17 11:45:00,18181.7,18184.7,18134.6,18147.7,0
2023-05-17 12:15:00,18148.05,18168.85,18137.25,18163.1,7430110
2023-05-17 12:45:00,18162.95,18169.8,18131.95,18132.7,13649129
2023-05-17 13:15:00,18131.6,18137.8,18115.7,18132.7,6246456
2023-05-17 13:45:00,18132.4,18152.25,18129.0,18138.8,0
2023-05-17 14:15:00,18138.7,18176.25,18132.35,18174.7,0
2023-05-17 14:45:00,18174.85,18185.65,18157.8,18184.0,0
2023-05-17 15:15:00,18183.9,18197.95,18181.75,18181.75,0
2023-05-18 09:15:00,18287.5,18296.45,18238.55,18260.15,0
2023-05-18 09:45:00,18260.7,18264.9,18214.05,18222.25,0
2023-05-18 10:15:00,18221.9,18240.2,18219.3,18234.15,0
2023-05-18 10:45:00,18234.15,18249.9,18221.3,18242.45,0
2023-05-18 11:15:00,18241.7,18256.5,18228.6,18235.4,0
2023-05-18 11:45:00,18236.4,18258.75,18221.25,18229.5,0
2023-05-18 12:15:00,18229.45,18230.15,18200.05,18202.55,6719671
2023-05-18 12:45:00,18202.65,18207.55,18182.65,18191.75,12409138
2023-05-18 13:15:00,18192.05,18213.45,18189.55,18194.4,6903741
2023-05-18 13:45:00,18194.75,18208.4,18166.3,18171.9,0
2023-05-18 14:15:00,18172.1,18186.15,18144.3,18159.3,0
2023-05-18 14:45:00,18158.25,18167.85,18105.4,18135.2,0
2023-05-18 15:15:00,18135.05,18142.0,18123.35,18129.95,0
2023-05-19 09:15:00,18186.15,18186.15,18097.75,18118.2,0
2023-05-19 09:45:00,18118.25,18127.95,18066.8,18082.5,0
2023-05-19 10:15:00,18083.35,18101.5,18060.85,18073.15,0
2023-05-19 10:45:00,18072.95,18116.55,18072.45,18114.8,0
2023-05-19 11:15:00,18115.25,18157.85,18111.3,18141.75,0
2023-05-19 11:45:00,18141.8,18158.4,18136.55,18137.9,0
2023-05-19 12:15:00,18137.9,18149.75,18098.45,18117.1,8797282
2023-05-19 12:45:00,18117.3,18134.8,18108.2,18121.15,11582603
2023-05-19 13:15:00,18121.2,18139.4,18116.35,18125.2,7609126
2023-05-19 13:45:00,18125.1,18168.55,18118.65,18164.7,0
2023-05-19 14:15:00,18164.35,18190.7,18160.8,18182.55,0
2023-05-19 14:45:00,18182.95,18217.0,18176.3,18204.25,0
2023-05-19 15:15:00,18205.25,18217.7,18201.45,18203.4,0
2023-05-22 09:15:00,18201.1,18286.1,18179.55,18284.1,0
2023-05-22 09:45:00,18282.7,18294.1,18231.1,18270.6,0
2023-05-22 10:15:00,18270.5,18288.35,18262.15,18278.65,0
2023-05-22 10:45:00,18277.8,18309.0,18277.8,18296.95,0
2023-05-22 11:15:00,18296.6,18306.65,18287.7,18304.05,0
2023-05-22 11:45:00,18304.35,18318.0,18288.65,18316.95,0
2023-05-22 12:15:00,18317.1,18325.05,18283.55,18286.45,5897292
2023-05-22 12:45:00,18286.95,18302.3,18280.4,18295.35,13139236
2023-05-22 13:15:00,18295.6,18302.35,18250.75,18261.85,5462516
2023-05-22 13:45:00,18261.7,18307.8,18261.7,18304.25,0
2023-05-22 14:15:00,18305.05,18315.05,18289.05,18291.4,0
2023-05-22 14:45:00,18292.2,18334.8,18286.3,18309.6,0
2023-05-22 15:15:00,18308.9,18318.1,18297.8,18314.4,0
2023-05-23 09:15:00,18362.9,18408.7,18353.25,18404.65,0
2023-05-23 09:45:00,18405.7,18407.8,18383.05,18391.4,0
2023-05-23 10:15:00,18391.55,18407.15,18381.15,18406.3,0
2023-05-23 10:45:00,18405.95,18412.7,18396.75,18411.85,0
2023-05-23 11:15:00,18411.7,18413.7,18390.7,18406.85,0
2023-05-23 11:45:00,18407.15,18410.0,18394.55,18406.45,0
2023-05-23 12:15:00,18406.2,18412.0,18394.8,18406.95,7143762
2023-05-23 12:45:00,18406.9,18419.75,18396.05,18398.6,14805611
2023-05-23 13:15:00,18399.3,18406.15,18388.9,18396.9,7120029
2023-05-23 13:45:00,18397.1,18409.55,18389.9,18400.35,0
2023-05-23 14:15:00,18400.8,18410.2,18374.1,18379.45,0
2023-05-23 14:45:00,18380.4,18381.35,18343.9,18343.9,0
2023-05-23 15:15:00,18344.25,18348.0,18324.45,18348.0,0
2023-05-24 09:15:00,18294.8,18338.55,18270.4,18330.0,0
2023-05-24 09:45:00,18328.35,18365.45,18326.85,18362.8,0
2023-05-24 10:15:00,18363.45,18378.6,18348.4,18374.2,0
2023-05-24 10:45:00,18374.3,18387.4,18370.75,18374.1,0
2023-05-24 11:15:00,18374.55,18392.5,18360.35,18361.85,0
2023-05-24 11:45:00,18361.8,18366.9,18341.0,18341.05,0
2023-05-24 12:15:00,18341.75,18343.85,18318.6,18323.75,6397698
2023-05-24 12:45:00,18323.5,18332.4,18301.85,18302.35,14215643
2023-05-24 13:15:00,18302.8,18323.5,18292.6,18316.25,8299751
2023-05-24 13:45:00,18315.55,18315.55,18296.75,18312.55,0
2023-05-24 14:15:00,18312.55,18325.8,18274.35,18278.7,0
2023-05-24 14:45:00,18279.55,18296.95,18263.9,18289.3,0
2023-05-24 15:15:00,18289.7,18295.25,18285.2,18285.4,0
2023-05-25 09:15:00,18268.9,18299.25,18236.5,18275.95,0
2023-05-25 09:45:00,18276.15,18303.55,18254.45,18261.85,0
2023-05-25 10:15:00,18262.55,18271.7,18242.6,18249.65,0
2023-05-25 10:45:00,18249.2,18262.55,18245.85,18252.95,0
2023-05-25 11:15:00,18253.2,18255.2,18213.35,18221.05,0
2023-05-25 11:45:00,18221.4,18247.9,18218.7,18243.9,0
2023-05-25 12:15:00,18244.1,18257.0,18229.6,18230.55,6658073
2023-05-25 12:45:00,18231.35,18245.75,18214.0,18225.45,10750046
2023-05-25 13:15:00,18225.25,18227.55,18202.8,18211.0,4624829
2023-05-25 13:45:00,18210.9,18242.05,18210.0,18241.1,0
2023-05-25 14:15:00,18241.7,18262.1,18236.05,18259.65,0
2023-05-25 14:45:00,18259.75,18337.0,18249.8,18328.7,0
2023-05-25 15:15:00,18328.2,18337.35,18321.15,18321.15,0
2023-05-26 09:15:00,18368.35,18381.65,18333.25,18381.05,0
2023-05-26 09:45:00,18380.8,18389.7,18369.5,18378.4,0
2023-05-26 10:15:00,18377.75,18400.35,18373.65,18391.1,0
2023-05-26 10:45:00,18390.55,18416.25,18385.55,18413.85,0
2023-05-26 11:15:00,18413.6,18430.2,18409.35,18430.2,0
2023-05-26 11:45:00,18430.05,18443.25,18421.65,18433.55,0
2023-05-26 12:15:00,18432.05,18440.3,18422.1,18434.6,5939810
2023-05-26 12:45:00,18434.2,18449.75,18433.55,18434.55,10836121
2023-05-26 13:15:00,18434.3,18452.0,18428.55,18451.75,4498246
2023-05-26 13:45:00,18451.75,18487.9,18450.8,18486.15,0
2023-05-26 14:15:00,18486.1,18501.15,18483.05,18483.25,0
2023-05-26 14:45:00,18483.1,18508.35,18480.2,18505.0,0
2023-05-26 15:15:00,18505.1,18505.7,18491.85,18499.35,0
2023-05-29 09:15:00,18619.15,18640.8,18596.75,18627.1,0
2023-05-29 09:45:00,18626.85,18628.1,18584.8,18588.45,0
2023-05-29 10:15:00,18589.05,18626.5,18585.05,18617.0,0
2023-05-29 10:45:00,18619.2,18633.65,18614.2,18632.8,0
2023-05-29 11:15:00,18632.45,18638.45,18616.75,18620.2,0
2023-05-29 11:45:00,18621.45,18628.8,18613.9,18617.6,0
2023-05-29 12:15:00,18618.9,18622.45,18598.7,18608.9,9338452
2023-05-29 12:45:00,18608.8,18609.05,18587.4,18595.8,13896559
2023-05-29 13:15:00,18595.7,18614.65,18595.3,18609.25,6369687
2023-05-29 13:45:00,18608.4,18625.65,18607.05,18622.8,0
2023-05-29 14:15:00,18622.65,18623.9,18581.75,18588.45,0
2023-05-29 14:45:00,18588.55,18612.8,18585.6,18599.35,0
2023-05-29 15:15:00,18599.5,18601.1,18583.2,18598.65,0
2023-05-30 09:15:00,18606.65,18649.0,18577.55,18638.9,0
2023-05-30 09:45:00,18639.55,18653.75,18628.2,18652.2,0
2023-05-30 10:15:00,18653.15,18661.8,18624.0,18628.35,0
2023-05-30 10:45:00,18628.3,18631.75,18591.25,18606.9,0
2023-05-30 11:15:00,18606.2,18625.1,18599.8,18610.95,0
2023-05-30 11:45:00,18610.35,18622.15,18598.35,18620.8,0
2023-05-30 12:15:00,18620.25,18626.95,18589.95,18590.2,9414025
2023-05-30 12:45:00,18589.75,18617.95,18587.65,18611.9,16826641
2023-05-30 13:15:00,18611.75,18622.8,18606.35,18618.55,6909766
2023-05-30 13:45:00,18618.25,18628.55,18608.3,18627.4,0
2023-05-30 14:15:00,18627.95,18646.7,18621.8,18643.35,0
2023-05-30 14:45:00,18642.9,18643.85,18616.75,18633.5,0
2023-05-30 15:15:00,18634.0,18647.35,18630.75,18633.85,0
2023-05-31 09:15:00,18594.2,18602.4,18549.65,18561.65,0
2023-05-31 09:45:00,18562.0,18576.1,18543.7,18569.15,0
2023-05-31 10:15:00,18568.2,18569.7,18532.8,18541.35,0
2023-05-31 10:45:00,18541.3,18555.55,18538.3,18550.45,0
2023-05-31 11:15:00,18550.65,18558.8,18517.3,18520.95,0
2023-05-31 11:45:00,18520.6,18520.75,18490.35,18498.7,0
2023-05-31 12:15:00,18498.65,18511.15,18483.85,18511.15,8938041
2023-05-31 12:45:00,18510.85,18515.9,18488.45,18495.5,14894126
2023-05-31 13:15:00,18494.8,18519.95,18490.05,18515.1,8080436
2023-05-31 13:45:00,18514.75,18526.05,18500.5,18509.95,0
2023-05-31 14:15:00,18509.65,18542.35,18506.8,18537.5,0
2023-05-31 14:45:00,18537.25,18556.95,18508.0,18525.9,0
2023-05-31 15:15:00,18525.05,18566.7,18509.55,18534.4,0
2023-06-01 09:15:00,18579.4,18579.4,18514.75,18565.6,0
2023-06-01 09:45:00,18566.0,18579.1,18558.85,18559.3,0
2023-06-01 10:15:00,18558.0,18576.6,18549.9,18567.6,0
2023-06-01 10:45:00,18568.4,18573.85,18557.65,18569.0,0
2023-06-01 11:15:00,18568.85,18580.05,18554.55,18559.25,0
2023-06-01 11:45:00,18559.65,18572.8,18530.7,18537.3,0
2023-06-01 12:15:00,18537.25,18561.25,18531.25,18552.05,7277885
2023-06-01 12:45:00,18552.75,18554.3,18542.8,18550.8,12254208
2023-06-01 13:15:00,18551.25,18565.3,18546.7,18550.15,16013119
2023-06-01 13:45:00,18550.2,18550.75,18519.95,18524.0,18754073
2023-06-01 14:15:00,18524.2,18531.4,18509.75,18512.4,22129305
2023-06-01 14:45:00,18512.35,18530.15,18491.3,18491.35,13495645
2023-06-01 15:15:00,18490.75,18490.75,18465.2,18487.75,0
2023-06-02 09:15:00,18550.85,18573.25,18541.45,18551.55,0
2023-06-02 09:45:00,18552.6,18556.1,18485.85,18492.3,0
2023-06-02 10:15:00,18492.4,18508.55,18478.5,18505.2,0
2023-06-02 10:45:00,18505.35,18519.7,18500.1,18515.25,0
2023-06-02 11:15:00,18515.15,18530.0,18503.75,18521.75,0
2023-06-02 11:45:00,18521.8,18537.75,18516.9,18528.15,0
2023-06-02 12:15:00,18527.55,18537.35,18515.2,18528.8,6219636
2023-06-02 12:45:00,18528.45,18553.25,18527.0,18545.3,13085474
2023-06-02 13:15:00,18544.9,18564.15,18541.3,18560.85,13138424
2023-06-02 13:45:00,18561.25,18567.5,18535.15,18540.8,14050815
2023-06-02 14:15:00,18540.95,18540.95,18495.55,18514.3,27160119
2023-06-02 14:45:00,18514.5,18556.1,18514.05,18537.25,12821510
2023-06-02 15:15:00,18537.55,18538.5,18511.95,18534.1,0
2023-06-05 09:15:00,18614.4,18635.05,18583.3,18605.3,0
2023-06-05 09:45:00,18605.0,18623.9,18604.8,18618.3,0
2023-06-05 10:15:00,18617.75,18630.25,18609.2,18615.05,0
2023-06-05 10:45:00,18615.8,18636.35,18614.2,18631.5,0
2023-06-05 11:15:00,18631.3,18639.4,18622.05,18625.65,0
2023-06-05 11:45:00,18625.3,18631.75,18616.2,18625.9,0
2023-06-05 12:15:00,18626.4,18629.3,18606.25,18611.1,5476496
2023-06-05 12:45:00,18610.9,18615.9,18602.95,18606.55,11346154
2023-06-05 13:15:00,18606.4,18619.65,18605.25,18610.1,13617818
2023-06-05 13:45:00,18610.25,18629.65,18606.1,18617.9,20630513
2023-06-05 14:15:00,18618.6,18624.55,18610.95,18617.1,16889085
2023-06-05 14:45:00,18617.05,18621.25,18585.95,18593.25,10958487
2023-06-05 15:15:00,18593.55,18603.6,18585.45,18593.85,0
2023-06-06 09:15:00,18600.8,18617.75,18583.85,18610.15,0
2023-06-06 09:45:00,18610.55,18612.65,18571.5,18580.6,0
2023-06-06 10:15:00,18580.6,18581.5,18564.8,18565.1,0
2023-06-06 10:45:00,18564.95,18568.7,18545.7,18551.4,0
2023-06-06 11:15:00,18550.8,18560.0,18539.65,18546.05,0
2023-06-06 11:45:00,18545.8,18547.85,18531.95,18541.6,0
2023-06-06 12:15:00,18541.1,18555.1,18534.3,18547.0,7949213
2023-06-06 12:45:00,18546.55,18559.25,18540.55,18556.65,12320809
2023-06-06 13:15:00,18556.95,18566.7,18543.55,18558.4,10253794
2023-06-06 13:45:00,18558.1,18565.5,18542.95,18551.55,11246891
2023-06-06 14:15:00,18551.15,18564.2,18549.95,18551.15,15021041
2023-06-06 14:45:00,18551.1,18613.15,18549.5,18608.6,7057878
2023-06-06 15:15:00,18609.3,18622.05,18599.0,18599.0,0
2023-06-07 09:15:00,18665.6,18675.4,18637.05,18662.55,0
2023-06-07 09:45:00,18663.35,18663.35,18646.05,18661.2,0
2023-06-07 10:15:00,18660.9,18666.4,18646.2,18646.25,0
2023-06-07 10:45:00,18646.25,18665.8,18636.5,18661.6,0
2023-06-07 11:15:00,18661.25,18667.95,18647.25,18653.9,0
2023-06-07 11:45:00,18653.4,18666.95,18652.8,18657.7,0
2023-06-07 12:15:00,18656.85,18670.65,18655.4,18669.2,6111056
2023-06-07 12:45:00,18669.6,18686.05,18668.55,18682.65,16646270
2023-06-07 13:15:00,18682.3,18684.8,18664.05,18669.85,14603580
2023-06-07 13:45:00,18670.0,18693.8,18665.8,18685.65,18042034
2023-06-07 14:15:00,18685.85,18716.5,18684.25,18715.0,24635708
2023-06-07 14:45:00,18715.05,18729.95,18705.1,18726.95,9932149
2023-06-07 15:15:00,18727.1,18738.75,18718.55,18726.4,0
2023-06-08 09:15:00,18725.35,18752.05,18724.6,18740.85,0
2023-06-08 09:45:00,18739.95,18760.65,18739.95,18753.3,0
2023-06-08 10:15:00,18753.35,18775.35,18752.8,18770.3,0
2023-06-08 10:45:00,18769.6,18777.8,18764.55,18765.85,0
2023-06-08 11:15:00,18766.0,18770.65,18727.65,18727.65,0
2023-06-08 11:45:00,18727.7,18736.3,18685.25,18701.35,0
2023-06-08 12:15:00,18700.9,18708.9,18681.9,18697.3,8290533
2023-06-08 12:45:00,18697.0,18700.65,18676.4,18684.4,12122742
2023-06-08 13:15:00,18684.7,18702.9,18680.95,18702.9,15091319
2023-06-08 13:45:00,18703.0,18723.75,18682.0,18692.65,18810220
2023-06-08 14:15:00,18692.5,18695.7,18674.75,18683.75,15448120
2023-06-08 14:45:00,18684.0,18685.5,18624.25,18624.6,12760762
2023-06-08 15:15:00,18624.5,18651.6,18615.95,18634.55,0
2023-06-09 09:15:00,18655.9,18676.25,18609.75,18623.75,0
2023-06-09 09:45:00,18624.05,18665.3,18623.95,18641.2,0
2023-06-09 10:15:00,18640.4,18641.8,18617.95,18627.0,0
2023-06-09 10:45:00,18626.65,18627.3,18600.5,18612.05,0
2023-06-09 11:15:00,18612.1,18629.95,18612.1,18624.2,0
2023-06-09 11:45:00,18624.2,18638.45,18619.3,18634.75,0
2023-06-09 12:15:00,18634.65,18646.1,18615.95,18616.8,6578630
2023-06-09 12:45:00,18616.9,18616.95,18596.0,18610.5,15112635
2023-06-09 13:15:00,18609.65,18615.5,18584.8,18599.3,13118096
2023-06-09 13:45:00,18599.7,18603.9,18570.4,18575.35,12041613
2023-06-09 14:15:00,18573.85,18592.65,18555.4,18572.65,17053335
2023-06-09 14:45:00,18572.7,18578.8,18560.4,18564.35,9327751
2023-06-09 15:15:00,18564.25,18571.35,18557.25,18563.4,0
2023-06-12 09:15:00,18595.05,18622.95,18560.8,18582.0,0
2023-06-12 09:45:00,18583.45,18590.9,18568.8,18578.35,0
2023-06-12 10:15:00,18579.0,18612.1,18575.0,18593.85,0
2023-06-12 10:45:00,18593.7,18611.1,18590.1,18610.3,0
2023-06-12 11:15:00,18610.55,18613.8,18599.0,18609.6,0
2023-06-12 11:45:00,18609.3,18620.75,18603.95,18605.9,0
2023-06-12 12:15:00,18605.9,18607.5,18578.85,18591.75,5630216
2023-06-12 12:45:00,18592.05,18603.55,18586.75,18600.75,8726575
2023-06-12 13:15:00,18600.85,18613.4,18600.85,18605.55,9070208
2023-06-12 13:45:00,18605.15,18620.65,18600.8,18620.65,10395999
2023-06-12 14:15:00,18620.6,18625.1,18591.4,18606.15,13424812
2023-06-12 14:45:00,18606.55,18623.75,18593.85,18596.7,8666758
2023-06-12 15:15:00,18597.25,18615.55,18593.8,18601.5,0
2023-06-13 09:15:00,18631.8,18698.05,18631.8,18697.35,0
2023-06-13 09:45:00,18697.65,18703.4,18687.25,18698.55,0
2023-06-13 10:15:00,18698.2,18703.9,18692.25,18701.45,0
2023-06-13 10:45:00,18701.6,18711.4,18690.05,18707.5,0
2023-06-13 11:15:00,18707.05,18718.4,18705.8,18709.85,0
2023-06-13 11:45:00,18710.0,18713.55,18699.85,18709.45,0
2023-06-13 12:15:00,18709.85,18714.4,18702.85,18709.6,5256427
2023-06-13 12:45:00,18709.85,18714.75,18702.15,18712.6,16107061
2023-06-13 13:15:00,18711.8,18714.4,18701.2,18709.8,12448665
2023-06-13 13:45:00,18709.85,18715.05,18683.4,18694.9,15964919
2023-06-13 14:15:00,18694.2,18700.1,18686.4,18691.6,18025488
2023-06-13 14:45:00,18692.05,18722.45,18690.1,18719.35,8828966
2023-06-13 15:15:00,18718.7,18727.75,18714.0,18716.15,0
2023-06-14 09:15:00,18744.6,18745.7,18690.6,18701.6,0
2023-06-14 09:45:00,18700.1,18717.4,18696.5,18707.55,0
2023-06-14 10:15:00,18707.75,18720.8,18702.5,18717.35,0
2023-06-14 10:45:00,18717.55,18741.35,18717.4,18726.4,0
2023-06-14 11:15:00,18727.1,18733.95,18723.65,18727.0,0
2023-06-14 11:45:00,18727.8,18745.6,18725.95,18743.95,0
2023-06-14 12:15:00,18744.15,18749.6,18737.45,18738.2,9166105
2023-06-14 12:45:00,18739.05,18758.8,18738.65,18757.6,17558911
2023-06-14 13:15:00,18757.4,18768.6,18751.2,18762.1,24152823
2023-06-14 13:45:00,18763.35,18767.9,18755.0,18766.05,16335827
2023-06-14 14:15:00,18766.75,18767.6,18748.25,18757.75,16804463
2023-06-14 14:45:00,18757.85,18769.5,18750.05,18758.4,9656889
2023-06-14 15:15:00,18758.55,18760.7,18745.1,18755.9,0
2023-06-15 09:15:00,18774.45,18774.45,18722.25,18742.0,0
2023-06-15 09:45:00,18742.5,18783.2,18741.05,18776.4,0
2023-06-15 10:15:00,18775.65,18793.9,18772.85,18781.8,0
2023-06-15 10:45:00,18781.65,18787.95,18759.9,18762.3,0
2023-06-15 11:15:00,18762.4,18762.6,18714.55,18721.75,0
2023-06-15 11:45:00,18721.6,18734.45,18710.65,18727.1,0
2023-06-15 12:15:00,18726.55,18746.35,18720.2,18724.15,8458176
2023-06-15 12:45:00,18723.65,18740.5,18715.4,18723.3,14862768
2023-06-15 13:15:00,18723.5,18757.35,18717.15,18740.15,15718247
2023-06-15 13:45:00,18739.9,18748.7,18703.35,18705.8,19438487
2023-06-15 14:15:00,18705.15,18714.1,18682.35,18689.8,22052408
2023-06-15 14:45:00,18689.4,18702.45,18669.05,18682.65,15569971
2023-06-15 15:15:00,18684.1,18690.25,18678.85,18688.1,0
2023-06-16 09:15:00,18723.3,18770.85,18712.7,18768.3,0
2023-06-16 09:45:00,18768.35,18775.2,18746.15,18765.05,0
2023-06-16 10:15:00,18765.05,18785.3,18765.05,18777.5,0
2023-06-16 10:45:00,18776.5,18777.15,18759.1,18762.3,0
2023-06-16 11:15:00,18762.9,18770.8,18747.75,18766.9,0
2023-06-16 11:45:00,18766.5,18777.9,18763.75,18765.2,0
2023-06-16 12:15:00,18765.15,18768.35,18747.35,18750.45,4915504
2023-06-16 12:45:00,18751.25,18766.5,18747.9,18764.4,12319736
2023-06-16 13:15:00,18764.05,18770.2,18757.55,18767.9,9898227
2023-06-16 13:45:00,18769.05,18790.95,18756.0,18789.85,12886109
2023-06-16 14:15:00,18790.05,18826.15,18790.05,18823.9,21611823
2023-06-16 14:45:00,18824.45,18864.7,18819.65,18823.0,13738776
2023-06-16 15:15:00,18823.05,18827.5,18807.4,18826.0,0
2023-06-19 09:15:00,18873.3,18879.0,18834.2,18840.85,0
2023-06-19 09:45:00,18840.65,18844.65,18816.05,18827.05,0
2023-06-19 10:15:00,18827.05,18828.35,18789.9,18799.6,0
2023-06-19 10:45:00,18800.4,18800.4,18767.7,18779.25,0
2023-06-19 11:15:00,18779.35,18786.6,18769.5,18779.1,0
2023-06-19 11:45:00,18779.55,18785.85,18762.2,18780.45,0
2023-06-19 12:15:00,18780.1,18796.45,18779.65,18781.15,4749662
2023-06-19 12:45:00,18781.6,18796.5,18755.3,18759.25,15496138
2023-06-19 13:15:00,18759.0,18762.5,18719.15,18733.0,15855369
2023-06-19 13:45:00,18734.65,18747.85,18725.1,18734.1,11183481
2023-06-19 14:15:00,18734.2,18773.85,18728.95,18768.35,16455174
2023-06-19 14:45:00,18770.4,18786.0,18746.9,18760.5,11462937
2023-06-19 15:15:00,18761.1,18763.65,18746.85,18755.45,0
2023-06-20 09:15:00,18752.35,18758.65,18669.4,18688.2,0
2023-06-20 09:45:00,18689.4,18712.35,18688.8,18695.55,0
2023-06-20 10:15:00,18695.05,18695.4,18661.15,18672.1,0
2023-06-20 10:45:00,18671.9,18701.75,18670.55,18699.9,0
2023-06-20 11:15:00,18699.1,18729.9,18696.0,18721.45,0
2023-06-20 11:45:00,18720.55,18731.25,18707.8,18717.25,0
2023-06-20 12:15:00,18716.65,18729.5,18712.5,18727.0,6086477
2023-06-20 12:45:00,18726.65,18753.8,18720.05,18743.45,16196263
2023-06-20 13:15:00,18743.05,18763.75,18735.85,18748.6,14372710
2023-06-20 13:45:00,18748.5,18758.25,18733.25,18752.5,14898783
2023-06-20 14:15:00,18752.0,18777.35,18743.9,18757.6,16510956
2023-06-20 14:45:00,18757.7,18825.25,18755.15,18820.4,8031123
2023-06-20 15:15:00,18819.5,18838.35,18816.7,18816.7,0
2023-06-21 09:15:00,18849.4,18864.25,18809.15,18852.9,0
2023-06-21 09:45:00,18853.75,18875.65,18851.05,18869.5,0
2023-06-21 10:15:00,18870.75,18870.75,18828.65,18828.85,0
2023-06-21 10:45:00,18828.05,18836.4,18800.1,18800.9,0
2023-06-21 11:15:00,18801.55,18832.15,18794.9,18823.75,0
2023-06-21 11:45:00,18824.35,18835.95,18819.0,18830.15,0
2023-06-21 12:15:00,18830.3,18842.6,18820.0,18842.15,4983805
2023-06-21 12:45:00,18842.8,18856.8,18838.15,18853.4,13019529
2023-06-21 13:15:00,18853.55,18858.0,18847.4,18849.2,14623132
2023-06-21 13:45:00,18849.6,18868.3,18844.15,18865.25,14342240
2023-06-21 14:15:00,18865.8,18865.8,18826.95,18841.75,16104093
2023-06-21 14:45:00,18842.25,18866.1,18839.8,18861.15,8298372
2023-06-21 15:15:00,18861.7,18865.9,18849.7,18856.85,0
2023-06-22 09:15:00,18853.6,18881.5,18833.35,18862.5,0
2023-06-22 09:45:00,18863.3,18868.0,18845.4,18862.75,0
2023-06-22 10:15:00,18863.85,18886.05,18857.75,18868.6,0
2023-06-22 10:45:00,18868.55,18870.4,18845.45,18852.3,0
2023-06-22 11:15:00,18852.05,18856.8,18827.7,18835.6,0
2023-06-22 11:45:00,18834.9,18840.95,18806.55,18812.25,0
2023-06-22 12:15:00,18812.0,18833.1,18801.85,18813.5,8331747
2023-06-22 12:45:00,18813.8,18817.75,18778.0,18803.3,14618816
2023-06-22 13:15:00,18803.25,18860.35,18798.8,18856.15,8404708
2023-06-22 13:45:00,18857.6,18862.55,18831.1,18835.95,0
2023-06-22 14:15:00,18836.7,18836.7,18770.05,18801.95,0
2023-06-22 14:45:00,18802.65,18816.95,18763.2,18766.4,0
2023-06-22 15:15:00,18766.3,18779.65,18760.6,18771.25,0
2023-06-23 09:15:00,18741.85,18751.2,18647.45,18655.45,0
2023-06-23 09:45:00,18656.7,18707.05,18656.7,18690.5,0
2023-06-23 10:15:00,18691.2,18729.2,18685.95,18709.25,0
2023-06-23 10:45:00,18709.05,18711.95,18681.65,18708.4,0
2023-06-23 11:15:00,18708.8,18717.6,18690.1,18708.4,0
2023-06-23 11:45:00,18709.85,18728.65,18707.35,18717.0,0
2023-06-23 12:15:00,18717.35,18746.45,18713.15,18744.6,0
2023-06-23 12:45:00,18745.35,18747.95,18703.9,18718.0,0
2023-06-23 13:15:00,18718.7,18723.6,18700.4,18709.15,0
2023-06-23 13:45:00,18709.45,18725.0,18683.95,18689.6,0
2023-06-23 14:15:00,18688.95,18706.15,18669.1,18691.55,0
2023-06-23 14:45:00,18690.85,18705.45,18666.85,18666.85,0
2023-06-23 15:15:00,18666.7,18671.1,18652.35,18665.5,0
2023-06-26 09:15:00,18682.35,18721.75,18657.9,18710.6,0
2023-06-26 09:45:00,18710.9,18716.25,18658.1,18672.05,0
2023-06-26 10:15:00,18672.1,18682.05,18656.6,18659.45,0
2023-06-26 10:45:00,18659.5,18680.6,18653.05,18667.0,0
2023-06-26 11:15:00,18667.55,18691.45,18661.9,18680.4,0
2023-06-26 11:45:00,18680.7,18689.35,18674.6,18685.5,0
2023-06-26 12:15:00,18685.3,18692.45,18671.95,18673.6,0
2023-06-26 12:45:00,18673.8,18674.6,18647.65,18662.6,0
2023-06-26 13:15:00,18662.35,18678.75,18660.7,18661.15,0
2023-06-26 13:45:00,18662.2,18672.0,18649.15,18666.15,0
2023-06-26 14:15:00,18667.15,18677.0,18649.2,18664.0,0
2023-06-26 14:45:00,18663.85,18706.15,18663.85,18696.35,0
2023-06-26 15:15:00,18696.65,18702.35,18675.25,18691.2,0
2023-06-27 09:15:00,18748.55,18762.95,18731.45,18735.35,0
2023-06-27 09:45:00,18735.4,18737.65,18724.25,18730.7,0
2023-06-27 10:15:00,18730.85,18736.5,18716.35,18723.45,0
2023-06-27 10:45:00,18722.95,18727.0,18714.5,18722.3,0
2023-06-27 11:15:00,18722.3,18741.3,18721.1,18736.05,0
2023-06-27 11:45:00,18735.7,18752.15,18732.7,18750.6,0
2023-06-27 12:15:00,18750.35,18752.3,18742.6,18746.95,0
2023-06-27 12:45:00,18747.0,18751.35,18729.3,18742.95,0
2023-06-27 13:15:00,18743.1,18752.55,18740.45,18749.6,0
2023-06-27 13:45:00,18749.1,18775.55,18744.2,18775.4,0
2023-06-27 14:15:00,18774.95,18800.55,18771.75,18772.25,0
2023-06-27 14:45:00,18772.3,18829.15,18770.35,18824.8,0
2023-06-27 15:15:00,18824.95,18825.45,18811.1,18817.4,0
2023-06-28 09:15:00,18908.15,18908.15,18861.45,18870.15,0
2023-06-28 09:45:00,18869.75,18897.1,18868.65,18888.3,0
2023-06-28 10:15:00,18888.3,18922.45,18883.5,18920.35,0
2023-06-28 10:45:00,18920.3,18940.2,18915.3,18939.5,0
2023-06-28 11:15:00,18939.3,18961.4,18933.85,18956.85,0
2023-06-28 11:45:00,18956.05,18981.15,18956.05,18956.6,0
2023-06-28 12:15:00,18957.0,18976.3,18953.35,18961.0,0
2023-06-28 12:45:00,18960.9,18994.9,18958.05,18994.9,0
2023-06-28 13:15:00,18994.2,19010.1,18986.15,19008.15,0
2023-06-28 13:45:00,19009.6,19010.4,18977.95,18979.55,0
2023-06-28 14:15:00,18979.75,19007.95,18970.35,18977.8,0
2023-06-28 14:45:00,18978.5,18989.35,18944.75,18972.95,0
2023-06-28 15:15:00,18973.5,18995.9,18965.55,18972.1,0
2023-06-30 09:15:00,19076.85,19107.45,19028.15,19102.95,0
2023-06-30 09:45:00,19104.0,19104.0,19075.4,19090.25,0
2023-06-30 10:15:00,19090.75,19098.15,19075.4,19089.8,0
2023-06-30 10:45:00,19089.45,19102.6,19086.7,19095.8,0
2023-06-30 11:15:00,19094.75,19118.55,19092.35,19117.1,0
2023-06-30 11:45:00,19118.55,19121.05,19100.2,19118.3,0
2023-06-30 12:15:00,19118.15,19138.1,19111.05,19130.9,0
2023-06-30 12:45:00,19130.8,19151.05,19123.25,19145.4,0
2023-06-30 13:15:00,19145.7,19159.6,19141.1,19149.2,0
2023-06-30 13:45:00,19149.6,19158.65,19137.7,19144.75,0
2023-06-30 14:15:00,19145.2,19169.85,19141.2,19167.2,0
2023-06-30 14:45:00,19167.95,19194.6,19159.5,19194.25,0
2023-06-30 15:15:00,19194.45,19201.1,19181.2,19189.05,0
2023-07-03 09:15:00,19253.3,19318.0,19234.4,19305.55,34661601
2023-07-03 09:45:00,19306.95,19331.15,19298.15,19323.4,22197315
2023-07-03 10:15:00,19323.35,19335.65,19303.0,19310.45,13365594
2023-07-03 10:45:00,19309.55,19314.3,19265.65,19267.1,0
2023-07-03 11:15:00,19267.5,19290.1,19253.55,19289.75,0
2023-07-03 11:45:00,19289.7,19307.05,19284.8,19303.3,0
2023-07-03 12:15:00,19304.35,19322.15,19299.6,19319.2,0
2023-07-03 12:45:00,19320.2,19329.2,19307.45,19319.3,0
2023-07-03 13:15:00,19320.3,19327.1,19300.75,19320.0,0
2023-07-03 13:45:00,19320.4,19327.1,19302.75,19304.6,0
2023-07-03 14:15:00,19304.2,19329.85,19304.2,19312.45,0
2023-07-03 14:45:00,19312.95,19319.15,19288.6,19316.55,14702046
2023-07-03 15:15:00,19316.4,19345.1,19314.75,19322.55,23464612
2023-07-04 09:15:00,19406.6,19412.35,19346.85,19348.15,0
2023-07-04 09:45:00,19346.8,19362.6,19300.25,19325.35,0
2023-07-04 10:15:00,19326.8,19344.45,19314.95,19344.05,0
2023-07-04 10:45:00,19343.3,19349.6,19326.7,19340.75,0
2023-07-04 11:15:00,19341.6,19350.8,19333.3,19348.8,0
2023-07-04 11:45:00,19349.5,19378.5,19343.3,19377.0,0
2023-07-04 12:15:00,19376.2,19398.55,19375.0,19398.55,0
2023-07-04 12:45:00,19398.05,19402.15,19383.8,19392.9,0
2023-07-04 13:15:00,19393.0,19433.55,19389.4,19420.7,0
2023-07-04 13:45:00,19420.0,19429.75,19372.3,19372.65,0
2023-07-04 14:15:00,19372.0,19398.8,19358.7,19390.9,0
2023-07-04 14:45:00,19390.8,19400.5,19370.0,19389.95,0
2023-07-04 15:15:00,19389.65,19395.9,19378.7,19389.0,0
2023-07-05 09:15:00,19405.95,19421.25,19349.55,19378.65,0
2023-07-05 09:45:00,19378.2,19398.15,19367.35,19389.05,0
2023-07-05 10:15:00,19389.15,19393.0,19360.65,19376.8,0
2023-07-05 10:45:00,19376.35,19390.55,19366.05,19374.0,0
2023-07-05 11:15:00,19373.15,19403.5,19367.85,19393.7,0
2023-07-05 11:45:00,19393.9,19404.5,19384.65,19392.65,0
2023-07-05 12:15:00,19392.6,19396.15,19378.65,19383.7,0
2023-07-05 12:45:00,19382.95,19390.45,19373.1,19388.55,0
2023-07-05 13:15:00,19388.85,19390.0,19349.65,19379.45,0
2023-07-05 13:45:00,19378.6,19390.35,19367.05,19380.85,0
2023-07-05 14:15:00,19381.0,19385.2,19340.55,19345.9,0
2023-07-05 14:45:00,19345.5,19410.65,19342.95,19410.65,0
2023-07-05 15:15:00,19409.95,19420.05,19398.5,19398.5,0
2023-07-06 09:15:00,19385.7,19423.35,19374.9,19404.3,0
2023-07-06 09:45:00,19404.4,19452.9,19404.4,19449.85,0
2023-07-06 10:15:00,19449.7,19463.6,19433.1,19440.95,0
2023-07-06 10:45:00,19443.45,19466.6,19440.5,19457.7,0
2023-07-06 11:15:00,19457.2,19471.95,19449.25,19463.1,0
2023-07-06 11:45:00,19463.4,19472.05,19447.35,19450.2,0
2023-07-06 12:15:00,19450.1,19458.55,19437.25,19437.25,0
2023-07-06 12:45:00,19439.35,19465.9,19437.65,19450.2,0
2023-07-06 13:15:00,19450.95,19461.15,19441.25,19448.7,0
2023-07-06 13:45:00,19449.7,19464.05,19440.1,19458.0,0
2023-07-06 14:15:00,19458.9,19490.55,19447.8,19486.95,0
2023-07-06 14:45:00,19487.05,19511.95,19483.35,19505.45,0
2023-07-06 15:15:00,19505.8,19506.15,19483.25,19497.3,0
2023-07-07 09:15:00,19422.8,19500.9,19422.8,19491.3,0
2023-07-07 09:45:00,19491.1,19523.45,19484.7,19496.55,0
2023-07-07 10:15:00,19496.1,19496.5,19445.45,19445.7,0
2023-07-07 10:45:00,19445.55,19445.55,19406.4,19426.75,0
2023-07-07 11:15:00,19426.75,19440.75,19380.7,19389.6,0
2023-07-07 11:45:00,19390.1,19401.2,19362.55,19380.5,0
2023-07-07 12:15:00,19380.65,19385.85,19350.4,19359.6,0
2023-07-07 12:45:00,19359.85,19375.35,19354.3,19355.9,0
2023-07-07 13:15:00,19355.9,19384.1,19353.6,19358.05,0
2023-07-07 13:45:00,19357.75,19376.2,19345.5,19372.1,0
2023-07-07 14:15:00,19372.4,19417.25,19368.75,19415.5,0
2023-07-07 14:45:00,19415.15,19418.9,19324.3,19325.65,0
2023-07-07 15:15:00,19325.65,19331.8,19304.95,19331.8,0
2023-07-10 09:15:00,19400.35,19406.35,19347.3,19395.2,0
2023-07-10 09:45:00,19395.65,19416.15,19383.5,19413.15,0
2023-07-10 10:15:00,19413.25,19435.75,19406.6,19431.25,0
2023-07-10 10:45:00,19429.6,19433.1,19387.0,19389.8,0
2023-07-10 11:15:00,19389.8,19389.8,19340.3,19358.15,0
2023-07-10 11:45:00,19358.35,19366.75,19332.75,19350.4,0
2023-07-10 12:15:00,19351.25,19384.9,19349.15,19377.0,0
2023-07-10 12:45:00,19377.9,19394.1,19370.7,19393.05,0
2023-07-10 13:15:00,19394.1,19402.85,19378.2,19396.95,0
2023-07-10 13:45:00,19398.0,19405.4,19378.05,19397.0,0
2023-07-10 14:15:00,19398.55,19398.55,19356.8,19358.1,0
2023-07-10 14:45:00,19357.95,19369.7,19327.4,19355.8,0
2023-07-10 15:15:00,19356.35,19372.15,19353.75,19355.9,0
2023-07-11 09:15:00,19427.1,19469.6,19408.8,19469.6,0
2023-07-11 09:45:00,19469.35,19487.65,19469.2,19473.15,0
2023-07-11 10:15:00,19472.7,19495.95,19463.0,19493.95,0
2023-07-11 10:45:00,19493.25,19501.3,19484.35,19500.55,0
2023-07-11 11:15:00,19500.65,19503.9,19486.75,19499.55,0
2023-07-11 11:45:00,19496.05,19513.95,19489.3,19493.35,0
2023-07-11 12:15:00,19492.0,19492.5,19474.1,19484.75,0
2023-07-11 12:45:00,19484.1,19498.55,19476.25,19486.65,0
2023-07-11 13:15:00,19486.4,19492.55,19466.7,19469.0,0
2023-07-11 13:45:00,19468.95,19477.45,19454.3,19459.0,0
2023-07-11 14:15:00,19458.15,19458.7,19433.4,19437.0,0
2023-07-11 14:45:00,19437.1,19460.1,19419.3,19428.15,0
2023-07-11 15:15:00,19428.3,19453.05,19427.1,19439.4,0
2023-07-12 09:15:00,19497.45,19497.45,19434.85,19468.6,0
2023-07-12 09:45:00,19469.25,19483.95,19448.85,19464.95,0
2023-07-12 10:15:00,19464.65,19468.2,19423.55,19465.95,0
2023-07-12 10:45:00,19465.7,19479.2,19454.45,19454.9,0
2023-07-12 11:15:00,19454.4,19458.9,19417.75,19418.6,0
2023-07-12 11:45:00,19417.35,19424.65,19401.8,19419.75,0
2023-07-12 12:15:00,19419.3,19431.5,19402.65,19430.9,0
2023-07-12 12:45:00,19431.4,19454.85,19416.7,19453.1,0
2023-07-12 13:15:00,19452.1,19455.8,19432.3,19448.6,0
2023-07-12 13:45:00,19448.6,19462.15,19442.9,19443.05,0
2023-07-12 14:15:00,19442.6,19462.0,19434.0,19446.35,0
2023-07-12 14:45:00,19445.75,19457.05,19366.75,19371.7,0
2023-07-12 15:15:00,19371.45,19386.5,19362.65,19384.3,0
2023-07-13 09:15:00,19495.2,19524.05,19451.6,19524.0,0
2023-07-13 09:45:00,19523.15,19566.0,19522.4,19560.4,0
2023-07-13 10:15:00,19559.85,19566.45,19536.95,19549.6,0
2023-07-13 10:45:00,19549.05,19558.3,19536.9,19553.65,0
2023-07-13 11:15:00,19554.65,19565.5,19545.55,19554.1,0
2023-07-13 11:45:00,19554.45,19566.4,19542.6,19548.85,0
2023-07-13 12:15:00,19549.55,19555.9,19527.05,19536.3,0
2023-07-13 12:45:00,19536.65,19550.1,19531.15,19545.95,0
2023-07-13 13:15:00,19546.75,19549.15,19515.7,19516.15,0
2023-07-13 13:45:00,19515.05,19525.75,19444.8,19450.3,0
2023-07-13 14:15:00,19450.3,19481.0,19412.4,19415.95,0
2023-07-13 14:45:00,19413.25,19431.5,19386.6,19418.45,0
2023-07-13 15:15:00,19418.45,19445.3,19413.75,19413.75,0
2023-07-14 09:15:00,19493.45,19519.6,19451.65,19464.3,0
2023-07-14 09:45:00,19463.05,19474.7,19441.45,19451.9,0
2023-07-14 10:15:00,19452.35,19473.3,19434.15,19465.15,0
2023-07-14 10:45:00,19465.9,19475.4,19438.85,19472.5,0
2023-07-14 11:15:00,19472.0,19494.45,19462.25,19463.95,0
2023-07-14 11:45:00,19463.6,19486.25,19452.6,19485.3,0
2023-07-14 12:15:00,19485.4,19493.7,19468.9,19492.1,0
2023-07-14 12:45:00,19492.45,19503.25,19473.75,19501.4,0
2023-07-14 13:15:00,19501.55,19508.15,19467.3,19499.0,0
2023-07-14 13:45:00,19499.15,19520.05,19477.35,19512.2,0
2023-07-14 14:15:00,19512.3,19520.4,19487.5,19502.2,0
2023-07-14 14:45:00,19503.05,19567.85,19482.95,19566.45,0
2023-07-14 15:15:00,19567.4,19594.55,19563.8,19564.5,0
2023-07-17 09:15:00,19612.15,19612.15,19563.7,19586.75,0
2023-07-17 09:45:00,19587.45,19631.65,19587.1,19631.4,0
2023-07-17 10:15:00,19632.6,19641.05,19601.15,19615.05,0
2023-07-17 10:45:00,19615.95,19632.15,19611.05,19620.15,0
2023-07-17 11:15:00,19619.8,19626.6,19598.85,19617.4,0
2023-07-17 11:45:00,19617.65,19634.5,19605.35,19628.95,0
2023-07-17 12:15:00,19629.25,19651.75,19618.85,19624.85,0
2023-07-17 12:45:00,19625.75,19655.5,19623.1,19646.9,0
2023-07-17 13:15:00,19647.45,19666.4,19637.55,19661.1,0
2023-07-17 13:45:00,19660.6,19673.05,19647.35,19648.3,0
2023-07-17 14:15:00,19649.3,19675.25,19648.6,19671.7,0
2023-07-17 14:45:00,19672.2,19730.15,19654.95,19730.15,0
2023-07-17 15:15:00,19730.25,19731.55,19711.45,19711.45,0
2023-07-18 09:15:00,19787.5,19810.2,19741.0,19749.4,0
2023-07-18 09:45:00,19749.5,19777.95,19748.55,19763.6,0
2023-07-18 10:15:00,19762.5,19785.35,19758.8,19769.7,0
2023-07-18 10:45:00,19769.8,19817.75,19764.4,19806.95,0
2023-07-18 11:15:00,19807.4,19807.95,19701.25,19707.6,0
2023-07-18 11:45:00,19707.55,19732.95,19690.25,19702.9,0
2023-07-18 12:15:00,19704.0,19756.0,19691.75,19748.9,0
2023-07-18 12:45:00,19749.55,19761.3,19707.7,19717.9,0
2023-07-18 13:15:00,19718.15,19742.25,19706.7,19738.65,0
2023-07-18 13:45:00,19739.65,19778.6,19737.45,19760.3,0
2023-07-18 14:15:00,19760.2,19763.7,19720.55,19743.8,0
2023-07-18 14:45:00,19743.65,19762.25,19714.05,19743.55,0
2023-07-18 15:15:00,19742.55,19759.95,19741.6,19749.25,0
2023-07-19 09:15:00,19802.95,19828.75,19787.95,19805.3,0
2023-07-19 09:45:00,19805.4,19841.15,19804.45,19826.15,0
2023-07-19 10:15:00,19825.85,19827.9,19776.65,19780.0,0
2023-07-19 10:45:00,19780.6,19788.5,19745.25,19746.15,0
2023-07-19 11:15:00,19745.7,19761.15,19731.55,19749.75,0
2023-07-19 11:45:00,19749.75,19755.25,19727.55,19736.6,0
2023-07-19 12:15:00,19736.8,19780.9,19735.9,19777.8,0
2023-07-19 12:45:00,19778.15,19790.9,19770.65,19788.95,0
2023-07-19 13:15:00,19788.5,19798.55,19763.9,19785.3,0
2023-07-19 13:45:00,19785.0,19801.5,19774.65,19781.1,0
2023-07-19 14:15:00,19780.8,19786.0,19758.75,19773.3,0
2023-07-19 14:45:00,19771.85,19838.2,19765.5,19833.2,0
2023-07-19 15:15:00,19833.4,19849.2,19832.2,19833.15,0
2023-07-20 09:15:00,19831.7,19840.45,19778.8,19781.8,0
2023-07-20 09:45:00,19782.35,19818.0,19758.45,19787.35,0
2023-07-20 10:15:00,19786.95,19847.25,19782.7,19829.85,0
2023-07-20 10:45:00,19829.35,19840.75,19819.45,19830.8,0
2023-07-20 11:15:00,19831.1,19845.25,19814.9,19841.2,0
2023-07-20 11:45:00,19840.8,19869.4,19833.75,19860.15,0
2023-07-20 12:15:00,19860.5,19887.25,19851.9,19881.3,0
2023-07-20 12:45:00,19881.5,19902.45,19880.5,19899.3,0
2023-07-20 13:15:00,19898.05,19926.1,19887.7,19904.55,0
2023-07-20 13:45:00,19905.3,19947.2,19903.4,19942.25,0
2023-07-20 14:15:00,19943.15,19982.1,19941.15,19949.9,0
2023-07-20 14:45:00,19949.45,19990.8,19935.45,19987.05,0
2023-07-20 15:15:00,19987.2,19987.55,19965.4,19979.15,0
2023-07-21 09:15:00,19800.45,19886.25,19780.7,19823.8,0
2023-07-21 09:45:00,19823.25,19876.1,19816.2,19843.7,0
2023-07-21 10:15:00,19844.6,19844.6,19794.15,19808.55,0
2023-07-21 10:45:00,19809.2,19819.1,19778.75,19780.0,0
2023-07-21 11:15:00,19779.9,19799.8,19763.15,19798.6,0
2023-07-21 11:45:00,19798.85,19800.15,19759.25,19767.9,0
2023-07-21 12:15:00,19768.1,19770.9,19733.4,19751.3,0
2023-07-21 12:45:00,19752.35,19791.95,19750.4,19791.35,0
2023-07-21 13:15:00,19791.15,19821.95,19787.2,19804.0,0
2023-07-21 13:45:00,19804.0,19820.4,19766.15,19779.4,0
2023-07-21 14:15:00,19779.75,19786.3,19739.05,19739.05,0
2023-07-21 14:45:00,19739.15,19750.0,19700.1,19743.25,0
2023-07-21 15:15:00,19743.3,19780.9,19740.05,19745.0,0
2023-07-24 09:15:00,19748.45,19755.0,19705.2,19716.55,0
2023-07-24 09:45:00,19716.15,19751.15,19710.55,19748.55,0
2023-07-24 10:15:00,19748.55,19782.15,19747.8,19775.7,0
2023-07-24 10:45:00,19775.7,19780.45,19758.65,19764.2,0
2023-07-24 11:15:00,19764.15,19768.3,19709.05,19715.05,0
2023-07-24 11:45:00,19714.5,19714.75,19670.95,19709.15,0
2023-07-24 12:15:00,19708.4,19733.2,19707.05,19733.2,0
2023-07-24 12:45:00,19731.65,19768.9,19731.15,19760.7,0
2023-07-24 13:15:00,19761.3,19765.5,19740.5,19752.75,0
2023-07-24 13:45:00,19753.85,19776.0,19731.25,19749.65,0
2023-07-24 14:15:00,19750.55,19750.55,19699.25,19736.55,0
2023-07-24 14:45:00,19736.0,19741.45,19664.5,19670.9,0
2023-07-24 15:15:00,19671.35,19677.05,19659.6,19672.35,0
2023-07-25 09:15:00,19698.3,19710.05,19673.95,19688.4,57428780
2023-07-25 09:45:00,19688.0,19691.3,19663.2,19678.75,25617756
2023-07-25 10:15:00,19678.2,19684.75,19657.8,19678.35,23714588
2023-07-25 10:45:00,19679.35,19685.65,19652.3,19673.15,14743992
2023-07-25 11:15:00,19673.4,19675.1,19657.3,19659.4,0
2023-07-25 11:45:00,19658.85,19678.6,19648.3,19676.7,0
2023-07-25 12:15:00,19676.25,19707.45,19674.75,19686.7,0
2023-07-25 12:45:00,19685.9,19696.9,19666.75,19667.25,0
2023-07-25 13:15:00,19667.1,19669.85,19616.65,19653.55,0
2023-07-25 13:45:00,19653.3,19667.4,19638.55,19659.7,0
2023-07-25 14:15:00,19660.95,19701.85,19660.65,19693.05,0
2023-07-25 14:45:00,19692.4,19706.05,19666.4,19674.65,0
2023-07-25 15:15:00,19674.05,19683.05,19669.0,19680.6,0
2023-07-26 09:15:00,19733.35,19765.7,19716.75,19762.9,0
2023-07-26 09:45:00,19762.8,19819.1,19755.1,19815.7,0
2023-07-26 10:15:00,19815.85,19825.1,19799.85,19808.9,0
2023-07-26 10:45:00,19808.75,19813.6,19796.4,19804.4,0
2023-07-26 11:15:00,19804.85,19807.15,19791.9,19795.9,0
2023-07-26 11:45:00,19796.95,19817.8,19788.25,19812.4,0
2023-07-26 12:15:00,19812.5,19819.05,19794.2,19796.45,0
2023-07-26 12:45:00,19796.85,19808.9,19777.9,19790.95,0
2023-07-26 13:15:00,19790.25,19811.35,19790.25,19800.5,0
2023-07-26 13:45:00,19800.3,19805.2,19788.2,19792.7,0
2023-07-26 14:15:00,19791.85,19824.9,19780.7,19791.95,0
2023-07-26 14:45:00,19791.25,19793.7,19747.4,19784.7,0
2023-07-26 15:15:00,19784.35,19785.75,19769.4,19778.3,0
2023-07-27 09:15:00,19850.9,19867.5,19825.05,19855.65,0
2023-07-27 09:45:00,19856.15,19857.2,19798.8,19806.65,0
2023-07-27 10:15:00,19807.3,19820.6,19792.85,19801.65,0
2023-07-27 10:45:00,19801.5,19814.15,19778.7,19780.6,0
2023-07-27 11:15:00,19781.05,19781.05,19724.25,19735.3,0
2023-07-27 11:45:00,19735.75,19755.95,19719.1,19740.05,0
2023-07-27 12:15:00,19739.8,19745.8,19716.15,19729.3,0
2023-07-27 12:45:00,19730.25,19739.9,19699.1,19731.25,0
2023-07-27 13:15:00,19731.8,19746.0,19686.35,19700.95,0
2023-07-27 13:45:00,19700.55,19710.85,19681.95,19695.95,0
2023-07-27 14:15:00,19697.85,19705.95,19615.8,19629.7,0
2023-07-27 14:45:00,19630.5,19665.95,19603.85,19664.7,0
2023-07-27 15:15:00,19664.65,19708.65,19657.2,19659.9,0
2023-07-28 09:15:00,19659.75,19692.05,19599.45,19636.2,0
2023-07-28 09:45:00,19637.0,19666.1,19607.9,19618.5,0
2023-07-28 10:15:00,19618.65,19639.65,19596.05,19630.35,0
2023-07-28 10:45:00,19630.3,19642.25,19607.7,19607.7,0
2023-07-28 11:15:00,19607.5,19616.3,19581.9,19584.25,0
2023-07-28 11:45:00,19584.5,19603.65,19573.85,19579.95,0
2023-07-28 12:15:00,19579.6,19609.05,19565.25,19604.85,0
2023-07-28 12:45:00,19604.9,19611.2,19582.2,19607.75,0
2023-07-28 13:15:00,19608.05,19608.05,19564.5,19565.6,0
2023-07-28 13:45:00,19565.6,19598.95,19563.6,19597.45,0
2023-07-28 14:15:00,19597.7,19628.45,19581.6,19589.85,0
2023-07-28 14:45:00,19589.8,19663.55,19588.8,19651.8,0
2023-07-28 15:15:00,19650.95,19656.25,19634.0,19646.05,0
2023-07-31 09:15:00,19666.35,19676.05,19599.15,19644.3,0
2023-07-31 09:45:00,19644.05,19674.45,19639.95,19672.95,0
2023-07-31 10:15:00,19673.15,19691.85,19660.0,19684.9,0
2023-07-31 10:45:00,19685.05,19699.2,19678.8,19693.5,0
2023-07-31 11:15:00,19692.95,19719.7,19686.15,19709.7,0
2023-07-31 11:45:00,19710.5,19713.7,19688.05,19707.6,0
2023-07-31 12:15:00,19708.1,19711.45,19676.95,19683.65,0
2023-07-31 12:45:00,19684.3,19703.55,19674.25,19700.55,0
2023-07-31 13:15:00,19700.3,19719.65,19696.85,19712.8,0
2023-07-31 13:45:00,19712.5,19726.9,19697.5,19703.6,0
2023-07-31 14:15:00,19703.8,19728.3,19703.8,19724.55,0
2023-07-31 14:45:00,19724.75,19767.25,19703.25,19760.0,0
2023-07-31 15:15:00,19759.75,19772.25,19737.5,19753.8,0
2023-08-01 09:15:00,19784.0,19793.7,19750.9,19765.65,0
2023-08-01 09:45:00,19765.2,19789.45,19763.35,19779.55,0
2023-08-01 10:15:00,19780.25,19782.1,19727.1,19734.85,0
2023-08-01 10:45:00,19734.65,19746.95,19715.05,19730.4,0
2023-08-01 11:15:00,19730.9,19748.9,19727.2,19748.0,0
2023-08-01 11:45:00,19748.8,19753.4,19722.15,19729.3,0
2023-08-01 12:15:00,19728.2,19733.85,19707.7,19712.05,0
2023-08-01 12:45:00,19712.5,19738.0,19704.85,19738.0,0
2023-08-01 13:15:00,19738.9,19765.75,19735.7,19747.85,0
2023-08-01 13:45:00,19749.1,19764.6,19730.65,19737.55,0
2023-08-01 14:15:00,19737.8,19762.8,19734.55,19756.6,0
2023-08-01 14:45:00,19757.15,19758.05,19721.05,19736.15,0
2023-08-01 15:15:00,19735.8,19742.7,19727.4,19733.55,0
2023-08-02 09:15:00,19655.4,19673.4,19620.7,19620.8,0
2023-08-02 09:45:00,19620.9,19638.7,19609.1,19610.7,0
2023-08-02 10:15:00,19609.55,19614.15,19570.0,19577.0,0
2023-08-02 10:45:00,19577.25,19580.95,19524.6,19555.05,0
2023-08-02 11:15:00,19555.45,19558.0,19517.9,19538.2,0
2023-08-02 11:45:00,19539.7,19546.0,19523.45,19540.55,0
2023-08-02 12:15:00,19540.2,19556.3,19533.05,19552.85,0
2023-08-02 12:45:00,19552.95,19556.9,19511.2,19512.05,0
2023-08-02 13:15:00,19511.65,19512.5,19442.1,19443.5,0
2023-08-02 13:45:00,19443.3,19468.45,19424.7,19429.85,0
2023-08-02 14:15:00,19429.95,19468.7,19425.1,19462.4,0
2023-08-02 14:45:00,19461.0,19543.25,19455.35,19542.6,0
2023-08-02 15:15:00,19542.5,19545.65,19514.45,19526.55,0
2023-08-03 09:15:00,19463.75,19536.65,19439.25,19496.4,0
2023-08-03 09:45:00,19496.4,19536.8,19474.0,19479.8,0
2023-08-03 10:15:00,19481.45,19496.6,19462.5,19475.75,0
2023-08-03 10:45:00,19477.35,19515.8,19469.4,19499.4,0
2023-08-03 11:15:00,19498.8,19506.8,19484.7,19500.3,0
2023-08-03 11:45:00,19500.25,19505.25,19458.45,19458.55,0
2023-08-03 12:15:00,19458.95,19458.95,19397.15,19398.45,0
2023-08-03 12:45:00,19398.9,19398.9,19345.65,19359.45,0
2023-08-03 13:15:00,19359.65,19366.65,19331.45,19333.5,0
2023-08-03 13:45:00,19334.7,19348.4,19297.85,19310.9,0
2023-08-03 14:15:00,19311.4,19351.45,19304.5,19317.4,0
2023-08-03 14:45:00,19316.95,19390.1,19303.25,19390.1,0
2023-08-03 15:15:00,19389.55,19406.5,19381.65,19381.65,0
2023-08-04 09:15:00,19462.8,19498.1,19442.6,19443.25,0
2023-08-04 09:45:00,19443.95,19481.8,19436.45,19478.4,0
2023-08-04 10:15:00,19479.05,19490.95,19439.7,19466.95,0
2023-08-04 10:45:00,19467.0,19489.0,19446.25,19471.65,0
2023-08-04 11:15:00,19472.5,19523.0,19469.85,19510.9,0
2023-08-04 11:45:00,19510.85,19531.7,19498.45,19525.65,0
2023-08-04 12:15:00,19526.85,19538.45,19493.25,19521.0,0
2023-08-04 12:45:00,19521.2,19530.25,19505.7,19514.95,0
2023-08-04 13:15:00,19515.45,19524.5,19467.8,19494.95,0
2023-08-04 13:45:00,19494.8,19496.6,19450.7,19482.45,0
2023-08-04 14:15:00,19482.45,19514.6,19464.45,19506.65,0
2023-08-04 14:45:00,19506.35,19532.25,19486.7,19530.9,0
2023-08-04 15:15:00,19531.65,19537.65,19507.15,19517.0,0
2023-08-07 09:15:00,19576.85,19582.45,19525.55,19557.35,0
2023-08-07 09:45:00,19556.65,19568.25,19540.05,19565.35,0
2023-08-07 10:15:00,19566.05,19585.95,19561.2,19574.25,0
2023-08-07 10:45:00,19574.9,19576.15,19532.35,19538.2,0
2023-08-07 11:15:00,19537.3,19554.6,19529.1,19545.95,0
2023-08-07 11:45:00,19546.8,19552.85,19533.2,19535.25,0
2023-08-07 12:15:00,19535.9,19576.85,19532.6,19572.95,0
2023-08-07 12:45:00,19573.2,19593.95,19571.55,19584.55,0
2023-08-07 13:15:00,19584.85,19619.85,19578.55,19615.05,0
2023-08-07 13:45:00,19614.15,19615.5,19576.9,19585.7,0
2023-08-07 14:15:00,19585.9,19605.15,19572.75,19596.1,0
2023-08-07 14:45:00,19595.9,19607.65,19582.7,19598.1,0
2023-08-07 15:15:00,19598.0,19605.0,19592.95,19597.3,0
2023-08-08 09:15:00,19627.2,19631.55,19578.9,19592.85,0
2023-08-08 09:45:00,19592.9,19604.35,19576.6,19590.5,0
2023-08-08 10:15:00,19590.4,19610.85,19589.45,19598.8,0
2023-08-08 10:45:00,19599.1,19599.95,19559.85,19560.85,0
2023-08-08 11:15:00,19560.95,19560.95,19533.45,19554.65,0
2023-08-08 11:45:00,19555.1,19576.1,19551.2,19575.5,0
2023-08-08 12:15:00,19575.0,19577.25,19558.45,19565.05,0
2023-08-08 12:45:00,19564.35,19580.1,19557.3,19579.55,0
2023-08-08 13:15:00,19579.85,19588.0,19568.4,19571.0,0
2023-08-08 13:45:00,19571.0,19583.3,19566.35,19576.6,0
2023-08-08 14:15:00,19576.7,19597.25,19567.45,19567.9,0
2023-08-08 14:45:00,19567.05,19580.45,19548.55,19566.1,0
2023-08-08 15:15:00,19566.5,19576.7,19564.8,19570.85,0
2023-08-09 09:15:00,19578.8,19578.8,19501.85,19505.25,0
2023-08-09 09:45:00,19506.8,19517.25,19496.65,19508.8,0
2023-08-09 10:15:00,19508.8,19509.8,19469.35,19492.55,0
2023-08-09 10:45:00,19492.15,19497.1,19468.25,19480.2,0
2023-08-09 11:15:00,19479.05,19492.1,19474.55,19489.5,0
2023-08-09 11:45:00,19488.65,19494.3,19478.4,19489.05,0
2023-08-09 12:15:00,19487.8,19503.75,19478.65,19489.7,0
2023-08-09 12:45:00,19489.3,19510.9,19488.7,19505.65,0
2023-08-09 13:15:00,19504.75,19511.15,19489.2,19511.05,0
2023-08-09 13:45:00,19510.25,19529.55,19508.15,19527.95,0
2023-08-09 14:15:00,19527.1,19574.7,19517.6,19574.2,0
2023-08-09 14:45:00,19573.6,19641.05,19564.55,19639.0,0
2023-08-09 15:15:00,19638.6,19645.2,19623.55,19632.55,0
2023-08-10 09:15:00,19605.55,19615.5,19568.35,19590.45,0
2023-08-10 09:45:00,19590.5,19621.95,19570.95,19617.8,0
2023-08-10 10:15:00,19617.35,19621.95,19496.3,19505.9,0
2023-08-10 10:45:00,19506.3,19560.6,19503.5,19534.6,0
2023-08-10 11:15:00,19533.8,19544.75,19529.35,19544.75,0
2023-08-10 11:45:00,19545.35,19581.75,19537.95,19551.15,0
2023-08-10 12:15:00,19550.55,19567.45,19542.9,19565.65,0
2023-08-10 12:45:00,19566.15,19588.2,19556.7,19585.0,0
2023-08-10 13:15:00,19586.05,19599.0,19536.0,19546.0,0
2023-08-10 13:45:00,19545.2,19550.25,19503.1,19543.75,0
2023-08-10 14:15:00,19543.55,19558.2,19532.35,19542.85,0
2023-08-10 14:45:00,19542.35,19551.65,19517.95,19545.95,0
2023-08-10 15:15:00,19546.35,19554.75,19535.3,19543.1,0
2023-08-11 09:15:00,19554.25,19555.15,19465.6,19476.35,0
2023-08-11 09:45:00,19476.6,19478.75,19453.35,19459.6,0
2023-08-11 10:15:00,19459.45,19479.05,19454.15,19470.45,0
2023-08-11 10:45:00,19470.5,19477.8,19442.0,19463.95,0
2023-08-11 11:15:00,19463.35,19472.5,19437.9,19442.6,0
2023-08-11 11:45:00,19443.2,19457.4,19435.25,19449.95,0
2023-08-11 12:15:00,19449.35,19457.45,19443.45,19454.15,0
2023-08-11 12:45:00,19454.15,19488.3,19436.25,19482.2,0
2023-08-11 13:15:00,19482.6,19492.65,19457.35,19467.5,0
2023-08-11 13:45:00,19467.7,19486.5,19463.45,19470.7,0
2023-08-11 14:15:00,19470.8,19486.0,19450.25,19455.7,0
2023-08-11 14:45:00,19455.75,19470.65,19415.15,19415.85,0
2023-08-11 15:15:00,19415.9,19439.1,19413.8,19428.3,0
2023-08-14 09:15:00,19383.95,19389.8,19258.2,19304.95,0
2023-08-14 09:45:00,19305.75,19324.1,19296.1,19319.8,0
2023-08-14 10:15:00,19320.5,19322.45,19301.0,19310.7,0
2023-08-14 10:45:00,19312.25,19323.55,19302.8,19316.45,0
2023-08-14 11:15:00,19317.05,19357.0,19316.0,19354.15,0
2023-08-14 11:45:00,19353.85,19379.8,19341.15,19379.0,0
2023-08-14 12:15:00,19379.8,19385.35,19359.95,19364.75,0
2023-08-14 12:45:00,19365.15,19370.6,19345.95,19362.15,0
2023-08-14 13:15:00,19361.75,19393.7,19351.6,19386.65,0
2023-08-14 13:45:00,19386.35,19434.15,19385.8,19430.35,0
2023-08-14 14:15:00,19429.85,19437.0,19407.05,19433.0,0
2023-08-14 14:45:00,19433.15,19465.3,19428.9,19430.95,0
2023-08-14 15:15:00,19431.15,19437.1,19408.4,19434.55,0
2023-08-16 09:15:00,19369.0,19384.35,19319.25,19367.9,0
2023-08-16 09:45:00,19367.8,19380.5,19360.95,19377.95,0
2023-08-16 10:15:00,19378.15,19401.25,19376.9,19400.35,0
2023-08-16 10:45:00,19400.95,19407.7,19376.0,19378.9,0
2023-08-16 11:15:00,19378.6,19394.4,19359.9,19362.45,0
2023-08-16 11:45:00,19362.4,19394.35,19361.0,19387.2,0
2023-08-16 12:15:00,19388.15,19408.95,19379.7,19407.95,0
2023-08-16 12:45:00,19408.05,19426.9,19397.85,19425.6,0
2023-08-16 13:15:00,19425.15,19438.05,19414.2,19419.95,0
2023-08-16 13:45:00,19420.0,19431.25,19413.75,19422.9,0
2023-08-16 14:15:00,19423.05,19443.55,19422.75,19437.95,0
2023-08-16 14:45:00,19437.0,19482.1,19416.95,19461.75,0
2023-08-16 15:15:00,19462.55,19473.35,19442.35,19465.0,0
2023-08-17 09:15:00,19450.55,19455.5,19388.85,19405.35,0
2023-08-17 09:45:00,19403.75,19409.9,19377.55,19399.3,0
2023-08-17 10:15:00,19398.95,19414.15,19385.45,19399.05,0
2023-08-17 10:45:00,19400.05,19415.25,19392.7,19400.45,0
2023-08-17 11:15:00,19401.05,19401.05,19357.25,19373.35,0
2023-08-17 11:45:00,19375.1,19377.4,19344.25,19356.1,0
2023-08-17 12:15:00,19355.85,19364.7,19341.2,19341.4,0
2023-08-17 12:45:00,19341.15,19352.55,19326.65,19329.95,0
2023-08-17 13:15:00,19329.55,19360.65,19327.35,19360.4,0
2023-08-17 13:45:00,19360.0,19372.8,19349.2,19364.1,0
2023-08-17 14:15:00,19363.5,19384.25,19346.15,19378.7,0
2023-08-17 14:45:00,19378.1,19387.35,19360.5,19362.2,0
2023-08-17 15:15:00,19361.95,19366.05,19342.6,19365.25,0
2023-08-18 09:15:00,19301.75,19329.65,19279.45,19283.95,0
2023-08-18 09:45:00,19283.65,19292.6,19258.55,19266.35,0
2023-08-18 10:15:00,19265.75,19286.95,19260.85,19261.45,0
2023-08-18 10:45:00,19261.5,19279.7,19253.6,19276.65,0
2023-08-18 11:15:00,19276.95,19303.7,19271.85,19302.1,0
2023-08-18 11:45:00,19302.0,19315.75,19296.0,19304.55,0
2023-08-18 12:15:00,19305.15,19307.25,19282.4,19296.8,0
2023-08-18 12:45:00,19296.75,19300.85,19266.65,19268.55,0
2023-08-18 13:15:00,19269.0,19285.0,19260.35,19263.6,0
2023-08-18 13:45:00,19263.95,19356.7,19262.65,19353.8,0
2023-08-18 14:15:00,19353.35,19373.45,19340.3,19348.5,0
2023-08-18 14:45:00,19348.35,19357.8,19306.5,19316.35,0
2023-08-18 15:15:00,19316.75,19316.75,19277.0,19310.15,0
2023-08-21 09:15:00,19320.65,19367.55,19305.75,19352.35,0
2023-08-21 09:45:00,19352.25,19359.3,19296.55,19303.85,0
2023-08-21 10:15:00,19302.75,19354.4,19301.2,19345.3,0
2023-08-21 10:45:00,19345.75,19379.65,19340.0,19374.4,0
2023-08-21 11:15:00,19374.4,19379.4,19357.5,19373.35,0
2023-08-21 11:45:00,19373.75,19388.4,19371.35,19373.3,0
2023-08-21 12:15:00,19373.55,19402.0,19369.65,19396.45,0
2023-08-21 12:45:00,19396.65,19407.45,19384.0,19403.25,0
2023-08-21 13:15:00,19403.65,19411.9,19387.25,19398.4,0
2023-08-21 13:45:00,19399.8,19414.9,19384.8,19389.4,0
2023-08-21 14:15:00,19389.8,19404.85,19386.75,19401.5,0
2023-08-21 14:45:00,19401.1,19425.4,19390.7,19397.8,0
2023-08-21 15:15:00,19396.65,19397.75,19376.45,19393.6,0
2023-08-22 09:15:00,19417.1,19440.85,19390.05,19439.9,0
2023-08-22 09:45:00,19440.75,19443.05,19382.2,19400.6,0
2023-08-22 10:15:00,19401.2,19425.9,19401.2,19419.25,0
2023-08-22 10:45:00,19418.65,19420.7,19406.1,19414.95,0
2023-08-22 11:15:00,19415.75,19427.6,19410.15,19425.35,0
2023-08-22 11:45:00,19425.1,19440.45,19419.75,19431.8,0
2023-08-22 12:15:00,19432.95,19434.6,19417.45,19423.9,0
2023-08-22 12:45:00,19422.5,19434.95,19413.7,19424.15,0
2023-08-22 13:15:00,19424.45,19430.65,19416.5,19419.45,0
2023-08-22 13:45:00,19419.65,19420.1,19399.8,19413.95,0
2023-08-22 14:15:00,19413.2,19417.4,19394.5,19401.9,0
2023-08-22 14:45:00,19401.75,19412.55,19382.25,19391.45,0
2023-08-22 15:15:00,19390.65,19406.4,19384.95,19396.45,0
2023-08-23 09:15:00,19439.2,19441.6,19387.2,19407.25,0
2023-08-23 09:45:00,19407.45,19410.35,19366.85,19388.3,0
2023-08-23 10:15:00,19388.2,19391.95,19370.35,19384.9,0
2023-08-23 10:45:00,19385.1,19412.65,19381.4,19408.5,0
2023-08-23 11:15:00,19409.3,19430.55,19406.35,19429.0,0
2023-08-23 11:45:00,19428.8,19430.0,19416.35,19421.95,0
2023-08-23 12:15:00,19422.65,19458.15,19417.65,19448.55,0
2023-08-23 12:45:00,19448.2,19461.05,19438.6,19439.45,0
2023-08-23 13:15:00,19439.65,19456.45,19433.15,19453.25,0
2023-08-23 13:45:00,19452.8,19471.45,19445.25,19461.1,0
2023-08-23 14:15:00,19461.5,19464.15,19448.65,19458.65,0
2023-08-23 14:45:00,19460.3,19467.05,19437.0,19442.75,0
2023-08-23 15:15:00,19443.4,19448.9,19436.25,19444.0,0
2023-08-24 09:15:00,19535.15,19567.65,19510.15,19567.45,0
2023-08-24 09:45:00,19567.45,19584.0,19548.85,19562.1,0
2023-08-24 10:15:00,19562.95,19566.75,19518.75,19524.85,0
2023-08-24 10:45:00,19524.65,19530.2,19479.9,19487.05,0
2023-08-24 11:15:00,19487.3,19487.45,19464.5,19487.05,0
2023-08-24 11:45:00,19486.6,19489.3,19440.85,19457.9,0
2023-08-24 12:15:00,19456.7,19469.95,19437.55,19466.2,0
2023-08-24 12:45:00,19465.4,19470.35,19426.65,19430.2,0
2023-08-24 13:15:00,19430.2,19436.5,19406.8,19419.95,0
2023-08-24 13:45:00,19419.2,19441.85,19413.25,19440.75,0
2023-08-24 14:15:00,19439.25,19441.0,19405.7,19419.0,0
2023-08-24 14:45:00,19418.65,19419.45,19384.4,19397.05,0
2023-08-24 15:15:00,19397.05,19397.45,19369.35,19386.7,0
2023-08-25 09:15:00,19297.4,19332.15,19261.7,19317.5,7710405
2023-08-25 09:45:00,19317.2,19339.55,19285.75,19305.0,11803378
2023-08-25 10:15:00,19303.05,19305.6,19230.65,19256.4,8043792
2023-08-25 10:45:00,19256.6,19278.6,19243.35,19265.45,0
2023-08-25 11:15:00,19264.65,19318.05,19251.3,19316.6,0
2023-08-25 11:45:00,19316.5,19329.05,19283.6,19283.6,0
2023-08-25 12:15:00,19284.2,19311.0,19278.8,19295.5,0
2023-08-25 12:45:00,19295.45,19304.4,19278.75,19294.3,0
2023-08-25 13:15:00,19295.3,19311.9,19290.05,19304.5,0
2023-08-25 13:45:00,19304.65,19309.0,19272.65,19273.65,0
2023-08-25 14:15:00,19274.2,19285.65,19256.75,19263.1,0
2023-08-25 14:45:00,19263.3,19300.15,19258.3,19263.15,0
2023-08-25 15:15:00,19263.65,19267.35,19235.0,19265.8,0
2023-08-28 09:15:00,19298.35,19326.7,19250.25,19298.0,0
2023-08-28 09:45:00,19298.6,19314.65,19272.9,19291.6,0
2023-08-28 10:15:00,19291.25,19324.0,19290.7,19310.55,0
2023-08-28 10:45:00,19310.15,19319.85,19306.5,19316.55,0
2023-08-28 11:15:00,19316.45,19328.7,19314.0,19321.1,0
2023-08-28 11:45:00,19321.85,19322.35,19303.4,19315.7,0
2023-08-28 12:15:00,19315.5,19345.0,19311.1,19337.15,0
2023-08-28 12:45:00,19336.8,19345.15,19331.75,19333.5,0
2023-08-28 13:15:00,19333.4,19356.35,19330.7,19350.15,0
2023-08-28 13:45:00,19350.15,19366.8,19324.55,19336.05,0
2023-08-28 14:15:00,19335.45,19340.35,19310.45,19319.7,0
2023-08-28 14:45:00,19319.8,19338.1,19295.55,19300.85,0
2023-08-28 15:15:00,19300.75,19309.95,19290.05,19306.05,0
2023-08-29 09:15:00,19374.85,19374.85,19321.05,19349.45,0
2023-08-29 09:45:00,19348.4,19355.4,19328.6,19340.25,0
2023-08-29 10:15:00,19340.3,19340.75,19314.25,19335.95,0
2023-08-29 10:45:00,19335.5,19344.2,19324.75,19326.4,0
2023-08-29 11:15:00,19326.3,19340.3,19322.4,19340.3,0
2023-08-29 11:45:00,19339.95,19348.7,19323.2,19345.1,0
2023-08-29 12:15:00,19344.9,19358.0,19332.45,19342.15,0
2023-08-29 12:45:00,19340.95,19361.0,19337.35,19352.75,0
2023-08-29 13:15:00,19352.45,19361.85,19341.85,19358.6,0
2023-08-29 13:45:00,19357.85,19359.3,19328.45,19330.4,0
2023-08-29 14:15:00,19330.1,19333.15,19309.95,19323.5,0
2023-08-29 14:45:00,19323.8,19344.1,19309.95,19341.4,0
2023-08-29 15:15:00,19342.15,19357.3,19336.65,19342.65,0
2023-08-30 09:15:00,19433.45,19440.1,19412.65,19422.6,0
2023-08-30 09:45:00,19422.6,19443.15,19419.15,19440.55,0
2023-08-30 10:15:00,19440.25,19443.65,19430.6,19443.2,0
2023-08-30 10:45:00,19443.15,19450.15,19435.7,19447.7,0
2023-08-30 11:15:00,19447.45,19451.95,19440.7,19443.15,0
2023-08-30 11:45:00,19443.65,19448.8,19441.0,19448.05,0
2023-08-30 12:15:00,19447.9,19448.6,19434.55,19437.8,0
2023-08-30 12:45:00,19437.1,19443.95,19427.7,19443.95,0
2023-08-30 13:15:00,19443.5,19445.85,19431.4,19432.65,0
2023-08-30 13:45:00,19432.6,19438.0,19410.7,19412.85,0
2023-08-30 14:15:00,19412.1,19413.65,19387.55,19391.05,0
2023-08-30 14:45:00,19391.15,19396.85,19335.65,19344.5,0
2023-08-30 15:15:00,19345.65,19352.5,19334.85,19347.45,0
2023-08-31 09:15:00,19375.55,19382.7,19318.4,19367.75,0
2023-08-31 09:45:00,19368.0,19388.0,19335.3,19347.3,0
2023-08-31 10:15:00,19347.45,19360.55,19316.25,19321.6,0
2023-08-31 10:45:00,19322.25,19329.0,19305.4,19313.55,0
2023-08-31 11:15:00,19314.1,19339.1,19311.75,19330.0,0
2023-08-31 11:45:00,19329.65,19333.8,19301.0,19305.25,0
2023-08-31 12:15:00,19305.15,19313.1,19292.95,19308.95,0
2023-08-31 12:45:00,19309.65,19317.95,19278.6,19279.4,0
2023-08-31 13:15:00,19278.8,19320.05,19272.8,19318.9,0
2023-08-31 13:45:00,19318.5,19319.85,19281.1,19284.1,0
2023-08-31 14:15:00,19283.25,19286.25,19260.15,19263.85,0
2023-08-31 14:45:00,19263.5,19285.85,19233.4,19280.55,0
2023-08-31 15:15:00,19281.0,19288.6,19224.6,19253.8,0
2023-09-01 09:15:00,19258.15,19318.45,19258.15,19317.6,0
2023-09-01 09:45:00,19316.85,19333.5,19288.65,19304.5,0
2023-09-01 10:15:00,19303.85,19339.15,19302.25,19310.75,0
2023-09-01 10:45:00,19310.15,19350.15,19306.25,19327.95,0
2023-09-01 11:15:00,19328.6,19345.15,19326.4,19329.8,0
2023-09-01 11:45:00,19329.65,19342.45,19326.4,19333.8,0
2023-09-01 12:15:00,19333.2,19372.75,19323.5,19366.7,0
2023-09-01 12:45:00,19367.25,19400.35,19366.3,19391.15,0
2023-09-01 13:15:00,19392.1,19406.85,19384.4,19401.0,0
2023-09-01 13:45:00,19401.2,19439.95,19399.15,19435.95,0
2023-09-01 14:15:00,19436.05,19458.5,19425.9,19439.85,0
2023-09-01 14:45:00,19440.05,19450.3,19425.2,19435.15,0
2023-09-01 15:15:00,19435.15,19441.35,19421.9,19435.3,0
2023-09-04 09:15:00,19525.05,19525.05,19466.9,19468.75,0
2023-09-04 09:45:00,19468.2,19495.75,19453.6,19458.05,0
2023-09-04 10:15:00,19458.4,19466.2,19433.15,19443.95,0
2023-09-04 10:45:00,19442.75,19473.05,19434.85,19473.05,0
2023-09-04 11:15:00,19472.6,19478.35,19457.8,19470.75,0
2023-09-04 11:45:00,19469.35,19493.35,19467.75,19490.25,0
2023-09-04 12:15:00,19490.45,19514.7,19489.4,19505.05,0
2023-09-04 12:45:00,19505.15,19519.3,19494.4,19512.85,0
2023-09-04 13:15:00,19513.45,19520.1,19505.35,19511.9,0
2023-09-04 13:45:00,19512.55,19517.0,19494.7,19508.05,0
2023-09-04 14:15:00,19508.9,19531.05,19495.95,19531.05,0
2023-09-04 14:45:00,19531.4,19535.25,19513.55,19530.45,0
2023-09-04 15:15:00,19530.05,19543.75,19521.55,19528.8,0
2023-09-05 09:15:00,19564.65,19569.35,19533.1,19568.4,0
2023-09-05 09:45:00,19568.8,19583.15,19566.8,19580.75,0
2023-09-05 10:15:00,19580.1,19583.7,19550.5,19574.4,0
2023-09-05 10:45:00,19574.35,19582.4,19560.7,19577.9,0
2023-09-05 11:15:00,19578.6,19585.95,19571.8,19575.2,0
2023-09-05 11:45:00,19576.25,19586.9,19560.5,19568.6,0
2023-09-05 12:15:00,19567.7,19576.2,19535.55,19536.55,0
2023-09-05 12:45:00,19537.1,19557.25,19532.05,19555.65,0
2023-09-05 13:15:00,19556.55,19557.35,19526.7,19543.65,0
2023-09-05 13:45:00,19543.4,19560.4,19541.3,19550.7,0
2023-09-05 14:15:00,19551.05,19568.0,19545.45,19558.95,0
2023-09-05 14:45:00,19559.55,19579.15,19557.9,19577.0,0
2023-09-05 15:15:00,19576.75,19584.1,19569.95,19574.9,0
2023-09-06 09:15:00,19581.2,19604.1,19563.35,19592.6,0
2023-09-06 09:45:00,19592.2,19597.25,19557.4,19573.25,0
2023-09-06 10:15:00,19572.7,19588.75,19567.0,19580.55,0
2023-09-06 10:45:00,19580.95,19589.15,19560.2,19570.9,0
2023-09-06 11:15:00,19571.2,19573.35,19543.75,19544.7,0
2023-09-06 11:45:00,19544.8,19554.1,19534.4,19552.05,0
2023-09-06 12:15:00,19552.65,19556.15,19509.25,19511.6,0
2023-09-06 12:45:00,19511.5,19517.95,19500.3,19509.75,0
2023-09-06 13:15:00,19510.55,19518.8,19491.8,19511.35,0
2023-09-06 13:45:00,19511.6,19518.15,19499.95,19506.0,0
2023-09-06 14:15:00,19505.85,19548.0,19504.95,19547.35,0
2023-09-06 14:45:00,19548.4,19625.6,19531.45,19615.25,0
2023-09-06 15:15:00,19615.0,19636.05,19605.55,19611.05,0
2023-09-07 09:15:00,19598.65,19608.55,19550.25,19563.85,0
2023-09-07 09:45:00,19564.5,19597.6,19562.6,19592.4,0
2023-09-07 10:15:00,19593.6,19610.8,19583.2,19610.05,0
2023-09-07 10:45:00,19610.0,19638.8,19607.55,19638.0,0
2023-09-07 11:15:00,19638.2,19641.8,19591.45,19599.25,0
2023-09-07 11:45:00,19598.4,19619.85,19594.7,19613.85,0
2023-09-07 12:15:00,19613.45,19620.25,19601.85,19615.2,0
2023-09-07 12:45:00,19614.6,19631.6,19606.9,19618.35,0
2023-09-07 13:15:00,19618.75,19651.3,19617.95,19650.5,0
2023-09-07 13:45:00,19651.3,19674.75,19641.3,19672.6,0
2023-09-07 14:15:00,19672.35,19735.85,19671.65,19727.25,0
2023-09-07 14:45:00,19728.55,19736.9,19711.65,19712.9,0
2023-09-07 15:15:00,19713.0,19730.95,19712.3,19727.05,0
2023-09-08 09:15:00,19774.8,19792.55,19741.5,19776.35,0
2023-09-08 09:45:00,19777.2,19785.0,19766.2,19777.8,0
2023-09-08 10:15:00,19777.0,19781.45,19728.7,19742.15,0
2023-09-08 10:45:00,19742.35,19766.05,19741.8,19746.8,0
2023-09-08 11:15:00,19746.75,19822.55,19741.7,19808.95,0
2023-09-08 11:45:00,19808.0,19823.2,19799.95,19820.05,0
2023-09-08 12:15:00,19820.6,19830.0,19802.5,19827.2,0
2023-09-08 12:45:00,19826.45,19838.25,19807.55,19810.4,0
2023-09-08 13:15:00,19810.55,19835.3,19794.85,19829.75,0
2023-09-08 13:45:00,19829.65,19841.85,19818.3,19840.85,0
2023-09-08 14:15:00,19841.3,19866.75,19815.3,19816.85,0
2023-09-08 14:45:00,19816.45,19835.1,19802.35,19817.25,0
2023-09-08 15:15:00,19817.35,19832.45,19816.05,19819.95,0
2023-09-11 09:15:00,19890.0,19914.55,19873.7,19897.25,0
2023-09-11 09:45:00,19897.35,19939.0,19884.7,19929.0,0
2023-09-11 10:15:00,19929.45,19942.15,19921.1,19941.9,0
2023-09-11 10:45:00,19941.6,19945.6,19916.9,19929.45,0
2023-09-11 11:15:00,19929.45,19947.35,19929.45,19940.5,0
2023-09-11 11:45:00,19941.4,19946.55,19930.8,19939.3,0
2023-09-11 12:15:00,19939.55,19960.45,19935.9,19951.4,0
2023-09-11 12:45:00,19952.25,19954.25,19940.0,19949.1,0
2023-09-11 13:15:00,19948.1,19956.0,19933.35,19934.5,0
2023-09-11 13:45:00,19933.95,19952.9,19930.9,19944.55,0
2023-09-11 14:15:00,19946.0,19968.0,19943.65,19965.45,0
2023-09-11 14:45:00,19965.5,20001.75,19963.3,19997.65,0
2023-09-11 15:15:00,19997.7,20007.7,19996.35,19996.35,0
2023-09-12 09:15:00,20110.15,20110.15,20011.5,20036.9,0
2023-09-12 09:45:00,20036.15,20036.15,19914.8,19969.75,0
2023-09-12 10:15:00,19969.4,19973.7,19932.7,19965.6,0
2023-09-12 10:45:00,19965.8,20008.65,19959.15,20001.5,0
2023-09-12 11:15:00,20000.95,20037.45,19991.6,20036.95,0
2023-09-12 11:45:00,20037.5,20039.7,20001.6,20010.0,0
2023-09-12 12:15:00,20011.4,20013.5,19951.35,19956.95,0
2023-09-12 12:45:00,19955.35,19988.8,19948.3,19986.15,0
2023-09-12 13:15:00,19985.6,20012.5,19982.45,19999.65,0
2023-09-12 13:45:00,19999.55,20013.95,19978.85,20011.2,0
2023-09-12 14:15:00,20011.7,20019.2,19998.15,20007.55,0
2023-09-12 14:45:00,20008.0,20014.6,19977.2,19985.1,0
2023-09-12 15:15:00,19984.9,19998.55,19980.5,19993.2,0
2023-09-13 09:15:00,19989.5,20021.15,19945.5,19972.45,0
2023-09-13 09:45:00,19972.15,20002.5,19969.5,19978.1,0
2023-09-13 10:15:00,19978.05,19997.9,19955.0,19970.55,0
2023-09-13 10:45:00,19971.65,20009.95,19967.9,20006.9,0
2023-09-13 11:15:00,20006.7,20035.4,19994.45,20021.85,0
2023-09-13 11:45:00,20022.0,20047.95,20016.7,20043.15,0
2023-09-13 12:15:00,20042.7,20062.95,20037.1,20058.85,0
2023-09-13 12:45:00,20058.5,20092.6,20052.3,20084.4,0
2023-09-13 13:15:00,20084.95,20090.95,20056.7,20065.75,0
2023-09-13 13:45:00,20065.25,20084.4,20059.9,20080.0,0
2023-09-13 14:15:00,20081.2,20096.05,20075.8,20085.9,0
2023-09-13 14:45:00,20086.3,20095.7,20066.75,20067.65,0
2023-09-13 15:15:00,20068.2,20071.05,20053.4,20070.0,0
2023-09-14 09:15:00,20127.95,20166.6,20110.2,20156.25,0
2023-09-14 09:45:00,20157.35,20167.0,20096.7,20111.85,0
2023-09-14 10:15:00,20113.1,20123.8,20064.3,20082.05,0
2023-09-14 10:45:00,20082.6,20114.4,20066.2,20097.5,0
2023-09-14 11:15:00,20097.0,20105.9,20070.3,20079.3,0
2023-09-14 11:45:00,20078.2,20100.0,20069.25,20096.2,0
2023-09-14 12:15:00,20098.35,20102.45,20050.6,20075.45,0
2023-09-14 12:45:00,20077.15,20095.3,20069.7,20091.1,0
2023-09-14 13:15:00,20091.8,20108.25,20074.9,20082.25,0
2023-09-14 13:45:00,20082.45,20087.45,20044.7,20067.5,0
2023-09-14 14:15:00,20067.5,20089.95,20061.95,20077.3,0
2023-09-14 14:45:00,20077.75,20114.7,20072.7,20102.1,0
2023-09-14 15:15:00,20101.55,20113.2,20099.75,20103.1,0
2023-09-15 09:15:00,20156.45,20173.15,20136.9,20156.45,0
2023-09-15 09:45:00,20156.0,20167.6,20130.0,20160.85,0
2023-09-15 10:15:00,20160.45,20161.95,20142.3,20151.5,0
2023-09-15 10:45:00,20150.75,20186.25,20144.75,20182.5,0
2023-09-15 11:15:00,20182.95,20190.9,20172.15,20174.05,0
2023-09-15 11:45:00,20173.9,20195.9,20170.35,20188.15,0
2023-09-15 12:15:00,20188.35,20190.65,20134.15,20146.6,0
2023-09-15 12:45:00,20145.4,20169.9,20145.4,20169.0,0
2023-09-15 13:15:00,20168.85,20180.7,20151.55,20162.7,0
2023-09-15 13:45:00,20162.6,20187.7,20157.75,20181.5,0
2023-09-15 14:15:00,20181.75,20200.05,20175.25,20195.75,0
2023-09-15 14:45:00,20196.55,20221.25,20185.05,20185.75,0
2023-09-15 15:15:00,20186.35,20192.35,20165.4,20192.35,0
2023-09-18 09:15:00,20155.95,20175.85,20123.35,20173.75,0
2023-09-18 09:45:00,20173.7,20187.8,20160.65,20178.65,0
2023-09-18 10:15:00,20178.45,20187.0,20170.95,20177.9,0
2023-09-18 10:45:00,20177.45,20182.35,20161.9,20174.85,0
2023-09-18 11:15:00,20175.2,20192.75,20174.3,20187.65,0
2023-09-18 11:45:00,20188.6,20194.35,20172.35,20174.65,0
2023-09-18 12:15:00,20174.5,20180.0,20162.0,20173.95,0
2023-09-18 12:45:00,20174.1,20174.95,20160.4,20169.35,0
2023-09-18 13:15:00,20171.15,20177.25,20155.2,20162.3,0
2023-09-18 13:45:00,20163.05,20165.15,20143.85,20154.85,0
2023-09-18 14:15:00,20155.35,20162.55,20144.0,20158.35,0
2023-09-18 14:45:00,20159.3,20162.35,20127.25,20127.25,0
2023-09-18 15:15:00,20126.95,20134.2,20117.8,20133.3,0
2023-09-20 09:15:00,19980.75,20049.5,19979.35,20004.5,0
2023-09-20 09:45:00,20005.25,20017.3,19962.8,19969.35,0
2023-09-20 10:15:00,19968.45,19977.65,19953.05,19966.8,0
2023-09-20 10:45:00,19966.55,19973.55,19945.7,19958.3,0
2023-09-20 11:15:00,19958.45,19964.1,19943.1,19943.5,0
2023-09-20 11:45:00,19943.65,19962.65,19928.3,19956.3,0
2023-09-20 12:15:00,19956.1,19957.95,19944.9,19953.15,0
2023-09-20 12:45:00,19953.95,19955.05,19931.7,19934.45,0
2023-09-20 13:15:00,19935.3,19939.0,19919.2,19919.2,0
2023-09-20 13:45:00,19920.45,19922.45,19879.55,19908.0,0
2023-09-20 14:15:00,19909.45,19921.15,19893.8,19909.4,0
2023-09-20 14:45:00,19910.75,19918.3,19885.75,19902.55,0
2023-09-20 15:15:00,19902.85,19913.35,19898.75,19901.4,0
2023-09-21 09:15:00,19840.55,19842.6,19802.6,19808.15,0
2023-09-21 09:45:00,19807.25,19812.2,19739.7,19749.0,0
2023-09-21 10:15:00,19750.8,19767.95,19747.1,19755.35,0
2023-09-21 10:45:00,19755.45,19787.25,19745.45,19785.25,0
2023-09-21 11:15:00,19785.25,19787.25,19749.35,19756.25,0
2023-09-21 11:45:00,19755.9,19764.35,19726.65,19733.4,0
2023-09-21 12:15:00,19732.2,19744.2,19723.75,19741.65,0
2023-09-21 12:45:00,19741.05,19750.6,19721.05,19745.0,0
2023-09-21 13:15:00,19745.8,19760.05,19728.65,19737.85,0
2023-09-21 13:45:00,19736.75,19749.05,19729.0,19733.0,0
2023-09-21 14:15:00,19730.6,19738.45,19717.2,19724.65,0
2023-09-21 14:45:00,19724.2,19747.0,19711.0,19747.0,0
2023-09-21 15:15:00,19745.75,19754.75,19741.35,19742.35,0
2023-09-22 09:15:00,19744.85,19791.35,19721.95,19736.65,0
2023-09-22 09:45:00,19736.6,19745.35,19665.45,19684.2,0
2023-09-22 10:15:00,19684.75,19749.6,19672.0,19749.25,0
2023-09-22 10:45:00,19749.1,19769.3,19740.2,19763.25,0
2023-09-22 11:15:00,19762.65,19766.75,19736.6,19745.15,0
2023-09-22 11:45:00,19744.6,19788.75,19740.0,19782.5,0
2023-09-22 12:15:00,19783.0,19798.2,19767.75,19788.85,0
2023-09-22 12:45:00,19788.6,19789.25,19754.65,19769.15,0
2023-09-22 13:15:00,19768.85,19776.6,19698.45,19709.1,0
2023-09-22 13:45:00,19708.25,19718.05,19688.95,19709.5,0
2023-09-22 14:15:00,19708.7,19722.6,19681.45,19703.4,0
2023-09-22 14:45:00,19702.85,19703.9,19661.5,19663.65,0
2023-09-22 15:15:00,19664.35,19690.95,19658.5,19674.25,0
2023-09-25 09:15:00,19688.85,19713.65,19634.55,19686.2,28128841
2023-09-25 09:45:00,19684.55,19686.5,19618.25,19619.0,2587003
2023-09-25 10:15:00,19618.9,19644.7,19612.4,19638.2,0
2023-09-25 10:45:00,19638.45,19644.0,19611.7,19612.1,0
2023-09-25 11:15:00,19613.7,19624.05,19602.05,19617.1,0
2023-09-25 11:45:00,19617.05,19654.55,19616.9,19653.25,0
2023-09-25 12:15:00,19653.5,19715.55,19652.2,19714.7,0
2023-09-25 12:45:00,19713.7,19733.9,19705.85,19714.5,0
2023-09-25 13:15:00,19714.2,19729.95,19701.0,19717.25,0
2023-09-25 13:45:00,19716.75,19717.95,19636.95,19637.6,0
2023-09-25 14:15:00,19637.9,19680.7,19627.0,19661.0,0
2023-09-25 14:45:00,19659.25,19704.65,19658.8,19679.8,0
2023-09-25 15:15:00,19679.35,19681.65,19666.45,19674.55,0
2023-09-26 09:15:00,19682.8,19697.3,19650.1,19680.35,0
2023-09-26 09:45:00,19680.75,19698.8,19672.75,19692.3,0
2023-09-26 10:15:00,19692.6,19696.4,19671.7,19678.85,0
2023-09-26 10:45:00,19679.25,19689.05,19664.45,19688.05,0
2023-09-26 11:15:00,19687.45,19691.95,19675.35,19679.7,0
2023-09-26 11:45:00,19679.55,19683.4,19663.1,19681.9,0
2023-09-26 12:15:00,19681.8,19685.0,19651.6,19653.3,0
2023-09-26 12:45:00,19653.1,19661.65,19637.85,19661.55,0
2023-09-26 13:15:00,19661.15,19682.75,19653.15,19681.0,0
2023-09-26 13:45:00,19680.95,19686.0,19666.7,19673.95,0
2023-09-26 14:15:00,19674.85,19681.7,19664.7,19672.9,0
2023-09-26 14:45:00,19673.2,19677.55,19657.25,19665.45,0
2023-09-26 15:15:00,19666.1,19673.6,19661.85,19664.7,0
2023-09-27 09:15:00,19637.05,19647.0,19597.45,19609.05,0
2023-09-27 09:45:00,19608.75,19624.3,19559.15,19562.25,0
2023-09-27 10:15:00,19561.95,19576.5,19554.55,19576.05,0
2023-09-27 10:45:00,19576.0,19630.8,19566.4,19627.4,0
2023-09-27 11:15:00,19628.85,19656.95,19617.0,19650.3,0
2023-09-27 11:45:00,19650.1,19663.3,19631.6,19648.9,0
2023-09-27 12:15:00,19648.95,19665.1,19646.4,19655.9,0
2023-09-27 12:45:00,19656.1,19686.0,19654.15,19683.35,0
2023-09-27 13:15:00,19683.75,19714.6,19674.95,19682.95,0
2023-09-27 13:45:00,19683.0,19707.6,19681.7,19692.6,0
2023-09-27 14:15:00,19693.85,19716.55,19675.35,19715.85,0
2023-09-27 14:45:00,19717.0,19730.45,19708.7,19709.35,0
2023-09-27 15:15:00,19709.7,19730.05,19708.15,19716.45,0
2023-09-28 09:15:00,19761.8,19766.15,19686.95,19686.95,0
2023-09-28 09:45:00,19687.6,19738.1,19674.7,19732.2,0
2023-09-28 10:15:00,19732.2,19749.9,19687.2,19688.1,0
2023-09-28 10:45:00,19689.0,19706.55,19659.05,19659.05,0
2023-09-28 11:15:00,19659.7,19668.55,19631.3,19637.3,0
2023-09-28 11:45:00,19637.75,19654.6,19620.35,19629.8,0
2023-09-28 12:15:00,19629.7,19636.65,19598.4,19612.75,0
2023-09-28 12:45:00,19612.35,19620.95,19587.1,19591.4,0
2023-09-28 13:15:00,19591.05,19592.85,19557.9,19583.0,0
2023-09-28 13:45:00,19583.8,19583.8,19540.2,19551.4,0
2023-09-28 14:15:00,19551.25,19578.45,19534.95,19537.2,0
2023-09-28 14:45:00,19537.0,19540.85,19493.1,19500.85,0
2023-09-28 15:15:00,19499.85,19557.5,19499.8,19523.55,0
2023-09-29 09:15:00,19581.2,19599.6,19551.3,19579.95,0
2023-09-29 09:45:00,19579.5,19607.75,19576.25,19596.75,0
2023-09-29 10:15:00,19597.45,19607.75,19575.2,19588.85,0
2023-09-29 10:45:00,19588.85,19610.6,19574.25,19608.2,0
2023-09-29 11:15:00,19607.75,19667.85,19602.2,19666.8,0
2023-09-29 11:45:00,19665.75,19676.7,19658.5,19666.75,0
2023-09-29 12:15:00,19666.05,19684.2,19663.65,19673.65,0
2023-09-29 12:45:00,19673.1,19675.1,19652.2,19667.6,0
2023-09-29 13:15:00,19667.85,19689.35,19658.95,19677.15,0
2023-09-29 13:45:00,19677.55,19718.25,19676.7,19710.55,0
2023-09-29 14:15:00,19709.55,19725.95,19702.55,19707.0,0
2023-09-29 14:45:00,19706.15,19710.25,19623.75,19623.8,0
2023-09-29 15:15:00,19624.35,19641.55,19618.55,19638.3,0
2023-10-03 09:15:00,19622.4,19622.4,19498.4,19525.65,0
2023-10-03 09:45:00,19526.35,19526.45,19480.1,19488.65,0
2023-10-03 10:15:00,19489.25,19529.6,19488.1,19502.8,0
2023-10-03 10:45:00,19503.75,19517.4,19497.75,19510.35,0
2023-10-03 11:15:00,19510.95,19538.45,19509.8,19526.25,0
2023-10-03 11:45:00,19527.0,19527.6,19504.15,19522.85,0
2023-10-03 12:15:00,19523.4,19540.25,19520.75,19532.6,0
2023-10-03 12:45:00,19533.1,19552.6,19528.35,19550.55,0
2023-10-03 13:15:00,19550.9,19555.85,19535.95,19553.15,0
2023-10-03 13:45:00,19553.3,19567.5,19517.7,19518.85,0
2023-10-03 14:15:00,19521.05,19535.05,19505.7,19524.8,0
2023-10-03 14:45:00,19524.5,19542.9,19522.85,19528.65,0
2023-10-03 15:15:00,19529.7,19532.2,19514.9,19528.75,0
2023-10-04 09:15:00,19446.3,19450.75,19375.7,19394.2,0
2023-10-04 09:45:00,19394.15,19414.0,19385.65,19392.95,0
2023-10-04 10:15:00,19392.6,19429.1,19385.3,19411.8,0
2023-10-04 10:45:00,19411.8,19424.3,19405.35,19420.25,0
2023-10-04 11:15:00,19420.85,19424.55,19393.65,19395.95,0
2023-10-04 11:45:00,19397.1,19397.2,19355.6,19370.7,0
2023-10-04 12:15:00,19370.8,19378.95,19347.6,19362.7,0
2023-10-04 12:45:00,19362.1,19368.75,19334.55,19357.0,0
2023-10-04 13:15:00,19357.3,19368.95,19343.1,19352.1,0
2023-10-04 13:45:00,19351.7,19388.1,19346.45,19383.7,0
2023-10-04 14:15:00,19383.4,19418.0,19379.2,19418.0,0
2023-10-04 14:45:00,19418.1,19446.7,19394.15,19444.55,0
2023-10-04 15:15:00,19444.35,19452.15,19435.0,19436.1,0
2023-10-05 09:15:00,19521.85,19546.3,19510.85,19543.75,0
2023-10-05 09:45:00,19543.7,19547.55,19522.25,19525.05,0
2023-10-05 10:15:00,19524.55,19531.1,19488.8,19494.6,0
2023-10-05 10:45:00,19495.15,19573.35,19487.95,19571.55,0
2023-10-05 11:15:00,19571.7,19576.45,19550.85,19556.25,0
2023-10-05 11:45:00,19556.25,19567.45,19545.3,19554.8,0
2023-10-05 12:15:00,19554.05,19554.2,19524.15,19531.7,0
2023-10-05 12:45:00,19532.35,19549.55,19519.7,19529.35,0
2023-10-05 13:15:00,19529.15,19560.35,19523.0,19559.2,0
2023-10-05 13:45:00,19558.05,19560.25,19546.6,19551.6,0
2023-10-05 14:15:00,19550.05,19563.45,19534.95,19563.0,0
2023-10-05 14:45:00,19561.05,19564.75,19532.4,19540.2,0
2023-10-05 15:15:00,19539.35,19553.9,19538.3,19545.75,0
2023-10-06 09:15:00,19621.2,19621.2,19590.85,19592.2,0
2023-10-06 09:45:00,19592.25,19616.45,19589.7,19603.45,0
2023-10-06 10:15:00,19602.45,19640.75,19593.2,19640.45,0
2023-10-06 10:45:00,19641.25,19658.0,19636.05,19642.45,0
2023-10-06 11:15:00,19643.55,19644.15,19604.35,19621.65,0
2023-10-06 11:45:00,19621.35,19628.5,19612.65,19624.75,0
2023-10-06 12:15:00,19624.35,19640.6,19613.25,19638.35,0
2023-10-06 12:45:00,19636.7,19649.95,19628.75,19648.4,0
2023-10-06 13:15:00,19647.25,19657.85,19645.25,19653.1,0
2023-10-06 13:45:00,19651.85,19668.4,19649.2,19664.8,0
2023-10-06 14:15:00,19664.9,19668.4,19647.65,19664.35,0
2023-10-06 14:45:00,19662.5,19674.9,19653.15,19660.25,0
2023-10-06 15:15:00,19660.95,19662.15,19640.5,19653.5,0
2023-10-09 09:15:00,19539.45,19552.85,19480.9,19550.05,0
2023-10-09 09:45:00,19550.35,19587.35,19549.6,19574.7,0
2023-10-09 10:15:00,19573.95,19588.6,19544.55,19556.95,0
2023-10-09 10:45:00,19557.1,19576.4,19550.9,19558.2,0
2023-10-09 11:15:00,19558.6,19569.0,19552.9,19567.4,0
2023-10-09 11:45:00,19567.3,19569.45,19548.2,19551.65,0
2023-10-09 12:15:00,19551.5,19553.85,19515.1,19515.1,0
2023-10-09 12:45:00,19513.15,19525.4,19503.25,19510.55,0
2023-10-09 13:15:00,19510.15,19534.25,19507.15,19529.65,0
2023-10-09 13:45:00,19530.0,19530.5,19507.5,19513.2,0
2023-10-09 14:15:00,19514.4,19530.25,19498.2,19521.15,0
2023-10-09 14:45:00,19520.4,19540.9,19512.3,19512.7,0
2023-10-09 15:15:00,19512.35,19513.3,19495.65,19512.35,0
2023-10-10 09:15:00,19565.6,19606.95,19565.6,19595.2,0
2023-10-10 09:45:00,19595.55,19619.1,19594.75,19617.7,0
2023-10-10 10:15:00,19618.15,19626.45,19608.25,19621.9,0
2023-10-10 10:45:00,19622.15,19627.0,19610.35,19622.8,0
2023-10-10 11:15:00,19622.8,19631.45,19611.7,19621.8,0
2023-10-10 11:45:00,19621.95,19657.0,19618.75,19652.45,0
2023-10-10 12:15:00,19652.5,19674.55,19644.35,19671.35,0
2023-10-10 12:45:00,19670.55,19685.75,19661.5,19676.5,0
2023-10-10 13:15:00,19676.65,19703.75,19673.25,19700.75,0
2023-10-10 13:45:00,19700.7,19707.45,19690.5,19696.05,0
2023-10-10 14:15:00,19696.4,19717.1,19695.45,19698.25,0
2023-10-10 14:45:00,19698.4,19708.45,19683.7,19688.3,0
2023-10-10 15:15:00,19689.1,19695.75,19682.9,19689.85,0
2023-10-11 09:15:00,19767.0,19822.15,19762.45,19809.0,0
2023-10-11 09:45:00,19808.6,19831.5,19795.1,19810.4,0
2023-10-11 10:15:00,19810.3,19838.9,19806.2,19832.75,0
2023-10-11 10:45:00,19832.75,19836.95,19802.0,19808.35,0
2023-10-11 11:15:00,19806.75,19823.15,19800.2,19813.2,0
2023-10-11 11:45:00,19813.45,19822.85,19804.9,19809.85,0
2023-10-11 12:15:00,19810.35,19810.35,19783.8,19788.45,0
2023-10-11 12:45:00,19787.55,19818.6,19782.05,19814.85,0
2023-10-11 13:15:00,19814.25,19815.95,19799.55,19808.65,0
2023-10-11 13:45:00,19808.45,19811.0,19788.7,19803.2,0
2023-10-11 14:15:00,19803.9,19823.3,19796.4,19820.35,0
2023-10-11 14:45:00,19820.2,19828.45,19807.15,19809.85,0
2023-10-11 15:15:00,19809.8,19812.15,19803.1,19811.35,0
2023-10-12 09:15:00,19822.7,19841.8,19799.45,19813.35,0
2023-10-12 09:45:00,19813.45,19814.4,19773.65,19794.95,0
2023-10-12 10:15:00,19795.45,19816.0,19778.3,19813.85,0
2023-10-12 10:45:00,19814.0,19827.45,19806.0,19824.45,0
2023-10-12 11:15:00,19824.5,19824.8,19803.45,19818.8,0
2023-10-12 11:45:00,19819.25,19833.35,19814.55,19819.85,0
2023-10-12 12:15:00,19820.6,19825.15,19805.7,19811.45,0
2023-10-12 12:45:00,19811.6,19825.6,19796.75,19802.3,0
2023-10-12 13:15:00,19801.85,19817.45,19800.0,19812.7,0
2023-10-12 13:45:00,19812.7,19817.85,19793.7,19803.05,0
2023-10-12 14:15:00,19801.7,19806.2,19788.3,19793.25,0
2023-10-12 14:45:00,19794.7,19807.3,19777.1,19799.2,0
2023-10-12 15:15:00,19799.85,19802.5,19779.75,19794.0,0
2023-10-13 09:15:00,19654.55,19736.25,19648.7,19708.4,0
2023-10-13 09:45:00,19707.55,19713.2,19690.45,19692.55,0
2023-10-13 10:15:00,19693.3,19704.0,19682.25,19685.25,0
2023-10-13 10:45:00,19685.9,19686.65,19670.55,19678.85,0
2023-10-13 11:15:00,19678.35,19700.9,19675.6,19693.6,0
2023-10-13 11:45:00,19695.5,19702.65,19681.25,19683.2,0
2023-10-13 12:15:00,19685.5,19721.95,19682.9,19718.85,0
2023-10-13 12:45:00,19720.5,19749.0,19713.05,19743.95,0
2023-10-13 13:15:00,19746.1,19757.7,19729.8,19749.85,0
2023-10-13 13:45:00,19751.75,19783.75,19743.6,19776.6,0
2023-10-13 14:15:00,19779.7,19804.9,19778.45,19778.45,0
2023-10-13 14:45:00,19782.5,19782.5,19745.65,19755.6,0
2023-10-13 15:15:00,19755.55,19756.1,19729.35,19751.05,0
2023-10-16 09:15:00,19737.25,19737.25,19691.95,19715.3,0
2023-10-16 09:45:00,19715.5,19754.0,19710.55,19749.3,0
2023-10-16 10:15:00,19750.0,19767.55,19739.1,19764.95,0
2023-10-16 10:45:00,19764.3,19766.5,19726.25,19742.45,0
2023-10-16 11:15:00,19742.35,19775.55,19731.3,19773.25,0
2023-10-16 11:45:00,19773.35,19780.5,19757.3,19762.0,0
2023-10-16 12:15:00,19761.05,19774.65,19755.5,19764.65,0
2023-10-16 12:45:00,19765.25,19781.2,19751.65,19754.7,0
2023-10-16 13:15:00,19753.7,19771.95,19744.4,19761.95,0
2023-10-16 13:45:00,19761.65,19771.75,19752.5,19754.2,0
2023-10-16 14:15:00,19754.45,19771.5,19747.65,19757.65,0
2023-10-16 14:45:00,19758.0,19766.55,19730.45,19730.45,0
2023-10-16 15:15:00,19730.85,19731.8,19718.8,19731.75,0
2023-10-17 09:15:00,19843.2,19843.2,19810.2,19827.0,0
2023-10-17 09:45:00,19827.4,19836.5,19816.85,19821.35,0
2023-10-17 10:15:00,19821.75,19840.4,19814.5,19832.9,0
2023-10-17 10:45:00,19833.15,19841.5,19824.25,19834.55,0
2023-10-17 11:15:00,19834.0,19836.2,19825.3,19829.6,0
2023-10-17 11:45:00,19829.85,19834.55,19821.0,19833.65,0
2023-10-17 12:15:00,19833.0,19843.1,19823.65,19843.1,0
2023-10-17 12:45:00,19842.05,19848.0,19832.9,19841.6,0
2023-10-17 13:15:00,19841.25,19848.05,19815.75,19825.85,0
2023-10-17 13:45:00,19825.8,19829.7,19775.85,19782.3,0
2023-10-17 14:15:00,19781.6,19803.35,19779.65,19794.05,0
2023-10-17 14:45:00,19794.35,19821.75,19786.1,19810.4,0
2023-10-17 15:15:00,19810.1,19823.35,19804.8,19811.5,0
2023-10-18 09:15:00,19820.45,19821.55,19775.35,19816.25,0
2023-10-18 09:45:00,19817.15,19840.2,19802.3,19832.7,0
2023-10-18 10:15:00,19832.7,19836.9,19787.3,19787.5,0
2023-10-18 10:45:00,19788.45,19788.45,19717.75,19724.9,0
2023-10-18 11:15:00,19725.25,19751.05,19719.8,19733.05,0
2023-10-18 11:45:00,19733.5,19733.5,19690.0,19700.8,0
2023-10-18 12:15:00,19700.6,19708.45,19674.0,19696.05,0
2023-10-18 12:45:00,19695.45,19710.55,19681.25,19709.65,0
2023-10-18 13:15:00,19708.8,19709.95,19690.2,19700.5,0
2023-10-18 13:45:00,19700.25,19725.4,19696.4,19719.45,0
2023-10-18 14:15:00,19719.35,19719.75,19677.85,19684.0,0
2023-10-18 14:45:00,19683.45,19698.6,19660.6,19672.05,0
2023-10-18 15:15:00,19672.05,19672.1,19661.6,19671.1,0
2023-10-19 09:15:00,19545.2,19568.7,19513.35,19542.6,0
2023-10-19 09:45:00,19541.6,19592.85,19536.85,19575.4,0
2023-10-19 10:15:00,19574.3,19591.3,19555.0,19563.75,0
2023-10-19 10:45:00,19563.6,19581.45,19555.1,19574.85,0
2023-10-19 11:15:00,19574.2,19660.5,19574.2,19641.95,0
2023-10-19 11:45:00,19641.45,19664.65,19635.15,19661.3,0
2023-10-19 12:15:00,19661.0,19664.15,19633.85,19645.9,0
2023-10-19 12:45:00,19646.15,19663.9,19634.25,19643.7,0
2023-10-19 13:15:00,19643.05,19656.85,19618.35,19651.8,0
2023-10-19 13:45:00,19652.05,19681.75,19646.25,19657.65,0
2023-10-19 14:15:00,19657.7,19660.6,19628.65,19644.15,0
2023-10-19 14:45:00,19644.45,19648.0,19621.1,19622.1,0
2023-10-19 15:15:00,19621.95,19631.25,19601.6,19624.7,0
2023-10-20 09:15:00,19542.15,19593.65,19520.0,19561.95,0
2023-10-20 09:45:00,19562.2,19584.9,19548.75,19570.6,0
2023-10-20 10:15:00,19572.35,19578.9,19545.85,19554.25,0
2023-10-20 10:45:00,19553.95,19569.15,19545.35,19567.25,0
2023-10-20 11:15:00,19567.65,19575.25,19540.65,19541.7,0
2023-10-20 11:45:00,19542.15,19557.05,19527.35,19546.95,0
2023-10-20 12:15:00,19546.75,19557.8,19527.6,19532.95,0
2023-10-20 12:45:00,19533.35,19543.35,19525.75,19533.6,0
2023-10-20 13:15:00,19533.1,19566.3,19533.1,19542.95,0
2023-10-20 13:45:00,19543.1,19550.1,19531.65,19541.05,0
2023-10-20 14:15:00,19540.85,19552.3,19531.55,19542.9,0
2023-10-20 14:45:00,19542.4,19555.05,19529.1,19546.4,0
2023-10-20 15:15:00,19546.45,19546.5,19526.5,19542.65,0
2023-10-23 09:15:00,19521.6,19556.35,19519.15,19539.0,0
2023-10-23 09:45:00,19540.05,19547.0,19482.55,19484.85,0
2023-10-23 10:15:00,19485.7,19490.1,19460.75,19468.1,0
2023-10-23 10:45:00,19467.5,19490.4,19462.85,19484.85,0
2023-10-23 11:15:00,19484.75,19488.1,19462.85,19463.55,0
2023-10-23 11:45:00,19459.85,19482.2,19444.95,19459.45,0
2023-10-23 12:15:00,19460.6,19469.8,19447.2,19459.35,0
2023-10-23 12:45:00,19457.3,19460.55,19430.0,19432.8,0
2023-10-23 13:15:00,19433.35,19446.7,19405.5,19418.2,0
2023-10-23 13:45:00,19417.85,19440.5,19413.65,19437.75,0
2023-10-23 14:15:00,19436.8,19437.75,19391.3,19392.15,0
2023-10-23 14:45:00,19391.1,19399.25,19269.55,19272.7,0
2023-10-23 15:15:00,19273.55,19283.15,19257.95,19281.75,0
2023-10-25 09:15:00,19286.45,19335.55,19260.5,19326.25,0
2023-10-25 09:45:00,19325.5,19346.7,19284.35,19315.3,0
2023-10-25 10:15:00,19314.05,19320.4,19291.55,19293.7,0
2023-10-25 10:45:00,19293.65,19296.2,19261.45,19274.05,0
2023-10-25 11:15:00,19273.7,19280.0,19212.15,19212.15,0
2023-10-25 11:45:00,19212.55,19253.6,19210.45,19228.4,0
2023-10-25 12:15:00,19229.45,19234.75,19144.75,19145.2,0
2023-10-25 12:45:00,19144.95,19166.1,19080.8,19080.8,0
2023-10-25 13:15:00,19080.65,19143.15,19075.1,19118.0,0
2023-10-25 13:45:00,19117.65,19175.45,19101.85,19174.35,0
2023-10-25 14:15:00,19173.85,19177.2,19118.1,19145.75,0
2023-10-25 14:45:00,19144.65,19167.6,19121.1,19129.5,0
2023-10-25 15:15:00,19129.3,19135.6,19102.3,19122.15,0
2023-10-26 09:15:00,19027.25,19034.6,18927.05,18932.05,0
2023-10-26 09:45:00,18932.9,18949.25,18908.75,18914.2,0
2023-10-26 10:15:00,18913.6,18920.2,18884.4,18903.35,0
2023-10-26 10:45:00,18903.6,18907.25,18860.45,18861.9,0
2023-10-26 11:15:00,18862.1,18880.1,18850.3,18875.5,0
2023-10-26 11:45:00,18875.55,18896.85,18856.2,18858.7,0
2023-10-26 12:15:00,18859.45,18891.7,18857.4,18868.15,0
2023-10-26 12:45:00,18867.85,18903.8,18865.45,18891.65,0
2023-10-26 13:15:00,18891.05,18899.1,18844.9,18855.85,0
2023-10-26 13:45:00,18859.35,18874.1,18844.45,18871.8,0
2023-10-26 14:15:00,18871.5,18879.3,18855.95,18872.1,0
2023-10-26 14:45:00,18871.8,18897.1,18843.55,18859.55,0
2023-10-26 15:15:00,18859.9,18865.25,18839.45,18857.25,0
2023-10-27 09:15:00,18928.75,19002.85,18927.55,18992.1,0
2023-10-27 09:45:00,18991.45,19029.7,18990.2,18992.15,0
2023-10-27 10:15:00,18992.2,19009.3,18974.35,19000.5,0
2023-10-27 10:45:00,19000.2,19023.0,18993.35,19011.2,0
2023-10-27 11:15:00,19012.15,19037.15,19009.3,19021.0,0
2023-10-27 11:45:00,19020.6,19057.65,19020.6,19048.8,0
2023-10-27 12:15:00,19049.1,19053.05,19014.3,19031.15,0
2023-10-27 12:45:00,19031.45,19043.7,19018.8,19027.85,0
2023-10-27 13:15:00,19028.0,19053.65,19026.9,19053.35,0
2023-10-27 13:45:00,19054.6,19073.5,19045.8,19059.3,0
2023-10-27 14:15:00,19059.5,19075.7,19050.25,19065.5,0
2023-10-27 14:45:00,19066.2,19071.65,19036.85,19036.85,0
2023-10-27 15:15:00,19037.4,19060.5,19033.7,19047.25,0
2023-10-30 09:15:00,19053.4,19079.35,18941.55,18946.5,0
2023-10-30 09:45:00,18947.15,19015.35,18940.15,19010.9,0
2023-10-30 10:15:00,19011.5,19067.1,19000.1,19064.6,0
2023-10-30 10:45:00,19064.6,19098.7,19063.8,19075.6,0
2023-10-30 11:15:00,19075.35,19117.8,19068.35,19110.6,0
2023-10-30 11:45:00,19111.05,19128.9,19096.95,19108.8,0
2023-10-30 12:15:00,19107.65,19116.95,19086.6,19112.65,0
2023-10-30 12:45:00,19112.0,19128.65,19107.9,19127.85,0
2023-10-30 13:15:00,19126.35,19141.3,19117.85,19122.6,0
2023-10-30 13:45:00,19121.7,19130.8,19104.35,19119.6,0
2023-10-30 14:15:00,19118.25,19128.9,19100.8,19127.25,0
2023-10-30 14:45:00,19126.75,19154.45,19121.05,19138.4,0
2023-10-30 15:15:00,19138.45,19157.35,19134.65,19140.9,0
2023-10-31 09:15:00,19232.95,19232.95,19110.9,19164.9,0
2023-10-31 09:45:00,19165.2,19165.2,19094.85,19103.35,0
2023-10-31 10:15:00,19103.4,19116.65,19066.4,19066.4,0
2023-10-31 10:45:00,19067.25,19102.7,19064.8,19095.95,0
2023-10-31 11:15:00,19095.95,19116.75,19083.2,19090.25,0
2023-10-31 11:45:00,19090.1,19093.45,19068.0,19078.8,0
2023-10-31 12:15:00,19078.6,19108.15,19074.9,19101.15,0
2023-10-31 12:45:00,19101.45,19113.9,19089.1,19105.05,0
2023-10-31 13:15:00,19104.65,19132.45,19083.85,19104.25,0
2023-10-31 13:45:00,19104.6,19115.25,19096.45,19110.6,0
2023-10-31 14:15:00,19110.2,19145.9,19108.85,19130.9,0
2023-10-31 14:45:00,19130.9,19142.9,19056.65,19091.2,0
2023-10-31 15:15:00,19091.4,19091.65,19075.25,19079.6,0
2023-11-01 09:15:00,19064.05,19095.95,19033.2,19078.35,0
2023-11-01 09:45:00,19077.7,19078.45,19020.4,19044.1,0
2023-11-01 10:15:00,19045.15,19061.95,19032.8,19049.7,0
2023-11-01 10:45:00,19050.6,19058.85,19031.35,19046.65,0
2023-11-01 11:15:00,19046.7,19051.05,19030.25,19045.25,0
2023-11-01 11:45:00,19044.6,19055.05,19039.45,19051.5,0
2023-11-01 12:15:00,19051.5,19065.45,19028.15,19038.0,0
2023-11-01 12:45:00,19038.35,19044.15,18996.1,19002.95,0
2023-11-01 13:15:00,19001.95,19033.45,18986.25,19033.45,0
2023-11-01 13:45:00,19033.6,19036.0,19010.45,19015.1,0
2023-11-01 14:15:00,19014.75,19021.2,18999.1,19004.7,0
2023-11-01 14:45:00,19003.85,19024.25,18988.5,18990.6,0
2023-11-01 15:15:00,18990.4,18994.7,18974.2,18989.15,0
2023-11-02 09:15:00,19120.0,19174.95,19113.45,19165.05,0
2023-11-02 09:45:00,19163.2,19164.15,19119.1,19124.6,0
2023-11-02 10:15:00,19124.9,19133.7,19114.4,19121.9,0
2023-11-02 10:45:00,19122.95,19129.9,19106.9,19127.85,0
2023-11-02 11:15:00,19128.05,19130.0,19084.3,19091.05,0
2023-11-02 11:45:00,19087.95,19094.1,19065.85,19079.2,0
2023-11-02 12:15:00,19079.2,19110.75,19076.95,19098.4,0
2023-11-02 12:45:00,19098.15,19112.75,19094.45,19112.75,0
2023-11-02 13:15:00,19112.65,19117.25,19091.7,19112.4,0
2023-11-02 13:45:00,19111.85,19136.05,19107.8,19125.8,0
2023-11-02 14:15:00,19125.95,19140.7,19109.9,19111.6,0
2023-11-02 14:45:00,19111.65,19141.85,19106.95,19120.45,0
2023-11-02 15:15:00,19121.2,19147.75,19119.7,19133.25,0
2023-11-03 09:15:00,19241.0,19264.9,19235.1,19250.2,0
2023-11-03 09:45:00,19249.65,19270.7,19230.95,19264.9,0
2023-11-03 10:15:00,19264.85,19270.9,19250.65,19255.4,0
2023-11-03 10:45:00,19253.45,19275.8,19250.95,19268.5,0
2023-11-03 11:15:00,19268.7,19274.05,19248.35,19250.9,0
2023-11-03 11:45:00,19250.45,19260.35,19235.95,19245.65,0
2023-11-03 12:15:00,19245.3,19259.05,19238.3,19252.0,0
2023-11-03 12:45:00,19251.15,19262.9,19242.9,19253.9,0
2023-11-03 13:15:00,19254.0,19267.6,19249.75,19258.7,0
2023-11-03 13:45:00,19258.4,19261.2,19249.15,19254.95,0
2023-11-03 14:15:00,19254.0,19269.0,19233.9,19238.3,0
2023-11-03 14:45:00,19237.05,19249.95,19211.4,19227.85,0
2023-11-03 15:15:00,19228.35,19231.05,19220.2,19230.6,0
2023-11-06 09:15:00,19345.85,19356.4,19313.15,19339.5,0
2023-11-06 09:45:00,19339.6,19355.6,19324.4,19354.85,0
2023-11-06 10:15:00,19355.4,19370.75,19343.2,19346.55,0
2023-11-06 10:45:00,19346.4,19347.45,19310.75,19332.05,0
2023-11-06 11:15:00,19332.3,19344.15,19327.8,19342.55,0
2023-11-06 11:45:00,19342.65,19352.7,19339.5,19346.9,0
2023-11-06 12:15:00,19346.6,19357.7,19339.95,19355.05,0
2023-11-06 12:45:00,19354.3,19360.15,19343.45,19355.8,0
2023-11-06 13:15:00,19354.95,19362.95,19349.85,19362.95,0
2023-11-06 13:45:00,19362.25,19374.1,19352.85,19374.0,0
2023-11-06 14:15:00,19373.7,19386.15,19370.85,19380.1,0
2023-11-06 14:45:00,19379.2,19416.65,19369.6,19416.5,0
2023-11-06 15:15:00,19416.85,19421.55,19406.75,19411.75,0
2023-11-07 09:15:00,19404.05,19407.15,19349.45,19366.5,0
2023-11-07 09:45:00,19367.25,19374.65,19347.8,19366.2,0
2023-11-07 10:15:00,19366.65,19393.05,19361.65,19393.05,0
2023-11-07 10:45:00,19392.65,19396.95,19379.9,19392.85,0
2023-11-07 11:15:00,19392.85,19398.0,19353.9,19354.7,0
2023-11-07 11:45:00,19353.7,19355.55,19329.75,19352.45,0
2023-11-07 12:15:00,19352.65,19368.6,19348.5,19363.45,0
2023-11-07 12:45:00,19363.75,19373.0,19359.4,19366.8,0
2023-11-07 13:15:00,19367.4,19376.35,19353.45,19372.95,0
2023-11-07 13:45:00,19373.25,19410.1,19366.35,19401.15,0
2023-11-07 14:15:00,19400.9,19406.9,19379.15,19382.95,0
2023-11-07 14:45:00,19383.85,19411.3,19380.75,19398.05,0
2023-11-07 15:15:00,19398.15,19422.55,19395.2,19406.7,0
2023-11-08 09:15:00,19449.6,19453.6,19403.85,19425.35,0
2023-11-08 09:45:00,19425.95,19453.25,19419.35,19427.2,0
2023-11-08 10:15:00,19427.85,19446.5,19416.55,19433.35,0
2023-11-08 10:45:00,19433.7,19438.35,19401.65,19408.2,0
2023-11-08 11:15:00,19407.95,19440.45,19404.65,19438.45,0
2023-11-08 11:45:00,19438.65,19443.75,19426.8,19439.6,0
2023-11-08 12:15:00,19438.75,19441.2,19424.65,19430.7,0
2023-11-08 12:45:00,19430.8,19448.15,19421.1,19448.05,0
2023-11-08 13:15:00,19447.7,19463.2,19443.25,19454.35,0
2023-11-08 13:45:00,19454.7,19464.3,19440.65,19441.4,0
2023-11-08 14:15:00,19441.0,19448.3,19414.7,19424.4,0
2023-11-08 14:45:00,19425.25,19450.15,19421.0,19449.3,0
2023-11-08 15:15:00,19449.65,19450.65,19430.25,19443.5,0
2023-11-09 09:15:00,19457.4,19457.4,19409.85,19427.45,0
2023-11-09 09:45:00,19427.8,19452.2,19403.65,19447.65,0
2023-11-09 10:15:00,19447.3,19451.7,19413.7,19423.85,0
2023-11-09 10:45:00,19424.5,19438.75,19418.45,19431.7,0
2023-11-09 11:15:00,19433.6,19454.9,19427.25,19451.4,0
2023-11-09 11:45:00,19451.75,19459.75,19433.15,19445.35,0
2023-11-09 12:15:00,19445.55,19453.5,19434.65,19438.35,0
2023-11-09 12:45:00,19437.85,19443.65,19422.95,19430.8,0
2023-11-09 13:15:00,19430.75,19439.65,19414.45,19420.7,0
2023-11-09 13:45:00,19420.95,19431.4,19406.25,19421.6,0
2023-11-09 14:15:00,19421.9,19423.5,19390.0,19395.85,0
2023-11-09 14:45:00,19395.3,19407.05,19381.4,19393.1,0
2023-11-09 15:15:00,19392.55,19406.5,19389.75,19395.3,0
2023-11-10 09:15:00,19351.85,19361.55,19331.25,19352.0,0
2023-11-10 09:45:00,19352.9,19355.45,19333.9,19349.1,0
2023-11-10 10:15:00,19348.9,19380.8,19348.9,19372.4,0
2023-11-10 10:45:00,19371.85,19384.75,19353.9,19359.95,0
2023-11-10 11:15:00,19359.85,19379.85,19356.8,19376.55,0
2023-11-10 11:45:00,19375.75,19390.25,19371.1,19385.05,0
2023-11-10 12:15:00,19386.0,19396.7,19376.1,19396.7,0
2023-11-10 12:45:00,19396.45,19409.8,19390.8,19391.5,0
2023-11-10 13:15:00,19390.6,19413.45,19390.6,19408.95,0
2023-11-10 13:45:00,19408.6,19410.35,19385.25,19391.75,0
2023-11-10 14:15:00,19391.5,19393.3,19363.3,19378.05,0
2023-11-10 14:45:00,19377.2,19425.4,19375.45,19425.4,0
2023-11-10 15:15:00,19425.45,19450.8,19421.2,19425.35,0
2023-11-12 17:45:00,19547.25,19547.25,19547.25,19547.25,0
2023-11-12 18:15:00,19547.25,19547.25,19514.15,19536.1,0
2023-11-12 18:45:00,19536.85,19536.95,19510.95,19522.3,0
2023-11-12 19:15:00,19523.5,19525.55,19523.5,19525.55,0
2023-11-12 19:45:00,19525.55,19525.55,19525.55,19525.55,0
2023-11-13 09:15:00,19486.75,19489.6,19441.8,19444.85,0
2023-11-13 09:45:00,19444.6,19479.15,19444.1,19469.45,0
2023-11-13 10:15:00,19469.7,19476.55,19415.15,19423.75,0
2023-11-13 10:45:00,19423.8,19431.9,19419.2,19421.7,0
2023-11-13 11:15:00,19421.7,19454.25,19420.0,19446.45,0
2023-11-13 11:45:00,19447.05,19447.05,19431.15,19437.55,0
2023-11-13 12:15:00,19437.5,19450.15,19430.55,19442.55,0
2023-11-13 12:45:00,19443.05,19448.9,19438.3,19440.15,0
2023-11-13 13:15:00,19440.25,19454.6,19435.85,19444.05,0
2023-11-13 13:45:00,19444.2,19459.8,19437.35,19455.35,0
2023-11-13 14:15:00,19455.1,19460.05,19446.75,19450.95,0
2023-11-13 14:45:00,19449.05,19455.05,19437.1,19441.4,0
2023-11-13 15:15:00,19441.65,19446.5,19436.5,19443.55,0
2023-11-15 09:15:00,19651.4,19651.4,19580.45,19623.8,0
2023-11-15 09:45:00,19624.45,19641.7,19622.35,19630.5,0
2023-11-15 10:15:00,19629.55,19640.2,19627.3,19631.65,0
2023-11-15 10:45:00,19631.35,19633.0,19615.75,19623.7,0
2023-11-15 11:15:00,19624.2,19627.1,19615.4,19617.4,0
2023-11-15 11:45:00,19617.6,19632.2,19614.35,19631.65,0
2023-11-15 12:15:00,19631.75,19641.2,19628.95,19636.05,0
2023-11-15 12:45:00,19635.95,19654.45,19631.65,19651.6,0
2023-11-15 13:15:00,19651.95,19673.3,19651.3,19661.9,0
2023-11-15 13:45:00,19662.1,19667.85,19650.9,19659.0,0
2023-11-15 14:15:00,19658.75,19677.35,19654.75,19668.9,0
2023-11-15 14:45:00,19668.4,19677.4,19643.7,19677.4,0
2023-11-15 15:15:00,19676.95,19691.2,19671.6,19675.45,0
2023-11-16 09:15:00,19674.7,19699.3,19627.6,19696.6,0
2023-11-16 09:45:00,19697.7,19720.05,19685.25,19713.75,0
2023-11-16 10:15:00,19715.55,19728.15,19705.75,19718.05,0
2023-11-16 10:45:00,19718.4,19795.55,19711.0,19795.5,0
2023-11-16 11:15:00,19795.05,19802.2,19782.05,19788.2,0
2023-11-16 11:45:00,19787.9,19808.1,19782.65,19800.95,0
2023-11-16 12:15:00,19800.35,19810.45,19787.25,19810.2,0
2023-11-16 12:45:00,19810.9,19812.6,19800.3,19803.65,0
2023-11-16 13:15:00,19803.8,19806.95,19793.65,19806.65,0
2023-11-16 13:45:00,19807.3,19820.05,19799.25,19817.6,0
2023-11-16 14:15:00,19818.7,19861.7,19816.1,19858.8,0
2023-11-16 14:45:00,19857.95,19874.75,19722.8,19730.65,0
2023-11-16 15:15:00,19730.05,19767.9,19725.25,19765.2,0
2023-11-17 09:15:00,19674.75,19779.4,19669.6,19779.25,0
2023-11-17 09:45:00,19779.9,19805.75,19770.0,19778.7,0
2023-11-17 10:15:00,19777.25,19801.6,19748.5,19799.55,0
2023-11-17 10:45:00,19799.4,19801.3,19765.45,19765.85,0
2023-11-17 11:15:00,19766.05,19778.6,19750.05,19775.8,0
2023-11-17 11:45:00,19776.1,19776.25,19755.05,19761.6,0
2023-11-17 12:15:00,19761.6,19773.9,19743.15,19771.25,0
2023-11-17 12:45:00,19771.6,19779.4,19756.8,19763.65,0
2023-11-17 13:15:00,19763.65,19766.8,19742.75,19755.2,0
2023-11-17 13:45:00,19755.55,19771.1,19727.55,19756.8,0
2023-11-17 14:15:00,19756.7,19763.45,19732.85,19749.25,0
2023-11-17 14:45:00,19749.45,19750.4,19722.85,19740.95,0
2023-11-17 15:15:00,19740.5,19745.55,19715.35,19731.8,0
2023-11-20 09:15:00,19731.15,19752.15,19707.75,19717.2,0
2023-11-20 09:45:00,19716.75,19723.1,19701.6,19714.8,0
2023-11-20 10:15:00,19715.35,19755.55,19713.7,19736.65,0
2023-11-20 10:45:00,19736.15,19747.3,19677.8,19678.0,0
2023-11-20 11:15:00,19678.05,19691.8,19673.25,19682.9,0
2023-11-20 11:45:00,19683.6,19700.6,19671.2,19697.5,0
2023-11-20 12:15:00,19697.35,19701.25,19683.0,19690.65,0
2023-11-20 12:45:00,19690.0,19712.05,19683.0,19706.2,0
2023-11-20 13:15:00,19706.35,19712.9,19697.15,19707.75,0
2023-11-20 13:45:00,19707.55,19711.85,19683.2,19692.9,0
2023-11-20 14:15:00,19693.45,19714.6,19690.75,19710.0,0
2023-11-20 14:45:00,19709.75,19719.0,19687.65,19690.65,0
2023-11-20 15:15:00,19690.85,19703.1,19687.7,19694.0,0
2023-11-21 09:15:00,19770.9,19789.65,19754.6,19788.35,0
2023-11-21 09:45:00,19788.75,19789.35,19759.55,19766.95,0
2023-11-21 10:15:00,19767.4,19783.85,19764.35,19779.25,0
2023-11-21 10:45:00,19778.85,19780.55,19766.95,19777.0,0
2023-11-21 11:15:00,19777.15,19789.3,19773.75,19781.15,0
2023-11-21 11:45:00,19781.45,19798.05,19777.15,19797.75,0
2023-11-21 12:15:00,19798.05,19828.2,19792.9,19802.95,0
2023-11-21 12:45:00,19802.7,19812.5,19770.35,19775.85,0
2023-11-21 13:15:00,19775.55,19811.85,19772.35,19801.1,0
2023-11-21 13:45:00,19800.5,19804.7,19790.8,19794.8,0
2023-11-21 14:15:00,19795.05,19798.05,19781.85,19789.05,0
2023-11-21 14:45:00,19788.75,19791.1,19780.55,19783.65,0
2023-11-21 15:15:00,19782.25,19786.95,19775.1,19783.4,0
2023-11-22 09:15:00,19784.0,19812.7,19768.4,19805.1,0
2023-11-22 09:45:00,19804.3,19823.3,19804.3,19815.9,0
2023-11-22 10:15:00,19815.85,19825.35,19791.85,19811.3,0
2023-11-22 10:45:00,19810.9,19816.95,19795.15,19798.9,0
2023-11-22 11:15:00,19798.8,19807.85,19789.2,19789.2,0
2023-11-22 11:45:00,19789.2,19791.9,19755.6,19755.6,0
2023-11-22 12:15:00,19755.1,19766.6,19705.05,19741.7,0
2023-11-22 12:45:00,19741.1,19751.5,19723.8,19746.5,0
2023-11-22 13:15:00,19746.35,19759.65,19739.9,19744.0,0
2023-11-22 13:45:00,19743.6,19752.75,19733.0,19735.8,0
2023-11-22 14:15:00,19734.9,19804.75,19734.35,19803.6,0
2023-11-22 14:45:00,19802.75,19822.35,19802.25,19811.8,0
2023-11-22 15:15:00,19812.65,19818.7,19803.2,19811.85,0
2023-11-23 09:15:00,19828.45,19874.55,19828.45,19867.85,0
2023-11-23 09:45:00,19867.2,19871.95,19825.7,19836.55,0
2023-11-23 10:15:00,19836.1,19839.0,19793.3,19803.05,0
2023-11-23 10:45:00,19803.0,19822.1,19795.75,19809.0,0
2023-11-23 11:15:00,19809.25,19817.6,19801.4,19801.4,0
2023-11-23 11:45:00,19801.35,19810.85,19792.2,19802.95,0
2023-11-23 12:15:00,19804.5,19830.8,19801.0,19808.75,0
2023-11-23 12:45:00,19809.25,19822.0,19802.7,19810.15,0
2023-11-23 13:15:00,19810.8,19817.95,19803.25,19809.8,0
2023-11-23 13:45:00,19810.45,19824.65,19807.15,19808.2,0
2023-11-23 14:15:00,19808.6,19816.9,19796.35,19800.1,0
2023-11-23 14:45:00,19800.65,19807.7,19787.65,19799.4,0
2023-11-23 15:15:00,19800.65,19819.25,19798.85,19802.0,0
2023-11-24 09:15:00,19809.6,19832.2,19809.6,19813.7,0
2023-11-24 09:45:00,19813.7,19816.05,19787.85,19803.3,0
2023-11-24 10:15:00,19803.85,19821.85,19792.6,19818.75,0
2023-11-24 10:45:00,19819.6,19820.2,19803.9,19809.6,0
2023-11-24 11:15:00,19809.45,19817.85,19801.7,19814.0,0
2023-11-24 11:45:00,19813.9,19817.35,19796.95,19814.8,0
2023-11-24 12:15:00,19816.05,19818.85,19798.05,19802.9,0
2023-11-24 12:45:00,19803.85,19806.7,19769.15,19773.85,0
2023-11-24 13:15:00,19775.15,19792.1,19772.4,19781.85,0
2023-11-24 13:45:00,19782.85,19802.95,19778.05,19795.25,0
2023-11-24 14:15:00,19795.9,19806.2,19786.95,19796.5,0
2023-11-24 14:45:00,19797.9,19801.65,19784.9,19792.3,0
2023-11-24 15:15:00,19792.9,19803.65,19786.25,19794.7,0
2023-11-28 09:15:00,19844.65,19844.65,19807.7,19824.1,0
2023-11-28 09:45:00,19824.1,19832.8,19807.35,19811.15,0
2023-11-28 10:15:00,19810.85,19826.95,19800.45,19817.15,0
2023-11-28 10:45:00,19816.9,19826.75,19815.9,19822.0,0
2023-11-28 11:15:00,19822.15,19826.1,19810.65,19821.25,0
2023-11-28 11:45:00,19820.95,19839.7,19820.95,19834.9,0
2023-11-28 12:15:00,19834.25,19838.5,19825.9,19835.3,0
2023-11-28 12:45:00,19835.6,19838.55,19822.2,19826.35,0
2023-11-28 13:15:00,19826.65,19828.65,19820.55,19825.65,0
2023-11-28 13:45:00,19825.9,19831.5,19816.0,19823.1,0
2023-11-28 14:15:00,19823.5,19885.5,19822.4,19876.05,0
2023-11-28 14:45:00,19876.85,19897.3,19864.65,19896.15,0
2023-11-28 15:15:00,19895.95,19916.3,19889.1,19889.7,0
2023-11-29 09:15:00,19976.55,20007.9,19958.4,20005.95,0
2023-11-29 09:45:00,20004.9,20015.35,19996.9,20014.2,0
2023-11-29 10:15:00,20013.35,20016.7,19993.1,20001.5,0
2023-11-29 10:45:00,20002.65,20010.0,19993.7,20007.55,0
2023-11-29 11:15:00,20007.1,20034.7,20005.05,20028.65,0
2023-11-29 11:45:00,20028.95,20032.4,20021.15,20030.9,0
2023-11-29 12:15:00,20031.5,20040.3,20027.85,20036.0,0
2023-11-29 12:45:00,20035.6,20046.6,20034.05,20043.6,0
2023-11-29 13:15:00,20043.95,20058.4,20035.15,20056.6,0
2023-11-29 13:45:00,20057.85,20075.25,20056.15,20065.0,0
2023-11-29 14:15:00,20064.35,20082.95,20058.75,20082.85,0
2023-11-29 14:45:00,20083.65,20103.85,20077.05,20101.9,0
2023-11-29 15:15:00,20101.8,20104.1,20086.3,20096.6,0
2023-11-30 09:15:00,20108.5,20134.2,20092.55,20122.6,0
2023-11-30 09:45:00,20122.0,20124.2,20017.9,20047.35,0
2023-11-30 10:15:00,20047.05,20098.6,20045.85,20098.6,0
2023-11-30 10:45:00,20099.2,20104.7,20054.65,20065.8,0
2023-11-30 11:15:00,20065.6,20072.55,20057.7,20060.1,0
2023-11-30 11:45:00,20060.2,20079.55,20054.05,20054.55,0
2023-11-30 12:15:00,20054.5,20061.55,20042.65,20059.8,0
2023-11-30 12:45:00,20059.65,20070.6,20052.85,20067.7,0
2023-11-30 13:15:00,20067.8,20107.25,20062.75,20102.45,0
2023-11-30 13:45:00,20103.05,20120.0,20056.75,20061.9,0
2023-11-30 14:15:00,20061.1,20128.85,20058.65,20125.4,0
2023-11-30 14:45:00,20126.7,20139.75,20096.75,20135.2,0
2023-11-30 15:15:00,20133.85,20157.35,20126.15,20133.15,0
2023-12-01 09:15:00,20194.1,20237.6,20188.3,20219.65,0
2023-12-01 09:45:00,20220.05,20263.55,20214.65,20258.65,0
2023-12-01 10:15:00,20257.55,20268.7,20251.85,20261.15,0
2023-12-01 10:45:00,20261.9,20271.55,20252.45,20263.1,0
2023-12-01 11:15:00,20263.2,20280.5,20254.75,20275.4,0
2023-12-01 11:45:00,20276.2,20284.5,20264.95,20268.35,0
2023-12-01 12:15:00,20266.95,20281.6,20266.6,20277.3,0
2023-12-01 12:45:00,20276.45,20285.4,20268.4,20277.3,0
2023-12-01 13:15:00,20277.8,20281.45,20264.55,20275.1,0
2023-12-01 13:45:00,20275.8,20290.6,20267.65,20271.7,0
2023-12-01 14:15:00,20273.85,20280.0,20244.4,20250.25,0
2023-12-01 14:45:00,20249.65,20282.05,20245.65,20267.35,0
2023-12-01 15:15:00,20268.4,20272.3,20248.95,20267.9,0
2023-12-04 09:15:00,20601.95,20601.95,20508.65,20569.9,0
2023-12-04 09:45:00,20569.0,20574.3,20535.3,20545.7,0
2023-12-04 10:15:00,20545.65,20553.7,20523.3,20545.6,0
2023-12-04 10:45:00,20545.75,20574.15,20543.6,20573.15,0
2023-12-04 11:15:00,20574.25,20583.4,20558.15,20574.25,0
2023-12-04 11:45:00,20574.9,20587.9,20569.05,20582.65,0
2023-12-04 12:15:00,20583.4,20586.7,20571.65,20581.45,0
2023-12-04 12:45:00,20581.45,20591.35,20570.7,20587.35,0
2023-12-04 13:15:00,20587.85,20623.7,20586.6,20615.45,0
2023-12-04 13:45:00,20615.8,20641.6,20593.65,20640.9,0
2023-12-04 14:15:00,20641.25,20670.25,20630.55,20669.2,0
2023-12-04 14:45:00,20669.95,20702.25,20656.3,20678.3,0
2023-12-04 15:15:00,20678.3,20694.35,20675.8,20686.8,0
2023-12-05 09:15:00,20808.9,20808.9,20711.15,20776.7,0
2023-12-05 09:45:00,20776.4,20810.1,20767.35,20806.95,0
2023-12-05 10:15:00,20807.7,20848.05,20805.6,20839.75,0
2023-12-05 10:45:00,20840.25,20849.3,20803.4,20822.3,0
2023-12-05 11:15:00,20821.65,20825.0,20740.55,20740.55,0
2023-12-05 11:45:00,20740.4,20779.85,20731.0,20776.7,0
2023-12-05 12:15:00,20776.55,20793.05,20768.45,20779.1,0
2023-12-05 12:45:00,20779.3,20810.75,20774.75,20802.0,0
2023-12-05 13:15:00,20801.9,20827.4,20788.65,20819.0,0
2023-12-05 13:45:00,20819.4,20823.25,20789.2,20812.9,0
2023-12-05 14:15:00,20812.5,20832.05,20794.1,20818.3,0
2023-12-05 14:45:00,20818.7,20860.45,20818.7,20857.75,0
2023-12-05 15:15:00,20857.95,20863.7,20851.5,20855.1,0
2023-12-06 09:15:00,20950.75,20956.0,20887.9,20930.05,0
2023-12-06 09:45:00,20930.7,20957.9,20894.7,20898.8,0
2023-12-06 10:15:00,20899.55,20923.95,20891.05,20903.95,0
2023-12-06 10:45:00,20903.7,20942.7,20903.7,20926.95,0
2023-12-06 11:15:00,20927.45,20939.7,20915.25,20938.95,0
2023-12-06 11:45:00,20940.05,20940.85,20917.3,20930.5,0
2023-12-06 12:15:00,20931.4,20933.8,20891.55,20896.2,0
2023-12-06 12:45:00,20897.55,20907.15,20870.2,20873.4,0
2023-12-06 13:15:00,20873.75,20908.3,20852.8,20900.7,0
2023-12-06 13:45:00,20901.3,20933.45,20897.65,20927.0,0
2023-12-06 14:15:00,20927.25,20955.15,20922.6,20951.95,0
2023-12-06 14:45:00,20952.7,20961.45,20932.2,20939.35,0
2023-12-06 15:15:00,20939.9,20946.5,20923.6,20937.7,0
2023-12-07 09:15:00,20932.4,20932.4,20851.45,20879.0,0
2023-12-07 09:45:00,20879.6,20887.1,20864.2,20870.2,0
2023-12-07 10:15:00,20870.05,20908.45,20859.85,20901.05,0
2023-12-07 10:45:00,20901.25,20935.85,20892.85,20927.0,0
2023-12-07 11:15:00,20927.65,20932.4,20899.2,20904.35,0
2023-12-07 11:45:00,20904.1,20925.15,20901.0,20917.35,0
2023-12-07 12:15:00,20917.15,20921.45,20901.35,20918.5,0
2023-12-07 12:45:00,20920.2,20924.25,20904.45,20917.15,0
2023-12-07 13:15:00,20917.05,20927.0,20907.4,20915.15,0
2023-12-07 13:45:00,20914.9,20921.3,20902.85,20908.15,0
2023-12-07 14:15:00,20908.0,20923.7,20901.55,20901.55,0
2023-12-07 14:45:00,20901.65,20915.6,20879.1,20902.75,0
2023-12-07 15:15:00,20902.65,20919.6,20899.8,20901.15,0
2023-12-08 09:15:00,20934.1,20976.2,20934.1,20975.75,0
2023-12-08 09:45:00,20973.4,21004.45,20964.15,20992.05,0
2023-12-08 10:15:00,20992.15,21005.75,20973.75,20991.85,0
2023-12-08 10:45:00,20992.2,20995.45,20931.7,20955.8,0
2023-12-08 11:15:00,20955.7,20982.15,20953.35,20976.0,0
2023-12-08 11:45:00,20975.0,20979.35,20956.95,20967.55,0
2023-12-08 12:15:00,20967.6,20970.9,20927.7,20927.7,0
2023-12-08 12:45:00,20928.9,20935.8,20899.8,20921.3,0
2023-12-08 13:15:00,20922.45,20928.9,20867.3,20868.35,0
2023-12-08 13:45:00,20869.05,20917.1,20863.05,20916.2,0
2023-12-08 14:15:00,20917.25,20938.35,20898.95,20935.0,0
2023-12-08 14:45:00,20936.55,20979.15,20927.8,20978.15,0
2023-12-08 15:15:00,20977.9,20983.0,20966.8,20969.4,0
2023-12-11 09:15:00,20965.3,21017.3,20932.0,20978.95,0
2023-12-11 09:45:00,20979.05,21011.6,20973.7,21011.2,0
2023-12-11 10:15:00,21010.95,21025.6,20957.3,20967.1,0
2023-12-11 10:45:00,20966.3,21009.75,20950.6,21009.2,0
2023-12-11 11:15:00,21008.7,21013.4,20982.5,20998.55,0
2023-12-11 11:45:00,20998.85,21001.0,20970.0,20985.35,0
2023-12-11 12:15:00,20984.15,20985.15,20953.7,20972.85,0
2023-12-11 12:45:00,20972.15,20983.4,20966.3,20982.15,0
2023-12-11 13:15:00,20982.15,20995.65,20977.3,20991.45,0
2023-12-11 13:45:00,20991.5,20994.75,20971.55,20992.4,0
2023-12-11 14:15:00,20992.4,21005.35,20982.3,20994.5,0
2023-12-11 14:45:00,20993.6,21009.6,20985.6,21000.55,0
2023-12-11 15:15:00,21000.95,21002.55,20981.85,20997.1,0
2023-12-12 09:15:00,21018.55,21037.85,21007.2,21021.55,0
2023-12-12 09:45:00,21022.15,21037.35,20997.6,21003.85,0
2023-12-12 10:15:00,21003.7,21013.35,20975.25,21001.8,0
2023-12-12 10:45:00,21002.0,21020.3,20998.8,21015.8,0
2023-12-12 11:15:00,21015.85,21016.25,20993.5,21000.25,0
2023-12-12 11:45:00,20999.8,21014.55,20999.7,21013.1,0
2023-12-12 12:15:00,21013.1,21016.75,20986.25,20986.75,0
2023-12-12 12:45:00,20986.9,20987.7,20954.4,20964.7,0
2023-12-12 13:15:00,20965.0,20973.45,20953.15,20970.0,0
2023-12-12 13:45:00,20968.75,20972.3,20938.85,20940.95,0
2023-12-12 14:15:00,20939.9,20947.0,20885.35,20891.1,0
2023-12-12 14:45:00,20890.1,20918.9,20867.65,20903.2,0
2023-12-12 15:15:00,20903.25,20913.35,20896.9,20906.4,0
2023-12-13 09:15:00,20929.75,20929.8,20878.3,20889.7,0
2023-12-13 09:45:00,20888.0,20893.9,20820.9,20850.7,0
2023-12-13 10:15:00,20850.5,20851.2,20801.45,20820.45,0
2023-12-13 10:45:00,20819.2,20849.25,20807.1,20831.35,0
2023-12-13 11:15:00,20831.4,20832.15,20774.65,20791.5,0
2023-12-13 11:45:00,20791.55,20797.6,20778.45,20784.3,0
2023-12-13 12:15:00,20784.6,20793.5,20769.85,20788.4,0
2023-12-13 12:45:00,20788.85,20833.0,20788.25,20819.65,0
2023-12-13 13:15:00,20819.95,20873.45,20819.3,20869.25,0
2023-12-13 13:45:00,20869.25,20899.85,20857.1,20884.25,0
2023-12-13 14:15:00,20884.85,20887.85,20851.65,20856.0,0
2023-12-13 14:45:00,20855.7,20934.1,20855.7,20924.2,0
2023-12-13 15:15:00,20924.85,20949.15,20921.5,20926.35,0
2023-12-14 09:15:00,21110.4,21148.4,21081.1,21137.3,0
2023-12-14 09:45:00,21136.05,21187.15,21135.35,21168.05,0
2023-12-14 10:15:00,21168.2,21170.8,21132.1,21141.55,0
2023-12-14 10:45:00,21142.9,21166.95,21142.9,21164.15,0
2023-12-14 11:15:00,21163.25,21182.45,21157.25,21179.5,0
2023-12-14 11:45:00,21178.95,21183.1,21153.6,21156.5,0
2023-12-14 12:15:00,21156.1,21170.9,21147.7,21162.4,0
2023-12-14 12:45:00,21161.8,21181.5,21160.95,21177.85,0
2023-12-14 13:15:00,21177.85,21210.75,21172.05,21206.7,0
2023-12-14 13:45:00,21206.05,21207.25,21180.05,21195.0,0
2023-12-14 14:15:00,21193.85,21201.65,21183.65,21194.3,0
2023-12-14 14:45:00,21194.1,21195.85,21162.6,21172.45,0
2023-12-14 15:15:00,21173.05,21209.45,21173.05,21182.7,0
2023-12-15 09:15:00,21287.45,21296.0,21235.5,21245.55,0
2023-12-15 09:45:00,21245.45,21329.3,21244.7,21326.7,0
2023-12-15 10:15:00,21327.5,21355.0,21315.65,21315.65,0
2023-12-15 10:45:00,21316.95,21322.3,21281.8,21312.35,0
2023-12-15 11:15:00,21312.55,21331.85,21309.65,21328.95,0
2023-12-15 11:45:00,21328.3,21329.85,21308.8,21311.1,0
2023-12-15 12:15:00,21311.65,21336.5,21303.45,21333.05,0
2023-12-15 12:45:00,21331.9,21337.55,21320.3,21321.55,0
2023-12-15 13:15:00,21321.55,21339.9,21319.55,21337.5,0
2023-12-15 13:45:00,21337.05,21365.6,21330.0,21330.65,0
2023-12-15 14:15:00,21331.95,21364.65,21328.15,21357.95,0
2023-12-15 14:45:00,21356.9,21457.6,21356.45,21457.45,0
2023-12-15 15:15:00,21458.0,21490.5,21448.7,21456.65,0
2023-12-18 09:15:00,21434.8,21471.6,21365.85,21436.15,0
2023-12-18 09:45:00,21435.75,21463.25,21422.45,21459.7,0
2023-12-18 10:15:00,21460.3,21480.75,21438.5,21454.7,0
2023-12-18 10:45:00,21455.2,21474.75,21449.85,21469.95,0
2023-12-18 11:15:00,21469.45,21482.7,21462.15,21476.75,0
2023-12-18 11:45:00,21476.9,21476.95,21445.4,21460.3,0
2023-12-18 12:15:00,21459.65,21466.05,21426.75,21449.3,0
2023-12-18 12:45:00,21449.75,21455.35,21409.95,21417.6,0
2023-12-18 13:15:00,21416.8,21439.75,21415.2,21423.4,0
2023-12-18 13:45:00,21423.2,21443.35,21416.8,21434.8,0
2023-12-18 14:15:00,21434.3,21454.65,21419.35,21420.4,0
2023-12-18 14:45:00,21419.85,21434.3,21414.6,21419.75,0
2023-12-18 15:15:00,21420.2,21420.7,21403.05,21418.65,0
2023-12-19 09:15:00,21477.65,21477.65,21372.6,21373.7,0
2023-12-19 09:45:00,21374.3,21388.45,21338.5,21351.8,0
2023-12-19 10:15:00,21352.1,21403.5,21350.5,21395.25,0
2023-12-19 10:45:00,21396.15,21405.9,21384.85,21399.8,0
2023-12-19 11:15:00,21399.8,21423.25,21385.15,21421.7,0
2023-12-19 11:45:00,21422.65,21454.35,21420.2,21435.8,0
2023-12-19 12:15:00,21434.75,21471.85,21433.2,21469.25,0
2023-12-19 12:45:00,21470.35,21474.4,21454.7,21461.9,0
2023-12-19 13:15:00,21461.55,21469.35,21449.05,21467.7,0
2023-12-19 13:45:00,21467.8,21487.7,21459.6,21481.05,0
2023-12-19 14:15:00,21480.5,21504.5,21472.6,21489.1,0
2023-12-19 14:45:00,21487.85,21493.3,21426.5,21453.75,0
2023-12-19 15:15:00,21453.7,21460.25,21440.7,21453.1,0
2023-12-20 09:15:00,21543.5,21592.1,21529.8,21579.95,0
2023-12-20 09:45:00,21578.5,21580.95,21534.8,21555.95,0
2023-12-20 10:15:00,21554.55,21570.25,21546.45,21569.75,0
2023-12-20 10:45:00,21570.05,21580.8,21565.05,21565.05,0
2023-12-20 11:15:00,21565.1,21566.7,21513.9,21521.15,0
2023-12-20 11:45:00,21521.1,21535.9,21491.65,21528.7,0
2023-12-20 12:15:00,21529.25,21530.85,21501.4,21523.05,0
2023-12-20 12:45:00,21522.65,21537.2,21467.9,21472.4,0
2023-12-20 13:15:00,21472.0,21475.9,21302.3,21400.95,0
2023-12-20 13:45:00,21401.7,21413.8,21253.2,21283.65,0
2023-12-20 14:15:00,21285.1,21325.1,21214.65,21222.15,0
2023-12-20 14:45:00,21221.8,21256.35,21142.35,21142.35,0
2023-12-20 15:15:00,21142.3,21150.15,21088.55,21150.15,0
2023-12-21 09:15:00,21033.95,21089.55,20979.8,21065.95,0
2023-12-21 09:45:00,21065.05,21138.4,21036.45,21123.95,0
2023-12-21 10:15:00,21123.2,21152.7,21059.1,21150.75,0
2023-12-21 10:45:00,21149.7,21179.85,21128.9,21157.65,0
2023-12-21 11:15:00,21157.3,21162.45,21118.4,21155.95,0
2023-12-21 11:45:00,21157.65,21197.5,21149.5,21180.05,0
2023-12-21 12:15:00,21181.8,21250.65,21174.85,21250.2,0
2023-12-21 12:45:00,21251.05,21257.3,21213.8,21250.85,0
2023-12-21 13:15:00,21248.9,21269.35,21182.8,21207.75,0
2023-12-21 13:45:00,21208.7,21238.65,21184.95,21216.85,0
2023-12-21 14:15:00,21216.8,21272.0,21210.15,21260.0,0
2023-12-21 14:45:00,21260.35,21271.65,21227.25,21257.5,0
2023-12-21 15:15:00,21258.6,21287.8,21249.85,21255.05,0
2023-12-22 09:15:00,21295.85,21307.45,21248.95,21270.8,0
2023-12-22 09:45:00,21270.95,21353.65,21267.5,21350.65,0
2023-12-22 10:15:00,21350.15,21361.5,21322.5,21345.95,0
2023-12-22 10:45:00,21347.0,21389.9,21344.05,21368.9,0
2023-12-22 11:15:00,21369.6,21386.55,21354.45,21384.95,0
2023-12-22 11:45:00,21383.4,21388.1,21359.1,21362.85,0
2023-12-22 12:15:00,21363.55,21367.95,21290.0,21318.3,0
2023-12-22 12:45:00,21318.5,21364.75,21316.85,21328.35,0
2023-12-22 13:15:00,21327.85,21345.85,21272.15,21275.35,0
2023-12-22 13:45:00,21275.55,21316.0,21233.5,21308.25,0
2023-12-22 14:15:00,21309.1,21370.6,21298.2,21366.45,0
2023-12-22 14:45:00,21364.5,21373.45,21326.35,21354.3,0
2023-12-22 15:15:00,21353.9,21360.8,21328.45,21349.4,0
2023-12-26 09:15:00,21365.2,21388.65,21329.6,21367.7,0
2023-12-26 09:45:00,21368.95,21425.95,21350.65,21413.35,0
2023-12-26 10:15:00,21412.65,21472.3,21411.75,21453.0,0
2023-12-26 10:45:00,21452.4,21461.05,21435.35,21456.65,0
2023-12-26 11:15:00,21457.25,21464.85,21441.0,21453.95,0
2023-12-26 11:45:00,21453.9,21471.3,21448.0,21464.3,0
2023-12-26 12:15:00,21464.15,21476.3,21437.45,21439.35,0
2023-12-26 12:45:00,21438.5,21449.75,21410.5,21438.8,0
2023-12-26 13:15:00,21438.25,21452.2,21431.9,21452.2,0
2023-12-26 13:45:00,21451.5,21453.6,21422.4,21430.1,0
2023-12-26 14:15:00,21429.85,21465.65,21428.1,21438.75,0
2023-12-26 14:45:00,21437.65,21453.65,21419.4,21438.65,0
2023-12-26 15:15:00,21439.3,21457.85,21438.1,21441.35,0
2023-12-27 09:15:00,21497.65,21556.0,21497.65,21556.0,0
2023-12-27 09:45:00,21555.5,21567.05,21545.95,21559.65,0
2023-12-27 10:15:00,21559.2,21580.85,21554.4,21561.5,0
2023-12-27 10:45:00,21560.8,21585.3,21555.25,21578.15,0
2023-12-27 11:15:00,21577.55,21594.7,21570.85,21580.5,0
2023-12-27 11:45:00,21580.65,21603.2,21575.65,21582.85,0
2023-12-27 12:15:00,21582.15,21583.85,21524.15,21556.15,0
2023-12-27 12:45:00,21555.45,21577.85,21520.6,21533.7,0
2023-12-27 13:15:00,21533.3,21545.1,21505.1,21534.5,0
2023-12-27 13:45:00,21535.55,21562.4,21528.05,21558.35,0
2023-12-27 14:15:00,21558.8,21590.2,21547.0,21588.45,0
2023-12-27 14:45:00,21587.5,21673.55,21577.0,21668.5,0
2023-12-27 15:15:00,21668.3,21674.95,21647.6,21654.75,0
2023-12-28 09:15:00,21718.65,21746.4,21699.75,21741.95,40567144
2023-12-28 09:45:00,21742.45,21759.05,21678.2,21697.4,9781203
2023-12-28 10:15:00,21697.5,21722.8,21684.9,21700.5,0
2023-12-28 10:45:00,21700.75,21745.9,21687.45,21727.7,0
2023-12-28 11:15:00,21727.75,21745.5,21717.55,21730.9,0
2023-12-28 11:45:00,21730.7,21742.3,21722.65,21728.65,0
2023-12-28 12:15:00,21729.45,21768.0,21728.0,21765.0,0
2023-12-28 12:45:00,21764.7,21775.1,21744.9,21767.3,0
2023-12-28 13:15:00,21766.55,21769.65,21738.15,21753.05,0
2023-12-28 13:45:00,21752.5,21772.6,21740.85,21751.25,0
2023-12-28 14:15:00,21749.3,21766.2,21740.0,21754.75,0
2023-12-28 14:45:00,21750.15,21784.25,21730.25,21781.3,0
2023-12-28 15:15:00,21780.7,21798.6,21769.6,21778.7,0
2023-12-29 09:15:00,21754.0,21770.3,21703.9,21732.2,33198989
2023-12-29 09:45:00,21732.55,21747.25,21682.85,21683.3,9464145
2023-12-29 10:15:00,21685.9,21727.4,21683.0,21714.4,0
2023-12-29 10:45:00,21714.15,21730.35,21703.75,21720.05,0
2023-12-29 11:15:00,21718.85,21745.65,21717.6,21732.95,0
2023-12-29 11:45:00,21731.9,21750.75,21729.45,21737.9,0
2023-12-29 12:15:00,21736.95,21752.2,21708.65,21712.0,0
2023-12-29 12:45:00,21712.1,21742.05,21707.45,21738.75,0
2023-12-29 13:15:00,21738.1,21743.5,21706.6,21722.95,0
2023-12-29 13:45:00,21722.2,21728.9,21690.15,21692.2,0
2023-12-29 14:15:00,21692.9,21718.5,21677.3,21705.65,0
2023-12-29 14:45:00,21705.65,21758.5,21704.35,21716.3,0
2023-12-29 15:15:00,21716.75,21739.35,21711.3,21731.4,0
2024-01-01 09:15:00,21732.15,21737.35,21684.05,21706.05,20731145
2024-01-01 09:45:00,21705.4,21737.65,21702.85,21709.65,7824860
2024-01-01 10:15:00,21709.6,21730.95,21695.3,21726.75,0
2024-01-01 10:45:00,21728.45,21742.5,21723.5,21741.25,0
2024-01-01 11:15:00,21740.95,21748.25,21728.8,21731.25,0
2024-01-01 11:45:00,21731.1,21743.85,21719.5,21742.5,0
2024-01-01 12:15:00,21741.15,21746.0,21711.3,21735.2,0
2024-01-01 12:45:00,21735.55,21750.5,21732.55,21737.95,0
2024-01-01 13:15:00,21737.75,21755.5,21736.75,21742.7,0
2024-01-01 13:45:00,21744.15,21793.7,21742.55,21792.65,0
2024-01-01 14:15:00,21792.2,21818.95,21785.75,21817.3,0
2024-01-01 14:45:00,21816.3,21832.4,21719.9,21725.3,0
2024-01-01 15:15:00,21725.95,21741.9,21682.75,21741.9,0
2024-01-02 09:15:00,21751.35,21752.45,21699.6,21736.9,0
2024-01-02 09:45:00,21738.4,21739.45,21627.4,21661.75,0
2024-01-02 10:15:00,21660.9,21668.75,21557.5,21590.1,0
2024-01-02 10:45:00,21590.95,21621.1,21582.0,21588.4,0
2024-01-02 11:15:00,21587.55,21613.45,21571.95,21597.7,0
2024-01-02 11:45:00,21598.25,21620.45,21586.5,21612.4,0
2024-01-02 12:15:00,21613.7,21649.05,21613.5,21640.6,0
2024-01-02 12:45:00,21641.05,21644.0,21601.7,21613.9,0
2024-01-02 13:15:00,21613.95,21642.4,21611.15,21632.7,0
2024-01-02 13:45:00,21631.8,21668.35,21624.55,21662.35,0
2024-01-02 14:15:00,21662.6,21687.55,21633.0,21670.3,0
2024-01-02 14:45:00,21670.1,21692.7,21642.8,21661.05,0
2024-01-02 15:15:00,21661.55,21673.6,21657.0,21665.8,0
2024-01-03 09:15:00,21661.1,21672.15,21560.0,21561.05,0
2024-01-03 09:45:00,21559.65,21596.8,21556.95,21586.4,0
2024-01-03 10:15:00,21585.8,21589.45,21539.45,21562.7,0
2024-01-03 10:45:00,21561.45,21574.75,21549.45,21567.55,0
2024-01-03 11:15:00,21567.95,21580.3,21548.15,21574.15,0
2024-01-03 11:45:00,21574.75,21591.45,21557.0,21569.15,0
2024-01-03 12:15:00,21570.3,21576.5,21521.3,21547.7,0
2024-01-03 12:45:00,21548.05,21573.85,21539.7,21571.7,0
2024-01-03 13:15:00,21572.3,21583.15,21556.65,21571.55,0
2024-01-03 13:45:00,21572.7,21584.4,21561.0,21572.05,0
2024-01-03 14:15:00,21571.85,21572.15,21530.45,21542.95,0
2024-01-03 14:45:00,21542.9,21567.25,21509.95,21515.1,0
2024-01-03 15:15:00,21515.85,21528.3,21501.5,21517.35,0
2024-01-04 09:15:00,21605.8,21624.3,21569.25,21611.55,0
2024-01-04 09:45:00,21610.95,21633.65,21591.75,21631.5,0
2024-01-04 10:15:00,21631.3,21649.05,21628.5,21636.65,0
2024-01-04 10:45:00,21637.65,21652.95,21626.7,21650.75,0
2024-01-04 11:15:00,21650.5,21658.75,21635.75,21641.55,0
2024-01-04 11:45:00,21641.75,21650.45,21639.1,21642.1,0
2024-01-04 12:15:00,21642.8,21668.2,21641.0,21667.15,0
2024-01-04 12:45:00,21665.55,21671.9,21657.85,21668.45,0
2024-01-04 13:15:00,21667.85,21673.9,21651.3,21665.9,0
2024-01-04 13:45:00,21665.45,21670.4,21648.9,21654.7,0
2024-01-04 14:15:00,21654.95,21660.1,21638.65,21644.7,0
2024-01-04 14:45:00,21645.15,21663.9,21643.25,21651.75,0
2024-01-04 15:15:00,21651.1,21684.8,21650.0,21658.6,0
2024-01-05 09:15:00,21717.1,21749.6,21698.2,21728.55,31172690
2024-01-05 09:45:00,21729.65,21744.05,21719.6,21728.95,0
2024-01-05 10:15:00,21730.35,21742.85,21701.15,21705.4,0
2024-01-05 10:45:00,21705.35,21705.45,21669.8,21693.15,0
2024-01-05 11:15:00,21692.4,21695.95,21666.4,21682.85,0
2024-01-05 11:45:00,21682.7,21699.45,21666.5,21690.7,0
2024-01-05 12:15:00,21690.65,21706.3,21685.55,21689.85,0
2024-01-05 12:45:00,21690.5,21700.15,21678.25,21695.85,0
2024-01-05 13:15:00,21695.7,21699.45,21669.45,21680.1,0
2024-01-05 13:45:00,21680.85,21683.05,21644.45,21649.2,0
2024-01-05 14:15:00,21649.55,21680.15,21629.75,21679.2,0
2024-01-05 14:45:00,21679.1,21725.45,21678.1,21715.1,0
2024-01-05 15:15:00,21715.6,21720.4,21681.7,21710.8,0
2024-01-08 09:15:00,21729.35,21763.4,21655.75,21669.4,0
2024-01-08 09:45:00,21669.0,21697.85,21645.6,21692.85,0
2024-01-08 10:15:00,21692.95,21724.5,21676.15,21678.45,0
2024-01-08 10:45:00,21678.9,21683.95,21600.45,21620.0,0
2024-01-08 11:15:00,21619.05,21643.15,21605.2,21638.7,0
2024-01-08 11:45:00,21639.05,21640.5,21553.95,21585.8,0
2024-01-08 12:15:00,21584.9,21611.25,21577.6,21600.75,0
2024-01-08 12:45:00,21599.4,21603.2,21566.05,21575.55,0
2024-01-08 13:15:00,21575.9,21596.65,21557.9,21562.15,0
2024-01-08 13:45:00,21561.35,21599.8,21552.95,21586.9,0
2024-01-08 14:15:00,21586.7,21592.8,21516.25,21526.1,0
2024-01-08 14:45:00,21526.35,21541.55,21500.05,21507.9,0
2024-01-08 15:15:00,21509.0,21517.0,21493.6,21513.0,0
2024-01-09 09:15:00,21646.7,21672.3,21603.05,21606.6,0
2024-01-09 09:45:00,21606.1,21658.95,21595.25,21657.15,0
2024-01-09 10:15:00,21658.25,21709.65,21653.9,21707.6,0
2024-01-09 10:45:00,21706.75,21712.25,21675.95,21694.9,0
2024-01-09 11:15:00,21695.25,21702.1,21676.0,21696.8,0
2024-01-09 11:45:00,21696.95,21713.15,21683.55,21691.6,0
2024-01-09 12:15:00,21692.45,21723.7,21688.25,21704.9,0
2024-01-09 12:45:00,21706.0,21720.7,21702.8,21706.8,0
2024-01-09 13:15:00,21708.35,21714.2,21694.3,21702.3,0
2024-01-09 13:45:00,21703.55,21704.75,21649.0,21656.6,0
2024-01-09 14:15:00,21654.85,21661.9,21546.45,21556.5,0
2024-01-09 14:45:00,21557.75,21585.7,21533.55,21543.2,0
2024-01-09 15:15:00,21545.5,21558.1,21518.05,21544.85,0
2024-01-10 09:15:00,21531.75,21563.3,21448.75,21559.25,0
2024-01-10 09:45:00,21561.9,21564.3,21512.0,21542.7,0
2024-01-10 10:15:00,21542.45,21573.55,21523.4,21529.25,0
2024-01-10 10:45:00,21530.45,21542.95,21512.1,21542.65,0
2024-01-10 11:15:00,21542.8,21559.25,21531.6,21549.85,0
2024-01-10 11:45:00,21549.8,21553.1,21505.8,21522.1,0
2024-01-10 12:15:00,21522.1,21532.45,21503.5,21504.05,0
2024-01-10 12:45:00,21503.6,21525.05,21468.45,21510.55,0
2024-01-10 13:15:00,21510.8,21515.5,21479.75,21502.5,0
2024-01-10 13:45:00,21503.15,21541.95,21488.35,21531.95,0
2024-01-10 14:15:00,21533.25,21580.7,21509.85,21568.6,0
2024-01-10 14:45:00,21569.25,21641.3,21559.55,21608.0,0
2024-01-10 15:15:00,21608.8,21632.55,21607.05,21618.7,0
2024-01-11 09:15:00,21687.5,21725.25,21674.25,21683.1,0
2024-01-11 09:45:00,21683.9,21689.6,21655.05,21672.4,0
2024-01-11 10:15:00,21672.15,21683.35,21641.85,21663.2,0
2024-01-11 10:45:00,21661.8,21667.65,21631.05,21655.3,0
2024-01-11 11:15:00,21655.45,21667.3,21643.95,21663.7,0
2024-01-11 11:45:00,21664.05,21670.6,21656.1,21657.2,0
2024-01-11 12:15:00,21658.35,21674.65,21651.2,21671.0,0
2024-01-11 12:45:00,21671.25,21681.75,21660.6,21673.85,0
2024-01-11 13:15:00,21674.0,21679.2,21653.35,21663.8,0
2024-01-11 13:45:00,21665.3,21672.85,21595.35,21605.9,0
2024-01-11 14:15:00,21607.0,21662.0,21594.0,21647.15,0
2024-01-11 14:45:00,21647.55,21664.9,21630.75,21646.45,0
2024-01-11 15:15:00,21647.2,21669.4,21642.3,21647.2,0
2024-01-12 09:15:00,21773.55,21788.25,21718.75,21738.85,0
2024-01-12 09:45:00,21739.25,21816.85,21733.15,21804.5,0
2024-01-12 10:15:00,21804.2,21831.75,21797.85,21820.7,0
2024-01-12 10:45:00,21819.4,21847.6,21817.6,21822.15,0
2024-01-12 11:15:00,21821.85,21842.6,21820.25,21836.75,0
2024-01-12 11:45:00,21837.05,21846.15,21810.65,21827.55,0
2024-01-12 12:15:00,21827.45,21840.85,21822.1,21828.5,0
2024-01-12 12:45:00,21828.5,21859.65,21828.5,21843.1,0
2024-01-12 13:15:00,21842.95,21895.2,21841.2,21887.0,0
2024-01-12 13:45:00,21888.2,21896.75,21864.1,21879.1,0
2024-01-12 14:15:00,21879.55,21927.2,21875.15,21914.8,0
2024-01-12 14:45:00,21913.95,21922.05,21852.6,21876.55,0
2024-01-12 15:15:00,21876.0,21917.25,21876.0,21894.55,0
2024-01-15 09:15:00,22053.15,22081.7,22021.15,22042.8,0
2024-01-15 09:45:00,22043.6,22051.15,21964.1,22010.25,0
2024-01-15 10:15:00,22011.05,22038.45,22003.8,22031.2,0
2024-01-15 10:45:00,22032.0,22047.9,22019.65,22042.1,0
2024-01-15 11:15:00,22041.95,22063.7,22026.6,22052.9,0
2024-01-15 11:45:00,22052.3,22061.75,22042.3,22052.1,0
2024-01-15 12:15:00,22052.2,22069.4,22042.55,22058.55,0
2024-01-15 12:45:00,22058.15,22063.75,22042.95,22059.85,0
2024-01-15 13:15:00,22059.55,22069.3,22043.45,22052.3,0
2024-01-15 13:45:00,22052.85,22084.0,22026.5,22070.7,0
2024-01-15 14:15:00,22070.1,22074.45,22053.25,22070.45,0
2024-01-15 14:45:00,22069.7,22104.35,22067.5,22086.9,0
2024-01-15 15:15:00,22086.1,22113.55,22085.1,22097.45,0
2024-01-16 09:15:00,22080.5,22083.65,22031.9,22071.65,0
2024-01-16 09:45:00,22072.05,22107.65,22062.65,22100.65,0
2024-01-16 10:15:00,22101.0,22111.25,22082.05,22101.1,0
2024-01-16 10:45:00,22100.2,22123.55,22099.2,22118.75,0
2024-01-16 11:15:00,22118.0,22120.75,22084.7,22087.3,0
2024-01-16 11:45:00,22087.0,22107.6,22062.2,22077.8,0
2024-01-16 12:15:00,22076.6,22090.95,22061.85,22069.1,0
2024-01-16 12:45:00,22067.7,22072.6,22009.5,22019.0,0
2024-01-16 13:15:00,22018.65,22039.85,21971.2,22013.0,0
2024-01-16 13:45:00,22012.05,22057.75,22004.35,22049.4,0
2024-01-16 14:15:00,22049.1,22058.45,22006.1,22038.45,0
2024-01-16 14:45:00,22036.8,22051.95,22028.35,22034.3,0
2024-01-16 15:15:00,22034.2,22036.6,22016.35,22032.3,0
2024-01-17 09:15:00,21647.25,21851.15,21647.25,21812.45,0
2024-01-17 09:45:00,21811.8,21836.9,21777.65,21791.0,0
2024-01-17 10:15:00,21790.6,21794.0,21733.5,21738.7,0
2024-01-17 10:45:00,21738.4,21754.5,21727.15,21740.7,0
2024-01-17 11:15:00,21740.2,21749.35,21658.6,21685.75,0
2024-01-17 11:45:00,21682.9,21685.75,21632.75,21675.45,0
2024-01-17 12:15:00,21674.9,21693.1,21642.8,21644.55,0
2024-01-17 12:45:00,21644.45,21657.15,21630.85,21632.95,0
2024-01-17 13:15:00,21632.9,21657.3,21613.25,21651.25,0
2024-01-17 13:45:00,21650.8,21677.2,21634.1,21657.1,0
2024-01-17 14:15:00,21657.9,21661.7,21572.3,21575.7,0
2024-01-17 14:45:00,21575.55,21605.65,21551.5,21589.75,0
2024-01-17 15:15:00,21588.85,21593.1,21555.9,21571.95,0
2024-01-18 09:15:00,21414.2,21472.25,21367.15,21384.45,0
2024-01-18 09:45:00,21382.75,21440.7,21286.45,21391.35,0
2024-01-18 10:15:00,21391.85,21455.4,21356.6,21452.7,0
2024-01-18 10:45:00,21452.25,21490.8,21438.6,21484.25,0
2024-01-18 11:15:00,21484.25,21497.05,21444.95,21467.55,0
2024-01-18 11:45:00,21468.65,21525.5,21464.15,21521.8,0
2024-01-18 12:15:00,21522.85,21539.05,21448.1,21451.55,0
2024-01-18 12:45:00,21449.65,21472.85,21436.9,21452.5,0
2024-01-18 13:15:00,21452.65,21472.0,21432.05,21438.7,0
2024-01-18 13:45:00,21438.6,21461.25,21434.75,21454.35,0
2024-01-18 14:15:00,21454.9,21484.85,21418.0,21475.8,0
2024-01-18 14:45:00,21476.1,21487.55,21445.95,21458.3,0
2024-01-18 15:15:00,21458.5,21485.25,21450.15,21462.25,0
2024-01-19 09:15:00,21615.2,21664.9,21606.65,21638.65,0
2024-01-19 09:45:00,21638.3,21654.1,21606.65,21639.0,0
2024-01-19 10:15:00,21638.9,21670.5,21621.95,21645.3,0
2024-01-19 10:45:00,21645.15,21648.4,21580.9,21586.9,0
2024-01-19 11:15:00,21585.35,21622.55,21576.0,21598.9,0
2024-01-19 11:45:00,21597.85,21611.6,21577.35,21588.4,0
2024-01-19 12:15:00,21586.65,21612.45,21577.55,21604.3,0
2024-01-19 12:45:00,21603.25,21629.15,21603.25,21627.9,0
2024-01-19 13:15:00,21626.85,21638.95,21587.65,21610.9,0
2024-01-19 13:45:00,21610.6,21619.65,21587.9,21589.0,0
2024-01-19 14:15:00,21589.2,21640.1,21587.05,21629.2,0
2024-01-19 14:45:00,21628.3,21637.65,21589.45,21619.75,0
2024-01-19 15:15:00,21619.25,21645.65,21616.85,21622.4,0
2024-01-20 09:15:00,21706.15,21718.5,21639.0,21656.2,0
2024-01-20 09:45:00,21655.75,21667.1,21604.55,21643.85,0
2024-01-20 10:15:00,21643.8,21680.25,21640.65,21679.05,0
2024-01-20 10:45:00,21680.05,21694.4,21658.95,21665.8,0
2024-01-20 11:15:00,21666.45,21669.65,21643.55,21653.75,0
2024-01-20 11:45:00,21653.65,21659.25,21633.95,21648.05,0
2024-01-20 12:15:00,21648.3,21658.4,21580.45,21594.3,0
2024-01-20 12:45:00,21596.25,21654.45,21593.9,21653.25,0
2024-01-20 13:15:00,21652.65,21663.35,21627.9,21630.65,0
2024-01-20 13:45:00,21632.1,21636.8,21607.25,21609.6,0
2024-01-20 14:15:00,21611.1,21624.5,21586.9,21593.8,0
2024-01-20 14:45:00,21593.3,21611.95,21542.05,21578.2,0
2024-01-20 15:15:00,21578.7,21591.15,21571.75,21571.8,0
2024-01-23 09:15:00,21716.7,21749.25,21688.05,21722.3,0
2024-01-23 09:45:00,21723.45,21731.5,21629.95,21658.65,0
2024-01-23 10:15:00,21658.1,21679.95,21536.85,21541.3,0
2024-01-23 10:45:00,21539.45,21571.15,21520.3,21557.55,0
2024-01-23 11:15:00,21556.6,21563.15,21462.45,21466.25,0
2024-01-23 11:45:00,21466.1,21485.6,21373.75,21389.3,0
2024-01-23 12:15:00,21388.45,21434.75,21381.7,21401.25,0
2024-01-23 12:45:00,21399.4,21405.95,21337.45,21353.25,0
2024-01-23 13:15:00,21353.1,21375.65,21327.6,21347.4,0
2024-01-23 13:45:00,21347.2,21361.45,21302.5,21311.75,0
2024-01-23 14:15:00,21312.3,21313.2,21218.2,21220.0,0
2024-01-23 14:45:00,21221.85,21270.55,21193.0,21239.5,0
2024-01-23 15:15:00,21239.25,21271.25,21234.65,21238.8,0
2024-01-24 09:15:00,21185.25,21285.5,21137.95,21267.55,0
2024-01-24 09:45:00,21267.95,21398.45,21267.95,21329.1,0
2024-01-24 10:15:00,21329.5,21408.4,21329.5,21369.7,0
2024-01-24 10:45:00,21367.15,21394.9,21341.35,21372.3,0
2024-01-24 11:15:00,21372.35,21388.55,21233.2,21305.55,0
2024-01-24 11:45:00,21304.55,21306.15,21234.3,21248.15,0
2024-01-24 12:15:00,21249.2,21292.95,21213.65,21225.4,0
2024-01-24 12:45:00,21225.4,21333.5,21223.6,21300.85,0
2024-01-24 13:15:00,21299.9,21337.15,21281.15,21299.45,0
2024-01-24 13:45:00,21299.75,21353.85,21292.1,21340.7,0
2024-01-24 14:15:00,21340.6,21429.8,21324.95,21429.8,0
2024-01-24 14:45:00,21429.4,21459.1,21393.3,21456.05,0
2024-01-24 15:15:00,21455.7,21481.9,21453.95,21453.95,0
2024-01-25 09:15:00,21454.6,21456.9,21372.95,21385.9,0
2024-01-25 09:45:00,21384.95,21406.55,21355.75,21368.95,0
2024-01-25 10:15:00,21368.45,21371.4,21288.3,21307.75,0
2024-01-25 10:45:00,21308.25,21312.8,21248.15,21265.5,0
2024-01-25 11:15:00,21266.2,21376.6,21258.75,21352.5,0
2024-01-25 11:45:00,21351.95,21358.3,21279.75,21296.4,0
2024-01-25 12:15:00,21297.55,21308.35,21267.45,21287.35,0
2024-01-25 12:45:00,21288.45,21304.05,21254.0,21284.15,0
2024-01-25 13:15:00,21285.7,21298.7,21257.8,21275.8,0
2024-01-25 13:45:00,21276.2,21312.1,21276.2,21279.75,0
2024-01-25 14:15:00,21279.1,21293.7,21249.45,21257.55,0
2024-01-25 14:45:00,21257.4,21360.0,21256.95,21343.3,0
2024-01-25 15:15:00,21343.05,21401.75,21339.45,21352.6,0
2024-01-29 09:15:00,21433.1,21562.1,21433.1,21536.4,0
2024-01-29 09:45:00,21539.35,21589.75,21526.45,21573.45,0
2024-01-29 10:15:00,21573.3,21618.1,21570.0,21602.25,0
2024-01-29 10:45:00,21601.8,21642.1,21597.45,21634.7,0
2024-01-29 11:15:00,21634.45,21653.5,21587.1,21636.95,0
2024-01-29 11:45:00,21637.2,21665.75,21634.4,21662.1,0
2024-01-29 12:15:00,21662.35,21684.4,21649.85,21682.35,0
2024-01-29 12:45:00,21683.4,21714.05,21681.15,21705.05,0
2024-01-29 13:15:00,21705.05,21709.65,21672.85,21698.15,0
2024-01-29 13:45:00,21699.05,21745.05,21691.2,21721.0,0
2024-01-29 14:15:00,21721.25,21745.2,21703.0,21729.3,0
2024-01-29 14:45:00,21729.3,21752.2,21687.15,21741.55,0
2024-01-29 15:15:00,21741.25,21762.8,21737.6,21737.6,0
2024-01-30 09:15:00,21775.75,21811.0,21689.85,21761.65,0
2024-01-30 09:45:00,21761.05,21772.95,21707.1,21762.95,0
2024-01-30 10:15:00,21763.7,21770.9,21712.9,21717.25,0
2024-01-30 10:45:00,21717.4,21722.85,21656.2,21681.4,0
2024-01-30 11:15:00,21681.7,21723.7,21662.7,21718.2,0
2024-01-30 11:45:00,21718.1,21733.65,21698.05,21710.4,0
2024-01-30 12:15:00,21710.0,21715.35,21678.25,21683.1,0
2024-01-30 12:45:00,21683.0,21701.65,21668.05,21675.85,0
2024-01-30 13:15:00,21675.4,21696.65,21643.6,21687.1,0
2024-01-30 13:45:00,21686.8,21687.55,21634.6,21665.75,0
2024-01-30 14:15:00,21665.75,21671.05,21560.3,21566.1,0
2024-01-30 14:45:00,21565.05,21583.15,21502.3,21527.35,0
2024-01-30 15:15:00,21527.55,21535.5,21513.5,21522.1,0
2024-01-31 09:15:00,21487.25,21582.7,21449.65,21576.35,0
2024-01-31 09:45:00,21578.8,21609.4,21531.2,21604.45,0
2024-01-31 10:15:00,21603.1,21648.05,21589.35,21620.35,0
2024-01-31 10:45:00,21621.2,21673.25,21613.7,21658.2,0
2024-01-31 11:15:00,21657.5,21713.15,21643.2,21700.55,0
2024-01-31 11:45:00,21701.6,21738.8,21699.85,21716.8,0
2024-01-31 12:15:00,21717.0,21727.25,21656.65,21669.25,0
2024-01-31 12:45:00,21668.85,21697.8,21651.55,21692.75,0
2024-01-31 13:15:00,21692.05,21711.3,21662.75,21680.5,0
2024-01-31 13:45:00,21679.65,21699.1,21657.35,21685.8,0
2024-01-31 14:15:00,21685.8,21701.95,21660.85,21699.95,0
2024-01-31 14:45:00,21700.65,21739.35,21675.85,21727.95,0
2024-01-31 15:15:00,21727.1,21736.6,21700.85,21725.7,0
2024-02-01 09:15:00,21780.65,21780.65,21697.15,21739.05,0
2024-02-01 09:45:00,21738.95,21797.1,21724.25,21783.9,0
2024-02-01 10:15:00,21782.9,21796.8,21758.9,21786.25,0
2024-02-01 10:45:00,21785.05,21832.7,21759.9,21783.25,0
2024-02-01 11:15:00,21785.7,21787.25,21668.9,21748.0,0
2024-02-01 11:45:00,21749.5,21772.3,21659.8,21738.5,0
2024-02-01 12:15:00,21736.5,21747.4,21696.7,21723.55,0
2024-02-01 12:45:00,21723.6,21766.05,21711.0,21730.15,0
2024-02-01 13:15:00,21731.05,21742.65,21678.35,21701.9,0
2024-02-01 13:45:00,21701.85,21737.0,21693.9,21722.25,0
2024-02-01 14:15:00,21721.7,21726.25,21695.55,21696.9,0
2024-02-01 14:45:00,21695.85,21730.9,21680.85,21681.45,0
2024-02-01 15:15:00,21681.2,21702.65,21674.3,21697.45,0
2024-02-02 09:15:00,21812.75,21961.6,21812.75,21937.3,0
2024-02-02 09:45:00,21939.25,21947.85,21910.85,21937.85,0
2024-02-02 10:15:00,21937.65,21944.55,21915.95,21925.4,0
2024-02-02 10:45:00,21925.7,22003.25,21922.3,21989.65,0
2024-02-02 11:15:00,21986.85,22125.85,21986.85,22089.0,0
2024-02-02 11:45:00,22091.05,22102.0,22051.45,22058.8,0
2024-02-02 12:15:00,22058.55,22065.95,21841.9,21937.05,0
2024-02-02 12:45:00,21937.7,21939.75,21841.1,21846.3,0
2024-02-02 13:15:00,21845.15,21875.55,21805.95,21852.65,0
2024-02-02 13:45:00,21853.25,21902.8,21840.15,21892.8,0
2024-02-02 14:15:00,21893.55,21906.95,21864.3,21897.8,0
2024-02-02 14:45:00,21897.65,21903.15,21826.4,21855.7,0
2024-02-02 15:15:00,21855.15,21856.3,21837.85,21853.8,0
2024-02-05 09:15:00,21921.05,21921.05,21835.25,21890.35,0
2024-02-05 09:45:00,21892.5,21963.4,21890.0,21926.95,0
2024-02-05 10:15:00,21925.9,21939.35,21852.0,21908.9,0
2024-02-05 10:45:00,21908.6,21922.2,21892.6,21919.35,0
2024-02-05 11:15:00,21918.75,21943.35,21899.4,21918.45,0
2024-02-05 11:45:00,21919.05,21934.15,21897.7,21923.35,0
2024-02-05 12:15:00,21923.55,21940.4,21898.7,21924.15,0
2024-02-05 12:45:00,21923.55,21952.5,21920.15,21936.8,0
2024-02-05 13:15:00,21936.75,21950.15,21902.8,21922.8,0
2024-02-05 13:45:00,21922.2,21944.2,21874.45,21911.25,0
2024-02-05 14:15:00,21912.0,21915.75,21761.3,21776.6,0
2024-02-05 14:45:00,21774.7,21815.95,21727.5,21771.5,0
2024-02-05 15:15:00,21771.85,21776.3,21752.05,21771.7,0
2024-02-06 09:15:00,21825.2,21851.3,21738.5,21836.45,0
2024-02-06 09:45:00,21836.4,21876.85,21832.15,21853.6,0
2024-02-06 10:15:00,21854.75,21863.95,21776.0,21823.3,0
2024-02-06 10:45:00,21824.75,21856.8,21811.4,21850.2,0
2024-02-06 11:15:00,21850.0,21898.75,21843.35,21870.1,0
2024-02-06 11:45:00,21870.25,21902.55,21869.35,21898.15,0
2024-02-06 12:15:00,21898.05,21916.55,21872.95,21898.9,0
2024-02-06 12:45:00,21899.8,21914.25,21868.7,21905.45,0
2024-02-06 13:15:00,21906.1,21929.6,21877.6,21917.8,0
2024-02-06 13:45:00,21918.4,21935.4,21899.15,21914.9,0
2024-02-06 14:15:00,21915.8,21950.75,21908.6,21937.4,0
2024-02-06 14:45:00,21938.55,21938.9,21897.05,21919.45,0
2024-02-06 15:15:00,21919.95,21947.55,21914.35,21929.4,0
2024-02-07 09:15:00,22045.05,22051.1,21965.35,21968.45,0
2024-02-07 09:45:00,21967.75,22014.75,21964.25,22009.8,0
2024-02-07 10:15:00,22009.2,22021.05,21943.45,21961.95,0
2024-02-07 10:45:00,21961.6,21985.25,21932.5,21963.25,0
2024-02-07 11:15:00,21963.1,21965.6,21867.75,21895.95,0
2024-02-07 11:45:00,21895.65,21910.55,21860.85,21887.7,0
2024-02-07 12:15:00,21886.9,21927.2,21885.0,21904.3,0
2024-02-07 12:45:00,21904.9,21917.6,21881.1,21906.7,0
2024-02-07 13:15:00,21906.6,21948.6,21889.3,21933.95,0
2024-02-07 13:45:00,21933.05,21973.6,21905.4,21962.2,0
2024-02-07 14:15:00,21964.6,21983.55,21912.15,21935.2,0
2024-02-07 14:45:00,21935.35,21952.6,21915.75,21933.55,0
2024-02-07 15:15:00,21932.4,21954.6,21920.5,21930.5,0
2024-02-08 09:15:00,22009.65,22009.95,21961.7,21974.55,0
2024-02-08 09:45:00,21976.05,21998.35,21911.45,21939.65,0
2024-02-08 10:15:00,21937.85,21967.55,21868.7,21877.5,0
2024-02-08 10:45:00,21877.4,21904.3,21710.15,21737.0,0
2024-02-08 11:15:00,21734.75,21777.1,21724.6,21768.45,0
2024-02-08 11:45:00,21767.35,21811.3,21754.4,21804.05,0
2024-02-08 12:15:00,21804.1,21808.35,21765.1,21801.1,0
2024-02-08 12:45:00,21801.0,21820.2,21783.3,21807.85,0
2024-02-08 13:15:00,21809.05,21814.55,21777.9,21787.45,0
2024-02-08 13:45:00,21788.35,21794.25,21724.05,21727.75,0
2024-02-08 14:15:00,21727.95,21745.0,21676.3,21695.15,0
2024-02-08 14:45:00,21694.8,21733.5,21666.0,21714.75,0
2024-02-08 15:15:00,21715.6,21760.75,21708.55,21717.95,0
2024-02-09 09:15:00,21727.0,21780.0,21665.75,21744.15,0
2024-02-09 09:45:00,21743.4,21750.45,21649.05,21749.65,0
2024-02-09 10:15:00,21750.7,21750.7,21682.75,21691.1,0
2024-02-09 10:45:00,21691.2,21698.25,21631.35,21679.5,0
2024-02-09 11:15:00,21680.3,21732.6,21644.75,21722.15,0
2024-02-09 11:45:00,21723.55,21750.05,21707.25,21733.2,0
2024-02-09 12:15:00,21734.2,21766.5,21725.3,21759.85,0
2024-02-09 12:45:00,21760.25,21768.55,21726.15,21753.3,0
2024-02-09 13:15:00,21753.0,21754.55,21710.05,21738.55,0
2024-02-09 13:45:00,21740.25,21768.95,21727.25,21760.85,0
2024-02-09 14:15:00,21762.3,21785.2,21753.45,21765.25,0
2024-02-09 14:45:00,21765.5,21803.15,21754.8,21782.8,0
2024-02-09 15:15:00,21783.95,21790.2,21772.5,21782.5,0
2024-02-12 09:15:00,21800.8,21830.55,21739.3,21744.65,0
2024-02-12 09:45:00,21743.85,21757.8,21672.9,21690.25,0
2024-02-12 10:15:00,21690.0,21716.5,21629.55,21678.25,0
2024-02-12 10:45:00,21677.85,21719.1,21654.35,21717.3,0
2024-02-12 11:15:00,21717.15,21728.25,21690.75,21694.9,0
2024-02-12 11:45:00,21694.5,21695.6,21610.15,21637.2,0
2024-02-12 12:15:00,21639.05,21680.7,21636.15,21664.4,0
2024-02-12 12:45:00,21665.45,21672.3,21575.2,21614.5,0
2024-02-12 13:15:00,21613.85,21660.75,21591.85,21629.65,0
2024-02-12 13:45:00,21630.35,21691.55,21605.15,21688.35,0
2024-02-12 14:15:00,21687.85,21697.0,21623.65,21644.6,0
2024-02-12 14:45:00,21644.6,21657.35,21586.95,21598.0,0
2024-02-12 15:15:00,21597.6,21632.55,21585.0,21616.05,0
2024-02-13 09:15:00,21664.3,21671.45,21544.4,21628.4,0
2024-02-13 09:45:00,21628.45,21722.45,21595.75,21718.45,0
2024-02-13 10:15:00,21719.5,21724.55,21689.65,21716.75,0
2024-02-13 10:45:00,21715.0,21765.5,21708.3,21764.35,0
2024-02-13 11:15:00,21763.1,21766.45,21695.95,21703.9,0
2024-02-13 11:45:00,21705.25,21735.85,21646.9,21646.9,0
2024-02-13 12:15:00,21648.3,21672.85,21622.8,21641.6,0
2024-02-13 12:45:00,21641.3,21720.05,21637.85,21686.05,0
2024-02-13 13:15:00,21685.15,21742.3,21680.2,21734.1,0
2024-02-13 13:45:00,21733.9,21764.15,21719.0,21728.3,0
2024-02-13 14:15:00,21728.45,21756.15,21706.6,21715.1,0
2024-02-13 14:45:00,21714.75,21761.55,21705.4,21753.9,0
2024-02-13 15:15:00,21754.15,21758.3,21717.75,21743.25,0
2024-02-14 09:15:00,21578.15,21599.9,21530.9,21576.6,0
2024-02-14 09:45:00,21578.25,21621.35,21558.6,21620.4,0
2024-02-14 10:15:00,21623.15,21631.9,21589.35,21597.6,0
2024-02-14 10:45:00,21597.85,21650.2,21590.0,21606.85,0
2024-02-14 11:15:00,21607.25,21622.6,21578.15,21606.25,0
2024-02-14 11:45:00,21605.8,21631.35,21598.5,21619.15,0
2024-02-14 12:15:00,21618.55,21681.55,21618.55,21661.9,0
2024-02-14 12:45:00,21661.15,21705.75,21650.75,21689.7,0
2024-02-14 13:15:00,21689.4,21691.25,21634.7,21661.75,0
2024-02-14 13:45:00,21662.0,21720.25,21648.25,21718.95,0
2024-02-14 14:15:00,21718.65,21817.2,21713.45,21815.4,0
2024-02-14 14:45:00,21814.45,21870.2,21794.75,21814.25,0
2024-02-14 15:15:00,21814.55,21856.25,21801.85,21840.05,0
2024-02-15 09:15:00,21906.55,21915.7,21813.65,21825.35,0
2024-02-15 09:45:00,21824.95,21902.9,21796.1,21885.35,0
2024-02-15 10:15:00,21886.35,21902.35,21854.3,21860.1,0
2024-02-15 10:45:00,21862.45,21879.85,21832.4,21868.5,0
2024-02-15 11:15:00,21868.3,21877.75,21840.55,21858.0,0
2024-02-15 11:45:00,21858.75,21881.4,21848.1,21857.85,0
2024-02-15 12:15:00,21857.95,21874.75,21823.85,21850.25,0
2024-02-15 12:45:00,21849.8,21870.15,21836.15,21861.25,0
2024-02-15 13:15:00,21861.85,21948.1,21838.65,21943.95,0
2024-02-15 13:45:00,21942.65,21952.8,21914.75,21914.75,0
2024-02-15 14:15:00,21913.1,21917.85,21874.6,21902.0,0
2024-02-15 14:45:00,21903.6,21928.85,21887.75,21909.8,0
2024-02-15 15:15:00,21910.75,21931.15,21907.5,21910.75,0
2024-02-16 09:15:00,22020.3,22020.65,21976.9,21994.1,0
2024-02-16 09:45:00,21993.65,22037.35,21969.55,22036.7,0
2024-02-16 10:15:00,22036.4,22044.6,22013.7,22032.25,0
2024-02-16 10:45:00,22031.85,22045.6,22016.5,22034.65,0
2024-02-16 11:15:00,22035.6,22045.55,22008.0,22027.5,0
2024-02-16 11:45:00,22027.1,22050.0,22006.65,22047.4,0
2024-02-16 12:15:00,22046.8,22048.95,22022.75,22046.4,0
2024-02-16 12:45:00,22045.25,22067.25,22036.25,22055.2,0
2024-02-16 13:15:00,22055.3,22059.3,22027.1,22057.05,0
2024-02-16 13:45:00,22057.95,22065.6,22024.85,22045.35,0
2024-02-16 14:15:00,22045.45,22065.95,22023.25,22043.7,0
2024-02-16 14:45:00,22045.4,22067.5,22033.05,22036.4,0
2024-02-16 15:15:00,22036.15,22043.3,22018.9,22040.7,0
2024-02-19 09:15:00,22103.45,22104.1,22050.85,22062.05,0
2024-02-19 09:45:00,22062.3,22069.35,22021.7,22065.15,0
2024-02-19 10:15:00,22065.25,22105.45,22064.9,22086.05,0
2024-02-19 10:45:00,22087.05,22128.05,22083.15,22125.2,0
2024-02-19 11:15:00,22125.65,22150.25,22106.8,22137.0,0
2024-02-19 11:45:00,22136.55,22157.35,22127.25,22150.1,0
2024-02-19 12:15:00,22150.6,22166.95,22136.85,22161.15,0
2024-02-19 12:45:00,22161.2,22166.35,22147.65,22165.1,0
2024-02-19 13:15:00,22165.8,22171.4,22132.0,22155.3,0
2024-02-19 13:45:00,22154.95,22171.65,22152.35,22157.5,0
2024-02-19 14:15:00,22157.8,22186.3,22155.2,22161.55,0
2024-02-19 14:45:00,22162.25,22163.95,22098.1,22117.75,0
2024-02-19 15:15:00,22118.5,22134.75,22112.7,22122.25,0
2024-02-20 09:15:00,22099.2,22119.7,22057.6,22103.2,0
2024-02-20 09:45:00,22103.45,22112.65,22046.65,22097.95,0
2024-02-20 10:15:00,22097.95,22136.1,22093.85,22094.45,0
2024-02-20 10:45:00,22094.3,22108.9,22083.05,22099.35,0
2024-02-20 11:15:00,22098.55,22139.45,22098.55,22120.25,0
2024-02-20 11:45:00,22119.55,22177.4,22113.7,22159.8,0
2024-02-20 12:15:00,22159.35,22165.0,22146.35,22161.95,0
2024-02-20 12:45:00,22160.05,22167.1,22141.85,22145.05,0
2024-02-20 13:15:00,22144.5,22173.6,22133.5,22163.2,0
2024-02-20 13:45:00,22162.95,22164.4,22083.05,22123.8,0
2024-02-20 14:15:00,22123.15,22159.85,22121.45,22138.9,0
2024-02-20 14:45:00,22139.1,22203.95,22130.5,22200.85,0
2024-02-20 15:15:00,22201.45,22214.95,22196.95,22196.95,0
2024-02-21 09:15:00,22248.85,22248.85,22190.3,22232.8,0
2024-02-21 09:45:00,22233.0,22249.2,22204.1,22213.15,0
2024-02-21 10:15:00,22213.7,22229.45,22170.5,22174.65,0
2024-02-21 10:45:00,22173.95,22219.5,22161.55,22208.0,0
2024-02-21 11:15:00,22207.75,22220.0,22175.95,22212.75,0
2024-02-21 11:45:00,22213.05,22222.25,22198.05,22211.25,0
2024-02-21 12:15:00,22211.5,22229.25,22208.7,22209.55,0
2024-02-21 12:45:00,22210.35,22241.5,22206.2,22220.35,0
2024-02-21 13:15:00,22219.9,22223.8,22189.55,22204.1,0
2024-02-21 13:45:00,22204.05,22204.6,22105.45,22112.45,0
2024-02-21 14:15:00,22112.9,22140.35,22013.45,22032.4,0
2024-02-21 14:45:00,22032.25,22098.05,21998.0,22095.05,0
2024-02-21 15:15:00,22095.55,22096.5,22015.55,22055.05,0
2024-02-22 09:15:00,22081.55,22087.0,21965.75,22047.15,0
2024-02-22 09:45:00,22044.85,22067.9,21903.15,21935.5,0
2024-02-22 10:15:00,21935.75,21945.65,21888.7,21939.0,0
2024-02-22 10:45:00,21938.65,21938.65,21875.25,21927.05,0
2024-02-22 11:15:00,21925.95,21962.25,21901.3,21957.4,0
2024-02-22 11:45:00,21956.65,21981.8,21932.6,21964.75,0
2024-02-22 12:15:00,21964.8,21978.2,21942.4,21967.9,0
2024-02-22 12:45:00,21967.9,21973.9,21940.3,21962.9,0
2024-02-22 13:15:00,21962.8,22024.3,21955.85,22016.6,0
2024-02-22 13:45:00,22015.6,22109.4,22012.9,22056.65,0
2024-02-22 14:15:00,22054.75,22117.3,22043.7,22107.35,0
2024-02-22 14:45:00,22107.45,22233.35,22106.15,22206.7,0
2024-02-22 15:15:00,22207.5,22251.05,22200.75,22217.45,0
2024-02-23 09:15:00,22290.0,22297.45,22216.6,22256.65,0
2024-02-23 09:45:00,22256.95,22270.0,22234.3,22269.95,0
2024-02-23 10:15:00,22271.1,22280.75,22206.75,22227.6,0
2024-02-23 10:45:00,22228.0,22261.1,22220.15,22236.7,0
2024-02-23 11:15:00,22236.7,22258.9,22231.75,22254.7,0
2024-02-23 11:45:00,22254.5,22259.85,22223.3,22234.9,0
2024-02-23 12:15:00,22233.25,22264.25,22226.8,22263.7,0
2024-02-23 12:45:00,22263.7,22269.8,22243.7,22252.45,0
2024-02-23 13:15:00,22252.75,22258.4,22201.55,22233.25,0
2024-02-23 13:45:00,22233.15,22250.25,22212.05,22212.05,0
2024-02-23 14:15:00,22212.2,22251.3,22206.8,22246.25,0
2024-02-23 14:45:00,22247.0,22247.6,22209.5,22213.25,0
2024-02-23 15:15:00,22214.15,22223.85,22187.55,22212.7,0
2024-02-26 09:15:00,22169.2,22198.2,22141.95,22198.0,0
2024-02-26 09:45:00,22197.85,22201.25,22112.25,22148.35,0
2024-02-26 10:15:00,22149.2,22153.05,22118.8,22123.7,0
2024-02-26 10:45:00,22122.5,22138.7,22101.4,22124.25,0
2024-02-26 11:15:00,22124.6,22132.8,22097.1,22111.1,0
2024-02-26 11:45:00,22109.8,22118.15,22083.85,22096.7,0
2024-02-26 12:15:00,22096.25,22114.05,22075.7,22101.6,0
2024-02-26 12:45:00,22101.2,22152.8,22093.8,22142.0,0
2024-02-26 13:15:00,22141.8,22162.5,22129.45,22131.45,0
2024-02-26 13:45:00,22131.65,22173.85,22131.05,22153.95,0
2024-02-26 14:15:00,22154.4,22173.6,22138.35,22142.7,0
2024-02-26 14:45:00,22143.2,22149.8,22114.3,22126.4,0
2024-02-26 15:15:00,22126.45,22128.6,22109.8,22122.05,0
2024-02-27 09:15:00,22090.2,22142.75,22086.45,22128.15,0
2024-02-27 09:45:00,22126.95,22151.4,22102.5,22109.05,0
2024-02-27 10:15:00,22108.5,22135.05,22103.6,22135.05,0
2024-02-27 10:45:00,22135.6,22158.55,22131.5,22145.1,0
2024-02-27 11:15:00,22144.65,22169.85,22125.7,22153.8,0
2024-02-27 11:45:00,22152.8,22156.95,22109.0,22124.3,0
2024-02-27 12:15:00,22124.9,22164.5,22115.45,22161.1,0
2024-02-27 12:45:00,22161.35,22207.65,22159.9,22205.95,0
2024-02-27 13:15:00,22204.55,22217.35,22166.05,22168.4,0
2024-02-27 13:45:00,22167.85,22169.85,22132.4,22163.1,0
2024-02-27 14:15:00,22162.9,22192.7,22149.7,22179.1,0
2024-02-27 14:45:00,22180.1,22216.6,22170.2,22203.9,0
2024-02-27 15:15:00,22203.55,22205.0,22178.35,22198.35,0
2024-02-28 09:15:00,22214.1,22221.3,22184.6,22209.5,0
2024-02-28 09:45:00,22210.2,22228.45,22169.0,22219.0,0
2024-02-28 10:15:00,22218.95,22226.3,22190.35,22200.7,0
2024-02-28 10:45:00,22200.4,22201.35,22021.25,22062.05,0
2024-02-28 11:15:00,22062.7,22088.45,22020.3,22022.95,0
2024-02-28 11:45:00,22023.1,22043.95,22002.1,22038.3,0
2024-02-28 12:15:00,22039.05,22054.65,22026.65,22051.75,0
2024-02-28 12:45:00,22051.55,22054.2,21939.7,21942.5,0
2024-02-28 13:15:00,21943.9,22033.7,21943.7,22015.1,0
2024-02-28 13:45:00,22014.65,22050.25,21993.15,22044.85,0
2024-02-28 14:15:00,22044.6,22046.3,21966.25,21974.2,0
2024-02-28 14:45:00,21973.4,22013.15,21945.8,21952.75,0
2024-02-28 15:15:00,21953.45,21953.6,21918.9,21951.15,0
2024-02-29 09:15:00,21935.2,21992.1,21888.0,21946.3,0
2024-02-29 09:45:00,21948.85,22022.25,21867.3,21873.5,0
2024-02-29 10:15:00,21873.6,21922.0,21861.35,21909.0,0
2024-02-29 10:45:00,21906.6,21971.55,21882.3,21967.85,0
2024-02-29 11:15:00,21967.6,21996.6,21923.0,21958.0,0
2024-02-29 11:45:00,21953.45,21976.75,21939.3,21952.35,0
2024-02-29 12:15:00,21950.85,21965.3,21897.15,21963.45,0
2024-02-29 12:45:00,21962.75,21974.25,21939.35,21969.95,0
2024-02-29 13:15:00,21968.2,21988.75,21936.35,21953.55,0
2024-02-29 13:45:00,21951.55,21986.1,21937.7,21962.35,0
2024-02-29 14:15:00,21959.65,21983.45,21900.5,21983.45,0
2024-02-29 14:45:00,21983.4,22004.25,21911.9,21996.7,0
2024-02-29 15:15:00,21996.05,22059.8,21982.8,21982.8,0
2024-03-01 09:15:00,22048.3,22166.6,22048.3,22161.85,0
2024-03-01 09:45:00,22162.45,22200.1,22145.2,22196.95,0
2024-03-01 10:15:00,22196.45,22210.15,22174.7,22178.7,0
2024-03-01 10:45:00,22178.3,22221.85,22172.45,22208.7,0
2024-03-01 11:15:00,22208.6,22294.7,22208.6,22279.15,0
2024-03-01 11:45:00,22279.35,22304.0,22268.2,22286.45,0
2024-03-01 12:15:00,22287.0,22312.15,22277.3,22305.8,0
2024-03-01 12:45:00,22305.65,22317.75,22281.4,22288.35,0
2024-03-01 13:15:00,22288.6,22318.85,22282.8,22314.65,0
2024-03-01 13:45:00,22315.05,22334.75,22310.6,22330.6,0
2024-03-01 14:15:00,22329.85,22339.25,22315.65,22331.85,0
2024-03-01 14:45:00,22332.1,22352.95,22326.1,22329.1,0
2024-03-01 15:15:00,22329.3,22343.3,22319.65,22338.75,0
2024-03-02 09:15:00,22406.95,22418.85,22367.1,22401.65,0
2024-03-02 09:45:00,22402.15,22412.45,22388.5,22395.0,0
2024-03-02 10:15:00,22395.0,22395.0,22395.0,22395.0,0
2024-03-02 10:45:00,22395.0,22395.0,22395.0,22395.0,0
2024-03-02 11:15:00,22395.0,22463.65,22376.35,22393.2,0
2024-03-02 11:45:00,22393.55,22400.85,22373.2,22375.55,0
2024-03-02 12:15:00,22375.85,22382.65,22372.2,22378.4,0
2024-03-02 12:45:00,22378.4,22378.4,22378.4,22378.4,0
2024-03-04 09:15:00,22403.5,22440.9,22362.5,22395.9,0
2024-03-04 09:45:00,22396.05,22408.0,22358.9,22395.4,0
2024-03-04 10:15:00,22395.0,22432.9,22395.0,22424.45,0
2024-03-04 10:45:00,22425.4,22425.4,22372.85,22404.55,0
2024-03-04 11:15:00,22404.8,22418.8,22385.9,22408.55,0
2024-03-04 11:45:00,22410.1,22423.9,22389.95,22403.3,0
2024-03-04 12:15:00,22401.0,22426.6,22397.55,22412.4,0
2024-03-04 12:45:00,22413.1,22415.15,22372.75,22401.7,0
2024-03-04 13:15:00,22402.2,22414.8,22399.25,22407.95,0
2024-03-04 13:45:00,22407.15,22430.7,22384.25,22428.2,0
2024-03-04 14:15:00,22428.5,22434.25,22396.3,22407.85,0
2024-03-04 14:45:00,22408.65,22427.25,22403.05,22404.45,0
2024-03-04 15:15:00,22403.8,22414.8,22383.5,22405.6,0
2024-03-05 09:15:00,22371.25,22390.85,22321.65,22374.95,0
2024-03-05 09:45:00,22373.8,22374.35,22324.7,22333.15,0
2024-03-05 10:15:00,22332.25,22332.35,22278.8,22306.8,0
2024-03-05 10:45:00,22307.5,22315.9,22285.15,22288.65,0
2024-03-05 11:15:00,22288.95,22328.45,22269.95,22324.7,0
2024-03-05 11:45:00,22324.75,22352.9,22317.35,22340.6,0
2024-03-05 12:15:00,22339.5,22342.4,22311.55,22332.85,0
2024-03-05 12:45:00,22333.55,22415.6,22327.9,22391.55,0
2024-03-05 13:15:00,22391.25,22406.7,22376.5,22382.5,0
2024-03-05 13:45:00,22382.25,22388.05,22340.0,22355.05,0
2024-03-05 14:15:00,22355.5,22384.05,22346.3,22373.4,0
2024-03-05 14:45:00,22372.7,22382.1,22341.95,22353.65,0
2024-03-05 15:15:00,22353.55,22362.6,22340.6,22356.3,0
2024-03-06 09:15:00,22327.5,22365.3,22290.1,22363.9,0
2024-03-06 09:45:00,22365.05,22367.8,22251.65,22315.0,0
2024-03-06 10:15:00,22315.45,22352.8,22274.45,22311.1,0
2024-03-06 10:45:00,22311.7,22311.7,22260.2,22273.25,0
2024-03-06 11:15:00,22274.75,22302.2,22226.75,22247.65,0
2024-03-06 11:45:00,22247.3,22266.75,22225.65,22259.2,0
2024-03-06 12:15:00,22260.05,22301.25,22236.35,22280.4,0
2024-03-06 12:45:00,22280.15,22300.1,22262.65,22298.0,0
2024-03-06 13:15:00,22297.85,22338.05,22273.35,22327.0,0
2024-03-06 13:45:00,22327.75,22412.2,22327.4,22403.45,0
2024-03-06 14:15:00,22404.35,22473.25,22392.15,22464.55,0
2024-03-06 14:45:00,22464.7,22482.05,22430.65,22473.3,0
2024-03-06 15:15:00,22472.5,22493.0,22466.75,22474.05,0
2024-03-07 09:15:00,22505.3,22514.85,22450.7,22473.35,0
2024-03-07 09:45:00,22472.95,22502.6,22451.15,22486.95,0
2024-03-07 10:15:00,22486.95,22495.1,22441.7,22443.8,0
2024-03-07 10:45:00,22442.35,22521.3,22431.1,22498.65,0
2024-03-07 11:15:00,22498.0,22508.15,22470.05,22480.75,0
2024-03-07 11:45:00,22481.6,22496.6,22478.55,22486.6,0
2024-03-07 12:15:00,22487.25,22498.5,22472.6,22496.35,0
2024-03-07 12:45:00,22496.0,22517.65,22490.8,22509.15,0
2024-03-07 13:15:00,22507.8,22515.05,22491.3,22509.55,0
2024-03-07 13:45:00,22509.75,22524.0,22485.05,22499.2,0
2024-03-07 14:15:00,22498.85,22522.05,22482.85,22487.45,0
2024-03-07 14:45:00,22486.65,22517.2,22475.7,22500.75,0
2024-03-07 15:15:00,22501.1,22504.9,22464.5,22493.55,0
2024-03-11 09:15:00,22517.5,22517.5,22459.2,22474.05,0
2024-03-11 09:45:00,22474.8,22485.85,22430.2,22431.7,0
2024-03-11 10:15:00,22430.85,22461.7,22425.15,22437.4,0
2024-03-11 10:45:00,22436.8,22446.3,22411.85,22417.25,0
2024-03-11 11:15:00,22416.55,22439.45,22395.9,22420.55,0
2024-03-11 11:45:00,22420.55,22424.35,22367.65,22373.55,0
2024-03-11 12:15:00,22373.05,22421.55,22369.55,22411.2,0
2024-03-11 12:45:00,22411.7,22423.1,22389.3,22392.95,0
2024-03-11 13:15:00,22393.5,22426.05,22385.85,22399.7,0
2024-03-11 13:45:00,22399.35,22419.75,22375.75,22376.05,0
2024-03-11 14:15:00,22376.1,22395.85,22343.3,22390.35,0
2024-03-11 14:45:00,22388.3,22408.65,22309.25,22323.7,0
2024-03-11 15:15:00,22322.2,22337.4,22308.25,22332.65,0
2024-03-12 09:15:00,22334.45,22432.95,22315.5,22428.55,0
2024-03-12 09:45:00,22429.0,22449.7,22398.2,22437.75,0
2024-03-12 10:15:00,22439.4,22451.25,22347.9,22348.6,0
2024-03-12 10:45:00,22350.55,22378.55,22256.75,22361.05,0
2024-03-12 11:15:00,22362.15,22376.65,22323.85,22324.6,0
2024-03-12 11:45:00,22325.6,22392.4,22313.8,22359.55,0
2024-03-12 12:15:00,22359.85,22385.95,22358.55,22380.15,0
2024-03-12 12:45:00,22378.85,22381.2,22335.0,22378.9,0
2024-03-12 13:15:00,22379.2,22402.1,22370.05,22384.75,0
2024-03-12 13:45:00,22384.1,22398.1,22365.15,22369.45,0
2024-03-12 14:15:00,22368.5,22381.4,22305.6,22321.05,0
2024-03-12 14:45:00,22318.9,22363.2,22314.85,22331.65,0
2024-03-12 15:15:00,22329.95,22342.65,22325.05,22335.7,0
2024-03-13 09:15:00,22432.2,22439.7,22307.4,22342.25,0
2024-03-13 09:45:00,22343.0,22343.0,22261.45,22336.15,0
2024-03-13 10:15:00,22334.5,22344.15,22279.1,22311.05,0
2024-03-13 10:45:00,22312.3,22317.3,22225.6,22239.0,0
2024-03-13 11:15:00,22239.8,22252.05,22122.95,22142.9,0
2024-03-13 11:45:00,22141.75,22149.05,22076.25,22080.2,0
2024-03-13 12:15:00,22080.7,22113.05,22041.5,22095.0,0
2024-03-13 12:45:00,22093.3,22126.1,22079.85,22109.55,0
2024-03-13 13:15:00,22108.65,22118.9,22053.25,22067.05,0
2024-03-13 13:45:00,22067.0,22067.0,21998.55,22004.2,0
2024-03-13 14:15:00,22001.7,22002.1,21905.75,21934.05,0
2024-03-13 14:45:00,21932.45,22049.05,21920.4,21969.85,0
2024-03-13 15:15:00,21969.9,22010.95,21963.95,21997.7,0
2024-03-14 09:15:00,21982.55,22025.75,21920.05,21992.9,0
2024-03-14 09:45:00,21993.7,22045.15,21974.75,22010.75,0
2024-03-14 10:15:00,22011.15,22088.55,22003.7,22071.05,0
2024-03-14 10:45:00,22071.8,22097.65,22061.05,22083.5,0
2024-03-14 11:15:00,22084.4,22177.85,22067.1,22166.2,0
2024-03-14 11:45:00,22167.55,22184.6,22157.0,22174.9,0
2024-03-14 12:15:00,22175.05,22204.15,22142.85,22143.1,0
2024-03-14 12:45:00,22145.4,22178.55,22128.0,22157.4,0
2024-03-14 13:15:00,22156.9,22168.7,22112.0,22115.85,0
2024-03-14 13:45:00,22115.55,22139.45,22080.45,22102.0,0
2024-03-14 14:15:00,22101.45,22142.55,22096.65,22111.95,0
2024-03-14 14:45:00,22111.95,22156.1,22096.75,22144.25,0
2024-03-14 15:15:00,22143.1,22163.7,22134.7,22146.65,0
2024-03-15 09:15:00,22064.85,22120.55,22016.7,22034.15,0
2024-03-15 09:45:00,22035.75,22059.4,21982.95,22013.1,0
2024-03-15 10:15:00,22013.35,22024.05,21957.35,21978.2,0
2024-03-15 10:45:00,21979.9,22002.35,21934.95,21954.5,0
2024-03-15 11:15:00,21956.0,21972.25,21938.6,21969.0,0
2024-03-15 11:45:00,21969.0,21989.05,21931.9,21949.4,0
2024-03-15 12:15:00,21949.7,21963.55,21937.95,21953.05,0
2024-03-15 12:45:00,21950.95,21995.35,21949.45,21994.05,0
2024-03-15 13:15:00,21992.55,22025.0,21976.15,22016.95,0
2024-03-15 13:45:00,22017.45,22040.5,21997.35,22010.55,0
2024-03-15 14:15:00,22011.45,22018.65,21978.35,22010.4,0
2024-03-15 14:45:00,22011.2,22052.85,21992.4,22009.2,0
2024-03-15 15:15:00,22008.25,22047.05,21985.4,22023.35,0
2024-03-18 09:15:00,21990.1,22044.9,21948.15,21963.9,0
2024-03-18 09:45:00,21963.6,22023.9,21937.15,21977.2,0
2024-03-18 10:15:00,21978.5,22040.25,21976.3,22000.6,0
2024-03-18 10:45:00,22000.6,22020.0,21949.25,21949.7,0
2024-03-18 11:15:00,21948.75,21991.8,21918.25,21989.45,0
2024-03-18 11:45:00,21989.2,22049.6,21982.05,22034.1,0
2024-03-18 12:15:00,22034.6,22093.0,22034.1,22055.0,0
2024-03-18 12:45:00,22056.75,22076.5,22042.5,22071.55,0
2024-03-18 13:15:00,22073.85,22081.4,22056.65,22063.05,0
2024-03-18 13:45:00,22063.25,22082.1,22046.35,22062.4,0
2024-03-18 14:15:00,22064.15,22123.5,22061.45,22105.25,0
2024-03-18 14:45:00,22106.15,22112.25,22037.45,22056.2,0
2024-03-18 15:15:00,22055.0,22068.35,22036.3,22055.7,0
2024-03-19 09:15:00,21946.45,21976.7,21923.4,21972.1,0
2024-03-19 09:45:00,21972.15,21972.15,21857.1,21890.75,0
2024-03-19 10:15:00,21891.2,21895.1,21835.05,21875.65,0
2024-03-19 10:45:00,21875.8,21876.2,21841.05,21861.8,0
2024-03-19 11:15:00,21861.25,21882.35,21809.0,21810.85,0
2024-03-19 11:45:00,21809.45,21838.35,21809.45,21828.05,0
2024-03-19 12:15:00,21828.55,21865.5,21824.55,21846.5,0
2024-03-19 12:45:00,21846.35,21868.25,21841.05,21858.95,0
2024-03-19 13:15:00,21859.95,21872.45,21844.55,21865.5,0
2024-03-19 13:45:00,21865.7,21867.2,21809.55,21816.55,0
2024-03-19 14:15:00,21816.85,21849.85,21794.4,21844.55,0
2024-03-19 14:45:00,21844.05,21853.6,21799.85,21811.5,0
2024-03-19 15:15:00,21811.05,21821.15,21804.25,21817.45,0
2024-03-20 09:15:00,21843.9,21891.35,21831.85,21860.4,0
2024-03-20 09:45:00,21860.45,21878.15,21757.15,21765.05,0
2024-03-20 10:15:00,21765.0,21789.4,21717.7,21730.85,0
2024-03-20 10:45:00,21730.7,21801.2,21710.35,21790.75,0
2024-03-20 11:15:00,21790.9,21845.75,21760.2,21844.35,0
2024-03-20 11:45:00,21846.3,21863.1,21823.15,21834.45,0
2024-03-20 12:15:00,21837.65,21881.3,21830.85,21875.4,0
2024-03-20 12:45:00,21876.65,21911.65,21860.95,21908.45,0
2024-03-20 13:15:00,21911.55,21930.5,21876.1,21898.9,0
2024-03-20 13:45:00,21901.7,21906.6,21838.95,21855.35,0
2024-03-20 14:15:00,21856.7,21879.3,21819.9,21849.45,0
2024-03-20 14:45:00,21851.45,21859.65,21813.95,21842.25,0
2024-03-20 15:15:00,21842.1,21858.45,21831.65,21839.1,0
2024-03-21 09:15:00,21989.9,22025.2,21978.7,22008.95,0
2024-03-21 09:45:00,22008.95,22078.95,21991.3,22068.1,0
2024-03-21 10:15:00,22067.35,22075.95,22045.2,22051.6,0
2024-03-21 10:45:00,22052.85,22080.8,22048.65,22073.95,0
2024-03-21 11:15:00,22073.9,22075.05,22020.4,22029.05,0
2024-03-21 11:45:00,22028.45,22041.0,21948.55,21951.45,0
2024-03-21 12:15:00,21951.75,22004.45,21941.95,21998.95,0
2024-03-21 12:45:00,21998.85,22015.3,21983.5,22003.6,0
2024-03-21 13:15:00,22002.35,22030.45,21991.9,22018.1,0
2024-03-21 13:45:00,22017.85,22021.55,21987.3,21998.5,0
2024-03-21 14:15:00,21999.75,22036.95,21998.1,22027.85,0
2024-03-21 14:45:00,22028.45,22036.85,21982.6,22028.4,0
2024-03-21 15:15:00,22025.1,22038.25,22011.6,22011.95,0
2024-03-22 09:15:00,21932.2,21977.3,21884.15,21950.45,0
2024-03-22 09:45:00,21948.25,22040.2,21913.2,22030.9,0
2024-03-22 10:15:00,22029.6,22071.05,22018.3,22036.45,0
2024-03-22 10:45:00,22035.55,22074.0,22026.65,22051.35,0
2024-03-22 11:15:00,22051.6,22102.55,22049.45,22087.1,0
2024-03-22 11:45:00,22086.95,22101.95,22072.5,22076.55,0
2024-03-22 12:15:00,22076.3,22093.35,22060.45,22082.95,0
2024-03-22 12:45:00,22081.7,22118.25,22081.7,22106.25,0
2024-03-22 13:15:00,22106.3,22115.9,22078.3,22092.0,0
2024-03-22 13:45:00,22092.1,22111.5,22082.3,22105.0,0
2024-03-22 14:15:00,22104.25,22156.2,22104.1,22153.45,0
2024-03-22 14:45:00,22151.0,22179.0,22063.8,22079.65,0
2024-03-22 15:15:00,22081.6,22096.75,22069.8,22096.75,0
2024-03-26 09:15:00,21947.9,22072.65,21947.9,22021.0,0
2024-03-26 09:45:00,22020.3,22047.3,22001.55,22023.9,0
2024-03-26 10:15:00,22024.15,22064.8,22011.65,22026.05,0
2024-03-26 10:45:00,22025.9,22044.1,22020.45,22034.7,0
2024-03-26 11:15:00,22034.55,22056.4,22029.7,22054.6,0
2024-03-26 11:45:00,22054.35,22062.2,22023.7,22031.6,0
2024-03-26 12:15:00,22031.2,22058.4,22029.65,22049.7,0
2024-03-26 12:45:00,22049.35,22072.55,22046.25,22056.95,0
2024-03-26 13:15:00,22057.75,22065.3,22040.35,22043.65,0
2024-03-26 13:45:00,22043.0,22057.85,22029.05,22044.75,0
2024-03-26 14:15:00,22044.7,22050.6,22007.15,22013.2,0
2024-03-26 14:45:00,22013.35,22017.2,21992.3,22003.8,0
2024-03-26 15:15:00,22004.1,22030.2,21996.35,22004.7,0
2024-03-27 09:15:00,22053.95,22124.8,22053.95,22113.15,0
2024-03-27 09:45:00,22113.1,22160.6,22103.0,22146.45,0
2024-03-27 10:15:00,22147.1,22162.1,22133.0,22158.15,0
2024-03-27 10:45:00,22158.45,22171.95,22135.15,22157.2,0
2024-03-27 11:15:00,22157.05,22181.6,22154.3,22170.3,0
2024-03-27 11:45:00,22170.25,22182.8,22154.25,22165.25,0
2024-03-27 12:15:00,22164.7,22175.2,22152.5,22159.1,0
2024-03-27 12:45:00,22158.05,22176.8,22148.0,22159.65,0
2024-03-27 13:15:00,22159.1,22183.4,22159.1,22180.2,0
2024-03-27 13:45:00,22181.85,22193.15,22171.9,22188.75,0
2024-03-27 14:15:00,22188.6,22191.4,22159.45,22168.35,0
2024-03-27 14:45:00,22168.5,22172.45,22093.3,22116.15,0
2024-03-27 15:15:00,22117.8,22159.35,22109.65,22123.65,0
2024-03-28 09:15:00,22163.6,22262.35,22163.6,22257.9,0
2024-03-28 09:45:00,22258.7,22316.65,22252.05,22306.25,0
2024-03-28 10:15:00,22306.05,22367.85,22278.5,22355.5,0
2024-03-28 10:45:00,22354.7,22369.35,22342.2,22367.3,0
2024-03-28 11:15:00,22366.85,22373.0,22344.4,22359.3,0
2024-03-28 11:45:00,22359.9,22370.35,22321.05,22334.2,0
2024-03-28 12:15:00,22334.15,22423.1,22327.5,22414.25,0
2024-03-28 12:45:00,22413.65,22434.2,22397.85,22408.65,0
2024-03-28 13:15:00,22409.8,22429.85,22405.95,22416.4,0
2024-03-28 13:45:00,22416.35,22473.75,22413.55,22467.95,0
2024-03-28 14:15:00,22468.05,22513.2,22460.15,22503.2,0
2024-03-28 14:45:00,22499.5,22503.45,22264.95,22268.9,0
2024-03-28 15:15:00,22270.2,22343.7,22264.65,22326.9,0
2024-04-01 09:15:00,22455.0,22529.1,22455.0,22482.6,0
2024-04-01 09:45:00,22483.25,22524.4,22475.9,22503.65,0
2024-04-01 10:15:00,22503.8,22512.75,22488.3,22492.1,0
2024-04-01 10:45:00,22492.05,22497.1,22453.3,22479.45,0
2024-04-01 11:15:00,22479.8,22491.5,22459.7,22467.25,0
2024-04-01 11:45:00,22466.8,22489.05,22462.2,22462.2,0
2024-04-01 12:15:00,22461.95,22483.25,22461.0,22474.6,0
2024-04-01 12:45:00,22474.15,22475.05,22427.85,22445.75,0
2024-04-01 13:15:00,22445.8,22472.3,22445.65,22459.85,0
2024-04-01 13:45:00,22458.7,22473.3,22445.05,22454.5,0
2024-04-01 14:15:00,22456.1,22467.5,22434.15,22436.25,0
2024-04-01 14:45:00,22435.9,22466.95,22433.5,22464.05,0
2024-04-01 15:15:00,22465.6,22477.7,22456.5,22462.0,0
2024-04-02 09:15:00,22458.8,22496.9,22415.9,22480.5,0
2024-04-02 09:45:00,22480.35,22483.7,22428.65,22433.6,0
2024-04-02 10:15:00,22434.0,22448.35,22409.9,22424.75,0
2024-04-02 10:45:00,22424.8,22436.35,22389.15,22432.4,0
2024-04-02 11:15:00,22430.4,22445.15,22413.95,22425.8,0
2024-04-02 11:45:00,22425.95,22428.25,22414.4,22424.5,0
2024-04-02 12:15:00,22424.15,22432.05,22416.55,22427.95,0
2024-04-02 12:45:00,22428.6,22432.15,22408.2,22409.05,0
2024-04-02 13:15:00,22409.65,22423.15,22393.05,22414.35,0
2024-04-02 13:45:00,22413.75,22421.85,22400.6,22414.0,0
2024-04-02 14:15:00,22414.15,22432.95,22410.1,22420.55,0
2024-04-02 14:45:00,22420.45,22461.55,22420.45,22452.3,0
2024-04-02 15:15:00,22451.45,22470.3,22450.95,22453.3,0
2024-04-03 09:15:00,22385.7,22395.95,22347.8,22369.15,0
2024-04-03 09:45:00,22368.85,22457.1,22362.2,22448.6,0
2024-04-03 10:15:00,22448.15,22466.05,22441.35,22456.2,0
2024-04-03 10:45:00,22455.6,22457.1,22419.1,22447.7,0
2024-04-03 11:15:00,22447.6,22469.85,22445.3,22452.45,0
2024-04-03 11:45:00,22452.15,22480.3,22445.1,22479.0,0
2024-04-03 12:15:00,22479.75,22504.4,22471.75,22502.65,0
2024-04-03 12:45:00,22501.9,22520.9,22485.3,22485.3,0
2024-04-03 13:15:00,22484.5,22508.75,22484.45,22496.0,0
2024-04-03 13:45:00,22495.8,22501.15,22459.1,22494.95,0
2024-04-03 14:15:00,22494.95,22500.75,22441.4,22448.65,0
2024-04-03 14:45:00,22449.15,22459.0,22423.45,22430.7,0
2024-04-03 15:15:00,22430.75,22447.1,22423.5,22434.65,0
2024-04-04 09:15:00,22592.1,22603.6,22451.6,22454.65,0
2024-04-04 09:45:00,22453.05,22485.25,22376.1,22376.1,0
2024-04-04 10:15:00,22373.75,22450.3,22373.05,22415.3,0
2024-04-04 10:45:00,22413.4,22428.0,22307.45,22417.45,0
2024-04-04 11:15:00,22419.35,22429.05,22350.85,22389.1,0
2024-04-04 11:45:00,22390.1,22418.55,22376.5,22385.3,0
2024-04-04 12:15:00,22385.45,22472.5,22377.0,22467.75,0
2024-04-04 12:45:00,22469.5,22491.35,22456.1,22481.05,0
2024-04-04 13:15:00,22481.45,22580.2,22470.4,22541.8,0
2024-04-04 13:45:00,22539.8,22552.75,22493.3,22530.3,0
2024-04-04 14:15:00,22529.6,22564.95,22525.0,22563.95,0
2024-04-04 14:45:00,22564.8,22568.1,22486.7,22507.25,0
2024-04-04 15:15:00,22506.65,22553.95,22506.65,22514.65,0
2024-04-05 09:15:00,22486.4,22495.5,22429.0,22470.85,0
2024-04-05 09:45:00,22471.75,22502.45,22451.6,22474.6,0
2024-04-05 10:15:00,22473.9,22506.7,22458.95,22491.75,0
2024-04-05 10:45:00,22492.5,22514.65,22486.8,22514.4,0
2024-04-05 11:15:00,22514.8,22516.85,22473.05,22492.75,0
2024-04-05 11:45:00,22492.65,22505.55,22485.4,22498.85,0
2024-04-05 12:15:00,22498.8,22511.85,22490.9,22493.7,0
2024-04-05 12:45:00,22494.5,22508.3,22475.7,22484.85,0
2024-04-05 13:15:00,22485.05,22504.45,22479.1,22494.65,0
2024-04-05 13:45:00,22494.65,22528.35,22489.95,22504.05,0
2024-04-05 14:15:00,22504.4,22513.9,22487.25,22494.15,0
2024-04-05 14:45:00,22494.7,22521.1,22489.45,22515.45,0
2024-04-05 15:15:00,22514.4,22536.6,22501.5,22513.7,0
2024-04-08 09:15:00,22580.25,22623.85,22550.35,22607.0,0
2024-04-08 09:45:00,22605.95,22630.45,22586.6,22626.25,0
2024-04-08 10:15:00,22627.15,22630.75,22605.9,22619.8,0
2024-04-08 10:45:00,22619.7,22634.05,22610.4,22623.85,0
2024-04-08 11:15:00,22624.35,22651.95,22622.3,22650.65,0
2024-04-08 11:45:00,22650.75,22656.25,22638.15,22653.25,0
2024-04-08 12:15:00,22653.65,22678.25,22651.15,22673.2,0
2024-04-08 12:45:00,22673.25,22696.05,22668.85,22695.25,0
2024-04-08 13:15:00,22695.35,22696.95,22634.15,22670.3,0
2024-04-08 13:45:00,22670.35,22671.7,22642.15,22660.9,0
2024-04-08 14:15:00,22661.0,22688.25,22660.5,22665.15,0
2024-04-08 14:45:00,22665.5,22678.8,22655.45,22671.15,0
2024-04-08 15:15:00,22671.1,22674.35,22657.85,22666.3,0
2024-04-09 09:15:00,22760.0,22760.0,22675.45,22730.0,0
2024-04-09 09:45:00,22729.95,22759.35,22729.65,22749.05,0
2024-04-09 10:15:00,22749.25,22768.35,22733.5,22760.15,0
2024-04-09 10:45:00,22760.2,22760.75,22727.2,22729.65,0
2024-04-09 11:15:00,22729.6,22757.5,22727.1,22742.1,0
2024-04-09 11:45:00,22742.25,22750.0,22708.85,22720.5,0
2024-04-09 12:15:00,22720.1,22727.5,22669.1,22687.55,0
2024-04-09 12:45:00,22687.2,22706.55,22682.15,22683.55,0
2024-04-09 13:15:00,22683.05,22685.85,22652.05,22652.5,0
2024-04-09 13:45:00,22652.25,22664.3,22616.8,22617.5,0
2024-04-09 14:15:00,22618.8,22671.9,22613.15,22633.65,0
2024-04-09 14:45:00,22634.2,22655.65,22633.35,22641.55,0
2024-04-09 15:15:00,22642.05,22652.7,22639.15,22642.75,0
2024-04-10 09:15:00,22720.25,22727.1,22679.45,22720.75,0
2024-04-10 09:45:00,22720.1,22722.7,22680.35,22707.3,0
2024-04-10 10:15:00,22706.75,22715.25,22690.35,22705.0,0
2024-04-10 10:45:00,22704.35,22720.05,22695.7,22706.3,0
2024-04-10 11:15:00,22706.2,22707.45,22674.55,22685.45,0
2024-04-10 11:45:00,22685.9,22708.45,22678.8,22706.4,0
2024-04-10 12:15:00,22705.9,22707.6,22691.4,22702.2,0
2024-04-10 12:45:00,22702.4,22721.15,22691.45,22715.1,0
2024-04-10 13:15:00,22714.9,22744.1,22709.8,22742.9,0
2024-04-10 13:45:00,22743.0,22744.75,22711.15,22721.65,0
2024-04-10 14:15:00,22721.3,22751.6,22718.3,22743.65,0
2024-04-10 14:45:00,22743.4,22775.7,22729.85,22752.65,0
2024-04-10 15:15:00,22752.0,22755.65,22730.6,22753.8,0
2024-04-12 09:15:00,22683.95,22726.15,22627.25,22640.55,0
2024-04-12 09:45:00,22637.25,22664.65,22626.5,22641.7,0
2024-04-12 10:15:00,22642.3,22665.95,22627.65,22665.15,0
2024-04-12 10:45:00,22662.1,22666.75,22650.0,22657.85,0
2024-04-12 11:15:00,22657.7,22688.6,22656.1,22681.55,0
2024-04-12 11:45:00,22681.55,22698.2,22679.4,22687.95,0
2024-04-12 12:15:00,22688.05,22690.3,22554.85,22580.05,0
2024-04-12 12:45:00,22580.4,22596.2,22545.65,22568.05,0
2024-04-12 13:15:00,22568.5,22591.5,22558.5,22564.3,0
2024-04-12 13:45:00,22564.2,22584.35,22539.2,22544.7,0
2024-04-12 14:15:00,22544.95,22563.75,22532.05,22532.05,0
2024-04-12 14:45:00,22533.45,22549.05,22511.1,22515.85,0
2024-04-12 15:15:00,22515.8,22524.05,22503.85,22519.4,0
2024-04-15 09:15:00,22356.7,22369.1,22263.75,22280.7,0
2024-04-15 09:45:00,22280.65,22376.6,22279.0,22360.3,0
2024-04-15 10:15:00,22360.65,22384.75,22344.85,22378.05,0
2024-04-15 10:45:00,22379.25,22426.55,22361.2,22361.9,0
2024-04-15 11:15:00,22361.45,22387.85,22357.75,22372.6,0
2024-04-15 11:45:00,22373.0,22399.45,22355.9,22398.85,0
2024-04-15 12:15:00,22399.0,22404.05,22364.4,22378.5,0
2024-04-15 12:45:00,22378.2,22385.65,22321.6,22338.3,0
2024-04-15 13:15:00,22339.0,22354.3,22320.9,22333.85,0
2024-04-15 13:45:00,22334.8,22353.9,22332.6,22334.15,0
2024-04-15 14:15:00,22334.3,22343.25,22295.9,22312.05,0
2024-04-15 14:45:00,22311.55,22314.95,22260.1,22270.0,0
2024-04-15 15:15:00,22271.5,22291.3,22262.55,22272.5,0
2024-04-16 09:15:00,22136.35,22209.25,22107.95,22198.15,0
2024-04-16 09:45:00,22197.7,22213.5,22167.5,22191.4,0
2024-04-16 10:15:00,22190.65,22209.4,22156.7,22188.35,0
2024-04-16 10:45:00,22187.85,22201.9,22183.8,22201.05,0
2024-04-16 11:15:00,22201.55,22209.05,22182.9,22188.55,0
2024-04-16 11:45:00,22188.9,22189.35,22149.95,22169.75,0
2024-04-16 12:15:00,22169.4,22173.2,22118.8,22120.65,0
2024-04-16 12:45:00,22121.0,22136.05,22100.65,22100.65,0
2024-04-16 13:15:00,22100.9,22128.4,22079.7,22119.6,0
2024-04-16 13:45:00,22119.9,22154.3,22114.25,22143.05,0
2024-04-16 14:15:00,22142.65,22153.05,22119.9,22136.55,0
2024-04-16 14:45:00,22135.95,22169.75,22108.7,22168.9,0
2024-04-16 15:15:00,22168.3,22180.05,22147.9,22147.9,0
2024-04-18 09:15:00,22228.75,22270.65,22182.0,22200.45,43924105
2024-04-18 09:45:00,22249.55,22270.15,22164.85,22178.15,0
2024-04-18 10:15:00,22176.9,22207.6,22155.0,22191.15,0
2024-04-18 10:45:00,22191.1,22295.2,22165.75,22283.0,0
2024-04-18 11:15:00,22283.7,22296.25,22264.3,22282.55,0
2024-04-18 11:45:00,22282.4,22308.35,22271.8,22292.15,0
2024-04-18 12:15:00,22292.35,22326.25,22291.3,22309.8,0
2024-04-18 12:45:00,22309.85,22314.0,22282.2,22291.45,0
2024-04-18 13:15:00,22291.05,22305.4,22082.55,22094.4,0
2024-04-18 13:45:00,22094.0,22163.8,22091.75,22137.85,0
2024-04-18 14:15:00,22139.0,22171.3,22055.7,22056.15,0
2024-04-18 14:45:00,22055.6,22081.8,21962.5,21965.65,0
2024-04-18 15:15:00,21966.05,22046.75,21962.0,21995.85,0
2024-04-19 09:15:00,21839.95,21870.6,21777.65,21846.35,53820247
2024-04-19 09:45:00,21849.9,21901.65,21825.3,21884.75,0
2024-04-19 10:15:00,21886.15,21889.85,21853.6,21863.3,0
2024-04-19 10:45:00,21863.85,21888.0,21850.2,21870.7,0
2024-04-19 11:15:00,21871.5,21935.95,21866.7,21924.85,0
2024-04-19 11:45:00,21925.95,21935.3,21898.25,21934.2,0
2024-04-19 12:15:00,21934.0,22028.5,21926.75,22024.8,0
2024-04-19 12:45:00,22023.85,22052.5,22007.75,22044.9,0
2024-04-19 13:15:00,22044.9,22060.45,22009.65,22027.7,0
2024-04-19 13:45:00,22027.5,22177.7,22019.9,22149.8,0
2024-04-19 14:15:00,22149.2,22162.75,22100.6,22110.3,0
2024-04-19 14:45:00,22104.9,22179.3,22101.8,22162.3,0
2024-04-19 15:15:00,22163.1,22166.0,22129.05,22147.0,0
2024-04-22 09:15:00,22336.9,22336.9,22213.5,22218.25,0
2024-04-22 09:45:00,22218.3,22251.5,22198.35,22246.55,0
2024-04-22 10:15:00,22246.05,22266.2,22229.55,22251.65,0
2024-04-22 10:45:00,22251.95,22297.4,22240.35,22283.85,0
2024-04-22 11:15:00,22283.7,22301.2,22273.6,22287.45,0
2024-04-22 11:45:00,22286.75,22312.1,22282.65,22285.25,0
2024-04-22 12:15:00,22286.7,22299.65,22275.05,22293.0,0
2024-04-22 12:45:00,22292.55,22295.65,22257.5,22273.45,0
2024-04-22 13:15:00,22273.8,22287.1,22258.25,22286.15,0
2024-04-22 13:45:00,22285.65,22302.05,22281.55,22292.0,0
2024-04-22 14:15:00,22292.35,22316.1,22272.9,22313.5,0
2024-04-22 14:45:00,22314.9,22349.35,22307.0,22347.05,0
2024-04-22 15:15:00,22347.4,22375.25,22334.9,22336.4,0
2024-04-23 09:15:00,22416.95,22431.25,22383.0,22398.65,0
2024-04-23 09:45:00,22399.3,22418.85,22368.8,22417.65,0
2024-04-23 10:15:00,22417.45,22419.4,22376.2,22376.4,0
2024-04-23 10:45:00,22376.35,22385.75,22356.5,22381.4,0
2024-04-23 11:15:00,22382.25,22403.15,22378.7,22390.5,0
2024-04-23 11:45:00,22389.8,22423.25,22383.45,22420.8,0
2024-04-23 12:15:00,22420.75,22423.6,22400.35,22403.15,0
2024-04-23 12:45:00,22400.55,22411.8,22369.15,22382.45,0
2024-04-23 13:15:00,22382.15,22397.6,22358.4,22387.6,0
2024-04-23 13:45:00,22387.2,22405.3,22377.6,22396.45,0
2024-04-23 14:15:00,22396.5,22412.6,22387.1,22393.45,0
2024-04-23 14:45:00,22394.25,22411.85,22359.2,22377.5,0
2024-04-23 15:15:00,22378.95,22378.95,22350.15,22368.0,0
2024-04-24 09:15:00,22425.8,22426.3,22401.05,22416.05,0
2024-04-24 09:45:00,22416.3,22449.9,22410.6,22435.1,0
2024-04-24 10:15:00,22436.4,22475.9,22435.9,22472.95,0
2024-04-24 10:45:00,22473.65,22474.3,22457.4,22459.25,0
2024-04-24 11:15:00,22458.75,22468.1,22450.15,22452.1,0
2024-04-24 11:45:00,22452.1,22464.9,22438.3,22459.95,0
2024-04-24 12:15:00,22460.1,22463.3,22452.1,22456.15,0
2024-04-24 12:45:00,22455.9,22458.0,22432.95,22448.9,0
2024-04-24 13:15:00,22447.75,22458.95,22437.85,22447.1,0
2024-04-24 13:45:00,22447.0,22456.45,22437.85,22449.4,0
2024-04-24 14:15:00,22449.6,22453.15,22386.3,22402.0,0
2024-04-24 14:45:00,22402.4,22419.85,22384.8,22401.75,0
2024-04-24 15:15:00,22401.65,22414.95,22397.1,22402.4,0
2024-04-25 09:15:00,22325.35,22398.95,22308.3,22391.95,0
2024-04-25 09:45:00,22392.5,22457.95,22372.1,22457.15,0
2024-04-25 10:15:00,22454.2,22474.6,22422.15,22428.55,0
2024-04-25 10:45:00,22428.4,22444.4,22339.75,22434.75,0
2024-04-25 11:15:00,22433.15,22435.35,22381.65,22413.4,0
2024-04-25 11:45:00,22412.15,22417.65,22387.3,22396.7,0
2024-04-25 12:15:00,22397.8,22412.5,22380.4,22396.45,0
2024-04-25 12:45:00,22396.2,22462.9,22386.15,22452.15,0
2024-04-25 13:15:00,22452.9,22485.85,22428.9,22485.85,0
2024-04-25 13:45:00,22486.0,22599.5,22484.35,22577.25,0
2024-04-25 14:15:00,22576.4,22624.75,22566.55,22601.15,0
2024-04-25 14:45:00,22603.05,22606.55,22567.9,22570.25,0
2024-04-25 15:15:00,22571.05,22576.1,22549.4,22570.35,0
2024-04-26 09:15:00,22615.25,22615.5,22576.75,22593.0,0
2024-04-26 09:45:00,22594.05,22600.45,22517.8,22538.15,0
2024-04-26 10:15:00,22537.3,22555.5,22507.95,22535.2,0
2024-04-26 10:45:00,22535.0,22554.45,22513.5,22515.9,0
2024-04-26 11:15:00,22517.4,22547.6,22511.05,22542.95,0
2024-04-26 11:45:00,22543.6,22550.45,22511.75,22524.75,0
2024-04-26 12:15:00,22523.65,22530.45,22494.9,22503.9,0
2024-04-26 12:45:00,22503.7,22517.9,22491.25,22509.95,0
2024-04-26 13:15:00,22508.35,22512.75,22425.1,22444.5,0
2024-04-26 13:45:00,22444.2,22450.0,22420.25,22445.25,0
2024-04-26 14:15:00,22446.45,22464.3,22421.5,22446.65,0
2024-04-26 14:45:00,22445.4,22461.45,22386.0,22408.25,0
2024-04-26 15:15:00,22408.25,22461.6,22408.25,22419.95,0
2024-04-29 09:15:00,22488.4,22531.9,22469.1,22488.1,0
2024-04-29 09:45:00,22487.35,22492.2,22442.05,22480.6,0
2024-04-29 10:15:00,22482.75,22546.8,22478.7,22528.05,0
2024-04-29 10:45:00,22528.35,22540.4,22512.9,22536.85,0
2024-04-29 11:15:00,22536.35,22546.35,22525.6,22539.85,0
2024-04-29 11:45:00,22539.95,22571.45,22537.55,22558.7,0
2024-04-29 12:15:00,22555.8,22572.25,22546.7,22570.8,0
2024-04-29 12:45:00,22570.7,22579.85,22560.7,22575.8,0
2024-04-29 13:15:00,22575.8,22620.1,22566.05,22619.35,0
2024-04-29 13:45:00,22618.5,22622.65,22599.8,22611.15,0
2024-04-29 14:15:00,22611.6,22629.45,22605.85,22608.3,0
2024-04-29 14:45:00,22608.0,22655.65,22599.55,22653.05,0
2024-04-29 15:15:00,22653.3,22653.75,22626.45,22643.4,0
2024-04-30 09:15:00,22684.2,22713.0,22663.45,22706.1,0
2024-04-30 09:45:00,22705.8,22754.3,22696.85,22727.25,0
2024-04-30 10:15:00,22729.7,22746.15,22722.3,22742.7,0
2024-04-30 10:45:00,22742.65,22768.8,22709.75,22734.3,0
2024-04-30 11:15:00,22735.25,22742.3,22721.15,22735.1,0
2024-04-30 11:45:00,22735.15,22750.75,22723.5,22745.25,0
2024-04-30 12:15:00,22745.25,22756.1,22726.3,22742.05,0
2024-04-30 12:45:00,22741.0,22749.35,22706.55,22714.7,0
2024-04-30 13:15:00,22715.0,22743.0,22707.8,22739.55,0
2024-04-30 13:45:00,22738.65,22779.0,22726.8,22768.05,0
2024-04-30 14:15:00,22767.35,22782.95,22742.1,22743.65,0
2024-04-30 14:45:00,22742.15,22746.85,22601.3,22603.55,0
2024-04-30 15:15:00,22602.45,22604.85,22568.95,22604.85,0
2024-05-02 09:15:00,22582.5,22668.15,22580.6,22657.4,0
2024-05-02 09:45:00,22655.8,22680.05,22617.7,22670.75,0
2024-05-02 10:15:00,22667.45,22693.1,22655.95,22686.95,0
2024-05-02 10:45:00,22685.9,22692.85,22655.2,22659.2,0
2024-05-02 11:15:00,22657.9,22705.75,22631.05,22678.95,0
2024-05-02 11:45:00,22678.25,22697.0,22667.85,22692.6,0
2024-05-02 12:15:00,22692.25,22704.7,22674.3,22684.5,0
2024-05-02 12:45:00,22684.1,22693.3,22662.6,22684.4,0
2024-05-02 13:15:00,22684.25,22708.85,22677.05,22692.9,0
2024-05-02 13:45:00,22692.5,22710.35,22668.55,22679.55,0
2024-05-02 14:15:00,22678.45,22683.35,22640.95,22659.15,0
2024-05-02 14:45:00,22658.95,22691.9,22633.45,22641.65,0
2024-05-02 15:15:00,22639.35,22661.95,22633.65,22648.2,0
2024-05-03 09:15:00,22769.1,22794.15,22754.55,22769.8,0
2024-05-03 09:45:00,22770.75,22778.25,22676.2,22681.4,0
2024-05-03 10:15:00,22682.6,22696.7,22593.7,22616.7,0
2024-05-03 10:45:00,22615.25,22640.1,22583.5,22606.05,0
2024-05-03 11:15:00,22604.95,22607.05,22475.2,22509.4,0
2024-05-03 11:45:00,22509.3,22511.1,22456.7,22476.55,0
2024-05-03 12:15:00,22476.0,22548.35,22471.85,22541.85,0
2024-05-03 12:45:00,22540.75,22547.4,22397.0,22415.15,0
2024-05-03 13:15:00,22412.3,22443.7,22359.85,22375.65,0
2024-05-03 13:45:00,22374.7,22416.0,22348.75,22408.8,0
2024-05-03 14:15:00,22407.55,22452.1,22380.5,22445.55,0
2024-05-03 14:45:00,22445.25,22492.95,22426.35,22490.6,0
2024-05-03 15:15:00,22491.65,22503.85,22450.45,22475.85,0
2024-05-06 09:15:00,22562.6,22588.8,22435.1,22504.25,0
2024-05-06 09:45:00,22501.9,22503.9,22433.9,22466.35,0
2024-05-06 10:15:00,22468.15,22517.85,22439.8,22511.35,0
2024-05-06 10:45:00,22510.05,22542.7,22494.1,22494.1,0
2024-05-06 11:15:00,22493.4,22510.8,22462.0,22493.5,0
2024-05-06 11:45:00,22492.4,22525.4,22475.1,22520.95,0
2024-05-06 12:15:00,22521.45,22526.45,22471.35,22483.8,0
2024-05-06 12:45:00,22483.35,22487.85,22438.45,22439.4,0
2024-05-06 13:15:00,22439.6,22473.85,22412.45,22472.1,0
2024-05-06 13:45:00,22471.75,22474.25,22436.0,22439.85,0
2024-05-06 14:15:00,22438.9,22463.7,22410.05,22446.85,0
2024-05-06 14:45:00,22446.65,22487.3,22417.25,22441.0,0
2024-05-06 15:15:00,22440.85,22463.2,22434.3,22442.7,0
2024-05-07 09:15:00,22493.3,22493.4,22442.65,22468.05,0
2024-05-07 09:45:00,22468.25,22482.8,22376.4,22398.6,0
2024-05-07 10:15:00,22397.6,22398.35,22317.8,22332.0,0
2024-05-07 10:45:00,22331.75,22344.75,22299.2,22304.0,0
2024-05-07 11:15:00,22304.35,22305.35,22232.2,22272.85,0
2024-05-07 11:45:00,22273.25,22299.7,22258.75,22279.65,0
2024-05-07 12:15:00,22279.0,22306.2,22252.3,22253.0,0
2024-05-07 12:45:00,22253.65,22275.8,22237.05,22239.7,0
2024-05-07 13:15:00,22239.95,22326.5,22237.3,22324.45,0
2024-05-07 13:45:00,22324.95,22330.4,22292.75,22320.55,0
2024-05-07 14:15:00,22321.15,22321.6,22256.2,22301.0,0
2024-05-07 14:45:00,22301.4,22323.3,22281.35,22308.7,0
2024-05-07 15:15:00,22308.05,22314.7,22295.3,22302.5,0
2024-05-08 09:15:00,22246.35,22281.6,22185.7,22256.1,0
2024-05-08 09:45:00,22257.2,22291.7,22220.5,22279.7,0
2024-05-08 10:15:00,22280.25,22281.3,22185.65,22202.5,0
2024-05-08 10:45:00,22202.9,22240.0,22194.75,22235.0,0
2024-05-08 11:15:00,22235.85,22289.1,22235.0,22278.15,0
2024-05-08 11:45:00,22278.5,22339.6,22277.6,22331.75,0
2024-05-08 12:15:00,22332.1,22358.55,22303.35,22319.7,0
2024-05-08 12:45:00,22318.65,22354.35,22318.1,22336.8,0
2024-05-08 13:15:00,22336.7,22368.0,22285.8,22314.3,0
2024-05-08 13:45:00,22315.5,22322.35,22259.7,22275.25,0
2024-05-08 14:15:00,22275.05,22293.1,22244.35,22290.55,0
2024-05-08 14:45:00,22290.5,22315.6,22272.7,22301.95,0
2024-05-08 15:15:00,22301.85,22317.55,22293.0,22302.5,0
2024-05-09 09:15:00,22245.85,22307.5,22222.3,22246.45,0
2024-05-09 09:45:00,22246.75,22260.25,22189.3,22194.4,0
2024-05-09 10:15:00,22194.4,22210.25,22130.2,22137.45,0
2024-05-09 10:45:00,22138.45,22159.6,22125.95,22138.8,0
2024-05-09 11:15:00,22138.4,22171.55,22122.75,22162.15,0
2024-05-09 11:45:00,22161.45,22177.45,22148.4,22165.95,0
2024-05-09 12:15:00,22165.85,22186.15,22125.05,22127.4,0
2024-05-09 12:45:00,22127.05,22133.15,22031.9,22057.95,0
2024-05-09 13:15:00,22058.3,22066.0,22021.3,22045.8,0
2024-05-09 13:45:00,22047.3,22081.95,22025.75,22061.75,0
2024-05-09 14:15:00,22061.0,22076.9,21969.0,21972.4,0
2024-05-09 14:45:00,21972.75,22022.85,21942.5,21943.0,0
2024-05-09 15:15:00,21943.2,21968.15,21933.15,21957.5,0
2024-05-10 09:15:00,21979.45,22071.15,21952.65,22068.85,0
2024-05-10 09:45:00,22069.6,22119.45,22053.55,22110.1,0
2024-05-10 10:15:00,22109.5,22131.0,22078.65,22090.15,0
2024-05-10 10:45:00,22090.15,22091.1,22012.95,22056.3,0
2024-05-10 11:15:00,22056.15,22093.75,22041.25,22057.4,0
2024-05-10 11:45:00,22057.5,22059.65,22015.45,22032.3,0
2024-05-10 12:15:00,22032.5,22042.2,22000.3,22024.75,0
2024-05-10 12:45:00,22024.5,22027.3,21985.15,21992.5,0
2024-05-10 13:15:00,21992.35,22038.45,21985.2,22035.05,0
2024-05-10 13:45:00,22035.35,22062.4,22018.5,22027.05,0
2024-05-10 14:15:00,22026.85,22036.8,22009.15,22030.65,0
2024-05-10 14:45:00,22029.75,22072.4,22020.6,22054.6,0
2024-05-10 15:15:00,22054.2,22067.45,22041.4,22055.2,0
2024-05-13 09:15:00,22035.55,22058.2,21851.95,21857.4,0
2024-05-13 09:45:00,21856.8,21897.7,21828.6,21886.1,0
2024-05-13 10:15:00,21885.2,21889.75,21824.85,21832.85,0
2024-05-13 10:45:00,21832.75,21921.55,21821.2,21911.1,0
2024-05-13 11:15:00,21911.05,21989.75,21910.7,21962.75,0
2024-05-13 11:45:00,21962.7,21990.55,21947.2,21985.4,0
2024-05-13 12:15:00,21986.85,22041.0,21967.0,22022.45,0
2024-05-13 12:45:00,22022.55,22034.9,21989.5,22029.2,0
2024-05-13 13:15:00,22029.1,22038.05,21934.0,21978.45,0
2024-05-13 13:45:00,21977.75,22111.2,21967.6,22103.05,0
2024-05-13 14:15:00,22103.4,22126.75,22080.05,22121.45,0
2024-05-13 14:45:00,22120.55,22130.7,22070.55,22098.45,0
2024-05-13 15:15:00,22098.45,22131.25,22092.15,22104.05,0
2024-05-14 09:15:00,22126.5,22182.2,22096.25,22143.7,0
2024-05-14 09:45:00,22143.5,22167.55,22081.75,22099.1,0
2024-05-14 10:15:00,22099.2,22155.35,22098.8,22155.25,0
2024-05-14 10:45:00,22155.75,22180.65,22128.75,22178.9,0
2024-05-14 11:15:00,22178.9,22189.4,22155.75,22176.75,0
2024-05-14 11:45:00,22177.3,22202.0,22172.2,22185.3,0
2024-05-14 12:15:00,22185.3,22200.6,22167.0,22194.65,0
2024-05-14 12:45:00,22194.45,22236.6,22192.15,22220.45,0
2024-05-14 13:15:00,22220.35,22241.35,22202.2,22241.25,0
2024-05-14 13:45:00,22241.4,22269.95,22233.85,22250.85,0
2024-05-14 14:15:00,22250.7,22266.4,22217.7,22236.9,0
2024-05-14 14:45:00,22236.25,22248.55,22195.4,22222.05,0
2024-05-14 15:15:00,22221.1,22226.95,22214.3,22217.85,0
2024-05-15 09:15:00,22264.0,22285.8,22242.75,22283.55,0
2024-05-15 09:45:00,22283.95,22297.5,22170.8,22189.6,0
2024-05-15 10:15:00,22190.4,22202.2,22152.35,22165.2,0
2024-05-15 10:45:00,22165.0,22254.9,22158.65,22230.35,0
2024-05-15 11:15:00,22230.45,22239.25,22164.5,22184.45,0
2024-05-15 11:45:00,22184.35,22228.75,22179.75,22204.05,0
2024-05-15 12:15:00,22203.85,22214.75,22175.55,22204.5,0
2024-05-15 12:45:00,22204.15,22217.3,22185.1,22191.9,0
2024-05-15 13:15:00,22191.2,22207.85,22164.3,22189.7,0
2024-05-15 13:45:00,22190.3,22225.8,22168.45,22211.45,0
2024-05-15 14:15:00,22210.4,22217.95,22182.15,22202.45,0
2024-05-15 14:45:00,22201.85,22233.55,22183.45,22205.05,0
2024-05-15 15:15:00,22203.45,22214.95,22188.9,22200.55,0
2024-05-16 09:15:00,22306.45,22329.6,22236.35,22239.35,0
2024-05-16 09:45:00,22239.2,22265.75,22217.15,22244.45,0
2024-05-16 10:15:00,22244.7,22250.75,22165.75,22215.25,0
2024-05-16 10:45:00,22213.5,22215.1,22128.5,22147.1,0
2024-05-16 11:15:00,22146.75,22182.4,22106.6,22182.4,0
2024-05-16 11:45:00,22182.4,22290.35,22149.55,22289.5,0
2024-05-16 12:15:00,22291.15,22303.55,22143.1,22174.85,0
2024-05-16 12:45:00,22174.55,22186.85,22105.05,22128.15,0
2024-05-16 13:15:00,22128.55,22128.65,22059.0,22070.2,0
2024-05-16 13:45:00,22072.25,22137.2,22054.9,22065.5,0
2024-05-16 14:15:00,22065.1,22245.5,22060.45,22244.05,0
2024-05-16 14:45:00,22243.4,22407.8,22240.2,22403.25,0
2024-05-16 15:15:00,22403.45,22430.8,22388.8,22403.85,0
2024-05-17 09:15:00,22424.55,22426.25,22346.1,22359.25,0
2024-05-17 09:45:00,22358.9,22420.2,22351.65,22391.8,0
2024-05-17 10:15:00,22390.85,22470.65,22382.75,22458.0,0
2024-05-17 10:45:00,22457.95,22473.5,22425.35,22469.3,0
2024-05-17 11:15:00,22469.2,22484.6,22441.5,22483.5,0
2024-05-17 11:45:00,22484.1,22490.7,22453.7,22458.1,0
2024-05-17 12:15:00,22458.55,22486.45,22456.75,22474.35,0
2024-05-17 12:45:00,22474.2,22479.0,22441.45,22474.6,0
2024-05-17 13:15:00,22474.0,22501.25,22455.8,22475.3,0
2024-05-17 13:45:00,22475.15,22493.3,22469.7,22482.1,0
2024-05-17 14:15:00,22483.1,22491.55,22466.1,22477.4,0
2024-05-17 14:45:00,22477.3,22480.65,22443.5,22474.4,0
2024-05-17 15:15:00,22473.4,22485.75,22461.0,22466.1,0
2024-05-18 09:15:00,22519.75,22519.75,22495.9,22509.45,0
2024-05-18 09:45:00,22510.2,22512.5,22470.15,22481.9,0
2024-05-18 10:15:00,22481.9,22481.9,22481.9,22481.9,0
2024-05-18 10:45:00,22481.9,22481.9,22481.9,22481.9,0
2024-05-18 11:15:00,22481.9,22520.0,22037.4,22495.85,0
2024-05-18 11:45:00,22495.5,22510.6,22487.4,22506.75,0
2024-05-18 12:15:00,22507.0,22511.8,22496.5,22502.0,0
2024-05-18 12:45:00,22502.0,22502.0,22502.0,22502.0,0
2024-05-18 13:15:00,22502.0,22502.0,22502.0,22502.0,0
2024-05-21 09:15:00,22448.6,22508.85,22440.9,22473.5,0
2024-05-21 09:45:00,22472.3,22485.75,22449.0,22465.7,0
2024-05-21 10:15:00,22465.75,22482.75,22457.8,22458.05,0
2024-05-21 10:45:00,22457.65,22507.75,22454.1,22503.85,0
2024-05-21 11:15:00,22503.8,22522.15,22498.35,22515.9,0
2024-05-21 11:45:00,22516.2,22547.6,22513.5,22546.3,0
2024-05-21 12:15:00,22546.45,22556.6,22524.75,22553.55,0
2024-05-21 12:45:00,22553.45,22590.75,22550.75,22573.75,0
2024-05-21 13:15:00,22573.05,22578.5,22532.2,22542.2,0
2024-05-21 13:45:00,22542.2,22561.4,22531.75,22535.5,0
2024-05-21 14:15:00,22535.65,22551.45,22525.75,22547.1,0
2024-05-21 14:45:00,22546.5,22551.85,22506.15,22525.35,0
2024-05-21 15:15:00,22526.15,22530.15,22498.25,22529.05,0
2024-05-22 09:15:00,22570.65,22574.25,22497.15,22506.35,0
2024-05-22 09:45:00,22506.1,22566.6,22483.45,22558.4,0
2024-05-22 10:15:00,22558.6,22563.25,22535.05,22546.4,0
2024-05-22 10:45:00,22545.95,22575.55,22527.45,22546.3,0
2024-05-22 11:15:00,22546.5,22556.6,22530.4,22539.15,0
2024-05-22 11:45:00,22538.7,22568.2,22536.15,22564.25,0
2024-05-22 12:15:00,22564.2,22586.05,22552.5,22561.15,0
2024-05-22 12:45:00,22559.3,22577.25,22549.55,22565.1,0
2024-05-22 13:15:00,22564.3,22585.85,22559.05,22577.65,0
2024-05-22 13:45:00,22576.5,22607.85,22562.7,22576.8,0
2024-05-22 14:15:00,22575.25,22593.0,22570.85,22589.2,0
2024-05-22 14:45:00,22589.75,22615.9,22536.55,22597.9,0
2024-05-22 15:15:00,22597.65,22627.3,22594.6,22597.8,0
2024-05-23 09:15:00,22602.95,22686.2,22577.45,22680.3,0
2024-05-23 09:45:00,22679.6,22688.85,22657.3,22674.5,0
2024-05-23 10:15:00,22674.0,22719.2,22642.45,22660.45,0
2024-05-23 10:45:00,22660.75,22721.8,22656.1,22696.8,0
2024-05-23 11:15:00,22696.75,22733.45,22696.45,22722.7,0
2024-05-23 11:45:00,22722.45,22768.1,22712.25,22758.85,0
2024-05-23 12:15:00,22758.0,22837.3,22756.5,22830.7,0
2024-05-23 12:45:00,22830.5,22851.7,22813.6,22830.35,0
2024-05-23 13:15:00,22830.45,22860.1,22795.85,22833.55,0
2024-05-23 13:45:00,22834.7,22914.9,22818.8,22914.9,0
2024-05-23 14:15:00,22913.2,22959.4,22891.85,22928.25,0
2024-05-23 14:45:00,22928.95,22988.1,22898.75,22978.65,0
2024-05-23 15:15:00,22978.55,22993.4,22947.55,22967.65,0
2024-05-24 09:15:00,22928.6,23003.75,22908.25,22972.3,0
2024-05-24 09:45:00,22971.05,22984.2,22917.9,22919.7,0
2024-05-24 10:15:00,22919.45,22967.25,22916.8,22949.45,0
2024-05-24 10:45:00,22949.6,22984.2,22944.45,22959.55,0
2024-05-24 11:15:00,22959.55,22983.6,22958.85,22976.0,0
2024-05-24 11:45:00,22975.8,22980.25,22954.3,22969.4,0
2024-05-24 12:15:00,22970.05,22988.85,22957.5,22984.4,0
2024-05-24 12:45:00,22983.75,23019.4,22977.45,22991.25,0
2024-05-24 13:15:00,22991.25,23016.35,22984.9,23007.75,0
2024-05-24 13:45:00,23007.85,23019.05,22986.6,23005.85,0
2024-05-24 14:15:00,23005.5,23025.15,22964.05,22990.1,0
2024-05-24 14:45:00,22989.95,22991.5,22927.8,22958.35,0
2024-05-24 15:15:00,22959.5,22970.15,22943.25,22957.1,0
2024-05-27 09:15:00,23038.95,23042.2,22965.35,22997.55,0
2024-05-27 09:45:00,22996.95,23001.55,22932.55,22950.9,0
2024-05-27 10:15:00,22950.35,23001.2,22941.8,22998.45,0
2024-05-27 10:45:00,22998.75,23006.65,22979.6,22988.8,0
2024-05-27 11:15:00,22988.9,23023.35,22985.8,23018.8,0
2024-05-27 11:45:00,23020.15,23075.4,23014.0,23067.9,0
2024-05-27 12:15:00,23068.0,23108.15,23064.1,23100.65,0
2024-05-27 12:45:00,23100.6,23110.65,23063.4,23074.85,0
2024-05-27 13:15:00,23075.15,23091.85,23064.45,23073.05,0
2024-05-27 13:45:00,23072.75,23085.55,23047.5,23068.25,0
2024-05-27 14:15:00,23068.65,23071.95,23017.45,23017.75,0
2024-05-27 14:45:00,23016.55,23026.2,22871.6,22938.75,0
2024-05-27 15:15:00,22939.1,22960.15,22924.15,22932.45,0
2024-05-28 09:15:00,22976.95,22992.3,22936.7,22962.35,0
2024-05-28 09:45:00,22963.0,22975.65,22926.4,22957.65,0
2024-05-28 10:15:00,22957.1,22998.3,22956.65,22983.35,0
2024-05-28 10:45:00,22982.5,22987.85,22955.6,22968.95,0
2024-05-28 11:15:00,22968.75,22975.1,22937.65,22957.9,0
2024-05-28 11:45:00,22957.7,22966.4,22932.65,22939.25,0
2024-05-28 12:15:00,22939.35,22945.75,22889.55,22914.35,0
2024-05-28 12:45:00,22913.5,22959.3,22900.1,22945.25,0
2024-05-28 13:15:00,22944.15,22973.4,22914.1,22950.9,0
2024-05-28 13:45:00,22951.95,22953.35,22910.65,22926.25,0
2024-05-28 14:15:00,22926.7,22937.8,22894.25,22911.3,0
2024-05-28 14:45:00,22911.75,22924.8,22887.55,22893.0,0
2024-05-28 15:15:00,22893.45,22895.9,22858.9,22888.15,0
2024-05-29 09:15:00,22782.05,22825.5,22773.0,22809.8,0
2024-05-29 09:45:00,22809.95,22815.3,22752.75,22757.65,0
2024-05-29 10:15:00,22757.8,22768.75,22719.8,22752.05,0
2024-05-29 10:45:00,22750.8,22759.45,22719.95,22725.25,0
2024-05-29 11:15:00,22725.55,22747.3,22705.7,22722.95,0
2024-05-29 11:45:00,22722.6,22747.7,22714.05,22745.2,0
2024-05-29 12:15:00,22744.0,22753.75,22725.9,22752.4,0
2024-05-29 12:45:00,22753.1,22802.4,22735.55,22764.8,0
2024-05-29 13:15:00,22765.0,22792.5,22758.25,22780.15,0
2024-05-29 13:45:00,22780.75,22787.15,22724.3,22752.35,0
2024-05-29 14:15:00,22753.6,22760.9,22716.35,22719.05,0
2024-05-29 14:45:00,22718.5,22738.1,22686.05,22711.3,0
2024-05-29 15:15:00,22710.8,22713.8,22693.35,22704.7,0
2024-05-30 09:15:00,22635.2,22704.85,22590.85,22608.3,0
2024-05-30 09:45:00,22608.1,22618.6,22554.55,22558.5,0
2024-05-30 10:15:00,22558.3,22617.85,22555.3,22590.55,0
2024-05-30 10:45:00,22591.25,22604.1,22562.75,22563.8,0
2024-05-30 11:15:00,22563.65,22569.55,22541.0,22546.6,0
2024-05-30 11:45:00,22545.95,22586.9,22544.5,22567.45,0
2024-05-30 12:15:00,22567.1,22576.85,22551.25,22568.1,0
2024-05-30 12:45:00,22569.45,22602.25,22566.95,22576.4,0
2024-05-30 13:15:00,22576.05,22579.0,22518.95,22538.65,0
2024-05-30 13:45:00,22540.25,22565.55,22521.0,22522.6,0
2024-05-30 14:15:00,22523.05,22538.45,22459.4,22464.65,0
2024-05-30 14:45:00,22463.55,22521.95,22417.8,22478.05,0
2024-05-30 15:15:00,22477.9,22560.9,22477.0,22488.65,0
2024-05-31 09:15:00,22567.5,22652.8,22560.25,22634.85,0
2024-05-31 09:45:00,22635.7,22636.65,22533.9,22535.2,0
2024-05-31 10:15:00,22533.35,22587.3,22516.55,22532.8,0
2024-05-31 10:45:00,22533.65,22554.0,22496.0,22528.7,0
2024-05-31 11:15:00,22530.6,22560.55,22506.25,22553.9,0
2024-05-31 11:45:00,22553.95,22556.15,22500.55,22513.25,0
2024-05-31 12:15:00,22513.05,22531.9,22504.1,22518.0,0
2024-05-31 12:45:00,22519.25,22550.5,22509.4,22535.35,0
2024-05-31 13:15:00,22535.05,22575.5,22531.65,22573.85,0
2024-05-31 13:45:00,22570.4,22631.4,22569.2,22605.6,0
2024-05-31 14:15:00,22607.8,22609.2,22474.7,22506.3,0
2024-05-31 14:45:00,22505.85,22544.35,22465.9,22523.55,0
2024-05-31 15:15:00,22523.6,22579.45,22513.85,22530.7,0
2024-06-03 09:15:00,23337.9,23337.9,23083.25,23105.7,0
2024-06-03 09:45:00,23105.8,23203.5,23063.0,23197.1,0
2024-06-03 10:15:00,23197.1,23207.5,23135.85,23146.2,0
2024-06-03 10:45:00,23146.25,23175.6,23134.45,23175.3,0
2024-06-03 11:15:00,23173.9,23205.75,23169.45,23204.05,0
2024-06-03 11:45:00,23205.3,23248.45,23195.7,23221.65,0
2024-06-03 12:15:00,23221.6,23244.0,23198.6,23213.7,0
2024-06-03 12:45:00,23213.75,23234.85,23200.9,23228.1,0
2024-06-03 13:15:00,23227.25,23240.6,23161.0,23203.8,0
2024-06-03 13:45:00,23203.65,23260.55,23203.1,23240.95,0
2024-06-03 14:15:00,23239.95,23265.7,23212.3,23262.85,0
2024-06-03 14:45:00,23261.45,23267.05,23224.15,23264.7,0
2024-06-03 15:15:00,23265.1,23308.25,23263.9,23263.9,0
2024-06-04 09:15:00,23157.25,23159.45,22391.1,22584.15,0
2024-06-04 09:45:00,22584.6,22880.8,22565.65,22833.9,0
2024-06-04 10:15:00,22832.5,22832.5,22534.3,22553.95,0
2024-06-04 10:45:00,22552.35,22607.75,22002.45,22095.1,0
2024-06-04 11:15:00,22097.0,22293.25,22052.35,22127.65,0
2024-06-04 11:45:00,22128.6,22195.8,21483.65,21591.9,0
2024-06-04 12:15:00,21591.25,21838.3,21282.65,21794.35,0
2024-06-04 12:45:00,21793.85,22005.55,21692.0,21944.75,0
2024-06-04 13:15:00,21944.45,22127.5,21881.5,22071.45,0
2024-06-04 13:45:00,22070.95,22271.7,21948.3,22061.05,0
2024-06-04 14:15:00,22061.8,22090.05,21883.45,21989.75,0
2024-06-04 14:45:00,21990.5,22048.65,21725.3,21949.7,0
2024-06-04 15:15:00,21948.6,22068.55,21871.45,21884.5,0
2024-06-05 09:15:00,22113.4,22115.05,21792.25,21932.45,0
2024-06-05 09:45:00,21932.3,22077.3,21820.9,22063.3,0
2024-06-05 10:15:00,22061.8,22076.6,21943.95,22051.95,0
2024-06-05 10:45:00,22050.85,22354.65,22040.4,22351.65,0
2024-06-05 11:15:00,22350.85,22445.0,22275.0,22357.1,0
2024-06-05 11:45:00,22353.3,22353.3,22213.15,22311.6,0
2024-06-05 12:15:00,22311.95,22373.0,22285.15,22302.35,0
2024-06-05 12:45:00,22303.9,22420.55,22241.25,22377.65,0
2024-06-05 13:15:00,22377.6,22439.3,22354.0,22428.35,0
2024-06-05 13:45:00,22428.0,22560.2,22399.6,22475.15,0
2024-06-05 14:15:00,22476.15,22603.2,22430.05,22577.1,0
2024-06-05 14:45:00,22578.25,22670.15,22565.45,22635.85,0
2024-06-05 15:15:00,22635.65,22639.55,22554.65,22620.35,0
2024-06-06 09:15:00,22778.25,22778.25,22644.2,22732.8,0
2024-06-06 09:45:00,22731.55,22797.35,22680.0,22786.85,0
2024-06-06 10:15:00,22787.9,22879.15,22785.25,22862.85,0
2024-06-06 10:45:00,22864.55,22909.85,22841.75,22896.85,0
2024-06-06 11:15:00,22897.2,22904.85,22780.25,22796.55,0
2024-06-06 11:45:00,22796.35,22831.85,22675.8,22720.75,0
2024-06-06 12:15:00,22720.7,22805.45,22707.9,22719.75,0
2024-06-06 12:45:00,22719.7,22774.6,22645.15,22699.3,0
2024-06-06 13:15:00,22699.9,22847.2,22694.95,22841.85,0
2024-06-06 13:45:00,22843.25,22848.35,22725.05,22781.4,0
2024-06-06 14:15:00,22781.05,22797.0,22669.5,22727.75,0
2024-06-06 14:45:00,22726.0,22826.3,22712.8,22825.15,0
2024-06-06 15:15:00,22824.8,22865.45,22804.35,22821.4,0
2024-06-07 09:15:00,22824.2,22953.5,22790.75,22942.5,0
2024-06-07 09:45:00,22943.1,23003.75,22904.35,22980.25,0
2024-06-07 10:15:00,22980.0,23058.65,22916.6,23033.8,0
2024-06-07 10:45:00,23033.85,23082.5,23022.45,23075.85,0
2024-06-07 11:15:00,23075.3,23140.15,23037.9,23132.15,0
2024-06-07 11:45:00,23132.3,23229.4,23124.1,23189.75,0
2024-06-07 12:15:00,23189.5,23222.2,23135.85,23217.85,0
2024-06-07 12:45:00,23218.05,23248.85,23171.8,23208.25,0
2024-06-07 13:15:00,23207.4,23226.15,23151.85,23226.15,0
2024-06-07 13:45:00,23224.25,23254.45,23191.8,23243.7,0
2024-06-07 14:15:00,23244.15,23281.45,23225.1,23238.2,0
2024-06-07 14:45:00,23240.3,23318.65,23236.25,23287.75,0
2024-06-07 15:15:00,23287.65,23301.65,23262.8,23290.15,0
2024-06-10 09:15:00,23320.15,23410.8,23242.7,23324.75,0
2024-06-10 09:45:00,23325.35,23327.65,23233.45,23315.25,0
2024-06-10 10:15:00,23315.0,23362.85,23305.3,23327.85,0
2024-06-10 10:45:00,23326.05,23360.75,23303.0,23337.6,0
2024-06-10 11:15:00,23337.55,23370.85,23333.75,23342.05,0
2024-06-10 11:45:00,23341.85,23358.65,23297.5,23308.15,0
2024-06-10 12:15:00,23307.95,23339.1,23304.9,23333.9,0
2024-06-10 12:45:00,23336.0,23348.05,23320.9,23333.4,0
2024-06-10 13:15:00,23332.55,23361.75,23324.15,23358.35,0
2024-06-10 13:45:00,23358.5,23377.35,23341.7,23363.25,0
2024-06-10 14:15:00,23363.0,23365.0,23229.15,23297.45,0
2024-06-10 14:45:00,23297.5,23300.4,23259.75,23262.15,0
2024-06-10 15:15:00,23261.6,23264.25,23228.1,23259.2,0
2024-06-11 09:15:00,23278.25,23289.3,23207.2,23252.8,0
2024-06-11 09:45:00,23252.8,23324.6,23250.35,23312.55,0
2024-06-11 10:15:00,23311.8,23347.55,23300.3,23321.25,0
2024-06-11 10:45:00,23320.4,23334.5,23297.9,23328.5,0
2024-06-11 11:15:00,23329.3,23335.05,23303.7,23324.65,0
2024-06-11 11:45:00,23324.6,23336.8,23315.0,23331.1,0
2024-06-11 12:15:00,23330.75,23342.3,23311.05,23337.55,0
2024-06-11 12:45:00,23336.55,23360.2,23325.65,23331.85,0
2024-06-11 13:15:00,23333.55,23383.6,23327.55,23379.0,0
2024-06-11 13:45:00,23379.6,23389.2,23317.75,23330.2,0
2024-06-11 14:15:00,23330.45,23351.85,23300.95,23332.95,0
2024-06-11 14:45:00,23333.3,23336.2,23260.35,23264.15,0
2024-06-11 15:15:00,23264.85,23268.45,23232.0,23264.85,0
2024-06-12 09:15:00,23331.8,23378.25,23296.9,23372.25,0
2024-06-12 09:45:00,23372.9,23419.35,23366.85,23408.65,0
2024-06-12 10:15:00,23410.55,23437.6,23383.75,23435.2,0
2024-06-12 10:45:00,23436.15,23441.7,23403.05,23413.15,0
2024-06-12 11:15:00,23412.8,23421.35,23365.0,23402.35,0
2024-06-12 11:45:00,23402.95,23436.85,23401.15,23414.15,0
2024-06-12 12:15:00,23413.25,23423.8,23402.9,23412.05,0
2024-06-12 12:45:00,23412.4,23419.6,23384.05,23411.4,0
2024-06-12 13:15:00,23411.7,23420.8,23392.5,23400.35,0
2024-06-12 13:45:00,23400.3,23406.55,23336.95,23352.75,0
2024-06-12 14:15:00,23352.1,23379.9,23340.5,23378.65,0
2024-06-12 14:45:00,23379.9,23394.15,23315.6,23323.75,0
2024-06-12 15:15:00,23325.25,23329.8,23297.75,23322.95,0
2024-06-13 09:15:00,23458.35,23458.35,23382.8,23383.3,0
2024-06-13 09:45:00,23384.7,23414.1,23364.45,23408.7,0
2024-06-13 10:15:00,23408.15,23411.55,23372.15,23382.35,0
2024-06-13 10:45:00,23382.6,23394.05,23366.05,23367.8,0
2024-06-13 11:15:00,23366.8,23390.6,23353.9,23376.85,0
2024-06-13 11:45:00,23377.4,23414.25,23377.4,23391.85,0
2024-06-13 12:15:00,23391.3,23412.25,23386.4,23393.15,0
2024-06-13 12:45:00,23392.9,23421.1,23380.9,23411.3,0
2024-06-13 13:15:00,23410.45,23417.85,23402.9,23407.0,0
2024-06-13 13:45:00,23405.7,23408.25,23384.1,23393.75,0
2024-06-13 14:15:00,23393.75,23400.65,23366.25,23398.1,0
2024-06-13 14:45:00,23398.75,23407.8,23384.6,23399.0,0
2024-06-13 15:15:00,23398.15,23411.2,23396.75,23398.9,0
2024-06-14 09:15:00,23458.95,23458.95,23335.15,23342.25,0
2024-06-14 09:45:00,23341.9,23447.6,23338.75,23437.85,0
2024-06-14 10:15:00,23437.45,23459.45,23424.9,23450.25,0
2024-06-14 10:45:00,23450.0,23453.65,23433.9,23448.9,0
2024-06-14 11:15:00,23448.35,23452.5,23429.7,23445.25,0
2024-06-14 11:45:00,23445.95,23450.15,23428.0,23439.1,0
2024-06-14 12:15:00,23439.1,23442.45,23429.55,23437.05,0
2024-06-14 12:45:00,23437.9,23462.7,23434.0,23459.15,0
2024-06-14 13:15:00,23459.35,23463.55,23435.35,23442.7,0
2024-06-14 13:45:00,23442.35,23451.9,23424.15,23446.35,0
2024-06-14 14:15:00,23446.15,23465.2,23442.1,23455.5,0
2024-06-14 14:45:00,23455.8,23490.1,23453.45,23471.9,0
2024-06-14 15:15:00,23472.4,23473.35,23444.6,23465.6,0
2024-06-18 09:15:00,23561.2,23561.2,23500.4,23553.7,0
2024-06-18 09:45:00,23553.95,23578.0,23542.35,23542.35,0
2024-06-18 10:15:00,23542.35,23556.2,23512.85,23536.35,0
2024-06-18 10:45:00,23535.95,23551.25,23526.95,23540.5,0
2024-06-18 11:15:00,23541.3,23557.35,23537.3,23542.25,0
2024-06-18 11:45:00,23542.25,23546.7,23532.05,23533.75,0
2024-06-18 12:15:00,23533.9,23541.4,23513.7,23527.45,0
2024-06-18 12:45:00,23526.1,23536.6,23520.2,23532.35,0
2024-06-18 13:15:00,23532.6,23542.8,23523.85,23538.1,0
2024-06-18 13:45:00,23538.5,23550.1,23530.7,23539.5,0
2024-06-18 14:15:00,23539.55,23547.3,23527.95,23534.55,0
2024-06-18 14:45:00,23534.95,23556.95,23531.85,23555.75,0
2024-06-18 15:15:00,23556.2,23572.1,23554.55,23557.9,0
2024-06-19 09:15:00,23625.25,23625.25,23532.85,23580.3,0
2024-06-19 09:45:00,23579.65,23595.7,23523.05,23523.05,0
2024-06-19 10:15:00,23523.05,23532.6,23413.2,23461.05,0
2024-06-19 10:45:00,23460.35,23520.7,23435.5,23503.65,0
2024-06-19 11:15:00,23504.0,23546.25,23478.55,23542.1,0
2024-06-19 11:45:00,23542.1,23556.65,23526.35,23556.35,0
2024-06-19 12:15:00,23557.05,23574.2,23543.05,23559.35,0
2024-06-19 12:45:00,23559.7,23563.0,23527.0,23552.1,0
2024-06-19 13:15:00,23552.1,23555.75,23513.5,23538.9,0
2024-06-19 13:45:00,23538.65,23571.5,23515.8,23560.65,0
2024-06-19 14:15:00,23560.45,23663.6,23545.85,23611.45,0
2024-06-19 14:45:00,23611.65,23635.75,23484.15,23511.0,0
2024-06-19 15:15:00,23509.8,23528.45,23504.6,23516.0,0
2024-06-20 09:15:00,23586.15,23586.15,23462.65,23508.0,0
2024-06-20 09:45:00,23508.6,23518.3,23442.7,23487.35,0
2024-06-20 10:15:00,23488.25,23539.0,23478.05,23531.9,0
2024-06-20 10:45:00,23531.8,23563.4,23517.3,23533.65,0
2024-06-20 11:15:00,23533.05,23555.95,23524.05,23552.55,0
2024-06-20 11:45:00,23553.35,23569.3,23545.15,23556.6,0
2024-06-20 12:15:00,23556.9,23561.95,23535.0,23538.25,0
2024-06-20 12:45:00,23538.15,23572.4,23532.5,23552.5,0
2024-06-20 13:15:00,23552.45,23623.95,23551.0,23612.35,0
2024-06-20 13:45:00,23611.9,23612.2,23532.5,23562.75,0
2024-06-20 14:15:00,23563.35,23600.5,23556.35,23579.55,0
2024-06-20 14:45:00,23581.25,23581.35,23536.35,23566.85,0
2024-06-20 15:15:00,23566.2,23587.8,23559.85,23567.0,0
2024-06-21 09:15:00,23664.95,23664.95,23578.4,23589.55,0
2024-06-21 09:45:00,23588.4,23622.45,23568.2,23584.75,0
2024-06-21 10:15:00,23585.25,23610.95,23541.65,23546.2,0
2024-06-21 10:45:00,23544.8,23547.15,23492.55,23529.05,0
2024-06-21 11:15:00,23529.5,23561.9,23507.0,23548.1,0
2024-06-21 11:45:00,23548.15,23551.5,23524.6,23539.3,0
2024-06-21 12:15:00,23539.25,23546.35,23456.0,23460.3,0
2024-06-21 12:45:00,23460.6,23473.8,23422.75,23453.25,0
2024-06-21 13:15:00,23452.5,23489.6,23442.25,23467.25,0
2024-06-21 13:45:00,23466.95,23585.7,23462.5,23567.2,0
2024-06-21 14:15:00,23567.1,23577.3,23399.5,23460.55,0
2024-06-21 14:45:00,23460.45,23566.15,23459.65,23476.2,0
2024-06-21 15:15:00,23476.45,23501.1,23445.65,23501.1,0
2024-06-24 09:15:00,23386.75,23438.75,23350.0,23386.75,0
2024-06-24 09:45:00,23386.4,23452.85,23382.95,23445.75,0
2024-06-24 10:15:00,23446.2,23480.75,23430.75,23480.1,0
2024-06-24 10:45:00,23479.5,23523.65,23465.7,23497.05,0
2024-06-24 11:15:00,23497.35,23543.6,23495.95,23501.9,0
2024-06-24 11:45:00,23501.55,23543.55,23491.5,23534.65,0
2024-06-24 12:15:00,23534.7,23557.75,23520.2,23522.1,0
2024-06-24 12:45:00,23522.1,23547.6,23513.65,23546.6,0
2024-06-24 13:15:00,23546.55,23555.25,23527.6,23536.2,0
2024-06-24 13:45:00,23536.6,23548.4,23511.0,23519.95,0
2024-06-24 14:15:00,23520.1,23531.75,23504.5,23519.9,0
2024-06-24 14:45:00,23519.6,23550.25,23492.25,23545.95,0
2024-06-24 15:15:00,23547.0,23553.1,23532.9,23537.85,0
2024-06-25 09:15:00,23583.8,23605.6,23571.5,23600.3,0
2024-06-25 09:45:00,23599.1,23617.55,23565.85,23594.85,0
2024-06-25 10:15:00,23594.7,23604.4,23585.25,23590.15,0
2024-06-25 10:45:00,23590.25,23610.9,23579.75,23581.2,0
2024-06-25 11:15:00,23580.5,23587.4,23562.2,23581.3,0
2024-06-25 11:45:00,23581.4,23599.05,23576.3,23588.45,0
2024-06-25 12:15:00,23586.95,23665.5,23580.65,23644.55,0
2024-06-25 12:45:00,23645.05,23683.9,23640.75,23672.5,0
2024-06-25 13:15:00,23671.6,23692.2,23661.5,23673.45,0
2024-06-25 13:45:00,23673.75,23709.65,23671.6,23695.25,0
2024-06-25 14:15:00,23695.8,23704.55,23671.45,23690.3,0
2024-06-25 14:45:00,23690.2,23732.8,23673.65,23731.65,0
2024-06-25 15:15:00,23732.2,23753.5,23715.3,23721.3,0
2024-06-26 09:15:00,23732.85,23742.65,23671.35,23701.2,0
2024-06-26 09:45:00,23700.05,23718.95,23681.05,23693.25,0
2024-06-26 10:15:00,23693.15,23750.45,23693.15,23724.95,0
2024-06-26 10:45:00,23724.45,23789.6,23722.35,23774.45,0
2024-06-26 11:15:00,23773.8,23825.65,23772.6,23805.4,0
2024-06-26 11:45:00,23806.15,23842.45,23803.35,23828.8,0
2024-06-26 12:15:00,23830.15,23859.35,23827.2,23844.2,0
2024-06-26 12:45:00,23843.75,23850.55,23803.8,23828.25,0
2024-06-26 13:15:00,23828.6,23858.7,23825.1,23844.1,0
2024-06-26 13:45:00,23844.75,23874.15,23843.45,23872.2,0
2024-06-26 14:15:00,23873.05,23881.95,23849.95,23872.9,0
2024-06-26 14:45:00,23871.55,23889.65,23843.2,23875.2,0
2024-06-26 15:15:00,23873.5,23887.05,23839.6,23868.8,0
2024-06-27 09:15:00,23872.05,23885.05,23806.1,23857.35,0
2024-06-27 09:45:00,23859.6,23965.8,23854.95,23945.95,0
2024-06-27 10:15:00,23946.1,23973.9,23844.15,23850.95,0
2024-06-27 10:45:00,23849.85,23925.35,23834.3,23922.0,0
2024-06-27 11:15:00,23921.5,23952.8,23894.15,23947.5,0
2024-06-27 11:45:00,23947.75,24005.65,23931.25,24005.35,0
2024-06-27 12:15:00,24006.4,24015.15,23975.2,23991.65,0
2024-06-27 12:45:00,23991.15,24036.6,23941.5,23961.85,0
2024-06-27 13:15:00,23961.85,23992.15,23931.2,23954.85,0
2024-06-27 13:45:00,23955.4,23995.35,23929.95,23954.35,0
2024-06-27 14:15:00,23955.35,23983.0,23913.65,23981.3,0
2024-06-27 14:45:00,23981.05,24047.2,23971.2,24045.6,0
2024-06-27 15:15:00,24045.4,24086.35,24036.1,24044.5,0
2024-06-28 09:15:00,24085.85,24172.45,24064.15,24155.45,0
2024-06-28 09:45:00,24155.0,24171.9,24124.0,24133.15,0
2024-06-28 10:15:00,24134.05,24150.9,24105.15,24138.8,0
2024-06-28 10:45:00,24138.7,24151.25,24124.05,24147.8,0
2024-06-28 11:15:00,24147.6,24150.5,24103.7,24140.5,0
2024-06-28 11:45:00,24140.2,24144.0,24105.1,24110.9,0
2024-06-28 12:15:00,24111.75,24115.0,24032.25,24046.65,0
2024-06-28 12:45:00,24046.75,24062.8,24009.35,24060.75,0
2024-06-28 13:15:00,24060.95,24091.45,24044.8,24080.05,0
2024-06-28 13:45:00,24081.2,24135.45,24073.95,24117.2,0
2024-06-28 14:15:00,24117.05,24132.9,24041.05,24071.2,0
2024-06-28 14:45:00,24070.35,24108.1,23989.2,23989.2,0
2024-06-28 15:15:00,23988.15,24012.95,23986.1,24010.6,0
2024-07-01 09:15:00,24026.5,24081.6,24006.3,24080.3,0
2024-07-01 09:45:00,24081.75,24095.7,24054.15,24056.95,0
2024-07-01 10:15:00,24056.1,24092.7,24056.05,24083.1,0
2024-07-01 10:45:00,24081.35,24092.7,24066.0,24078.7,0
2024-07-01 11:15:00,24076.95,24118.4,24072.0,24116.25,0
2024-07-01 11:45:00,24116.0,24124.1,24102.05,24109.95,0
2024-07-01 12:15:00,24109.8,24127.85,24099.0,24117.85,0
2024-07-01 12:45:00,24117.65,24126.65,24113.0,24118.55,0
2024-07-01 13:15:00,24119.0,24142.65,24108.25,24138.15,0
2024-07-01 13:45:00,24137.15,24151.85,24127.2,24141.55,0
2024-07-01 14:15:00,24141.05,24151.95,24120.35,24146.25,0
2024-07-01 14:45:00,24146.25,24163.35,24124.0,24147.4,0
2024-07-01 15:15:00,24146.85,24153.95,24120.0,24141.95,0
2024-07-02 09:15:00,24232.45,24234.2,24093.25,24093.8,0
2024-07-02 09:45:00,24093.35,24149.1,24074.0,24130.0,0
2024-07-02 10:15:00,24129.65,24159.6,24121.0,24143.75,0
2024-07-02 10:45:00,24143.45,24185.05,24135.35,24182.45,0
2024-07-02 11:15:00,24182.2,24190.25,24122.75,24130.5,0
2024-07-02 11:45:00,24131.6,24169.15,24128.65,24138.0,0
2024-07-02 12:15:00,24137.8,24158.6,24094.35,24109.85,0
2024-07-02 12:45:00,24109.65,24115.55,24058.2,24104.45,0
2024-07-02 13:15:00,24104.25,24136.9,24092.85,24121.95,0
2024-07-02 13:45:00,24122.1,24132.15,24095.25,24108.25,0
2024-07-02 14:15:00,24108.2,24150.25,24108.1,24144.3,0
2024-07-02 14:45:00,24143.7,24147.6,24118.15,24125.05,0
2024-07-02 15:15:00,24125.1,24130.5,24110.6,24123.85,0
2024-07-03 09:15:00,24277.1,24283.35,24209.8,24283.35,0
2024-07-03 09:45:00,24284.2,24306.35,24264.5,24267.85,0
2024-07-03 10:15:00,24268.85,24293.75,24259.6,24282.2,0
2024-07-03 10:45:00,24281.75,24286.3,24261.7,24268.4,0
2024-07-03 11:15:00,24268.25,24275.75,24236.25,24260.65,0
2024-07-03 11:45:00,24261.1,24268.45,24246.85,24252.25,0
2024-07-03 12:15:00,24252.5,24290.4,24251.35,24275.05,0
2024-07-03 12:45:00,24275.45,24292.15,24265.7,24275.85,0
2024-07-03 13:15:00,24276.4,24290.9,24274.1,24286.3,0
2024-07-03 13:45:00,24287.3,24293.55,24255.95,24264.55,0
2024-07-03 14:15:00,24265.8,24267.4,24246.5,24256.75,0
2024-07-03 14:45:00,24257.4,24297.05,24238.75,24296.1,0
2024-07-03 15:15:00,24295.8,24308.45,24283.25,24286.5,0
2024-07-04 09:15:00,24369.6,24392.35,24324.8,24392.35,0
2024-07-04 09:45:00,24392.2,24400.65,24372.3,24375.05,0
2024-07-04 10:15:00,24373.8,24386.0,24313.1,24333.7,0
2024-07-04 10:45:00,24333.9,24344.8,24302.4,24334.55,0
2024-07-04 11:15:00,24335.2,24350.5,24326.95,24328.35,0
2024-07-04 11:45:00,24329.0,24340.1,24323.65,24331.7,0
2024-07-04 12:15:00,24331.5,24352.2,24329.25,24350.9,0
2024-07-04 12:45:00,24351.3,24357.55,24338.0,24342.0,0
2024-07-04 13:15:00,24342.35,24348.75,24330.35,24336.65,0
2024-07-04 13:45:00,24337.35,24345.75,24314.2,24340.05,0
2024-07-04 14:15:00,24340.75,24351.3,24316.65,24338.75,0
2024-07-04 14:45:00,24338.9,24345.35,24281.2,24302.65,0
2024-07-04 15:15:00,24300.35,24310.8,24293.45,24302.15,0
2024-07-05 09:15:00,24208.35,24258.85,24170.35,24220.0,0
2024-07-05 09:45:00,24219.95,24231.1,24169.45,24226.05,0
2024-07-05 10:15:00,24226.3,24258.8,24214.95,24251.35,0
2024-07-05 10:45:00,24250.9,24261.1,24228.5,24233.2,0
2024-07-05 11:15:00,24233.75,24283.05,24229.1,24277.15,0
2024-07-05 11:45:00,24275.95,24283.85,24263.2,24273.1,0
2024-07-05 12:15:00,24272.9,24288.55,24271.35,24280.55,0
2024-07-05 12:45:00,24280.85,24283.95,24243.9,24253.5,0
2024-07-05 13:15:00,24252.45,24269.7,24246.25,24254.9,0
2024-07-05 13:45:00,24254.9,24258.85,24235.1,24247.9,0
2024-07-05 14:15:00,24247.35,24258.3,24214.65,24230.85,0
2024-07-05 14:45:00,24230.8,24353.8,24204.2,24342.05,0
2024-07-05 15:15:00,24342.25,24362.85,24314.15,24323.85,0
2024-07-08 09:15:00,24321.65,24338.5,24262.75,24273.45,0
2024-07-08 09:45:00,24274.3,24312.3,24265.7,24304.15,0
2024-07-08 10:15:00,24303.9,24329.15,24273.55,24304.95,0
2024-07-08 10:45:00,24305.3,24308.0,24248.35,24270.05,0
2024-07-08 11:15:00,24270.95,24299.8,24263.15,24270.9,0
2024-07-08 11:45:00,24271.35,24299.8,24240.8,24252.65,0
2024-07-08 12:15:00,24251.85,24292.15,24244.5,24289.55,0
2024-07-08 12:45:00,24289.15,24303.95,24281.15,24298.05,0
2024-07-08 13:15:00,24297.25,24311.85,24268.0,24283.5,0
2024-07-08 13:45:00,24283.65,24311.5,24280.4,24288.9,0
2024-07-08 14:15:00,24287.7,24316.15,24286.65,24297.25,0
2024-07-08 14:45:00,24297.1,24338.3,24289.95,24311.5,0
2024-07-08 15:15:00,24311.6,24344.25,24301.5,24320.55,0
2024-07-09 09:15:00,24349.75,24383.25,24335.25,24374.15,0
2024-07-09 09:45:00,24372.75,24385.1,24344.25,24362.95,0
2024-07-09 10:15:00,24362.7,24380.55,24339.95,24378.15,0
2024-07-09 10:45:00,24378.0,24387.6,24368.9,24382.9,0
2024-07-09 11:15:00,24380.85,24399.55,24375.5,24398.95,0
2024-07-09 11:45:00,24398.6,24400.2,24381.2,24388.2,0
2024-07-09 12:15:00,24387.65,24403.9,24383.15,24384.0,0
2024-07-09 12:45:00,24383.8,24429.05,24382.45,24423.0,0
2024-07-09 13:15:00,24423.0,24427.65,24412.4,24419.35,0
2024-07-09 13:45:00,24419.5,24437.8,24408.4,24431.9,0
2024-07-09 14:15:00,24430.9,24432.5,24407.8,24425.55,0
2024-07-09 14:45:00,24425.3,24441.35,24412.85,24434.05,0
2024-07-09 15:15:00,24434.1,24443.3,24411.05,24433.2,0
2024-07-10 09:15:00,24451.4,24457.6,24384.7,24400.35,0
2024-07-10 09:45:00,24400.35,24400.35,24312.65,24330.75,0
2024-07-10 10:15:00,24329.5,24346.85,24142.6,24194.8,0
2024-07-10 10:45:00,24194.3,24229.75,24173.55,24211.45,0
2024-07-10 11:15:00,24210.95,24252.65,24193.9,24245.3,0
2024-07-10 11:45:00,24245.1,24287.55,24233.6,24265.1,0
2024-07-10 12:15:00,24265.65,24287.1,24248.45,24275.8,0
2024-07-10 12:45:00,24275.0,24298.35,24268.05,24279.4,0
2024-07-10 13:15:00,24278.85,24289.05,24263.75,24267.95,0
2024-07-10 13:45:00,24267.65,24274.0,24212.1,24238.25,0
2024-07-10 14:15:00,24237.95,24321.9,24226.65,24304.1,0
2024-07-10 14:45:00,24303.05,24336.75,24279.5,24330.85,0
2024-07-10 15:15:00,24331.25,24337.15,24310.9,24324.45,0
2024-07-11 09:15:00,24390.4,24393.85,24310.65,24339.4,0
2024-07-11 09:45:00,24340.3,24363.15,24274.3,24286.1,0
2024-07-11 10:15:00,24286.05,24288.95,24242.8,24253.8,0
2024-07-11 10:45:00,24254.75,24268.6,24234.7,24256.2,0
2024-07-11 11:15:00,24256.5,24283.4,24251.95,24269.55,0
2024-07-11 11:45:00,24268.85,24276.15,24194.5,24264.2,0
2024-07-11 12:15:00,24264.25,24288.0,24259.85,24286.75,0
2024-07-11 12:45:00,24286.95,24307.8,24282.15,24298.05,0
2024-07-11 13:15:00,24297.35,24309.75,24278.3,24282.2,0
2024-07-11 13:45:00,24282.3,24327.3,24279.75,24306.8,0
2024-07-11 14:15:00,24306.1,24317.0,24299.1,24306.7,0
2024-07-11 14:45:00,24306.95,24332.45,24291.45,24328.65,0
2024-07-11 15:15:00,24329.0,24357.0,24315.95,24315.95,0
2024-07-12 09:15:00,24385.5,24440.4,24342.85,24420.85,0
2024-07-12 09:45:00,24420.45,24423.9,24332.5,24362.9,0
2024-07-12 10:15:00,24362.6,24394.45,24357.15,24382.25,0
2024-07-12 10:45:00,24383.05,24591.95,24380.45,24538.25,0
2024-07-12 11:15:00,24537.65,24539.35,24473.3,24499.5,0
2024-07-12 11:45:00,24499.4,24525.5,24487.65,24516.4,0
2024-07-12 12:15:00,24517.8,24521.25,24478.25,24488.95,0
2024-07-12 12:45:00,24489.35,24523.45,24486.6,24518.5,0
2024-07-12 13:15:00,24518.45,24560.8,24514.05,24540.8,0
2024-07-12 13:45:00,24541.25,24579.8,24538.75,24574.65,0
2024-07-12 14:15:00,24573.9,24581.05,24547.25,24560.4,0
2024-07-12 14:45:00,24559.9,24560.7,24490.05,24491.15,0
2024-07-12 15:15:00,24490.0,24516.5,24485.6,24502.15,0
2024-07-15 09:15:00,24587.6,24597.8,24523.7,24542.35,0
2024-07-15 09:45:00,24542.55,24572.6,24527.9,24562.0,0
2024-07-15 10:15:00,24562.15,24602.55,24545.7,24585.05,0
2024-07-15 10:45:00,24584.5,24595.0,24573.15,24581.0,0
2024-07-15 11:15:00,24581.75,24598.8,24573.7,24597.5,0
2024-07-15 11:45:00,24596.3,24611.65,24547.55,24598.9,0
2024-07-15 12:15:00,24598.9,24602.25,24576.1,24588.15,0
2024-07-15 12:45:00,24587.8,24619.6,24584.0,24614.8,0
2024-07-15 13:15:00,24614.8,24634.85,24611.8,24612.1,0
2024-07-15 13:45:00,24612.4,24629.05,24589.8,24594.45,0
2024-07-15 14:15:00,24594.45,24619.15,24589.05,24593.05,0
2024-07-15 14:45:00,24593.05,24602.2,24577.7,24584.5,0
2024-07-15 15:15:00,24583.4,24588.6,24577.95,24586.7,0
2024-07-16 09:15:00,24621.05,24643.2,24602.05,24633.75,0
2024-07-16 09:45:00,24634.55,24648.9,24613.85,24634.4,0
2024-07-16 10:15:00,24635.35,24661.05,24628.75,24657.2,0
2024-07-16 10:45:00,24656.55,24659.1,24642.8,24654.05,0
2024-07-16 11:15:00,24654.4,24660.8,24640.1,24652.85,0
2024-07-16 11:45:00,24652.9,24654.45,24631.6,24640.5,0
2024-07-16 12:15:00,24640.9,24649.35,24620.3,24646.3,0
2024-07-16 12:45:00,24646.6,24656.65,24643.05,24652.9,0
2024-07-16 13:15:00,24652.0,24654.9,24610.75,24622.35,0
2024-07-16 13:45:00,24621.85,24634.5,24603.45,24625.1,0
2024-07-16 14:15:00,24625.15,24630.5,24588.3,24616.5,0
2024-07-16 14:45:00,24615.9,24648.0,24604.2,24604.3,0
2024-07-16 15:15:00,24603.6,24616.2,24593.9,24613.0,0
2024-07-18 09:15:00,24542.65,24584.4,24515.8,24580.9,0
2024-07-18 09:45:00,24583.85,24678.35,24580.6,24655.5,0
2024-07-18 10:15:00,24654.05,24658.1,24619.3,24645.75,0
2024-07-18 10:45:00,24644.45,24649.45,24531.5,24537.35,0
2024-07-18 11:15:00,24538.55,24560.45,24505.25,24538.85,0
2024-07-18 11:45:00,24538.6,24612.1,24529.9,24607.8,0
2024-07-18 12:15:00,24607.0,24648.45,24599.75,24647.1,0
2024-07-18 12:45:00,24646.75,24714.45,24611.45,24711.6,0
2024-07-18 13:15:00,24716.3,24746.45,24697.9,24713.4,0
2024-07-18 13:45:00,24713.05,24827.7,24706.95,24819.9,0
2024-07-18 14:15:00,24820.4,24829.15,24774.2,24820.9,0
2024-07-18 14:45:00,24820.85,24837.5,24785.9,24801.7,0
2024-07-18 15:15:00,24802.05,24810.4,24775.95,24800.85,0
2024-07-19 09:15:00,24841.25,24842.05,24728.45,24747.7,0
2024-07-19 09:45:00,24748.7,24749.05,24684.2,24685.85,0
2024-07-19 10:15:00,24684.95,24725.7,24678.8,24695.8,0
2024-07-19 10:45:00,24694.6,24694.9,24644.3,24661.55,0
2024-07-19 11:15:00,24660.45,24675.25,24633.5,24638.25,0
2024-07-19 11:45:00,24637.4,24673.55,24621.85,24661.75,0
2024-07-19 12:15:00,24661.65,24667.6,24611.8,24631.25,0
2024-07-19 12:45:00,24631.4,24636.8,24596.45,24612.8,0
2024-07-19 13:15:00,24611.35,24646.15,24591.4,24607.0,0
2024-07-19 13:45:00,24606.5,24635.75,24554.35,24570.65,0
2024-07-19 14:15:00,24570.25,24588.7,24538.5,24567.2,0
2024-07-19 14:45:00,24567.35,24586.7,24520.0,24530.4,0
2024-07-19 15:15:00,24531.85,24539.65,24509.25,24530.9,0
2024-07-22 09:15:00,24447.65,24508.0,24363.85,24494.1,0
2024-07-22 09:45:00,24493.4,24558.0,24488.6,24556.0,0
2024-07-22 10:15:00,24555.65,24578.8,24548.8,24566.25,0
2024-07-22 10:45:00,24566.3,24594.4,24531.1,24532.05,0
2024-07-22 11:15:00,24531.4,24551.15,24507.35,24548.1,0
2024-07-22 11:45:00,24547.9,24554.9,24514.2,24522.95,0
2024-07-22 12:15:00,24523.15,24527.9,24465.55,24491.45,0
2024-07-22 12:45:00,24491.6,24512.2,24481.05,24487.8,0
2024-07-22 13:15:00,24487.3,24531.85,24487.3,24521.85,0
2024-07-22 13:45:00,24522.5,24541.65,24491.5,24498.25,0
2024-07-22 14:15:00,24498.15,24521.75,24480.8,24516.35,0
2024-07-22 14:45:00,24516.55,24520.25,24493.0,24515.7,0
2024-07-22 15:15:00,24516.25,24520.95,24504.7,24509.25,0
2024-07-23 09:15:00,24564.55,24580.95,24468.45,24488.3,0
2024-07-23 09:45:00,24488.8,24514.45,24445.95,24449.15,0
2024-07-23 10:15:00,24449.9,24488.95,24423.9,24464.5,0
2024-07-23 10:45:00,24463.25,24552.5,24443.8,24542.55,0
2024-07-23 11:15:00,24543.5,24549.8,24381.05,24485.5,0
2024-07-23 11:45:00,24487.0,24500.55,24429.5,24469.3,0
2024-07-23 12:15:00,24468.65,24474.05,24076.25,24352.5,0
2024-07-23 12:45:00,24353.4,24395.4,24279.45,24279.65,0
2024-07-23 13:15:00,24280.4,24361.75,24277.3,24342.15,0
2024-07-23 13:45:00,24343.5,24513.65,24318.95,24459.9,0
2024-07-23 14:15:00,24460.15,24544.7,24427.55,24530.0,0
2024-07-23 14:45:00,24530.1,24544.3,24459.25,24460.65,0
2024-07-23 15:15:00,24459.45,24479.5,24446.75,24479.05,0
2024-07-24 09:15:00,24445.05,24503.25,24396.6,24409.1,0
2024-07-24 09:45:00,24408.1,24466.55,24373.9,24441.15,0
2024-07-24 10:15:00,24442.4,24485.35,24397.25,24438.95,0
2024-07-24 10:45:00,24439.65,24492.1,24423.4,24432.0,0
2024-07-24 11:15:00,24432.35,24445.25,24384.15,24388.55,0
2024-07-24 11:45:00,24388.8,24421.35,24368.3,24379.85,0
2024-07-24 12:15:00,24379.85,24382.25,24307.95,24322.85,0
2024-07-24 12:45:00,24322.55,24364.4,24319.85,24362.0,0
2024-07-24 13:15:00,24362.15,24378.1,24320.6,24374.4,0
2024-07-24 13:45:00,24374.75,24376.05,24310.5,24324.45,0
2024-07-24 14:15:00,24326.3,24453.95,24322.25,24433.4,0
2024-07-24 14:45:00,24432.3,24452.0,24380.25,24407.4,0
2024-07-24 15:15:00,24407.65,24446.4,24397.75,24413.5,0
2024-07-25 09:15:00,24235.05,24299.65,24212.3,24287.3,0
2024-07-25 09:45:00,24287.65,24302.75,24245.15,24294.95,0
2024-07-25 10:15:00,24294.8,24326.25,24270.85,24317.8,0
2024-07-25 10:45:00,24317.2,24331.85,24305.2,24324.2,0
2024-07-25 11:15:00,24324.05,24344.8,24295.1,24337.65,0
2024-07-25 11:45:00,24337.0,24368.35,24333.95,24362.95,0
2024-07-25 12:15:00,24362.15,24378.75,24354.7,24358.45,0
2024-07-25 12:45:00,24358.4,24397.15,24357.25,24382.3,0
2024-07-25 13:15:00,24381.8,24396.95,24361.05,24367.1,0
2024-07-25 13:45:00,24366.0,24425.1,24364.4,24421.35,0
2024-07-25 14:15:00,24422.45,24424.65,24380.1,24382.25,0
2024-07-25 14:45:00,24383.25,24412.1,24382.15,24397.5,0
2024-07-25 15:15:00,24396.5,24423.15,24388.95,24406.1,0
2024-07-26 09:15:00,24430.05,24528.8,24415.15,24526.6,0
2024-07-26 09:45:00,24526.4,24592.8,24511.45,24578.7,0
2024-07-26 10:15:00,24578.45,24609.2,24576.25,24598.95,0
2024-07-26 10:45:00,24599.05,24653.95,24590.1,24644.8,0
2024-07-26 11:15:00,24643.95,24655.05,24623.6,24635.75,0
2024-07-26 11:45:00,24635.6,24656.65,24634.3,24639.0,0
2024-07-26 12:15:00,24638.95,24720.5,24637.1,24718.65,0
2024-07-26 12:45:00,24718.15,24780.95,24711.35,24775.55,0
2024-07-26 13:15:00,24777.1,24814.0,24758.2,24795.55,0
2024-07-26 13:45:00,24794.45,24818.05,24758.35,24797.8,0
2024-07-26 14:15:00,24797.75,24808.4,24759.45,24801.45,0
2024-07-26 14:45:00,24800.25,24852.3,24797.0,24849.05,0
2024-07-26 15:15:00,24848.0,24860.05,24830.4,24834.85,0
2024-07-29 09:15:00,24952.05,24978.1,24894.55,24914.5,0
2024-07-29 09:45:00,24913.85,24935.1,24878.35,24878.35,0
2024-07-29 10:15:00,24878.1,24907.6,24866.5,24874.6,0
2024-07-29 10:45:00,24874.2,24946.05,24874.1,24938.15,0
2024-07-29 11:15:00,24937.85,24998.55,24937.5,24987.85,0
2024-07-29 11:45:00,24987.95,24998.25,24880.2,24905.5,0
2024-07-29 12:15:00,24906.55,24912.95,24791.8,24873.8,0
2024-07-29 12:45:00,24874.55,24892.1,24832.45,24833.05,0
2024-07-29 13:15:00,24833.35,24880.75,24825.4,24877.8,0
2024-07-29 13:45:00,24878.15,24884.85,24797.6,24798.05,0
2024-07-29 14:15:00,24799.25,24849.05,24774.9,24834.25,0
2024-07-29 14:45:00,24834.7,24865.85,24796.65,24823.3,0
2024-07-29 15:15:00,24823.3,24848.8,24816.6,24836.1,0
2024-07-30 09:15:00,24850.2,24885.15,24803.15,24883.25,0
2024-07-30 09:45:00,24884.05,24886.7,24816.3,24851.65,0
2024-07-30 10:15:00,24851.55,24898.3,24850.4,24898.2,0
2024-07-30 10:45:00,24899.95,24939.9,24888.55,24926.7,0
2024-07-30 11:15:00,24926.9,24953.7,24926.0,24950.0,0
2024-07-30 11:45:00,24950.35,24956.55,24914.85,24936.3,0
2024-07-30 12:15:00,24936.0,24961.0,24931.6,24937.9,0
2024-07-30 12:45:00,24936.65,24968.75,24921.55,24936.95,0
2024-07-30 13:15:00,24936.3,24944.55,24881.0,24917.75,0
2024-07-30 13:45:00,24916.5,24937.35,24902.6,24929.15,0
2024-07-30 14:15:00,24929.15,24971.75,24927.85,24963.8,0
2024-07-30 14:45:00,24962.55,24967.85,24837.7,24847.5,0
2024-07-30 15:15:00,24847.45,24861.75,24832.6,24857.3,0
2024-07-31 09:15:00,24883.0,24928.6,24857.35,24883.25,0
2024-07-31 09:45:00,24883.05,24945.4,24872.9,24940.1,0
2024-07-31 10:15:00,24938.6,24953.75,24917.95,24946.3,0
2024-07-31 10:45:00,24946.65,24950.0,24901.45,24923.0,0
2024-07-31 11:15:00,24922.25,24934.1,24898.25,24927.9,0
2024-07-31 11:45:00,24927.95,24939.0,24923.4,24936.3,0
2024-07-31 12:15:00,24935.45,24946.35,24918.6,24933.65,0
2024-07-31 12:45:00,24932.1,24949.45,24904.1,24937.05,0
2024-07-31 13:15:00,24934.9,24952.45,24922.75,24934.5,0
2024-07-31 13:45:00,24933.6,24944.1,24918.55,24926.3,0
2024-07-31 14:15:00,24925.55,24968.6,24922.65,24950.0,0
2024-07-31 14:45:00,24950.35,24957.0,24930.25,24945.8,0
2024-07-31 15:15:00,24944.45,24983.3,24941.75,24951.15,0
2024-08-01 09:15:00,25030.95,25077.3,25012.5,25046.4,0
2024-08-01 09:45:00,25045.55,25059.0,25026.2,25037.05,0
2024-08-01 10:15:00,25036.3,25052.15,25011.9,25020.1,0
2024-08-01 10:45:00,25020.4,25041.2,25004.05,25033.45,0
2024-08-01 11:15:00,25032.85,25033.85,24998.45,24998.45,0
2024-08-01 11:45:00,24998.55,25006.9,24983.3,24989.95,0
2024-08-01 12:15:00,24990.55,25002.35,24964.5,24983.1,0
2024-08-01 12:45:00,24983.3,25008.35,24973.9,24999.35,0
2024-08-01 13:15:00,25000.1,25007.15,24973.7,24974.0,0
2024-08-01 13:45:00,24974.15,24996.45,24972.15,24981.95,0
2024-08-01 14:15:00,24981.45,25005.8,24956.95,25005.8,0
2024-08-01 14:45:00,25003.6,25020.9,24973.2,25018.25,0
2024-08-01 15:15:00,25018.7,25030.85,24998.4,25010.9,0
2024-08-02 09:15:00,24824.2,24851.45,24754.95,24761.5,0
2024-08-02 09:45:00,24758.9,24778.9,24725.0,24778.9,0
2024-08-02 10:15:00,24779.45,24809.6,24746.0,24793.9,0
2024-08-02 10:45:00,24794.05,24823.75,24778.75,24805.05,0
2024-08-02 11:15:00,24803.6,24830.75,24795.45,24822.55,0
2024-08-02 11:45:00,24821.6,24835.1,24779.9,24788.7,0
2024-08-02 12:15:00,24788.4,24794.9,24757.5,24761.8,0
2024-08-02 12:45:00,24762.1,24784.2,24754.7,24770.5,0
2024-08-02 13:15:00,24769.25,24808.3,24755.4,24793.5,0
2024-08-02 13:45:00,24793.25,24808.9,24763.95,24770.55,0
2024-08-02 14:15:00,24771.2,24792.55,24730.7,24735.0,0
2024-08-02 14:45:00,24734.7,24744.65,24688.3,24727.9,0
2024-08-02 15:15:00,24728.85,24736.7,24696.1,24717.7,0
2024-08-05 09:15:00,24323.7,24346.3,24193.25,24271.4,0
2024-08-05 09:45:00,24272.9,24346.2,24248.6,24292.15,0
2024-08-05 10:15:00,24290.8,24295.9,24186.4,24205.55,0
2024-08-05 10:45:00,24206.2,24206.8,24011.7,24020.75,0
2024-08-05 11:15:00,24020.45,24032.5,23895.0,23999.35,0
2024-08-05 11:45:00,23999.9,24049.25,23982.4,24038.45,0
2024-08-05 12:15:00,24039.35,24056.8,23932.5,23946.4,0
2024-08-05 12:45:00,23947.7,24023.2,23916.7,24021.6,0
2024-08-05 13:15:00,24021.2,24103.6,23996.1,24074.15,0
2024-08-05 13:45:00,24073.4,24127.35,24064.9,24085.65,0
2024-08-05 14:15:00,24085.9,24111.45,24014.6,24078.8,0
2024-08-05 14:45:00,24078.15,24115.0,24031.4,24048.85,0
2024-08-05 15:15:00,24049.65,24066.7,24039.55,24055.6,0
2024-08-06 09:15:00,24192.85,24380.85,24192.85,24264.2,0
2024-08-06 09:45:00,24267.8,24347.8,24266.5,24282.85,0
2024-08-06 10:15:00,24284.45,24309.9,24131.95,24155.9,0
2024-08-06 10:45:00,24155.2,24265.85,24153.2,24225.8,0
2024-08-06 11:15:00,24226.6,24260.35,24212.6,24238.25,0
2024-08-06 11:45:00,24238.85,24248.95,24207.7,24235.55,0
2024-08-06 12:15:00,24235.5,24237.9,24166.1,24177.05,0
2024-08-06 12:45:00,24176.8,24208.55,24158.3,24163.4,0
2024-08-06 13:15:00,24163.25,24178.25,24066.75,24079.45,0
2024-08-06 13:45:00,24079.45,24102.8,24012.0,24022.9,0
2024-08-06 14:15:00,24023.15,24077.9,23978.55,23979.3,0
2024-08-06 14:45:00,23979.05,24049.35,23960.5,23973.55,0
2024-08-06 15:15:00,23974.75,24039.45,23966.05,23992.55,0
2024-08-07 09:15:00,24289.4,24306.2,24231.95,24236.8,0
2024-08-07 09:45:00,24236.7,24256.05,24185.95,24209.4,0
2024-08-07 10:15:00,24207.55,24337.0,24193.4,24303.3,0
2024-08-07 10:45:00,24303.0,24313.1,24225.75,24247.65,0
2024-08-07 11:15:00,24248.6,24251.9,24209.7,24245.25,0
2024-08-07 11:45:00,24244.8,24253.95,24218.5,24224.15,0
2024-08-07 12:15:00,24224.05,24276.8,24223.1,24231.3,0
2024-08-07 12:45:00,24231.85,24245.7,24208.3,24232.2,0
2024-08-07 13:15:00,24232.15,24233.8,24188.95,24221.95,0
2024-08-07 13:45:00,24221.2,24246.6,24209.05,24246.6,0
2024-08-07 14:15:00,24246.0,24293.55,24244.8,24268.95,0
2024-08-07 14:45:00,24268.5,24312.25,24244.45,24309.95,0
2024-08-07 15:15:00,24309.4,24316.9,24295.85,24297.5,0
2024-08-08 09:15:00,24248.7,24262.75,24192.9,24230.55,0
2024-08-08 09:45:00,24231.25,24261.95,24120.6,24161.15,0
2024-08-08 10:15:00,24161.65,24259.6,24142.75,24196.7,0
2024-08-08 10:45:00,24197.05,24218.1,24134.4,24186.35,0
2024-08-08 11:15:00,24186.05,24252.95,24167.8,24191.9,0
2024-08-08 11:45:00,24192.3,24306.6,24187.35,24306.6,0
2024-08-08 12:15:00,24307.25,24339.3,24284.75,24305.1,0
2024-08-08 12:45:00,24304.4,24310.55,24129.05,24160.35,0
2024-08-08 13:15:00,24159.4,24179.55,24092.5,24168.55,0
2024-08-08 13:45:00,24168.95,24179.35,24125.85,24154.6,0
2024-08-08 14:15:00,24154.75,24195.8,24134.05,24169.9,0
2024-08-08 14:45:00,24169.2,24187.7,24113.35,24115.2,0
2024-08-08 15:15:00,24115.55,24117.9,24079.95,24117.0,0
2024-08-09 09:15:00,24373.5,24409.0,24316.8,24404.2,0
2024-08-09 09:45:00,24403.0,24419.6,24347.6,24356.45,0
2024-08-09 10:15:00,24356.4,24372.35,24312.2,24329.2,0
2024-08-09 10:45:00,24328.65,24369.7,24324.4,24345.2,0
2024-08-09 11:15:00,24345.65,24360.65,24337.25,24355.25,0
2024-08-09 11:45:00,24355.1,24374.9,24349.35,24351.75,0
2024-08-09 12:15:00,24352.3,24371.15,24344.7,24354.35,0
2024-08-09 12:45:00,24354.25,24356.8,24338.1,24351.4,0
2024-08-09 13:15:00,24351.7,24374.9,24348.15,24361.1,0
2024-08-09 13:45:00,24361.1,24389.6,24357.05,24386.45,0
2024-08-09 14:15:00,24384.7,24389.25,24353.85,24366.35,0
2024-08-09 14:45:00,24366.05,24385.9,24360.2,24371.05,0
2024-08-09 15:15:00,24373.85,24374.4,24356.95,24367.5,0
2024-08-12 09:15:00,24317.9,24322.55,24260.75,24274.2,0
2024-08-12 09:45:00,24274.95,24278.65,24212.3,24252.15,0
2024-08-12 10:15:00,24252.8,24353.55,24252.15,24351.55,0
2024-08-12 10:45:00,24351.55,24435.05,24338.85,24434.8,0
2024-08-12 11:15:00,24434.65,24472.7,24409.2,24415.9,0
2024-08-12 11:45:00,24416.1,24432.4,24387.25,24388.1,0
2024-08-12 12:15:00,24388.75,24429.1,24380.55,24427.1,0
2024-08-12 12:45:00,24427.1,24439.1,24400.1,24404.65,0
2024-08-12 13:15:00,24404.4,24422.55,24392.75,24419.65,0
2024-08-12 13:45:00,24420.1,24444.35,24415.1,24435.3,0
2024-08-12 14:15:00,24434.7,24440.55,24393.35,24412.75,0
2024-08-12 14:45:00,24414.65,24429.35,24302.4,24345.7,0
2024-08-12 15:15:00,24347.95,24365.35,24340.9,24347.0,0
2024-08-13 09:15:00,24351.05,24354.1,24300.0,24339.85,0
2024-08-13 09:45:00,24340.15,24358.0,24306.0,24330.1,0
2024-08-13 10:15:00,24329.7,24334.25,24277.75,24296.85,0
2024-08-13 10:45:00,24296.35,24317.95,24290.95,24313.35,0
2024-08-13 11:15:00,24312.35,24329.3,24303.25,24311.8,0
2024-08-13 11:45:00,24311.5,24330.15,24268.8,24296.0,0
2024-08-13 12:15:00,24296.65,24297.6,24252.1,24255.45,0
2024-08-13 12:45:00,24253.9,24256.85,24205.25,24238.1,0
2024-08-13 13:15:00,24237.35,24257.3,24196.1,24198.9,0
2024-08-13 13:45:00,24197.45,24207.6,24117.2,24152.9,0
2024-08-13 14:15:00,24151.7,24177.95,24131.25,24142.5,0
2024-08-13 14:45:00,24144.6,24164.9,24121.6,24122.9,0
2024-08-13 15:15:00,24124.15,24145.5,24119.35,24139.0,0
2024-08-14 09:15:00,24184.4,24194.0,24100.15,24129.05,0
2024-08-14 09:45:00,24128.35,24174.4,24109.9,24147.65,0
2024-08-14 10:15:00,24147.35,24171.35,24137.5,24167.55,0
2024-08-14 10:45:00,24167.7,24169.7,24118.3,24135.45,0
2024-08-14 11:15:00,24135.45,24156.2,24127.15,24136.15,0
2024-08-14 11:45:00,24136.45,24166.05,24131.65,24164.8,0
2024-08-14 12:15:00,24164.85,24166.15,24145.45,24156.9,0
2024-08-14 12:45:00,24157.2,24194.35,24155.0,24179.35,0
2024-08-14 13:15:00,24178.55,24179.85,24147.4,24162.6,0
2024-08-14 13:45:00,24162.75,24176.8,24145.6,24170.75,0
2024-08-14 14:15:00,24171.25,24177.75,24127.5,24141.8,0
2024-08-14 14:45:00,24142.0,24157.65,24121.85,24133.0,0
2024-08-14 15:15:00,24135.55,24157.3,24129.65,24143.75,0
2024-08-16 09:15:00,24332.15,24403.25,24311.45,24335.35,0
2024-08-16 09:45:00,24337.75,24344.15,24275.3,24295.0,0
2024-08-16 10:15:00,24293.7,24306.65,24205.2,24258.05,0
2024-08-16 10:45:00,24257.1,24274.9,24226.4,24234.35,0
2024-08-16 11:15:00,24233.9,24339.95,24227.85,24333.15,0
2024-08-16 11:45:00,24331.95,24440.3,24330.65,24419.8,0
2024-08-16 12:15:00,24419.95,24451.2,24389.2,24434.3,0
2024-08-16 12:45:00,24434.85,24458.95,24413.35,24442.8,0
2024-08-16 13:15:00,24442.4,24469.85,24427.65,24466.0,0
2024-08-16 13:45:00,24465.25,24517.75,24462.55,24516.0,0
2024-08-16 14:15:00,24514.95,24516.7,24473.25,24481.05,0
2024-08-16 14:45:00,24482.0,24563.45,24477.5,24554.35,0
2024-08-16 15:15:00,24554.15,24561.3,24537.45,24541.15,0
2024-08-19 09:15:00,24630.55,24638.25,24578.3,24615.9,0
2024-08-19 09:45:00,24615.35,24625.05,24566.3,24580.45,0
2024-08-19 10:15:00,24579.1,24590.2,24542.15,24565.4,0
2024-08-19 10:45:00,24565.1,24570.6,24523.55,24543.95,0
2024-08-19 11:15:00,24544.45,24598.0,24542.7,24583.05,0
2024-08-19 11:45:00,24583.45,24596.65,24561.15,24570.0,0
2024-08-19 12:15:00,24569.7,24579.95,24552.25,24570.4,0
2024-08-19 12:45:00,24570.1,24592.9,24567.65,24590.45,0
2024-08-19 13:15:00,24590.9,24605.1,24553.1,24557.35,0
2024-08-19 13:45:00,24557.4,24581.45,24543.85,24572.35,0
2024-08-19 14:15:00,24573.2,24591.55,24566.9,24586.3,0
2024-08-19 14:45:00,24586.0,24592.35,24562.45,24571.45,0
2024-08-19 15:15:00,24571.25,24590.3,24570.6,24572.65,0
2024-08-20 09:15:00,24650.4,24676.15,24607.5,24669.75,0
2024-08-20 09:45:00,24669.45,24725.25,24658.8,24722.6,0
2024-08-20 10:15:00,24722.95,24733.95,24701.2,24704.35,0
2024-08-20 10:45:00,24704.55,24713.1,24674.55,24707.5,0
2024-08-20 11:15:00,24707.55,24713.3,24688.05,24705.55,0
2024-08-20 11:45:00,24706.15,24719.1,24704.45,24708.95,0
2024-08-20 12:15:00,24708.95,24723.65,24701.75,24703.35,0
2024-08-20 12:45:00,24701.55,24734.15,24701.55,24727.1,0
2024-08-20 13:15:00,24725.45,24727.15,24703.05,24712.85,0
2024-08-20 13:45:00,24711.35,24729.1,24710.3,24719.45,0
2024-08-20 14:15:00,24718.8,24725.3,24699.4,24724.55,0
2024-08-20 14:45:00,24724.15,24729.3,24690.9,24698.1,0
2024-08-20 15:15:00,24697.9,24705.65,24670.4,24698.85,0
2024-08-21 09:15:00,24680.95,24707.8,24655.45,24684.7,0
2024-08-21 09:45:00,24685.3,24721.0,24672.75,24712.75,0
2024-08-21 10:15:00,24713.35,24753.9,24711.45,24722.6,0
2024-08-21 10:45:00,24722.75,24732.75,24678.8,24693.5,0
2024-08-21 11:15:00,24693.55,24742.3,24693.2,24702.5,0
2024-08-21 11:45:00,24702.65,24733.8,24698.2,24724.0,0
2024-08-21 12:15:00,24724.45,24739.1,24719.1,24726.7,0
2024-08-21 12:45:00,24726.9,24732.5,24716.3,24727.8,0
2024-08-21 13:15:00,24727.7,24733.65,24696.8,24724.2,0
2024-08-21 13:45:00,24724.15,24744.55,24719.65,24739.85,0
2024-08-21 14:15:00,24739.85,24747.3,24722.75,24736.45,0
2024-08-21 14:45:00,24736.7,24774.15,24736.2,24767.05,0
2024-08-21 15:15:00,24767.5,24786.2,24763.05,24770.2,0
2024-08-22 09:15:00,24866.25,24866.25,24798.85,24830.85,0
2024-08-22 09:45:00,24831.85,24833.65,24785.0,24813.75,0
2024-08-22 10:15:00,24814.15,24825.7,24802.45,24824.1,0
2024-08-22 10:45:00,24823.5,24830.1,24810.55,24824.15,0
2024-08-22 11:15:00,24824.65,24847.7,24817.1,24843.75,0
2024-08-22 11:45:00,24843.4,24847.8,24828.3,24832.65,0
2024-08-22 12:15:00,24832.7,24836.8,24822.65,24824.75,0
2024-08-22 12:45:00,24825.9,24835.6,24800.85,24808.15,0
2024-08-22 13:15:00,24808.0,24823.45,24802.85,24816.25,0
2024-08-22 13:45:00,24817.35,24837.7,24815.45,24832.0,0
2024-08-22 14:15:00,24833.05,24835.25,24796.9,24806.15,0
2024-08-22 14:45:00,24807.35,24820.75,24796.65,24810.6,0
2024-08-22 15:15:00,24810.85,24822.75,24804.5,24811.5,0
2024-08-23 09:15:00,24845.4,24849.9,24771.8,24784.5,0
2024-08-23 09:45:00,24785.0,24835.55,24775.95,24801.5,0
2024-08-23 10:15:00,24803.75,24831.55,24797.0,24830.0,0
2024-08-23 10:45:00,24831.0,24850.65,24824.15,24833.4,0
2024-08-23 11:15:00,24835.1,24853.75,24833.5,24842.5,0
2024-08-23 11:45:00,24842.75,24847.65,24819.3,24839.4,0
2024-08-23 12:15:00,24838.5,24845.5,24831.75,24834.65,0
2024-08-23 12:45:00,24834.7,24843.05,24826.35,24839.2,0
2024-08-23 13:15:00,24837.9,24839.5,24818.9,24839.45,0
2024-08-23 13:45:00,24838.75,24838.9,24821.45,24831.25,0
2024-08-23 14:15:00,24830.9,24848.85,24824.5,24832.3,0
2024-08-23 14:45:00,24831.45,24838.65,24794.7,24822.7,0
2024-08-23 15:15:00,24822.0,24841.75,24815.05,24823.15,0
2024-08-26 09:15:00,24914.5,24983.4,24874.95,24982.9,0
2024-08-26 09:45:00,24982.9,25017.2,24964.8,25008.35,0
2024-08-26 10:15:00,25008.4,25043.65,24987.6,25007.05,0
2024-08-26 10:45:00,25006.75,25007.35,24971.25,24982.35,0
2024-08-26 11:15:00,24982.15,25020.25,24980.0,25007.85,0
2024-08-26 11:45:00,25008.1,25014.5,24996.85,25001.05,0
2024-08-26 12:15:00,25001.0,25034.75,24995.3,25016.15,0
2024-08-26 12:45:00,25016.05,25034.05,25011.95,25026.55,0
2024-08-26 13:15:00,25026.0,25029.5,25010.25,25012.0,0
2024-08-26 13:45:00,25012.5,25030.55,25001.65,25009.75,0
2024-08-26 14:15:00,25010.05,25033.2,25009.15,25019.8,0
2024-08-26 14:45:00,25018.15,25029.5,25002.8,25007.9,0
2024-08-26 15:15:00,25009.35,25016.75,25004.6,25010.6,0
2024-08-27 09:15:00,25032.1,25036.65,24973.9,24997.0,0
2024-08-27 09:45:00,24997.55,25043.65,24986.85,25013.55,0
2024-08-27 10:15:00,25014.55,25030.9,24983.5,25006.65,0
2024-08-27 10:45:00,25006.55,25049.65,25002.65,25037.85,0
2024-08-27 11:15:00,25037.85,25073.05,25033.35,25064.05,0
2024-08-27 11:45:00,25064.65,25065.8,25033.65,25045.6,0
2024-08-27 12:15:00,25045.7,25053.85,25038.55,25051.75,0
2024-08-27 12:45:00,25050.9,25060.2,25040.45,25059.05,0
2024-08-27 13:15:00,25059.2,25066.7,25041.3,25064.45,0
2024-08-27 13:45:00,25064.1,25067.1,25048.8,25052.65,0
2024-08-27 14:15:00,25052.0,25056.2,25036.35,25042.25,0
2024-08-27 14:45:00,25042.85,25044.3,24998.0,25024.6,0
2024-08-27 15:15:00,25024.25,25027.75,24988.4,25017.75,0
2024-08-28 09:15:00,25029.25,25047.85,24964.85,24991.95,0
2024-08-28 09:45:00,24991.45,25025.75,24982.7,25010.95,0
2024-08-28 10:15:00,25010.15,25032.2,24993.55,25021.85,0
2024-08-28 10:45:00,25021.25,25040.0,25009.25,25038.85,0
2024-08-28 11:15:00,25038.55,25109.7,25037.35,25104.15,0
2024-08-28 11:45:00,25103.2,25113.8,25085.0,25086.8,0
2024-08-28 12:15:00,25086.0,25110.05,25081.2,25098.9,0
2024-08-28 12:45:00,25097.85,25107.4,25088.25,25101.8,0
2024-08-28 13:15:00,25100.95,25113.35,25090.55,25101.35,0
2024-08-28 13:45:00,25101.55,25125.7,25098.3,25121.3,0
2024-08-28 14:15:00,25120.2,25128.1,25080.55,25088.95,0
2024-08-28 14:45:00,25088.9,25096.75,25048.2,25050.45,0
2024-08-28 15:15:00,25049.4,25052.35,25032.1,25052.35,0
2024-08-29 09:15:00,25032.45,25073.9,25018.95,25063.55,0
2024-08-29 09:45:00,25062.35,25117.6,25062.35,25097.4,0
2024-08-29 10:15:00,25098.0,25115.8,25086.55,25095.9,0
2024-08-29 10:45:00,25099.1,25104.6,25077.05,25098.05,0
2024-08-29 11:15:00,25098.05,25106.5,25082.9,25083.65,0
2024-08-29 11:45:00,25083.5,25092.0,25070.15,25088.05,0
2024-08-29 12:15:00,25088.3,25174.0,25084.45,25163.0,0
2024-08-29 12:45:00,25164.7,25170.7,25135.9,25153.45,0
2024-08-29 13:15:00,25151.3,25166.75,25120.55,25143.0,0
2024-08-29 13:45:00,25140.75,25157.4,24999.75,25077.05,0
2024-08-29 14:15:00,25078.1,25090.3,25001.65,25024.5,0
2024-08-29 14:45:00,25023.55,25192.6,25016.35,25130.05,0
2024-08-29 15:15:00,25129.4,25166.7,25117.7,25151.95,0
2024-08-30 09:15:00,25229.25,25257.95,25206.45,25223.0,0
2024-08-30 09:45:00,25224.3,25242.45,25199.7,25218.85,0
2024-08-30 10:15:00,25219.6,25235.95,25204.2,25224.9,0
2024-08-30 10:45:00,25224.75,25246.65,25214.05,25239.1,0
2024-08-30 11:15:00,25238.4,25247.55,25217.75,25225.1,0
2024-08-30 11:45:00,25226.05,25252.6,25224.0,25246.3,0
2024-08-30 12:15:00,25246.05,25258.15,25236.05,25240.45,0
2024-08-30 12:45:00,25240.55,25245.2,25228.65,25242.25,0
2024-08-30 13:15:00,25242.45,25250.75,25231.15,25242.3,0
2024-08-30 13:45:00,25242.15,25250.05,25235.9,25246.2,0
2024-08-30 14:15:00,25246.05,25262.15,25227.4,25237.85,0
2024-08-30 14:45:00,25238.45,25259.1,25206.8,25242.4,0
2024-08-30 15:15:00,25242.95,25265.05,25232.25,25235.9,0
2024-09-02 09:15:00,25311.6,25323.6,25282.25,25310.45,0
2024-09-02 09:45:00,25308.85,25321.6,25283.2,25305.2,0
2024-09-02 10:15:00,25303.35,25310.55,25291.35,25306.65,0
2024-09-02 10:45:00,25307.0,25320.4,25302.6,25315.4,0
2024-09-02 11:15:00,25315.8,25322.0,25292.85,25298.2,0
2024-09-02 11:45:00,25298.6,25308.25,25281.8,25300.5,0
2024-09-02 12:15:00,25301.5,25304.1,25274.15,25276.8,0
2024-09-02 12:45:00,25276.85,25278.95,25235.55,25255.7,0
2024-09-02 13:15:00,25255.8,25265.0,25244.95,25253.5,0
2024-09-02 13:45:00,25253.1,25283.65,25250.55,25275.75,0
2024-09-02 14:15:00,25275.4,25290.35,25258.0,25273.0,0
2024-09-02 14:45:00,25273.6,25288.25,25265.6,25280.1,0
2024-09-02 15:15:00,25279.6,25289.85,25258.6,25278.7,0
2024-09-03 09:15:00,25311.7,25317.75,25256.75,25270.5,0
2024-09-03 09:45:00,25270.9,25276.4,25241.4,25265.25,0
2024-09-03 10:15:00,25265.3,25274.55,25244.55,25262.8,0
2024-09-03 10:45:00,25262.15,25272.25,25242.85,25243.85,0
2024-09-03 11:15:00,25242.25,25264.45,25236.45,25251.7,0
2024-09-03 11:45:00,25251.75,25264.35,25244.15,25259.45,0
2024-09-03 12:15:00,25259.25,25265.7,25249.5,25261.55,0
2024-09-03 12:45:00,25261.15,25284.65,25258.2,25282.7,0
2024-09-03 13:15:00,25283.75,25298.3,25269.8,25270.95,0
2024-09-03 13:45:00,25271.55,25282.0,25252.1,25272.05,0
2024-09-03 14:15:00,25272.75,25290.6,25262.95,25284.65,0
2024-09-03 14:45:00,25284.8,25304.1,25270.9,25276.3,0
2024-09-03 15:15:00,25277.05,25285.3,25260.75,25279.85,0
2024-09-04 09:15:00,25106.7,25127.85,25085.15,25095.3,0
2024-09-04 09:45:00,25095.1,25158.25,25089.75,25152.45,0
2024-09-04 10:15:00,25152.9,25157.35,25094.65,25107.6,0
2024-09-04 10:45:00,25107.75,25141.3,25104.6,25128.7,0
2024-09-04 11:15:00,25129.2,25144.2,25118.0,25139.6,0
2024-09-04 11:45:00,25139.9,25140.85,25125.25,25134.15,0
2024-09-04 12:15:00,25134.45,25145.5,25124.95,25136.35,0
2024-09-04 12:45:00,25136.45,25154.3,25130.35,25153.2,0
2024-09-04 13:15:00,25153.3,25191.8,25152.5,25164.0,0
2024-09-04 13:45:00,25163.65,25180.1,25158.85,25163.65,0
2024-09-04 14:15:00,25164.3,25182.9,25145.75,25180.2,0
2024-09-04 14:45:00,25180.35,25211.1,25167.7,25210.1,0
2024-09-04 15:15:00,25209.6,25215.5,25198.7,25198.7,0
2024-09-05 09:15:00,25263.05,25270.15,25187.55,25208.9,0
2024-09-05 09:45:00,25209.3,25223.1,25187.65,25207.0,0
2024-09-05 10:15:00,25207.3,25212.8,25152.15,25171.7,0
2024-09-05 10:45:00,25171.1,25194.4,25166.7,25193.6,0
2024-09-05 11:15:00,25193.35,25198.6,25171.25,25176.3,0
2024-09-05 11:45:00,25176.1,25194.75,25168.8,25188.9,0
2024-09-05 12:15:00,25188.65,25193.55,25170.6,25185.05,0
2024-09-05 12:45:00,25185.95,25195.75,25169.9,25172.8,0
2024-09-05 13:15:00,25172.35,25180.7,25161.1,25172.25,0
2024-09-05 13:45:00,25172.5,25180.9,25166.65,25173.6,0
2024-09-05 14:15:00,25173.15,25177.9,25138.0,25139.7,0
2024-09-05 14:45:00,25139.7,25161.7,25128.25,25152.7,0
2024-09-05 15:15:00,25150.85,25163.55,25141.25,25145.1,0
2024-09-06 09:15:00,25090.55,25168.4,25047.0,25064.3,0
2024-09-06 09:45:00,25063.9,25063.9,24879.7,24921.1,0
2024-09-06 10:15:00,24921.9,24950.4,24878.9,24919.15,0
2024-09-06 10:45:00,24920.15,24936.7,24859.9,24867.0,0
2024-09-06 11:15:00,24866.3,24922.5,24864.15,24920.05,0
2024-09-06 11:45:00,24921.25,24942.4,24913.25,24936.25,0
2024-09-06 12:15:00,24935.85,24960.55,24915.7,24920.2,0
2024-09-06 12:45:00,24920.4,24923.4,24842.1,24862.0,0
2024-09-06 13:15:00,24861.75,24893.85,24839.4,24882.45,0
2024-09-06 13:45:00,24882.35,24886.95,24856.3,24865.6,0
2024-09-06 14:15:00,24865.15,24871.9,24821.7,24835.8,0
2024-09-06 14:45:00,24835.9,24857.8,24801.3,24853.05,0
2024-09-06 15:15:00,24852.1,24878.2,24846.6,24852.15,0
2024-09-09 09:15:00,24820.95,24846.5,24753.15,24829.3,0
2024-09-09 09:45:00,24829.2,24867.7,24809.25,24826.5,0
2024-09-09 10:15:00,24826.0,24888.9,24818.3,24888.85,0
2024-09-09 10:45:00,24888.65,24916.7,24875.65,24894.15,0
2024-09-09 11:15:00,24894.65,24896.55,24856.25,24877.65,0
2024-09-09 11:45:00,24877.4,24898.4,24846.0,24851.95,0
2024-09-09 12:15:00,24852.05,24867.3,24834.4,24855.65,0
2024-09-09 12:45:00,24855.7,24884.15,24853.9,24882.15,0
2024-09-09 13:15:00,24881.25,24938.45,24873.35,24901.85,0
2024-09-09 13:45:00,24900.85,24909.9,24880.7,24893.45,0
2024-09-09 14:15:00,24893.85,24910.8,24867.7,24901.65,0
2024-09-09 14:45:00,24902.25,24946.85,24901.1,24940.55,0
2024-09-09 15:15:00,24939.75,24957.05,24930.75,24936.4,0
2024-09-10 09:15:00,25003.2,25011.1,24958.65,24967.15,0
2024-09-10 09:45:00,24967.0,24969.35,24897.5,24915.05,0
2024-09-10 10:15:00,24915.55,24960.9,24908.0,24955.75,0
2024-09-10 10:45:00,24954.55,24981.55,24932.35,24981.55,0
2024-09-10 11:15:00,24981.9,25012.05,24974.4,25005.45,0
2024-09-10 11:45:00,25006.05,25041.7,24997.3,25023.0,0
2024-09-10 12:15:00,25024.3,25074.45,25016.05,25072.8,0
2024-09-10 12:45:00,25072.55,25106.7,25058.75,25098.55,0
2024-09-10 13:15:00,25097.9,25127.8,25089.0,25124.6,0
2024-09-10 13:45:00,25124.65,25130.45,25094.35,25114.0,0
2024-09-10 14:15:00,25113.9,25122.0,25063.8,25070.0,0
2024-09-10 14:45:00,25070.0,25070.55,25014.8,25042.95,0
2024-09-10 15:15:00,25042.25,25061.75,25037.9,25041.1,0
2024-09-11 09:15:00,25033.75,25064.9,24981.8,25063.45,0
2024-09-11 09:45:00,25063.7,25073.4,25011.65,25055.95,0
2024-09-11 10:15:00,25055.7,25091.1,25031.6,25086.85,0
2024-09-11 10:45:00,25085.95,25089.75,25037.05,25086.05,0
2024-09-11 11:15:00,25086.25,25088.2,25035.4,25068.6,0
2024-09-11 11:45:00,25066.95,25109.0,25054.95,25093.3,0
2024-09-11 12:15:00,25093.7,25113.15,25081.45,25086.05,0
2024-09-11 12:45:00,25086.8,25087.45,25045.35,25059.55,0
2024-09-11 13:15:00,25059.55,25068.1,25013.65,25021.25,0
2024-09-11 13:45:00,25021.5,25032.25,24935.3,24937.55,0
2024-09-11 14:15:00,24937.35,24967.2,24924.4,24936.2,0
2024-09-11 14:45:00,24936.45,24938.8,24885.55,24900.65,0
2024-09-11 15:15:00,24901.35,24951.8,24900.8,24918.45,0
2024-09-12 09:15:00,25051.6,25072.3,25008.75,25045.75,0
2024-09-12 09:45:00,25045.4,25056.25,24982.4,25017.2,0
2024-09-12 10:15:00,25019.05,25031.15,24982.85,24996.8,0
2024-09-12 10:45:00,24997.7,25025.95,24980.55,25008.3,0
2024-09-12 11:15:00,25007.95,25036.8,24942.45,25013.55,0
2024-09-12 11:45:00,25010.1,25019.15,24981.05,25011.2,0
2024-09-12 12:15:00,25010.3,25014.95,24963.75,25003.7,0
2024-09-12 12:45:00,25002.65,25019.7,24969.95,24996.35,0
2024-09-12 13:15:00,24994.15,25016.0,24977.1,24995.05,0
2024-09-12 13:45:00,24995.4,25228.95,24990.9,25204.7,0
2024-09-12 14:15:00,25204.55,25269.25,25203.8,25258.3,0
2024-09-12 14:45:00,25259.25,25431.6,25256.8,25414.95,0
2024-09-12 15:15:00,25416.7,25417.25,25310.25,25388.9,0
2024-09-13 09:15:00,25410.65,25413.15,25292.6,25339.75,0
2024-09-13 09:45:00,25341.45,25354.5,25321.75,25326.0,0
2024-09-13 10:15:00,25327.0,25377.85,25325.3,25359.05,0
2024-09-13 10:45:00,25359.25,25393.8,25353.45,25382.35,0
2024-09-13 11:15:00,25381.9,25384.6,25355.25,25364.2,0
2024-09-13 11:45:00,25364.55,25379.0,25359.15,25376.55,0
2024-09-13 12:15:00,25375.75,25389.3,25368.45,25379.8,0
2024-09-13 12:45:00,25378.95,25390.65,25370.6,25385.15,0
2024-09-13 13:15:00,25384.55,25386.2,25346.6,25364.8,0
2024-09-13 13:45:00,25364.7,25392.05,25357.0,25385.5,0
2024-09-13 14:15:00,25385.15,25388.8,25355.55,25365.45,0
2024-09-13 14:45:00,25365.6,25383.1,25331.8,25354.45,0
2024-09-13 15:15:00,25354.45,25366.8,25340.9,25356.5,0
2024-09-16 09:15:00,25408.65,25435.35,25372.45,25434.85,0
2024-09-16 09:45:00,25434.9,25445.25,25409.2,25409.35,0
2024-09-16 10:15:00,25410.0,25420.05,25389.75,25401.45,0
2024-09-16 10:45:00,25401.15,25411.95,25366.05,25384.15,0
2024-09-16 11:15:00,25385.0,25396.6,25358.75,25366.35,0
2024-09-16 11:45:00,25366.25,25378.8,25345.8,25353.25,0
2024-09-16 12:15:00,25353.15,25376.65,25337.2,25374.05,0
2024-09-16 12:45:00,25374.1,25381.6,25365.65,25374.5,0
2024-09-16 13:15:00,25374.6,25413.0,25372.35,25411.95,0
2024-09-16 13:45:00,25412.9,25422.4,25392.85,25405.1,0
2024-09-16 14:15:00,25405.35,25406.85,25379.3,25389.7,0
2024-09-16 14:45:00,25388.8,25397.9,25384.95,25386.4,0
2024-09-16 15:15:00,25386.45,25390.3,25375.5,25383.75,0
2024-09-17 09:15:00,25409.1,25409.1,25357.25,25389.95,0
2024-09-17 09:45:00,25390.25,25397.25,25352.7,25373.9,0
2024-09-17 10:15:00,25374.8,25409.5,25368.1,25402.85,0
2024-09-17 10:45:00,25401.95,25415.85,25390.6,25401.4,0
2024-09-17 11:15:00,25405.7,25432.5,25399.2,25407.45,0
2024-09-17 11:45:00,25407.0,25423.6,25405.6,25412.55,0
2024-09-17 12:15:00,25411.85,25428.9,25404.05,25427.1,0
2024-09-17 12:45:00,25426.8,25436.6,25421.1,25425.7,0
2024-09-17 13:15:00,25424.8,25437.7,25412.6,25436.95,0
2024-09-17 13:45:00,25435.95,25441.3,25422.0,25426.2,0
2024-09-17 14:15:00,25425.3,25438.35,25410.9,25422.6,0
2024-09-17 14:45:00,25422.75,25429.7,25408.45,25418.45,0
2024-09-17 15:15:00,25418.8,25421.55,25404.8,25418.55,0
2024-09-18 09:15:00,25402.8,25433.75,25381.65,25433.7,0
2024-09-18 09:45:00,25434.4,25443.0,25408.7,25413.9,0
2024-09-18 10:15:00,25413.8,25469.25,25408.1,25466.5,0
2024-09-18 10:45:00,25467.45,25478.35,25447.95,25461.25,0
2024-09-18 11:15:00,25460.35,25470.95,25447.35,25462.1,0
2024-09-18 11:45:00,25460.05,25472.5,25452.7,25462.7,0
2024-09-18 12:15:00,25461.55,25481.65,25459.45,25476.3,0
2024-09-18 12:45:00,25475.6,25480.9,25372.8,25374.4,0
2024-09-18 13:15:00,25374.15,25384.8,25285.65,25331.4,0
2024-09-18 13:45:00,25331.6,25385.25,25321.9,25343.05,0
2024-09-18 14:15:00,25343.3,25372.2,25329.0,25336.4,0
2024-09-18 14:45:00,25335.25,25409.1,25335.25,25382.35,0
2024-09-18 15:15:00,25381.75,25392.7,25342.35,25377.55,0
2024-09-19 09:15:00,25486.4,25604.7,25486.4,25601.5,0
2024-09-19 09:45:00,25604.95,25611.1,25499.6,25513.05,0
2024-09-19 10:15:00,25513.0,25530.05,25487.65,25497.5,0
2024-09-19 10:45:00,25497.75,25530.2,25478.0,25506.05,0
2024-09-19 11:15:00,25505.8,25509.95,25402.6,25424.45,0
2024-09-19 11:45:00,25423.7,25464.95,25390.65,25442.2,0
2024-09-19 12:15:00,25442.6,25467.5,25429.6,25458.25,0
2024-09-19 12:45:00,25458.4,25467.65,25395.85,25395.85,0
2024-09-19 13:15:00,25395.85,25426.55,25385.0,25405.4,0
2024-09-19 13:45:00,25404.55,25416.35,25376.45,25402.4,0
2024-09-19 14:15:00,25403.1,25424.25,25394.05,25404.8,0
2024-09-19 14:45:00,25403.25,25427.55,25388.6,25426.25,0
2024-09-19 15:15:00,25424.55,25453.7,25406.85,25415.8,0
2024-09-20 09:15:00,25530.0,25542.55,25426.8,25459.8,0
2024-09-20 09:45:00,25459.9,25609.15,25452.8,25553.55,0
2024-09-20 10:15:00,25554.25,25685.9,25541.65,25677.65,0
2024-09-20 10:45:00,25677.6,25715.75,25629.95,25702.25,0
2024-09-20 11:15:00,25702.2,25724.55,25666.2,25689.15,0
2024-09-20 11:45:00,25689.2,25726.6,25682.2,25710.1,0
2024-09-20 12:15:00,25710.4,25727.3,25687.8,25723.7,0
2024-09-20 12:45:00,25723.05,25804.05,25717.15,25786.05,0
2024-09-20 13:15:00,25784.75,25806.35,25487.35,25551.85,0
2024-09-20 13:45:00,25548.75,25732.45,25545.0,25674.9,0
2024-09-20 14:15:00,25676.3,25724.9,25594.1,25644.85,0
2024-09-20 14:45:00,25646.3,25803.5,25646.2,25792.85,0
2024-09-20 15:15:00,25793.65,25843.95,25783.0,25790.95,0
2024-09-23 09:15:00,25870.65,25911.2,25849.95,25891.8,0
2024-09-23 09:45:00,25891.05,25924.95,25891.05,25897.05,0
2024-09-23 10:15:00,25897.4,25901.65,25859.65,25874.45,0
2024-09-23 10:45:00,25874.5,25892.65,25868.05,25881.45,0
2024-09-23 11:15:00,25882.1,25886.15,25854.2,25863.85,0
2024-09-23 11:45:00,25863.7,25880.25,25847.95,25867.25,0
2024-09-23 12:15:00,25865.3,25875.15,25857.1,25870.8,0
2024-09-23 12:45:00,25870.7,25895.7,25861.6,25883.6,0
2024-09-23 13:15:00,25884.1,25907.45,25880.1,25905.15,0
2024-09-23 13:45:00,25905.05,25913.6,25897.35,25907.2,0
2024-09-23 14:15:00,25906.9,25936.6,25906.1,25928.35,0
2024-09-23 14:45:00,25929.8,25955.85,25919.9,25938.75,0
2024-09-23 15:15:00,25940.85,25947.1,25923.35,25939.05,0
2024-09-24 09:15:00,25929.9,25958.5,25887.85,25955.6,0
2024-09-24 09:45:00,25954.95,25978.65,25947.95,25956.15,0
2024-09-24 10:15:00,25956.3,25981.45,25947.0,25951.3,0
2024-09-24 10:45:00,25951.55,25961.85,25937.55,25948.95,0
2024-09-24 11:15:00,25948.5,25948.85,25918.5,25922.4,0
2024-09-24 11:45:00,25922.85,25931.75,25905.75,25921.55,0
2024-09-24 12:15:00,25921.4,25951.95,25920.1,25947.4,0
2024-09-24 12:45:00,25947.65,25966.75,25946.3,25964.35,0
2024-09-24 13:15:00,25964.6,25972.0,25951.1,25967.75,0
2024-09-24 13:45:00,25967.4,25984.0,25960.6,25973.4,0
2024-09-24 14:15:00,25973.3,25991.9,25960.5,25979.1,0
2024-09-24 14:45:00,25979.7,26010.2,25918.65,25944.15,0
2024-09-24 15:15:00,25943.8,25959.15,25939.8,25940.4,0
2024-09-25 09:15:00,25907.25,25951.5,25891.7,25939.5,0
2024-09-25 09:45:00,25939.35,25952.9,25904.15,25911.25,0
2024-09-25 10:15:00,25911.2,25927.05,25900.9,25918.45,0
2024-09-25 10:45:00,25918.6,25928.05,25910.6,25914.95,0
2024-09-25 11:15:00,25915.0,25930.9,25901.75,25902.6,0
2024-09-25 11:45:00,25903.6,25903.6,25871.9,25880.15,0
2024-09-25 12:15:00,25879.2,25896.2,25875.35,25883.9,0
2024-09-25 12:45:00,25884.8,25899.95,25881.95,25884.6,0
2024-09-25 13:15:00,25884.5,25919.95,25884.4,25907.7,0
2024-09-25 13:45:00,25907.3,25950.45,25906.25,25945.45,0
2024-09-25 14:15:00,25946.0,25949.65,25926.15,25937.8,0
2024-09-25 14:45:00,25937.6,26028.65,25923.0,26017.55,0
2024-09-25 15:15:00,26017.3,26031.8,26004.15,26004.15,0
2024-09-26 09:15:00,26008.1,26055.65,26003.15,26031.15,0
2024-09-26 09:45:00,26030.25,26074.35,26027.1,26063.55,0
2024-09-26 10:15:00,26062.55,26087.35,26048.75,26065.9,0
2024-09-26 10:45:00,26064.6,26078.2,26056.35,26073.3,0
2024-09-26 11:15:00,26073.5,26078.15,26055.0,26070.8,0
2024-09-26 11:45:00,26071.15,26097.55,26069.4,26095.6,0
2024-09-26 12:15:00,26095.3,26110.7,26078.65,26094.2,0
2024-09-26 12:45:00,26095.25,26111.25,26063.6,26091.8,0
2024-09-26 13:15:00,26090.45,26113.7,26087.15,26092.75,0
2024-09-26 13:45:00,26092.4,26101.25,26034.65,26087.2,0
2024-09-26 14:15:00,26087.05,26193.1,26085.45,26189.9,0
2024-09-26 14:45:00,26189.05,26249.85,26171.4,26207.55,0
2024-09-26 15:15:00,26206.45,26220.55,26174.1,26216.05,0
2024-09-27 09:15:00,26241.35,26248.65,26211.8,26240.85,0
2024-09-27 09:45:00,26240.65,26270.3,26238.5,26262.25,0
2024-09-27 10:15:00,26262.2,26277.15,26255.85,26266.45,0
2024-09-27 10:45:00,26266.75,26272.95,26214.0,26241.0,0
2024-09-27 11:15:00,26241.45,26241.45,26208.1,26222.25,0
2024-09-27 11:45:00,26222.6,26243.6,26206.95,26236.75,0
2024-09-27 12:15:00,26236.45,26249.4,26213.75,26214.0,0
2024-09-27 12:45:00,26213.3,26222.5,26179.9,26189.85,0
2024-09-27 13:15:00,26189.8,26201.0,26167.4,26201.0,0
2024-09-27 13:45:00,26200.55,26230.85,26174.25,26186.8,0
2024-09-27 14:15:00,26185.5,26211.95,26180.55,26191.85,0
2024-09-27 14:45:00,26191.8,26206.8,26152.45,26195.15,0
2024-09-27 15:15:00,26194.1,26197.0,26157.7,26178.95,0
2024-09-30 09:15:00,26060.95,26127.75,26012.6,26021.7,0
2024-09-30 09:45:00,26022.6,26022.6,25962.55,25982.55,0
2024-09-30 10:15:00,25983.25,25994.95,25943.45,25970.05,0
2024-09-30 10:45:00,25970.1,25976.75,25921.55,25928.65,0
2024-09-30 11:15:00,25930.0,25939.3,25891.55,25892.5,0
2024-09-30 11:45:00,25892.8,25915.0,25882.3,25895.15,0
2024-09-30 12:15:00,25894.8,25909.1,25885.9,25894.4,0
2024-09-30 12:45:00,25894.75,25908.7,25863.35,25877.1,0
2024-09-30 13:15:00,25877.15,25877.85,25824.95,25859.3,0
2024-09-30 13:45:00,25859.7,25872.9,25828.25,25829.15,0
2024-09-30 14:15:00,25827.55,25836.0,25797.35,25803.35,0
2024-09-30 14:45:00,25803.2,25854.9,25796.95,25812.25,0
2024-09-30 15:15:00,25813.0,25829.1,25794.35,25810.85,0
2024-10-01 09:15:00,25821.35,25907.45,25820.2,25861.3,0
2024-10-01 09:45:00,25861.3,25873.0,25822.35,25824.05,0
2024-10-01 10:15:00,25824.6,25831.8,25743.75,25759.35,0
2024-10-01 10:45:00,25759.15,25792.45,25739.3,25745.75,0
2024-10-01 11:15:00,25745.45,25791.5,25742.9,25786.0,0
2024-10-01 11:45:00,25785.95,25837.85,25785.95,25822.95,0
2024-10-01 12:15:00,25822.45,25838.85,25762.75,25771.1,0
2024-10-01 12:45:00,25771.25,25794.15,25755.1,25793.85,0
2024-10-01 13:15:00,25793.25,25822.6,25781.15,25798.4,0
2024-10-01 13:45:00,25798.05,25809.45,25781.7,25795.4,0
2024-10-01 14:15:00,25795.05,25803.5,25754.6,25757.6,0
2024-10-01 14:45:00,25757.65,25819.2,25757.55,25788.05,0
2024-10-01 15:15:00,25788.4,25816.35,25785.35,25796.9,0
2024-10-03 09:15:00,25511.55,25638.65,25502.8,25616.75,0
2024-10-03 09:45:00,25616.6,25632.25,25523.55,25528.9,0
2024-10-03 10:15:00,25529.35,25545.0,25500.6,25516.4,0
2024-10-03 10:45:00,25515.55,25518.85,25487.3,25491.95,0
2024-10-03 11:15:00,25491.5,25492.15,25397.8,25401.85,0
2024-10-03 11:45:00,25402.2,25421.3,25383.3,25391.2,0
2024-10-03 12:15:00,25391.4,25414.3,25368.9,25396.95,0
2024-10-03 12:45:00,25396.55,25396.65,25345.35,25349.55,0
2024-10-03 13:15:00,25350.35,25351.95,25281.05,25284.25,0
2024-10-03 13:45:00,25283.85,25298.65,25233.15,25276.55,0
2024-10-03 14:15:00,25275.65,25277.8,25232.4,25248.05,0
2024-10-03 14:45:00,25248.15,25273.85,25238.05,25258.45,0
2024-10-03 15:15:00,25259.3,25274.1,25245.85,25250.1,0
2024-10-04 09:15:00,25203.45,25287.65,25094.85,25189.55,0
2024-10-04 09:45:00,25189.3,25293.6,25158.0,25213.7,0
2024-10-04 10:15:00,25212.0,25285.1,25175.45,25282.9,0
2024-10-04 10:45:00,25284.35,25359.4,25275.1,25332.6,0
2024-10-04 11:15:00,25332.0,25346.1,25278.9,25326.05,0
2024-10-04 11:45:00,25327.4,25471.0,25312.45,25468.85,0
2024-10-04 12:15:00,25468.15,25484.75,25195.5,25203.1,0
2024-10-04 12:45:00,25202.95,25271.5,25078.25,25114.4,0
2024-10-04 13:15:00,25112.7,25122.45,25022.75,25061.4,0
2024-10-04 13:45:00,25059.95,25096.2,25031.95,25045.4,0
2024-10-04 14:15:00,25045.4,25064.35,24992.65,24993.95,0
2024-10-04 14:45:00,24994.75,25029.0,24966.85,25020.95,0
2024-10-04 15:15:00,25021.45,25049.85,25014.6,25014.6,0
2024-10-07 09:15:00,25099.75,25142.75,25050.1,25071.95,0
2024-10-07 09:45:00,25072.9,25086.25,25019.35,25058.8,0
2024-10-07 10:15:00,25059.45,25079.75,24965.4,24972.35,0
2024-10-07 10:45:00,24971.4,24976.9,24799.0,24889.7,0
2024-10-07 11:15:00,24888.85,25005.9,24887.6,24948.5,0
2024-10-07 11:45:00,24948.0,24976.85,24880.55,24925.85,0
2024-10-07 12:15:00,24924.75,24960.05,24875.3,24878.75,0
2024-10-07 12:45:00,24880.1,24880.1,24770.95,24793.85,0
2024-10-07 13:15:00,24796.95,24813.05,24694.85,24730.55,0
2024-10-07 13:45:00,24730.5,24835.6,24699.3,24763.1,0
2024-10-07 14:15:00,24761.55,24816.65,24718.85,24816.65,0
2024-10-07 14:45:00,24817.0,24923.2,24767.45,24778.15,0
2024-10-07 15:15:00,24779.45,24832.4,24775.2,24795.75,0
2024-10-08 09:15:00,24861.8,24861.8,24757.4,24802.35,0
2024-10-08 09:45:00,24802.4,24900.7,24802.4,24827.85,0
2024-10-08 10:15:00,24828.3,24942.15,24805.65,24922.25,0
2024-10-08 10:45:00,24921.65,24959.65,24880.9,24937.9,0
2024-10-08 11:15:00,24937.1,24988.9,24923.25,24961.05,0
2024-10-08 11:45:00,24961.55,24972.0,24896.25,24930.3,0
2024-10-08 12:15:00,24930.15,24946.9,24901.4,24915.15,0
2024-10-08 12:45:00,24915.25,24985.15,24885.95,24975.15,0
2024-10-08 13:15:00,24974.55,25013.75,24939.95,24994.6,0
2024-10-08 13:45:00,24994.85,25042.1,24994.5,25036.25,0
2024-10-08 14:15:00,25036.85,25043.85,24964.0,24969.2,0
2024-10-08 14:45:00,24967.8,25024.65,24925.1,25010.95,0
2024-10-08 15:15:00,25010.7,25042.3,25009.55,25013.15,0
2024-10-09 09:15:00,25057.55,25091.0,25042.25,25086.55,0
2024-10-09 09:45:00,25086.2,25189.85,25033.15,25171.0,0
2024-10-09 10:15:00,25170.5,25192.6,25109.5,25179.85,0
2024-10-09 10:45:00,25180.8,25221.35,25177.75,25215.6,0
2024-10-09 11:15:00,25214.9,25234.0,25162.5,25164.7,0
2024-10-09 11:45:00,25161.95,25178.1,25096.45,25117.75,0
2024-10-09 12:15:00,25118.95,25155.65,25102.15,25134.8,0
2024-10-09 12:45:00,25133.95,25159.75,25103.0,25104.35,0
2024-10-09 13:15:00,25103.0,25120.65,25062.3,25104.1,0
2024-10-09 13:45:00,25104.0,25141.15,25098.15,25109.55,0
2024-10-09 14:15:00,25108.95,25109.9,25033.9,25034.3,0
2024-10-09 14:45:00,25032.0,25066.6,24947.9,24971.15,0
2024-10-09 15:15:00,24971.6,25020.6,24971.0,24981.95,0
2024-10-10 09:15:00,25070.15,25076.05,25012.0,25013.75,0
2024-10-10 09:45:00,25011.3,25129.8,24996.95,25116.95,0
2024-10-10 10:15:00,25115.95,25134.0,25043.2,25058.4,0
2024-10-10 10:45:00,25058.0,25079.1,25022.4,25025.05,0
2024-10-10 11:15:00,25024.75,25035.05,24990.95,25004.95,0
2024-10-10 11:45:00,25005.5,25050.6,25004.0,25032.5,0
2024-10-10 12:15:00,25032.7,25051.1,25021.65,25026.3,0
2024-10-10 12:45:00,25025.55,25037.7,25005.75,25035.4,0
2024-10-10 13:15:00,25035.15,25053.8,25012.35,25021.75,0
2024-10-10 13:45:00,25021.35,25029.35,25006.55,25021.3,0
2024-10-10 14:15:00,25020.2,25037.55,24999.7,25003.15,0
2024-10-10 14:45:00,25004.65,25010.85,24982.4,24998.55,0
2024-10-10 15:15:00,24998.2,25019.6,24979.5,24998.45,0
2024-10-11 09:15:00,24985.05,25000.1,24934.6,24975.8,0
2024-10-11 09:45:00,24975.0,25028.3,24971.9,25022.25,0
2024-10-11 10:15:00,25022.3,25024.35,24961.25,24974.1,0
2024-10-11 10:45:00,24972.85,24988.5,24931.6,24952.5,0
2024-10-11 11:15:00,24953.15,24961.05,24920.6,24930.7,0
2024-10-11 11:45:00,24931.05,24954.8,24927.25,24945.55,0
2024-10-11 12:15:00,24945.45,24969.1,24936.9,24948.75,0
2024-10-11 12:45:00,24949.05,24968.7,24945.4,24961.3,0
2024-10-11 13:15:00,24961.4,24979.9,24949.3,24953.6,0
2024-10-11 13:45:00,24952.15,24974.65,24949.7,24953.35,0
2024-10-11 14:15:00,24952.85,24972.25,24942.35,24965.55,0
2024-10-11 14:45:00,24964.05,24975.45,24948.3,24962.75,0
2024-10-11 15:15:00,24961.7,24979.3,24958.25,24964.25,0
2024-10-14 09:15:00,25027.65,25092.0,25017.85,25092.0,0
2024-10-14 09:45:00,25091.7,25131.8,25086.25,25100.15,0
2024-10-14 10:15:00,25100.4,25118.4,25078.35,25092.15,0
2024-10-14 10:45:00,25092.35,25105.55,25073.85,25101.5,0
2024-10-14 11:15:00,25102.35,25136.35,25100.35,25129.95,0
2024-10-14 11:45:00,25130.2,25159.6,25129.45,25154.6,0
2024-10-14 12:15:00,25154.85,25157.6,25113.95,25137.7,0
2024-10-14 12:45:00,25138.15,25141.35,25102.25,25105.45,0
2024-10-14 13:15:00,25105.6,25127.7,25097.4,25112.6,0
2024-10-14 13:45:00,25113.25,25141.2,25108.8,25133.5,0
2024-10-14 14:15:00,25133.5,25146.3,25118.7,25136.2,0
2024-10-14 14:45:00,25135.9,25139.55,25110.1,25123.2,0
2024-10-14 15:15:00,25122.65,25148.1,25120.55,25127.95,0
2024-10-15 09:15:00,25189.25,25208.95,25156.45,25157.55,0
2024-10-15 09:45:00,25158.1,25160.05,25042.2,25055.3,0
2024-10-15 10:15:00,25055.65,25097.2,25014.4,25089.25,0
2024-10-15 10:45:00,25088.65,25097.65,25063.35,25072.5,0
2024-10-15 11:15:00,25072.65,25075.05,25037.6,25056.5,0
2024-10-15 11:45:00,25056.35,25089.95,25044.65,25072.15,0
2024-10-15 12:15:00,25072.2,25072.55,25053.55,25068.55,0
2024-10-15 12:45:00,25068.75,25077.5,25008.85,25025.35,0
2024-10-15 13:15:00,25025.3,25066.2,25022.6,25064.05,0
2024-10-15 13:45:00,25063.25,25072.2,25033.25,25046.9,0
2024-10-15 14:15:00,25046.1,25069.7,25024.45,25035.95,0
2024-10-15 14:45:00,25035.9,25068.0,25022.15,25052.65,0
2024-10-15 15:15:00,25052.85,25079.1,25050.65,25057.35,0
2024-10-16 09:15:00,25021.75,25083.75,24996.6,25078.75,0
2024-10-16 09:45:00,25078.75,25093.25,25043.75,25059.5,0
2024-10-16 10:15:00,25059.9,25073.85,25021.25,25023.6,0
2024-10-16 10:45:00,25024.05,25039.65,25009.15,25015.1,0
2024-10-16 11:15:00,25014.2,25016.5,24930.75,24935.9,0
2024-10-16 11:45:00,24937.05,24962.5,24908.95,24948.05,0
2024-10-16 12:15:00,24947.45,24969.2,24933.55,24951.2,0
2024-10-16 12:45:00,24951.25,24986.3,24936.9,24983.35,0
2024-10-16 13:15:00,24983.9,24989.15,24964.9,24971.5,0
2024-10-16 13:45:00,24971.75,25024.05,24962.05,25014.1,0
2024-10-16 14:15:00,25013.15,25059.85,25009.2,25023.9,0
2024-10-16 14:45:00,25024.45,25024.6,24964.85,24968.2,0
2024-10-16 15:15:00,24967.7,24971.3,24951.0,24971.3,0
2024-10-17 09:15:00,25024.0,25024.0,24839.7,24850.2,0
2024-10-17 09:45:00,24850.45,24850.45,24802.45,24831.95,0
2024-10-17 10:15:00,24832.1,24860.65,24797.4,24846.65,0
2024-10-17 10:45:00,24847.2,24853.55,24790.7,24790.95,0
2024-10-17 11:15:00,24791.55,24813.9,24771.85,24779.45,0
2024-10-17 11:45:00,24779.6,24796.7,24769.95,24778.45,0
2024-10-17 12:15:00,24779.7,24797.9,24773.3,24774.65,0
2024-10-17 12:45:00,24773.95,24798.5,24756.15,24786.75,0
2024-10-17 13:15:00,24786.45,24790.95,24755.9,24773.25,0
2024-10-17 13:45:00,24773.4,24774.0,24737.15,24741.9,0
2024-10-17 14:15:00,24741.35,24770.05,24730.45,24734.8,0
2024-10-17 14:45:00,24734.6,24761.4,24730.0,24759.35,0
2024-10-17 15:15:00,24760.1,24766.5,24737.35,24749.85,0
2024-10-18 09:15:00,24691.35,24691.35,24568.3,24654.7,0
2024-10-18 09:45:00,24654.35,24705.3,24611.85,24671.2,0
2024-10-18 10:15:00,24671.45,24745.75,24660.25,24729.5,0
2024-10-18 10:45:00,24729.25,24753.45,24693.5,24719.35,0
2024-10-18 11:15:00,24719.6,24793.15,24689.7,24783.1,0
2024-10-18 11:45:00,24783.5,24815.75,24763.25,24785.5,0
2024-10-18 12:15:00,24785.85,24868.8,24784.25,24850.55,0
2024-10-18 12:45:00,24851.05,24857.7,24811.35,24820.9,0
2024-10-18 13:15:00,24819.8,24869.75,24818.55,24868.05,0
2024-10-18 13:45:00,24867.65,24885.35,24848.65,24871.0,0
2024-10-18 14:15:00,24871.1,24885.5,24855.55,24862.45,0
2024-10-18 14:45:00,24863.25,24885.85,24833.55,24842.85,0
2024-10-18 15:15:00,24842.35,24876.4,24837.95,24854.05,0
2024-10-21 09:15:00,24956.15,24976.4,24747.15,24772.25,0
2024-10-21 09:45:00,24773.95,24866.05,24679.7,24804.05,0
2024-10-21 10:15:00,24806.1,24834.05,24779.9,24818.0,0
2024-10-21 10:45:00,24818.65,24843.35,24794.95,24808.6,0
2024-10-21 11:15:00,24808.65,24814.6,24747.9,24764.95,0
2024-10-21 11:45:00,24765.25,24770.2,24720.8,24720.95,0
2024-10-21 12:15:00,24720.35,24761.45,24710.95,24760.3,0
2024-10-21 12:45:00,24760.25,24762.25,24720.4,24751.7,0
2024-10-21 13:15:00,24751.4,24815.75,24751.3,24778.65,0
2024-10-21 13:45:00,24778.95,24878.9,24765.7,24819.7,0
2024-10-21 14:15:00,24820.3,24870.0,24812.35,24831.45,0
2024-10-21 14:45:00,24831.7,24832.95,24768.55,24791.25,0
2024-10-21 15:15:00,24790.9,24791.8,24736.05,24781.1,0
2024-10-22 09:15:00,24791.6,24853.55,24758.75,24851.3,0
2024-10-22 09:45:00,24850.15,24881.75,24751.0,24757.85,0
2024-10-22 10:15:00,24757.05,24769.5,24637.0,24668.9,0
2024-10-22 10:45:00,24669.85,24741.45,24657.45,24729.7,0
2024-10-22 11:15:00,24729.2,24734.35,24637.15,24644.15,0
2024-10-22 11:45:00,24647.1,24696.25,24627.7,24653.7,0
2024-10-22 12:15:00,24653.7,24702.0,24615.55,24632.2,0
2024-10-22 12:45:00,24633.4,24634.1,24588.6,24621.6,0
2024-10-22 13:15:00,24621.9,24622.05,24570.4,24592.0,0
2024-10-22 13:45:00,24591.75,24632.75,24580.25,24632.55,0
2024-10-22 14:15:00,24633.0,24633.45,24541.35,24554.8,0
2024-10-22 14:45:00,24554.75,24562.85,24446.55,24449.35,0
2024-10-22 15:15:00,24448.1,24486.6,24447.85,24472.1,0
2024-10-23 09:15:00,24410.65,24520.75,24398.5,24407.75,0
2024-10-23 09:45:00,24407.6,24538.85,24407.1,24516.3,0
2024-10-23 10:15:00,24517.3,24556.5,24455.0,24497.15,0
2024-10-23 10:45:00,24497.35,24596.8,24493.8,24557.75,0
2024-10-23 11:15:00,24557.25,24596.25,24549.15,24582.4,0
2024-10-23 11:45:00,24582.1,24603.95,24529.2,24539.35,0
2024-10-23 12:15:00,24539.8,24569.5,24502.8,24556.5,0
2024-10-23 12:45:00,24557.1,24584.1,24540.05,24547.2,0
2024-10-23 13:15:00,24547.35,24566.85,24521.9,24543.8,0
2024-10-23 13:45:00,24543.75,24550.05,24481.75,24485.4,0
2024-10-23 14:15:00,24487.05,24488.65,24423.75,24429.5,0
2024-10-23 14:45:00,24428.65,24461.85,24422.4,24427.2,0
2024-10-23 15:15:00,24426.8,24441.0,24417.1,24435.5,0
2024-10-24 09:15:00,24439.25,24478.9,24342.1,24362.2,0
2024-10-24 09:45:00,24362.15,24450.9,24351.55,24445.7,0
2024-10-24 10:15:00,24446.0,24451.65,24412.75,24424.25,0
2024-10-24 10:45:00,24424.35,24431.1,24394.8,24398.0,0
2024-10-24 11:15:00,24398.0,24421.2,24392.45,24418.0,0
2024-10-24 11:45:00,24417.75,24418.5,24397.55,24402.8,0
2024-10-24 12:15:00,24402.75,24417.65,24396.6,24413.25,0
2024-10-24 12:45:00,24412.55,24416.9,24391.85,24395.25,0
2024-10-24 13:15:00,24395.3,24406.75,24385.7,24390.55,0
2024-10-24 13:45:00,24392.75,24405.8,24381.85,24386.3,0
2024-10-24 14:15:00,24386.1,24404.7,24367.8,24400.2,0
2024-10-24 14:45:00,24400.8,24419.05,24387.05,24398.6,0
2024-10-24 15:15:00,24398.6,24417.65,24395.8,24399.4,0
2024-10-25 09:15:00,24418.05,24440.0,24312.85,24333.3,0
2024-10-25 09:45:00,24333.45,24369.15,24234.4,24237.75,0
2024-10-25 10:15:00,24238.85,24268.7,24183.55,24188.8,0
2024-10-25 10:45:00,24187.5,24189.4,24113.3,24169.0,0
2024-10-25 11:15:00,24170.0,24213.75,24128.35,24149.75,0
2024-10-25 11:45:00,24149.7,24164.4,24123.8,24136.05,0
2024-10-25 12:15:00,24137.75,24148.25,24094.55,24120.95,0
2024-10-25 12:45:00,24121.95,24140.7,24106.9,24126.25,0
2024-10-25 13:15:00,24126.55,24132.55,24093.3,24130.2,0
2024-10-25 13:45:00,24130.15,24134.2,24098.3,24101.6,0
2024-10-25 14:15:00,24101.6,24107.25,24073.95,24093.05,0
2024-10-25 14:45:00,24093.35,24179.4,24091.05,24172.3,0
2024-10-25 15:15:00,24172.4,24225.55,24171.4,24180.8,0
2024-10-28 09:15:00,24262.15,24288.9,24145.85,24148.85,0
2024-10-28 09:45:00,24147.9,24300.1,24135.3,24291.8,0
2024-10-28 10:15:00,24292.65,24428.6,24292.4,24419.35,0
2024-10-28 10:45:00,24420.2,24439.95,24356.4,24399.35,0
2024-10-28 11:15:00,24399.6,24428.55,24389.75,24427.85,0
2024-10-28 11:45:00,24427.65,24481.0,24402.7,24480.5,0
2024-10-28 12:15:00,24480.3,24492.6,24450.85,24451.8,0
2024-10-28 12:45:00,24450.45,24456.6,24396.0,24421.55,0
2024-10-28 13:15:00,24423.55,24459.3,24405.15,24418.0,0
2024-10-28 13:45:00,24417.35,24436.4,24367.4,24382.4,0
2024-10-28 14:15:00,24381.9,24423.45,24367.1,24398.25,0
2024-10-28 14:45:00,24399.65,24410.0,24305.75,24343.9,0
2024-10-28 15:15:00,24344.4,24368.75,24330.4,24339.15,0
2024-10-29 09:15:00,24349.8,24370.2,24207.3,24218.2,0
2024-10-29 09:45:00,24217.0,24241.8,24158.7,24225.15,0
2024-10-29 10:15:00,24226.1,24242.5,24170.15,24170.65,0
2024-10-29 10:45:00,24170.5,24209.35,24140.95,24192.15,0
2024-10-29 11:15:00,24194.4,24246.95,24177.95,24239.7,0
2024-10-29 11:45:00,24239.15,24294.55,24223.7,24293.75,0
2024-10-29 12:15:00,24293.6,24310.0,24270.75,24303.95,0
2024-10-29 12:45:00,24303.9,24346.8,24292.7,24323.3,0
2024-10-29 13:15:00,24325.4,24333.65,24269.1,24300.25,0
2024-10-29 13:45:00,24299.8,24418.15,24279.05,24417.5,0
2024-10-29 14:15:00,24417.0,24444.25,24389.65,24434.05,0
2024-10-29 14:45:00,24433.75,24484.1,24425.75,24474.25,0
2024-10-29 15:15:00,24473.95,24476.3,24451.85,24466.85,0
2024-10-30 09:15:00,24371.45,24429.35,24340.45,24402.45,0
2024-10-30 09:45:00,24401.05,24425.55,24372.55,24418.6,0
2024-10-30 10:15:00,24418.25,24429.3,24380.6,24403.4,0
2024-10-30 10:45:00,24403.15,24448.65,24399.1,24437.4,0
2024-10-30 11:15:00,24437.15,24466.85,24425.5,24450.9,0
2024-10-30 11:45:00,24450.9,24454.05,24414.4,24439.45,0
2024-10-30 12:15:00,24439.5,24458.45,24431.4,24450.95,0
2024-10-30 12:45:00,24451.1,24498.15,24415.45,24428.0,0
2024-10-30 13:15:00,24429.1,24430.75,24352.3,24369.5,0
2024-10-30 13:45:00,24369.1,24379.25,24321.6,24323.5,0
2024-10-30 14:15:00,24324.1,24368.45,24307.6,24359.8,0
2024-10-30 14:45:00,24359.05,24369.15,24330.35,24335.0,0
2024-10-30 15:15:00,24334.2,24359.15,24328.0,24340.85,0
2024-10-31 09:15:00,24350.0,24358.05,24234.95,24261.35,0
2024-10-31 09:45:00,24262.0,24304.65,24261.8,24274.05,0
2024-10-31 10:15:00,24274.7,24274.7,24250.05,24254.3,0
2024-10-31 10:45:00,24253.5,24269.5,24235.2,24253.15,0
2024-10-31 11:15:00,24252.65,24264.05,24232.8,24246.25,0
2024-10-31 11:45:00,24246.5,24247.65,24232.25,24236.8,0
2024-10-31 12:15:00,24236.6,24237.0,24197.6,24202.4,0
2024-10-31 12:45:00,24202.6,24220.55,24191.65,24214.35,0
2024-10-31 13:15:00,24214.55,24229.5,24199.1,24226.5,0
2024-10-31 13:45:00,24226.75,24235.2,24181.9,24187.1,0
2024-10-31 14:15:00,24186.5,24221.3,24173.75,24218.7,0
2024-10-31 14:45:00,24218.75,24225.25,24182.1,24210.7,0
2024-10-31 15:15:00,24208.95,24241.75,24189.5,24205.35,0
2024-11-01 11:45:00,24205.35,24205.35,24205.35,24205.35,0
2024-11-01 12:15:00,24205.35,24205.35,24205.35,24205.35,0
2024-11-01 12:45:00,24205.35,24205.35,24205.35,24205.35,0
2024-11-01 13:15:00,24205.35,24205.35,24205.35,24205.35,0
2024-11-01 13:45:00,24205.35,24205.35,24205.35,24205.35,0
2024-11-01 14:15:00,24205.35,24205.35,24205.35,24205.35,0
2024-11-01 14:45:00,24205.35,24205.35,24205.35,24205.35,0
2024-11-01 17:45:00,24205.35,24777.3,24205.35,24348.75,0
2024-11-01 18:15:00,24348.15,24357.35,24303.15,24305.4,0
2024-11-04 09:15:00,24300.2,24300.2,24056.75,24069.75,0
2024-11-04 09:45:00,24067.5,24073.25,23949.75,23972.3,0
2024-11-04 10:15:00,23971.95,23996.15,23910.65,23924.3,0
2024-11-04 10:45:00,23923.85,23943.2,23824.6,23847.25,0
2024-11-04 11:15:00,23846.9,23898.1,23816.6,23871.9,0
2024-11-04 11:45:00,23871.55,23951.0,23856.45,23923.65,0
2024-11-04 12:15:00,23920.1,23940.3,23873.5,23886.05,0
2024-11-04 12:45:00,23885.95,23917.25,23854.9,23905.7,0
2024-11-04 13:15:00,23905.6,23916.4,23866.45,23882.3,0
2024-11-04 13:45:00,23882.4,23945.4,23879.9,23936.6,0
2024-11-04 14:15:00,23935.05,23976.55,23918.8,23952.85,0
2024-11-04 14:45:00,23953.4,24008.85,23953.4,23997.1,0
2024-11-04 15:15:00,23997.25,24011.45,23980.8,23995.35,0
2024-11-05 09:15:00,23941.6,24026.1,23909.2,23958.65,0
2024-11-05 09:45:00,23958.5,24016.9,23930.6,23969.7,0
2024-11-05 10:15:00,23969.95,24036.3,23938.85,23968.95,0
2024-11-05 10:45:00,23968.5,24001.25,23964.5,23981.95,0
2024-11-05 11:15:00,23981.05,23992.85,23859.8,23867.35,0
2024-11-05 11:45:00,23866.5,23899.1,23843.1,23874.5,0
2024-11-05 12:15:00,23874.5,23914.05,23848.45,23908.3,0
2024-11-05 12:45:00,23908.3,23951.3,23893.5,23915.05,0
2024-11-05 13:15:00,23915.85,24100.85,23897.25,24074.5,0
2024-11-05 13:45:00,24073.35,24170.3,24065.75,24163.55,0
2024-11-05 14:15:00,24164.1,24218.35,24157.75,24202.3,0
2024-11-05 14:45:00,24200.75,24228.95,24180.7,24207.15,0
2024-11-05 15:15:00,24207.7,24220.2,24189.3,24213.3,0
2024-11-06 09:15:00,24311.05,24352.5,24204.5,24346.4,0
2024-11-06 09:45:00,24346.4,24414.9,24340.5,24379.25,0
2024-11-06 10:15:00,24379.9,24390.55,24281.25,24299.45,0
2024-11-06 10:45:00,24298.45,24381.3,24296.1,24369.05,0
2024-11-06 11:15:00,24367.0,24393.15,24353.45,24391.75,0
2024-11-06 11:45:00,24391.9,24442.6,24386.25,24423.25,0
2024-11-06 12:15:00,24422.45,24443.65,24399.1,24422.05,0
2024-11-06 12:45:00,24421.85,24466.9,24405.45,24457.25,0
2024-11-06 13:15:00,24456.65,24479.8,24436.35,24465.35,0
2024-11-06 13:45:00,24465.8,24495.6,24463.25,24484.7,0
2024-11-06 14:15:00,24484.15,24536.95,24455.2,24470.85,0
2024-11-06 14:45:00,24472.65,24496.8,24447.65,24471.65,0
2024-11-06 15:15:00,24470.95,24500.25,24470.9,24484.05,0
2024-11-07 09:15:00,24489.6,24502.4,24326.7,24365.35,0
2024-11-07 09:45:00,24363.15,24382.45,24202.6,24221.4,0
2024-11-07 10:15:00,24221.75,24237.1,24182.1,24206.1,0
2024-11-07 10:45:00,24206.6,24260.35,24199.3,24233.35,0
2024-11-07 11:15:00,24233.2,24233.2,24183.3,24218.2,0
2024-11-07 11:45:00,24217.75,24218.4,24193.25,24197.35,0
2024-11-07 12:15:00,24198.85,24238.85,24193.2,24230.75,0
2024-11-07 12:45:00,24231.5,24239.05,24208.55,24219.95,0
2024-11-07 13:15:00,24220.85,24222.45,24180.45,24180.75,0
2024-11-07 13:45:00,24181.3,24218.15,24180.05,24216.0,0
2024-11-07 14:15:00,24215.4,24217.85,24185.05,24189.4,0
2024-11-07 14:45:00,24190.7,24205.75,24180.4,24198.55,0
2024-11-07 15:15:00,24198.75,24211.65,24189.75,24199.35,0
2024-11-08 09:15:00,24220.45,24220.45,24067.45,24183.55,0
2024-11-08 09:45:00,24183.3,24275.2,24146.35,24201.8,0
2024-11-08 10:15:00,24202.35,24215.7,24165.9,24171.15,0
2024-11-08 10:45:00,24171.05,24173.25,24152.2,24168.95,0
2024-11-08 11:15:00,24169.0,24173.75,24137.65,24144.2,0
2024-11-08 11:45:00,24143.6,24146.05,24105.75,24119.45,0
2024-11-08 12:15:00,24118.6,24148.05,24114.95,24146.65,0
2024-11-08 12:45:00,24146.8,24172.2,24132.8,24169.1,0
2024-11-08 13:15:00,24169.35,24183.65,24140.35,24151.9,0
2024-11-08 13:45:00,24152.55,24166.75,24130.65,24136.75,0
2024-11-08 14:15:00,24136.6,24172.3,24125.0,24169.45,0
2024-11-08 14:45:00,24169.55,24171.8,24138.9,24156.05,0
2024-11-08 15:15:00,24156.05,24160.05,24104.7,24148.2,0
2024-11-11 09:15:00,24091.9,24157.3,24005.5,24145.7,0
2024-11-11 09:45:00,24144.4,24178.5,24114.5,24123.15,0
2024-11-11 10:15:00,24122.95,24267.3,24111.8,24239.45,0
2024-11-11 10:45:00,24237.65,24312.05,24226.7,24309.65,0
2024-11-11 11:15:00,24309.35,24336.55,24298.5,24331.7,0
2024-11-11 11:45:00,24331.9,24333.55,24235.0,24253.6,0
2024-11-11 12:15:00,24253.7,24262.15,24202.4,24244.45,0
2024-11-11 12:45:00,24244.55,24256.95,24209.2,24222.6,0
2024-11-11 13:15:00,24223.15,24229.2,24138.85,24145.45,0
2024-11-11 13:45:00,24145.7,24158.75,24107.15,24107.5,0
2024-11-11 14:15:00,24107.45,24197.6,24080.6,24190.75,0
2024-11-11 14:45:00,24190.55,24204.0,24116.85,24158.2,0
2024-11-11 15:15:00,24161.2,24162.8,24118.0,24141.3,0
2024-11-12 09:15:00,24227.4,24239.4,24133.2,24153.9,0
2024-11-12 09:45:00,24154.3,24233.9,24120.55,24164.35,0
2024-11-12 10:15:00,24164.6,24201.8,24107.05,24132.7,0
2024-11-12 10:45:00,24132.0,24160.6,24104.55,24140.5,0
2024-11-12 11:15:00,24139.9,24160.95,24117.35,24131.2,0
2024-11-12 11:45:00,24131.65,24151.05,24100.4,24110.9,0
2024-11-12 12:15:00,24110.4,24129.15,24040.15,24050.05,0
2024-11-12 12:45:00,24050.35,24053.7,23982.4,23993.9,0
2024-11-12 13:15:00,23994.0,23994.05,23913.3,23929.45,0
2024-11-12 13:45:00,23927.2,23987.55,23924.45,23944.25,0
2024-11-12 14:15:00,23943.15,23992.55,23909.55,23944.15,0
2024-11-12 14:45:00,23944.7,23962.3,23866.75,23870.8,0
2024-11-12 15:15:00,23870.35,23883.95,23839.6,23883.45,0
2024-11-13 09:15:00,23827.6,23873.15,23753.8,23755.6,0
2024-11-13 09:45:00,23755.95,23807.05,23690.35,23694.55,0
2024-11-13 10:15:00,23695.35,23769.75,23679.55,23706.15,0
2024-11-13 10:45:00,23705.9,23782.25,23702.1,23710.3,0
2024-11-13 11:15:00,23709.9,23725.55,23682.8,23684.55,0
2024-11-13 11:45:00,23685.7,23727.8,23680.25,23684.2,0
2024-11-13 12:15:00,23684.9,23717.55,23678.15,23679.4,0
2024-11-13 12:45:00,23679.25,23687.35,23633.2,23673.55,0
2024-11-13 13:15:00,23674.45,23687.15,23636.1,23686.1,0
2024-11-13 13:45:00,23685.85,23722.3,23641.0,23656.15,0
2024-11-13 14:15:00,23656.65,23658.9,23549.3,23560.75,0
2024-11-13 14:45:00,23561.45,23586.75,23509.85,23543.8,0
2024-11-13 15:15:00,23544.95,23618.85,23544.95,23559.05,0
2024-11-14 09:15:00,23575.1,23643.55,23502.55,23575.05,0
2024-11-14 09:45:00,23575.05,23675.6,23558.8,23616.9,0
2024-11-14 10:15:00,23617.75,23621.65,23567.4,23587.65,0
2024-11-14 10:45:00,23588.5,23590.55,23486.7,23490.9,0
2024-11-14 11:15:00,23492.0,23525.0,23490.25,23513.4,0
2024-11-14 11:45:00,23513.3,23568.65,23499.05,23562.9,0
2024-11-14 12:15:00,23562.7,23563.85,23513.15,23522.05,0
2024-11-14 12:45:00,23521.6,23552.85,23518.65,23549.95,0
2024-11-14 13:15:00,23550.3,23570.8,23520.15,23524.45,0
2024-11-14 13:45:00,23524.3,23550.7,23516.1,23548.65,0
2024-11-14 14:15:00,23548.75,23550.25,23528.75,23536.7,0
2024-11-14 14:45:00,23535.75,23550.55,23484.4,23540.15,0
2024-11-14 15:15:00,23541.3,23562.55,23532.7,23532.7,0
2024-11-18 09:15:00,23593.75,23593.75,23366.9,23368.35,0
2024-11-18 09:45:00,23366.7,23488.75,23363.05,23450.0,0
2024-11-18 10:15:00,23449.6,23460.6,23365.75,23370.35,0
2024-11-18 10:45:00,23370.15,23416.1,23350.65,23380.65,0
2024-11-18 11:15:00,23381.6,23437.9,23379.4,23432.9,0
2024-11-18 11:45:00,23432.8,23485.05,23418.4,23477.55,0
2024-11-18 12:15:00,23477.65,23565.25,23463.1,23525.7,0
2024-11-18 12:45:00,23525.75,23554.8,23475.3,23492.15,0
2024-11-18 13:15:00,23491.05,23505.3,23443.75,23463.6,0
2024-11-18 13:45:00,23463.25,23503.6,23462.0,23484.7,0
2024-11-18 14:15:00,23484.5,23486.2,23413.05,23437.0,0
2024-11-18 14:45:00,23438.2,23475.75,23429.45,23453.55,0
2024-11-18 15:15:00,23453.3,23474.85,23447.95,23453.8,0
2024-11-19 09:15:00,23538.2,23702.6,23523.65,23702.6,0
2024-11-19 09:45:00,23701.9,23709.15,23645.4,23691.85,0
2024-11-19 10:15:00,23691.9,23749.25,23682.45,23712.8,0
2024-11-19 10:45:00,23712.75,23741.95,23690.9,23736.25,0
2024-11-19 11:15:00,23736.75,23779.7,23725.75,23772.0,0
2024-11-19 11:45:00,23773.25,23780.25,23736.15,23749.35,0
2024-11-19 12:15:00,23749.4,23765.45,23727.65,23732.75,0
2024-11-19 12:45:00,23732.4,23762.05,23724.2,23760.0,0
2024-11-19 13:15:00,23761.0,23766.45,23738.45,23754.7,0
2024-11-19 13:45:00,23754.8,23771.7,23701.85,23707.35,0
2024-11-19 14:15:00,23707.2,23727.0,23686.15,23698.6,0
2024-11-19 14:45:00,23698.35,23717.45,23487.1,23492.55,0
2024-11-19 15:15:00,23492.65,23518.5,23466.65,23518.5,0
2024-11-21 09:15:00,23493.2,23493.2,23264.15,23321.6,0
2024-11-21 09:45:00,23321.35,23376.5,23289.7,23308.75,0
2024-11-21 10:15:00,23308.4,23350.6,23296.35,23313.25,0
2024-11-21 10:45:00,23313.35,23342.6,23307.95,23335.55,0
2024-11-21 11:15:00,23335.55,23349.05,23327.6,23340.15,0
2024-11-21 11:45:00,23339.6,23369.1,23334.2,23350.75,0
2024-11-21 12:15:00,23350.95,23356.8,23340.55,23344.35,0
2024-11-21 12:45:00,23344.55,23350.45,23307.2,23341.3,0
2024-11-21 13:15:00,23340.45,23360.4,23333.7,23341.8,0
2024-11-21 13:45:00,23341.5,23352.05,23333.4,23337.4,0
2024-11-21 14:15:00,23337.4,23348.75,23324.85,23338.5,0
2024-11-21 14:45:00,23338.45,23366.75,23319.15,23354.4,0
2024-11-21 15:15:00,23354.95,23367.5,23339.75,23349.9,0
2024-11-22 09:15:00,23419.8,23540.85,23361.85,23463.75,0
2024-11-22 09:45:00,23461.65,23608.85,23408.4,23575.5,0
2024-11-22 10:15:00,23576.15,23589.25,23505.6,23523.3,0
2024-11-22 10:45:00,23524.2,23550.7,23447.15,23537.5,0
2024-11-22 11:15:00,23535.7,23579.9,23497.4,23557.2,0
2024-11-22 11:45:00,23556.75,23657.0,23555.25,23635.1,0
2024-11-22 12:15:00,23633.8,23688.95,23607.75,23674.85,0
2024-11-22 12:45:00,23674.25,23722.7,23655.95,23701.2,0
2024-11-22 13:15:00,23700.05,23730.8,23661.75,23717.95,0
2024-11-22 13:45:00,23716.95,23870.5,23714.35,23844.95,0
2024-11-22 14:15:00,23844.8,23896.0,23800.75,23853.6,0
2024-11-22 14:45:00,23851.35,23955.25,23831.5,23920.1,0
2024-11-22 15:15:00,23919.55,23919.55,23854.9,23907.25,0
2024-11-25 09:15:00,24248.8,24330.05,24220.9,24290.0,0
2024-11-25 09:45:00,24290.75,24300.6,24249.15,24261.75,0
2024-11-25 10:15:00,24261.45,24328.3,24259.0,24317.5,0
2024-11-25 10:45:00,24317.55,24347.25,24303.7,24334.95,0
2024-11-25 11:15:00,24335.15,24351.4,24300.95,24305.1,0
2024-11-25 11:45:00,24305.4,24307.45,24262.8,24303.7,0
2024-11-25 12:15:00,24303.25,24308.2,24275.85,24284.95,0
2024-11-25 12:45:00,24284.85,24286.75,24136.15,24179.65,0
2024-11-25 13:15:00,24180.2,24225.5,24176.4,24180.7,0
2024-11-25 13:45:00,24181.15,24218.2,24161.6,24203.5,0
2024-11-25 14:15:00,24203.7,24252.85,24185.45,24249.25,0
2024-11-25 14:45:00,24248.55,24267.8,24170.55,24222.25,0
2024-11-25 15:15:00,24221.9,24260.9,24218.5,24221.9,0
2024-11-26 09:15:00,24316.6,24336.65,24258.6,24261.25,0
2024-11-26 09:45:00,24262.4,24262.75,24207.15,24236.45,0
2024-11-26 10:15:00,24235.4,24235.45,24160.45,24204.7,0
2024-11-26 10:45:00,24204.9,24238.8,24196.85,24211.1,0
2024-11-26 11:15:00,24211.35,24236.8,24192.35,24224.3,0
2024-11-26 11:45:00,24224.15,24228.75,24174.05,24187.4,0
2024-11-26 12:15:00,24187.8,24191.65,24138.65,24161.15,0
2024-11-26 12:45:00,24162.05,24185.5,24148.9,24161.35,0
2024-11-26 13:15:00,24162.15,24185.75,24126.75,24150.9,0
2024-11-26 13:45:00,24150.15,24203.15,24146.3,24183.2,0
2024-11-26 14:15:00,24183.15,24232.2,24178.0,24223.45,0
2024-11-26 14:45:00,24223.75,24240.1,24174.45,24203.85,0
2024-11-26 15:15:00,24202.6,24204.9,24183.25,24194.5,0
2024-11-27 09:15:00,24235.4,24235.4,24145.75,24167.15,0
2024-11-27 09:45:00,24166.9,24226.1,24166.35,24202.75,0
2024-11-27 10:15:00,24202.35,24203.6,24171.25,24193.7,0
2024-11-27 10:45:00,24193.6,24209.25,24173.4,24195.15,0
2024-11-27 11:15:00,24194.7,24214.55,24190.15,24205.75,0
2024-11-27 11:45:00,24205.7,24218.85,24161.7,24197.85,0
2024-11-27 12:15:00,24197.8,24304.5,24197.8,24290.25,0
2024-11-27 12:45:00,24289.95,24327.25,24283.95,24321.45,0
2024-11-27 13:15:00,24321.4,24340.85,24299.5,24330.1,0
2024-11-27 13:45:00,24329.35,24353.95,24285.6,24287.85,0
2024-11-27 14:15:00,24286.5,24310.5,24275.7,24287.3,0
2024-11-27 14:45:00,24287.55,24294.5,24257.6,24274.1,0
2024-11-27 15:15:00,24273.2,24281.55,24267.1,24274.9,0
2024-11-28 09:15:00,24278.75,24316.35,24256.25,24274.7,0
2024-11-28 09:45:00,24274.25,24345.7,24267.8,24327.8,0
2024-11-28 10:15:00,24328.3,24333.65,24069.65,24126.7,0
2024-11-28 10:45:00,24125.85,24133.65,24055.15,24087.9,0
2024-11-28 11:15:00,24088.4,24090.35,24039.05,24062.85,0
2024-11-28 11:45:00,24061.55,24125.2,24046.5,24079.75,0
2024-11-28 12:15:00,24078.55,24096.15,23999.6,24030.45,0
2024-11-28 12:45:00,24030.15,24037.45,23970.25,23979.35,0
2024-11-28 13:15:00,23979.2,24012.3,23965.1,23979.1,0
2024-11-28 13:45:00,23980.5,24074.85,23874.4,23958.9,0
2024-11-28 14:15:00,23962.15,24009.35,23900.4,23921.7,0
2024-11-28 14:45:00,23923.3,23944.1,23884.2,23915.8,0
2024-11-28 15:15:00,23915.35,23959.55,23913.4,23914.15,0
2024-11-29 09:15:00,23951.3,24048.8,23947.35,24003.1,0
2024-11-29 09:45:00,24002.85,24071.55,23969.0,23969.0,0
2024-11-29 10:15:00,23970.1,24132.55,23962.85,24082.35,0
2024-11-29 10:45:00,24082.8,24144.3,24082.4,24120.9,0
2024-11-29 11:15:00,24120.6,24143.05,24088.65,24103.25,0
2024-11-29 11:45:00,24102.95,24123.3,24074.35,24120.2,0
2024-11-29 12:15:00,24120.25,24123.75,24089.8,24105.3,0
2024-11-29 12:45:00,24106.25,24131.95,24089.4,24118.3,0
2024-11-29 13:15:00,24119.2,24156.85,24111.15,24146.05,0
2024-11-29 13:45:00,24146.2,24151.4,24105.15,24107.5,0
2024-11-29 14:15:00,24107.55,24188.4,24096.25,24161.9,0
2024-11-29 14:45:00,24162.15,24167.2,24109.7,24127.25,0
2024-11-29 15:15:00,24127.3,24144.8,24111.95,24131.1,0
2024-12-02 09:15:00,24149.55,24149.55,24008.8,24120.55,0
2024-12-02 09:45:00,24119.6,24147.3,24079.75,24118.35,0
2024-12-02 10:15:00,24117.7,24181.8,24098.2,24122.1,0
2024-12-02 10:45:00,24121.0,24134.5,24103.05,24130.8,0
2024-12-02 11:15:00,24130.5,24158.85,24126.9,24155.25,0
2024-12-02 11:45:00,24155.4,24169.6,24122.9,24140.6,0
2024-12-02 12:15:00,24140.8,24189.55,24138.3,24171.3,0
2024-12-02 12:45:00,24171.65,24187.4,24153.1,24162.2,0
2024-12-02 13:15:00,24162.05,24181.6,24139.65,24180.3,0
2024-12-02 13:45:00,24180.2,24261.9,24162.6,24249.0,0
2024-12-02 14:15:00,24248.85,24300.5,24246.1,24293.75,0
2024-12-02 14:45:00,24295.5,24301.55,24252.8,24275.55,0
2024-12-02 15:15:00,24274.65,24280.1,24259.0,24276.05,0
2024-12-03 09:15:00,24370.8,24377.35,24280.55,24317.6,0
2024-12-03 09:45:00,24318.0,24348.4,24300.05,24336.95,0
2024-12-03 10:15:00,24336.8,24415.1,24335.3,24407.45,0
2024-12-03 10:45:00,24407.75,24425.45,24394.9,24416.75,0
2024-12-03 11:15:00,24416.95,24439.15,24414.55,24421.95,0
2024-12-03 11:45:00,24421.0,24445.55,24400.45,24419.75,0
2024-12-03 12:15:00,24418.95,24438.0,24382.65,24437.6,0
2024-12-03 12:45:00,24437.3,24442.15,24409.75,24411.55,0
2024-12-03 13:15:00,24412.65,24466.1,24401.6,24447.5,0
2024-12-03 13:45:00,24446.75,24474.7,24444.7,24461.75,0
2024-12-03 14:15:00,24462.15,24481.15,24439.95,24455.4,0
2024-12-03 14:45:00,24454.1,24474.75,24449.25,24461.35,0
2024-12-03 15:15:00,24462.45,24466.1,24432.75,24457.15,0
2024-12-04 09:15:00,24494.9,24561.55,24451.15,24561.55,0
2024-12-04 09:45:00,24560.8,24572.55,24536.1,24542.85,0
2024-12-04 10:15:00,24542.45,24551.35,24508.75,24529.75,0
2024-12-04 10:45:00,24529.4,24556.2,24515.85,24529.55,0
2024-12-04 11:15:00,24529.45,24552.9,24521.4,24540.8,0
2024-12-04 11:45:00,24541.0,24544.9,24368.2,24449.7,0
2024-12-04 12:15:00,24450.0,24497.5,24432.1,24439.9,0
2024-12-04 12:45:00,24440.55,24488.25,24437.95,24481.2,0
2024-12-04 13:15:00,24482.85,24529.2,24462.05,24510.05,0
2024-12-04 13:45:00,24511.7,24541.85,24504.5,24532.4,0
2024-12-04 14:15:00,24532.6,24536.3,24435.25,24470.8,0
2024-12-04 14:45:00,24470.85,24479.35,24417.25,24467.95,0
2024-12-04 15:15:00,24467.9,24482.4,24456.45,24467.45,0
2024-12-05 09:15:00,24520.95,24531.8,24450.65,24473.15,0
2024-12-05 09:45:00,24472.85,24482.4,24396.85,24400.1,0
2024-12-05 10:15:00,24400.35,24428.8,24369.65,24414.95,0
2024-12-05 10:45:00,24414.8,24441.75,24296.1,24368.05,0
2024-12-05 11:15:00,24367.6,24368.3,24330.1,24351.6,0
2024-12-05 11:45:00,24352.3,24604.7,24342.0,24589.9,0
2024-12-05 12:15:00,24589.7,24647.95,24580.25,24596.05,0
2024-12-05 12:45:00,24597.8,24638.45,24560.75,24631.1,0
2024-12-05 13:15:00,24633.85,24667.8,24570.75,24650.35,0
2024-12-05 13:45:00,24650.35,24762.15,24627.8,24736.8,0
2024-12-05 14:15:00,24736.55,24856.8,24732.75,24814.4,0
2024-12-05 14:45:00,24813.25,24826.5,24495.05,24751.0,0
2024-12-05 15:15:00,24749.9,24759.9,24694.3,24708.4,0
2024-12-06 09:15:00,24732.45,24734.95,24683.25,24725.7,0
2024-12-06 09:45:00,24724.25,24750.6,24625.95,24650.85,0
2024-12-06 10:15:00,24650.0,24734.7,24620.65,24724.3,0
2024-12-06 10:45:00,24725.25,24748.0,24697.0,24707.35,0
2024-12-06 11:15:00,24708.5,24709.75,24667.95,24687.85,0
2024-12-06 11:45:00,24688.35,24716.5,24668.15,24701.9,0
2024-12-06 12:15:00,24701.6,24716.7,24681.7,24710.8,0
2024-12-06 12:45:00,24711.7,24722.95,24697.2,24708.05,0
2024-12-06 13:15:00,24707.65,24715.15,24669.3,24686.95,0
2024-12-06 13:45:00,24687.85,24699.0,24674.95,24692.85,0
2024-12-06 14:15:00,24691.9,24699.05,24659.8,24680.05,0
2024-12-06 14:45:00,24679.45,24695.4,24658.25,24686.0,0
2024-12-06 15:15:00,24686.5,24692.6,24661.55,24677.8,0
2024-12-09 09:15:00,24627.8,24704.85,24624.05,24644.45,0
2024-12-09 09:45:00,24643.85,24671.65,24584.95,24584.95,0
2024-12-09 10:15:00,24585.95,24620.55,24580.2,24604.7,0
2024-12-09 10:45:00,24604.4,24646.05,24600.55,24636.05,0
2024-12-09 11:15:00,24635.65,24687.75,24630.25,24687.0,0
2024-12-09 11:45:00,24687.4,24689.4,24650.15,24659.2,0
2024-12-09 12:15:00,24659.1,24670.55,24618.45,24630.25,0
2024-12-09 12:45:00,24630.65,24650.45,24620.25,24650.45,0
2024-12-09 13:15:00,24650.8,24663.0,24626.9,24640.7,0
2024-12-09 13:45:00,24641.2,24645.0,24606.1,24615.5,0
2024-12-09 14:15:00,24615.7,24628.8,24596.35,24623.6,0
2024-12-09 14:45:00,24624.1,24645.25,24604.9,24609.35,0
2024-12-09 15:15:00,24609.6,24635.25,24607.8,24619.0,0
2024-12-10 09:15:00,24645.0,24650.35,24593.6,24644.7,0
2024-12-10 09:45:00,24645.0,24677.75,24636.05,24656.7,0
2024-12-10 10:15:00,24656.35,24665.65,24614.5,24625.65,0
2024-12-10 10:45:00,24625.6,24651.5,24623.75,24651.4,0
2024-12-10 11:15:00,24651.6,24658.6,24640.8,24654.65,0
2024-12-10 11:45:00,24655.75,24655.75,24618.85,24620.8,0
2024-12-10 12:15:00,24620.85,24621.0,24535.15,24554.85,0
2024-12-10 12:45:00,24555.2,24576.9,24545.85,24551.05,0
2024-12-10 13:15:00,24551.5,24569.95,24526.9,24531.65,0
2024-12-10 13:45:00,24532.35,24549.2,24511.85,24540.45,0
2024-12-10 14:15:00,24541.25,24563.15,24524.8,24542.7,0
2024-12-10 14:45:00,24542.85,24622.05,24538.8,24612.0,0
2024-12-10 15:15:00,24612.45,24628.7,24606.5,24610.05,0
2024-12-11 09:15:00,24630.8,24647.75,24598.9,24617.55,0
2024-12-11 09:45:00,24618.2,24643.55,24583.85,24629.15,0
2024-12-11 10:15:00,24629.35,24672.4,24600.85,24666.15,0
2024-12-11 10:45:00,24665.75,24676.45,24648.5,24653.05,0
2024-12-11 11:15:00,24653.4,24691.65,24645.8,24681.8,0
2024-12-11 11:45:00,24681.85,24686.55,24658.05,24661.75,0
2024-12-11 12:15:00,24661.25,24672.15,24626.1,24640.75,0
2024-12-11 12:45:00,24639.75,24664.0,24629.2,24655.85,0
2024-12-11 13:15:00,24655.85,24667.0,24643.5,24652.1,0
2024-12-11 13:45:00,24651.55,24666.75,24644.15,24652.0,0
2024-12-11 14:15:00,24652.2,24657.95,24631.05,24634.25,0
2024-12-11 14:45:00,24635.1,24654.75,24615.55,24650.6,0
2024-12-11 15:15:00,24649.25,24651.35,24622.55,24641.8,0
2024-12-12 09:15:00,24620.9,24675.15,24617.1,24650.2,0
2024-12-12 09:45:00,24650.95,24655.5,24613.95,24618.85,0
2024-12-12 10:15:00,24619.1,24628.15,24592.15,24611.05,0
2024-12-12 10:45:00,24611.1,24622.65,24586.3,24603.45,0
2024-12-12 11:15:00,24604.95,24611.2,24593.15,24600.1,0
2024-12-12 11:45:00,24598.75,24603.7,24555.85,24562.35,0
2024-12-12 12:15:00,24562.4,24583.65,24551.75,24579.25,0
2024-12-12 12:45:00,24580.2,24583.55,24567.2,24567.8,0
2024-12-12 13:15:00,24569.4,24579.85,24543.4,24574.7,0
2024-12-12 13:45:00,24575.3,24577.6,24547.3,24563.2,0
2024-12-12 14:15:00,24563.85,24577.05,24549.2,24554.25,0
2024-12-12 14:45:00,24554.15,24558.9,24528.5,24549.9,0
2024-12-12 15:15:00,24550.85,24561.3,24534.6,24548.7,0
2024-12-13 09:15:00,24501.2,24520.1,24380.4,24397.85,0
2024-12-13 09:45:00,24398.3,24399.9,24344.15,24353.1,0
2024-12-13 10:15:00,24353.05,24353.15,24192.2,24233.15,0
2024-12-13 10:45:00,24233.7,24342.55,24182.15,24278.95,0
2024-12-13 11:15:00,24279.45,24376.2,24266.85,24364.75,0
2024-12-13 11:45:00,24364.95,24597.25,24357.0,24560.45,0
2024-12-13 12:15:00,24560.95,24614.4,24519.6,24528.95,0
2024-12-13 12:45:00,24528.8,24687.6,24497.9,24640.15,0
2024-12-13 13:15:00,24642.65,24734.75,24574.8,24720.75,0
2024-12-13 13:45:00,24722.1,24756.7,24707.7,24727.75,0
2024-12-13 14:15:00,24727.35,24776.55,24715.0,24738.45,0
2024-12-13 14:45:00,24738.75,24789.9,24705.85,24771.45,0
2024-12-13 15:15:00,24772.15,24791.45,24761.05,24768.3,0
2024-12-16 09:15:00,24757.55,24770.5,24681.5,24746.4,0
2024-12-16 09:45:00,24746.7,24768.9,24710.8,24725.65,0
2024-12-16 10:15:00,24725.8,24726.5,24656.05,24676.25,0
2024-12-16 10:45:00,24677.1,24691.9,24621.65,24627.5,0
2024-12-16 11:15:00,24628.05,24666.75,24609.4,24642.3,0
2024-12-16 11:45:00,24642.25,24663.4,24604.1,24606.45,0
2024-12-16 12:15:00,24606.85,24653.05,24602.0,24650.25,0
2024-12-16 12:45:00,24649.25,24668.55,24634.5,24663.2,0
2024-12-16 13:15:00,24663.25,24679.1,24634.7,24656.8,0
2024-12-16 13:45:00,24657.25,24686.6,24635.5,24660.5,0
2024-12-16 14:15:00,24660.7,24684.2,24647.05,24681.5,0
2024-12-16 14:45:00,24682.35,24698.1,24659.45,24664.65,0
2024-12-16 15:15:00,24665.35,24671.45,24647.5,24668.25,0
2024-12-17 09:15:00,24598.05,24624.0,24554.15,24565.15,0
2024-12-17 09:45:00,24564.8,24565.2,24502.0,24519.75,0
2024-12-17 10:15:00,24518.5,24521.2,24384.2,24450.15,0
2024-12-17 10:45:00,24446.3,24500.05,24433.75,24467.85,0
2024-12-17 11:15:00,24468.05,24488.1,24376.35,24394.3,0
2024-12-17 11:45:00,24395.5,24409.55,24366.6,24380.2,0
2024-12-17 12:15:00,24379.25,24460.05,24359.8,24399.65,0
2024-12-17 12:45:00,24399.6,24436.5,24369.25,24371.25,0
2024-12-17 13:15:00,24369.4,24381.95,24324.25,24356.8,0
2024-12-17 13:45:00,24356.65,24388.3,24331.65,24336.3,0
2024-12-17 14:15:00,24337.7,24350.95,24310.0,24331.85,0
2024-12-17 14:45:00,24331.6,24362.45,24303.7,24334.4,0
2024-12-17 15:15:00,24335.25,24343.45,24316.4,24336.0,0
2024-12-18 09:15:00,24299.15,24384.3,24273.15,24382.6,0
2024-12-18 09:45:00,24382.75,24394.4,24232.0,24237.5,0
2024-12-18 10:15:00,24236.75,24305.9,24228.3,24301.3,0
2024-12-18 10:45:00,24302.55,24313.55,24206.4,24216.6,0
2024-12-18 11:15:00,24217.35,24267.25,24206.65,24231.45,0
2024-12-18 11:45:00,24232.3,24244.8,24210.85,24222.05,0
2024-12-18 12:15:00,24221.2,24235.55,24160.55,24168.95,0
2024-12-18 12:45:00,24168.75,24252.35,24150.5,24221.4,0
2024-12-18 13:15:00,24221.6,24235.65,24176.1,24178.35,0
2024-12-18 13:45:00,24179.45,24221.7,24168.05,24196.65,0
2024-12-18 14:15:00,24196.35,24210.55,24166.7,24183.45,0
2024-12-18 14:45:00,24183.55,24204.4,24172.1,24189.3,0
2024-12-18 15:15:00,24189.0,24216.1,24188.35,24198.85,0
2024-12-19 09:15:00,23886.6,23999.6,23881.85,23985.1,0
2024-12-19 09:45:00,23985.3,24003.6,23919.15,23929.75,0
2024-12-19 10:15:00,23929.95,23969.5,23917.4,23963.45,0
2024-12-19 10:45:00,23959.85,23965.0,23932.85,23942.25,0
2024-12-19 11:15:00,23941.5,24004.7,23941.5,23969.25,0
2024-12-19 11:45:00,23968.6,23991.25,23956.2,23988.8,0
2024-12-19 12:15:00,23988.8,23993.0,23959.6,23962.25,0
2024-12-19 12:45:00,23962.65,23973.5,23950.05,23966.05,0
2024-12-19 13:15:00,23966.15,23966.3,23936.3,23949.6,0
2024-12-19 13:45:00,23950.9,23976.2,23944.1,23963.15,0
2024-12-19 14:15:00,23963.7,23967.15,23938.8,23951.15,0
2024-12-19 14:45:00,23951.9,23963.8,23941.15,23945.55,0
2024-12-19 15:15:00,23946.65,23964.85,23934.35,23951.7,0
2024-12-20 09:15:00,23978.45,24065.5,23888.2,24045.95,0
2024-12-20 09:45:00,24048.3,24051.85,23807.9,23850.4,0
2024-12-20 10:15:00,23851.3,23962.9,23835.15,23936.05,0
2024-12-20 10:45:00,23935.8,23993.9,23909.95,23958.9,0
2024-12-20 11:15:00,23958.9,23961.3,23892.3,23913.6,0
2024-12-20 11:45:00,23914.4,23945.25,23888.2,23888.6,0
2024-12-20 12:15:00,23889.2,23889.2,23796.4,23801.35,0
2024-12-20 12:45:00,23801.35,23813.3,23719.4,23726.65,0
2024-12-20 13:15:00,23728.25,23767.7,23703.8,23719.65,0
2024-12-20 13:45:00,23718.75,23729.0,23676.8,23687.9,0
2024-12-20 14:15:00,23687.7,23725.2,23676.0,23692.35,0
2024-12-20 14:45:00,23691.85,23696.0,23538.15,23539.3,0
2024-12-20 15:15:00,23540.9,23632.3,23538.4,23587.5,0
2024-12-23 09:15:00,23735.9,23805.75,23702.2,23745.75,0
2024-12-23 09:45:00,23745.95,23802.55,23702.95,23769.35,0
2024-12-23 10:15:00,23771.75,23791.8,23728.1,23762.2,0
2024-12-23 10:45:00,23763.45,23849.6,23757.6,23834.35,0
2024-12-23 11:15:00,23834.05,23868.7,23831.35,23851.05,0
2024-12-23 11:45:00,23851.45,23860.9,23746.6,23769.3,0
2024-12-23 12:15:00,23769.15,23783.8,23714.5,23737.7,0
2024-12-23 12:45:00,23736.75,23742.05,23674.5,23681.2,0
2024-12-23 13:15:00,23680.35,23707.15,23647.55,23704.9,0
2024-12-23 13:45:00,23704.85,23712.65,23660.2,23699.1,0
2024-12-23 14:15:00,23698.65,23770.7,23693.85,23742.15,0
2024-12-23 14:45:00,23742.45,23764.5,23728.3,23761.75,0
2024-12-23 15:15:00,23761.65,23770.0,23743.9,23753.45,0
2024-12-24 09:15:00,23781.1,23784.1,23709.85,23739.5,0
2024-12-24 09:45:00,23739.5,23821.85,23734.35,23804.85,0
2024-12-24 10:15:00,23804.95,23867.4,23800.35,23827.7,0
2024-12-24 10:45:00,23827.6,23843.05,23813.7,23828.2,0
2024-12-24 11:15:00,23827.95,23849.25,23813.75,23825.55,0
2024-12-24 11:45:00,23825.0,23833.3,23788.9,23793.3,0
2024-12-24 12:15:00,23793.8,23807.65,23764.1,23803.15,0
2024-12-24 12:45:00,23803.7,23819.15,23776.35,23785.35,0
2024-12-24 13:15:00,23785.6,23800.75,23746.35,23752.45,0
2024-12-24 13:45:00,23753.4,23767.3,23729.2,23762.75,0
2024-12-24 14:15:00,23762.5,23763.35,23714.7,23732.9,0
2024-12-24 14:45:00,23734.1,23744.15,23714.4,23719.35,0
2024-12-24 15:15:00,23718.8,23749.35,23717.35,23727.65,0
2024-12-26 09:15:00,23775.95,23854.45,23775.95,23805.8,0
2024-12-26 09:45:00,23806.1,23812.35,23730.6,23749.75,0
2024-12-26 10:15:00,23748.9,23770.05,23723.85,23740.05,0
2024-12-26 10:45:00,23739.7,23761.45,23702.8,23759.95,0
2024-12-26 11:15:00,23760.6,23770.75,23735.8,23754.8,0
2024-12-26 11:45:00,23754.7,23775.85,23729.35,23734.7,0
2024-12-26 12:15:00,23737.05,23749.75,23730.65,23747.1,0
2024-12-26 12:45:00,23746.9,23753.8,23740.25,23750.65,0
2024-12-26 13:15:00,23750.4,23764.7,23654.8,23755.1,0
2024-12-26 13:45:00,23754.35,23774.45,23722.05,23745.35,0
2024-12-26 14:15:00,23744.95,23757.0,23737.05,23751.35,0
2024-12-26 14:45:00,23751.2,23763.0,23739.8,23754.95,0
2024-12-26 15:15:00,23754.9,23769.75,23738.95,23750.2,0
2024-12-27 09:15:00,23807.15,23863.6,23803.25,23862.5,0
2024-12-27 09:45:00,23862.0,23931.75,23860.85,23924.95,0
2024-12-27 10:15:00,23925.35,23938.4,23906.95,23913.35,0
2024-12-27 10:45:00,23913.15,23914.7,23884.5,23903.55,0
2024-12-27 11:15:00,23903.6,23907.1,23859.15,23872.0,0
2024-12-27 11:45:00,23872.4,23872.4,23843.3,23845.25,0
2024-12-27 12:15:00,23845.95,23855.0,23829.5,23849.15,0
2024-12-27 12:45:00,23849.45,23874.2,23828.2,23854.75,0
2024-12-27 13:15:00,23855.45,23860.25,23834.55,23849.25,0
2024-12-27 13:45:00,23850.45,23868.45,23839.55,23841.75,0
2024-12-27 14:15:00,23842.15,23848.5,23830.85,23842.15,0
2024-12-27 14:45:00,23842.65,23848.95,23801.9,23807.7,0
2024-12-27 15:15:00,23807.65,23841.1,23803.8,23813.4,0
2024-12-30 09:15:00,23808.7,23814.1,23709.2,23725.05,0
2024-12-30 09:45:00,23724.55,23785.4,23719.85,23779.95,0
2024-12-30 10:15:00,23779.7,23804.2,23761.9,23801.05,0
2024-12-30 10:45:00,23801.4,23844.25,23774.25,23787.4,0
2024-12-30 11:15:00,23787.0,23876.15,23781.95,23873.8,0
2024-12-30 11:45:00,23874.55,23915.25,23861.55,23881.4,0
2024-12-30 12:15:00,23881.95,23885.6,23748.25,23805.25,0
2024-12-30 12:45:00,23805.75,23821.95,23758.4,23772.2,0
2024-12-30 13:15:00,23772.3,23790.0,23677.75,23692.8,0
2024-12-30 13:45:00,23691.5,23691.55,23633.15,23640.1,0
2024-12-30 14:15:00,23639.3,23673.95,23622.15,23664.65,0
2024-12-30 14:45:00,23665.1,23709.65,23600.2,23617.2,0
2024-12-30 15:15:00,23617.3,23680.3,23616.7,23644.9,0
2024-12-31 09:15:00,23559.5,23584.4,23510.45,23523.4,0
2024-12-31 09:45:00,23524.3,23541.7,23460.45,23471.15,0
2024-12-31 10:15:00,23470.45,23555.45,23470.45,23544.5,0
2024-12-31 10:45:00,23544.75,23609.3,23518.9,23609.1,0
2024-12-31 11:15:00,23609.35,23614.75,23568.15,23612.95,0
2024-12-31 11:45:00,23612.65,23616.8,23565.75,23588.6,0
2024-12-31 12:15:00,23588.3,23624.5,23586.2,23596.4,0
2024-12-31 12:45:00,23596.65,23604.7,23577.45,23592.7,0
2024-12-31 13:15:00,23594.15,23664.5,23581.8,23639.4,0
2024-12-31 13:45:00,23639.8,23689.4,23634.6,23680.4,0
2024-12-31 14:15:00,23679.3,23683.8,23622.1,23648.45,0
2024-12-31 14:45:00,23649.25,23665.65,23625.65,23647.75,0
2024-12-31 15:15:00,23648.15,23669.4,23637.6,23644.8,0
2025-01-01 09:15:00,23648.9,23682.6,23598.75,23610.6,0
2025-01-01 09:45:00,23609.35,23648.25,23563.0,23629.6,0
2025-01-01 10:15:00,23629.95,23676.55,23616.3,23656.6,0
2025-01-01 10:45:00,23655.55,23761.4,23655.0,23754.05,0
2025-01-01 11:15:00,23754.25,23778.65,23693.75,23724.45,0
2025-01-01 11:45:00,23724.2,23735.95,23678.35,23714.25,0
2025-01-01 12:15:00,23714.05,23772.95,23711.15,23759.9,0
2025-01-01 12:45:00,23760.4,23773.0,23718.7,23727.05,0
2025-01-01 13:15:00,23726.95,23752.4,23725.3,23749.7,0
2025-01-01 13:45:00,23749.9,23822.3,23746.25,23789.85,0
2025-01-01 14:15:00,23789.65,23797.65,23764.6,23767.5,0
2025-01-01 14:45:00,23767.1,23768.6,23721.45,23739.95,0
2025-01-01 15:15:00,23739.75,23769.8,23733.55,23742.9,0
2025-01-02 09:15:00,23789.5,23842.0,23752.4,23826.7,0
2025-01-02 09:45:00,23826.65,23877.0,23791.8,23834.1,0
2025-01-02 10:15:00,23833.0,23897.5,23830.6,23884.2,0
2025-01-02 10:45:00,23884.25,23963.3,23878.05,23943.65,0
2025-01-02 11:15:00,23943.8,23973.85,23927.05,23958.25,0
2025-01-02 11:45:00,23957.9,23966.8,23916.25,23940.45,0
2025-01-02 12:15:00,23940.9,24071.15,23927.35,24053.9,0
2025-01-02 12:45:00,24054.65,24089.9,24036.25,24084.75,0
2025-01-02 13:15:00,24085.35,24151.75,24081.75,24147.4,0
2025-01-02 13:45:00,24145.55,24152.8,24117.95,24144.7,0
2025-01-02 14:15:00,24145.05,24188.65,24144.85,24177.8,0
2025-01-02 14:45:00,24177.15,24226.1,24165.75,24186.25,0
2025-01-02 15:15:00,24185.5,24194.5,24164.9,24188.65,0
2025-01-03 09:15:00,24185.0,24187.55,24080.6,24083.4,0
2025-01-03 09:45:00,24081.65,24111.35,24033.25,24042.2,0
2025-01-03 10:15:00,24042.45,24075.7,24007.5,24027.2,0
2025-01-03 10:45:00,24027.55,24061.6,24000.4,24057.7,0
2025-01-03 11:15:00,24057.6,24149.9,24051.45,24128.15,0
2025-01-03 11:45:00,24128.8,24139.95,24093.65,24114.4,0
2025-01-03 12:15:00,24115.1,24115.1,24052.25,24076.7,0
2025-01-03 12:45:00,24077.75,24121.6,24063.35,24098.25,0
2025-01-03 13:15:00,24097.65,24112.55,24076.5,24081.35,0
2025-01-03 13:45:00,24081.65,24083.2,24021.2,24031.6,0
2025-01-03 14:15:00,24032.55,24051.7,24018.55,24036.95,0
2025-01-03 14:45:00,24036.75,24053.5,23976.75,24008.05,0
2025-01-03 15:15:00,24008.15,24021.8,23976.75,24004.75,0
2025-01-06 09:15:00,24044.25,24088.75,23948.35,23948.35,0
2025-01-06 09:45:00,23947.55,24030.4,23911.85,24025.7,0
2025-01-06 10:15:00,24024.0,24054.3,23880.55,23882.95,0
2025-01-06 10:45:00,23882.4,23882.9,23727.4,23745.1,0
2025-01-06 11:15:00,23744.3,23800.35,23708.85,23708.85,0
2025-01-06 11:45:00,23708.45,23727.6,23602.1,23719.8,0
2025-01-06 12:15:00,23719.35,23768.75,23679.05,23740.5,0
2025-01-06 12:45:00,23740.65,23779.15,23704.35,23714.7,0
2025-01-06 13:15:00,23714.6,23714.6,23619.15,23648.75,0
2025-01-06 13:45:00,23648.9,23665.95,23602.6,23623.85,0
2025-01-06 14:15:00,23624.4,23660.2,23553.0,23573.3,0
2025-01-06 14:45:00,23574.7,23653.8,23572.35,23585.6,0
2025-01-06 15:15:00,23587.15,23636.95,23580.15,23616.05,0
2025-01-07 09:15:00,23691.7,23795.05,23690.6,23783.5,0
2025-01-07 09:45:00,23783.25,23784.45,23638.0,23745.9,0
2025-01-07 10:15:00,23749.4,23768.05,23717.5,23742.45,0
2025-01-07 10:45:00,23742.65,23766.8,23708.1,23731.65,0
2025-01-07 11:15:00,23731.85,23770.5,23718.05,23744.45,0
2025-01-07 11:45:00,23745.1,23761.55,23712.95,23720.0,0
2025-01-07 12:15:00,23720.55,23735.8,23708.5,23731.35,0
2025-01-07 12:45:00,23731.65,23742.7,23718.95,23726.65,0
2025-01-07 13:15:00,23727.65,23761.95,23713.75,23729.75,0
2025-01-07 13:45:00,23730.4,23743.25,23686.9,23720.25,0
2025-01-07 14:15:00,23720.2,23733.7,23692.4,23696.9,0
2025-01-07 14:45:00,23696.95,23737.0,23684.35,23704.45,0
2025-01-07 15:15:00,23703.95,23712.05,23686.8,23707.9,0
2025-01-08 09:15:00,23751.7,23751.7,23627.55,23650.2,0
2025-01-08 09:45:00,23650.1,23691.15,23622.25,23669.2,0
2025-01-08 10:15:00,23670.9,23684.25,23554.35,23554.75,0
2025-01-08 10:45:00,23553.4,23588.8,23551.5,23573.0,0
2025-01-08 11:15:00,23572.15,23603.7,23535.35,23572.0,0
2025-01-08 11:45:00,23571.6,23572.8,23525.5,23526.75,0
2025-01-08 12:15:00,23526.55,23559.2,23496.85,23533.25,0
2025-01-08 12:45:00,23534.3,23556.6,23517.3,23535.65,0
2025-01-08 13:15:00,23536.1,23636.75,23522.05,23629.5,0
2025-01-08 13:45:00,23630.3,23701.75,23622.85,23696.5,0
2025-01-08 14:15:00,23696.3,23727.5,23645.05,23694.95,0
2025-01-08 14:45:00,23694.6,23718.65,23655.25,23705.2,0
2025-01-08 15:15:00,23703.95,23706.7,23674.2,23688.95,0
2025-01-09 09:15:00,23682.45,23682.45,23594.05,23607.85,0
2025-01-09 09:45:00,23607.2,23642.45,23595.75,23639.1,0
2025-01-09 10:15:00,23639.3,23652.85,23611.1,23617.8,0
2025-01-09 10:45:00,23619.1,23621.5,23538.6,23561.9,0
2025-01-09 11:15:00,23562.15,23573.8,23545.1,23553.6,0
2025-01-09 11:45:00,23553.55,23565.05,23538.15,23562.05,0
2025-01-09 12:15:00,23561.25,23616.7,23539.6,23555.8,0
2025-01-09 12:45:00,23555.65,23560.4,23525.05,23545.5,0
2025-01-09 13:15:00,23544.95,23552.25,23523.75,23530.4,0
2025-01-09 13:45:00,23530.7,23548.5,23517.15,23537.25,0
2025-01-09 14:15:00,23536.85,23548.6,23514.15,23517.5,0
2025-01-09 14:45:00,23517.85,23530.6,23503.4,23520.85,0
2025-01-09 15:15:00,23521.95,23561.05,23514.3,23526.5,0
2025-01-10 09:15:00,23565.75,23595.3,23433.0,23475.1,0
2025-01-10 09:45:00,23475.6,23476.25,23344.75,23396.55,0
2025-01-10 10:15:00,23396.6,23444.6,23380.95,23438.2,0
2025-01-10 10:45:00,23436.45,23557.65,23428.75,23557.65,0
2025-01-10 11:15:00,23557.4,23596.35,23506.9,23509.35,0
2025-01-10 11:45:00,23508.85,23553.0,23477.75,23523.4,0
2025-01-10 12:15:00,23520.1,23566.0,23494.15,23528.75,0
2025-01-10 12:45:00,23528.2,23542.9,23511.35,23517.75,0
2025-01-10 13:15:00,23516.55,23536.3,23484.5,23504.15,0
2025-01-10 13:45:00,23504.15,23529.4,23441.25,23441.25,0
2025-01-10 14:15:00,23440.95,23454.65,23400.55,23427.75,0
2025-01-10 14:45:00,23427.85,23446.1,23396.85,23412.2,0
2025-01-10 15:15:00,23414.6,23449.4,23413.55,23431.5,0
2025-01-13 09:15:00,23208.45,23270.05,23173.65,23246.05,0
2025-01-13 09:45:00,23247.05,23274.0,23196.45,23273.2,0
2025-01-13 10:15:00,23278.7,23340.85,23258.5,23306.3,0
2025-01-13 10:45:00,23304.85,23331.75,23260.95,23275.0,0
2025-01-13 11:15:00,23274.8,23298.6,23210.2,23235.75,0
2025-01-13 11:45:00,23235.7,23263.0,23211.6,23215.1,0
2025-01-13 12:15:00,23215.6,23234.7,23190.45,23222.35,0
2025-01-13 12:45:00,23220.7,23221.5,23166.6,23177.45,0
2025-01-13 13:15:00,23178.15,23191.4,23150.6,23154.95,0
2025-01-13 13:45:00,23154.4,23163.45,23101.9,23116.4,0
2025-01-13 14:15:00,23115.75,23137.85,23048.15,23082.5,0
2025-01-13 14:45:00,23081.85,23122.8,23063.25,23090.85,0
2025-01-13 15:15:00,23090.85,23101.8,23082.75,23085.95,0
2025-01-14 09:15:00,23171.35,23226.4,23150.3,23173.45,0
2025-01-14 09:45:00,23172.85,23206.7,23139.9,23156.2,0
2025-01-14 10:15:00,23155.75,23186.05,23134.55,23185.5,0
2025-01-14 10:45:00,23185.4,23264.95,23182.25,23260.05,0
2025-01-14 11:15:00,23260.3,23261.35,23192.8,23198.55,0
2025-01-14 11:45:00,23196.15,23201.05,23169.7,23181.1,0
2025-01-14 12:15:00,23180.55,23189.3,23155.1,23181.9,0
2025-01-14 12:45:00,23181.6,23199.3,23144.1,23168.2,0
2025-01-14 13:15:00,23168.4,23174.1,23151.5,23158.45,0
2025-01-14 13:45:00,23157.95,23184.85,23145.05,23182.45,0
2025-01-14 14:15:00,23182.15,23198.95,23161.65,23175.55,0
2025-01-14 14:45:00,23174.5,23183.3,23151.9,23173.25,0
2025-01-14 15:15:00,23172.9,23223.05,23168.95,23176.05,0
2025-01-15 09:15:00,23253.25,23269.45,23165.45,23200.85,0
2025-01-15 09:45:00,23200.7,23230.15,23184.15,23219.65,0
2025-01-15 10:15:00,23218.6,23268.7,23215.0,23268.25,0
2025-01-15 10:45:00,23268.6,23293.4,23236.25,23257.4,0
2025-01-15 11:15:00,23257.95,23264.2,23204.7,23226.65,0
2025-01-15 11:45:00,23226.0,23248.25,23218.35,23221.5,0
2025-01-15 12:15:00,23220.85,23254.85,23198.0,23251.4,0
2025-01-15 12:45:00,23251.3,23266.35,23212.35,23212.35,0
2025-01-15 13:15:00,23212.5,23212.65,23147.95,23167.7,0
2025-01-15 13:45:00,23165.85,23195.45,23154.7,23181.5,0
2025-01-15 14:15:00,23182.2,23214.75,23159.25,23211.9,0
2025-01-15 14:45:00,23211.8,23227.7,23186.95,23214.55,0
2025-01-15 15:15:00,23214.95,23229.3,23190.85,23213.2,0
2025-01-16 09:15:00,23378.8,23384.6,23319.45,23326.6,0
2025-01-16 09:45:00,23326.3,23331.0,23292.65,23308.0,0
2025-01-16 10:15:00,23308.2,23320.3,23301.4,23312.2,0
2025-01-16 10:45:00,23311.65,23313.3,23273.8,23289.55,0
2025-01-16 11:15:00,23288.25,23308.8,23282.4,23307.0,0
2025-01-16 11:45:00,23306.45,23308.4,23293.15,23298.9,0
2025-01-16 12:15:00,23300.05,23313.9,23290.3,23309.65,0
2025-01-16 12:45:00,23310.75,23328.8,23303.9,23318.0,0
2025-01-16 13:15:00,23317.8,23327.8,23311.45,23326.25,0
2025-01-16 13:45:00,23324.5,23340.9,23319.55,23333.35,0
2025-01-16 14:15:00,23333.4,23333.4,23290.7,23303.55,0
2025-01-16 14:45:00,23302.25,23318.45,23296.2,23309.65,0
2025-01-16 15:15:00,23309.45,23353.25,23304.45,23311.8,0
2025-01-17 09:15:00,23268.1,23277.1,23168.45,23193.8,0
2025-01-17 09:45:00,23194.1,23236.7,23184.3,23204.15,0
2025-01-17 10:15:00,23204.4,23269.25,23197.5,23198.15,0
2025-01-17 10:45:00,23198.55,23198.55,23100.75,23131.85,0
2025-01-17 11:15:00,23132.65,23177.9,23124.35,23153.15,0
2025-01-17 11:45:00,23153.15,23218.2,23135.65,23208.95,0
2025-01-17 12:15:00,23208.6,23264.3,23197.1,23222.85,0
2025-01-17 12:45:00,23222.85,23241.95,23197.6,23200.25,0
2025-01-17 13:15:00,23200.3,23206.9,23160.85,23178.1,0
2025-01-17 13:45:00,23178.2,23208.25,23172.8,23198.5,0
2025-01-17 14:15:00,23198.65,23237.35,23187.3,23231.85,0
2025-01-17 14:45:00,23231.7,23245.05,23191.9,23196.65,0
2025-01-17 15:15:00,23197.8,23210.55,23194.8,23203.2,0
2025-01-20 09:15:00,23298.9,23306.55,23171.55,23212.4,0
2025-01-20 09:45:00,23212.05,23240.0,23190.4,23228.05,0
2025-01-20 10:15:00,23228.35,23272.05,23227.65,23261.5,0
2025-01-20 10:45:00,23261.3,23283.05,23246.7,23273.2,0
2025-01-20 11:15:00,23275.15,23373.6,23272.2,23372.1,0
2025-01-20 11:45:00,23372.0,23376.4,23333.6,23342.95,0
2025-01-20 12:15:00,23343.7,23371.8,23326.45,23337.8,0
2025-01-20 12:45:00,23337.9,23372.2,23326.3,23359.7,0
2025-01-20 13:15:00,23359.55,23390.95,23333.45,23341.8,0
2025-01-20 13:45:00,23345.1,23359.95,23328.25,23359.95,0
2025-01-20 14:15:00,23359.95,23366.25,23327.65,23353.7,0
2025-01-20 14:45:00,23354.2,23365.55,23344.45,23351.7,0
2025-01-20 15:15:00,23352.25,23352.85,23329.4,23344.75,0
2025-01-21 09:15:00,23421.65,23426.3,23336.0,23340.25,0
2025-01-21 09:45:00,23340.1,23360.35,23247.7,23266.0,0
2025-01-21 10:15:00,23266.4,23266.6,23129.0,23187.2,0
2025-01-21 10:45:00,23186.6,23217.7,23138.95,23165.5,0
2025-01-21 11:15:00,23165.6,23205.15,23143.55,23196.6,0
2025-01-21 11:45:00,23197.35,23421.25,23197.35,23283.5,0
2025-01-21 12:15:00,23281.15,23281.15,23111.45,23152.65,0
2025-01-21 12:45:00,23151.4,23294.8,23144.85,23256.85,0
2025-01-21 13:15:00,23256.3,23296.55,23120.15,23254.2,0
2025-01-21 13:45:00,23254.65,23261.75,23174.2,23199.35,0
2025-01-21 14:15:00,23196.85,23207.1,22977.2,23012.2,0
2025-01-21 14:45:00,23012.25,23043.7,22989.45,23022.95,0
2025-01-21 15:15:00,23022.45,23057.45,23022.45,23024.65,0
2025-01-22 09:15:00,23110.55,23127.1,23069.05,23069.05,0
2025-01-22 09:45:00,23067.45,23124.65,23051.1,23096.85,0
2025-01-22 10:15:00,23096.75,23117.5,23073.5,23106.6,0
2025-01-22 10:45:00,23107.25,23144.0,23061.3,23064.95,0
2025-01-22 11:15:00,23065.2,23079.4,23034.75,23044.15,0
2025-01-22 11:45:00,23044.0,23065.4,23012.0,23036.95,0
2025-01-22 12:15:00,23037.65,23050.85,22990.2,23026.05,0
2025-01-22 12:45:00,23027.0,23045.2,22995.45,23043.05,0
2025-01-22 13:15:00,23043.3,23043.9,22981.45,22986.25,0
2025-01-22 13:45:00,22986.1,23084.85,22986.0,23065.55,0
2025-01-22 14:15:00,23065.75,23136.2,23054.3,23125.25,0
2025-01-22 14:45:00,23124.05,23169.35,23101.45,23164.25,0
2025-01-22 15:15:00,23163.8,23165.15,23147.6,23155.35,0
2025-01-23 09:15:00,23133.35,23202.4,23091.9,23197.95,0
2025-01-23 09:45:00,23197.05,23234.7,23183.45,23217.6,0
2025-01-23 10:15:00,23217.3,23245.9,23215.75,23235.45,0
2025-01-23 10:45:00,23236.05,23240.45,23202.5,23223.75,0
2025-01-23 11:15:00,23223.15,23238.6,23213.5,23221.9,0
2025-01-23 11:45:00,23221.55,23233.5,23201.05,23232.75,0
2025-01-23 12:15:00,23232.1,23269.2,23220.1,23254.4,0
2025-01-23 12:45:00,23253.4,23257.4,23232.1,23244.55,0
2025-01-23 13:15:00,23245.3,23254.05,23229.9,23252.05,0
2025-01-23 13:45:00,23251.95,23256.65,23225.55,23239.95,0
2025-01-23 14:15:00,23241.9,23246.7,23215.4,23230.7,0
2025-01-23 14:45:00,23230.4,23236.1,23200.1,23201.25,0
2025-01-23 15:15:00,23202.85,23218.2,23191.7,23205.35,0
2025-01-24 09:15:00,23204.45,23291.8,23192.55,23230.25,0
2025-01-24 09:45:00,23230.05,23247.9,23128.65,23156.35,0
2025-01-24 10:15:00,23155.25,23227.1,23103.5,23213.5,0
2025-01-24 10:45:00,23213.3,23289.2,23195.55,23279.2,0
2025-01-24 11:15:00,23277.95,23322.85,23254.0,23321.75,0
2025-01-24 11:45:00,23321.95,23347.1,23289.7,23300.8,0
2025-01-24 12:15:00,23300.35,23319.4,23211.8,23213.55,0
2025-01-24 12:45:00,23213.5,23236.5,23164.85,23216.5,0
2025-01-24 13:15:00,23214.7,23214.7,23141.7,23155.9,0
2025-01-24 13:45:00,23157.05,23213.75,23140.35,23142.25,0
2025-01-24 14:15:00,23141.85,23168.6,23065.35,23081.35,0
2025-01-24 14:45:00,23081.1,23105.55,23050.95,23077.5,0
2025-01-24 15:15:00,23077.75,23105.1,23077.75,23092.2,0
2025-01-27 09:15:00,22946.05,23007.05,22911.15,22994.0,0
2025-01-27 09:45:00,22995.45,23005.4,22960.3,22970.7,0
2025-01-27 10:15:00,22971.25,22971.25,22827.2,22861.25,0
2025-01-27 10:45:00,22861.75,22886.65,22838.3,22864.5,0
2025-01-27 11:15:00,22864.55,22909.5,22856.25,22866.9,0
2025-01-27 11:45:00,22867.3,22941.65,22864.7,22881.55,0
2025-01-27 12:15:00,22882.0,22943.7,22862.6,22866.3,0
2025-01-27 12:45:00,22866.75,22885.85,22840.55,22885.45,0
2025-01-27 13:15:00,22885.95,22892.35,22827.95,22861.45,0
2025-01-27 13:45:00,22862.1,22878.6,22822.45,22834.9,0
2025-01-27 14:15:00,22835.1,22857.9,22800.45,22806.85,0
2025-01-27 14:45:00,22806.6,22843.3,22786.9,22835.7,0
2025-01-27 15:15:00,22835.5,22838.4,22814.35,22829.15,0
2025-01-28 09:15:00,22967.95,22969.15,22875.5,22877.9,0
2025-01-28 09:45:00,22876.0,22930.35,22860.3,22881.25,0
2025-01-28 10:15:00,22882.5,22918.85,22858.65,22884.05,0
2025-01-28 10:45:00,22882.35,22985.95,22877.8,22959.6,0
2025-01-28 11:15:00,22958.55,23033.3,22944.3,23007.3,0
2025-01-28 11:45:00,23006.95,23040.65,22986.4,23032.65,0
2025-01-28 12:15:00,23032.15,23049.0,22999.1,23008.85,0
2025-01-28 12:45:00,23009.4,23068.55,23009.0,23065.25,0
2025-01-28 13:15:00,23067.35,23073.75,23021.75,23037.9,0
2025-01-28 13:45:00,23035.85,23075.55,23034.75,23051.75,0
2025-01-28 14:15:00,23051.95,23137.45,23048.15,23129.35,0
2025-01-28 14:45:00,23129.85,23132.4,22909.25,22967.55,0
2025-01-28 15:15:00,22968.35,22984.5,22951.5,22957.25,0
2025-01-29 09:15:00,23023.75,23069.75,22978.15,23040.45,0
2025-01-29 09:45:00,23041.55,23096.8,23023.7,23067.15,0
2025-01-29 10:15:00,23067.55,23106.45,23053.8,23074.1,0
2025-01-29 10:45:00,23073.7,23125.5,23068.25,23085.4,0
2025-01-29 11:15:00,23084.75,23125.15,22984.15,23092.7,0
2025-01-29 11:45:00,23093.3,23128.75,23092.15,23120.95,0
2025-01-29 12:15:00,23121.1,23168.05,23112.65,23133.25,0
2025-01-29 12:45:00,23133.05,23146.2,23086.55,23112.8,0
2025-01-29 13:15:00,23113.05,23167.75,23109.9,23147.6,0
2025-01-29 13:45:00,23148.95,23181.0,23143.0,23174.05,0
2025-01-29 14:15:00,23174.55,23180.8,23115.1,23144.85,0
2025-01-29 14:45:00,23145.3,23164.05,23130.9,23159.35,0
2025-01-29 15:15:00,23160.3,23182.7,23153.85,23163.1,0
2025-01-30 09:15:00,23168.4,23215.5,23141.0,23204.15,0
2025-01-30 09:45:00,23204.15,23300.55,23200.65,23271.4,0
2025-01-30 10:15:00,23271.6,23310.85,23268.7,23295.65,0
2025-01-30 10:45:00,23296.9,23302.75,23224.0,23288.3,0
2025-01-30 11:15:00,23289.15,23301.0,23228.05,23244.85,0
2025-01-30 11:45:00,23245.8,23287.65,23242.1,23250.8,0
2025-01-30 12:15:00,23250.3,23289.9,23229.7,23274.95,0
2025-01-30 12:45:00,23275.5,23279.75,23249.6,23261.95,0
2025-01-30 13:15:00,23263.4,23268.45,23216.9,23224.5,0
2025-01-30 13:45:00,23227.3,23228.75,23141.9,23167.6,0
2025-01-30 14:15:00,23168.15,23193.2,23139.95,23174.6,0
2025-01-30 14:45:00,23175.0,23255.05,23148.8,23249.55,0
2025-01-30 15:15:00,23248.45,23318.75,23244.7,23249.5,0
2025-01-31 09:15:00,23297.6,23355.4,23280.55,23349.45,0
2025-01-31 09:45:00,23348.7,23403.3,23314.8,23340.2,0
2025-01-31 10:15:00,23340.2,23415.1,23331.7,23413.65,0
2025-01-31 10:45:00,23413.4,23444.25,23406.15,23422.8,0
2025-01-31 11:15:00,23422.4,23448.25,23388.45,23399.9,0
2025-01-31 11:45:00,23400.2,23449.05,23400.0,23444.2,0
2025-01-31 12:15:00,23444.5,23477.4,23426.05,23462.45,0
2025-01-31 12:45:00,23462.95,23502.55,23455.65,23500.1,0
2025-01-31 13:15:00,23500.05,23530.65,23492.3,23506.65,0
2025-01-31 13:45:00,23506.9,23512.75,23426.1,23447.85,0
2025-01-31 14:15:00,23446.8,23486.5,23422.6,23484.3,0
2025-01-31 14:45:00,23483.05,23518.05,23477.25,23515.15,0
2025-01-31 15:15:00,23513.85,23546.4,23498.25,23508.4,0
2025-02-01 09:15:00,23538.3,23591.6,23479.7,23558.85,0
2025-02-01 09:45:00,23558.8,23588.05,23532.55,23555.9,0
2025-02-01 10:15:00,23555.7,23595.3,23555.7,23581.7,0
2025-02-01 10:45:00,23583.7,23601.95,23530.8,23582.95,0
2025-02-01 11:15:00,23581.55,23632.35,23564.75,23627.25,0
2025-02-01 11:45:00,23628.25,23629.05,23364.1,23447.05,0
2025-02-01 12:15:00,23449.1,23549.0,23346.55,23418.45,0
2025-02-01 12:45:00,23418.75,23430.1,23323.1,23373.4,0
2025-02-01 13:15:00,23374.65,23495.05,23341.6,23495.05,0
2025-02-01 13:45:00,23496.65,23533.7,23472.85,23520.25,0
2025-02-01 14:15:00,23520.9,23547.95,23454.95,23471.55,0
2025-02-01 14:45:00,23475.05,23515.8,23473.95,23481.2,0
2025-02-01 15:15:00,23480.75,23499.75,23463.35,23482.15,0
2025-02-03 09:15:00,23321.65,23343.85,23240.3,23257.1,0
2025-02-03 09:45:00,23257.55,23277.35,23222.55,23263.7,0
2025-02-03 10:15:00,23262.5,23315.65,23239.7,23309.7,0
2025-02-03 10:45:00,23309.5,23328.35,23293.6,23322.65,0
2025-02-03 11:15:00,23322.3,23338.6,23253.1,23270.3,0
2025-02-03 11:45:00,23269.75,23306.3,23263.65,23299.85,0
2025-02-03 12:15:00,23299.5,23300.95,23266.2,23273.05,0
2025-02-03 12:45:00,23274.5,23361.6,23258.05,23360.7,0
2025-02-03 13:15:00,23360.8,23368.95,23323.25,23352.05,0
2025-02-03 13:45:00,23352.2,23362.6,23306.35,23346.6,0
2025-02-03 14:15:00,23346.8,23364.8,23337.55,23351.85,0
2025-02-03 14:45:00,23351.3,23381.35,23327.0,23366.9,0
2025-02-03 15:15:00,23367.2,23369.8,23349.95,23361.05,0
2025-02-04 09:15:00,23501.05,23572.75,23482.7,23572.4,0
2025-02-04 09:45:00,23572.2,23581.7,23504.1,23512.65,0
2025-02-04 10:15:00,23513.25,23534.5,23424.55,23459.2,0
2025-02-04 10:45:00,23460.4,23511.2,23436.25,23506.5,0
2025-02-04 11:15:00,23508.05,23559.1,23493.9,23540.2,0
2025-02-04 11:45:00,23540.75,23616.4,23527.25,23565.4,0
2025-02-04 12:15:00,23566.15,23613.6,23562.15,23590.85,0
2025-02-04 12:45:00,23590.1,23642.3,23580.8,23640.05,0
2025-02-04 13:15:00,23641.05,23695.7,23625.4,23670.55,0
2025-02-04 13:45:00,23668.2,23712.5,23627.25,23651.6,0
2025-02-04 14:15:00,23647.95,23708.35,23633.85,23701.15,0
2025-02-04 14:45:00,23702.05,23761.9,23684.6,23744.0,0
2025-02-04 15:15:00,23744.4,23745.55,23697.05,23739.25,0
2025-02-05 09:15:00,23792.55,23803.55,23751.45,23797.55,0
2025-02-05 09:45:00,23797.35,23798.25,23726.55,23746.4,0
2025-02-05 10:15:00,23745.75,23776.4,23728.85,23769.4,0
2025-02-05 10:45:00,23769.05,23786.3,23728.45,23733.65,0
2025-02-05 11:15:00,23733.1,23755.55,23713.65,23744.05,0
2025-02-05 11:45:00,23743.95,23759.0,23724.4,23732.55,0
2025-02-05 12:15:00,23733.2,23753.85,23727.4,23732.45,0
2025-02-05 12:45:00,23733.5,23756.35,23712.55,23755.9,0
2025-02-05 13:15:00,23756.55,23760.7,23732.7,23735.4,0
2025-02-05 13:45:00,23736.3,23774.5,23732.05,23741.9,0
2025-02-05 14:15:00,23743.1,23752.9,23731.95,23735.15,0
2025-02-05 14:45:00,23734.75,23735.4,23680.65,23695.85,0
2025-02-05 15:15:00,23695.2,23700.9,23685.1,23696.3,0
2025-02-06 09:15:00,23766.75,23771.3,23642.35,23660.2,0
2025-02-06 09:45:00,23661.2,23676.85,23619.85,23627.8,0
2025-02-06 10:15:00,23627.3,23656.9,23623.9,23646.0,0
2025-02-06 10:45:00,23647.35,23648.75,23605.0,23616.35,0
2025-02-06 11:15:00,23616.95,23616.95,23594.6,23612.55,0
2025-02-06 11:45:00,23611.35,23626.5,23603.1,23619.45,0
2025-02-06 12:15:00,23620.3,23629.25,23595.85,23607.0,0
2025-02-06 12:45:00,23606.7,23610.2,23576.0,23586.2,0
2025-02-06 13:15:00,23586.3,23603.75,23580.45,23588.75,0
2025-02-06 13:45:00,23588.3,23596.9,23562.55,23573.0,0
2025-02-06 14:15:00,23573.3,23583.55,23556.4,23575.75,0
2025-02-06 14:45:00,23575.25,23610.6,23567.2,23595.9,0
2025-02-06 15:15:00,23596.1,23633.7,23592.4,23603.35,0
2025-02-07 09:15:00,23654.2,23667.5,23567.7,23606.4,0
2025-02-07 09:45:00,23606.5,23664.1,23573.75,23612.0,0
2025-02-07 10:15:00,23611.8,23621.25,23493.95,23573.9,0
2025-02-07 10:45:00,23573.5,23629.25,23555.2,23615.95,0
2025-02-07 11:15:00,23616.25,23694.2,23613.0,23683.6,0
2025-02-07 11:45:00,23683.4,23690.9,23572.8,23573.9,0
2025-02-07 12:15:00,23572.35,23610.55,23564.65,23583.2,0
2025-02-07 12:45:00,23582.4,23588.6,23537.65,23547.7,0
2025-02-07 13:15:00,23547.85,23591.5,23544.9,23572.35,0
2025-02-07 13:45:00,23570.7,23576.75,23453.65,23461.05,0
2025-02-07 14:15:00,23460.95,23491.4,23444.25,23458.05,0
2025-02-07 14:45:00,23458.5,23574.75,23450.25,23573.7,0
2025-02-07 15:15:00,23574.0,23591.25,23557.35,23559.95,0
2025-02-10 09:15:00,23547.6,23552.65,23403.85,23408.25,0
2025-02-10 09:45:00,23408.4,23461.4,23366.45,23373.1,0
2025-02-10 10:15:00,23372.35,23406.15,23357.9,23397.2,0
2025-02-10 10:45:00,23396.55,23402.3,23365.4,23401.3,0
2025-02-10 11:15:00,23400.8,23403.3,23371.35,23388.6,0
2025-02-10 11:45:00,23387.95,23400.35,23338.55,23352.65,0
2025-02-10 12:15:00,23351.4,23371.25,23338.8,23363.85,0
2025-02-10 12:45:00,23363.4,23370.0,23344.0,23353.85,0
2025-02-10 13:15:00,23353.3,23356.05,23317.8,23346.45,0
2025-02-10 13:45:00,23346.45,23377.0,23325.05,23326.6,0
2025-02-10 14:15:00,23326.7,23392.2,23317.5,23370.25,0
2025-02-10 14:45:00,23370.95,23409.9,23360.1,23380.35,0
2025-02-10 15:15:00,23380.8,23387.15,23370.85,23381.6,0
2025-02-11 09:15:00,23383.55,23383.55,23295.8,23340.35,0
2025-02-11 09:45:00,23339.95,23343.35,23271.05,23278.55,0
2025-02-11 10:15:00,23277.3,23296.15,23258.8,23259.85,0
2025-02-11 10:45:00,23259.3,23287.9,23251.0,23279.75,0
2025-02-11 11:15:00,23280.05,23301.75,23248.6,23262.35,0
2025-02-11 11:45:00,23262.75,23265.45,23244.25,23252.8,0
2025-02-11 12:15:00,23253.15,23257.4,23233.75,23236.1,0
2025-02-11 12:45:00,23236.3,23239.4,23027.05,23031.15,0
2025-02-11 13:15:00,23031.2,23101.4,23023.15,23074.8,0
2025-02-11 13:45:00,23074.9,23081.6,22986.8,23052.35,0
2025-02-11 14:15:00,23052.65,23054.95,23006.4,23026.6,0
2025-02-11 14:45:00,23027.6,23118.4,23027.45,23073.75,0
2025-02-11 15:15:00,23073.4,23080.8,23060.4,23071.8,0
2025-02-12 09:15:00,23068.4,23077.95,22892.9,22911.8,0
2025-02-12 09:45:00,22911.95,22912.25,22815.35,22830.6,0
2025-02-12 10:15:00,22831.1,22925.6,22799.35,22866.65,0
2025-02-12 10:45:00,22869.6,22954.45,22867.5,22925.55,0
2025-02-12 11:15:00,22924.9,23009.55,22895.9,23009.55,0
2025-02-12 11:45:00,23010.15,23077.4,22973.4,23044.4,0
2025-02-12 12:15:00,23044.9,23087.6,22997.3,23042.45,0
2025-02-12 12:45:00,23045.6,23119.75,23045.6,23103.05,0
2025-02-12 13:15:00,23105.45,23144.5,23061.9,23100.15,0
2025-02-12 13:45:00,23101.45,23101.45,22964.55,23002.25,0
2025-02-12 14:15:00,23002.3,23030.6,22956.65,22991.45,0
2025-02-12 14:45:00,22990.75,23059.65,22968.0,23051.55,0
2025-02-12 15:15:00,23050.85,23063.2,23043.15,23045.25,0
2025-02-13 09:15:00,23055.85,23128.55,22992.65,23119.6,0
2025-02-13 09:45:00,23119.35,23192.0,23119.35,23171.7,0
2025-02-13 10:15:00,23172.0,23208.9,23131.75,23190.5,0
2025-02-13 10:45:00,23191.2,23205.0,23159.4,23181.3,0
2025-02-13 11:15:00,23181.4,23226.45,23179.8,23222.45,0
2025-02-13 11:45:00,23223.6,23235.2,23185.25,23195.8,0
2025-02-13 12:15:00,23195.7,23210.0,23176.15,23195.1,0
2025-02-13 12:45:00,23194.7,23206.55,23153.1,23153.1,0
2025-02-13 13:15:00,23152.75,23177.65,23054.55,23086.2,0
2025-02-13 13:45:00,23087.15,23102.0,23032.7,23063.0,0
2025-02-13 14:15:00,23063.65,23074.5,23004.7,23022.2,0
2025-02-13 14:45:00,23022.35,23063.8,23016.55,23030.15,0
2025-02-13 15:15:00,23030.4,23039.65,23014.4,23031.4,0
2025-02-14 09:15:00,23096.7,23133.25,23007.3,23043.2,0
2025-02-14 09:45:00,23042.9,23094.35,23016.8,23043.0,0
2025-02-14 10:15:00,23042.75,23082.25,22920.2,22924.0,0
2025-02-14 10:45:00,22923.9,22934.15,22843.35,22893.95,0
2025-02-14 11:15:00,22893.35,22902.0,22846.05,22901.15,0
2025-02-14 11:45:00,22902.5,22922.35,22818.6,22842.05,0
2025-02-14 12:15:00,22842.2,22866.95,22815.25,22835.95,0
2025-02-14 12:45:00,22835.65,22852.7,22775.5,22806.35,0
2025-02-14 13:15:00,22805.9,22850.15,22794.9,22812.1,0
2025-02-14 13:45:00,22813.05,22818.05,22775.95,22802.05,0
2025-02-14 14:15:00,22801.95,22966.45,22799.2,22961.3,0
2025-02-14 14:45:00,22961.15,22963.45,22893.6,22933.4,0
2025-02-14 15:15:00,22933.85,22935.6,22895.85,22929.25,0
2025-02-17 09:15:00,22828.3,22874.1,22727.7,22778.7,0
2025-02-17 09:45:00,22777.0,22810.2,22740.2,22756.85,0
2025-02-17 10:15:00,22757.35,22916.15,22750.75,22916.15,0
2025-02-17 10:45:00,22915.85,22926.35,22797.25,22805.7,0
2025-02-17 11:15:00,22806.2,22856.25,22799.8,22856.25,0
2025-02-17 11:45:00,22856.6,22889.5,22823.05,22823.7,0
2025-02-17 12:15:00,22824.1,22852.7,22796.2,22847.35,0
2025-02-17 12:45:00,22847.3,22899.8,22837.1,22837.85,0
2025-02-17 13:15:00,22838.6,22959.1,22834.1,22937.55,0
2025-02-17 13:45:00,22937.65,22949.0,22876.75,22886.5,0
2025-02-17 14:15:00,22887.1,22927.0,22883.3,22911.95,0
2025-02-17 14:45:00,22911.65,22970.65,22896.4,22970.65,0
2025-02-17 15:15:00,22970.5,22974.0,22954.8,22959.5,0
2025-02-18 09:15:00,22975.1,22989.4,22868.65,22924.45,0
2025-02-18 09:45:00,22924.4,22968.3,22893.25,22894.45,0
2025-02-18 10:15:00,22894.1,22909.05,22814.5,22841.45,0
2025-02-18 10:45:00,22840.5,22877.55,22801.5,22813.7,0
2025-02-18 11:15:00,22814.35,22867.15,22807.5,22866.7,0
2025-02-18 11:45:00,22866.45,22900.7,22830.8,22863.3,0
2025-02-18 12:15:00,22863.3,22909.55,22852.5,22877.65,0
2025-02-18 12:45:00,22878.35,22892.2,22839.95,22871.85,0
2025-02-18 13:15:00,22872.05,22934.3,22871.75,22921.45,0
2025-02-18 13:45:00,22922.8,22932.6,22890.0,22917.25,0
2025-02-18 14:15:00,22917.3,22952.7,22909.7,22947.05,0
2025-02-18 14:45:00,22945.7,22970.8,22925.8,22951.4,0
2025-02-18 15:15:00,22952.1,22952.1,22918.3,22945.3,0
2025-02-19 09:15:00,22847.55,22912.35,22814.85,22912.3,0
2025-02-19 09:45:00,22912.6,22996.2,22912.05,22985.6,0
2025-02-19 10:15:00,22986.4,23049.95,22986.4,23020.75,0
2025-02-19 10:45:00,23021.0,23028.1,22922.45,22972.1,0
2025-02-19 11:15:00,22972.3,22987.8,22946.4,22959.05,0
2025-02-19 11:45:00,22958.95,23011.4,22958.95,22999.25,0
2025-02-19 12:15:00,22999.65,23023.55,22933.3,22944.1,0
2025-02-19 12:45:00,22944.3,22954.05,22914.25,22939.2,0
2025-02-19 13:15:00,22939.0,22961.05,22921.25,22938.4,0
2025-02-19 13:45:00,22938.45,22953.65,22925.3,22950.8,0
2025-02-19 14:15:00,22950.9,22951.25,22858.8,22881.8,0
2025-02-19 14:45:00,22880.85,22949.15,22878.55,22939.55,0
2025-02-19 15:15:00,22939.7,22940.2,22912.35,22932.9,0
2025-02-20 09:15:00,22830.6,22897.9,22824.65,22881.25,0
2025-02-20 09:45:00,22881.1,22890.55,22813.4,22873.75,0
2025-02-20 10:15:00,22873.8,22908.95,22868.4,22883.2,0
2025-02-20 10:45:00,22884.25,22912.75,22875.1,22911.3,0
2025-02-20 11:15:00,22911.2,22913.95,22895.0,22903.6,0
2025-02-20 11:45:00,22903.45,22905.9,22879.05,22889.0,0
2025-02-20 12:15:00,22889.1,22908.8,22884.75,22899.8,0
2025-02-20 12:45:00,22899.6,22907.1,22870.55,22878.25,0
2025-02-20 13:15:00,22878.05,22907.3,22875.75,22906.0,0
2025-02-20 13:45:00,22906.3,22922.95,22893.8,22899.5,0
2025-02-20 14:15:00,22900.05,22916.6,22895.25,22912.65,0
2025-02-20 14:45:00,22913.15,22923.35,22896.95,22917.15,0
2025-02-20 15:15:00,22916.2,22920.8,22905.0,22913.15,0
2025-02-21 09:15:00,22855.8,22920.5,22840.05,22843.5,0
2025-02-21 09:45:00,22844.45,22852.95,22760.3,22760.65,0
2025-02-21 10:15:00,22760.2,22798.0,22733.75,22789.2,0
2025-02-21 10:45:00,22789.55,22797.95,22740.7,22767.95,0
2025-02-21 11:15:00,22768.0,22820.9,22746.8,22800.75,0
2025-02-21 11:45:00,22800.8,22809.6,22776.1,22786.3,0
2025-02-21 12:15:00,22786.2,22824.45,22783.2,22810.7,0
2025-02-21 12:45:00,22809.6,22818.45,22757.95,22776.7,0
2025-02-21 13:15:00,22775.3,22787.2,22722.35,22735.6,0
2025-02-21 13:45:00,22735.25,22781.85,22721.3,22778.9,0
2025-02-21 14:15:00,22778.6,22792.5,22760.05,22787.85,0
2025-02-21 14:45:00,22787.2,22812.7,22771.5,22810.75,0
2025-02-21 15:15:00,22810.2,22812.25,22763.2,22795.9,0
2025-02-24 09:15:00,22609.35,22667.65,22564.05,22571.2,0
2025-02-24 09:45:00,22570.75,22596.95,22561.0,22572.15,0
2025-02-24 10:15:00,22572.5,22580.9,22548.75,22554.55,0
2025-02-24 10:45:00,22554.7,22580.95,22550.1,22568.6,0
2025-02-24 11:15:00,22567.95,22611.85,22563.75,22610.1,0
2025-02-24 11:45:00,22610.35,22620.05,22559.35,22561.15,0
2025-02-24 12:15:00,22561.25,22583.9,22553.6,22564.55,0
2025-02-24 12:45:00,22564.45,22591.0,22562.15,22572.35,0
2025-02-24 13:15:00,22572.3,22580.35,22526.9,22533.45,0
2025-02-24 13:45:00,22532.95,22553.5,22520.55,22543.65,0
2025-02-24 14:15:00,22543.7,22576.45,22536.45,22572.15,0
2025-02-24 14:45:00,22571.9,22590.15,22545.3,22554.4,0
2025-02-24 15:15:00,22554.35,22563.05,22544.15,22553.35,0
2025-02-25 09:15:00,22529.8,22610.95,22529.8,22603.85,0
2025-02-25 09:45:00,22605.0,22625.2,22582.2,22597.5,0
2025-02-25 10:15:00,22598.35,22601.15,22565.0,22582.8,0
2025-02-25 10:45:00,22583.0,22585.7,22555.15,22566.6,0
2025-02-25 11:15:00,22566.45,22569.7,22544.85,22568.45,0
2025-02-25 11:45:00,22568.45,22581.15,22553.0,22572.65,0
2025-02-25 12:15:00,22572.65,22590.3,22566.05,22567.65,0
2025-02-25 12:45:00,22567.65,22600.4,22566.95,22592.75,0
2025-02-25 13:15:00,22592.9,22595.35,22571.25,22587.15,0
2025-02-25 13:45:00,22585.65,22595.9,22575.1,22582.05,0
2025-02-25 14:15:00,22582.3,22585.95,22573.95,22580.65,0
2025-02-25 14:45:00,22580.5,22583.25,22546.25,22552.4,0
2025-02-25 15:15:00,22554.55,22559.95,22516.5,22547.55,0
2025-02-27 09:15:00,22583.3,22608.7,22535.15,22560.2,0
2025-02-27 09:45:00,22560.25,22570.0,22530.45,22542.3,0
2025-02-27 10:15:00,22542.9,22554.95,22527.2,22553.4,0
2025-02-27 10:45:00,22553.7,22564.7,22540.8,22548.95,0
2025-02-27 11:15:00,22549.35,22557.25,22528.3,22531.45,0
2025-02-27 11:45:00,22530.95,22537.45,22519.65,22526.65,0
2025-02-27 12:15:00,22526.9,22534.1,22516.2,22526.8,0
2025-02-27 12:45:00,22527.7,22537.65,22526.1,22527.8,0
2025-02-27 13:15:00,22528.75,22542.6,22525.95,22538.8,0
2025-02-27 13:45:00,22539.7,22550.45,22532.15,22544.1,0
2025-02-27 14:15:00,22544.9,22553.75,22534.85,22546.45,0
2025-02-27 14:45:00,22547.3,22556.9,22539.05,22542.7,0
2025-02-27 15:15:00,22542.35,22548.8,22509.55,22545.05,0
2025-02-28 09:15:00,22442.45,22446.9,22252.4,22261.7,0
2025-02-28 09:45:00,22261.15,22282.3,22224.2,22262.15,0
2025-02-28 10:15:00,22261.8,22300.5,22258.55,22288.65,0
2025-02-28 10:45:00,22288.25,22294.1,22240.2,22246.25,0
2025-02-28 11:15:00,22246.4,22280.0,22238.1,22240.4,0
2025-02-28 11:45:00,22240.9,22246.25,22218.1,22222.55,0
2025-02-28 12:15:00,22221.75,22253.75,22167.6,22169.1,0
2025-02-28 12:45:00,22169.25,22180.45,22106.2,22127.85,0
2025-02-28 13:15:00,22127.75,22145.0,22111.55,22123.45,0
2025-02-28 13:45:00,22122.05,22163.8,22114.85,22138.5,0
2025-02-28 14:15:00,22138.15,22173.3,22123.55,22173.3,0
2025-02-28 14:45:00,22172.3,22198.75,22117.25,22124.65,0
2025-02-28 15:15:00,22124.85,22128.7,22105.85,22124.7,0
2025-03-03 09:15:00,22207.1,22261.35,22128.0,22130.35,0
2025-03-03 09:45:00,22130.1,22133.0,22012.6,22024.9,0
2025-03-03 10:15:00,22025.55,22104.2,22022.8,22046.0,0
2025-03-03 10:45:00,22044.4,22080.55,22006.25,22031.6,0
2025-03-03 11:15:00,22030.55,22044.25,22005.0,22016.85,0
2025-03-03 11:45:00,22017.05,22055.85,22006.7,22054.75,0
2025-03-03 12:15:00,22054.55,22110.95,22037.1,22105.45,0
2025-03-03 12:45:00,22105.85,22155.05,22105.0,22154.8,0
2025-03-03 13:15:00,22154.95,22174.15,22092.45,22119.1,0
2025-03-03 13:45:00,22121.3,22149.75,22071.9,22120.85,0
2025-03-03 14:15:00,22124.45,22153.55,22092.3,22138.65,0
2025-03-03 14:45:00,22142.7,22144.75,22099.2,22117.25,0
2025-03-03 15:15:00,22117.2,22146.55,22110.1,22119.3,0
2025-03-04 09:15:00,21980.8,22068.75,21965.85,22041.4,0
2025-03-04 09:45:00,22039.2,22090.95,22013.6,22049.95,0
2025-03-04 10:15:00,22049.25,22077.2,22048.15,22052.65,0
2025-03-04 10:45:00,22052.9,22104.2,22051.3,22083.7,0
2025-03-04 11:15:00,22083.1,22086.35,22063.2,22070.2,0
2025-03-04 11:45:00,22069.4,22074.5,22047.95,22058.0,0
2025-03-04 12:15:00,22058.2,22075.35,22049.65,22064.25,0
2025-03-04 12:45:00,22064.0,22073.3,22035.05,22056.35,0
2025-03-04 13:15:00,22056.6,22068.75,22039.6,22058.65,0
2025-03-04 13:45:00,22057.6,22105.05,22047.35,22087.6,0
2025-03-04 14:15:00,22088.55,22100.35,22075.2,22083.1,0
2025-03-04 14:45:00,22083.5,22104.65,22074.85,22082.05,0
2025-03-04 15:15:00,22082.6,22090.95,22064.7,22082.65,0
2025-03-05 09:15:00,22071.65,22249.85,22071.65,22237.6,0
2025-03-05 09:45:00,22237.6,22264.7,22227.2,22239.0,0
2025-03-05 10:15:00,22238.7,22284.0,22211.1,22282.7,0
2025-03-05 10:45:00,22283.15,22296.1,22266.6,22282.35,0
2025-03-05 11:15:00,22282.65,22337.4,22277.0,22337.1,0
2025-03-05 11:45:00,22336.75,22374.9,22336.45,22362.1,0
2025-03-05 12:15:00,22361.9,22394.7,22347.7,22372.3,0
2025-03-05 12:45:00,22373.05,22377.65,22333.1,22348.8,0
2025-03-05 13:15:00,22348.4,22363.05,22301.75,22313.8,0
2025-03-05 13:45:00,22313.85,22338.75,22310.7,22326.8,0
2025-03-05 14:15:00,22326.7,22343.45,22292.3,22337.9,0
2025-03-05 14:45:00,22337.6,22353.85,22324.6,22335.0,0
2025-03-05 15:15:00,22335.15,22351.25,22326.35,22337.3,0
2025-03-06 09:15:00,22479.95,22487.25,22298.25,22315.15,0
2025-03-06 09:45:00,22315.25,22364.8,22246.7,22331.6,0
2025-03-06 10:15:00,22330.9,22377.8,22322.95,22366.5,0
2025-03-06 10:45:00,22366.35,22455.55,22354.05,22436.25,0
2025-03-06 11:15:00,22436.15,22438.8,22319.95,22374.55,0
2025-03-06 11:45:00,22374.3,22427.0,22374.2,22412.45,0
2025-03-06 12:15:00,22412.3,22462.2,22408.1,22447.2,0
2025-03-06 12:45:00,22447.5,22485.9,22430.65,22466.15,0
2025-03-06 13:15:00,22466.85,22492.7,22451.55,22484.6,0
2025-03-06 13:45:00,22485.2,22528.4,22484.4,22509.2,0
2025-03-06 14:15:00,22508.7,22543.05,22491.15,22539.0,0
2025-03-06 14:45:00,22537.75,22555.8,22524.1,22547.85,0
2025-03-06 15:15:00,22548.15,22553.35,22520.6,22544.7,0
2025-03-07 09:15:00,22509.05,22572.3,22467.1,22497.3,0
2025-03-07 09:45:00,22497.1,22606.05,22470.8,22605.7,0
2025-03-07 10:15:00,22607.95,22625.35,22577.8,22591.1,0
2025-03-07 10:45:00,22591.0,22619.8,22567.85,22615.2,0
2025-03-07 11:15:00,22614.05,22633.3,22585.7,22599.1,0
2025-03-07 11:45:00,22599.3,22600.15,22516.1,22526.85,0
2025-03-07 12:15:00,22526.3,22583.3,22509.05,22577.0,0
2025-03-07 12:45:00,22576.7,22577.35,22530.3,22539.2,0
2025-03-07 13:15:00,22539.65,22576.0,22539.3,22568.35,0
2025-03-07 13:45:00,22567.15,22569.0,22522.7,22553.6,0
2025-03-07 14:15:00,22554.0,22595.7,22550.75,22590.1,0
2025-03-07 14:45:00,22589.75,22607.65,22556.65,22556.85,0
2025-03-07 15:15:00,22557.55,22557.7,22530.35,22552.5,0
2025-03-10 09:15:00,22536.65,22654.65,22502.4,22653.85,0
2025-03-10 09:45:00,22654.15,22676.65,22624.8,22631.75,0
2025-03-10 10:15:00,22631.75,22644.65,22603.8,22643.3,0
2025-03-10 10:45:00,22643.0,22650.5,22609.85,22616.9,0
2025-03-10 11:15:00,22617.15,22645.35,22606.55,22637.2,0
2025-03-10 11:45:00,22636.95,22638.35,22582.35,22587.5,0
2025-03-10 12:15:00,22587.45,22600.85,22563.35,22587.95,0
2025-03-10 12:45:00,22588.25,22619.3,22577.75,22601.8,0
2025-03-10 13:15:00,22601.55,22602.2,22562.95,22565.2,0
2025-03-10 13:45:00,22564.95,22565.6,22532.9,22548.6,0
2025-03-10 14:15:00,22548.7,22549.1,22430.1,22436.75,0
2025-03-10 14:45:00,22436.3,22479.35,22429.4,22469.65,0
2025-03-10 15:15:00,22470.2,22472.55,22436.4,22460.3,0
2025-03-11 09:15:00,22345.55,22395.4,22316.0,22362.65,0
2025-03-11 09:45:00,22363.75,22426.05,22354.0,22422.55,0
2025-03-11 10:15:00,22422.45,22449.35,22397.25,22441.0,0
2025-03-11 10:45:00,22440.75,22485.1,22419.4,22452.3,0
2025-03-11 11:15:00,22452.55,22455.2,22415.55,22432.2,0
2025-03-11 11:45:00,22432.3,22448.0,22421.45,22437.7,0
2025-03-11 12:15:00,22437.6,22466.4,22430.3,22463.9,0
2025-03-11 12:45:00,22463.65,22465.9,22435.2,22446.7,0
2025-03-11 13:15:00,22446.1,22477.05,22437.65,22473.55,0
2025-03-11 13:45:00,22473.3,22509.7,22471.55,22501.55,0
2025-03-11 14:15:00,22501.6,22515.75,22483.55,22487.0,0
2025-03-11 14:45:00,22487.65,22512.55,22469.35,22499.5,0
2025-03-11 15:15:00,22499.85,22521.65,22490.75,22497.9,0
2025-03-12 09:15:00,22542.05,22573.3,22450.65,22481.0,0
2025-03-12 09:45:00,22480.4,22514.1,22418.1,22425.2,0
2025-03-12 10:15:00,22423.75,22460.85,22410.55,22450.3,0
2025-03-12 10:45:00,22449.45,22454.55,22395.4,22416.45,0
2025-03-12 11:15:00,22416.3,22420.5,22340.9,22350.7,0
2025-03-12 11:45:00,22350.85,22368.1,22330.15,22367.2,0
2025-03-12 12:15:00,22367.55,22384.8,22344.75,22347.0,0
2025-03-12 12:45:00,22346.95,22405.85,22331.75,22402.2,0
2025-03-12 13:15:00,22402.95,22445.3,22400.95,22411.2,0
2025-03-12 13:45:00,22410.65,22440.5,22392.05,22437.0,0
2025-03-12 14:15:00,22436.9,22475.15,22432.6,22442.75,0
2025-03-12 14:45:00,22442.45,22494.1,22441.6,22473.75,0
2025-03-12 15:15:00,22474.05,22474.05,22452.75,22470.5,0
2025-03-13 09:15:00,22541.6,22545.1,22460.6,22490.15,0
2025-03-13 09:45:00,22489.6,22547.45,22482.1,22545.1,0
2025-03-13 10:15:00,22545.1,22557.75,22515.25,22523.8,0
2025-03-13 10:45:00,22523.75,22524.7,22478.3,22520.15,0
2025-03-13 11:15:00,22519.65,22520.65,22418.4,22433.5,0
2025-03-13 11:45:00,22434.6,22447.1,22404.3,22443.2,0
2025-03-13 12:15:00,22442.75,22451.65,22425.75,22450.35,0
2025-03-13 12:45:00,22449.75,22462.05,22425.95,22429.8,0
2025-03-13 13:15:00,22429.15,22451.65,22419.75,22442.75,0
2025-03-13 13:45:00,22442.55,22453.5,22420.65,22432.3,0
2025-03-13 14:15:00,22432.35,22434.9,22394.75,22406.15,0
2025-03-13 14:45:00,22406.6,22409.2,22377.5,22399.6,0
2025-03-13 15:15:00,22399.5,22412.75,22379.45,22397.2,0
2025-03-17 09:15:00,22384.15,22576.75,22384.15,22553.2,0
2025-03-17 09:45:00,22553.75,22560.4,22512.75,22513.4,0
2025-03-17 10:15:00,22513.3,22513.45,22455.4,22472.45,0
2025-03-17 10:45:00,22473.0,22505.8,22472.9,22477.55,0
2025-03-17 11:15:00,22477.9,22530.7,22470.85,22517.7,0
2025-03-17 11:45:00,22517.4,22522.15,22483.3,22510.1,0
2025-03-17 12:15:00,22509.55,22509.55,22442.0,22466.9,0
2025-03-17 12:45:00,22467.1,22469.75,22445.2,22467.6,0
2025-03-17 13:15:00,22467.7,22499.45,22466.45,22493.1,0
2025-03-17 13:45:00,22493.75,22528.6,22473.8,22520.65,0
2025-03-17 14:15:00,22520.85,22527.85,22481.75,22489.55,0
2025-03-17 14:45:00,22489.2,22522.7,22487.6,22510.5,0
2025-03-17 15:15:00,22510.65,22520.5,22506.25,22508.75,0
2025-03-18 09:15:00,22649.65,22703.1,22601.05,22681.35,0
2025-03-18 09:45:00,22681.15,22751.05,22665.55,22745.35,0
2025-03-18 10:15:00,22746.5,22774.3,22729.4,22773.4,0
2025-03-18 10:45:00,22773.85,22774.1,22739.65,22757.05,0
2025-03-18 11:15:00,22757.2,22780.55,22741.9,22765.65,0
2025-03-18 11:45:00,22765.45,22781.1,22759.05,22769.65,0
2025-03-18 12:15:00,22769.85,22770.4,22702.7,22703.9,0
2025-03-18 12:45:00,22704.95,22762.85,22697.75,22761.2,0
2025-03-18 13:15:00,22762.4,22786.8,22758.6,22783.3,0
2025-03-18 13:45:00,22784.95,22798.3,22772.65,22774.35,0
2025-03-18 14:15:00,22775.45,22797.0,22770.35,22794.15,0
2025-03-18 14:45:00,22794.85,22845.35,22793.05,22842.95,0
2025-03-18 15:15:00,22842.1,22857.25,22833.95,22834.3,0
2025-03-19 09:15:00,22883.05,22885.7,22808.6,22857.65,0
2025-03-19 09:45:00,22857.8,22879.7,22840.45,22864.1,0
2025-03-19 10:15:00,22864.05,22910.2,22864.05,22907.9,0
2025-03-19 10:45:00,22907.9,22914.25,22865.3,22902.5,0
2025-03-19 11:15:00,22902.5,22905.65,22881.45,22888.75,0
2025-03-19 11:45:00,22889.1,22907.15,22875.45,22887.15,0
2025-03-19 12:15:00,22887.65,22915.1,22885.55,22906.6,0
2025-03-19 12:45:00,22906.85,22939.45,22882.8,22903.9,0
2025-03-19 13:15:00,22904.6,22928.15,22898.55,22917.45,0
2025-03-19 13:45:00,22918.15,22923.7,22899.35,22908.75,0
2025-03-19 14:15:00,22909.35,22937.4,22905.3,22933.8,0
2025-03-19 14:45:00,22934.8,22937.7,22905.45,22911.55,0
2025-03-19 15:15:00,22912.3,22917.7,22895.9,22907.6,0
2025-03-20 09:15:00,23027.55,23070.8,22995.4,23053.55,0
2025-03-20 09:45:00,23054.25,23055.45,22974.15,22987.65,0
2025-03-20 10:15:00,22987.3,23059.1,22982.05,23035.95,0
2025-03-20 10:45:00,23035.75,23068.25,23021.6,23063.55,0
2025-03-20 11:15:00,23063.95,23067.55,23042.65,23057.5,0
2025-03-20 11:45:00,23057.1,23073.75,23052.55,23072.55,0
2025-03-20 12:15:00,23072.9,23095.6,23071.7,23093.7,0
2025-03-20 12:45:00,23093.75,23145.85,23088.85,23143.35,0
2025-03-20 13:15:00,23143.55,23185.05,23132.7,23177.7,0
2025-03-20 13:45:00,23177.45,23205.8,23166.95,23182.4,0
2025-03-20 14:15:00,23183.2,23216.05,23171.3,23195.0,0
2025-03-20 14:45:00,23195.2,23214.75,23183.5,23183.85,0
2025-03-20 15:15:00,23183.95,23190.75,23162.25,23190.65,0
2025-03-21 09:15:00,23168.25,23276.35,23134.3,23273.85,0
2025-03-21 09:45:00,23273.7,23275.2,23240.95,23257.1,0
2025-03-21 10:15:00,23257.3,23318.95,23247.9,23309.65,0
2025-03-21 10:45:00,23309.3,23357.55,23306.15,23331.5,0
2025-03-21 11:15:00,23331.15,23370.65,23326.5,23336.5,0
2025-03-21 11:45:00,23336.25,23368.9,23331.55,23356.5,0
2025-03-21 12:15:00,23355.85,23392.15,23350.8,23388.4,0
2025-03-21 12:45:00,23388.3,23401.85,23366.95,23371.4,0
2025-03-21 13:15:00,23371.15,23386.8,23313.05,23333.8,0
2025-03-21 13:45:00,23334.45,23352.2,23277.05,23335.95,0
2025-03-21 14:15:00,23335.1,23379.8,23334.75,23351.95,0
2025-03-21 14:45:00,23351.85,23360.45,23330.3,23348.7,0
2025-03-21 15:15:00,23348.8,23373.55,23339.1,23350.4,0
2025-03-24 09:15:00,23487.95,23519.45,23433.75,23472.9,0
2025-03-24 09:45:00,23475.3,23559.65,23471.9,23544.05,0
2025-03-24 10:15:00,23544.15,23589.55,23536.2,23576.45,0
2025-03-24 10:45:00,23577.4,23638.35,23573.1,23614.1,0
2025-03-24 11:15:00,23614.2,23643.0,23579.5,23590.2,0
2025-03-24 11:45:00,23589.95,23630.5,23589.65,23628.05,0
2025-03-24 12:15:00,23627.4,23650.2,23625.1,23636.6,0
2025-03-24 12:45:00,23636.9,23656.2,23613.25,23654.65,0
2025-03-24 13:15:00,23654.3,23666.15,23648.3,23650.45,0
2025-03-24 13:45:00,23650.7,23690.35,23628.55,23687.35,0
2025-03-24 14:15:00,23687.3,23708.05,23664.8,23668.65,0
2025-03-24 14:45:00,23668.8,23683.2,23629.9,23652.9,0
2025-03-24 15:15:00,23651.9,23681.25,23651.9,23658.35,0
2025-03-25 09:15:00,23752.85,23796.6,23665.65,23788.1,0
2025-03-25 09:45:00,23788.0,23869.15,23770.4,23770.4,0
2025-03-25 10:15:00,23769.35,23826.35,23705.9,23761.1,0
2025-03-25 10:45:00,23763.0,23768.15,23656.8,23701.1,0
2025-03-25 11:15:00,23701.0,23722.65,23631.9,23642.55,0
2025-03-25 11:45:00,23641.9,23730.0,23628.35,23693.15,0
2025-03-25 12:15:00,23693.55,23699.4,23653.65,23696.9,0
2025-03-25 12:45:00,23696.9,23705.35,23668.0,23676.0,0
2025-03-25 13:15:00,23676.35,23719.05,23644.3,23711.6,0
2025-03-25 13:45:00,23710.8,23744.1,23703.75,23739.9,0
2025-03-25 14:15:00,23739.05,23744.6,23695.55,23695.9,0
2025-03-25 14:45:00,23696.2,23710.55,23661.7,23670.3,0
2025-03-25 15:15:00,23670.6,23675.3,23603.5,23668.65,0
2025-03-26 09:15:00,23698.7,23735.9,23641.4,23646.2,0
2025-03-26 09:45:00,23645.75,23687.85,23614.75,23679.15,0
2025-03-26 10:15:00,23679.75,23720.2,23656.65,23670.85,0
2025-03-26 10:45:00,23672.4,23705.75,23629.55,23653.0,0
2025-03-26 11:15:00,23653.5,23671.9,23631.75,23641.35,0
2025-03-26 11:45:00,23640.65,23640.9,23572.2,23603.75,0
2025-03-26 12:15:00,23602.95,23626.45,23585.55,23624.2,0
2025-03-26 12:45:00,23623.9,23638.05,23551.9,23566.1,0
2025-03-26 13:15:00,23565.4,23575.95,23514.8,23516.85,0
2025-03-26 13:45:00,23517.5,23562.35,23501.15,23550.5,0
2025-03-26 14:15:00,23550.5,23562.25,23520.15,23525.3,0
2025-03-26 14:45:00,23524.7,23536.95,23452.6,23501.45,0
2025-03-26 15:15:00,23501.4,23501.75,23464.3,23486.85,0
2025-03-27 09:15:00,23438.75,23561.55,23415.2,23554.7,0
2025-03-27 09:45:00,23553.5,23618.65,23520.6,23600.35,0
2025-03-27 10:15:00,23599.55,23626.7,23575.15,23583.3,0
2025-03-27 10:45:00,23582.6,23605.65,23559.8,23602.9,0
2025-03-27 11:15:00,23603.05,23614.3,23580.15,23611.5,0
2025-03-27 11:45:00,23611.5,23615.25,23581.6,23600.5,0
2025-03-27 12:15:00,23600.15,23602.95,23574.85,23599.7,0
2025-03-27 12:45:00,23595.85,23607.55,23586.55,23586.6,0
2025-03-27 13:15:00,23586.4,23607.6,23581.8,23605.6,0
2025-03-27 13:45:00,23605.3,23616.8,23595.95,23609.1,0
2025-03-27 14:15:00,23610.1,23614.25,23582.2,23603.4,0
2025-03-27 14:45:00,23603.55,23620.4,23572.1,23589.25,0
2025-03-27 15:15:00,23588.65,23636.6,23576.45,23591.95,0
2025-03-28 09:15:00,23605.25,23626.35,23505.45,23520.9,0
2025-03-28 09:45:00,23521.45,23565.85,23509.7,23524.15,0
2025-03-28 10:15:00,23524.15,23634.7,23519.0,23613.05,0
2025-03-28 10:45:00,23614.65,23649.15,23580.6,23581.3,0
2025-03-28 11:15:00,23581.7,23601.25,23563.0,23569.05,0
2025-03-28 11:45:00,23568.6,23604.55,23561.7,23596.45,0
2025-03-28 12:15:00,23596.55,23598.15,23484.0,23500.65,0
2025-03-28 12:45:00,23500.75,23532.6,23471.3,23499.55,0
2025-03-28 13:15:00,23499.6,23522.5,23481.15,23486.55,0
2025-03-28 13:45:00,23485.3,23505.25,23451.6,23503.3,0
2025-03-28 14:15:00,23501.45,23597.1,23493.7,23594.5,0
2025-03-28 14:45:00,23594.25,23612.05,23520.1,23543.65,0
2025-03-28 15:15:00,23544.25,23545.3,23485.75,23519.35,0
2025-04-01 09:15:00,23353.0,23563.2,23343.75,23545.1,0
2025-04-01 09:45:00,23544.45,23553.3,23448.2,23456.1,0
2025-04-01 10:15:00,23455.6,23483.7,23277.05,23319.95,0
2025-04-01 10:45:00,23320.65,23339.35,23221.35,23228.95,0
2025-04-01 11:15:00,23229.0,23258.8,23183.75,23200.1,0
2025-04-01 11:45:00,23199.1,23216.25,23173.4,23209.9,0
2025-04-01 12:15:00,23209.25,23252.25,23202.0,23228.05,0
2025-04-01 12:45:00,23227.55,23233.2,23174.3,23192.45,0
2025-04-01 13:15:00,23192.15,23195.15,23136.4,23171.1,0
2025-04-01 13:45:00,23171.3,23186.8,23150.3,23161.55,0
2025-04-01 14:15:00,23163.1,23171.25,23137.45,23161.65,0
2025-04-01 14:45:00,23161.35,23180.35,23151.65,23174.5,0
2025-04-01 15:15:00,23174.9,23182.3,23151.8,23165.7,0
2025-04-02 09:15:00,23209.05,23292.9,23160.4,23234.0,0
2025-04-02 09:45:00,23233.45,23250.55,23183.25,23238.85,0
2025-04-02 10:15:00,23238.15,23285.1,23224.6,23264.6,0
2025-04-02 10:45:00,23264.4,23311.85,23264.3,23287.5,0
2025-04-02 11:15:00,23287.55,23295.3,23246.15,23259.05,0
2025-04-02 11:45:00,23259.3,23285.95,23247.5,23281.45,0
2025-04-02 12:15:00,23281.25,23300.0,23269.5,23286.15,0
2025-04-02 12:45:00,23286.3,23296.9,23238.95,23287.65,0
2025-04-02 13:15:00,23287.9,23307.0,23273.85,23274.6,0
2025-04-02 13:45:00,23274.8,23298.9,23254.75,23278.3,0
2025-04-02 14:15:00,23279.1,23314.1,23276.6,23308.75,0
2025-04-02 14:45:00,23309.65,23349.85,23285.25,23337.75,0
2025-04-02 15:15:00,23338.0,23342.0,23324.6,23332.35,0
2025-04-03 09:15:00,23159.6,23280.65,23159.6,23244.8,0
2025-04-03 09:45:00,23243.4,23281.85,23214.9,23277.6,0
2025-04-03 10:15:00,23278.3,23306.25,23253.4,23287.75,0
2025-04-03 10:45:00,23289.05,23292.75,23260.1,23278.95,0
2025-04-03 11:15:00,23279.35,23284.2,23248.9,23283.05,0
2025-04-03 11:45:00,23282.75,23294.75,23272.85,23273.5,0
2025-04-03 12:15:00,23275.95,23279.8,23256.3,23258.35,0
2025-04-03 12:45:00,23259.35,23272.85,23250.6,23258.95,0
2025-04-03 13:15:00,23260.35,23278.4,23254.95,23264.65,0
2025-04-03 13:45:00,23264.05,23274.85,23253.95,23255.3,0
2025-04-03 14:15:00,23254.8,23271.55,23244.45,23254.35,0
2025-04-03 14:45:00,23254.65,23259.5,23240.8,23253.05,0
2025-04-03 15:15:00,23253.75,23255.75,23236.4,23250.1,0
2025-04-04 09:15:00,23208.15,23210.5,23029.8,23062.25,0
2025-04-04 09:45:00,23063.75,23074.25,22941.25,22941.95,0
2025-04-04 10:15:00,22941.7,22979.9,22921.95,22960.8,0
2025-04-04 10:45:00,22958.95,23029.9,22949.4,23013.05,0
2025-04-04 11:15:00,23013.75,23026.2,22961.75,22970.1,0
2025-04-04 11:45:00,22971.2,22979.1,22944.75,22965.3,0
2025-04-04 12:15:00,22965.35,22991.6,22944.4,22964.45,0
2025-04-04 12:45:00,22964.35,22974.05,22937.2,22938.05,0
2025-04-04 13:15:00,22938.15,22966.75,22895.7,22903.05,0
2025-04-04 13:45:00,22902.15,22913.8,22875.15,22909.6,0
2025-04-04 14:15:00,22908.6,22918.8,22868.45,22872.4,0
2025-04-04 14:45:00,22873.65,22921.55,22858.15,22911.0,0
2025-04-04 15:15:00,22909.45,22920.6,22896.45,22904.45,0
2025-04-07 09:15:00,21822.0,22188.4,21815.4,22021.7,0
2025-04-07 09:45:00,22023.35,22050.65,21911.05,21918.15,0
2025-04-07 10:15:00,21916.0,22021.65,21898.3,22007.55,0
2025-04-07 10:45:00,22009.2,22082.7,21976.4,21986.3,0
2025-04-07 11:15:00,21985.8,22069.5,21949.3,22002.05,0
2025-04-07 11:45:00,22001.3,22004.85,21886.15,21890.95,0
2025-04-07 12:15:00,21890.15,21898.9,21796.9,21896.1,0
2025-04-07 12:45:00,21894.75,21943.25,21841.65,21859.65,0
2025-04-07 13:15:00,21860.85,21991.2,21814.35,21977.8,0
2025-04-07 13:45:00,21978.75,22037.8,21964.85,21997.7,0
2025-04-07 14:15:00,21998.9,22080.85,21973.4,22000.2,0
2025-04-07 14:45:00,22001.25,22210.4,22001.25,22184.65,0
2025-04-07 15:15:00,22184.3,22253.2,22134.65,22161.6,0
2025-04-08 09:15:00,22473.35,22573.1,22454.0,22479.3,0
2025-04-08 09:45:00,22479.05,22521.4,22378.5,22383.95,0
2025-04-08 10:15:00,22384.55,22432.6,22275.85,22292.65,0
2025-04-08 10:45:00,22292.1,22489.95,22272.9,22436.55,0
2025-04-08 11:15:00,22436.15,22455.2,22319.4,22357.35,0
2025-04-08 11:45:00,22357.8,22552.3,22353.65,22552.3,0
2025-04-08 12:15:00,22554.3,22665.4,22506.05,22643.95,0
2025-04-08 12:45:00,22646.55,22671.15,22609.75,22666.4,0
2025-04-08 13:15:00,22666.3,22696.65,22528.7,22588.1,0
2025-04-08 13:45:00,22587.2,22610.95,22461.75,22598.4,0
2025-04-08 14:15:00,22602.15,22664.9,22554.7,22569.15,0
2025-04-08 14:45:00,22568.4,22602.75,22517.15,22528.4,0
2025-04-08 15:15:00,22528.3,22555.75,22517.95,22535.85,0
2025-04-09 09:15:00,22453.25,22467.85,22362.1,22467.85,0
2025-04-09 09:45:00,22468.3,22468.3,22357.05,22371.2,0
2025-04-09 10:15:00,22370.25,22424.9,22366.2,22386.6,0
2025-04-09 10:45:00,22386.55,22410.2,22353.5,22374.55,0
2025-04-09 11:15:00,22374.3,22435.45,22368.7,22433.0,0
2025-04-09 11:45:00,22435.35,22435.35,22405.6,22432.15,0
2025-04-09 12:15:00,22431.55,22448.8,22415.15,22435.2,0
2025-04-09 12:45:00,22435.9,22442.55,22409.7,22432.1,0
2025-04-09 13:15:00,22431.8,22432.9,22396.85,22402.7,0
2025-04-09 13:45:00,22401.95,22413.25,22396.35,22402.25,0
2025-04-09 14:15:00,22402.4,22409.15,22398.75,22403.7,0
2025-04-09 14:45:00,22404.95,22407.5,22387.35,22402.7,0
2025-04-09 15:15:00,22402.9,22424.75,22393.45,22399.15,0
2025-04-11 09:15:00,22727.45,22857.65,22709.95,22849.0,0
2025-04-11 09:45:00,22849.45,22874.25,22807.8,22832.7,0
2025-04-11 10:15:00,22833.2,22843.3,22736.05,22784.35,0
2025-04-11 10:45:00,22784.5,22845.45,22760.75,22834.7,0
2025-04-11 11:15:00,22834.2,22895.05,22820.3,22874.9,0
2025-04-11 11:45:00,22874.85,22909.45,22860.25,22907.85,0
2025-04-11 12:15:00,22908.35,22923.9,22872.75,22893.25,0
2025-04-11 12:45:00,22893.7,22916.1,22885.4,22904.5,0
2025-04-11 13:15:00,22905.4,22908.45,22846.1,22875.1,0
2025-04-11 13:45:00,22875.9,22875.9,22770.4,22785.55,0
2025-04-11 14:15:00,22786.15,22805.8,22762.0,22804.75,0
2025-04-11 14:45:00,22806.2,22840.15,22804.15,22830.35,0
2025-04-11 15:15:00,22831.05,22855.55,22810.95,22828.55,0
2025-04-15 09:15:00,23346.8,23346.8,23211.4,23310.95,0
2025-04-15 09:45:00,23311.05,23330.65,23298.15,23312.1,0
2025-04-15 10:15:00,23311.95,23319.05,23298.2,23309.6,0
2025-04-15 10:45:00,23308.9,23316.0,23292.8,23295.15,0
2025-04-15 11:15:00,23295.65,23316.35,23292.2,23304.9,0
2025-04-15 11:45:00,23304.75,23334.5,23291.65,23332.55,0
2025-04-15 12:15:00,23332.55,23350.35,23328.25,23340.35,0
2025-04-15 12:45:00,23340.05,23350.65,23334.2,23337.7,0
2025-04-15 13:15:00,23337.4,23340.9,23324.95,23328.55,0
2025-04-15 13:45:00,23328.65,23335.5,23315.2,23326.05,0
2025-04-15 14:15:00,23326.0,23334.9,23308.35,23309.6,0
2025-04-15 14:45:00,23309.15,23328.05,23308.35,23321.2,0
2025-04-15 15:15:00,23320.95,23357.1,23319.75,23328.55,0
2025-04-16 09:15:00,23345.25,23359.65,23277.9,23357.7,0
2025-04-16 09:45:00,23357.2,23372.5,23343.3,23355.8,0
2025-04-16 10:15:00,23354.7,23358.95,23280.75,23300.2,0
2025-04-16 10:45:00,23300.25,23319.3,23274.0,23319.3,0
2025-04-16 11:15:00,23318.85,23336.35,23316.0,23333.95,0
2025-04-16 11:45:00,23333.3,23349.6,23325.0,23339.95,0
2025-04-16 12:15:00,23341.2,23362.05,23335.9,23355.05,0
2025-04-16 12:45:00,23357.3,23357.8,23332.75,23357.3,0
2025-04-16 13:15:00,23356.95,23358.45,23286.0,23306.65,0
2025-04-16 13:45:00,23305.65,23430.25,23293.9,23428.6,0
2025-04-16 14:15:00,23430.5,23430.5,23395.7,23414.65,0
2025-04-16 14:45:00,23414.4,23439.15,23408.7,23424.55,0
2025-04-16 15:15:00,23424.3,23452.05,23420.85,23437.2,0
2025-04-17 09:15:00,23387.0,23403.25,23299.15,23397.65,0
2025-04-17 09:45:00,23397.1,23434.55,23341.05,23353.4,0
2025-04-17 10:15:00,23352.75,23426.95,23342.3,23421.95,0
2025-04-17 10:45:00,23421.8,23444.85,23369.15,23440.1,0
2025-04-17 11:15:00,23440.95,23614.9,23439.35,23596.5,0
2025-04-17 11:45:00,23598.85,23646.75,23567.4,23634.45,0
2025-04-17 12:15:00,23634.25,23715.5,23623.0,23712.35,0
2025-04-17 12:45:00,23712.05,23788.65,23703.3,23788.65,0
2025-04-17 13:15:00,23787.85,23818.95,23761.7,23816.45,0
2025-04-17 13:45:00,23814.6,23871.25,23812.95,23831.15,0
2025-04-17 14:15:00,23828.7,23867.2,23783.8,23859.7,0
2025-04-17 14:45:00,23858.95,23871.3,23835.8,23847.0,0
2025-04-17 15:15:00,23847.2,23862.2,23831.35,23851.65,0
2025-04-21 09:15:00,23922.15,24035.3,23903.9,24030.0,0
2025-04-21 09:45:00,24027.75,24061.2,23982.2,24033.45,0
2025-04-21 10:15:00,24032.0,24069.25,24009.3,24067.65,0
2025-04-21 10:45:00,24067.45,24110.75,24062.55,24110.0,0
2025-04-21 11:15:00,24110.9,24132.7,24099.05,24108.0,0
2025-04-21 11:45:00,24110.9,24150.15,24106.25,24148.35,0
2025-04-21 12:15:00,24149.1,24185.15,24141.3,24172.6,0
2025-04-21 12:45:00,24172.75,24188.5,24169.35,24173.75,0
2025-04-21 13:15:00,24172.15,24175.55,24109.5,24113.2,0
2025-04-21 13:45:00,24113.05,24171.6,24106.5,24143.45,0
2025-04-21 14:15:00,24143.35,24156.95,24120.0,24143.0,0
2025-04-21 14:45:00,24140.65,24156.0,24109.95,24114.4,0
2025-04-21 15:15:00,24114.55,24135.65,24112.25,24125.55,0
2025-04-22 09:15:00,24196.5,24196.5,24073.25,24180.9,0
2025-04-22 09:45:00,24181.5,24202.55,24139.2,24195.7,0
2025-04-22 10:15:00,24195.5,24225.6,24187.35,24223.85,0
2025-04-22 10:45:00,24223.9,24242.25,24212.35,24230.0,0
2025-04-22 11:15:00,24230.3,24233.5,24166.15,24209.7,0
2025-04-22 11:45:00,24209.45,24221.4,24187.7,24202.85,0
2025-04-22 12:15:00,24201.85,24203.3,24175.5,24189.3,0
2025-04-22 12:45:00,24188.85,24191.15,24168.25,24182.1,0
2025-04-22 13:15:00,24183.8,24197.55,24177.35,24182.65,0
2025-04-22 13:45:00,24182.35,24189.4,24173.6,24178.8,0
2025-04-22 14:15:00,24179.35,24184.7,24171.7,24175.9,0
2025-04-22 14:45:00,24176.0,24181.0,24144.05,24161.15,0
2025-04-22 15:15:00,24162.3,24173.95,24126.95,24167.25,0
2025-04-23 09:15:00,24350.15,24354.3,24265.2,24320.65,0
2025-04-23 09:45:00,24321.05,24345.7,24189.95,24190.65,0
2025-04-23 10:15:00,24191.55,24242.1,24169.5,24169.5,0
2025-04-23 10:45:00,24170.15,24197.05,24120.15,24191.7,0
2025-04-23 11:15:00,24192.3,24242.15,24180.0,24239.2,0
2025-04-23 11:45:00,24239.0,24251.8,24197.9,24222.65,0
2025-04-23 12:15:00,24222.5,24229.5,24201.9,24229.35,0
2025-04-23 12:45:00,24228.8,24266.75,24226.3,24243.3,0
2025-04-23 13:15:00,24243.5,24276.8,24230.55,24274.65,0
2025-04-23 13:45:00,24274.55,24306.6,24266.65,24303.45,0
2025-04-23 14:15:00,24303.8,24315.1,24278.8,24290.3,0
2025-04-23 14:45:00,24290.7,24340.25,24290.1,24334.8,0
2025-04-23 15:15:00,24334.75,24336.9,24282.35,24328.95,0
2025-04-24 09:15:00,24281.0,24347.55,24248.8,24263.95,0
2025-04-24 09:45:00,24263.0,24297.9,24239.7,24297.35,0
2025-04-24 10:15:00,24297.85,24313.1,24272.9,24276.85,0
2025-04-24 10:45:00,24277.1,24287.75,24268.8,24279.05,0
2025-04-24 11:15:00,24279.15,24283.75,24252.9,24264.5,0
2025-04-24 11:45:00,24263.75,24271.25,24255.5,24260.3,0
2025-04-24 12:15:00,24260.3,24273.1,24248.4,24263.7,0
2025-04-24 12:45:00,24264.05,24273.4,24257.5,24257.5,0
2025-04-24 13:15:00,24258.75,24265.2,24242.05,24250.65,0
2025-04-24 13:45:00,24250.7,24258.9,24243.45,24247.1,0
2025-04-24 14:15:00,24247.4,24263.15,24232.4,24243.15,0
2025-04-24 14:45:00,24243.3,24259.7,24217.2,24250.15,0
2025-04-24 15:15:00,24250.95,24257.2,24240.75,24246.7,0
2025-04-25 09:15:00,24274.95,24364.85,24188.9,24208.15,0
2025-04-25 09:45:00,24208.75,24215.85,23950.35,24033.65,0
2025-04-25 10:15:00,24032.6,24043.65,23908.95,23964.85,0
2025-04-25 10:45:00,23965.5,23987.8,23901.45,23940.35,0
2025-04-25 11:15:00,23941.3,23945.9,23879.7,23903.4,0
2025-04-25 11:45:00,23904.75,23946.65,23848.35,23938.15,0
2025-04-25 12:15:00,23939.25,23984.8,23922.0,23951.05,0
2025-04-25 12:45:00,23950.9,24060.8,23950.4,24047.15,0
2025-04-25 13:15:00,24045.75,24098.25,24029.5,24084.6,0
2025-04-25 13:45:00,24083.95,24150.65,24046.0,24077.1,0
2025-04-25 14:15:00,24076.55,24130.25,24042.75,24064.3,0
2025-04-25 14:45:00,24063.2,24100.3,24038.15,24052.95,0
2025-04-25 15:15:00,24051.45,24054.65,23986.1,24039.35,0
2025-04-28 09:15:00,24071.7,24227.4,24059.15,24176.6,0
2025-04-28 09:45:00,24175.75,24279.05,24174.3,24275.85,0
2025-04-28 10:15:00,24276.0,24282.75,24229.35,24245.35,0
2025-04-28 10:45:00,24245.45,24282.9,24227.75,24235.0,0
2025-04-28 11:15:00,24236.2,24280.45,24210.75,24276.55,0
2025-04-28 11:45:00,24276.55,24296.5,24261.3,24289.65,0
2025-04-28 12:15:00,24292.3,24350.7,24286.95,24336.45,0
2025-04-28 12:45:00,24339.5,24354.75,24313.5,24339.0,0
2025-04-28 13:15:00,24341.85,24351.55,24319.9,24341.95,0
2025-04-28 13:45:00,24344.6,24352.3,24325.9,24350.6,0
2025-04-28 14:15:00,24352.6,24353.7,24265.45,24273.65,0
2025-04-28 14:45:00,24276.45,24341.3,24260.9,24324.1,0
2025-04-28 15:15:00,24325.6,24337.75,24309.55,24328.5,0
2025-04-29 09:15:00,24373.3,24456.85,24304.6,24316.6,0
2025-04-29 09:45:00,24317.85,24396.15,24291.0,24351.55,0
2025-04-29 10:15:00,24351.3,24354.1,24305.5,24321.5,0
2025-04-29 10:45:00,24321.85,24369.85,24317.95,24356.05,0
2025-04-29 11:15:00,24356.55,24360.35,24334.95,24354.4,0
2025-04-29 11:45:00,24354.65,24355.8,24302.45,24316.6,0
2025-04-29 12:15:00,24316.4,24347.95,24304.1,24341.85,0
2025-04-29 12:45:00,24338.8,24369.5,24330.6,24356.85,0
2025-04-29 13:15:00,24355.45,24376.05,24341.35,24353.9,0
2025-04-29 13:45:00,24352.7,24375.5,24347.65,24365.95,0
2025-04-29 14:15:00,24366.9,24368.3,24339.0,24356.45,0
2025-04-29 14:45:00,24356.2,24358.0,24324.45,24326.45,0
2025-04-29 15:15:00,24326.2,24348.5,24310.6,24335.95,0
2025-04-30 09:15:00,24342.05,24364.9,24270.35,24346.8,0
2025-04-30 09:45:00,24348.5,24395.15,24346.3,24353.35,0
2025-04-30 10:15:00,24353.75,24362.95,24290.4,24321.55,0
2025-04-30 10:45:00,24321.2,24354.45,24317.9,24329.65,0
2025-04-30 11:15:00,24329.95,24371.6,24326.45,24332.3,0
2025-04-30 11:45:00,24332.3,24353.7,24313.55,24344.75,0
2025-04-30 12:15:00,24344.95,24365.0,24339.45,24356.95,0
2025-04-30 12:45:00,24356.5,24360.1,24326.7,24334.5,0
2025-04-30 13:15:00,24333.8,24350.8,24327.45,24350.45,0
2025-04-30 13:45:00,24349.5,24353.25,24334.55,24340.65,0
2025-04-30 14:15:00,24340.65,24344.25,24324.15,24339.45,0
2025-04-30 14:45:00,24339.5,24395.8,24338.3,24349.4,0
2025-04-30 15:15:00,24348.85,24353.15,24230.1,24334.2,0
2025-05-02 09:15:00,24320.35,24551.05,24313.0,24529.85,0
2025-05-02 09:45:00,24530.6,24588.65,24516.7,24581.95,0
2025-05-02 10:15:00,24581.85,24587.25,24468.6,24502.05,0
2025-05-02 10:45:00,24502.05,24507.2,24404.7,24422.9,0
2025-05-02 11:15:00,24424.65,24443.05,24319.75,24336.1,0
2025-05-02 11:45:00,24336.05,24365.0,24303.05,24315.0,0
2025-05-02 12:15:00,24314.05,24314.15,24239.3,24283.3,0
2025-05-02 12:45:00,24282.8,24310.85,24266.2,24297.0,0
2025-05-02 13:15:00,24297.05,24412.2,24296.25,24392.35,0
2025-05-02 13:45:00,24391.95,24405.8,24359.0,24373.55,0
2025-05-02 14:15:00,24372.45,24389.2,24286.9,24326.65,0
2025-05-02 14:45:00,24325.35,24397.75,24319.1,24367.15,0
2025-05-02 15:15:00,24365.45,24368.15,24309.85,24346.7,0
2025-05-05 09:15:00,24411.45,24477.4,24403.1,24449.15,0
2025-05-05 09:45:00,24449.8,24510.6,24439.4,24479.1,0
2025-05-05 10:15:00,24479.8,24526.2,24468.3,24522.65,0
2025-05-05 10:45:00,24521.6,24523.55,24459.65,24486.2,0
2025-05-05 11:15:00,24487.2,24495.9,24436.15,24447.05,0
2025-05-05 11:45:00,24447.25,24459.75,24414.45,24448.7,0
2025-05-05 12:15:00,24448.7,24460.6,24430.0,24456.1,0
2025-05-05 12:45:00,24455.65,24477.0,24441.7,24451.05,0
2025-05-05 13:15:00,24451.25,24476.05,24434.05,24473.65,0
2025-05-05 13:45:00,24473.85,24492.9,24469.5,24472.9,0
2025-05-05 14:15:00,24473.9,24492.15,24455.0,24475.95,0
2025-05-05 14:45:00,24475.7,24487.0,24442.15,24448.3,0
2025-05-05 15:15:00,24448.6,24475.2,24447.5,24461.15,0
2025-05-06 09:15:00,24501.4,24501.4,24421.25,24458.1,0
2025-05-06 09:45:00,24457.65,24459.5,24380.65,24389.7,0
2025-05-06 10:15:00,24388.7,24399.2,24369.2,24397.05,0
2025-05-06 10:45:00,24397.6,24406.15,24384.7,24387.95,0
2025-05-06 11:15:00,24388.1,24390.35,24356.95,24361.15,0
2025-05-06 11:45:00,24359.8,24396.85,24357.35,24392.2,0
2025-05-06 12:15:00,24390.4,24402.05,24378.1,24385.35,0
2025-05-06 12:45:00,24384.05,24394.2,24367.05,24383.25,0
2025-05-06 13:15:00,24382.8,24396.05,24376.0,24391.6,0
2025-05-06 13:45:00,24390.05,24408.4,24379.05,24389.05,0
2025-05-06 14:15:00,24387.25,24390.65,24361.9,24379.9,0
2025-05-06 14:45:00,24377.5,24400.65,24356.4,24387.65,0
2025-05-06 15:15:00,24387.7,24389.25,24332.75,24379.6,0
2025-05-07 09:15:00,24224.65,24449.35,24224.65,24402.85,0
2025-05-07 09:45:00,24402.1,24404.55,24290.3,24304.1,0
2025-05-07 10:15:00,24303.5,24372.85,24285.0,24355.9,0
2025-05-07 10:45:00,24356.9,24373.75,24324.75,24372.6,0
2025-05-07 11:15:00,24372.5,24430.4,24372.5,24408.95,0
2025-05-07 11:45:00,24408.8,24408.8,24349.75,24374.85,0
2025-05-07 12:15:00,24374.65,24398.25,24365.65,24388.35,0
2025-05-07 12:45:00,24388.65,24400.4,24354.95,24362.05,0
2025-05-07 13:15:00,24362.0,24372.65,24345.35,24355.9,0
2025-05-07 13:45:00,24355.7,24422.95,24346.15,24406.9,0
2025-05-07 14:15:00,24410.95,24426.05,24367.85,24414.7,0
2025-05-07 14:45:00,24416.15,24424.05,24394.4,24407.05,0
2025-05-07 15:15:00,24406.8,24425.05,24403.8,24414.4,0
2025-05-08 09:15:00,24430.3,24445.25,24374.55,24391.5,0
2025-05-08 09:45:00,24391.9,24402.2,24373.85,24391.55,0
2025-05-08 10:15:00,24391.55,24412.3,24384.35,24398.9,0
2025-05-08 10:45:00,24398.8,24407.8,24390.3,24398.05,0
2025-05-08 11:15:00,24397.45,24415.8,24397.45,24408.55,0
2025-05-08 11:45:00,24407.45,24410.2,24396.7,24403.4,0
2025-05-08 12:15:00,24403.25,24411.2,24395.35,24397.15,0
2025-05-08 12:45:00,24396.2,24403.9,24381.05,24385.95,0
2025-05-08 13:15:00,24384.85,24386.7,24330.6,24337.45,0
2025-05-08 13:45:00,24336.65,24361.1,24314.4,24316.95,0
2025-05-08 14:15:00,24317.55,24357.3,24314.8,24338.2,0
2025-05-08 14:45:00,24338.05,24339.9,24244.4,24309.15,0
2025-05-08 15:15:00,24308.45,24310.9,24151.45,24273.8,0
2025-05-09 09:15:00,23960.25,24163.65,23960.25,24090.5,0
2025-05-09 09:45:00,24092.25,24111.7,23949.2,24060.65,0
2025-05-09 10:15:00,24061.2,24086.75,24007.75,24009.25,0
2025-05-09 10:45:00,24008.65,24019.0,23976.65,24012.85,0
2025-05-09 11:15:00,24012.3,24121.3,23999.45,24057.55,0
2025-05-09 11:45:00,24055.9,24060.85,24013.95,24049.7,0
2025-05-09 12:15:00,24049.85,24054.55,24004.85,24006.85,0
2025-05-09 12:45:00,24006.8,24045.6,23992.8,24009.25,0
2025-05-09 13:15:00,24008.8,24024.7,23961.7,23980.65,0
2025-05-09 13:45:00,23980.35,24013.5,23972.85,24005.05,0
2025-05-09 14:15:00,24004.6,24032.75,23960.95,23987.3,0
2025-05-09 14:45:00,23986.15,24025.7,23985.65,24000.55,0
2025-05-09 15:15:00,23999.3,24046.9,23997.35,24008.0,0
2025-05-12 09:15:00,24401.0,24632.7,24386.6,24591.7,0
2025-05-12 09:45:00,24592.85,24737.2,24592.4,24682.65,0
2025-05-12 10:15:00,24682.3,24723.55,24673.3,24699.75,0
2025-05-12 10:45:00,24699.95,24714.85,24669.1,24702.85,0
2025-05-12 11:15:00,24703.2,24745.45,24698.55,24728.2,0
2025-05-12 11:45:00,24728.2,24731.2,24711.35,24721.3,0
2025-05-12 12:15:00,24723.3,24806.15,24690.35,24790.0,0
2025-05-12 12:45:00,24789.9,24806.55,24772.35,24789.15,0
2025-05-12 13:15:00,24789.15,24849.95,24789.0,24843.95,0
2025-05-12 13:45:00,24845.2,24866.3,24830.1,24866.2,0
2025-05-12 14:15:00,24866.25,24906.7,24854.75,24862.35,0
2025-05-12 14:45:00,24862.2,24930.35,24858.2,24907.45,0
2025-05-12 15:15:00,24906.05,24944.2,24904.75,24924.7,0
2025-05-13 09:15:00,24864.05,24971.55,24676.85,24746.7,0
2025-05-13 09:45:00,24745.2,24789.45,24677.6,24771.95,0
2025-05-13 10:15:00,24770.85,24797.6,24636.55,24700.3,0
2025-05-13 10:45:00,24700.8,24837.8,24683.1,24724.55,0
2025-05-13 11:15:00,24724.55,24817.9,24723.25,24740.7,0
2025-05-13 11:45:00,24740.9,24771.45,24693.9,24757.6,0
2025-05-13 12:15:00,24755.45,24772.0,24640.2,24645.0,0
2025-05-13 12:45:00,24644.05,24665.25,24597.9,24633.15,0
2025-05-13 13:15:00,24630.8,24637.0,24589.1,24614.15,0
2025-05-13 13:45:00,24614.5,24617.85,24577.75,24591.55,0
2025-05-13 14:15:00,24590.45,24617.5,24561.3,24601.9,0
2025-05-13 14:45:00,24601.15,24636.85,24559.45,24559.45,0
2025-05-13 15:15:00,24560.0,24594.3,24548.05,24578.35,0
2025-05-14 09:15:00,24618.75,24745.5,24587.3,24742.8,0
2025-05-14 09:45:00,24742.85,24758.25,24690.8,24758.15,0
2025-05-14 10:15:00,24757.4,24767.2,24711.25,24733.8,0
2025-05-14 10:45:00,24734.0,24740.1,24683.45,24700.95,0
2025-05-14 11:15:00,24699.65,24724.9,24681.1,24686.25,0
2025-05-14 11:45:00,24686.55,24686.55,24633.05,24677.1,0
2025-05-14 12:15:00,24677.25,24679.65,24609.35,24629.7,0
2025-05-14 12:45:00,24629.9,24643.0,24535.9,24636.05,0
2025-05-14 13:15:00,24636.45,24660.95,24604.35,24628.5,0
2025-05-14 13:45:00,24628.55,24638.2,24596.75,24615.0,0
2025-05-14 14:15:00,24614.55,24665.65,24577.7,24625.55,0
2025-05-14 14:45:00,24624.95,24675.2,24618.4,24669.55,0
2025-05-14 15:15:00,24669.95,24696.75,24651.3,24666.9,0
2025-05-15 09:15:00,24699.55,24699.55,24538.55,24546.9,0
2025-05-15 09:45:00,24545.3,24585.55,24494.95,24561.7,0
2025-05-15 10:15:00,24562.2,24806.45,24533.2,24745.9,0
2025-05-15 10:45:00,24745.35,24790.15,24600.6,24617.25,0
2025-05-15 11:15:00,24617.25,24683.2,24601.15,24635.85,0
2025-05-15 11:45:00,24636.15,24707.9,24614.05,24661.05,0
2025-05-15 12:15:00,24662.05,24740.05,24626.3,24643.55,0
2025-05-15 12:45:00,24643.3,24887.55,24636.15,24886.3,0
2025-05-15 13:15:00,24887.15,25002.05,24848.8,24986.25,0
2025-05-15 13:45:00,24987.35,25104.5,24987.25,25091.0,0
2025-05-15 14:15:00,25091.5,25114.8,25044.35,25087.45,0
2025-05-15 14:45:00,25089.15,25089.15,25040.0,25056.4,0
2025-05-15 15:15:00,25055.2,25063.45,25035.3,25062.1,0
2025-05-16 09:15:00,25061.8,25069.55,24983.15,25017.1,0
2025-05-16 09:45:00,25017.25,25030.7,24976.25,25005.15,0
2025-05-16 10:15:00,25005.65,25040.85,24983.7,24996.6,0
2025-05-16 10:45:00,24996.75,25004.6,24953.15,24975.45,0
2025-05-16 11:15:00,24975.15,24997.9,24958.7,24981.3,0
2025-05-16 11:45:00,24981.15,24992.0,24971.4,24976.05,0
2025-05-16 12:15:00,24974.65,25004.6,24968.8,25001.55,0
2025-05-16 12:45:00,25001.5,25018.5,24986.85,25006.8,0
2025-05-16 13:15:00,25006.75,25034.8,24997.25,25001.25,0
2025-05-16 13:45:00,24999.9,25032.95,24994.45,25019.95,0
2025-05-16 14:15:00,25019.6,25025.05,24992.35,25014.95,0
2025-05-16 14:45:00,25014.4,25034.5,25005.3,25024.2,0
2025-05-16 15:15:00,25025.45,25025.6,25002.7,25019.8,0
2025-05-19 09:15:00,25005.35,25056.55,24967.95,25009.25,0
2025-05-19 09:45:00,25008.75,25049.4,24994.55,25040.85,0
2025-05-19 10:15:00,25040.2,25062.95,25001.95,25003.35,0
2025-05-19 10:45:00,25003.75,25045.85,24999.45,25027.05,0
2025-05-19 11:15:00,25026.55,25043.1,25006.95,25008.8,0
2025-05-19 11:45:00,25008.1,25025.1,24979.1,24987.5,0
2025-05-19 12:15:00,24987.4,25017.5,24972.25,25003.4,0
2025-05-19 12:45:00,25003.2,25018.6,24975.95,24980.55,0
2025-05-19 13:15:00,24980.45,25006.1,24974.7,24981.5,0
2025-05-19 13:45:00,24982.6,24985.45,24919.3,24940.35,0
2025-05-19 14:15:00,24940.2,24960.55,24932.55,24940.2,0
2025-05-19 14:45:00,24941.3,24958.5,24916.65,24945.65,0
2025-05-19 15:15:00,24945.35,24951.65,24927.45,24945.45,0
2025-05-20 09:15:00,25000.95,25007.65,24914.0,24915.75,0
2025-05-20 09:45:00,24916.15,24916.15,24864.05,24899.4,0
2025-05-20 10:15:00,24899.5,24935.15,24879.0,24927.0,0
2025-05-20 10:45:00,24927.25,24967.25,24905.95,24920.75,0
2025-05-20 11:15:00,24921.05,24921.05,24865.05,24870.3,0
2025-05-20 11:45:00,24870.3,24887.9,24844.8,24859.2,0
2025-05-20 12:15:00,24862.0,24876.2,24849.9,24859.6,0
2025-05-20 12:45:00,24860.65,24865.05,24781.4,24790.7,0
2025-05-20 13:15:00,24790.45,24795.1,24750.9,24762.2,0
2025-05-20 13:45:00,24761.8,24784.55,24728.35,24738.35,0
2025-05-20 14:15:00,24737.1,24745.6,24677.3,24681.9,0
2025-05-20 14:45:00,24681.65,24707.05,24670.0,24693.1,0
2025-05-20 15:15:00,24692.85,24713.85,24672.05,24683.9,0
2025-05-21 09:15:00,24750.15,24816.7,24692.65,24796.65,0
2025-05-21 09:45:00,24795.7,24869.65,24794.3,24869.2,0
2025-05-21 10:15:00,24869.85,24945.4,24869.85,24916.1,0
2025-05-21 10:45:00,24916.2,24936.05,24858.05,24896.7,0
2025-05-21 11:15:00,24896.95,24914.4,24833.6,24853.35,0
2025-05-21 11:45:00,24853.05,24854.85,24727.1,24733.45,0
2025-05-21 12:15:00,24735.45,24808.5,24685.95,24780.3,0
2025-05-21 12:45:00,24780.15,24804.15,24736.3,24799.7,0
2025-05-21 13:15:00,24800.05,24839.35,24758.5,24762.8,0
2025-05-21 13:45:00,24762.6,24799.2,24740.8,24799.2,0
2025-05-21 14:15:00,24799.1,24819.6,24780.65,24785.55,0
2025-05-21 14:45:00,24786.1,24829.85,24785.95,24809.4,0
2025-05-21 15:15:00,24809.25,24819.95,24794.85,24813.45,0
2025-05-22 09:15:00,24732.35,24732.35,24542.1,24589.95,0
2025-05-22 09:45:00,24590.5,24631.7,24556.65,24606.05,0
2025-05-22 10:15:00,24606.45,24628.6,24571.15,24605.55,0
2025-05-22 10:45:00,24606.8,24613.05,24588.15,24594.6,0
2025-05-22 11:15:00,24594.65,24604.3,24543.05,24560.65,0
2025-05-22 11:45:00,24558.9,24607.5,24557.6,24572.8,0
2025-05-22 12:15:00,24572.75,24574.65,24548.9,24558.7,0
2025-05-22 12:45:00,24558.65,24559.0,24509.35,24539.65,0
2025-05-22 13:15:00,24540.45,24556.6,24518.2,24524.2,0
2025-05-22 13:45:00,24524.65,24539.55,24515.05,24529.8,0
2025-05-22 14:15:00,24529.3,24577.55,24464.15,24557.55,0
2025-05-22 14:45:00,24557.8,24639.85,24512.7,24606.25,0
2025-05-22 15:15:00,24606.35,24647.15,24597.5,24609.7,0
2025-05-23 09:15:00,24643.85,24784.55,24614.65,24781.4,0
2025-05-23 09:45:00,24780.95,24826.35,24763.25,24818.1,0
2025-05-23 10:15:00,24817.45,24820.55,24748.55,24813.7,0
2025-05-23 10:45:00,24814.1,24908.85,24807.9,24890.1,0
2025-05-23 11:15:00,24890.8,24903.4,24854.15,24868.6,0
2025-05-23 11:45:00,24871.3,24872.9,24804.3,24834.75,0
2025-05-23 12:15:00,24834.7,24901.35,24828.85,24869.8,0
2025-05-23 12:45:00,24870.0,24902.0,24870.0,24877.45,0
2025-05-23 13:15:00,24876.7,24898.4,24841.7,24851.0,0
2025-05-23 13:45:00,24850.35,24894.05,24838.05,24869.1,0
2025-05-23 14:15:00,24868.85,24884.15,24833.75,24835.65,0
2025-05-23 14:45:00,24834.75,24864.0,24819.3,24850.75,0
2025-05-23 15:15:00,24850.5,24862.1,24842.9,24853.15,0
2025-05-26 09:15:00,24919.5,25054.8,24908.5,25043.55,0
2025-05-26 09:45:00,25041.25,25079.05,25035.15,25044.15,0
2025-05-26 10:15:00,25043.9,25048.25,24910.5,24969.4,0
2025-05-26 10:45:00,24970.2,24992.3,24950.95,24972.75,0
2025-05-26 11:15:00,24972.75,25024.4,24954.1,24973.7,0
2025-05-26 11:45:00,24973.65,25011.35,24972.4,24989.8,0
2025-05-26 12:15:00,24987.8,25013.8,24968.4,24968.4,0
2025-05-26 12:45:00,24967.35,24992.1,24939.45,24981.9,0
2025-05-26 13:15:00,24980.6,25009.2,24967.85,25001.2,0
2025-05-26 13:45:00,25000.7,25013.35,24976.75,25001.0,0
2025-05-26 14:15:00,24999.6,25004.85,24969.25,24993.95,0
2025-05-26 14:45:00,24993.3,25019.65,24983.15,25004.45,0
2025-05-26 15:15:00,25002.9,25006.8,24992.6,25001.15,0
2025-05-27 09:15:00,24957.75,24969.55,24766.35,24825.7,0
2025-05-27 09:45:00,24826.05,24827.35,24737.75,24777.1,0
2025-05-27 10:15:00,24776.9,24798.85,24751.35,24761.3,0
2025-05-27 10:45:00,24762.55,24960.2,24754.25,24877.65,0
2025-05-27 11:15:00,24880.65,25062.4,24880.65,24968.95,0
2025-05-27 11:45:00,24968.15,24977.05,24908.0,24957.45,0
2025-05-27 12:15:00,24957.4,24962.75,24819.95,24860.4,0
2025-05-27 12:45:00,24857.35,24881.3,24800.8,24829.85,0
2025-05-27 13:15:00,24830.0,24849.3,24804.2,24847.4,0
2025-05-27 13:45:00,24847.5,24871.85,24744.55,24767.6,0
2025-05-27 14:15:00,24768.25,24784.95,24706.05,24780.65,0
2025-05-27 14:45:00,24781.25,24842.7,24767.1,24831.8,0
2025-05-27 15:15:00,24832.6,24843.3,24816.55,24826.2,0
2025-05-28 09:15:00,24844.4,24863.15,24743.35,24807.25,0
2025-05-28 09:45:00,24806.3,24814.8,24752.95,24760.5,0
2025-05-28 10:15:00,24760.0,24772.5,24737.25,24752.7,0
2025-05-28 10:45:00,24752.1,24801.9,24751.65,24768.05,0
2025-05-28 11:15:00,24767.85,24783.85,24746.35,24756.35,0
2025-05-28 11:45:00,24756.35,24780.7,24752.25,24761.7,0
2025-05-28 12:15:00,24762.2,24799.15,24759.05,24795.1,0
2025-05-28 12:45:00,24795.25,24827.05,24789.3,24791.35,0
2025-05-28 13:15:00,24791.1,24797.1,24765.7,24776.7,0
2025-05-28 13:45:00,24776.9,24795.2,24761.1,24788.55,0
2025-05-28 14:15:00,24788.35,24798.0,24769.05,24782.0,0
2025-05-28 14:45:00,24780.9,24786.1,24748.4,24748.5,0
2025-05-28 15:15:00,24749.5,24757.75,24740.05,24752.45,0
2025-05-29 09:15:00,24845.2,24888.3,24780.3,24808.75,0
2025-05-29 09:45:00,24808.9,24848.05,24780.8,24801.75,0
2025-05-29 10:15:00,24802.45,24806.15,24741.5,24743.2,0
2025-05-29 10:45:00,24742.95,24768.05,24714.65,24723.55,0
2025-05-29 11:15:00,24722.2,24748.3,24709.05,24732.6,0
2025-05-29 11:45:00,24732.2,24747.8,24728.4,24732.05,0
2025-05-29 12:15:00,24732.0,24757.7,24677.6,24700.55,0
2025-05-29 12:45:00,24700.25,24772.9,24697.2,24760.75,0
2025-05-29 13:15:00,24760.35,24773.7,24742.8,24754.75,0
2025-05-29 13:45:00,24754.1,24760.45,24717.8,24725.6,0
2025-05-29 14:15:00,24725.6,24767.6,24718.05,24756.3,0
2025-05-29 14:45:00,24755.95,24853.75,24738.35,24850.75,0
2025-05-29 15:15:00,24850.45,24891.15,24833.6,24833.6,0
2025-05-30 09:15:00,24830.5,24863.6,24780.7,24819.1,0
2025-05-30 09:45:00,24819.0,24833.55,24784.0,24794.75,0
2025-05-30 10:15:00,24795.8,24795.8,24722.05,24737.6,0
2025-05-30 10:45:00,24738.35,24772.3,24717.85,24754.3,0
2025-05-30 11:15:00,24755.7,24787.95,24745.0,24745.4,0
2025-05-30 11:45:00,24746.4,24768.4,24728.7,24741.8,0
2025-05-30 12:15:00,24743.1,24756.8,24729.35,24737.15,0
2025-05-30 12:45:00,24737.05,24768.9,24737.05,24758.6,0
2025-05-30 13:15:00,24758.55,24783.2,24750.75,24771.65,0
2025-05-30 13:45:00,24771.55,24801.7,24753.6,24753.6,0
2025-05-30 14:15:00,24753.75,24786.8,24751.1,24769.45,0
2025-05-30 14:45:00,24770.1,24784.1,24729.8,24751.65,0
2025-05-30 15:15:00,24751.75,24757.15,24731.1,24750.7,0
2025-06-02 09:15:00,24669.7,24700.5,24526.15,24571.0,0
2025-06-02 09:45:00,24571.6,24606.8,24556.95,24581.95,0
2025-06-02 10:15:00,24581.75,24633.35,24554.2,24629.35,0
2025-06-02 10:45:00,24629.4,24638.85,24609.6,24623.15,0
2025-06-02 11:15:00,24623.25,24657.85,24611.6,24625.5,0
2025-06-02 11:45:00,24625.5,24673.25,24621.25,24665.95,0
2025-06-02 12:15:00,24665.55,24739.15,24665.55,24723.65,0
2025-06-02 12:45:00,24723.85,24737.05,24683.1,24702.45,0
2025-06-02 13:15:00,24702.9,24732.9,24698.5,24727.75,0
2025-06-02 13:45:00,24728.25,24732.5,24682.15,24693.6,0
2025-06-02 14:15:00,24693.85,24705.6,24654.8,24667.15,0
2025-06-02 14:45:00,24667.65,24754.3,24656.75,24723.95,0
2025-06-02 15:15:00,24724.0,24724.75,24666.6,24716.6,0
2025-06-03 09:15:00,24773.95,24841.9,24601.8,24646.8,0
2025-06-03 09:45:00,24646.45,24685.5,24619.15,24661.7,0
2025-06-03 10:15:00,24662.4,24766.45,24612.1,24642.85,0
2025-06-03 10:45:00,24642.5,24664.75,24588.05,24590.2,0
2025-06-03 11:15:00,24590.25,24662.6,24572.55,24594.25,0
2025-06-03 11:45:00,24596.1,24641.8,24588.9,24615.35,0
2025-06-03 12:15:00,24614.85,24648.95,24583.75,24628.15,0
2025-06-03 12:45:00,24627.8,24628.7,24502.75,24541.45,0
2025-06-03 13:15:00,24540.5,24572.7,24516.5,24539.9,0
2025-06-03 13:45:00,24542.0,24579.55,24531.7,24577.15,0
2025-06-03 14:15:00,24576.4,24601.7,24559.95,24586.05,0
2025-06-03 14:45:00,24586.4,24588.65,24534.4,24535.2,0
2025-06-03 15:15:00,24535.5,24550.65,24524.45,24542.5,0
2025-06-04 09:15:00,24568.15,24612.0,24536.8,24553.85,0
2025-06-04 09:45:00,24552.85,24591.1,24530.75,24578.75,0
2025-06-04 10:15:00,24578.95,24609.6,24569.6,24600.8,0
2025-06-04 10:45:00,24601.25,24603.8,24577.05,24581.55,0
2025-06-04 11:15:00,24582.05,24601.55,24572.0,24592.7,0
2025-06-04 11:45:00,24592.65,24607.95,24583.2,24607.75,0
2025-06-04 12:15:00,24607.5,24609.15,24582.2,24600.6,0
2025-06-04 12:45:00,24600.3,24619.9,24593.05,24600.25,0
2025-06-04 13:15:00,24600.4,24611.95,24588.8,24605.7,0
2025-06-04 13:45:00,24605.75,24632.0,24603.25,24616.55,0
2025-06-04 14:15:00,24616.55,24625.8,24608.65,24615.15,0
2025-06-04 14:45:00,24615.8,24644.25,24610.55,24616.9,0
2025-06-04 15:15:00,24617.65,24622.05,24604.1,24620.2,0
2025-06-05 09:15:00,24674.05,24753.05,24613.65,24747.15,0
2025-06-05 09:45:00,24746.85,24761.25,24724.4,24732.25,0
2025-06-05 10:15:00,24733.0,24741.15,24709.65,24718.35,0
2025-06-05 10:45:00,24717.8,24723.5,24690.9,24708.8,0
2025-06-05 11:15:00,24708.1,24754.2,24707.85,24728.75,0
2025-06-05 11:45:00,24728.2,24873.1,24713.8,24869.55,0
2025-06-05 12:15:00,24871.35,24898.9,24798.5,24817.95,0
2025-06-05 12:45:00,24818.3,24831.6,24770.4,24776.95,0
2025-06-05 13:15:00,24776.35,24790.2,24711.35,24730.6,0
2025-06-05 13:45:00,24730.95,24758.45,24693.1,24713.55,0
2025-06-05 14:15:00,24713.8,24764.45,24701.1,24751.55,0
2025-06-05 14:45:00,24750.35,24780.65,24727.1,24752.55,0
2025-06-05 15:15:00,24752.85,24775.4,24745.45,24750.9,0
2025-06-06 09:15:00,24758.95,24758.95,24685.55,24687.35,0
