,datetime,open,high,low,close,volume
0,2019-12-18 09:15:00,129.0,129.0,128.21,128.9,17360
1,2019-12-18 09:45:00,128.91,128.98,128.72,128.77,17090
2,2019-12-18 10:15:00,128.84,128.89,128.7,128.8,9530
3,2019-12-18 10:45:00,128.8,128.8,128.72,128.75,14690
4,2019-12-18 11:15:00,128.75,128.93,128.67,128.8,20650
5,2019-12-18 11:45:00,128.8,128.99,128.75,128.99,12630
6,2019-12-18 12:15:00,128.99,129.1,128.9,129.02,31250
7,2019-12-18 12:45:00,129.09,129.22,129.0,129.22,15850
8,2019-12-18 13:15:00,129.24,129.25,128.86,129.07,10580
9,2019-12-18 13:45:00,129.07,129.1,128.96,129.05,8820
10,2019-12-18 14:15:00,129.02,129.2,129.0,129.0,21940
11,2019-12-18 14:45:00,129.14,129.4,128.99,129.2,25860
12,2019-12-18 15:15:00,129.28,129.43,129.15,129.27,13350
13,2019-12-19 09:15:00,129.2,129.74,129.05,129.49,45005
14,2019-12-19 09:45:00,129.42,129.68,129.32,129.65,37445
15,2019-12-19 10:15:00,129.65,129.66,129.5,129.62,26457
16,2019-12-19 10:45:00,129.64,129.9,129.6,129.86,18447
17,2019-12-19 11:15:00,129.86,130.05,129.73,130.03,23380
18,2019-12-19 11:45:00,130.03,130.09,129.9,130.0,11765
19,2019-12-19 12:15:00,130.0,130.25,129.97,130.17,6795
20,2019-12-19 12:45:00,130.17,130.17,129.82,129.9,21651
21,2019-12-19 13:15:00,129.88,130.03,129.85,129.98,6453
22,2019-12-19 13:45:00,129.98,130.1,129.82,130.05,16486
23,2019-12-19 14:15:00,130.05,130.22,130.0,130.14,7430
24,2019-12-19 14:45:00,130.14,130.26,129.9,130.1,25740
25,2019-12-19 15:15:00,130.2,130.33,130.01,130.26,24541
26,2019-12-20 09:15:00,134.95,134.95,129.78,130.38,9860
27,2019-12-20 09:45:00,130.39,130.39,130.1,130.25,16397
28,2019-12-20 10:15:00,130.35,130.35,129.9,130.05,8970
29,2019-12-20 10:45:00,130.19,130.5,130.06,130.5,24744
30,2019-12-20 11:15:00,130.5,130.55,130.41,130.51,24386
31,2019-12-20 11:45:00,130.51,130.53,130.36,130.51,28709
32,2019-12-20 12:15:00,130.53,130.55,130.41,130.49,41142
33,2019-12-20 12:45:00,130.47,130.53,130.35,130.37,36245
34,2019-12-20 13:15:00,130.37,130.43,130.25,130.36,30425
35,2019-12-20 13:45:00,130.28,130.38,130.05,130.3,4870
36,2019-12-20 14:15:00,130.3,130.45,130.15,130.36,3990
37,2019-12-20 14:45:00,130.36,130.4,130.15,130.29,4082
38,2019-12-20 15:15:00,130.29,130.4,130.15,130.2,12872
39,2019-12-23 09:15:00,131.2,131.25,129.55,130.11,36116
40,2019-12-23 09:45:00,130.1,130.34,130.1,130.25,14624
41,2019-12-23 10:15:00,130.25,130.26,130.0,130.2,18945
42,2019-12-23 10:45:00,130.2,130.2,130.0,130.02,5145
43,2019-12-23 11:15:00,130.14,130.18,130.0,130.01,15336
44,2019-12-23 11:45:00,130.02,130.18,130.02,130.17,1654
45,2019-12-23 12:15:00,130.04,130.45,130.04,130.29,45162
46,2019-12-23 12:45:00,130.29,130.29,130.01,130.08,14855
47,2019-12-23 13:15:00,130.07,130.08,129.5,129.7,72525
48,2019-12-23 13:45:00,129.72,129.88,129.55,129.6,13787
49,2019-12-23 14:15:00,129.6,129.6,129.28,129.28,29775
50,2019-12-23 14:45:00,129.4,130.15,129.36,130.0,27035
51,2019-12-23 15:15:00,129.99,130.1,129.73,129.93,23357
52,2019-12-24 09:15:00,130.85,130.85,129.71,129.9,40591
53,2019-12-24 09:45:00,129.9,129.97,129.77,129.93,11405
54,2019-12-24 10:15:00,129.81,130.0,129.8,129.8,24330
55,2019-12-24 10:45:00,129.8,129.98,129.64,129.85,21068
56,2019-12-24 11:15:00,129.85,129.9,129.71,129.85,42919
57,2019-12-24 11:45:00,129.85,129.85,129.5,129.73,114382
58,2019-12-24 12:15:00,129.6,129.75,129.57,129.72,27664
59,2019-12-24 12:45:00,129.72,129.81,129.62,129.78,26569
60,2019-12-24 13:15:00,129.77,129.78,129.61,129.74,26108
61,2019-12-24 13:45:00,129.66,129.89,129.63,129.73,26031
62,2019-12-24 14:15:00,129.8,129.87,129.4,129.45,15715
63,2019-12-24 14:45:00,129.47,129.65,129.26,129.38,31209
64,2019-12-24 15:15:00,129.38,129.45,129.22,129.37,14119
65,2019-12-26 09:15:00,130.35,130.35,129.07,129.27,12513
66,2019-12-26 09:45:00,129.25,129.29,129.12,129.27,13147
67,2019-12-26 10:15:00,129.27,129.3,129.2,129.26,7769
68,2019-12-26 10:45:00,129.26,129.29,129.18,129.19,8845
69,2019-12-26 11:15:00,129.19,129.19,129.01,129.01,14565
70,2019-12-26 11:45:00,129.01,129.1,129.0,129.05,18069
71,2019-12-26 12:15:00,129.05,129.06,129.0,129.05,16946
72,2019-12-26 12:45:00,129.05,129.24,129.0,129.01,17048
73,2019-12-26 13:15:00,129.1,129.16,128.9,128.94,7983
74,2019-12-26 13:45:00,128.94,129.07,128.9,128.9,16496
75,2019-12-26 14:15:00,128.99,129.0,128.77,128.99,20745
76,2019-12-26 14:45:00,128.99,129.0,128.51,128.69,39321
77,2019-12-26 15:15:00,128.69,128.77,128.62,128.7,10795
78,2019-12-27 09:15:00,128.69,130.65,128.3,129.25,20099
79,2019-12-27 09:45:00,129.25,129.48,129.16,129.39,8132
80,2019-12-27 10:15:00,129.39,129.45,129.25,129.43,23046
81,2019-12-27 10:45:00,129.43,129.43,129.32,129.4,12793
82,2019-12-27 11:15:00,129.45,129.45,129.25,129.33,18927
83,2019-12-27 11:45:00,129.33,129.35,129.25,129.35,11734
84,2019-12-27 12:15:00,129.34,129.4,129.26,129.31,22343
85,2019-12-27 12:45:00,129.31,129.38,129.27,129.37,16862
86,2019-12-27 13:15:00,129.35,129.5,129.32,129.37,31248
87,2019-12-27 13:45:00,129.36,129.44,129.29,129.34,6122
88,2019-12-27 14:15:00,129.38,129.42,129.28,129.35,12727
89,2019-12-27 14:45:00,129.42,129.57,129.33,129.5,16998
90,2019-12-27 15:15:00,129.56,129.82,129.5,129.5,32719
91,2019-12-30 09:15:00,130.45,130.5,129.48,129.96,19951
92,2019-12-30 09:45:00,130.0,130.0,129.8,129.9,12126
93,2019-12-30 10:15:00,129.85,129.98,129.68,129.9,9611
94,2019-12-30 10:45:00,129.9,129.95,129.77,129.85,4940
95,2019-12-30 11:15:00,129.85,129.91,129.48,129.6,12352
96,2019-12-30 11:45:00,129.6,129.65,129.29,129.36,29599
97,2019-12-30 12:15:00,129.44,129.49,129.19,129.36,7987
98,2019-12-30 12:45:00,129.36,129.68,129.23,129.5,26815
99,2019-12-30 13:15:00,129.57,130.06,129.36,129.8,2834414
100,2019-12-30 13:45:00,129.78,130.0,129.75,129.99,109046
101,2019-12-30 14:15:00,129.83,130.14,129.8,129.99,41885
102,2019-12-30 14:45:00,129.81,130.25,129.81,130.21,39381
103,2019-12-30 15:15:00,130.21,130.38,130.06,130.26,27850
104,2019-12-31 09:15:00,130.21,130.26,129.46,129.6,16182
105,2019-12-31 09:45:00,129.69,129.75,129.59,129.7,4512
106,2019-12-31 10:15:00,129.69,129.75,129.61,129.62,8219
107,2019-12-31 10:45:00,129.7,129.7,129.52,129.62,10705
108,2019-12-31 11:15:00,129.62,129.62,129.42,129.47,22848
109,2019-12-31 11:45:00,129.47,129.71,129.45,129.68,46375
110,2019-12-31 12:15:00,129.67,129.7,129.51,129.67,5635
111,2019-12-31 12:45:00,129.68,129.69,129.51,129.64,7128
112,2019-12-31 13:15:00,129.64,129.68,129.5,129.58,4860
113,2019-12-31 13:45:00,129.58,129.68,129.55,129.68,2323
114,2019-12-31 14:15:00,129.7,129.7,129.46,129.57,17504
115,2019-12-31 14:45:00,129.64,129.64,129.07,129.07,75307
116,2019-12-31 15:15:00,129.14,129.35,129.02,129.34,14268
117,2020-01-01 09:15:00,128.95,131.0,128.95,129.49,13884
118,2020-01-01 09:45:00,129.49,129.5,129.12,129.37,17917
119,2020-01-01 10:15:00,129.37,129.45,129.27,129.42,19441
120,2020-01-01 10:45:00,129.42,129.42,129.21,129.34,8684
121,2020-01-01 11:15:00,129.3,129.4,129.24,129.3,4902
122,2020-01-01 11:45:00,129.35,129.44,129.28,129.43,11598
123,2020-01-01 12:15:00,129.43,129.47,129.02,129.3,20961
124,2020-01-01 12:45:00,129.31,129.4,129.14,129.25,10661
125,2020-01-01 13:15:00,129.27,129.44,129.25,129.32,8662
126,2020-01-01 13:45:00,129.38,129.5,129.27,129.4,31736
127,2020-01-01 14:15:00,129.37,129.39,129.27,129.38,4118
128,2020-01-01 14:45:00,129.38,129.46,129.31,129.43,22157
129,2020-01-01 15:15:00,129.42,129.5,129.31,129.42,94540
130,2020-01-02 09:15:00,132.0,134.6,129.5,129.62,15016
131,2020-01-02 09:45:00,129.62,129.7,129.4,129.7,15661
132,2020-01-02 10:15:00,129.7,129.84,129.59,129.83,4143
133,2020-01-02 10:45:00,129.8,129.83,129.64,129.8,7815
134,2020-01-02 11:15:00,129.8,129.89,129.75,129.88,34319
135,2020-01-02 11:45:00,129.89,129.91,129.7,129.9,8377
136,2020-01-02 12:15:00,129.82,129.98,129.81,129.97,36663
137,2020-01-02 12:45:00,129.97,129.97,129.66,129.82,31671
138,2020-01-02 13:15:00,129.88,129.95,129.82,129.89,66233
139,2020-01-02 13:45:00,129.89,129.97,129.82,129.89,35116
140,2020-01-02 14:15:00,129.9,130.08,129.9,130.02,11966
141,2020-01-02 14:45:00,130.08,130.19,130.0,130.19,16080
142,2020-01-02 15:15:00,130.19,130.27,130.08,130.13,46619
143,2020-01-03 09:15:00,129.07,130.85,129.07,129.69,15903
144,2020-01-03 09:45:00,129.6,129.94,129.52,129.89,29878
145,2020-01-03 10:15:00,129.89,129.98,129.8,129.94,12922
146,2020-01-03 10:45:00,129.94,129.95,129.81,129.94,3580
147,2020-01-03 11:15:00,129.9,129.94,129.83,129.87,2721
148,2020-01-03 11:45:00,129.83,129.87,129.6,129.76,12483
149,2020-01-03 12:15:00,129.76,129.84,129.52,129.84,9249
150,2020-01-03 12:45:00,129.84,129.89,129.6,129.88,16844
151,2020-01-03 13:15:00,129.88,129.92,129.72,129.75,2924
152,2020-01-03 13:45:00,129.75,129.87,129.72,129.75,125374
153,2020-01-03 14:15:00,129.75,129.83,129.6,129.69,12308
154,2020-01-03 14:45:00,129.67,129.93,129.5,129.84,45354
155,2020-01-03 15:15:00,129.84,129.84,129.5,129.83,9143
156,2020-01-06 09:15:00,129.4,129.45,128.11,128.34,80730
157,2020-01-06 09:45:00,128.32,128.32,127.87,127.91,116546
158,2020-01-06 10:15:00,128.04,128.23,127.82,128.2,63135
159,2020-01-06 10:45:00,128.1,128.18,127.9,128.0,24105
160,2020-01-06 11:15:00,128.0,128.0,127.6,127.7,33842
161,2020-01-06 11:45:00,127.7,127.7,127.44,127.5,79723
162,2020-01-06 12:15:00,127.59,127.68,127.4,127.61,24181
163,2020-01-06 12:45:00,127.61,127.67,127.4,127.63,18995
164,2020-01-06 13:15:00,127.62,127.64,127.5,127.53,16588
165,2020-01-06 13:45:00,127.61,127.66,127.22,127.3,59539
166,2020-01-06 14:15:00,127.32,127.4,127.11,127.26,124127
167,2020-01-06 14:45:00,127.26,127.45,127.2,127.39,39406
168,2020-01-06 15:15:00,127.39,127.47,127.22,127.43,47606
169,2020-01-07 09:15:00,127.95,128.67,127.6,128.63,23423
170,2020-01-07 09:45:00,128.63,128.7,128.42,128.61,12370
171,2020-01-07 10:15:00,128.63,128.69,128.52,128.66,33946
172,2020-01-07 10:45:00,128.66,128.67,128.04,128.11,38144
173,2020-01-07 11:15:00,128.11,128.17,127.9,128.05,281464
174,2020-01-07 11:45:00,128.05,128.18,127.83,128.07,42251
175,2020-01-07 12:15:00,128.07,128.07,127.92,128.0,27357
176,2020-01-07 12:45:00,128.0,128.17,127.57,127.65,53084
177,2020-01-07 13:15:00,127.65,127.68,127.31,127.67,82305
178,2020-01-07 13:45:00,127.69,127.98,127.65,127.7,8496
179,2020-01-07 14:15:00,127.79,127.89,127.6,127.79,8197
180,2020-01-07 14:45:00,127.79,127.84,127.65,127.75,60795
181,2020-01-07 15:15:00,127.75,127.95,127.75,127.76,69599
182,2020-01-08 09:15:00,126.59,127.45,126.5,127.45,67627
183,2020-01-08 09:45:00,127.45,127.6,127.14,127.24,20502
184,2020-01-08 10:15:00,127.21,127.45,127.15,127.2,20797
185,2020-01-08 10:45:00,127.2,127.29,127.02,127.07,135893
186,2020-01-08 11:15:00,127.05,127.12,126.8,126.91,60606
187,2020-01-08 11:45:00,126.99,127.12,126.93,127.02,5072
188,2020-01-08 12:15:00,127.02,127.43,126.9,127.29,31826
189,2020-01-08 12:45:00,127.39,127.51,127.3,127.32,4983
190,2020-01-08 13:15:00,127.3,127.33,127.06,127.28,15576
191,2020-01-08 13:45:00,127.31,127.6,127.16,127.5,21988
192,2020-01-08 14:15:00,127.4,127.54,127.2,127.45,8062
193,2020-01-08 14:45:00,127.45,127.75,127.31,127.55,14404
194,2020-01-08 15:15:00,127.53,127.69,127.36,127.59,15439
195,2020-01-09 09:15:00,128.95,129.0,128.35,128.8,27806
196,2020-01-09 09:45:00,128.8,128.86,128.75,128.85,16568
197,2020-01-09 10:15:00,128.85,129.2,128.8,129.2,20218
198,2020-01-09 10:45:00,129.2,129.23,129.03,129.14,12293
199,2020-01-09 11:15:00,129.1,129.24,129.0,129.24,18875
200,2020-01-09 11:45:00,129.24,129.25,129.12,129.15,8062
201,2020-01-09 12:15:00,129.24,129.32,129.1,129.2,7634
202,2020-01-09 12:45:00,129.2,129.38,129.14,129.38,19588
203,2020-01-09 13:15:00,129.39,129.55,129.26,129.3,13236
204,2020-01-09 13:45:00,129.3,129.38,129.21,129.3,12868
205,2020-01-09 14:15:00,129.3,129.48,129.2,129.33,22482
206,2020-01-09 14:45:00,129.39,129.48,129.29,129.34,75538
207,2020-01-09 15:15:00,129.34,129.37,129.2,129.28,35935
208,2020-01-10 09:15:00,129.95,130.0,129.3,129.4,50025
209,2020-01-10 09:45:00,129.45,129.74,129.42,129.72,72161
210,2020-01-10 10:15:00,129.73,129.9,129.71,129.83,39934
211,2020-01-10 10:45:00,129.9,129.92,129.77,129.92,25294
212,2020-01-10 11:15:00,129.92,130.19,129.92,130.16,28144
213,2020-01-10 11:45:00,130.17,130.2,130.07,130.17,26610
214,2020-01-10 12:15:00,130.17,130.19,130.05,130.19,27948
215,2020-01-10 12:45:00,130.19,130.19,129.93,130.07,23369
216,2020-01-10 13:15:00,130.07,130.11,129.76,129.84,18885
217,2020-01-10 13:45:00,129.83,129.95,129.51,129.65,13962
218,2020-01-10 14:15:00,129.6,129.74,129.41,129.63,26172
219,2020-01-10 14:45:00,129.62,129.73,129.34,129.67,41250
220,2020-01-10 15:15:00,129.68,129.68,129.55,129.63,32568
221,2020-01-13 09:15:00,127.0,130.5,124.4,130.32,115437
222,2020-01-13 09:45:00,130.32,130.35,130.1,130.29,35504
223,2020-01-13 10:15:00,130.29,130.45,130.27,130.38,19813
224,2020-01-13 10:45:00,130.37,130.4,130.26,130.4,84414
225,2020-01-13 11:15:00,130.37,130.45,130.27,130.4,7449
226,2020-01-13 11:45:00,130.4,130.4,130.31,130.39,1882
227,2020-01-13 12:15:00,130.33,130.45,130.32,130.39,12099
228,2020-01-13 12:45:00,130.39,130.45,130.2,130.3,59359
229,2020-01-13 13:15:00,130.28,130.28,130.0,130.2,112679
230,2020-01-13 13:45:00,130.21,130.29,130.1,130.18,14071
231,2020-01-13 14:15:00,130.14,130.35,130.0,130.28,12896
232,2020-01-13 14:45:00,130.22,130.44,130.2,130.44,30040
233,2020-01-13 15:15:00,130.44,130.48,130.31,130.44,25722
234,2020-01-14 09:15:00,130.75,130.75,129.8,130.44,33090
235,2020-01-14 09:45:00,130.44,130.47,130.3,130.45,27377
236,2020-01-14 10:15:00,130.47,130.5,130.32,130.32,55490
237,2020-01-14 10:45:00,130.42,130.48,130.25,130.37,4515
238,2020-01-14 11:15:00,130.4,130.47,130.37,130.39,10722
239,2020-01-14 11:45:00,130.45,130.55,130.41,130.54,6046
240,2020-01-14 12:15:00,130.51,130.57,130.43,130.5,12265
241,2020-01-14 12:45:00,130.5,130.56,130.43,130.52,25252
242,2020-01-14 13:15:00,130.52,130.57,130.5,130.57,25624
243,2020-01-14 13:45:00,130.59,130.59,130.37,130.5,4468
244,2020-01-14 14:15:00,130.41,130.75,130.36,130.75,22599
245,2020-01-14 14:45:00,130.75,131.21,130.71,131.08,67512
246,2020-01-14 15:15:00,131.03,131.23,130.74,130.96,30932
247,2020-01-15 09:15:00,131.4,131.45,130.0,130.4,26551
248,2020-01-15 09:45:00,130.39,130.47,130.25,130.35,16418
249,2020-01-15 10:15:00,130.42,130.42,130.15,130.34,23660
250,2020-01-15 10:45:00,130.34,130.35,130.27,130.3,7567
251,2020-01-15 11:15:00,130.35,130.44,130.3,130.42,6621
252,2020-01-15 11:45:00,130.4,130.45,130.3,130.34,5139
253,2020-01-15 12:15:00,130.34,130.37,130.25,130.3,8535
254,2020-01-15 12:45:00,130.36,130.48,130.3,130.47,7097
255,2020-01-15 13:15:00,130.37,130.47,130.24,130.24,9122
256,2020-01-15 13:45:00,130.36,130.59,130.2,130.54,46194
257,2020-01-15 14:15:00,130.54,130.74,130.49,130.7,44587
258,2020-01-15 14:45:00,130.68,131.09,130.6,131.0,64163
259,2020-01-15 15:15:00,131.05,131.15,130.74,131.0,53341
260,2020-01-16 09:15:00,131.45,131.5,130.0,131.0,12963
261,2020-01-16 09:45:00,131.09,131.15,130.95,131.05,13845
262,2020-01-16 10:15:00,131.14,131.14,130.9,130.94,12493
263,2020-01-16 10:45:00,130.98,130.98,130.69,130.79,11370
264,2020-01-16 11:15:00,130.67,130.9,130.67,130.72,10106
265,2020-01-16 11:45:00,130.84,130.88,130.7,130.8,5154
266,2020-01-16 12:15:00,130.8,130.89,130.72,130.89,6581
267,2020-01-16 12:45:00,130.76,130.99,130.76,130.99,11194
268,2020-01-16 13:15:00,130.99,131.1,130.86,130.93,5960
269,2020-01-16 13:45:00,131.0,131.15,130.82,130.85,45796
270,2020-01-16 14:15:00,130.9,130.95,130.72,130.8,13992
271,2020-01-16 14:45:00,130.9,131.0,130.72,130.72,87247
272,2020-01-16 15:15:00,130.84,130.99,130.8,130.91,41217
273,2020-01-17 09:15:00,131.45,131.45,130.5,130.72,9680
274,2020-01-17 09:45:00,130.81,130.99,130.75,130.99,5448
275,2020-01-17 10:15:00,130.99,131.1,130.91,131.1,14130
276,2020-01-17 10:45:00,131.1,131.1,130.8,131.1,22797
277,2020-01-17 11:15:00,131.1,131.19,130.9,130.95,59326
278,2020-01-17 11:45:00,130.95,131.13,130.9,131.0,50468
279,2020-01-17 12:15:00,131.0,131.19,131.0,131.18,14994
280,2020-01-17 12:45:00,131.18,131.2,131.01,131.11,4948
281,2020-01-17 13:15:00,131.19,131.19,131.07,131.18,4378
282,2020-01-17 13:45:00,131.18,131.25,131.12,131.23,21178
283,2020-01-17 14:15:00,131.23,131.25,131.0,131.15,50347
284,2020-01-17 14:45:00,131.17,131.3,131.0,131.15,97650
285,2020-01-17 15:15:00,131.1,131.21,131.01,131.13,38734
286,2020-01-20 09:15:00,131.21,131.5,130.69,130.91,121589
287,2020-01-20 09:45:00,130.9,131.0,130.56,130.62,226570
288,2020-01-20 10:15:00,130.62,130.74,130.15,130.2,82041
289,2020-01-20 10:45:00,130.2,130.52,130.18,130.4,42218
290,2020-01-20 11:15:00,130.39,130.47,130.31,130.44,23603
291,2020-01-20 11:45:00,130.32,130.54,130.31,130.43,14246
292,2020-01-20 12:15:00,130.43,130.5,130.22,130.36,10083
293,2020-01-20 12:45:00,130.32,130.32,130.0,130.06,79140
294,2020-01-20 13:15:00,130.06,130.18,129.96,130.15,18154
295,2020-01-20 13:45:00,130.15,130.34,130.0,130.12,11332
296,2020-01-20 14:15:00,130.06,130.08,129.88,129.97,19665
297,2020-01-20 14:45:00,129.93,129.97,129.7,129.72,64670
298,2020-01-20 15:15:00,129.72,129.98,129.7,129.98,56073
299,2020-01-21 09:15:00,130.35,130.35,129.08,129.72,26237
300,2020-01-21 09:45:00,129.7,129.8,129.52,129.61,17550
301,2020-01-21 10:15:00,129.6,129.6,129.17,129.3,13658
302,2020-01-21 10:45:00,129.39,129.44,129.19,129.44,19661
303,2020-01-21 11:15:00,129.44,129.52,129.26,129.52,51000
304,2020-01-21 11:45:00,129.5,129.64,129.35,129.56,4219
305,2020-01-21 12:15:00,129.56,129.56,129.3,129.36,24337
306,2020-01-21 12:45:00,129.36,129.54,129.29,129.54,4694
307,2020-01-21 13:15:00,129.5,129.52,129.35,129.36,25359
308,2020-01-21 13:45:00,129.35,129.48,129.19,129.37,56101
309,2020-01-21 14:15:00,129.37,129.55,129.05,129.47,62438
310,2020-01-21 14:45:00,129.47,129.57,129.2,129.24,94030
311,2020-01-21 15:15:00,129.23,129.29,129.2,129.28,59370
312,2020-01-22 09:15:00,131.45,131.45,129.4,129.49,13065
313,2020-01-22 09:45:00,129.42,129.5,129.24,129.32,12834
314,2020-01-22 10:15:00,129.28,129.3,128.76,128.92,36739
315,2020-01-22 10:45:00,128.92,129.04,128.81,128.87,14148
316,2020-01-22 11:15:00,128.85,128.85,128.77,128.8,6010
317,2020-01-22 11:45:00,128.79,128.8,128.7,128.73,21431
318,2020-01-22 12:15:00,128.68,128.89,128.66,128.87,7953
319,2020-01-22 12:45:00,128.85,128.97,128.71,128.89,87890
320,2020-01-22 13:15:00,128.89,128.89,128.75,128.75,45687
321,2020-01-22 13:45:00,128.83,128.83,128.45,128.58,58866
322,2020-01-22 14:15:00,128.58,128.58,128.37,128.52,52851
323,2020-01-22 14:45:00,128.54,128.7,128.52,128.57,50921
324,2020-01-22 15:15:00,128.58,128.65,128.22,128.65,63093
325,2020-01-23 09:15:00,129.45,129.45,128.2,129.0,17196
326,2020-01-23 09:45:00,129.0,129.0,128.85,129.0,29333
327,2020-01-23 10:15:00,129.0,129.09,128.75,128.81,6969
328,2020-01-23 10:45:00,128.86,128.88,128.57,128.62,7148
329,2020-01-23 11:15:00,128.6,128.85,128.55,128.71,6681
330,2020-01-23 11:45:00,128.71,128.89,128.71,128.83,11411
331,2020-01-23 12:15:00,128.87,129.25,128.79,129.19,8517
332,2020-01-23 12:45:00,129.19,129.29,129.03,129.27,17342
333,2020-01-23 13:15:00,129.15,129.29,129.02,129.19,9175
334,2020-01-23 13:45:00,129.18,129.19,129.03,129.07,2901
335,2020-01-23 14:15:00,129.18,129.19,129.0,129.13,12123
336,2020-01-23 14:45:00,129.1,129.33,129.01,129.33,5826
337,2020-01-23 15:15:00,129.31,129.37,129.26,129.32,50153
338,2020-01-24 09:15:00,129.26,129.61,128.75,129.51,10850
339,2020-01-24 09:45:00,129.5,129.65,129.36,129.55,7534
340,2020-01-24 10:15:00,129.64,129.94,129.62,129.9,26615
341,2020-01-24 10:45:00,129.8,129.91,129.73,129.85,4948
342,2020-01-24 11:15:00,129.84,129.84,129.5,129.72,17586
343,2020-01-24 11:45:00,129.8,129.9,129.65,129.82,9470
344,2020-01-24 12:15:00,129.82,129.92,129.63,129.9,33605
345,2020-01-24 12:45:00,129.89,129.89,129.73,129.74,9185
346,2020-01-24 13:15:00,129.85,129.96,129.73,129.94,16638
347,2020-01-24 13:45:00,129.94,130.25,129.82,130.25,413088
348,2020-01-24 14:15:00,130.23,130.25,130.11,130.17,11768
349,2020-01-24 14:45:00,130.23,130.3,130.07,130.15,31198
350,2020-01-24 15:15:00,130.08,130.15,129.95,130.05,38187
351,2020-01-27 09:15:00,129.0,130.0,128.91,129.42,36297
352,2020-01-27 09:45:00,129.3,129.56,129.13,129.51,22489
353,2020-01-27 10:15:00,129.44,129.58,129.4,129.5,12773
354,2020-01-27 10:45:00,129.47,129.54,129.26,129.42,25198
355,2020-01-27 11:15:00,129.44,129.46,129.25,129.37,27478
356,2020-01-27 11:45:00,129.37,129.5,129.31,129.44,5371
357,2020-01-27 12:15:00,129.44,129.49,129.36,129.47,3352
358,2020-01-27 12:45:00,129.47,129.54,129.26,129.32,8346
359,2020-01-27 13:15:00,129.32,129.38,129.18,129.18,32242
360,2020-01-27 13:45:00,129.18,129.35,129.18,129.27,16112
361,2020-01-27 14:15:00,129.27,129.28,128.83,128.99,64480
362,2020-01-27 14:45:00,128.97,128.97,128.75,128.8,56149
363,2020-01-27 15:15:00,128.79,128.8,128.55,128.74,104275
364,2020-01-28 09:15:00,130.66,130.66,128.45,129.0,62598
365,2020-01-28 09:45:00,129.02,129.18,128.59,128.67,25083
366,2020-01-28 10:15:00,128.69,128.74,128.52,128.68,30302
367,2020-01-28 10:45:00,128.7,128.79,128.52,128.64,26952
368,2020-01-28 11:15:00,128.66,128.83,128.61,128.76,19643
369,2020-01-28 11:45:00,128.78,128.79,128.61,128.71,19695
370,2020-01-28 12:15:00,128.78,128.93,128.68,128.71,7551
371,2020-01-28 12:45:00,128.69,128.87,128.61,128.77,8785
372,2020-01-28 13:15:00,128.87,128.92,128.64,128.7,21376
373,2020-01-28 13:45:00,128.7,128.7,128.25,128.29,242538
374,2020-01-28 14:15:00,128.27,128.31,128.05,128.1,186304
375,2020-01-28 14:45:00,128.1,128.13,127.6,128.1,71237
376,2020-01-28 15:15:00,128.08,128.24,127.95,128.15,103971
377,2020-01-29 09:15:00,128.75,128.89,128.05,128.65,23621
378,2020-01-29 09:45:00,128.66,128.9,128.66,128.8,9763
379,2020-01-29 10:15:00,128.85,128.87,128.61,128.76,7009
380,2020-01-29 10:45:00,128.87,128.9,128.76,128.89,4043
381,2020-01-29 11:15:00,128.76,128.9,128.75,128.88,4653
382,2020-01-29 11:45:00,128.88,128.88,128.75,128.87,4004
383,2020-01-29 12:15:00,128.87,129.0,128.73,128.81,24651
384,2020-01-29 12:45:00,128.9,129.08,128.8,129.01,15604
385,2020-01-29 13:15:00,129.01,129.01,128.5,128.64,20823
386,2020-01-29 13:45:00,128.7,129.09,128.6,129.05,13277
387,2020-01-29 14:15:00,128.9,129.2,128.61,128.76,23576
388,2020-01-29 14:45:00,128.67,128.92,128.51,128.8,11348
389,2020-01-29 15:15:00,128.8,128.89,128.6,128.76,17321
390,2020-01-30 09:15:00,128.95,129.0,127.9,128.15,32793
391,2020-01-30 09:45:00,128.15,128.3,128.05,128.12,21425
392,2020-01-30 10:15:00,128.12,128.21,128.01,128.1,26297
393,2020-01-30 10:45:00,128.12,128.2,127.93,128.08,57283
394,2020-01-30 11:15:00,128.08,128.14,128.0,128.12,76700
395,2020-01-30 11:45:00,128.12,128.19,128.0,128.05,133380
396,2020-01-30 12:15:00,128.05,128.09,127.92,127.99,71720
397,2020-01-30 12:45:00,127.99,128.03,127.7,127.85,76954
398,2020-01-30 13:15:00,127.85,128.0,127.8,127.88,227464
399,2020-01-30 13:45:00,127.9,127.9,127.6,127.6,208502
400,2020-01-30 14:15:00,127.63,127.9,127.55,127.8,26579
401,2020-01-30 14:45:00,127.89,128.03,127.7,127.88,65746
402,2020-01-30 15:15:00,127.86,127.86,127.5,127.7,49251
403,2020-01-31 09:15:00,127.95,128.43,127.5,127.96,35507
404,2020-01-31 09:45:00,127.96,128.0,127.56,127.87,28066
405,2020-01-31 10:15:00,127.87,127.87,127.65,127.79,18247
406,2020-01-31 10:45:00,127.79,127.79,127.32,127.4,19205
407,2020-01-31 11:15:00,127.42,127.42,126.96,127.0,134600
408,2020-01-31 11:45:00,127.0,127.2,126.9,127.1,29135
409,2020-01-31 12:15:00,127.1,127.25,126.95,127.24,36786
410,2020-01-31 12:45:00,127.25,127.35,127.0,127.23,40028
411,2020-01-31 13:15:00,127.23,127.48,127.13,127.4,23934
412,2020-01-31 13:45:00,127.45,127.72,127.3,127.72,22505
413,2020-01-31 14:15:00,127.87,127.87,127.4,127.5,27168
414,2020-01-31 14:45:00,127.5,127.52,126.92,127.05,93230
415,2020-01-31 15:15:00,127.07,127.72,126.97,127.17,122634
416,2020-02-03 09:15:00,124.76,125.6,123.5,123.8,344145
417,2020-02-03 09:45:00,123.8,124.49,123.75,124.41,199908
418,2020-02-03 10:15:00,124.41,124.75,124.25,124.55,85358
419,2020-02-03 10:45:00,124.55,124.79,124.44,124.6,82907
420,2020-02-03 11:15:00,124.58,124.59,123.94,124.18,210393
421,2020-02-03 11:45:00,124.15,124.24,123.8,124.14,29838
422,2020-02-03 12:15:00,124.14,124.28,123.9,124.23,24990
423,2020-02-03 12:45:00,124.25,124.59,124.2,124.3,23639
424,2020-02-03 13:15:00,124.3,124.43,123.9,124.19,30486
425,2020-02-03 13:45:00,124.1,124.19,123.9,124.1,48971
426,2020-02-03 14:15:00,124.1,124.48,123.97,124.38,104781
427,2020-02-03 14:45:00,124.38,124.66,124.2,124.35,70921
428,2020-02-03 15:15:00,124.3,124.78,124.21,124.77,55683
429,2020-02-04 09:15:00,125.25,125.49,124.05,125.49,40636
430,2020-02-04 09:45:00,125.49,125.97,125.45,125.78,67901
431,2020-02-04 10:15:00,125.95,126.38,125.72,126.02,30014
432,2020-02-04 10:45:00,126.04,126.68,126.01,126.5,32929
433,2020-02-04 11:15:00,126.5,126.93,126.45,126.75,19093
434,2020-02-04 11:45:00,126.75,126.79,126.6,126.71,6972
435,2020-02-04 12:15:00,126.71,126.75,126.36,126.59,25698
436,2020-02-04 12:45:00,126.59,126.6,126.3,126.51,7243
437,2020-02-04 13:15:00,126.51,126.8,126.45,126.69,9840
438,2020-02-04 13:45:00,126.62,126.82,126.62,126.74,18079
439,2020-02-04 14:15:00,126.75,126.84,126.62,126.79,13978
440,2020-02-04 14:45:00,126.7,126.89,126.51,126.79,27388
441,2020-02-04 15:15:00,126.79,126.8,126.65,126.8,31598
442,2020-02-05 09:15:00,126.1,127.39,126.1,127.25,30511
443,2020-02-05 09:45:00,127.25,127.34,126.92,127.34,39161
444,2020-02-05 10:15:00,127.34,127.4,127.2,127.35,11543
445,2020-02-05 10:45:00,127.39,127.4,127.23,127.37,4285
446,2020-02-05 11:15:00,127.3,127.4,127.08,127.19,11824
447,2020-02-05 11:45:00,127.05,127.2,126.9,127.0,17079
448,2020-02-05 12:15:00,127.0,127.2,126.88,127.2,15589
449,2020-02-05 12:45:00,127.2,127.2,127.05,127.18,9396
450,2020-02-05 13:15:00,127.18,127.28,127.1,127.2,31046
451,2020-02-05 13:45:00,127.16,127.64,127.09,127.58,56302
452,2020-02-05 14:15:00,127.58,127.84,127.58,127.64,23002
453,2020-02-05 14:45:00,127.7,127.95,127.7,127.88,39353
454,2020-02-05 15:15:00,127.82,128.1,127.78,128.09,54901
455,2020-02-06 09:15:00,127.86,128.49,127.55,128.45,40998
456,2020-02-06 09:45:00,128.5,128.52,128.22,128.36,26537
457,2020-02-06 10:15:00,128.36,128.41,128.15,128.25,25462
458,2020-02-06 10:45:00,128.2,128.32,128.1,128.15,7247
459,2020-02-06 11:15:00,128.19,128.3,128.05,128.2,6506
460,2020-02-06 11:45:00,128.2,128.7,128.03,128.51,24944
461,2020-02-06 12:15:00,128.27,128.59,128.27,128.55,8952
462,2020-02-06 12:45:00,128.55,128.59,128.35,128.51,8696
463,2020-02-06 13:15:00,128.51,128.69,128.37,128.57,13247
464,2020-02-06 13:45:00,128.63,128.68,128.24,128.5,20852
465,2020-02-06 14:15:00,128.45,128.76,128.36,128.75,47432
466,2020-02-06 14:45:00,128.75,129.05,128.52,128.98,62942
467,2020-02-06 15:15:00,128.95,129.0,128.8,128.94,54893
468,2020-02-07 09:15:00,129.15,129.15,128.03,128.33,39959
469,2020-02-07 09:45:00,128.35,128.58,128.21,128.58,44185
470,2020-02-07 10:15:00,128.55,128.55,128.33,128.36,7902
471,2020-02-07 10:45:00,128.47,128.54,128.26,128.4,10627
472,2020-02-07 11:15:00,128.4,128.49,128.21,128.42,10724
473,2020-02-07 11:45:00,128.42,128.45,128.26,128.37,4959
474,2020-02-07 12:15:00,128.37,128.54,128.0,128.54,20561
475,2020-02-07 12:45:00,128.52,128.67,128.08,128.3,15057
476,2020-02-07 13:15:00,128.3,128.33,127.97,128.0,85277
477,2020-02-07 13:45:00,128.05,128.1,127.74,128.0,170461
478,2020-02-07 14:15:00,128.0,128.15,127.84,128.14,25097
479,2020-02-07 14:45:00,128.14,128.3,127.99,128.23,66229
480,2020-02-07 15:15:00,128.23,128.23,128.0,128.19,11456
481,2020-02-10 09:15:00,129.85,129.85,127.43,127.77,34445
482,2020-02-10 09:45:00,127.77,127.77,127.31,127.68,42631
483,2020-02-10 10:15:00,127.57,127.68,127.33,127.43,30941
484,2020-02-10 10:45:00,127.44,127.63,127.38,127.59,32821
485,2020-02-10 11:15:00,127.59,127.59,127.32,127.52,24971
486,2020-02-10 11:45:00,127.52,127.69,127.35,127.69,11869
487,2020-02-10 12:15:00,127.69,127.69,127.41,127.55,8597
488,2020-02-10 12:45:00,127.55,127.59,127.42,127.55,11116
489,2020-02-10 13:15:00,127.55,127.56,127.43,127.45,7796
490,2020-02-10 13:45:00,127.47,127.58,127.42,127.54,7347
491,2020-02-10 14:15:00,127.54,127.57,127.42,127.5,8973
492,2020-02-10 14:45:00,127.5,127.81,127.5,127.67,14165
493,2020-02-10 15:15:00,127.73,127.94,127.67,127.92,135738
494,2020-02-11 09:15:00,128.05,129.95,128.05,128.75,40241
495,2020-02-11 09:45:00,128.75,128.99,128.67,128.95,12721
496,2020-02-11 10:15:00,128.95,128.95,128.65,128.79,13181
497,2020-02-11 10:45:00,128.79,128.87,128.66,128.78,39713
498,2020-02-11 11:15:00,128.78,128.79,128.66,128.69,1745
499,2020-02-11 11:45:00,128.74,128.77,128.5,128.52,54528
500,2020-02-11 12:15:00,128.62,128.68,128.5,128.68,6331
501,2020-02-11 12:45:00,128.68,128.68,128.51,128.6,22064
502,2020-02-11 13:15:00,128.6,128.64,128.51,128.6,31148
503,2020-02-11 13:45:00,128.53,128.63,128.51,128.57,17271
504,2020-02-11 14:15:00,128.55,128.58,128.31,128.31,18610
505,2020-02-11 14:45:00,128.39,128.44,128.15,128.15,17670
506,2020-02-11 15:15:00,128.39,128.39,128.15,128.3,26522
507,2020-02-12 09:15:00,128.85,129.18,128.6,129.1,30543
508,2020-02-12 09:45:00,129.1,129.23,129.0,129.23,49314
509,2020-02-12 10:15:00,129.23,129.35,129.17,129.25,46436
510,2020-02-12 10:45:00,129.28,129.28,129.05,129.15,27461
511,2020-02-12 11:15:00,129.15,129.24,129.07,129.2,4006
512,2020-02-12 11:45:00,129.23,129.24,129.09,129.12,3014
513,2020-02-12 12:15:00,129.21,129.22,129.08,129.2,10619
514,2020-02-12 12:45:00,129.2,129.28,129.1,129.2,11805
515,2020-02-12 13:15:00,129.2,129.27,129.1,129.14,12723
516,2020-02-12 13:45:00,129.06,129.3,129.06,129.29,12040
517,2020-02-12 14:15:00,129.25,129.28,129.15,129.21,8015
518,2020-02-12 14:45:00,129.21,129.3,129.08,129.19,13514
519,2020-02-12 15:15:00,129.17,129.29,129.05,129.19,14581
520,2020-02-13 09:15:00,129.54,129.54,128.72,128.75,26976
521,2020-02-13 09:45:00,128.8,128.8,128.55,128.73,24353
522,2020-02-13 10:15:00,128.74,128.74,128.55,128.64,6411
523,2020-02-13 10:45:00,128.64,128.75,128.6,128.7,6197
524,2020-02-13 11:15:00,128.69,128.71,128.59,128.63,2807
525,2020-02-13 11:45:00,128.65,128.65,128.54,128.58,16172
526,2020-02-13 12:15:00,128.58,128.67,128.55,128.61,33699
527,2020-02-13 12:45:00,128.61,128.75,128.55,128.74,34030
528,2020-02-13 13:15:00,128.74,128.74,128.5,128.62,12654
529,2020-02-13 13:45:00,128.61,128.71,128.5,128.65,23534
530,2020-02-13 14:15:00,128.66,128.97,128.63,128.97,59443
531,2020-02-13 14:45:00,128.94,129.3,128.75,129.01,77210
532,2020-02-13 15:15:00,129.19,129.41,129.0,129.32,167912
533,2020-02-14 09:15:00,129.54,129.69,128.09,129.55,39916
534,2020-02-14 09:45:00,129.6,129.6,129.06,129.32,28156
535,2020-02-14 10:15:00,129.32,129.32,129.14,129.17,5039
536,2020-02-14 10:45:00,129.24,129.25,128.26,128.68,44888
537,2020-02-14 11:15:00,128.65,128.94,128.42,128.75,191310
538,2020-02-14 11:45:00,128.75,128.83,128.55,128.75,13233
539,2020-02-14 12:15:00,128.76,128.76,128.51,128.64,9575
540,2020-02-14 12:45:00,128.64,128.73,128.52,128.56,9116
541,2020-02-14 13:15:00,128.66,128.66,128.38,128.48,7677
542,2020-02-14 13:45:00,128.48,128.82,128.4,128.77,32444
543,2020-02-14 14:15:00,128.78,128.78,128.3,128.41,14585
544,2020-02-14 14:45:00,128.41,128.49,128.2,128.36,19440
545,2020-02-14 15:15:00,128.4,128.48,128.22,128.3,19713
546,2020-02-17 09:15:00,128.92,129.0,128.11,128.31,27232
547,2020-02-17 09:45:00,128.4,128.49,128.15,128.28,12665
548,2020-02-17 10:15:00,128.28,128.49,128.1,128.45,15005
549,2020-02-17 10:45:00,128.4,128.5,128.26,128.46,5132
550,2020-02-17 11:15:00,128.46,128.46,128.2,128.29,7338
551,2020-02-17 11:45:00,128.29,128.39,128.2,128.35,9324
552,2020-02-17 12:15:00,128.35,128.38,128.13,128.23,48860
553,2020-02-17 12:45:00,128.24,128.26,128.03,128.13,18943
554,2020-02-17 13:15:00,128.13,128.17,127.96,128.04,24908
555,2020-02-17 13:45:00,128.04,128.21,128.0,128.02,13549
556,2020-02-17 14:15:00,128.0,128.12,127.9,127.98,26766
557,2020-02-17 14:45:00,127.98,128.06,127.87,127.97,5575
558,2020-02-17 15:15:00,127.87,127.99,127.7,127.7,38727
559,2020-02-18 09:15:00,126.95,128.5,126.81,126.9,60350
560,2020-02-18 09:45:00,126.9,127.2,126.8,127.19,32038
561,2020-02-18 10:15:00,127.15,127.19,126.82,126.89,27579
562,2020-02-18 10:45:00,126.89,127.02,126.83,126.87,79415
563,2020-02-18 11:15:00,126.87,126.93,126.65,126.9,110960
564,2020-02-18 11:45:00,126.87,126.89,126.69,126.73,67358
565,2020-02-18 12:15:00,126.73,126.73,126.58,126.69,41500
566,2020-02-18 12:45:00,126.69,126.94,126.61,126.82,28882
567,2020-02-18 13:15:00,126.82,126.82,126.55,126.66,40920
568,2020-02-18 13:45:00,126.66,126.89,126.6,126.85,14232
569,2020-02-18 14:15:00,126.85,127.04,126.83,126.98,20292
570,2020-02-18 14:45:00,126.98,127.5,126.9,127.49,23555
571,2020-02-18 15:15:00,127.5,127.56,127.33,127.4,21909
572,2020-02-19 09:15:00,127.95,128.3,127.0,128.04,70432
573,2020-02-19 09:45:00,128.04,128.4,128.0,128.15,178402
574,2020-02-19 10:15:00,128.15,128.15,127.75,127.86,19814
575,2020-02-19 10:45:00,127.94,128.25,127.93,128.16,13836
576,2020-02-19 11:15:00,128.16,128.19,128.01,128.15,8973
577,2020-02-19 11:45:00,128.15,128.27,128.1,128.22,13145
578,2020-02-19 12:15:00,128.22,128.5,128.19,128.5,31863
579,2020-02-19 12:45:00,128.5,128.6,128.44,128.6,15700
580,2020-02-19 13:15:00,128.6,128.6,128.25,128.31,14953
581,2020-02-19 13:45:00,128.31,128.49,128.21,128.48,6525
582,2020-02-19 14:15:00,128.47,128.48,128.25,128.44,16837
583,2020-02-19 14:45:00,128.45,128.6,128.35,128.58,20978
584,2020-02-19 15:15:00,128.5,128.7,128.5,128.59,51762
585,2020-02-20 09:15:00,128.55,128.6,128.0,128.52,13827
586,2020-02-20 09:45:00,128.52,128.56,128.41,128.5,7264
587,2020-02-20 10:15:00,128.5,128.57,128.41,128.48,6192
588,2020-02-20 10:45:00,128.56,128.6,128.41,128.6,10164
589,2020-02-20 11:15:00,128.6,128.6,128.51,128.6,23292
590,2020-02-20 11:45:00,128.6,128.7,128.54,128.7,24869
591,2020-02-20 12:15:00,128.7,128.78,128.62,128.77,29477
592,2020-02-20 12:45:00,128.77,128.8,128.7,128.8,40364
593,2020-02-20 13:15:00,128.8,128.8,128.51,128.7,59749
594,2020-02-20 13:45:00,128.65,128.75,128.5,128.55,6766
595,2020-02-20 14:15:00,128.55,128.75,128.5,128.64,16590
596,2020-02-20 14:45:00,128.61,128.63,128.11,128.4,54339
597,2020-02-20 15:15:00,128.4,128.51,128.3,128.43,61930
598,2020-02-24 09:15:00,128.41,128.41,126.63,127.08,88933
599,2020-02-24 09:45:00,127.08,127.11,126.82,127.08,31922
600,2020-02-24 10:15:00,127.08,127.09,126.8,126.9,36369
601,2020-02-24 10:45:00,126.9,127.14,126.8,127.03,29814
602,2020-02-24 11:15:00,127.03,127.15,126.85,127.14,26688
603,2020-02-24 11:45:00,127.14,127.24,127.01,127.15,25282
604,2020-02-24 12:15:00,127.15,127.27,127.09,127.09,35530
605,2020-02-24 12:45:00,127.09,127.11,127.0,127.05,57107
606,2020-02-24 13:15:00,127.05,127.08,126.7,126.77,552887
607,2020-02-24 13:45:00,126.77,126.83,126.6,126.62,79808
608,2020-02-24 14:15:00,126.62,126.66,126.09,126.19,1394088
609,2020-02-24 14:45:00,126.17,126.3,125.67,125.72,666514
610,2020-02-24 15:15:00,125.68,125.89,125.5,125.73,518988
611,2020-02-25 09:15:00,126.35,126.4,125.5,125.8,182700
612,2020-02-25 09:45:00,125.78,125.99,125.42,125.99,49835
613,2020-02-25 10:15:00,125.99,126.01,125.54,125.77,28308
614,2020-02-25 10:45:00,125.75,125.89,125.62,125.8,12184
615,2020-02-25 11:15:00,125.85,125.9,125.66,125.81,25981
616,2020-02-25 11:45:00,125.87,126.08,125.73,126.0,11850
617,2020-02-25 12:15:00,126.0,126.08,125.8,125.86,46613
618,2020-02-25 12:45:00,125.86,125.86,125.53,125.65,26360
619,2020-02-25 13:15:00,125.7,125.86,125.55,125.73,17939
620,2020-02-25 13:45:00,125.6,125.72,125.16,125.3,33431
621,2020-02-25 14:15:00,125.3,125.7,125.17,125.5,33334
622,2020-02-25 14:45:00,125.5,125.61,125.11,125.37,82056
623,2020-02-25 15:15:00,125.37,125.54,125.34,125.34,27169
624,2020-02-26 09:15:00,125.39,125.39,124.39,124.46,464684
625,2020-02-26 09:45:00,124.46,124.58,124.26,124.5,578710
626,2020-02-26 10:15:00,124.5,124.58,124.39,124.49,44766
627,2020-02-26 10:45:00,124.41,124.49,124.25,124.36,1035908
628,2020-02-26 11:15:00,124.36,124.55,124.28,124.51,31495
629,2020-02-26 11:45:00,124.5,124.54,124.4,124.51,18135
630,2020-02-26 12:15:00,124.51,124.64,124.5,124.61,26196
631,2020-02-26 12:45:00,124.61,124.74,124.51,124.7,23135
632,2020-02-26 13:15:00,124.7,124.99,124.66,124.9,31043
633,2020-02-26 13:45:00,125.0,125.19,124.45,124.45,51518
634,2020-02-26 14:15:00,124.63,124.63,123.8,124.14,139018
635,2020-02-26 14:45:00,124.14,124.25,123.88,124.22,250566
636,2020-02-26 15:15:00,124.22,124.39,124.04,124.04,38083
637,2020-02-27 09:15:00,123.55,124.49,122.95,123.27,108293
638,2020-02-27 09:45:00,123.27,123.33,122.8,122.85,455581
639,2020-02-27 10:15:00,122.85,123.0,122.54,122.74,91769
640,2020-02-27 10:45:00,122.75,122.95,122.66,122.75,191487
641,2020-02-27 11:15:00,122.84,123.05,122.76,123.0,59202
642,2020-02-27 11:45:00,122.99,123.0,122.77,122.92,211507
643,2020-02-27 12:15:00,122.99,123.08,122.89,123.0,408183
644,2020-02-27 12:45:00,123.0,123.4,123.0,123.33,63189
645,2020-02-27 13:15:00,123.33,123.49,123.02,123.18,50956
646,2020-02-27 13:45:00,123.2,123.38,123.03,123.17,19904
647,2020-02-27 14:15:00,123.17,123.5,123.0,123.5,28270
648,2020-02-27 14:45:00,123.49,123.79,123.4,123.75,79853
649,2020-02-27 15:15:00,123.75,123.75,123.5,123.64,95315
650,2020-02-28 09:15:00,121.65,122.94,120.06,120.2,1680843
651,2020-02-28 09:45:00,120.25,120.48,119.88,120.09,875425
652,2020-02-28 10:15:00,120.09,120.38,120.01,120.2,244894
653,2020-02-28 10:45:00,120.24,121.14,119.97,120.06,837378
654,2020-02-28 11:15:00,120.06,120.38,119.93,120.06,388559
655,2020-02-28 11:45:00,120.16,120.2,119.67,119.86,673914
656,2020-02-28 12:15:00,119.86,120.21,119.5,119.86,462467
657,2020-02-28 12:45:00,119.86,120.35,119.86,120.0,861044
658,2020-02-28 13:15:00,120.0,120.13,119.82,120.07,169793
659,2020-02-28 13:45:00,120.07,120.4,119.81,119.9,868522
660,2020-02-28 14:15:00,119.9,120.63,119.67,119.95,350657
661,2020-02-28 14:45:00,119.9,119.9,119.11,119.17,550224
662,2020-02-28 15:15:00,119.18,119.89,119.15,119.29,181839
663,2020-03-02 09:15:00,122.05,122.05,120.0,120.9,261818
664,2020-03-02 09:45:00,120.83,121.1,120.36,120.5,120534
665,2020-03-02 10:15:00,120.5,120.76,120.21,120.47,144287
666,2020-03-02 10:45:00,120.47,120.7,120.3,120.65,46719
667,2020-03-02 11:15:00,120.65,120.65,120.4,120.54,49738
668,2020-03-02 11:45:00,120.54,121.0,120.47,120.8,63695
669,2020-03-02 12:15:00,120.87,121.0,120.69,120.9,50836
670,2020-03-02 12:45:00,120.88,120.88,120.55,120.71,48608
671,2020-03-02 13:15:00,120.8,121.2,120.76,121.2,63358
672,2020-03-02 13:45:00,121.15,121.29,121.0,121.16,40718
673,2020-03-02 14:15:00,121.01,121.17,120.05,120.1,166485
674,2020-03-02 14:45:00,120.05,120.2,117.43,117.45,783392
675,2020-03-02 15:15:00,117.5,118.65,117.21,118.39,515224
676,2020-03-03 09:15:00,119.44,120.9,119.09,120.1,492516
677,2020-03-03 09:45:00,120.2,120.32,119.75,119.94,94007
678,2020-03-03 10:15:00,119.94,120.0,119.0,119.38,282549
679,2020-03-03 10:45:00,119.31,119.67,118.78,119.15,157320
680,2020-03-03 11:15:00,119.15,119.29,118.75,118.83,83364
681,2020-03-03 11:45:00,118.77,119.15,118.55,118.96,71569
682,2020-03-03 12:15:00,118.96,119.67,118.96,119.67,103895
683,2020-03-03 12:45:00,119.66,119.67,118.94,119.2,76151
684,2020-03-03 13:15:00,119.16,119.64,118.93,119.64,24942
685,2020-03-03 13:45:00,119.64,120.17,119.56,119.9,88295
686,2020-03-03 14:15:00,119.97,120.6,119.52,120.31,125708
687,2020-03-03 14:45:00,120.3,120.48,119.85,120.1,69236
688,2020-03-03 15:15:00,120.11,121.01,120.11,120.4,138485
689,2020-03-04 09:15:00,121.4,121.4,119.71,120.14,79276
690,2020-03-04 09:45:00,120.14,120.43,120.0,120.2,39174
691,2020-03-04 10:15:00,120.15,120.2,119.85,120.01,48642
692,2020-03-04 10:45:00,119.97,119.99,119.36,119.61,145131
693,2020-03-04 11:15:00,119.53,119.84,119.51,119.7,24518
694,2020-03-04 11:45:00,119.7,119.77,119.46,119.65,12200
695,2020-03-04 12:15:00,119.65,119.83,119.64,119.75,29133
696,2020-03-04 12:45:00,119.7,119.8,118.61,118.78,258049
697,2020-03-05 12:45:00,120.7,120.87,120.55,120.7,11118
698,2020-03-05 13:15:00,120.8,120.8,120.37,120.37,24360
699,2020-03-05 13:45:00,120.38,120.45,119.92,120.06,53383
700,2020-03-05 14:15:00,120.17,120.39,119.75,119.95,49777
701,2020-03-05 14:45:00,120.04,120.3,119.71,119.77,22798
702,2020-03-05 15:15:00,119.81,119.84,119.44,119.75,26819
703,2020-03-06 09:15:00,118.49,118.49,115.6,117.39,527562
704,2020-03-06 09:45:00,117.4,117.88,117.25,117.4,231741
705,2020-03-06 10:15:00,117.4,117.4,116.6,116.62,414016
706,2020-03-06 10:45:00,116.62,116.62,116.04,116.1,572002
707,2020-03-06 11:15:00,116.1,116.42,115.91,116.25,290070
708,2020-03-06 11:45:00,116.25,116.59,116.16,116.29,253301
709,2020-03-06 12:15:00,116.29,116.7,116.15,116.5,90660
710,2020-03-06 12:45:00,116.6,117.05,116.5,117.0,67830
711,2020-03-06 13:15:00,117.0,117.19,116.7,117.0,350054
712,2020-03-06 13:45:00,117.0,117.5,116.9,117.06,166231
713,2020-03-06 14:15:00,117.05,117.3,116.8,117.09,171882
714,2020-03-06 14:45:00,117.09,117.5,116.95,117.15,161125
715,2020-03-06 15:15:00,117.26,117.41,116.99,117.18,73072
716,2020-03-09 09:15:00,116.49,116.49,112.95,113.05,1111356
717,2020-03-09 09:45:00,113.05,113.05,112.5,112.68,461471
718,2020-03-09 10:15:00,112.68,112.9,112.26,112.3,513376
719,2020-03-09 10:45:00,112.3,112.32,112.15,112.28,385073
720,2020-03-09 11:15:00,112.28,112.45,112.15,112.25,467934
721,2020-03-09 11:45:00,112.25,112.51,112.19,112.46,309117
722,2020-03-09 12:15:00,112.46,112.54,112.0,112.07,388035
723,2020-03-09 12:45:00,112.0,112.0,110.01,110.4,1027659
724,2020-03-09 13:15:00,110.4,110.67,109.74,110.15,1321971
725,2020-03-09 13:45:00,110.15,110.99,110.1,110.88,552706
726,2020-03-09 14:15:00,110.88,111.51,110.88,111.51,399858
727,2020-03-09 14:45:00,111.5,112.45,111.3,111.64,709726
728,2020-03-09 15:15:00,111.64,112.0,111.25,111.62,371215
729,2020-03-11 09:15:00,111.49,112.5,110.2,111.36,907619
730,2020-03-11 09:45:00,111.36,111.48,110.75,110.9,262161
731,2020-03-11 10:15:00,110.9,111.0,110.41,110.59,388053
732,2020-03-11 10:45:00,110.59,111.07,110.44,110.72,164376
733,2020-03-11 11:15:00,110.81,111.15,110.65,111.07,166712
734,2020-03-11 11:45:00,111.06,111.68,111.06,111.24,228085
735,2020-03-11 12:15:00,111.33,111.78,111.25,111.65,169219
736,2020-03-11 12:45:00,111.64,112.19,111.4,111.84,125125
737,2020-03-11 13:15:00,111.82,112.15,111.6,111.98,96827
738,2020-03-11 13:45:00,111.92,111.98,111.05,111.4,152085
739,2020-03-11 14:15:00,111.4,112.05,111.4,111.84,197889
740,2020-03-11 14:45:00,111.7,111.85,111.2,111.38,482831
741,2020-03-11 15:15:00,111.38,111.46,111.12,111.31,490188
742,2020-03-12 09:15:00,110.0,110.0,105.77,106.08,1167965
743,2020-03-12 09:45:00,106.08,106.19,105.3,105.72,599899
744,2020-03-12 10:15:00,105.72,105.72,105.03,105.12,499402
745,2020-03-12 10:45:00,105.1,105.17,103.2,103.96,722913
746,2020-03-12 11:15:00,103.96,104.57,103.45,103.5,957593
747,2020-03-12 11:45:00,103.5,103.86,103.21,103.6,927256
748,2020-03-12 12:15:00,103.6,105.0,103.59,104.49,872242
749,2020-03-12 12:45:00,104.6,104.9,103.95,104.25,837694
750,2020-03-12 13:15:00,104.29,104.68,103.96,104.65,360354
751,2020-03-12 13:45:00,104.65,104.75,103.6,103.69,503567
752,2020-03-12 14:15:00,103.67,103.8,101.05,103.0,1121394
753,2020-03-12 14:45:00,103.0,103.45,102.35,102.48,1005933
754,2020-03-12 15:15:00,102.48,105.45,102.3,102.99,749999
755,2020-03-13 09:15:00,91.26,102.0,91.26,98.0,388485
756,2020-03-13 10:15:00,98.0,120.85,98.0,102.48,1438922
757,2020-03-13 10:45:00,102.48,106.25,101.25,104.4,1054951
758,2020-03-13 11:15:00,104.0,104.0,100.5,101.0,1509719
759,2020-03-13 11:45:00,101.0,103.8,100.85,103.49,349488
760,2020-03-13 12:15:00,103.45,105.7,103.2,104.25,683718
761,2020-03-13 12:45:00,104.25,107.95,104.1,106.4,658895
762,2020-03-13 13:15:00,106.48,108.32,105.8,106.8,670360
763,2020-03-13 13:45:00,106.6,106.99,105.4,105.8,488611
764,2020-03-13 14:15:00,105.76,106.01,104.0,105.5,520997
765,2020-03-13 14:45:00,105.47,106.48,104.74,106.4,350928
766,2020-03-13 15:15:00,106.31,107.44,106.01,106.36,685677
767,2020-03-16 09:15:00,107.49,107.49,101.31,103.0,467219
768,2020-03-16 09:45:00,103.44,105.4,103.0,105.22,176729
769,2020-03-16 10:15:00,105.1,106.0,102.31,102.6,424956
770,2020-03-16 10:45:00,102.6,104.0,102.5,103.0,257683
771,2020-03-16 11:15:00,103.0,103.35,102.51,102.7,201514
772,2020-03-16 11:45:00,102.7,102.7,102.0,102.15,296134
773,2020-03-16 12:15:00,102.15,102.79,101.82,102.29,434274
774,2020-03-16 12:45:00,102.29,102.3,101.73,101.88,542756
775,2020-03-16 13:15:00,101.88,102.22,101.19,101.95,527010
776,2020-03-16 13:45:00,101.95,101.95,101.25,101.35,264633
777,2020-03-16 14:15:00,101.35,101.84,100.2,100.5,477782
778,2020-03-16 14:45:00,100.5,103.5,100.0,103.17,931624
779,2020-03-16 15:15:00,102.83,103.99,102.37,102.37,401532
780,2020-03-17 09:15:00,102.55,105.0,98.35,100.8,844189
781,2020-03-17 09:45:00,100.8,101.77,100.55,101.5,221908
782,2020-03-17 10:15:00,101.7,101.8,101.0,101.35,253642
783,2020-03-17 10:45:00,101.65,101.85,99.9,100.19,192018
784,2020-03-17 11:15:00,100.19,100.35,99.25,99.89,225481
785,2020-03-17 11:45:00,99.84,100.49,99.8,100.19,109819
786,2020-03-17 12:15:00,100.19,100.51,100.08,100.2,70366
787,2020-03-17 12:45:00,100.2,100.51,99.6,100.21,321003
788,2020-03-17 13:15:00,100.2,100.31,99.5,99.65,234344
789,2020-03-17 13:45:00,99.69,99.7,98.2,98.54,535643
790,2020-03-17 14:15:00,98.7,98.85,98.1,98.48,196636
791,2020-03-17 14:45:00,98.48,98.5,97.25,97.5,495922
792,2020-03-17 15:15:00,97.9,102.1,97.5,99.2,416352
793,2020-03-18 09:15:00,100.9,102.8,96.6,96.95,895016
794,2020-03-18 09:45:00,96.95,97.1,95.2,95.46,1083441
795,2020-03-18 10:15:00,95.36,96.4,95.1,95.9,430190
796,2020-03-18 10:45:00,95.9,95.97,94.8,94.8,562948
797,2020-03-18 11:15:00,94.84,95.44,94.07,94.07,452053
798,2020-03-18 11:45:00,94.1,94.77,93.8,94.05,392723
799,2020-03-18 12:15:00,94.03,95.3,93.0,93.7,865799
800,2020-03-18 12:45:00,93.69,93.87,92.2,93.28,489517
801,2020-03-18 13:15:00,93.28,94.49,92.69,94.39,331846
802,2020-03-18 13:45:00,94.39,95.0,93.55,94.56,244315
803,2020-03-18 14:15:00,94.55,95.32,94.17,95.32,303220
804,2020-03-18 14:45:00,95.4,96.2,94.85,96.01,307834
805,2020-03-18 15:15:00,96.18,97.5,96.0,96.08,172855
806,2020-03-19 09:15:00,94.5,94.5,87.1,88.0,2106274
807,2020-03-19 09:45:00,88.0,88.7,87.3,88.5,1153075
808,2020-03-19 10:15:00,88.44,88.9,87.54,88.0,924927
809,2020-03-19 10:45:00,88.0,91.55,87.0,91.55,1075294
810,2020-03-19 11:15:00,91.55,91.7,88.54,90.01,804325
811,2020-03-19 11:45:00,90.21,90.6,89.01,89.5,303928
812,2020-03-19 12:15:00,89.5,90.25,89.21,90.0,318080
813,2020-03-19 12:45:00,90.0,90.77,89.61,90.1,601982
814,2020-03-19 13:15:00,90.15,90.15,89.25,89.28,225415
815,2020-03-19 13:45:00,89.45,91.99,89.25,91.9,408374
816,2020-03-19 14:15:00,91.9,91.94,89.7,89.89,264802
817,2020-03-19 14:45:00,89.9,90.8,89.25,89.39,427625
818,2020-03-19 15:15:00,89.39,90.5,89.0,89.47,453594
819,2020-03-20 09:15:00,99.88,99.88,88.0,88.7,1153045
820,2020-03-20 09:45:00,88.7,89.98,88.3,89.74,422190
821,2020-03-20 10:15:00,89.72,90.0,89.02,89.26,301880
822,2020-03-20 10:45:00,89.05,89.8,88.86,89.51,133393
823,2020-03-20 11:15:00,89.55,90.95,89.42,90.73,315331
824,2020-03-20 11:45:00,90.94,91.7,90.5,91.5,421004
825,2020-03-20 12:15:00,91.53,92.1,91.3,91.68,330814
826,2020-03-20 12:45:00,91.68,92.81,91.6,92.5,369685
827,2020-03-20 13:15:00,92.63,94.65,92.5,94.59,330776
828,2020-03-20 13:45:00,94.6,94.7,91.12,91.58,500010
829,2020-03-20 14:15:00,91.72,92.8,91.02,92.25,745109
830,2020-03-20 14:45:00,92.25,93.0,92.09,93.0,235645
831,2020-03-20 15:15:00,93.0,93.5,92.8,92.97,182310
832,2020-03-23 09:15:00,87.0,89.8,81.0,87.9,1402390
833,2020-03-23 09:45:00,87.9,88.1,86.45,86.46,533583
834,2020-03-23 10:45:00,94.83,94.83,86.0,86.85,602152
835,2020-03-23 11:15:00,86.85,87.44,84.5,87.3,977794
836,2020-03-23 11:45:00,87.3,87.55,86.6,86.8,439435
837,2020-03-23 12:15:00,86.8,86.8,85.58,86.37,1008308
838,2020-03-23 12:45:00,86.37,86.6,85.61,85.7,251525
839,2020-03-23 13:15:00,85.7,86.0,85.35,85.87,191340
840,2020-03-23 13:45:00,85.87,85.87,84.74,84.94,536574
841,2020-03-23 14:15:00,84.94,85.65,84.6,84.9,364509
842,2020-03-23 14:45:00,84.88,85.0,83.7,84.0,870598
843,2020-03-23 15:15:00,84.0,84.18,82.49,83.52,947860
844,2020-03-24 09:15:00,86.0,90.0,84.2,84.81,799807
845,2020-03-24 09:45:00,84.85,85.0,83.2,83.95,315672
846,2020-03-24 10:15:00,83.95,84.95,83.07,84.7,1634146
847,2020-03-24 10:45:00,84.7,85.48,84.55,85.1,178084
848,2020-03-24 11:15:00,85.17,86.15,85.06,85.99,209711
849,2020-03-24 11:45:00,85.9,86.39,84.67,84.93,598941
850,2020-03-24 12:15:00,84.73,85.65,84.25,85.57,304955
851,2020-03-24 12:45:00,85.57,86.17,85.15,85.44,869913
852,2020-03-24 13:15:00,85.46,86.7,85.35,86.27,332445
853,2020-03-24 13:45:00,86.45,87.33,86.25,87.07,1050395
854,2020-03-24 14:15:00,87.0,87.3,85.4,86.0,1083795
855,2020-03-24 14:45:00,86.0,86.11,84.0,85.5,539928
856,2020-03-24 15:15:00,85.5,85.5,84.0,85.0,411717
857,2020-03-25 09:15:00,85.0,88.07,84.0,87.01,756644
858,2020-03-25 09:45:00,87.01,87.59,85.31,85.6,1301292
859,2020-03-25 10:15:00,85.6,86.0,85.0,85.31,295842
860,2020-03-25 10:45:00,85.41,85.48,84.75,85.4,228720
861,2020-03-25 11:15:00,85.4,86.35,85.3,86.0,212176
862,2020-03-25 11:45:00,85.92,86.47,85.61,86.22,168967
863,2020-03-25 12:15:00,86.29,86.8,86.08,86.65,170163
864,2020-03-25 12:45:00,86.65,88.68,86.65,88.35,420694
865,2020-03-25 13:15:00,88.35,89.2,87.5,88.8,399310
866,2020-03-25 13:45:00,88.87,89.29,88.25,88.67,259102
867,2020-03-25 14:15:00,88.8,90.0,88.67,88.9,264842
868,2020-03-25 14:45:00,88.94,89.98,88.85,89.65,308065
869,2020-03-25 15:15:00,89.65,89.75,88.9,89.46,161641
870,2020-03-26 09:15:00,92.0,94.8,88.8,91.19,600651
871,2020-03-26 09:45:00,91.19,94.8,84.0,93.2,1745111
872,2020-03-26 10:15:00,93.2,93.99,92.11,93.02,522906
873,2020-03-26 10:45:00,93.02,93.18,91.75,92.4,331371
874,2020-03-26 11:15:00,92.45,92.8,91.5,92.73,256404
875,2020-03-26 11:45:00,92.73,93.8,92.65,93.7,263554
876,2020-03-26 12:15:00,93.7,93.7,92.8,93.63,179129
877,2020-03-26 12:45:00,93.63,93.65,92.95,93.39,192821
878,2020-03-26 13:15:00,93.39,93.5,91.5,92.02,286413
879,2020-03-26 13:45:00,92.1,92.25,90.75,91.54,306742
880,2020-03-26 14:15:00,91.52,92.39,91.11,92.24,191670
881,2020-03-26 14:45:00,92.24,92.98,92.24,92.73,183969
882,2020-03-26 15:15:00,92.7,93.0,92.53,92.68,159021
883,2020-03-27 09:15:00,93.0,96.4,93.0,94.91,611198
884,2020-03-27 09:45:00,95.0,95.85,94.06,94.18,577660
885,2020-03-27 10:15:00,94.4,95.0,93.51,94.0,362299
886,2020-03-27 10:45:00,93.81,94.24,91.4,91.49,558021
887,2020-03-27 11:15:00,91.49,92.8,91.0,92.27,293468
888,2020-03-27 11:45:00,92.28,93.05,91.53,92.61,263645
889,2020-03-27 12:15:00,92.65,92.98,92.18,92.27,135776
890,2020-03-27 12:45:00,92.25,92.4,91.1,91.55,272603
891,2020-03-27 13:15:00,91.74,92.0,90.87,91.81,268166
892,2020-03-27 13:45:00,91.81,92.4,91.6,92.14,204725
893,2020-03-27 14:15:00,92.2,92.8,91.63,91.8,251047
894,2020-03-27 14:45:00,91.72,91.84,91.0,91.19,270300
895,2020-03-27 15:15:00,91.19,91.85,91.06,91.26,188264
896,2020-03-30 09:15:00,90.0,90.5,88.65,90.06,790015
897,2020-03-30 09:45:00,90.01,90.5,90.0,90.16,239812
898,2020-03-30 10:15:00,90.16,91.9,89.8,91.9,631672
899,2020-03-30 10:45:00,91.85,92.5,90.95,91.67,1157385
900,2020-03-30 11:15:00,91.68,91.69,90.6,90.85,147686
901,2020-03-30 11:45:00,90.86,91.2,90.1,90.45,178666
902,2020-03-30 12:15:00,90.5,90.75,90.02,90.23,136949
903,2020-03-30 12:45:00,90.23,90.3,89.7,90.05,311031
904,2020-03-30 13:15:00,90.05,90.32,89.6,90.22,134584
905,2020-03-30 13:45:00,90.2,90.3,89.5,90.15,214265
906,2020-03-30 14:15:00,90.15,90.15,89.5,89.51,271319
907,2020-03-30 14:45:00,89.51,89.75,89.0,89.3,422924
908,2020-03-30 15:15:00,89.19,89.43,89.0,89.17,175257
909,2020-03-31 09:15:00,90.0,92.35,89.7,90.5,331372
910,2020-03-31 09:45:00,90.49,90.9,90.4,90.59,183392
911,2020-03-31 10:15:00,90.58,91.0,90.53,90.64,187139
912,2020-03-31 10:45:00,90.68,90.95,90.44,90.68,139167
913,2020-03-31 11:15:00,90.68,91.25,90.68,91.21,152628
914,2020-03-31 11:45:00,91.21,92.2,91.21,92.07,350988
915,2020-03-31 12:15:00,92.0,92.4,91.8,91.99,1261485
916,2020-03-31 12:45:00,92.19,92.5,91.71,91.82,142264
917,2020-03-31 13:15:00,91.81,92.2,91.61,91.79,99441
918,2020-03-31 13:45:00,91.8,92.49,91.79,92.26,132664
919,2020-03-31 14:15:00,92.26,92.65,92.2,92.35,342753
920,2020-03-31 14:45:00,92.39,92.5,91.81,91.9,235987
921,2020-03-31 15:15:00,91.91,92.14,91.63,91.94,176065
922,2020-04-01 09:15:00,91.94,91.94,89.0,90.35,317533
923,2020-04-01 09:45:00,90.33,90.48,89.83,90.11,229246
924,2020-04-01 10:15:00,90.11,90.3,90.0,90.09,222598
925,2020-04-01 10:45:00,90.09,90.18,90.0,90.0,278349
926,2020-04-01 11:15:00,90.14,90.5,90.07,90.35,100519
927,2020-04-01 11:45:00,90.35,90.35,89.65,89.75,172810
928,2020-04-01 12:15:00,89.75,90.08,89.56,89.75,211769
929,2020-04-01 12:45:00,89.75,89.84,89.4,89.55,183434
930,2020-04-01 13:15:00,89.6,89.79,89.4,89.6,145382
931,2020-04-01 13:45:00,89.6,89.77,89.3,89.4,150700
932,2020-04-01 14:15:00,89.4,89.55,89.31,89.5,174265
933,2020-04-01 14:45:00,89.5,89.6,89.35,89.4,369221
934,2020-04-01 15:15:00,89.4,89.5,89.11,89.35,222843
935,2020-04-03 09:15:00,90.0,91.2,88.3,89.19,314433
936,2020-04-03 09:45:00,89.19,89.65,87.52,87.88,871245
937,2020-04-03 10:15:00,87.88,88.1,87.25,87.45,374024
938,2020-04-03 10:45:00,87.45,87.49,87.12,87.44,227530
939,2020-04-03 11:15:00,87.44,87.49,87.11,87.3,189649
940,2020-04-03 11:45:00,87.25,87.37,87.11,87.19,164798
941,2020-04-03 12:15:00,87.19,87.35,86.9,87.13,663835
942,2020-04-03 12:45:00,87.13,87.2,86.9,87.15,153997
943,2020-04-03 13:15:00,87.15,87.8,87.01,87.57,187482
944,2020-04-03 13:45:00,87.57,87.75,86.5,86.69,240901
945,2020-04-03 14:15:00,86.7,86.79,86.4,86.5,392408
946,2020-04-03 14:45:00,86.5,86.7,86.35,86.55,266666
947,2020-04-03 15:15:00,86.55,86.9,86.5,86.59,211919
948,2020-04-07 09:15:00,90.0,90.1,88.25,89.9,555213
949,2020-04-07 09:45:00,89.95,89.99,89.41,89.45,206003
950,2020-04-07 10:15:00,89.41,89.6,89.1,89.59,228062
951,2020-04-07 10:45:00,89.59,90.29,89.4,90.05,242299
952,2020-04-07 11:15:00,90.1,90.59,90.05,90.5,256388
953,2020-04-07 11:45:00,90.5,90.7,90.22,90.39,233412
954,2020-04-07 12:15:00,90.4,91.0,90.3,90.99,240281
955,2020-04-07 12:45:00,90.99,91.48,90.8,91.4,430758
956,2020-04-07 13:15:00,91.4,92.16,91.32,92.1,436073
957,2020-04-07 13:45:00,92.09,92.71,91.9,92.21,487813
958,2020-04-07 14:15:00,92.4,92.75,92.2,92.53,225807
959,2020-04-07 14:45:00,92.6,92.69,92.2,92.4,711740
960,2020-04-07 15:15:00,92.4,92.8,92.2,92.41,585774
961,2020-04-08 09:15:00,91.0,98.0,90.65,93.36,884169
962,2020-04-08 09:45:00,93.4,94.35,93.35,94.2,528201
963,2020-04-08 10:15:00,94.2,96.6,94.15,95.4,988829
964,2020-04-08 10:45:00,95.4,95.49,94.4,95.0,365571
965,2020-04-08 11:15:00,94.95,95.49,94.1,94.25,238053
966,2020-04-08 11:45:00,94.15,94.33,93.35,93.97,235413
967,2020-04-08 12:15:00,93.97,94.3,93.47,93.58,176812
968,2020-04-08 12:45:00,93.58,93.74,92.51,93.46,616294
969,2020-04-08 13:15:00,93.42,93.66,92.71,93.17,258248
970,2020-04-08 13:45:00,93.25,93.29,92.5,92.72,308187
971,2020-04-08 14:15:00,92.72,93.5,92.41,93.28,251662
972,2020-04-08 14:45:00,93.16,93.66,92.65,92.7,222142
973,2020-04-08 15:15:00,92.66,93.0,92.55,92.82,131072
974,2020-04-09 09:15:00,93.95,95.5,93.4,95.2,533138
975,2020-04-09 09:45:00,95.15,95.29,94.7,95.14,226508
976,2020-04-09 10:15:00,95.19,95.38,94.96,95.16,381329
977,2020-04-09 10:45:00,95.1,95.19,94.23,94.55,197183
978,2020-04-09 11:15:00,94.55,95.61,94.4,95.26,284965
979,2020-04-09 11:45:00,95.26,95.89,95.16,95.44,263885
980,2020-04-09 12:15:00,95.44,95.7,95.34,95.5,180573
981,2020-04-09 12:45:00,95.5,96.1,95.42,95.85,278951
982,2020-04-09 13:15:00,95.85,96.2,95.66,95.66,263312
983,2020-04-09 13:45:00,95.61,95.84,95.4,95.58,133412
984,2020-04-09 14:15:00,95.6,95.75,95.27,95.68,109438
985,2020-04-09 14:45:00,95.6,96.5,95.55,96.32,1652106
986,2020-04-09 15:15:00,96.32,96.5,96.06,96.23,195715
987,2020-04-13 09:15:00,96.95,96.95,94.4,94.65,414510
988,2020-04-13 09:45:00,94.82,94.99,94.08,94.8,232142
989,2020-04-13 10:15:00,94.74,95.5,94.64,95.2,123540
990,2020-04-13 10:45:00,95.28,95.5,94.91,95.42,224503
991,2020-04-13 11:15:00,95.42,95.9,95.1,95.73,169022
992,2020-04-13 11:45:00,95.7,96.19,95.5,95.83,137808
993,2020-04-13 12:15:00,95.83,95.94,95.27,95.52,79531
994,2020-04-13 12:45:00,95.4,95.75,95.07,95.07,106426
995,2020-04-13 13:15:00,95.13,95.29,94.74,95.1,147551
996,2020-04-13 13:45:00,95.1,95.22,94.8,94.95,51947
997,2020-04-13 14:15:00,94.95,95.65,94.79,95.64,180051
998,2020-04-13 14:45:00,95.64,95.75,95.28,95.5,168316
999,2020-04-13 15:15:00,95.53,96.02,95.4,95.62,138072
1000,2020-04-15 09:15:00,97.0,97.5,96.44,96.85,367716
1001,2020-04-15 09:45:00,96.8,97.84,96.74,97.75,367645
1002,2020-04-15 10:15:00,97.75,97.9,97.33,97.59,189692
1003,2020-04-15 10:45:00,97.68,97.9,97.3,97.67,128449
1004,2020-04-15 11:15:00,97.65,97.8,97.45,97.56,232173
1005,2020-04-15 11:45:00,97.56,97.64,97.17,97.64,143064
1006,2020-04-15 12:15:00,97.64,97.72,97.4,97.52,87242
1007,2020-04-15 12:45:00,97.59,97.59,96.91,97.1,160310
1008,2020-04-15 13:15:00,97.06,97.1,96.55,96.7,167111
1009,2020-04-15 13:45:00,96.65,96.65,95.35,95.35,317535
1010,2020-04-15 14:15:00,95.32,95.5,94.55,95.47,335242
1011,2020-04-15 14:45:00,95.47,95.55,95.0,95.2,143049
1012,2020-04-15 15:15:00,95.11,95.33,95.06,95.2,116872
1013,2020-04-16 09:15:00,96.0,96.0,94.0,94.88,244687
1014,2020-04-16 09:45:00,94.8,95.15,94.35,94.52,113558
1015,2020-04-16 10:15:00,94.59,95.12,94.53,94.69,99752
1016,2020-04-16 10:45:00,94.69,95.0,94.53,95.0,80911
1017,2020-04-16 11:15:00,94.93,95.6,94.93,95.3,117538
1018,2020-04-16 11:45:00,95.4,95.74,95.01,95.74,94491
1019,2020-04-16 12:15:00,95.74,95.9,95.52,95.52,141490
1020,2020-04-16 12:45:00,95.54,95.88,95.31,95.75,141569
1021,2020-04-16 13:15:00,95.75,95.86,95.55,95.78,199702
1022,2020-04-16 13:45:00,95.78,95.78,95.33,95.65,137383
1023,2020-04-16 14:15:00,95.6,95.9,95.56,95.68,148094
1024,2020-04-16 14:45:00,95.75,95.87,95.26,95.7,154557
1025,2020-04-16 15:15:00,95.68,95.9,95.66,95.68,103876
1026,2020-04-17 09:15:00,98.0,98.7,97.14,98.21,620911
1027,2020-04-17 09:45:00,98.21,98.39,97.6,97.9,291430
1028,2020-04-17 10:15:00,97.9,98.23,96.68,97.25,292257
1029,2020-04-17 10:45:00,97.3,97.65,96.52,97.27,144150
1030,2020-04-17 11:15:00,97.27,97.69,97.11,97.27,128849
1031,2020-04-17 11:45:00,97.25,97.27,96.4,96.92,174424
1032,2020-04-17 12:15:00,96.91,97.0,96.65,96.95,73032
1033,2020-04-17 12:45:00,96.91,97.4,96.82,96.99,138344
1034,2020-04-17 13:15:00,96.9,97.15,96.7,96.99,129098
1035,2020-04-17 13:45:00,96.99,97.34,96.71,97.2,88773
1036,2020-04-17 14:15:00,97.2,97.75,97.07,97.69,108903
1037,2020-04-17 14:45:00,97.7,98.35,97.56,98.3,276094
1038,2020-04-17 15:15:00,98.3,98.59,98.21,98.21,154993
1039,2020-04-20 09:15:00,100.1,100.96,97.8,98.1,385370
1040,2020-04-20 09:45:00,98.2,98.5,97.96,98.39,197421
1041,2020-04-20 10:15:00,98.38,98.8,98.15,98.71,209763
1042,2020-04-20 10:45:00,98.71,98.95,98.56,98.6,106479
1043,2020-04-20 11:15:00,98.6,98.65,97.83,98.18,152656
1044,2020-04-20 11:45:00,98.27,98.4,98.02,98.27,87973
1045,2020-04-20 12:15:00,98.27,98.3,98.02,98.19,69502
1046,2020-04-20 12:45:00,98.24,98.25,97.9,98.02,281548
1047,2020-04-20 13:15:00,98.07,98.28,97.9,98.1,335262
1048,2020-04-20 13:45:00,98.1,98.31,97.93,98.22,102655
1049,2020-04-20 14:15:00,98.25,98.64,98.18,98.46,157696
1050,2020-04-20 14:45:00,98.41,98.46,97.85,97.94,119102
1051,2020-04-20 15:15:00,98.0,98.13,97.9,97.99,73451
1052,2020-04-21 09:15:00,91.1,105.99,91.1,95.66,414142
1053,2020-04-21 09:45:00,95.66,95.85,95.52,95.67,98186
1054,2020-04-21 10:15:00,95.68,95.85,95.52,95.74,80335
1055,2020-04-21 10:45:00,95.74,95.92,95.61,95.88,60142
1056,2020-04-21 11:15:00,95.87,95.87,95.54,95.7,87920
1057,2020-04-21 11:45:00,95.69,95.85,95.61,95.75,37058
1058,2020-04-21 12:15:00,95.74,95.75,95.0,95.1,190236
1059,2020-04-21 12:45:00,95.1,95.15,94.74,95.09,473462
1060,2020-04-21 13:15:00,95.0,95.29,94.86,95.23,269229
1061,2020-04-21 13:45:00,95.23,95.31,95.06,95.24,73317
1062,2020-04-21 14:15:00,95.23,95.71,95.2,95.3,97660
1063,2020-04-21 14:45:00,95.22,95.72,95.14,95.55,130045
1064,2020-04-21 15:15:00,95.57,95.72,95.51,95.6,134139
1065,2020-04-22 09:15:00,102.0,102.0,94.05,94.95,290686
1066,2020-04-22 09:45:00,94.95,95.15,94.85,95.1,116846
1067,2020-04-22 10:15:00,95.13,96.12,94.95,95.98,159581
1068,2020-04-22 10:45:00,95.98,96.35,95.82,96.35,180982
1069,2020-04-22 11:15:00,96.35,96.56,95.91,96.3,112279
1070,2020-04-22 11:45:00,96.28,96.55,96.15,96.47,120651
1071,2020-04-22 12:15:00,96.45,96.8,96.25,96.78,117735
1072,2020-04-22 12:45:00,96.78,97.0,96.63,96.78,97009
1073,2020-04-22 13:15:00,96.85,96.95,96.37,96.46,84145
1074,2020-04-22 13:45:00,96.51,97.0,96.37,96.95,69989
1075,2020-04-22 14:15:00,96.95,97.4,96.87,97.33,140443
1076,2020-04-22 14:45:00,97.38,97.54,97.17,97.4,148760
1077,2020-04-22 15:15:00,97.4,97.5,97.26,97.38,88303
1078,2020-04-23 09:15:00,96.28,98.41,96.28,97.77,213178
1079,2020-04-23 09:45:00,97.8,98.3,97.8,98.22,134964
1080,2020-04-23 10:15:00,98.16,98.4,98.01,98.32,116796
1081,2020-04-23 10:45:00,98.32,98.33,98.12,98.2,139761
1082,2020-04-23 11:15:00,98.2,98.45,98.13,98.32,128291
1083,2020-04-23 11:45:00,98.39,98.66,98.3,98.5,108310
1084,2020-04-23 12:15:00,98.46,98.63,98.3,98.58,65060
1085,2020-04-23 12:45:00,98.58,98.64,98.2,98.25,90423
1086,2020-04-23 13:15:00,98.27,98.28,97.9,98.1,106440
1087,2020-04-23 13:45:00,98.02,98.6,98.02,98.55,109112
1088,2020-04-23 14:15:00,98.55,98.7,98.3,98.67,119819
1089,2020-04-23 14:45:00,98.69,98.85,98.5,98.66,138072
1090,2020-04-23 15:15:00,98.66,98.75,98.44,98.62,103559
1091,2020-04-24 09:15:00,97.1,97.95,96.1,97.27,243977
1092,2020-04-24 09:45:00,97.37,97.6,97.27,97.4,92101
1093,2020-04-24 10:15:00,97.36,97.65,97.3,97.48,63113
1094,2020-04-24 10:45:00,97.48,97.6,97.31,97.4,57996
1095,2020-04-24 11:15:00,97.45,97.45,96.9,97.01,4105398
1096,2020-04-24 11:45:00,97.0,97.34,96.94,97.32,553114
1097,2020-04-24 12:15:00,97.32,97.95,97.26,97.84,77298
1098,2020-04-24 12:45:00,97.81,98.14,97.65,97.91,267657
1099,2020-04-24 13:15:00,97.97,98.09,97.72,97.75,70609
1100,2020-04-24 13:45:00,97.76,97.9,97.45,97.45,192276
1101,2020-04-24 14:15:00,97.45,97.67,97.2,97.2,172501
1102,2020-04-24 14:45:00,97.2,97.39,97.0,97.06,101574
1103,2020-04-24 15:15:00,97.06,97.25,97.02,97.1,116807
1104,2020-04-27 09:15:00,97.15,98.68,97.1,98.54,356301
1105,2020-04-27 09:45:00,98.55,98.9,98.31,98.61,153756
1106,2020-04-27 10:15:00,98.7,99.05,98.61,99.02,172710
1107,2020-04-27 10:45:00,99.0,99.01,98.7,98.76,84567
1108,2020-04-27 11:15:00,98.8,98.94,98.7,98.75,102008
1109,2020-04-27 11:45:00,98.83,98.9,98.58,98.66,99288
1110,2020-04-27 12:15:00,98.7,98.91,98.61,98.83,60408
1111,2020-04-27 12:45:00,98.85,98.99,98.75,98.9,190834
1112,2020-04-27 13:15:00,98.9,98.98,98.63,98.67,444918
1113,2020-04-27 13:45:00,98.71,98.85,98.35,98.7,122171
1114,2020-04-27 14:15:00,98.61,98.69,98.36,98.41,71535
1115,2020-04-27 14:45:00,98.4,98.65,98.32,98.49,96559
1116,2020-04-27 15:15:00,98.46,98.5,98.3,98.43,76401
1117,2020-04-28 09:15:00,100.1,100.1,98.41,98.74,223090
1118,2020-04-28 09:45:00,98.71,98.84,98.3,98.6,115942
1119,2020-04-28 10:15:00,98.51,98.7,98.37,98.5,35549
1120,2020-04-28 10:45:00,98.51,98.78,98.5,98.64,51793
1121,2020-04-28 11:15:00,98.55,98.74,98.45,98.74,28061
1122,2020-04-28 11:45:00,98.74,98.89,98.53,98.58,35999
1123,2020-04-28 12:15:00,98.55,98.7,98.5,98.68,33578
1124,2020-04-28 12:45:00,98.61,98.9,98.56,98.89,39550
1125,2020-04-28 13:15:00,98.89,99.1,98.81,98.9,137789
1126,2020-04-28 13:45:00,98.9,99.2,98.84,99.1,53581
1127,2020-04-28 14:15:00,99.1,99.19,98.9,98.95,65642
1128,2020-04-28 14:45:00,98.94,99.4,98.91,99.38,139431
1129,2020-04-28 15:15:00,99.32,99.49,99.31,99.35,86557
1130,2020-04-29 09:15:00,100.0,100.18,99.4,99.97,464782
1131,2020-04-29 09:45:00,99.96,100.19,99.86,100.02,238318
1132,2020-04-29 10:15:00,100.02,100.2,99.95,100.05,149029
1133,2020-04-29 10:45:00,100.14,100.34,100.06,100.34,178937
1134,2020-04-29 11:15:00,100.27,100.42,100.22,100.23,108153
1135,2020-04-29 11:45:00,100.24,100.43,100.2,100.3,165153
1136,2020-04-29 12:15:00,100.31,100.6,100.3,100.6,167171
1137,2020-04-29 12:45:00,100.55,100.69,100.45,100.52,132557
1138,2020-04-29 13:15:00,100.52,100.59,100.27,100.45,83893
1139,2020-04-29 13:45:00,100.42,100.75,100.31,100.69,130436
1140,2020-04-29 14:15:00,100.68,101.28,100.63,101.17,308345
1141,2020-04-29 14:45:00,101.25,101.44,101.17,101.24,234710
1142,2020-04-29 15:15:00,101.29,101.7,100.86,101.12,383068
1143,2020-04-30 09:15:00,102.0,103.84,101.61,103.7,872480
1144,2020-04-30 09:45:00,103.79,104.07,103.5,103.87,359970
1145,2020-04-30 10:15:00,103.9,104.12,103.73,104.0,599882
1146,2020-04-30 10:45:00,104.0,104.53,104.0,104.4,247472
1147,2020-04-30 11:15:00,104.4,104.44,104.0,104.05,195676
1148,2020-04-30 11:45:00,104.1,104.35,104.0,104.31,123064
1149,2020-04-30 12:15:00,104.33,104.69,104.15,104.24,245753
1150,2020-04-30 12:45:00,104.24,104.25,103.72,103.94,210183
1151,2020-04-30 13:15:00,104.06,104.12,103.56,103.7,112952
1152,2020-04-30 13:45:00,103.65,104.1,103.54,103.87,105652
1153,2020-04-30 14:15:00,103.8,103.9,103.51,103.65,115799
1154,2020-04-30 14:45:00,103.77,104.0,103.12,103.85,241225
1155,2020-04-30 15:15:00,103.95,104.55,103.9,104.18,353546
1156,2020-05-04 09:15:00,104.18,104.21,99.57,100.3,842932
1157,2020-05-04 09:45:00,100.3,100.87,99.65,100.1,314323
1158,2020-05-04 10:15:00,100.17,100.19,99.82,100.01,287150
1159,2020-05-04 10:45:00,99.96,100.15,99.76,99.9,165790
1160,2020-05-04 11:15:00,99.92,99.92,99.4,99.51,351075
1161,2020-05-04 11:45:00,99.52,99.83,99.42,99.68,184539
1162,2020-05-04 12:15:00,99.68,99.84,99.46,99.71,143430
1163,2020-05-04 12:45:00,99.7,99.87,99.5,99.67,192350
1164,2020-05-04 13:15:00,99.62,99.73,98.9,99.13,843712
1165,2020-05-04 13:45:00,99.13,99.17,98.7,98.91,179639
1166,2020-05-04 14:15:00,98.91,98.98,98.6,98.7,191239
1167,2020-05-04 14:45:00,98.64,98.74,98.12,98.63,315524
1168,2020-05-04 15:15:00,98.65,98.96,98.51,98.8,237147
1169,2020-05-05 09:15:00,95.8,102.5,92.9,99.99,281334
1170,2020-05-05 09:45:00,99.99,99.99,99.15,99.54,154500
1171,2020-05-05 10:15:00,99.54,99.95,99.45,99.68,70058
1172,2020-05-05 10:45:00,99.68,99.93,99.56,99.7,45246
1173,2020-05-05 11:15:00,99.7,99.71,99.4,99.65,41746
1174,2020-05-05 11:45:00,99.64,99.64,99.05,99.32,57686
1175,2020-05-05 12:15:00,99.24,99.3,98.88,99.05,141150
1176,2020-05-05 12:45:00,99.05,99.27,98.9,99.16,703696
1177,2020-05-05 13:15:00,99.25,99.56,99.0,99.39,139194
1178,2020-05-05 13:45:00,99.39,99.4,98.7,98.87,183238
1179,2020-05-05 14:15:00,98.87,98.87,97.92,97.95,306422
1180,2020-05-05 14:45:00,97.95,98.24,97.53,97.72,337387
1181,2020-05-05 15:15:00,97.72,97.98,97.1,97.65,488252
1182,2020-05-06 09:15:00,98.5,98.5,96.76,97.09,171563
1183,2020-05-06 09:45:00,97.09,98.59,96.96,98.59,160943
1184,2020-05-06 10:15:00,98.55,98.93,98.26,98.57,150502
1185,2020-05-06 10:45:00,98.6,99.0,98.57,98.8,368952
1186,2020-05-06 11:15:00,98.8,98.97,98.45,98.49,76941
1187,2020-05-06 11:45:00,98.49,98.87,98.32,98.8,82873
1188,2020-05-06 12:15:00,98.79,98.89,98.35,98.7,45177
1189,2020-05-06 12:45:00,98.68,98.75,98.32,98.32,74474
1190,2020-05-06 13:15:00,98.3,98.9,98.1,98.75,81292
1191,2020-05-06 13:45:00,98.76,98.93,98.44,98.56,60150
1192,2020-05-06 14:15:00,98.52,98.56,97.67,98.08,154772
1193,2020-05-06 14:45:00,98.05,98.5,97.89,98.47,105119
1194,2020-05-06 15:15:00,98.48,98.75,98.34,98.7,121566
1195,2020-05-07 09:15:00,98.05,99.0,97.1,97.98,167635
1196,2020-05-07 09:45:00,97.98,98.49,97.88,98.17,144049
1197,2020-05-07 10:15:00,98.18,98.27,97.66,97.74,74407
1198,2020-05-07 10:45:00,97.7,97.9,97.7,97.75,64033
1199,2020-05-07 11:15:00,97.75,97.9,97.65,97.8,312226
1200,2020-05-07 11:45:00,97.79,97.8,97.42,97.5,547912
1201,2020-05-07 12:15:00,97.58,97.8,97.35,97.8,63772
1202,2020-05-07 12:45:00,97.71,97.84,97.61,97.77,87195
1203,2020-05-07 13:15:00,97.77,98.03,97.32,97.41,76561
1204,2020-05-07 13:45:00,97.48,97.73,97.31,97.56,39643
1205,2020-05-07 14:15:00,97.56,97.73,97.42,97.5,94559
1206,2020-05-07 14:45:00,97.58,97.64,97.41,97.63,69224
1207,2020-05-07 15:15:00,97.55,97.75,97.43,97.6,180566
1208,2020-05-08 09:15:00,98.49,99.36,98.25,98.77,211439
1209,2020-05-08 09:45:00,98.92,98.92,98.55,98.64,72539
1210,2020-05-08 10:15:00,98.62,98.91,98.61,98.9,73406
1211,2020-05-08 10:45:00,98.82,98.9,98.68,98.86,61998
1212,2020-05-08 11:15:00,98.84,98.94,98.76,98.82,26462
1213,2020-05-08 11:45:00,98.88,98.98,98.6,98.72,58812
1214,2020-05-08 12:15:00,98.74,98.74,98.42,98.67,70294
1215,2020-05-08 12:45:00,98.64,98.86,98.59,98.85,49568
1216,2020-05-08 13:15:00,98.84,98.85,98.6,98.7,15099
1217,2020-05-08 13:45:00,98.7,98.78,98.3,98.4,60363
1218,2020-05-08 14:15:00,98.4,98.5,98.05,98.2,60816
1219,2020-05-08 14:45:00,98.24,98.3,98.0,98.07,76613
1220,2020-05-08 15:15:00,98.15,98.3,98.0,98.12,33533
1221,2020-05-11 09:15:00,98.99,99.97,98.85,99.85,296257
1222,2020-05-11 09:45:00,99.85,99.9,99.55,99.63,96769
1223,2020-05-11 10:15:00,99.63,99.63,99.27,99.3,101075
1224,2020-05-11 10:45:00,99.35,99.39,99.19,99.35,56990
1225,2020-05-11 11:15:00,99.26,99.39,98.72,98.9,111226
1226,2020-05-11 11:45:00,98.94,99.0,98.77,99.0,58567
1227,2020-05-11 12:15:00,99.0,99.2,98.87,99.0,58031
1228,2020-05-11 12:45:00,99.09,99.3,99.0,99.29,36035
1229,2020-05-11 13:15:00,99.2,99.29,99.05,99.2,30266
1230,2020-05-11 13:45:00,99.16,99.16,98.71,98.74,36700
1231,2020-05-11 14:15:00,98.72,98.85,98.5,98.5,98485
1232,2020-05-11 14:45:00,98.45,98.6,98.01,98.12,148955
1233,2020-05-11 15:15:00,98.16,98.79,98.12,98.21,85086
1234,2020-05-12 09:15:00,98.19,98.85,97.0,97.14,171789
1235,2020-05-12 09:45:00,97.05,97.15,96.34,96.68,221907
1236,2020-05-12 10:15:00,96.68,96.97,96.6,96.79,92053
1237,2020-05-12 10:45:00,96.79,96.99,96.6,96.82,110453
1238,2020-05-12 11:15:00,96.82,96.82,96.31,96.31,119779
1239,2020-05-12 11:45:00,96.36,96.65,96.21,96.65,91636
1240,2020-05-12 12:15:00,96.65,96.75,96.4,96.6,70351
1241,2020-05-12 12:45:00,96.6,97.14,96.55,96.85,96120
1242,2020-05-12 13:15:00,96.84,97.0,96.56,96.81,63110
1243,2020-05-12 13:45:00,96.8,97.1,96.79,97.0,58080
1244,2020-05-12 14:15:00,97.06,98.03,97.05,97.95,260244
1245,2020-05-12 14:45:00,97.95,98.45,97.6,97.6,169291
1246,2020-05-12 15:15:00,97.61,98.0,97.6,97.96,71165
1247,2020-05-13 09:15:00,95.9,106.8,95.9,99.53,922290
1248,2020-05-13 09:45:00,99.55,100.0,99.4,99.9,282544
1249,2020-05-13 10:15:00,99.95,100.25,99.6,100.1,614056
1250,2020-05-13 10:45:00,100.06,100.3,99.91,100.11,248327
1251,2020-05-13 11:15:00,100.25,100.29,99.92,100.09,171773
1252,2020-05-13 11:45:00,100.08,100.19,100.01,100.03,84668
1253,2020-05-13 12:15:00,100.09,100.24,99.8,99.85,184800
1254,2020-05-13 12:45:00,99.85,99.95,99.6,99.65,96642
1255,2020-05-13 13:15:00,99.65,100.05,99.6,99.94,69780
1256,2020-05-13 13:45:00,99.94,100.15,99.7,99.89,107272
1257,2020-05-13 14:15:00,99.89,100.0,99.65,99.72,177648
1258,2020-05-13 14:45:00,99.84,99.9,99.45,99.61,192005
1259,2020-05-13 15:15:00,99.61,99.83,99.55,99.69,178186
1260,2020-05-14 09:15:00,97.7,99.39,97.7,98.66,418582
1261,2020-05-14 09:45:00,98.66,98.68,98.16,98.29,128758
1262,2020-05-14 10:15:00,98.29,98.35,97.9,98.2,177789
1263,2020-05-14 10:45:00,98.2,98.2,97.94,98.15,81232
1264,2020-05-14 11:15:00,98.14,98.15,97.79,97.97,77252
1265,2020-05-14 11:45:00,97.98,98.2,97.86,98.11,82068
1266,2020-05-14 12:15:00,98.13,98.14,97.97,98.1,60135
1267,2020-05-14 12:45:00,98.1,98.35,98.1,98.25,65097
1268,2020-05-14 13:15:00,98.25,98.35,97.8,97.88,140739
1269,2020-05-14 13:45:00,97.88,97.94,97.25,97.4,253643
1270,2020-05-14 14:15:00,97.4,97.65,97.11,97.6,162505
1271,2020-05-14 14:45:00,97.64,97.77,97.3,97.49,188967
1272,2020-05-14 15:15:00,97.45,97.79,97.25,97.42,139038
1273,2020-05-15 09:15:00,97.5,98.9,96.6,97.07,288531
1274,2020-05-15 09:45:00,97.06,97.16,96.53,96.75,222700
1275,2020-05-15 10:15:00,96.75,96.85,96.45,96.59,169077
1276,2020-05-15 10:45:00,96.59,96.7,96.4,96.53,135565
1277,2020-05-15 11:15:00,96.53,96.64,96.37,96.6,132359
1278,2020-05-15 11:45:00,96.6,96.71,96.5,96.53,66872
1279,2020-05-15 12:15:00,96.52,96.99,96.52,96.8,205890
1280,2020-05-15 12:45:00,96.77,96.98,96.62,96.7,136197
1281,2020-05-15 13:15:00,96.71,96.89,96.56,96.84,109667
1282,2020-05-15 13:45:00,96.84,97.25,96.8,97.22,135243
1283,2020-05-15 14:15:00,97.2,97.49,97.02,97.24,132266
1284,2020-05-15 14:45:00,97.24,97.3,97.0,97.09,154100
1285,2020-05-15 15:15:00,97.09,97.23,97.0,97.08,120517
1286,2020-05-18 09:15:00,97.85,97.9,95.1,95.1,557411
1287,2020-05-18 09:45:00,95.08,95.25,94.63,95.13,654902
1288,2020-05-18 10:15:00,95.08,95.24,94.81,94.91,239362
1289,2020-05-18 10:45:00,94.91,94.91,94.19,94.39,430936
1290,2020-05-18 11:15:00,94.39,94.51,94.0,94.43,399456
1291,2020-05-18 11:45:00,94.43,94.64,94.3,94.44,456077
1292,2020-05-18 12:15:00,94.44,94.71,94.33,94.7,243627
1293,2020-05-18 12:45:00,94.72,94.94,94.4,94.54,210413
1294,2020-05-18 13:15:00,94.57,94.57,94.11,94.36,157653
1295,2020-05-18 13:45:00,94.36,94.95,94.3,94.8,198229
1296,2020-05-18 14:15:00,94.81,94.84,94.4,94.49,253547
1297,2020-05-18 14:45:00,94.49,94.55,93.75,93.89,620958
1298,2020-05-18 15:15:00,93.89,94.04,93.75,93.93,318178
1299,2020-05-19 09:15:00,95.01,95.6,94.4,95.09,736385
1300,2020-05-19 09:45:00,95.09,95.63,95.07,95.49,295211
1301,2020-05-19 10:15:00,95.48,95.9,95.37,95.82,297483
1302,2020-05-19 10:45:00,95.8,95.99,95.25,95.35,230497
1303,2020-05-19 11:15:00,95.35,95.48,94.86,95.38,401856
1304,2020-05-19 11:45:00,95.4,95.5,95.24,95.43,122153
1305,2020-05-19 12:15:00,95.43,95.5,95.1,95.19,190068
1306,2020-05-19 12:45:00,95.22,95.45,94.7,94.9,235601
1307,2020-05-19 13:15:00,94.98,95.18,94.4,94.55,150071
1308,2020-05-19 13:45:00,94.55,94.58,94.2,94.38,156311
1309,2020-05-19 14:15:00,94.41,94.74,94.33,94.57,165230
1310,2020-05-19 14:45:00,94.58,94.61,94.21,94.39,182223
1311,2020-05-19 15:15:00,94.38,94.55,94.2,94.34,175426
1312,2020-05-20 09:15:00,95.65,95.65,94.02,95.15,334782
1313,2020-05-20 09:45:00,95.15,95.47,95.06,95.25,144642
1314,2020-05-20 10:15:00,95.28,95.33,94.82,95.12,211484
1315,2020-05-20 10:45:00,95.12,95.22,94.9,95.0,104474
1316,2020-05-20 11:15:00,95.0,95.35,94.91,95.2,97049
1317,2020-05-20 11:45:00,95.2,95.2,94.91,95.09,59932
1318,2020-05-20 12:15:00,95.09,95.34,95.04,95.3,74849
1319,2020-05-20 12:45:00,95.28,95.33,95.11,95.23,61369
1320,2020-05-20 13:15:00,95.17,95.23,94.92,95.19,113824
1321,2020-05-20 13:45:00,95.19,95.42,95.05,95.35,113939
1322,2020-05-20 14:15:00,95.34,96.05,95.32,95.9,269268
1323,2020-05-20 14:45:00,95.94,95.99,95.53,95.95,127502
1324,2020-05-20 15:15:00,95.95,96.79,95.95,96.25,264813
1325,2020-05-21 09:15:00,97.45,97.45,95.5,96.75,180287
1326,2020-05-21 09:45:00,96.8,96.95,96.52,96.67,183233
1327,2020-05-21 10:15:00,96.65,96.98,96.65,96.93,79489
1328,2020-05-21 10:45:00,96.94,96.98,96.76,96.78,47382
1329,2020-05-21 11:15:00,96.85,96.98,96.82,96.96,48586
1330,2020-05-21 11:45:00,96.96,96.96,96.7,96.75,44565
1331,2020-05-21 12:15:00,96.8,96.94,96.59,96.7,74800
1332,2020-05-21 12:45:00,96.7,97.46,96.62,97.25,145753
1333,2020-05-21 13:15:00,97.26,97.29,97.0,97.01,87202
1334,2020-05-21 13:45:00,97.08,97.1,96.75,96.83,55376
1335,2020-05-21 14:15:00,96.9,96.9,96.4,96.61,160270
1336,2020-05-21 14:45:00,96.61,96.77,96.4,96.72,100888
1337,2020-05-21 15:15:00,96.72,96.75,96.5,96.69,78209
1338,2020-05-22 09:15:00,99.0,99.0,94.8,96.55,183749
1339,2020-05-22 09:45:00,96.52,96.92,96.11,96.25,185483
1340,2020-05-22 10:15:00,96.25,96.45,95.3,95.7,335276
1341,2020-05-22 10:45:00,95.7,95.79,95.4,95.65,141114
1342,2020-05-22 11:15:00,95.73,95.97,95.44,95.94,144215
1343,2020-05-22 11:45:00,95.94,95.94,95.53,95.73,45202
1344,2020-05-22 12:15:00,95.66,95.89,95.66,95.76,66564
1345,2020-05-22 12:45:00,95.76,95.8,95.47,95.62,121725
1346,2020-05-22 13:15:00,95.67,95.83,95.51,95.83,76061
1347,2020-05-22 13:45:00,95.77,96.1,95.62,96.0,162736
1348,2020-05-22 14:15:00,96.0,96.1,95.4,95.8,185439
1349,2020-05-22 14:45:00,95.8,96.0,95.7,95.93,77163
1350,2020-05-22 15:15:00,95.93,96.43,95.91,96.11,144570
1351,2020-05-26 09:15:00,98.0,98.0,84.6,97.1,205559
1352,2020-05-26 09:45:00,97.1,97.2,96.92,97.05,118033
1353,2020-05-26 10:15:00,97.05,97.08,96.76,96.86,199413
1354,2020-05-26 10:45:00,96.8,96.94,96.7,96.83,157219
1355,2020-05-26 11:15:00,96.83,96.83,96.29,96.61,181219
1356,2020-05-26 11:45:00,96.6,96.74,96.55,96.74,62257
1357,2020-05-26 12:15:00,96.74,96.75,96.58,96.71,60769
1358,2020-05-26 12:45:00,96.72,96.85,96.4,96.4,148856
1359,2020-05-26 13:15:00,96.4,96.41,96.11,96.28,199919
1360,2020-05-26 13:45:00,96.26,96.42,95.82,95.92,233321
1361,2020-05-26 14:15:00,95.92,96.2,95.81,96.07,194738
1362,2020-05-26 14:45:00,96.09,96.2,95.85,96.02,137178
1363,2020-05-26 15:15:00,96.65,96.65,95.95,96.21,293742
1364,2020-05-27 09:15:00,96.95,96.99,95.52,95.68,523590
1365,2020-05-27 09:45:00,95.7,96.17,95.63,95.91,136560
1366,2020-05-27 10:15:00,95.93,96.74,95.92,96.7,180871
1367,2020-05-27 10:45:00,96.7,96.8,96.5,96.61,139698
1368,2020-05-27 11:15:00,96.66,96.78,96.5,96.56,58628
1369,2020-05-27 11:45:00,96.56,96.74,96.54,96.63,34106
1370,2020-05-27 12:15:00,96.63,97.0,96.63,96.88,154259
1371,2020-05-27 12:45:00,96.9,97.3,96.79,97.27,165104
1372,2020-05-27 13:15:00,97.27,97.7,97.12,97.7,310436
1373,2020-05-27 13:45:00,97.7,98.6,97.64,98.2,542569
1374,2020-05-27 14:15:00,98.17,98.39,97.95,98.23,239017
1375,2020-05-27 14:45:00,98.23,98.79,98.1,98.65,242522
1376,2020-05-27 15:15:00,98.65,98.79,98.51,98.6,187433
1377,2020-05-28 09:15:00,98.95,99.6,98.7,99.5,419768
1378,2020-05-28 09:45:00,99.5,99.74,99.3,99.74,346650
1379,2020-05-28 10:15:00,99.74,99.8,99.55,99.74,237661
1380,2020-05-28 10:45:00,99.75,100.28,99.62,100.2,328264
1381,2020-05-28 11:15:00,100.2,100.25,99.9,100.11,268268
1382,2020-05-28 11:45:00,100.11,100.29,99.71,100.1,207382
1383,2020-05-28 12:15:00,100.1,100.21,99.92,99.96,145773
1384,2020-05-28 12:45:00,99.95,100.12,99.75,99.83,145981
1385,2020-05-28 13:15:00,99.9,100.3,99.85,100.19,193702
1386,2020-05-28 13:45:00,100.11,100.22,99.83,99.86,130422
1387,2020-05-28 14:15:00,99.9,100.15,99.86,100.03,107212
1388,2020-05-28 14:45:00,100.02,100.36,100.02,100.29,230571
1389,2020-05-28 15:15:00,100.3,100.7,100.26,100.35,171812
1390,2020-05-29 09:15:00,99.9,100.0,98.8,99.85,480349
1391,2020-05-29 09:45:00,99.85,100.32,99.63,100.27,213658
1392,2020-05-29 10:15:00,100.28,100.98,100.12,100.61,239013
1393,2020-05-29 10:45:00,100.65,100.75,100.3,100.56,194147
1394,2020-05-29 11:15:00,100.59,100.8,100.4,100.47,72408
1395,2020-05-29 11:45:00,100.45,100.5,100.01,100.19,156848
1396,2020-05-29 12:15:00,100.19,100.5,100.19,100.22,51261
1397,2020-05-29 12:45:00,100.27,100.5,100.17,100.38,122268
1398,2020-05-29 13:15:00,100.38,100.63,100.3,100.62,56001
1399,2020-05-29 13:45:00,100.57,101.1,100.52,100.75,214200
1400,2020-05-29 14:15:00,100.75,100.99,100.6,100.8,134689
1401,2020-05-29 14:45:00,100.88,101.59,100.8,101.55,291606
1402,2020-05-29 15:15:00,101.55,101.76,101.3,101.38,330011
1403,2020-06-01 09:15:00,102.0,104.22,102.0,103.91,838397
1404,2020-06-01 09:45:00,103.91,104.38,103.9,104.09,314662
1405,2020-06-01 10:15:00,104.09,104.35,104.01,104.29,183051
1406,2020-06-01 10:45:00,104.29,104.59,104.26,104.45,211899
1407,2020-06-01 11:15:00,104.45,104.65,104.37,104.59,246265
1408,2020-06-01 11:45:00,104.6,104.97,104.53,104.97,241496
1409,2020-06-01 12:15:00,104.99,105.28,104.83,104.9,349336
1410,2020-06-01 12:45:00,104.9,105.19,104.76,105.08,339326
1411,2020-06-01 13:15:00,105.12,105.15,104.7,104.7,297061
1412,2020-06-01 13:45:00,104.75,104.75,104.21,104.35,283752
1413,2020-06-01 14:15:00,104.4,104.9,104.21,104.71,232987
1414,2020-06-01 14:45:00,104.71,104.8,104.4,104.54,154076
1415,2020-06-01 15:15:00,104.54,104.55,104.2,104.42,167137
1416,2020-06-02 09:15:00,102.0,105.4,95.0,105.12,465336
1417,2020-06-02 09:45:00,105.07,105.12,104.46,104.47,191223
1418,2020-06-02 10:15:00,104.47,104.7,104.17,104.61,240438
1419,2020-06-02 10:45:00,104.6,104.99,104.51,104.76,108366
1420,2020-06-02 11:15:00,104.84,104.89,104.55,104.82,224636
1421,2020-06-02 11:45:00,104.84,105.14,104.7,105.0,253687
1422,2020-06-02 12:15:00,105.05,105.37,104.82,105.31,291354
1423,2020-06-02 12:45:00,105.35,105.7,105.23,105.37,296562
1424,2020-06-02 13:15:00,105.38,105.59,105.14,105.36,261341
1425,2020-06-02 13:45:00,105.33,105.89,105.33,105.61,170947
1426,2020-06-02 14:15:00,105.65,105.75,105.5,105.61,128216
1427,2020-06-02 14:45:00,105.61,105.9,105.61,105.87,185459
1428,2020-06-02 15:15:00,105.87,106.0,105.8,105.89,149958
1429,2020-06-03 09:15:00,106.88,107.76,106.26,107.25,1024951
1430,2020-06-03 09:45:00,107.25,107.3,106.7,107.0,351803
1431,2020-06-03 10:15:00,107.0,107.4,107.0,107.3,86049
1432,2020-06-03 10:45:00,107.3,107.34,107.1,107.15,147269
1433,2020-06-03 11:15:00,107.13,107.38,107.1,107.27,162074
1434,2020-06-03 11:45:00,107.21,107.5,107.15,107.34,148802
1435,2020-06-03 12:15:00,107.34,107.38,107.01,107.15,435087
1436,2020-06-03 12:45:00,107.15,107.25,107.0,107.25,125104
1437,2020-06-03 13:15:00,107.2,107.44,107.14,107.3,98499
1438,2020-06-03 13:45:00,107.3,107.55,107.2,107.48,121529
1439,2020-06-03 14:15:00,107.48,107.84,107.36,107.36,274213
1440,2020-06-03 14:45:00,107.4,107.47,106.4,106.42,292215
1441,2020-06-03 15:15:00,106.42,106.9,106.11,106.9,426180
1442,2020-06-04 09:15:00,106.36,107.17,105.1,106.4,387356
1443,2020-06-04 09:45:00,106.4,106.75,106.22,106.54,182681
1444,2020-06-04 10:15:00,106.54,106.9,106.5,106.65,139144
1445,2020-06-04 10:45:00,106.67,106.8,106.4,106.43,109192
1446,2020-06-04 11:15:00,106.43,106.56,106.1,106.25,131712
1447,2020-06-04 11:45:00,106.25,106.25,105.9,105.91,141873
1448,2020-06-04 12:15:00,105.92,105.95,105.5,105.74,186104
1449,2020-06-04 12:45:00,105.73,105.85,105.5,105.55,143049
1450,2020-06-04 13:15:00,105.51,106.6,105.45,106.51,193541
1451,2020-06-04 13:45:00,106.5,106.59,106.06,106.09,144312
1452,2020-06-04 14:15:00,106.07,106.49,105.97,106.4,151847
1453,2020-06-04 14:45:00,106.33,106.43,106.0,106.31,189158
1454,2020-06-04 15:15:00,106.31,106.45,106.07,106.27,160313
1455,2020-06-05 09:15:00,106.27,107.49,106.25,107.23,409011
1456,2020-06-05 09:45:00,107.26,107.35,106.8,106.98,147754
1457,2020-06-05 10:15:00,106.98,106.99,106.5,106.78,92162
1458,2020-06-05 10:45:00,106.7,106.9,106.51,106.9,92069
1459,2020-06-05 11:15:00,106.9,107.1,106.82,106.91,115795
1460,2020-06-05 11:45:00,106.91,107.2,106.91,107.12,74297
1461,2020-06-05 12:15:00,107.15,107.19,106.9,107.12,64241
1462,2020-06-05 12:45:00,107.12,107.24,107.03,107.18,139606
1463,2020-06-05 13:15:00,107.17,107.65,107.17,107.46,151785
1464,2020-06-05 13:45:00,107.45,107.79,107.31,107.7,176131
1465,2020-06-05 14:15:00,107.7,107.79,107.36,107.57,106772
1466,2020-06-05 14:45:00,107.65,107.65,107.3,107.56,117537
1467,2020-06-05 15:15:00,107.6,107.95,107.5,107.66,160296
1468,2020-06-08 09:15:00,108.5,109.4,108.17,109.35,596871
1469,2020-06-08 09:45:00,109.35,109.4,109.01,109.38,525314
1470,2020-06-08 10:15:00,109.38,109.45,109.25,109.29,149809
1471,2020-06-08 10:45:00,109.29,109.4,109.14,109.4,125707
1472,2020-06-08 11:15:00,109.34,109.45,109.15,109.38,75840
1473,2020-06-08 11:45:00,109.38,109.39,109.18,109.34,67972
1474,2020-06-08 12:15:00,109.34,109.38,108.58,108.75,241445
1475,2020-06-08 12:45:00,108.78,108.78,108.11,108.61,239706
1476,2020-06-08 13:15:00,108.51,108.6,107.85,108.39,150733
1477,2020-06-08 13:45:00,108.38,108.55,108.11,108.11,149559
1478,2020-06-08 14:15:00,108.11,108.45,107.67,108.24,166697
1479,2020-06-08 14:45:00,108.2,108.38,108.0,108.1,96209
1480,2020-06-08 15:15:00,108.1,108.31,107.91,108.1,166024
1481,2020-06-09 09:15:00,109.0,109.0,107.1,107.8,280450
1482,2020-06-09 09:45:00,107.8,108.99,107.77,108.87,257027
1483,2020-06-09 10:15:00,108.78,108.95,108.61,108.81,120963
1484,2020-06-09 10:45:00,108.85,108.95,108.52,108.75,81480
1485,2020-06-09 11:15:00,108.75,108.9,108.67,108.89,71156
1486,2020-06-09 11:45:00,108.88,109.1,108.75,108.77,175897
1487,2020-06-09 12:15:00,108.93,108.93,108.52,108.59,61749
1488,2020-06-09 12:45:00,108.65,108.66,107.81,107.97,344910
1489,2020-06-09 13:15:00,108.03,108.14,107.6,107.81,141777
1490,2020-06-09 13:45:00,107.92,107.95,107.06,107.21,185276
1491,2020-06-09 14:15:00,107.24,107.54,106.8,106.9,278155
1492,2020-06-09 14:45:00,106.82,107.19,106.65,106.9,203987
1493,2020-06-09 15:15:00,106.98,106.99,106.6,106.85,153708
1494,2020-06-10 09:15:00,107.4,107.75,104.21,107.26,440502
1495,2020-06-10 09:45:00,107.22,107.34,106.82,107.09,204163
1496,2020-06-10 10:15:00,107.09,107.72,107.09,107.6,214399
1497,2020-06-10 10:45:00,107.6,107.69,107.38,107.63,70670
1498,2020-06-10 11:15:00,107.6,107.68,107.11,107.19,95395
1499,2020-06-10 11:45:00,107.19,107.35,106.96,107.15,94491
1500,2020-06-10 12:15:00,107.2,107.56,107.04,107.55,80073
1501,2020-06-10 12:45:00,107.51,107.68,107.26,107.4,80077
1502,2020-06-10 13:15:00,107.47,107.62,107.15,107.39,91990
1503,2020-06-10 13:45:00,107.4,107.54,107.2,107.39,78725
1504,2020-06-10 14:15:00,107.31,107.44,106.8,106.9,124270
1505,2020-06-10 14:45:00,106.9,107.58,106.81,107.58,151195
1506,2020-06-10 15:15:00,107.55,107.9,107.52,107.52,105653
1507,2020-06-11 09:15:00,107.05,107.88,106.7,107.06,181738
1508,2020-06-11 09:45:00,107.12,107.29,106.87,107.25,147108
1509,2020-06-11 10:15:00,107.22,107.25,106.8,106.93,147653
1510,2020-06-11 10:45:00,106.87,106.92,106.52,106.56,111139
1511,2020-06-11 11:15:00,106.55,106.83,106.4,106.68,207623
1512,2020-06-11 11:45:00,106.61,106.74,106.45,106.6,52545
1513,2020-06-11 12:15:00,106.6,106.65,106.05,106.16,185848
1514,2020-06-11 12:45:00,106.16,106.73,106.06,106.5,205928
1515,2020-06-11 13:15:00,106.47,106.54,106.06,106.27,97389
1516,2020-06-11 13:45:00,106.2,106.45,105.75,105.84,210175
1517,2020-06-11 14:15:00,105.9,105.9,105.3,105.48,222835
1518,2020-06-11 14:45:00,105.4,105.64,105.11,105.26,191275
1519,2020-06-11 15:15:00,105.27,105.44,105.12,105.3,144572
1520,2020-06-12 09:15:00,103.87,103.87,102.2,103.0,1235584
1521,2020-06-12 09:45:00,102.99,103.0,102.6,102.9,406570
1522,2020-06-12 10:15:00,102.81,103.38,102.65,103.32,399982
1523,2020-06-12 10:45:00,103.32,103.39,103.0,103.19,273120
1524,2020-06-12 11:15:00,103.19,104.08,103.0,103.76,416797
1525,2020-06-12 11:45:00,103.74,103.75,103.3,103.45,191913
1526,2020-06-12 12:15:00,103.41,103.59,103.02,103.45,263504
1527,2020-06-12 12:45:00,103.41,103.75,103.35,103.5,187143
1528,2020-06-12 13:15:00,103.5,104.2,103.38,104.01,211890
1529,2020-06-12 13:45:00,104.04,105.06,104.0,104.69,329974
1530,2020-06-12 14:15:00,104.69,105.3,104.65,105.1,406119
1531,2020-06-12 14:45:00,105.05,105.91,105.03,105.79,386100
1532,2020-06-12 15:15:00,105.75,105.89,105.52,105.72,213233
1533,2020-06-15 09:15:00,105.65,105.72,104.1,104.84,478581
1534,2020-06-15 09:45:00,104.8,105.0,104.56,104.67,175671
1535,2020-06-15 10:15:00,104.56,104.65,103.86,104.03,291195
1536,2020-06-15 10:45:00,104.04,104.22,103.57,103.82,312668
1537,2020-06-15 11:15:00,103.8,104.05,103.6,104.03,182048
1538,2020-06-15 11:45:00,104.02,104.09,103.39,103.56,207222
1539,2020-06-15 12:15:00,103.54,103.83,103.46,103.75,138438
1540,2020-06-15 12:45:00,103.65,103.98,103.51,103.85,132422
1541,2020-06-15 13:15:00,103.85,104.15,103.75,103.98,344327
1542,2020-06-15 13:45:00,103.91,104.6,103.83,104.42,192324
1543,2020-06-15 14:15:00,104.42,104.89,104.0,104.2,268396
1544,2020-06-15 14:45:00,104.2,104.94,104.2,104.4,403933
1545,2020-06-15 15:15:00,104.43,104.63,104.26,104.51,202808
1546,2020-06-16 09:15:00,106.25,106.87,105.65,106.01,602015
1547,2020-06-16 09:45:00,106.01,106.19,105.81,105.95,278891
1548,2020-06-16 10:15:00,105.95,106.3,105.75,106.17,213778
1549,2020-06-16 10:45:00,106.11,106.3,105.91,106.0,87689
1550,2020-06-16 11:15:00,105.95,106.17,105.5,105.5,180669
1551,2020-06-16 11:45:00,105.55,105.78,105.36,105.44,237641
1552,2020-06-16 12:15:00,105.36,105.45,105.01,105.29,304672
1553,2020-06-16 12:45:00,105.29,105.69,104.38,104.7,394909
1554,2020-06-16 13:15:00,104.65,104.66,103.37,104.28,579646
1555,2020-06-16 13:45:00,104.28,105.0,104.12,104.81,332386
1556,2020-06-16 14:15:00,104.82,105.6,104.61,105.0,311898
1557,2020-06-16 14:45:00,105.05,105.49,104.92,105.35,139923
1558,2020-06-16 15:15:00,105.3,105.37,104.93,105.21,163748
1559,2020-06-17 09:15:00,104.93,105.62,104.32,105.37,460109
1560,2020-06-17 09:45:00,105.25,105.72,105.05,105.59,283288
1561,2020-06-17 10:15:00,105.58,105.58,104.7,104.73,535401
1562,2020-06-17 10:45:00,104.82,105.09,104.71,104.93,231220
1563,2020-06-17 11:15:00,104.93,105.39,104.73,105.0,118257
1564,2020-06-17 11:45:00,105.01,105.5,104.92,105.46,183459
1565,2020-06-17 12:15:00,105.42,106.0,105.39,105.62,489030
1566,2020-06-17 12:45:00,105.51,105.8,105.2,105.7,623762
1567,2020-06-17 13:15:00,105.7,106.0,105.45,105.73,371624
1568,2020-06-17 13:45:00,105.63,105.93,105.5,105.55,129149
1569,2020-06-17 14:15:00,105.55,105.78,105.1,105.35,261207
1570,2020-06-17 14:45:00,105.33,105.33,104.81,105.01,410040
1571,2020-06-17 15:15:00,105.05,105.09,104.7,104.92,217009
1572,2020-06-18 09:15:00,105.38,105.38,104.1,104.89,237675
1573,2020-06-18 09:45:00,104.9,105.21,104.83,105.18,95208
1574,2020-06-18 10:15:00,105.14,105.37,105.1,105.1,196253
1575,2020-06-18 10:45:00,105.15,105.23,104.92,105.11,116953
1576,2020-06-18 11:15:00,105.17,105.49,105.11,105.25,116622
1577,2020-06-18 11:45:00,105.21,105.8,105.18,105.68,228775
1578,2020-06-18 12:15:00,105.7,105.9,105.42,105.68,226327
1579,2020-06-18 12:45:00,105.68,105.9,105.64,105.71,110200
1580,2020-06-18 13:15:00,105.73,106.2,105.71,106.02,243704
1581,2020-06-18 13:45:00,106.08,106.58,105.96,106.58,179485
1582,2020-06-18 14:15:00,106.52,107.16,106.52,106.58,511379
1583,2020-06-18 14:45:00,106.58,107.15,106.55,106.9,389945
1584,2020-06-18 15:15:00,106.91,107.2,106.81,106.97,215692
1585,2020-06-19 09:15:00,107.8,109.0,106.1,107.0,699393
1586,2020-06-19 09:45:00,106.97,107.5,106.92,107.32,213126
1587,2020-06-19 10:15:00,107.32,107.44,107.02,107.2,217560
1588,2020-06-19 10:45:00,107.25,107.62,107.05,107.58,232983
1589,2020-06-19 11:15:00,107.48,107.99,107.41,107.98,280932
1590,2020-06-19 11:45:00,107.99,108.3,107.85,108.1,375512
1591,2020-06-19 12:15:00,108.1,108.25,107.9,108.14,163984
1592,2020-06-19 12:45:00,108.15,108.2,107.6,107.84,242494
1593,2020-06-19 13:15:00,107.83,108.36,107.7,108.04,259770
1594,2020-06-19 13:45:00,108.02,108.25,107.73,107.96,221351
1595,2020-06-19 14:15:00,107.95,108.55,107.92,108.49,551063
1596,2020-06-19 14:45:00,108.5,108.96,108.47,108.75,461761
1597,2020-06-19 15:15:00,108.75,109.0,108.71,108.79,261185
1598,2020-06-22 09:15:00,109.8,109.94,108.71,109.89,886621
1599,2020-06-22 09:45:00,109.81,110.14,109.55,109.57,437378
1600,2020-06-22 10:15:00,109.64,109.86,109.43,109.45,203700
1601,2020-06-22 10:45:00,109.43,109.68,109.26,109.55,208090
1602,2020-06-22 11:15:00,109.46,109.74,109.12,109.27,229629
1603,2020-06-22 11:45:00,109.37,109.53,109.17,109.39,86353
1604,2020-06-22 12:15:00,109.35,109.8,109.35,109.79,263426
1605,2020-06-22 12:45:00,109.79,110.07,109.7,109.82,335888
1606,2020-06-22 13:15:00,109.79,110.05,109.72,109.83,180308
1607,2020-06-22 13:45:00,109.83,110.29,109.79,110.14,145217
1608,2020-06-22 14:15:00,110.14,110.29,109.9,110.1,218030
1609,2020-06-22 14:45:00,110.09,110.1,109.25,109.46,298908
1610,2020-06-22 15:15:00,109.5,109.8,109.5,109.56,153828
1611,2020-06-23 09:15:00,110.0,110.0,109.25,109.7,401704
1612,2020-06-23 09:45:00,109.76,109.8,109.35,109.8,163480
1613,2020-06-23 10:15:00,109.8,110.2,109.75,110.13,249010
1614,2020-06-23 10:45:00,110.08,110.13,109.84,109.95,124127
1615,2020-06-23 11:15:00,109.95,110.05,109.75,110.05,108746
1616,2020-06-23 11:45:00,110.05,110.25,110.0,110.1,303276
1617,2020-06-23 12:15:00,110.1,110.25,109.93,110.24,234110
1618,2020-06-23 12:45:00,110.24,110.64,110.24,110.59,245121
1619,2020-06-23 13:15:00,110.55,110.59,110.4,110.45,78766
1620,2020-06-23 13:45:00,110.44,110.64,110.24,110.5,175381
1621,2020-06-23 14:15:00,110.42,110.92,110.36,110.76,228374
1622,2020-06-23 14:45:00,110.75,111.07,110.75,111.0,337984
1623,2020-06-23 15:15:00,110.98,111.28,110.85,111.0,510040
1624,2020-06-24 09:15:00,111.0,111.64,111.0,111.51,737323
1625,2020-06-24 09:45:00,111.55,111.83,111.42,111.75,435383
1626,2020-06-24 10:15:00,111.84,111.91,111.41,111.45,212881
1627,2020-06-24 10:45:00,111.45,111.45,110.81,111.01,308748
1628,2020-06-24 11:15:00,111.01,111.14,110.72,110.74,290795
1629,2020-06-24 11:45:00,110.74,111.22,110.7,111.14,221043
1630,2020-06-24 12:15:00,111.14,111.64,111.1,111.5,339306
1631,2020-06-24 12:45:00,111.5,111.7,110.8,110.84,317580
1632,2020-06-24 13:15:00,110.84,110.99,110.2,110.33,381618
1633,2020-06-24 13:45:00,110.3,110.74,110.0,110.37,233130
1634,2020-06-24 14:15:00,110.45,110.64,109.9,110.0,204644
1635,2020-06-24 14:45:00,110.0,110.07,109.22,109.36,335452
1636,2020-06-24 15:15:00,109.39,109.79,109.39,109.79,161311
1637,2020-06-25 09:15:00,109.0,109.26,108.01,109.13,409567
1638,2020-06-25 09:45:00,109.13,109.31,108.83,109.04,213393
1639,2020-06-25 10:15:00,108.94,109.82,108.94,109.6,214087
1640,2020-06-25 10:45:00,109.55,109.95,109.4,109.79,224450
1641,2020-06-25 11:15:00,109.79,109.85,109.5,109.52,96933
1642,2020-06-25 11:45:00,109.53,109.55,108.94,108.95,192089
1643,2020-06-25 12:15:00,109.0,109.19,108.37,108.53,234445
1644,2020-06-25 12:45:00,108.51,108.89,108.33,108.73,200304
1645,2020-06-25 13:15:00,108.73,109.44,108.51,109.32,633927
1646,2020-06-25 13:45:00,109.39,109.7,109.14,109.55,1344314
1647,2020-06-25 14:15:00,109.55,109.71,109.33,109.49,947021
1648,2020-06-25 14:45:00,109.48,109.48,109.0,109.08,687724
1649,2020-06-25 15:15:00,109.02,109.11,108.86,108.95,203402
1650,2020-06-26 09:15:00,109.58,110.14,109.38,109.97,542953
1651,2020-06-26 09:45:00,109.97,110.25,109.76,110.13,189681
1652,2020-06-26 10:15:00,110.14,110.14,109.41,109.68,344808
1653,2020-06-26 10:45:00,109.68,109.94,109.33,109.94,219602
1654,2020-06-26 11:15:00,109.94,110.0,109.6,109.71,92821
1655,2020-06-26 11:45:00,109.72,109.99,109.66,109.95,85179
1656,2020-06-26 12:15:00,109.89,110.05,109.5,109.51,133716
1657,2020-06-26 12:45:00,109.51,109.8,109.41,109.73,118440
1658,2020-06-26 13:15:00,109.7,109.9,109.36,109.58,84495
1659,2020-06-26 13:45:00,109.56,109.86,109.48,109.72,64816
1660,2020-06-26 14:15:00,109.72,110.25,109.71,109.93,232739
1661,2020-06-26 14:45:00,109.83,110.22,109.81,110.15,163241
1662,2020-06-26 15:15:00,110.15,110.6,110.1,110.24,166824
1663,2020-06-29 09:15:00,110.24,111.1,109.0,109.2,309547
1664,2020-06-29 09:45:00,109.17,109.19,108.85,109.0,227555
1665,2020-06-29 10:15:00,108.92,109.23,108.82,109.15,133650
1666,2020-06-29 10:45:00,109.17,109.2,108.92,109.01,107301
1667,2020-06-29 11:15:00,109.02,109.08,108.72,108.95,111879
1668,2020-06-29 11:45:00,108.96,109.05,108.84,108.99,74448
1669,2020-06-29 12:15:00,108.99,109.59,108.99,109.56,215122
1670,2020-06-29 12:45:00,109.54,109.6,109.22,109.28,96500
1671,2020-06-29 13:15:00,109.28,109.34,108.87,108.95,98853
1672,2020-06-29 13:45:00,108.92,109.39,108.88,109.28,127694
1673,2020-06-29 14:15:00,109.22,109.59,109.1,109.49,118275
1674,2020-06-29 14:45:00,109.49,109.85,109.21,109.84,180748
1675,2020-06-29 15:15:00,109.82,109.97,109.72,109.77,164766
1676,2020-06-30 09:15:00,110.95,110.95,109.85,110.36,190231
1677,2020-06-30 09:45:00,110.4,110.45,110.2,110.32,132466
1678,2020-06-30 10:15:00,110.35,110.4,110.05,110.3,148870
1679,2020-06-30 10:45:00,110.3,110.38,110.1,110.15,56858
1680,2020-06-30 11:15:00,110.15,110.24,109.91,109.99,116328
1681,2020-06-30 11:45:00,110.02,110.02,109.82,109.99,132398
1682,2020-06-30 12:15:00,109.99,110.19,109.82,109.95,78446
1683,2020-06-30 12:45:00,109.95,110.16,109.92,110.08,64470
1684,2020-06-30 13:15:00,110.14,110.22,110.03,110.14,146959
1685,2020-06-30 13:45:00,110.17,110.2,109.96,110.01,81196
1686,2020-06-30 14:15:00,110.05,110.05,109.25,109.48,189144
1687,2020-06-30 14:45:00,109.48,109.68,109.38,109.48,185002
1688,2020-06-30 15:15:00,109.48,109.7,109.42,109.52,145554
1689,2020-07-01 09:15:00,110.92,110.92,108.75,109.95,174640
1690,2020-07-01 09:45:00,109.95,110.3,109.95,110.24,150977
1691,2020-07-01 10:15:00,110.18,110.2,109.94,109.99,65071
1692,2020-07-01 10:45:00,109.99,110.1,109.82,110.04,72010
1693,2020-07-01 11:15:00,110.04,110.36,109.92,110.29,97324
1694,2020-07-01 11:45:00,110.29,110.47,110.18,110.46,94206
1695,2020-07-01 12:15:00,110.45,110.68,110.39,110.5,180395
1696,2020-07-01 12:45:00,110.49,111.0,110.49,110.84,284664
1697,2020-07-02 12:45:00,112.17,112.2,111.94,112.08,88672
1698,2020-07-02 13:15:00,112.08,112.25,112.0,112.15,122815
1699,2020-07-02 13:45:00,112.15,112.44,112.15,112.43,132914
1700,2020-07-02 14:15:00,112.43,112.47,112.15,112.2,112373
1701,2020-07-02 14:45:00,112.18,112.28,112.01,112.14,119292
1702,2020-07-02 15:15:00,112.11,112.26,112.0,112.1,262904
1703,2020-07-03 09:15:00,112.65,112.89,112.25,112.34,284117
1704,2020-07-03 09:45:00,112.33,112.5,112.24,112.43,169969
1705,2020-07-03 10:15:00,112.43,112.54,112.3,112.4,117927
1706,2020-07-03 10:45:00,112.41,112.52,112.3,112.4,125726
1707,2020-07-03 11:15:00,112.4,112.61,112.32,112.61,107242
1708,2020-07-03 11:45:00,112.62,112.78,112.6,112.63,130616
1709,2020-07-03 12:15:00,112.66,112.7,112.42,112.46,95586
1710,2020-07-03 12:45:00,112.46,112.55,112.36,112.4,120519
1711,2020-07-03 13:15:00,112.38,112.5,112.14,112.28,166992
1712,2020-07-03 13:45:00,112.3,112.65,112.2,112.56,128929
1713,2020-07-03 14:15:00,112.56,112.62,112.31,112.46,64775
1714,2020-07-03 14:45:00,112.4,112.57,112.4,112.54,95638
1715,2020-07-03 15:15:00,112.54,112.64,112.43,112.51,124727
1716,2020-07-06 09:15:00,113.88,113.88,112.8,113.66,617721
1717,2020-07-06 09:45:00,113.65,113.9,113.5,113.79,442605
1718,2020-07-06 10:15:00,113.79,113.85,113.68,113.77,192895
1719,2020-07-06 10:45:00,113.73,113.88,113.73,113.88,129911
1720,2020-07-06 11:15:00,113.94,114.16,113.9,114.11,181160
1721,2020-07-06 11:45:00,114.11,114.12,113.96,114.07,142033
1722,2020-07-06 12:15:00,114.08,114.2,114.05,114.19,190927
1723,2020-07-06 12:45:00,114.19,114.49,114.17,114.42,187267
1724,2020-07-06 13:15:00,114.42,114.56,114.38,114.45,187177
1725,2020-07-06 13:45:00,114.45,114.45,114.11,114.2,142482
1726,2020-07-06 14:15:00,114.2,114.36,114.1,114.1,111876
1727,2020-07-06 14:45:00,114.11,114.27,114.09,114.27,175201
1728,2020-07-06 15:15:00,114.24,114.46,114.2,114.28,162984
1729,2020-07-07 09:15:00,114.28,114.88,113.97,114.15,446073
1730,2020-07-07 09:45:00,114.14,114.34,114.03,114.3,144569
1731,2020-07-07 10:15:00,114.33,114.39,114.05,114.18,131590
1732,2020-07-07 10:45:00,114.18,114.25,113.85,113.9,126257
1733,2020-07-07 11:15:00,113.87,113.9,113.43,113.52,203332
1734,2020-07-07 11:45:00,113.64,113.85,113.56,113.83,80739
1735,2020-07-07 12:15:00,113.83,114.29,113.74,113.99,234659
1736,2020-07-07 12:45:00,113.99,114.15,113.89,114.15,115350
1737,2020-07-07 13:15:00,114.15,114.43,114.12,114.25,167069
1738,2020-07-07 13:45:00,114.22,114.3,114.0,114.22,292237
1739,2020-07-07 14:15:00,114.2,114.39,114.18,114.3,105083
1740,2020-07-07 14:45:00,114.22,114.75,114.2,114.63,204197
1741,2020-07-07 15:15:00,114.66,114.97,114.43,114.55,221787
1742,2020-07-08 09:15:00,114.65,115.1,114.55,114.92,247226
1743,2020-07-08 09:45:00,114.92,114.98,114.53,114.62,191064
1744,2020-07-08 10:15:00,114.64,114.95,114.62,114.94,74678
1745,2020-07-08 10:45:00,114.93,114.98,114.66,114.76,95397
1746,2020-07-08 11:15:00,114.76,114.92,114.43,114.48,106324
1747,2020-07-08 11:45:00,114.46,114.75,114.4,114.75,52973
1748,2020-07-08 12:15:00,114.75,114.89,114.6,114.89,61171
1749,2020-07-08 12:45:00,114.85,114.99,114.8,114.88,133456
1750,2020-07-08 13:15:00,114.88,115.2,114.75,115.13,113005
1751,2020-07-08 13:45:00,115.1,115.2,114.97,115.11,84146
1752,2020-07-08 14:15:00,115.08,115.18,114.13,114.13,309234
1753,2020-07-08 14:45:00,114.11,114.26,113.9,114.0,251224
1754,2020-07-08 15:15:00,114.0,114.0,113.6,113.85,165612
1755,2020-07-09 09:15:00,113.85,114.49,113.85,114.4,192334
1756,2020-07-09 09:45:00,114.4,114.64,114.29,114.61,104472
1757,2020-07-09 10:15:00,114.6,114.66,114.45,114.5,69191
1758,2020-07-09 10:45:00,114.5,114.59,114.36,114.57,92149
1759,2020-07-09 11:15:00,114.57,114.6,114.43,114.54,40524
1760,2020-07-09 11:45:00,114.5,114.68,114.45,114.63,189008
1761,2020-07-09 12:15:00,114.59,114.8,114.52,114.67,78643
1762,2020-07-09 12:45:00,114.68,114.8,114.41,114.56,59128
1763,2020-07-09 13:15:00,114.54,114.98,114.51,114.9,106487
1764,2020-07-09 13:45:00,114.9,114.93,114.75,114.81,49129
1765,2020-07-09 14:15:00,114.88,115.08,114.81,115.0,101461
1766,2020-07-09 14:45:00,115.0,115.2,114.84,115.08,251057
1767,2020-07-09 15:15:00,115.07,115.2,115.0,115.1,457607
1768,2020-07-10 09:15:00,114.1,115.07,114.1,114.64,185536
1769,2020-07-10 09:45:00,114.64,114.85,114.57,114.73,90703
1770,2020-07-10 10:15:00,114.71,114.75,114.32,114.39,174774
1771,2020-07-10 10:45:00,114.31,114.47,114.03,114.16,205864
1772,2020-07-10 11:15:00,114.22,114.32,114.15,114.28,72895
1773,2020-07-10 11:45:00,114.23,114.28,114.0,114.18,54588
1774,2020-07-10 12:15:00,114.18,114.18,113.86,114.14,115659
1775,2020-07-10 12:45:00,114.13,114.3,114.04,114.12,324612
1776,2020-07-10 13:15:00,114.16,114.57,114.02,114.42,111679
1777,2020-07-10 13:45:00,114.42,114.57,114.0,114.17,94519
1778,2020-07-10 14:15:00,114.17,114.37,114.0,114.22,72216
1779,2020-07-10 14:45:00,114.22,114.58,114.21,114.33,122753
1780,2020-07-10 15:15:00,114.3,114.5,114.22,114.38,77456
1781,2020-07-13 09:15:00,117.0,117.0,114.8,115.32,492045
1782,2020-07-13 09:45:00,115.35,115.45,115.22,115.31,198123
1783,2020-07-13 10:15:00,115.31,115.38,115.21,115.31,530032
1784,2020-07-13 10:45:00,115.35,115.59,114.92,115.07,212984
1785,2020-07-13 11:15:00,115.07,115.25,115.01,115.12,86416
1786,2020-07-13 11:45:00,115.12,115.14,114.91,114.95,84613
1787,2020-07-13 12:15:00,114.95,115.2,114.9,115.04,89608
1788,2020-07-13 12:45:00,115.04,115.05,114.68,114.96,113664
1789,2020-07-13 13:15:00,114.96,114.96,114.6,114.61,71001
1790,2020-07-13 13:45:00,114.63,114.64,114.26,114.59,198323
1791,2020-07-13 14:15:00,114.54,114.86,114.46,114.86,59944
1792,2020-07-13 14:45:00,114.86,114.88,114.7,114.83,79438
1793,2020-07-13 15:15:00,114.83,115.0,114.8,114.95,101815
1794,2020-07-14 09:15:00,114.79,115.1,113.8,113.8,256969
1795,2020-07-14 09:45:00,113.82,113.98,113.75,113.97,93977
1796,2020-07-14 10:15:00,113.97,113.97,113.4,113.5,216283
1797,2020-07-14 10:45:00,113.5,113.54,113.02,113.13,347264
1798,2020-07-14 11:15:00,113.16,113.4,113.06,113.35,126051
1799,2020-07-14 11:45:00,113.35,113.35,113.15,113.2,270916
1800,2020-07-14 12:15:00,113.28,113.32,113.0,113.1,209549
1801,2020-07-14 12:45:00,113.09,113.1,112.4,112.46,326890
1802,2020-07-14 13:15:00,112.53,113.07,112.46,113.0,333563
1803,2020-07-14 13:45:00,113.0,113.09,112.86,112.96,636144
1804,2020-07-14 14:15:00,113.04,113.1,112.75,112.91,130767
1805,2020-07-14 14:45:00,112.91,113.1,112.72,112.98,196855
1806,2020-07-14 15:15:00,112.99,113.01,112.82,112.93,151672
1807,2020-07-15 09:15:00,113.99,114.14,112.91,114.04,479450
1808,2020-07-15 09:45:00,114.04,114.25,113.86,114.2,256355
1809,2020-07-15 10:15:00,114.15,114.58,114.15,114.56,545877
1810,2020-07-15 10:45:00,114.56,114.72,114.5,114.63,316923
1811,2020-07-15 11:15:00,114.64,114.99,114.63,114.89,237759
1812,2020-07-15 11:45:00,114.89,114.9,114.42,114.45,113202
1813,2020-07-15 12:15:00,114.45,114.62,114.3,114.39,149612
1814,2020-07-15 12:45:00,114.39,114.68,114.37,114.65,43222
1815,2020-07-15 13:15:00,114.65,114.81,114.48,114.79,72673
1816,2020-07-15 13:45:00,114.75,114.86,114.55,114.6,127890
1817,2020-07-15 14:15:00,114.6,114.65,113.31,113.75,308940
1818,2020-07-15 14:45:00,113.7,113.96,112.61,112.85,250217
1819,2020-07-15 15:15:00,112.85,113.22,112.64,112.97,180300
1820,2020-07-16 09:15:00,113.99,113.99,112.53,113.15,430010
1821,2020-07-16 09:45:00,113.12,113.46,113.12,113.35,177328
1822,2020-07-16 10:15:00,113.35,113.6,113.21,113.39,140786
1823,2020-07-16 10:45:00,113.34,113.45,113.0,113.19,127694
1824,2020-07-16 11:15:00,113.2,113.49,113.15,113.36,103181
1825,2020-07-16 11:45:00,113.36,113.5,113.15,113.21,67446
1826,2020-07-16 12:15:00,113.21,113.3,113.05,113.26,91488
1827,2020-07-16 12:45:00,113.26,113.38,113.07,113.13,61536
1828,2020-07-16 13:15:00,113.11,113.5,113.05,113.39,95429
1829,2020-07-16 13:45:00,113.48,113.55,113.12,113.28,114539
1830,2020-07-16 14:15:00,113.28,113.49,113.22,113.45,108603
1831,2020-07-16 14:45:00,113.4,114.24,113.4,114.14,270506
1832,2020-07-16 15:15:00,114.14,114.16,113.84,114.08,60956
1833,2020-07-17 09:15:00,114.9,114.9,114.15,114.62,235187
1834,2020-07-17 09:45:00,114.65,114.79,114.46,114.78,148596
1835,2020-07-17 10:15:00,114.78,114.87,114.7,114.79,100303
1836,2020-07-17 10:45:00,114.8,114.8,114.55,114.7,86164
1837,2020-07-17 11:15:00,114.75,114.99,114.65,114.81,156111
1838,2020-07-17 11:45:00,114.83,114.91,114.73,114.9,47893
1839,2020-07-17 12:15:00,114.9,115.07,114.82,115.0,137108
1840,2020-07-17 12:45:00,115.0,115.06,114.8,114.9,175508
1841,2020-07-17 13:15:00,114.9,114.95,114.56,114.95,96138
1842,2020-07-17 13:45:00,114.88,115.32,114.72,115.21,210169
1843,2020-07-17 14:15:00,115.27,115.35,115.04,115.26,482901
1844,2020-07-17 14:45:00,115.28,115.75,115.24,115.71,218516
1845,2020-07-17 15:15:00,115.71,116.17,115.68,115.81,250392
1846,2020-07-20 09:15:00,116.1,118.0,116.05,116.58,1126763
1847,2020-07-20 09:45:00,116.58,116.89,116.58,116.85,332321
1848,2020-07-20 10:15:00,116.84,116.85,116.48,116.69,266070
1849,2020-07-20 10:45:00,116.64,116.76,116.48,116.69,66645
1850,2020-07-20 11:15:00,116.66,116.72,116.5,116.5,97716
1851,2020-07-20 11:45:00,116.53,116.9,116.46,116.68,109784
1852,2020-07-20 12:15:00,116.68,116.74,116.55,116.65,39311
1853,2020-07-20 12:45:00,116.65,116.8,116.62,116.8,37683
1854,2020-07-20 13:15:00,116.73,116.95,116.22,116.47,180705
1855,2020-07-20 13:45:00,116.49,117.26,116.42,117.2,277806
1856,2020-07-20 14:15:00,117.15,117.2,116.88,117.09,126105
1857,2020-07-20 14:45:00,117.1,117.18,116.9,117.11,168182
1858,2020-07-20 15:15:00,117.15,117.16,117.0,117.06,160951
1859,2020-07-21 09:15:00,117.16,118.4,116.8,118.35,432076
1860,2020-07-21 09:45:00,118.35,118.4,118.12,118.16,300520
1861,2020-07-21 10:15:00,118.16,118.33,118.1,118.29,102392
1862,2020-07-21 10:45:00,118.29,118.3,118.16,118.17,56879
1863,2020-07-21 11:15:00,118.17,118.34,118.16,118.34,54123
1864,2020-07-21 11:45:00,118.34,118.46,118.11,118.4,201123
1865,2020-07-21 12:15:00,118.37,118.5,118.33,118.41,65768
1866,2020-07-21 12:45:00,118.4,118.64,118.33,118.54,77136
1867,2020-07-21 13:15:00,118.53,118.54,118.31,118.36,304905
1868,2020-07-21 13:45:00,118.47,118.47,118.18,118.22,472924
1869,2020-07-21 14:15:00,118.24,118.65,118.23,118.6,476002
1870,2020-07-21 14:45:00,118.59,118.6,118.32,118.54,424495
1871,2020-07-21 15:15:00,118.52,118.73,118.5,118.54,283640
1872,2020-07-22 09:15:00,119.0,119.2,117.84,118.05,501884
1873,2020-07-22 09:45:00,118.02,118.32,118.02,118.18,254870
1874,2020-07-22 10:15:00,118.24,118.55,118.15,118.39,242003
1875,2020-07-22 10:45:00,118.39,118.6,118.38,118.6,84923
1876,2020-07-22 11:15:00,118.6,118.72,118.5,118.54,80690
1877,2020-07-22 11:45:00,118.57,118.62,118.32,118.62,52614
1878,2020-07-22 12:15:00,118.58,118.7,118.5,118.57,81835
1879,2020-07-22 12:45:00,118.57,118.72,118.18,118.26,260388
1880,2020-07-22 13:15:00,118.27,118.3,117.8,117.98,212665
1881,2020-07-22 13:45:00,117.91,118.18,117.65,117.8,79883
1882,2020-07-22 14:15:00,117.8,117.9,117.36,117.36,464123
1883,2020-07-22 14:45:00,117.35,118.15,117.35,118.11,141176
1884,2020-07-22 15:15:00,118.1,118.39,118.1,118.39,74442
1885,2020-07-23 09:15:00,118.98,118.98,117.11,118.51,190195
1886,2020-07-23 09:45:00,118.57,118.57,118.28,118.41,302212
1887,2020-07-23 10:15:00,118.36,118.6,118.36,118.58,205939
1888,2020-07-23 10:45:00,118.59,118.75,118.52,118.73,88560
1889,2020-07-23 11:15:00,118.73,119.0,118.62,118.96,175964
1890,2020-07-23 11:45:00,119.0,119.05,118.81,119.0,157967
1891,2020-07-23 12:15:00,118.93,119.1,118.88,118.88,355979
1892,2020-07-23 12:45:00,118.91,119.0,118.74,118.9,57651
1893,2020-07-23 13:15:00,118.9,119.1,118.86,119.0,77364
1894,2020-07-23 13:45:00,119.0,119.2,118.82,119.05,55540
1895,2020-07-23 14:15:00,119.15,119.15,118.66,118.94,86215
1896,2020-07-23 14:45:00,119.02,119.15,118.85,119.1,92804
1897,2020-07-23 15:15:00,119.1,119.2,118.96,119.08,101498
1898,2020-07-24 09:15:00,118.3,118.97,118.0,118.34,374393
1899,2020-07-24 09:45:00,118.37,118.5,118.31,118.4,207588
1900,2020-07-24 10:15:00,118.44,118.44,118.05,118.06,136002
1901,2020-07-24 10:45:00,118.1,118.16,117.71,118.0,282160
1902,2020-07-24 11:15:00,118.0,118.25,117.9,118.15,128993
1903,2020-07-24 11:45:00,118.15,118.29,117.99,118.08,80377
1904,2020-07-24 12:15:00,118.13,118.18,117.88,117.97,36204
1905,2020-07-24 12:45:00,117.97,118.14,117.9,117.98,91434
1906,2020-07-24 13:15:00,117.95,118.14,117.92,118.14,39021
1907,2020-07-24 13:45:00,118.14,119.0,118.07,118.76,335881
1908,2020-07-24 14:15:00,118.76,119.3,118.52,118.72,171802
1909,2020-07-24 14:45:00,118.72,119.19,118.66,119.05,165051
1910,2020-07-24 15:15:00,118.99,119.13,118.95,118.99,115510
1911,2020-07-27 09:15:00,118.99,119.95,118.3,118.36,402009
1912,2020-07-27 09:45:00,118.36,118.39,118.0,118.18,232132
1913,2020-07-27 10:15:00,118.13,118.44,118.1,118.28,108626
1914,2020-07-27 10:45:00,118.25,118.35,118.21,118.28,53020
1915,2020-07-27 11:15:00,118.28,118.3,118.15,118.19,56107
1916,2020-07-27 11:45:00,118.19,118.53,118.16,118.51,208621
1917,2020-07-27 12:15:00,118.54,118.77,118.5,118.58,87249
1918,2020-07-27 12:45:00,118.58,118.7,118.4,118.65,77878
1919,2020-07-27 13:15:00,118.65,118.82,118.15,118.74,118805
1920,2020-07-27 13:45:00,118.78,118.78,118.45,118.58,50887
1921,2020-07-27 14:15:00,118.56,118.65,118.35,118.65,136321
1922,2020-07-27 14:45:00,118.63,118.86,118.35,118.4,136056
1923,2020-07-27 15:15:00,118.35,118.4,118.16,118.39,91367
1924,2020-07-28 09:15:00,119.25,119.69,117.7,119.08,146854
1925,2020-07-28 09:45:00,119.08,119.08,118.8,118.85,102858
1926,2020-07-28 10:15:00,118.85,118.96,118.75,118.86,47543
1927,2020-07-28 10:45:00,118.9,119.08,118.85,119.04,57614
1928,2020-07-28 11:15:00,118.96,119.09,118.95,119.07,93606
1929,2020-07-28 11:45:00,119.05,119.48,119.04,119.44,171171
1930,2020-07-28 12:15:00,119.43,119.64,119.28,119.6,179325
1931,2020-07-28 12:45:00,119.6,119.7,119.41,119.52,84426
1932,2020-07-28 13:15:00,119.45,119.66,119.42,119.58,175673
1933,2020-07-28 13:45:00,119.55,119.76,119.36,119.67,75847
1934,2020-07-28 14:15:00,119.69,120.0,119.67,119.9,199142
1935,2020-07-28 14:45:00,119.9,120.1,119.8,120.0,205256
1936,2020-07-28 15:15:00,119.96,120.19,119.8,120.02,144788
1937,2020-07-29 09:15:00,135.6,135.6,119.28,119.9,336428
1938,2020-07-29 09:45:00,119.9,120.07,119.76,119.95,112880
1939,2020-07-29 10:15:00,119.95,119.98,119.65,119.75,124613
1940,2020-07-29 10:45:00,119.85,120.0,119.72,119.81,75041
1941,2020-07-29 11:15:00,119.68,120.2,119.68,120.2,91868
1942,2020-07-29 11:45:00,120.21,120.3,120.0,120.06,127181
1943,2020-07-29 12:15:00,120.06,120.14,119.92,119.96,52809
1944,2020-07-29 12:45:00,119.96,120.08,119.8,120.02,37216
1945,2020-07-29 13:15:00,120.02,120.1,119.72,119.9,125243
1946,2020-07-29 13:45:00,119.8,119.94,119.3,119.36,143838
1947,2020-07-29 14:15:00,119.35,119.54,118.85,119.04,244074
1948,2020-07-29 14:45:00,119.0,119.54,118.8,119.3,191971
1949,2020-07-29 15:15:00,119.31,119.43,119.1,119.26,130203
1950,2020-07-30 09:15:00,120.45,120.45,119.26,119.67,181232
1951,2020-07-30 09:45:00,119.65,119.8,119.6,119.8,138736
1952,2020-07-30 10:15:00,119.8,119.88,119.7,119.84,126714
1953,2020-07-30 10:45:00,119.84,119.87,119.62,119.82,46435
1954,2020-07-30 11:15:00,119.83,119.86,119.72,119.74,94551
1955,2020-07-30 11:45:00,119.74,119.83,119.52,119.67,243835
1956,2020-07-30 12:15:00,119.68,119.7,119.3,119.41,54348
1957,2020-07-30 12:45:00,119.41,119.41,118.6,118.76,280213
1958,2020-07-30 13:15:00,118.76,118.9,118.55,118.78,100891
1959,2020-07-30 13:45:00,118.78,118.86,118.11,118.12,140290
1960,2020-07-30 14:15:00,118.12,118.2,117.8,118.03,190578
1961,2020-07-30 14:45:00,118.03,118.36,117.9,118.1,151440
1962,2020-07-30 15:15:00,118.15,118.15,117.79,117.83,157429
1963,2020-07-31 09:15:00,116.01,118.55,116.01,118.46,457312
1964,2020-07-31 09:45:00,118.48,118.6,117.85,117.95,142200
1965,2020-07-31 10:15:00,117.95,118.44,117.95,118.21,77692
1966,2020-07-31 10:45:00,118.27,118.29,118.02,118.14,41589
1967,2020-07-31 11:15:00,118.14,118.16,117.71,117.86,66912
1968,2020-07-31 11:45:00,117.84,118.24,117.74,118.09,30018
1969,2020-07-31 12:15:00,118.06,118.2,117.8,117.88,38748
1970,2020-07-31 12:45:00,117.87,118.09,117.7,118.0,46305
1971,2020-07-31 13:15:00,118.0,118.0,117.4,117.54,81368
1972,2020-07-31 13:45:00,117.44,118.26,117.4,118.13,135726
1973,2020-07-31 14:15:00,118.24,118.26,117.75,117.93,113067
1974,2020-07-31 14:45:00,117.91,118.09,117.67,117.95,137392
1975,2020-07-31 15:15:00,117.95,118.21,117.82,118.02,113187
1976,2020-08-03 09:15:00,118.02,119.5,117.0,117.05,503971
1977,2020-08-03 09:45:00,117.1,117.1,116.76,116.83,109214
1978,2020-08-03 10:15:00,116.83,117.07,116.8,116.92,137908
1979,2020-08-03 10:45:00,116.9,116.98,116.82,116.95,72365
1980,2020-08-03 11:15:00,116.95,117.1,116.85,117.1,69523
1981,2020-08-03 11:45:00,117.09,117.15,116.88,116.96,183363
1982,2020-08-03 12:15:00,116.96,116.98,116.41,116.54,506501
1983,2020-08-03 12:45:00,116.54,116.64,116.32,116.53,133455
1984,2020-08-03 13:15:00,116.53,116.7,116.48,116.62,237462
1985,2020-08-03 13:45:00,116.6,116.65,116.1,116.34,156461
1986,2020-08-03 14:15:00,116.34,116.49,116.2,116.25,56891
1987,2020-08-03 14:45:00,116.21,116.37,116.05,116.17,417365
1988,2020-08-03 15:15:00,116.13,116.32,116.1,116.17,157001
1989,2020-08-04 09:15:00,116.3,117.4,116.25,116.52,155686
1990,2020-08-04 09:45:00,116.62,116.92,116.52,116.88,145680
1991,2020-08-04 10:15:00,116.88,117.28,116.68,117.12,164724
1992,2020-08-04 10:45:00,117.12,117.24,117.1,117.1,91028
1993,2020-08-04 11:15:00,117.1,117.49,117.04,117.48,92536
1994,2020-08-04 11:45:00,117.49,117.65,117.4,117.58,53107
1995,2020-08-04 12:15:00,117.65,117.75,117.5,117.5,51171
1996,2020-08-04 12:45:00,117.54,117.6,117.3,117.53,125802
1997,2020-08-04 13:15:00,117.45,117.73,117.25,117.25,77538
1998,2020-08-04 13:45:00,117.3,117.6,117.3,117.47,33451
1999,2020-08-04 14:15:00,117.46,117.98,117.46,117.98,67447
2000,2020-08-04 14:45:00,117.9,118.15,117.8,118.05,121743
2001,2020-08-04 15:15:00,118.03,118.1,117.97,118.0,111359
2002,2020-08-05 09:15:00,118.02,119.12,118.02,118.95,218580
2003,2020-08-05 09:45:00,119.0,119.24,118.92,119.09,89634
2004,2020-08-05 10:15:00,119.09,119.24,118.87,119.0,90348
2005,2020-08-05 10:45:00,119.05,119.1,118.88,119.05,35392
2006,2020-08-05 11:15:00,119.07,119.07,118.36,118.4,75227
2007,2020-08-05 11:45:00,118.36,118.39,117.64,118.26,179785
2008,2020-08-05 12:15:00,118.12,118.55,118.1,118.41,69305
2009,2020-08-05 12:45:00,118.49,118.55,118.08,118.24,38440
2010,2020-08-05 13:15:00,118.26,118.4,118.01,118.11,132997
2011,2020-08-05 13:45:00,118.21,118.24,117.71,118.11,62239
2012,2020-08-05 14:15:00,118.11,118.43,118.01,118.19,79997
2013,2020-08-05 14:45:00,118.19,118.19,117.76,118.15,244695
2014,2020-08-05 15:15:00,118.15,118.29,117.96,118.29,90453
2015,2020-08-06 09:15:00,118.95,119.0,118.21,118.57,149782
2016,2020-08-06 09:45:00,118.6,118.67,118.5,118.65,37841
2017,2020-08-06 10:15:00,118.65,118.9,118.57,118.85,48928
2018,2020-08-06 10:45:00,118.77,118.9,118.56,118.63,29320
2019,2020-08-06 11:15:00,118.63,118.84,118.62,118.76,44117
2020,2020-08-06 11:45:00,118.76,119.05,118.38,118.57,170557
2021,2020-08-06 12:15:00,118.65,119.3,118.63,119.15,81432
2022,2020-08-06 12:45:00,119.06,119.68,119.06,119.49,178967
2023,2020-08-06 13:15:00,119.49,119.53,119.19,119.25,86439
2024,2020-08-06 13:45:00,119.24,119.25,118.92,119.02,71345
2025,2020-08-06 14:15:00,119.02,119.08,118.18,118.81,233463
2026,2020-08-06 14:45:00,118.78,119.22,118.6,119.1,385437
2027,2020-08-06 15:15:00,119.16,119.2,118.93,119.02,97773
2028,2020-08-07 09:15:00,119.6,119.65,118.16,119.01,117683
2029,2020-08-07 09:45:00,119.01,119.23,118.86,119.14,58669
2030,2020-08-07 10:15:00,119.14,119.14,118.81,118.85,49113
2031,2020-08-07 10:45:00,118.81,118.98,118.66,118.94,49608
2032,2020-08-07 11:15:00,118.94,119.16,118.91,119.0,43477
2033,2020-08-07 11:45:00,119.0,119.35,118.95,119.19,86149
2034,2020-08-07 12:15:00,119.14,119.3,118.82,119.02,66185
2035,2020-08-07 12:45:00,119.02,119.3,119.0,119.15,44468
2036,2020-08-07 13:15:00,119.14,119.25,119.04,119.21,13959
2037,2020-08-07 13:45:00,119.21,119.25,119.02,119.1,45644
2038,2020-08-07 14:15:00,119.1,119.45,119.0,119.3,39730
2039,2020-08-07 14:45:00,119.3,119.48,119.25,119.44,90185
2040,2020-08-07 15:15:00,119.35,119.46,119.06,119.35,71603
2041,2020-08-10 09:15:00,119.1,120.39,119.1,120.22,288398
2042,2020-08-10 09:45:00,120.2,120.22,120.0,120.04,59638
2043,2020-08-10 10:15:00,120.04,120.15,120.0,120.09,63178
2044,2020-08-10 10:45:00,120.09,120.24,120.08,120.23,112623
2045,2020-08-10 11:15:00,120.24,120.37,120.22,120.23,91091
2046,2020-08-10 11:45:00,120.31,120.34,120.1,120.13,32508
2047,2020-08-10 12:15:00,120.13,120.22,119.92,120.22,56176
2048,2020-08-10 12:45:00,120.22,120.34,120.1,120.22,46256
2049,2020-08-10 13:15:00,120.22,120.3,120.05,120.05,32592
2050,2020-08-10 13:45:00,120.05,120.17,119.59,119.72,110725
2051,2020-08-10 14:15:00,119.73,119.98,119.7,119.95,37875
2052,2020-08-10 14:45:00,119.98,120.2,119.88,120.0,57379
2053,2020-08-10 15:15:00,119.99,120.1,119.85,119.97,47451
2054,2020-08-11 09:15:00,120.9,120.98,120.38,120.63,173249
2055,2020-08-11 09:45:00,120.63,120.64,120.48,120.6,49141
2056,2020-08-11 10:15:00,120.6,120.7,120.52,120.6,62948
2057,2020-08-11 10:45:00,120.6,120.65,120.3,120.35,32325
2058,2020-08-11 11:15:00,120.32,120.45,120.11,120.44,37063
2059,2020-08-11 11:45:00,120.44,120.44,120.1,120.19,30154
2060,2020-08-11 12:15:00,120.19,120.32,120.05,120.32,29601
2061,2020-08-11 12:45:00,120.32,120.59,120.3,120.52,37125
2062,2020-08-11 13:15:00,120.52,120.7,120.44,120.46,54805
2063,2020-08-11 13:45:00,120.44,120.64,120.44,120.62,19448
2064,2020-08-11 14:15:00,120.62,120.72,120.52,120.6,30822
2065,2020-08-11 14:45:00,120.57,120.65,120.31,120.47,118004
2066,2020-08-11 15:15:00,120.47,120.65,120.4,120.44,80201
2067,2020-08-12 09:15:00,120.25,120.75,119.27,119.83,138529
2068,2020-08-12 09:45:00,119.83,119.87,119.61,119.7,101657
2069,2020-08-12 10:15:00,119.76,119.84,119.62,119.74,58438
2070,2020-08-12 10:45:00,119.74,120.06,119.66,120.0,54323
2071,2020-08-12 11:15:00,120.04,120.15,119.9,120.1,39929
2072,2020-08-12 11:45:00,120.05,120.15,119.95,120.0,49325
2073,2020-08-12 12:15:00,120.0,120.21,120.0,120.1,60022
2074,2020-08-12 12:45:00,120.17,120.3,120.1,120.26,50808
2075,2020-08-12 13:15:00,120.26,120.33,120.0,120.1,71995
2076,2020-08-12 13:45:00,120.12,120.38,119.95,120.33,67842
2077,2020-08-12 14:15:00,120.34,120.4,120.22,120.35,42131
2078,2020-08-12 14:45:00,120.35,120.4,120.28,120.3,54902
2079,2020-08-12 15:15:00,120.3,120.38,120.25,120.33,102638
2080,2020-08-13 09:15:00,121.27,121.44,120.06,120.65,107054
2081,2020-08-13 09:45:00,120.68,120.7,120.51,120.55,66464
2082,2020-08-13 10:15:00,120.55,120.64,120.37,120.61,84544
2083,2020-08-13 10:45:00,120.61,120.75,120.52,120.65,44971
2084,2020-08-13 11:15:00,120.69,120.7,120.0,120.23,105766
2085,2020-08-13 11:45:00,120.2,120.3,120.05,120.21,38899
2086,2020-08-13 12:15:00,120.2,120.26,119.91,120.24,75667
2087,2020-08-13 12:45:00,120.24,120.3,120.06,120.29,63203
2088,2020-08-13 13:15:00,120.29,120.5,120.06,120.46,135899
2089,2020-08-13 13:45:00,120.4,120.59,120.36,120.49,60418
2090,2020-08-13 14:15:00,120.43,120.55,120.22,120.36,66525
2091,2020-08-13 14:45:00,120.36,120.54,120.25,120.33,98037
2092,2020-08-13 15:15:00,120.35,120.61,120.31,120.49,74883
2093,2020-08-14 09:15:00,121.0,121.27,120.1,120.77,116958
2094,2020-08-14 09:45:00,120.77,120.8,120.63,120.75,60523
2095,2020-08-14 10:15:00,120.73,120.78,120.52,120.6,41364
2096,2020-08-14 10:45:00,120.54,120.65,120.5,120.6,31246
2097,2020-08-14 11:15:00,120.6,120.7,120.56,120.68,31070
2098,2020-08-14 11:45:00,120.68,121.0,120.65,120.82,125599
2099,2020-08-14 12:15:00,120.91,121.0,120.71,120.82,117004
2100,2020-08-14 12:45:00,120.81,120.81,120.55,120.55,74799
2101,2020-08-14 13:15:00,120.61,120.61,119.82,120.05,212863
2102,2020-08-14 13:45:00,120.02,120.04,119.05,119.2,195537
2103,2020-08-14 14:15:00,119.2,119.22,118.33,119.08,323000
2104,2020-08-14 14:45:00,119.07,119.38,118.9,119.25,150297
2105,2020-08-14 15:15:00,119.25,119.49,119.2,119.26,66250
2106,2020-08-17 09:15:00,120.45,120.9,119.06,119.22,283545
2107,2020-08-17 09:45:00,119.18,119.66,119.0,119.55,141329
2108,2020-08-17 10:15:00,119.55,119.84,119.55,119.76,60496
2109,2020-08-17 10:45:00,119.76,119.79,119.5,119.63,38539
2110,2020-08-17 11:15:00,119.63,119.72,119.4,119.48,85684
2111,2020-08-17 11:45:00,119.45,119.75,119.41,119.7,35723
2112,2020-08-17 12:15:00,119.68,119.78,119.55,119.58,162411
2113,2020-08-17 12:45:00,119.58,119.69,119.41,119.6,94042
2114,2020-08-17 13:15:00,119.58,119.72,119.48,119.65,78651
2115,2020-08-17 13:45:00,119.64,119.95,119.36,119.45,136841
2116,2020-08-17 14:15:00,119.45,119.72,119.21,119.59,180628
2117,2020-08-17 14:45:00,119.68,120.0,119.5,119.85,255957
2118,2020-08-17 15:15:00,119.93,120.08,119.83,119.88,142779
2119,2020-08-18 09:15:00,120.15,120.58,119.3,120.3,164511
2120,2020-08-18 09:45:00,120.3,120.3,120.16,120.19,64340
2121,2020-08-18 10:15:00,120.2,120.54,120.19,120.44,260017
2122,2020-08-18 10:45:00,120.5,120.51,120.31,120.32,31980
2123,2020-08-18 11:15:00,120.36,120.42,120.28,120.32,33009
2124,2020-08-18 11:45:00,120.32,120.35,120.07,120.16,47601
2125,2020-08-18 12:15:00,120.17,120.35,120.13,120.21,90161
2126,2020-08-18 12:45:00,120.21,120.49,120.17,120.38,61120
2127,2020-08-18 13:15:00,120.35,120.48,120.26,120.4,45219
2128,2020-08-18 13:45:00,120.39,121.0,120.39,120.81,262549
2129,2020-08-18 14:15:00,120.85,121.0,120.8,120.88,172708
2130,2020-08-18 14:45:00,120.9,121.07,120.87,120.94,318047
2131,2020-08-18 15:15:00,120.94,121.05,120.89,120.97,123879
2132,2020-08-19 09:15:00,122.5,122.5,121.0,121.53,735267
2133,2020-08-19 09:45:00,121.52,121.55,121.31,121.4,142123
2134,2020-08-19 10:15:00,121.4,121.48,121.35,121.45,173212
2135,2020-08-19 10:45:00,121.46,121.59,121.33,121.36,55461
2136,2020-08-19 11:15:00,121.38,121.45,121.2,121.41,110759
2137,2020-08-19 11:45:00,121.4,121.5,121.36,121.42,43094
2138,2020-08-19 12:15:00,121.42,121.55,121.32,121.5,57006
2139,2020-08-19 12:45:00,121.51,121.55,121.36,121.48,96303
2140,2020-08-19 13:15:00,121.5,121.6,121.3,121.48,107865
2141,2020-08-19 13:45:00,121.48,121.75,121.38,121.58,129686
2142,2020-08-19 14:15:00,121.56,121.58,121.37,121.46,61597
2143,2020-08-19 14:45:00,121.4,121.55,121.12,121.15,409948
2144,2020-08-19 15:15:00,121.13,121.29,121.05,121.13,1215954
2145,2020-08-20 09:15:00,120.45,120.5,119.33,120.4,2392164
2146,2020-08-20 09:45:00,120.4,120.47,120.28,120.39,1042494
2147,2020-08-20 10:15:00,120.39,120.6,120.31,120.56,57710
2148,2020-08-20 10:45:00,120.56,120.57,120.39,120.44,62836
2149,2020-08-20 11:15:00,120.43,120.54,120.4,120.47,15404
2150,2020-08-20 11:45:00,120.47,120.6,120.45,120.54,14106
2151,2020-08-20 12:15:00,120.55,120.55,120.0,120.06,174439
2152,2020-08-20 12:45:00,120.1,120.57,120.07,120.45,27573
2153,2020-08-20 13:15:00,120.46,120.82,120.31,120.38,55848
2154,2020-08-20 13:45:00,120.33,120.37,120.0,120.3,79528
2155,2020-08-20 14:15:00,120.3,120.46,120.2,120.44,36216
2156,2020-08-20 14:45:00,120.37,120.6,120.32,120.48,162519
2157,2020-08-20 15:15:00,120.43,120.48,120.25,120.42,117745
2158,2020-08-21 09:15:00,121.99,121.99,120.5,121.33,137967
2159,2020-08-21 09:45:00,121.33,121.35,121.14,121.16,53790
2160,2020-08-21 10:15:00,121.16,121.3,121.16,121.29,31994
2161,2020-08-21 10:45:00,121.29,121.32,121.14,121.22,21139
2162,2020-08-21 11:15:00,121.22,121.3,120.99,121.11,81167
2163,2020-08-21 11:45:00,121.12,121.23,121.04,121.23,18664
2164,2020-08-21 12:15:00,121.23,121.32,121.13,121.3,28238
2165,2020-08-21 12:45:00,121.3,121.3,121.12,121.15,61373
2166,2020-08-21 13:15:00,121.15,121.32,121.1,121.24,43740
2167,2020-08-21 13:45:00,121.19,121.3,121.1,121.29,46199
2168,2020-08-21 14:15:00,121.23,121.3,121.18,121.27,23118
2169,2020-08-21 14:45:00,121.21,121.28,120.93,121.13,83200
2170,2020-08-21 15:15:00,121.05,121.25,121.05,121.11,54157
2171,2020-08-24 09:15:00,122.49,139.3,121.11,121.59,185876
2172,2020-08-24 09:45:00,121.52,121.66,121.51,121.66,39417
2173,2020-08-24 10:15:00,121.66,121.72,121.54,121.58,63651
2174,2020-08-24 10:45:00,121.58,121.58,121.5,121.55,57087
2175,2020-08-24 11:15:00,121.5,121.58,121.45,121.57,85846
2176,2020-08-24 11:45:00,121.55,121.76,121.55,121.76,66051
2177,2020-08-24 12:15:00,121.72,122.07,121.72,122.0,177432
2178,2020-08-24 12:45:00,122.0,122.07,121.9,121.99,55607
2179,2020-08-24 13:15:00,122.0,122.03,121.83,121.94,26980
2180,2020-08-24 13:45:00,121.91,122.07,121.83,122.02,50771
2181,2020-08-24 14:15:00,121.98,122.28,121.98,122.12,126049
2182,2020-08-24 14:45:00,122.12,122.18,121.89,122.05,125128
2183,2020-08-24 15:15:00,121.93,122.07,121.83,121.9,76218
2184,2020-08-25 09:15:00,122.98,124.99,121.86,122.24,155811
2185,2020-08-25 09:45:00,122.25,122.29,122.06,122.17,73020
2186,2020-08-25 10:15:00,122.15,122.24,121.56,121.84,151457
2187,2020-08-25 10:45:00,121.86,121.92,121.52,121.82,68195
2188,2020-08-25 11:15:00,121.82,121.9,121.74,121.85,35439
2189,2020-08-25 11:45:00,121.89,122.08,121.87,122.0,57960
2190,2020-08-25 12:15:00,122.0,122.05,121.84,121.99,34138
2191,2020-08-25 12:45:00,121.92,122.0,121.85,121.95,15398
2192,2020-08-25 13:15:00,121.98,122.19,121.91,122.06,60455
2193,2020-08-25 13:45:00,121.99,122.0,121.56,121.63,50741
2194,2020-08-25 14:15:00,121.62,121.7,121.36,121.62,87983
2195,2020-08-25 14:45:00,121.67,121.94,121.61,121.85,108862
2196,2020-08-25 15:15:00,121.81,122.09,121.81,121.93,75209
2197,2020-08-26 09:15:00,135.0,135.0,121.8,122.15,186414
2198,2020-08-26 09:45:00,122.1,122.16,121.86,121.9,62127
2199,2020-08-26 10:15:00,121.96,122.12,121.88,122.07,41913
2200,2020-08-26 10:45:00,122.07,122.15,122.0,122.0,58268
2201,2020-08-26 11:15:00,122.0,122.12,121.88,122.04,44280
2202,2020-08-26 11:45:00,122.06,122.08,121.9,122.07,32987
2203,2020-08-26 12:15:00,122.05,122.14,121.95,122.1,26439
2204,2020-08-26 12:45:00,122.1,122.2,122.02,122.2,49473
2205,2020-08-26 13:15:00,122.11,122.24,122.02,122.02,73272
2206,2020-08-26 13:45:00,122.06,122.45,122.06,122.35,95857
2207,2020-08-26 14:15:00,122.4,122.83,122.32,122.75,138278
2208,2020-08-26 14:45:00,122.75,122.8,122.6,122.68,93210
2209,2020-08-26 15:15:00,122.7,122.89,122.68,122.75,63142
2210,2020-08-27 09:15:00,139.0,139.0,122.55,123.16,177234
2211,2020-08-27 09:45:00,123.16,123.23,123.06,123.15,74156
2212,2020-08-27 10:15:00,123.15,123.25,123.11,123.16,118293
2213,2020-08-27 10:45:00,123.16,123.29,123.03,123.16,135745
2214,2020-08-27 11:15:00,123.16,123.34,123.15,123.29,64712
2215,2020-08-27 11:45:00,123.29,123.3,123.15,123.23,58698
2216,2020-08-27 12:15:00,123.23,123.34,123.16,123.25,82607
2217,2020-08-27 12:45:00,123.25,123.29,123.08,123.1,32505
2218,2020-08-27 13:15:00,123.06,123.2,122.9,122.93,94204
2219,2020-08-27 13:45:00,122.92,123.11,122.85,123.0,59898
2220,2020-08-27 14:15:00,123.0,123.09,122.83,122.94,71372
2221,2020-08-27 14:45:00,123.04,123.04,122.75,122.81,109770
2222,2020-08-27 15:15:00,122.89,123.05,122.79,122.91,70099
2223,2020-08-28 09:15:00,129.0,129.0,122.9,123.53,154195
2224,2020-08-28 09:45:00,123.53,123.54,123.24,123.29,146492
2225,2020-08-28 10:15:00,123.29,123.58,123.2,123.36,89038
2226,2020-08-28 10:45:00,123.41,123.6,123.36,123.59,95458
2227,2020-08-28 11:15:00,123.6,124.11,123.59,124.03,181990
2228,2020-08-28 11:45:00,124.03,124.19,123.88,123.96,94355
2229,2020-08-28 12:15:00,123.96,124.05,123.75,123.95,238050
2230,2020-08-28 12:45:00,123.93,123.99,123.56,123.7,110293
2231,2020-08-28 13:15:00,123.64,123.86,123.63,123.82,56130
2232,2020-08-28 13:45:00,123.82,124.0,123.73,123.83,49337
2233,2020-08-28 14:15:00,123.9,124.2,123.85,124.07,74677
2234,2020-08-28 14:45:00,124.07,124.2,123.91,124.0,131210
2235,2020-08-28 15:15:00,124.0,124.2,123.95,124.04,109302
2236,2020-08-31 09:15:00,139.0,139.0,124.5,125.05,254660
2237,2020-08-31 09:45:00,125.05,125.08,124.82,124.94,107232
2238,2020-08-31 10:15:00,124.94,124.94,124.53,124.55,67353
2239,2020-08-31 10:45:00,124.55,124.57,123.9,123.9,105674
2240,2020-08-31 11:15:00,123.9,124.14,122.9,122.95,204014
2241,2020-08-31 11:45:00,122.94,123.38,122.66,123.14,160054
2242,2020-08-31 12:15:00,123.14,123.39,123.0,123.19,116509
2243,2020-08-31 12:45:00,123.22,123.22,122.5,122.57,159807
2244,2020-08-31 13:15:00,122.57,122.57,121.5,121.6,282470
2245,2020-08-31 13:45:00,121.6,122.14,121.55,121.75,248840
2246,2020-08-31 14:15:00,121.82,121.88,120.77,120.77,359019
2247,2020-08-31 14:45:00,120.76,121.66,120.75,121.1,1563732
2248,2020-08-31 15:15:00,121.11,121.42,120.45,121.03,318549
2249,2020-09-01 09:15:00,134.88,134.88,120.0,122.09,356770
2250,2020-09-01 09:45:00,122.14,122.18,121.0,121.75,123565
2251,2020-09-01 10:15:00,121.78,121.84,121.48,121.78,59680
2252,2020-09-01 10:45:00,121.76,121.99,121.45,121.5,80735
2253,2020-09-01 11:15:00,121.48,122.3,121.25,122.09,115898
2254,2020-09-01 11:45:00,122.14,122.17,121.72,122.0,38805
2255,2020-09-01 12:15:00,122.02,122.25,121.72,122.16,48869
2256,2020-09-01 12:45:00,122.16,122.89,122.16,122.82,101547
2257,2020-09-01 13:15:00,122.82,122.85,122.32,122.32,35951
2258,2020-09-01 13:45:00,122.3,122.41,121.9,122.26,85414
2259,2020-09-01 14:15:00,122.26,122.34,121.35,121.85,122589
2260,2020-09-01 14:45:00,121.85,122.26,121.77,122.22,85888
2261,2020-09-01 15:15:00,122.22,122.4,122.07,122.15,96841
2262,2020-09-02 09:15:00,125.0,125.0,121.61,122.1,164416
2263,2020-09-02 09:45:00,122.15,122.35,121.86,122.0,70003
2264,2020-09-02 10:15:00,122.0,122.08,121.56,121.87,58663
2265,2020-09-02 10:45:00,121.86,121.96,121.7,121.9,30685
2266,2020-09-02 11:15:00,121.9,122.2,121.87,122.18,80754
2267,2020-09-02 11:45:00,122.18,122.28,121.84,121.98,27921
2268,2020-09-02 12:15:00,121.98,122.0,121.72,121.95,35184
2269,2020-09-02 12:45:00,121.94,122.0,121.75,121.97,31632
2270,2020-09-02 13:15:00,121.97,122.0,121.7,121.99,177363
2271,2020-09-02 13:45:00,121.97,122.38,121.85,122.38,105275
2272,2020-09-02 14:15:00,122.46,122.9,122.46,122.67,321109
2273,2020-09-02 14:45:00,122.73,122.89,122.56,122.76,60826
2274,2020-09-02 15:15:00,122.76,122.88,122.67,122.75,42290
2275,2020-09-03 09:15:00,129.88,129.88,122.11,122.8,109638
2276,2020-09-03 09:45:00,122.8,122.94,122.72,122.87,74349
2277,2020-09-03 10:15:00,122.89,122.98,122.8,122.86,42335
2278,2020-09-03 10:45:00,122.82,123.0,122.8,122.94,61474
2279,2020-09-03 11:15:00,122.92,122.98,122.5,122.62,86865
2280,2020-09-03 11:45:00,122.62,122.78,122.52,122.52,134189
2281,2020-09-03 12:15:00,122.52,122.8,122.35,122.79,77177
2282,2020-09-03 12:45:00,122.8,123.19,122.61,123.07,96268
2283,2020-09-03 13:15:00,123.06,123.15,122.77,123.06,63053
2284,2020-09-03 13:45:00,123.08,123.08,122.86,122.92,30242
2285,2020-09-03 14:15:00,122.89,123.1,122.81,122.96,66821
2286,2020-09-03 14:45:00,122.96,122.98,122.63,122.73,81209
2287,2020-09-03 15:15:00,122.72,122.9,122.52,122.9,66533
2288,2020-09-04 09:15:00,121.25,121.25,102.26,121.23,298612
2289,2020-09-04 09:45:00,121.24,121.48,121.2,121.45,101085
2290,2020-09-04 10:15:00,121.41,121.47,121.2,121.3,60561
2291,2020-09-04 10:45:00,121.23,121.45,121.23,121.42,52484
2292,2020-09-04 11:15:00,121.42,121.51,121.35,121.5,55270
2293,2020-09-04 11:45:00,121.5,121.53,121.31,121.44,26759
2294,2020-09-04 12:15:00,121.45,121.67,121.31,121.5,51271
2295,2020-09-04 12:45:00,121.5,122.0,121.49,121.9,91100
2296,2020-09-04 13:15:00,121.92,122.05,121.7,121.72,62536
2297,2020-09-04 13:45:00,121.75,121.94,121.5,121.55,45975
2298,2020-09-04 14:15:00,121.54,121.68,120.74,120.88,179954
2299,2020-09-04 14:45:00,120.88,121.08,120.53,121.06,171819
2300,2020-09-04 15:15:00,121.0,121.39,120.88,121.12,300289
2301,2020-09-07 09:15:00,134.88,134.88,119.0,120.29,166908
2302,2020-09-07 09:45:00,120.2,120.78,120.1,120.7,130966
2303,2020-09-07 10:15:00,120.7,120.75,120.55,120.7,66250
2304,2020-09-07 10:45:00,120.7,120.92,120.56,120.81,63306
2305,2020-09-07 11:15:00,120.91,121.15,120.82,120.98,77241
2306,2020-09-07 11:45:00,120.98,121.0,120.7,120.94,54925
2307,2020-09-07 12:15:00,120.95,121.0,120.82,120.97,45187
2308,2020-09-07 12:45:00,120.97,121.06,120.76,121.0,55655
2309,2020-09-07 13:15:00,121.05,121.25,120.9,121.1,56527
2310,2020-09-07 13:45:00,121.1,121.43,121.01,121.25,48111
2311,2020-09-07 14:15:00,121.22,121.25,120.53,120.71,128879
2312,2020-09-07 14:45:00,120.71,121.33,120.61,121.33,70723
2313,2020-09-07 15:15:00,121.27,121.6,121.27,121.27,46522
2314,2020-09-08 09:15:00,133.88,133.88,120.86,121.26,76253
2315,2020-09-08 09:45:00,121.22,121.49,121.21,121.48,62119
2316,2020-09-08 10:15:00,121.45,121.9,121.45,121.8,127937
2317,2020-09-08 10:45:00,121.8,121.95,121.57,121.7,119443
2318,2020-09-08 11:15:00,121.74,121.86,121.58,121.74,106877
2319,2020-09-08 11:45:00,121.82,121.92,121.64,121.78,48923
2320,2020-09-08 12:15:00,121.84,122.0,121.75,121.99,57720
2321,2020-09-08 12:45:00,121.99,122.0,121.8,121.8,68475
2322,2020-09-08 13:15:00,121.8,121.95,121.6,121.65,68198
2323,2020-09-08 13:45:00,121.72,121.96,121.49,121.8,92188
2324,2020-09-08 14:15:00,121.8,121.81,121.2,121.29,174796
2325,2020-09-08 14:45:00,121.38,121.38,120.7,120.87,137037
2326,2020-09-08 15:15:00,120.89,120.89,120.65,120.85,53138
2327,2020-09-09 09:15:00,120.75,120.75,115.05,120.1,520000
2328,2020-09-09 09:45:00,120.1,120.1,119.76,119.95,113249
2329,2020-09-09 10:15:00,119.95,120.0,119.71,120.0,150447
2330,2020-09-09 10:45:00,119.99,120.11,119.93,120.0,66678
2331,2020-09-09 11:15:00,119.99,120.06,119.8,119.84,48673
2332,2020-09-09 11:45:00,119.83,119.9,119.38,119.59,102240
2333,2020-09-09 12:15:00,119.59,119.9,119.55,119.85,79062
2334,2020-09-09 12:45:00,119.9,119.98,119.66,119.95,75571
2335,2020-09-09 13:15:00,119.98,120.25,119.92,120.16,47031
2336,2020-09-09 13:45:00,120.11,120.27,119.88,119.97,63149
2337,2020-09-09 14:15:00,119.95,120.39,119.8,120.36,99678
2338,2020-09-09 14:45:00,120.32,120.48,120.0,120.44,143759
2339,2020-09-09 15:15:00,120.44,120.55,120.34,120.34,58293
2340,2020-09-10 09:15:00,129.0,129.0,116.8,120.9,84352
2341,2020-09-10 09:45:00,120.9,121.06,120.84,121.0,59378
2342,2020-09-10 10:15:00,121.04,121.3,120.96,121.3,65731
2343,2020-09-10 10:45:00,121.33,121.65,121.3,121.62,91123
2344,2020-09-10 11:15:00,121.61,121.72,121.45,121.63,73722
2345,2020-09-10 11:45:00,121.65,121.65,121.42,121.56,126536
2346,2020-09-10 12:15:00,121.54,121.73,121.43,121.7,75634
2347,2020-09-10 12:45:00,121.73,121.74,121.3,121.36,67544
2348,2020-09-10 13:15:00,121.3,121.47,121.02,121.33,81616
2349,2020-09-10 13:45:00,121.3,121.42,121.0,121.3,56910
2350,2020-09-10 14:15:00,121.3,121.8,121.22,121.75,164630
2351,2020-09-10 14:45:00,121.75,122.0,121.62,121.91,101071
2352,2020-09-10 15:15:00,121.99,121.99,121.81,121.94,132364
2353,2020-09-11 09:15:00,134.88,134.88,121.54,121.82,130937
2354,2020-09-11 09:45:00,121.79,122.0,121.62,122.0,82335
2355,2020-09-11 10:15:00,121.9,121.97,121.72,121.95,46421
2356,2020-09-11 10:45:00,121.95,122.1,121.85,121.9,99552
2357,2020-09-11 11:15:00,121.9,122.0,121.76,121.82,48703
2358,2020-09-11 11:45:00,121.84,121.98,121.72,121.9,60749
2359,2020-09-11 12:15:00,121.86,121.99,121.86,121.99,31299
2360,2020-09-11 12:45:00,121.99,122.0,121.55,121.7,110454
2361,2020-09-11 13:15:00,121.63,121.87,121.61,121.78,43109
2362,2020-09-11 13:45:00,121.78,122.0,121.65,121.98,160737
2363,2020-09-11 14:15:00,121.98,122.1,121.8,121.99,199097
2364,2020-09-11 14:45:00,121.9,122.2,121.9,122.1,60268
2365,2020-09-11 15:15:00,122.2,122.25,122.02,122.13,75708
2366,2020-09-14 09:15:00,127.0,127.0,122.26,122.82,118991
2367,2020-09-14 09:45:00,122.82,122.9,122.67,122.79,64868
2368,2020-09-14 10:15:00,122.8,122.96,122.75,122.92,54900
2369,2020-09-14 10:45:00,122.87,122.93,122.78,122.9,53871
2370,2020-09-14 11:15:00,122.91,123.1,122.83,123.0,87644
2371,2020-09-14 11:45:00,123.0,123.09,122.9,123.02,57086
2372,2020-09-14 12:15:00,123.02,123.09,122.95,123.04,55207
2373,2020-09-14 12:45:00,123.01,123.1,122.88,122.91,69284
2374,2020-09-14 13:15:00,122.97,122.97,122.66,122.78,83961
2375,2020-09-14 13:45:00,122.78,122.92,121.82,122.13,127297
2376,2020-09-14 14:15:00,122.13,122.14,121.52,121.95,162561
2377,2020-09-14 14:45:00,121.9,122.47,121.86,122.06,74433
2378,2020-09-14 15:15:00,122.1,122.11,121.86,122.03,41192
2379,2020-09-15 09:15:00,127.0,127.0,122.13,122.5,168963
2380,2020-09-15 09:45:00,122.5,122.59,122.25,122.55,58900
2381,2020-09-15 10:15:00,122.53,122.55,122.2,122.26,68971
2382,2020-09-15 10:45:00,122.21,122.45,122.1,122.34,50068
2383,2020-09-15 11:15:00,122.34,122.65,122.26,122.55,61705
2384,2020-09-15 11:45:00,122.6,122.74,122.5,122.6,48462
2385,2020-09-15 12:15:00,122.6,122.75,122.53,122.62,36083
2386,2020-09-15 12:45:00,122.63,122.75,122.25,122.38,101990
2387,2020-09-15 13:15:00,122.34,122.68,122.25,122.62,51539
2388,2020-09-15 13:45:00,122.62,122.92,122.55,122.85,162237
2389,2020-09-15 14:15:00,122.85,123.08,122.75,122.9,112549
2390,2020-09-15 14:45:00,122.9,123.08,122.87,123.0,67226
2391,2020-09-15 15:15:00,122.93,123.09,122.84,123.06,148878
2392,2020-09-16 09:15:00,141.3,141.3,120.0,122.94,70435
2393,2020-09-16 09:45:00,122.93,123.09,122.9,123.07,81355
2394,2020-09-16 10:15:00,123.07,123.2,122.98,123.13,69730
2395,2020-09-16 10:45:00,123.16,123.25,123.03,123.09,71111
2396,2020-09-16 11:15:00,123.09,123.25,123.03,123.1,50565
2397,2020-09-16 11:45:00,123.16,123.19,123.02,123.19,58017
2398,2020-09-16 12:15:00,123.12,123.24,123.07,123.24,57328
2399,2020-09-16 12:45:00,123.24,123.48,123.23,123.3,106362
2400,2020-09-16 13:15:00,123.33,123.45,123.18,123.42,125037
2401,2020-09-16 13:45:00,123.42,123.65,123.36,123.61,127036
2402,2020-09-16 14:15:00,123.51,123.69,123.5,123.66,63413
2403,2020-09-16 14:45:00,123.66,123.79,123.54,123.65,198200
2404,2020-09-16 15:15:00,123.66,123.76,123.56,123.71,60784
2405,2020-09-17 09:15:00,125.66,125.66,122.0,123.12,88434
2406,2020-09-17 09:45:00,123.13,123.2,123.05,123.13,37487
2407,2020-09-17 10:15:00,123.13,123.25,123.02,123.25,40433
2408,2020-09-17 10:45:00,123.25,123.25,123.0,123.13,173471
2409,2020-09-17 11:15:00,123.13,123.13,122.7,122.72,64512
2410,2020-09-17 11:45:00,122.72,122.79,122.3,122.58,102666
2411,2020-09-17 12:15:00,122.58,122.7,122.5,122.6,64208
2412,2020-09-17 12:45:00,122.6,122.9,122.56,122.7,87633
2413,2020-09-17 13:15:00,122.62,122.83,122.6,122.65,16266
2414,2020-09-17 13:45:00,122.71,122.84,122.64,122.83,22540
2415,2020-09-17 14:15:00,122.76,123.06,122.75,122.9,54143
2416,2020-09-17 14:45:00,122.94,122.96,122.5,122.79,70066
2417,2020-09-17 15:15:00,122.78,122.85,122.7,122.72,64809
2418,2020-09-18 09:15:00,130.0,130.0,111.7,123.1,97982
2419,2020-09-18 09:45:00,123.17,123.3,123.07,123.15,49365
2420,2020-09-18 10:15:00,123.15,123.2,123.02,123.08,22911
2421,2020-09-18 10:45:00,123.02,123.17,123.01,123.1,26968
2422,2020-09-18 11:15:00,123.1,123.2,123.02,123.16,16576
2423,2020-09-18 11:45:00,123.16,123.3,123.11,123.15,25382
2424,2020-09-18 12:15:00,123.15,123.24,123.11,123.11,15246
2425,2020-09-18 12:45:00,123.16,123.26,123.06,123.18,17319
2426,2020-09-18 13:15:00,123.18,123.29,123.05,123.28,16490
2427,2020-09-18 13:45:00,123.28,123.44,123.28,123.31,62227
2428,2020-09-18 14:15:00,123.3,123.31,122.01,122.38,139202
2429,2020-09-18 14:45:00,122.4,122.8,122.3,122.7,102080
2430,2020-09-18 15:15:00,122.71,122.75,122.55,122.62,39610
2431,2020-09-21 09:15:00,127.4,127.4,118.85,122.51,64894
2432,2020-09-21 09:45:00,122.51,122.51,122.2,122.4,128032
2433,2020-09-21 10:15:00,122.34,122.82,122.3,122.64,70457
2434,2020-09-21 10:45:00,122.64,122.64,122.31,122.4,68247
2435,2020-09-21 11:15:00,122.4,122.5,122.32,122.41,93221
2436,2020-09-21 11:45:00,122.47,122.5,122.3,122.35,97288
2437,2020-09-21 12:15:00,122.35,122.45,121.9,122.0,227570
2438,2020-09-21 12:45:00,122.0,122.0,121.75,121.82,50295
2439,2020-09-21 13:15:00,121.81,121.81,121.4,121.46,112831
2440,2020-09-21 13:45:00,121.46,121.46,120.45,120.6,136727
2441,2020-09-21 14:15:00,120.6,120.62,119.94,120.5,237829
2442,2020-09-21 14:45:00,120.5,120.6,119.82,120.03,337561
2443,2020-09-21 15:15:00,120.03,120.06,119.63,119.92,140447
2444,2020-09-22 09:15:00,115.0,125.0,115.0,118.98,338745
2445,2020-09-22 09:45:00,118.96,119.2,118.3,119.0,196891
2446,2020-09-22 10:15:00,118.97,119.3,118.89,119.14,154080
2447,2020-09-22 10:45:00,119.14,119.15,118.6,118.69,199098
2448,2020-09-22 11:15:00,118.7,119.08,118.5,119.06,55414
2449,2020-09-22 11:45:00,119.08,119.2,118.8,119.01,55485
2450,2020-09-22 12:15:00,119.01,119.36,118.8,119.2,61026
2451,2020-09-22 12:45:00,119.2,119.5,119.05,119.14,55893
2452,2020-09-22 13:15:00,119.14,119.63,119.08,119.6,73645
2453,2020-09-22 13:45:00,119.6,119.88,118.78,118.81,168988
2454,2020-09-22 14:15:00,118.84,119.04,118.5,118.7,104034
2455,2020-09-22 14:45:00,118.7,119.05,118.56,118.87,127468
2456,2020-09-22 15:15:00,118.95,119.23,118.85,118.91,63847
2457,2020-09-23 09:15:00,130.0,130.0,118.45,119.56,111320
2458,2020-09-23 09:45:00,119.56,119.56,119.26,119.44,87767
2459,2020-09-23 10:15:00,119.44,119.72,119.42,119.65,41500
2460,2020-09-23 10:45:00,119.65,119.74,119.56,119.65,24774
2461,2020-09-23 11:15:00,119.65,119.65,119.55,119.6,19327
2462,2020-09-23 11:45:00,119.55,119.65,118.86,118.9,117857
2463,2020-09-23 12:15:00,118.88,119.14,118.59,118.7,73482
2464,2020-09-23 12:45:00,118.66,118.85,118.26,118.74,137492
2465,2020-09-23 13:15:00,118.74,118.84,118.07,118.12,106305
2466,2020-09-23 13:45:00,118.07,118.34,117.8,118.13,194368
2467,2020-09-23 14:15:00,118.09,118.77,117.95,118.48,112816
2468,2020-09-23 14:45:00,118.41,119.1,118.41,119.0,184658
2469,2020-09-23 15:15:00,118.95,119.03,118.85,118.95,79790
2470,2020-09-24 09:15:00,120.0,120.0,116.0,117.46,368417
2471,2020-09-24 09:45:00,117.46,117.59,117.1,117.29,150248
2472,2020-09-24 10:15:00,117.29,117.32,116.8,116.93,214499
2473,2020-09-24 10:45:00,116.93,116.95,116.67,116.79,111248
2474,2020-09-24 11:15:00,116.79,117.0,116.79,116.88,62945
2475,2020-09-24 11:45:00,116.88,116.88,116.52,116.68,103747
2476,2020-09-24 12:15:00,116.68,116.75,116.42,116.58,163104
2477,2020-09-24 12:45:00,116.58,116.9,116.47,116.84,170080
2478,2020-09-24 13:15:00,116.81,116.99,116.53,116.6,150185
2479,2020-09-24 13:45:00,116.57,116.73,116.27,116.49,122133
2480,2020-09-24 14:15:00,116.49,116.65,115.9,116.3,205883
2481,2020-09-24 14:45:00,116.27,116.43,115.6,115.67,435973
2482,2020-09-24 15:15:00,115.67,116.11,115.56,115.76,287393
2483,2020-09-25 09:15:00,116.85,118.0,115.0,116.71,232406
2484,2020-09-25 09:45:00,116.66,116.85,116.04,116.23,162632
2485,2020-09-25 10:15:00,116.29,116.56,115.93,116.28,136015
2486,2020-09-25 10:45:00,116.28,116.65,116.24,116.61,72601
2487,2020-09-25 11:15:00,116.61,116.92,116.46,116.57,80181
2488,2020-09-25 11:45:00,116.61,117.19,116.41,117.16,80248
2489,2020-09-25 12:15:00,117.22,117.5,117.04,117.49,135262
2490,2020-09-25 12:45:00,117.49,117.49,117.17,117.17,110965
2491,2020-09-25 13:15:00,117.17,117.44,117.0,117.2,125810
2492,2020-09-25 13:45:00,117.17,117.59,117.01,117.54,124961
2493,2020-09-25 14:15:00,117.56,117.9,117.5,117.8,84055
2494,2020-09-25 14:45:00,117.82,118.11,117.6,117.98,179549
2495,2020-09-25 15:15:00,117.94,117.99,117.7,117.87,115273
2496,2020-09-28 09:15:00,120.0,120.0,117.91,118.87,294818
2497,2020-09-28 09:45:00,118.85,119.1,118.75,119.02,126097
2498,2020-09-28 10:15:00,119.02,119.19,118.83,119.1,98430
2499,2020-09-28 10:45:00,119.05,119.4,119.01,119.37,84788
2500,2020-09-28 11:15:00,119.37,119.58,119.32,119.4,82156
2501,2020-09-28 11:45:00,119.4,119.48,119.16,119.42,83369
2502,2020-09-28 12:15:00,119.4,119.4,119.18,119.3,40039
2503,2020-09-28 12:45:00,119.21,119.7,119.21,119.58,61881
2504,2020-09-28 13:15:00,119.58,119.59,119.33,119.52,51668
2505,2020-09-28 13:45:00,119.45,119.75,119.43,119.55,73467
2506,2020-09-28 14:15:00,119.59,119.69,119.52,119.64,99973
2507,2020-09-28 14:45:00,119.58,119.82,119.47,119.73,105636
2508,2020-09-28 15:15:00,119.72,119.95,119.6,119.75,108327
2509,2020-09-29 09:15:00,130.0,130.0,119.92,120.25,343225
2510,2020-09-29 09:45:00,120.26,120.35,120.0,120.19,112076
2511,2020-09-29 10:15:00,120.12,120.3,120.01,120.02,247077
2512,2020-09-29 10:45:00,120.02,120.02,119.5,119.6,137736
2513,2020-09-29 11:15:00,119.61,120.15,119.56,120.01,85993
2514,2020-09-29 11:45:00,120.09,120.09,119.8,119.85,24503
2515,2020-09-29 12:15:00,119.85,119.96,119.65,119.7,62043
2516,2020-09-29 12:45:00,119.65,119.84,119.41,119.69,59721
2517,2020-09-29 13:15:00,119.65,119.85,119.54,119.74,33220
2518,2020-09-29 13:45:00,119.74,120.2,119.68,120.0,58713
2519,2020-09-29 14:15:00,120.0,120.45,119.97,120.24,112176
2520,2020-09-29 14:45:00,120.21,120.25,119.65,119.86,148001
2521,2020-09-29 15:15:00,119.88,119.98,119.76,119.94,48516
2522,2020-09-30 09:15:00,122.0,122.42,118.55,119.56,80920
2523,2020-09-30 09:45:00,119.6,119.68,119.38,119.5,138812
2524,2020-09-30 10:15:00,119.53,120.08,119.43,119.86,258092
2525,2020-09-30 10:45:00,119.86,120.09,119.85,119.86,78149
2526,2020-09-30 11:15:00,119.86,119.96,119.38,119.48,77646
2527,2020-09-30 11:45:00,119.48,119.81,119.39,119.7,41462
2528,2020-09-30 12:15:00,119.66,119.95,119.51,119.9,24430
2529,2020-09-30 12:45:00,119.82,120.06,119.71,119.9,31761
2530,2020-09-30 13:15:00,119.86,119.98,119.67,119.84,27549
2531,2020-09-30 13:45:00,119.87,120.15,119.84,120.13,54477
2532,2020-09-30 14:15:00,120.15,120.18,119.84,119.84,74332
2533,2020-09-30 14:45:00,119.9,120.05,119.81,119.9,51215
2534,2020-09-30 15:15:00,119.85,119.99,119.75,119.93,71015
2535,2020-10-01 09:15:00,120.5,121.47,119.72,121.03,400540
2536,2020-10-01 09:45:00,121.0,121.35,120.91,121.22,107152
2537,2020-10-01 10:15:00,121.28,121.4,121.16,121.31,85923
2538,2020-10-01 10:45:00,121.31,121.42,121.26,121.3,76929
2539,2020-10-01 11:15:00,121.32,121.58,121.25,121.5,104636
2540,2020-10-01 11:45:00,121.51,121.57,121.4,121.46,47927
2541,2020-10-01 12:15:00,121.47,121.58,121.3,121.57,100632
2542,2020-10-01 12:45:00,121.57,121.58,121.31,121.4,58962
2543,2020-10-01 13:15:00,121.44,121.5,121.3,121.5,30577
2544,2020-10-01 13:45:00,121.5,121.58,121.3,121.5,88526
2545,2020-10-01 14:15:00,121.53,121.6,121.21,121.27,79725
2546,2020-10-01 14:45:00,121.27,121.65,121.23,121.65,73628
2547,2020-10-01 15:15:00,121.71,121.74,121.51,121.61,166035
2548,2020-10-05 09:15:00,125.0,125.0,120.05,122.75,232874
2549,2020-10-05 09:45:00,122.75,122.79,122.59,122.69,57796
2550,2020-10-05 10:15:00,122.69,122.74,122.52,122.73,80435
2551,2020-10-05 10:45:00,122.67,123.1,122.59,122.79,421090
2552,2020-10-05 11:15:00,122.79,123.02,122.39,122.62,372034
2553,2020-10-05 11:45:00,122.58,122.7,122.35,122.7,202756
2554,2020-10-05 12:15:00,122.66,122.7,122.33,122.47,133165
2555,2020-10-05 12:45:00,122.36,122.49,122.0,122.05,161089
2556,2020-10-05 13:15:00,122.01,122.36,121.85,122.22,195806
2557,2020-10-05 13:45:00,122.22,122.59,122.13,122.55,121130
2558,2020-10-05 14:15:00,122.55,122.9,122.31,122.54,247075
2559,2020-10-05 14:45:00,122.54,122.59,122.3,122.4,141581
2560,2020-10-05 15:15:00,122.42,122.5,122.3,122.38,83348
2561,2020-10-06 09:15:00,124.0,124.0,120.0,123.25,297540
2562,2020-10-06 09:45:00,123.24,123.35,123.02,123.35,86566
2563,2020-10-06 10:15:00,123.35,123.4,123.17,123.35,85968
2564,2020-10-06 10:45:00,123.35,123.38,123.07,123.23,41751
2565,2020-10-06 11:15:00,123.23,123.27,123.12,123.13,35112
2566,2020-10-06 11:45:00,123.16,123.29,123.12,123.26,60446
2567,2020-10-06 12:15:00,123.25,123.39,123.15,123.15,85162
2568,2020-10-06 12:45:00,123.2,123.3,123.08,123.24,31769
2569,2020-10-06 13:15:00,123.21,123.25,123.06,123.19,26093
2570,2020-10-06 13:45:00,123.13,123.37,123.13,123.26,40357
2571,2020-10-06 14:15:00,123.26,123.84,123.22,123.7,181035
2572,2020-10-06 14:45:00,123.7,123.99,123.7,123.98,236507
2573,2020-10-06 15:15:00,123.97,124.2,123.92,124.03,354747
2574,2020-10-07 09:15:00,127.45,127.45,116.6,124.19,325636
2575,2020-10-07 09:45:00,124.2,124.75,124.19,124.71,211604
2576,2020-10-07 10:15:00,124.7,124.89,124.6,124.75,217794
2577,2020-10-07 10:45:00,124.75,124.84,124.43,124.57,133660
2578,2020-10-07 11:15:00,124.55,124.7,124.33,124.68,119602
2579,2020-10-07 11:45:00,124.64,124.76,124.52,124.52,37139
2580,2020-10-07 12:15:00,124.52,124.9,124.52,124.86,72460
2581,2020-10-07 12:45:00,124.86,124.89,124.65,124.72,54726
2582,2020-10-07 13:15:00,124.72,124.87,124.6,124.67,32903
2583,2020-10-07 13:45:00,124.67,124.87,124.52,124.84,71343
2584,2020-10-07 14:15:00,124.84,125.12,124.76,124.98,171036
2585,2020-10-07 14:45:00,125.01,125.01,124.65,124.8,96595
2586,2020-10-07 15:15:00,124.78,125.06,124.73,124.89,100341
2587,2020-10-08 09:15:00,127.0,127.0,123.3,126.15,569581
2588,2020-10-08 09:45:00,126.15,126.22,126.06,126.07,112628
2589,2020-10-08 10:15:00,126.07,126.24,126.05,126.17,83173
2590,2020-10-08 10:45:00,126.2,126.29,126.11,126.29,122235
2591,2020-10-08 11:15:00,126.24,126.39,126.22,126.33,66060
2592,2020-10-08 11:45:00,126.33,126.44,126.21,126.42,156698
2593,2020-10-08 12:15:00,126.42,126.42,126.28,126.3,73787
2594,2020-10-08 12:45:00,126.3,126.44,126.27,126.43,338686
2595,2020-10-08 13:15:00,126.44,126.53,126.31,126.41,117708
2596,2020-10-08 13:45:00,126.41,126.53,125.9,126.12,129566
2597,2020-10-08 14:15:00,126.12,126.2,125.42,125.62,162188
2598,2020-10-08 14:45:00,125.63,125.93,125.51,125.77,75280
2599,2020-10-08 15:15:00,125.85,126.0,125.78,125.91,170575
2600,2020-10-09 09:15:00,130.0,130.0,125.7,125.84,336195
2601,2020-10-09 09:45:00,125.86,126.28,125.74,126.18,203380
2602,2020-10-09 10:15:00,126.18,126.42,126.04,126.35,185830
2603,2020-10-09 10:45:00,126.35,126.85,126.3,126.65,167011
2604,2020-10-09 11:15:00,126.65,126.8,126.58,126.68,49838
2605,2020-10-09 11:45:00,126.68,126.84,126.42,126.44,216680
2606,2020-10-09 12:15:00,126.54,126.63,126.25,126.5,199772
2607,2020-10-09 12:45:00,126.5,126.65,126.4,126.46,59749
2608,2020-10-09 13:15:00,126.52,126.62,126.09,126.34,35704
2609,2020-10-09 13:45:00,126.34,126.78,126.21,126.7,57619
2610,2020-10-09 14:15:00,126.71,127.06,126.62,126.91,285653
2611,2020-10-09 14:45:00,126.98,127.0,126.72,126.9,141183
2612,2020-10-09 15:15:00,126.9,127.2,126.8,126.99,231578
2613,2020-10-12 09:15:00,124.0,128.1,124.0,127.62,541400
2614,2020-10-12 09:45:00,127.66,127.7,127.32,127.5,146691
2615,2020-10-12 10:15:00,127.5,127.54,127.16,127.26,375477
2616,2020-10-12 10:45:00,127.26,127.41,126.94,127.24,214326
2617,2020-10-12 11:15:00,127.23,127.33,127.1,127.25,121907
2618,2020-10-12 11:45:00,127.25,127.4,126.86,126.88,50189
2619,2020-10-12 12:15:00,126.95,127.36,126.75,127.33,63170
2620,2020-10-12 12:45:00,127.32,127.34,126.91,127.0,104164
2621,2020-10-12 13:15:00,126.96,126.96,126.3,126.74,431503
2622,2020-10-12 13:45:00,126.7,127.16,126.51,126.8,129621
2623,2020-10-12 14:15:00,126.82,126.91,126.6,126.85,47403
2624,2020-10-12 14:45:00,126.85,127.08,126.77,127.0,56580
2625,2020-10-12 15:15:00,126.95,127.04,126.87,126.96,98869
2626,2020-10-13 09:15:00,129.0,130.0,126.0,127.2,182019
2627,2020-10-13 09:45:00,127.17,127.33,127.01,127.12,70168
2628,2020-10-13 10:15:00,127.15,127.5,127.14,127.46,355793
2629,2020-10-13 10:45:00,127.46,127.56,127.4,127.49,93676
2630,2020-10-13 11:15:00,127.49,127.49,127.2,127.28,35950
2631,2020-10-13 11:45:00,127.28,127.42,127.13,127.25,50864
2632,2020-10-13 12:15:00,127.22,127.25,126.96,127.0,69518
2633,2020-10-13 12:45:00,127.0,127.0,126.72,127.0,63205
2634,2020-10-13 13:15:00,126.99,127.14,126.92,127.04,40186
2635,2020-10-13 13:45:00,126.96,127.17,126.82,127.14,110927
2636,2020-10-13 14:15:00,127.14,127.23,127.0,127.12,86415
2637,2020-10-13 14:45:00,127.12,127.25,126.97,127.09,173881
2638,2020-10-13 15:15:00,127.09,127.14,126.85,126.96,167806
2639,2020-10-14 09:15:00,127.55,127.55,126.02,126.02,315900
2640,2020-10-14 09:45:00,126.02,126.25,125.97,126.15,156601
2641,2020-10-14 10:15:00,126.1,126.19,126.0,126.17,70515
2642,2020-10-14 10:45:00,126.09,126.24,126.04,126.14,42646
2643,2020-10-14 11:15:00,126.14,126.21,125.8,125.95,172748
2644,2020-10-14 11:45:00,125.95,126.19,125.92,126.08,45250
2645,2020-10-14 12:15:00,126.05,126.5,126.02,126.35,208095
2646,2020-10-14 12:45:00,126.35,126.38,126.07,126.14,107360
2647,2020-10-14 13:15:00,126.2,126.26,126.01,126.12,40996
2648,2020-10-14 13:45:00,126.17,126.36,126.09,126.33,56129
2649,2020-10-14 14:15:00,126.36,126.97,126.3,126.97,159130
2650,2020-10-14 14:45:00,126.99,127.4,126.85,127.34,229169
2651,2020-10-14 15:15:00,127.34,127.69,127.26,127.42,97297
2652,2020-10-15 09:15:00,128.0,128.0,124.0,127.1,430684
2653,2020-10-15 09:45:00,127.09,127.45,127.06,127.29,98292
2654,2020-10-15 10:15:00,127.29,127.29,126.96,127.28,617615
2655,2020-10-15 10:45:00,127.27,127.46,127.18,127.43,116794
2656,2020-10-15 11:15:00,127.42,127.48,126.9,126.94,224220
2657,2020-10-15 11:45:00,126.94,127.18,126.85,127.03,114463
2658,2020-10-15 12:15:00,127.05,127.19,126.92,127.0,123131
2659,2020-10-15 12:45:00,127.08,127.24,126.49,126.61,177481
2660,2020-10-15 13:15:00,126.55,126.76,126.2,126.39,219487
2661,2020-10-15 13:45:00,126.36,126.36,125.0,125.06,658618
2662,2020-10-15 14:15:00,125.06,125.62,125.02,125.23,334773
2663,2020-10-15 14:45:00,125.23,125.41,124.63,124.7,303171
2664,2020-10-15 15:15:00,124.64,124.9,124.6,124.81,261133
2665,2020-10-16 09:15:00,125.44,125.65,125.12,125.3,270641
2666,2020-10-16 09:45:00,125.3,125.3,124.6,125.25,197332
2667,2020-10-16 10:15:00,125.25,125.4,125.1,125.37,122139
2668,2020-10-16 10:45:00,125.37,125.65,125.21,125.6,120325
2669,2020-10-16 11:15:00,125.58,125.65,125.1,125.11,143274
2670,2020-10-16 11:45:00,125.11,125.6,125.0,125.43,182980
2671,2020-10-16 12:15:00,125.35,125.65,125.15,125.65,148004
2672,2020-10-16 12:45:00,125.59,125.76,125.41,125.53,137166
2673,2020-10-16 13:15:00,125.62,125.92,125.42,125.42,184039
2674,2020-10-16 13:45:00,125.47,125.8,125.33,125.65,152213
2675,2020-10-16 14:15:00,125.66,125.8,125.38,125.54,200804
2676,2020-10-16 14:45:00,125.53,125.7,125.5,125.64,134528
2677,2020-10-16 15:15:00,125.65,125.72,125.55,125.62,107550
2678,2020-10-19 09:15:00,130.0,130.0,124.61,126.35,211006
2679,2020-10-19 09:45:00,126.35,126.8,126.35,126.65,197674
2680,2020-10-19 10:15:00,126.65,126.9,126.6,126.86,122902
2681,2020-10-19 10:45:00,126.86,126.88,126.54,126.61,103250
2682,2020-10-19 11:15:00,126.6,126.71,126.39,126.6,121354
2683,2020-10-19 11:45:00,126.62,126.68,126.27,126.49,111403
2684,2020-10-19 12:15:00,126.49,126.68,126.45,126.64,96819
2685,2020-10-19 12:45:00,126.56,126.75,126.45,126.68,92046
2686,2020-10-19 13:15:00,126.68,126.8,126.43,126.58,111300
2687,2020-10-19 13:45:00,126.62,126.81,126.46,126.8,138406
2688,2020-10-19 14:15:00,126.83,126.9,126.6,126.73,176332
2689,2020-10-19 14:45:00,126.71,126.89,126.71,126.76,121112
2690,2020-10-19 15:15:00,126.8,126.99,126.75,126.81,98863
2691,2020-10-20 09:15:00,130.0,130.0,125.25,126.84,225708
2692,2020-10-20 09:45:00,126.77,126.84,126.4,126.68,205618
2693,2020-10-20 10:15:00,126.61,126.75,126.56,126.75,38047
2694,2020-10-20 10:45:00,126.81,126.95,126.63,126.9,61761
2695,2020-10-20 11:15:00,126.93,126.95,126.8,126.87,32524
2696,2020-10-20 11:45:00,126.85,127.08,126.85,126.93,100421
2697,2020-10-21 11:45:00,127.58,127.79,127.5,127.75,60540
2698,2020-10-21 12:15:00,127.75,127.77,127.56,127.6,51072
2699,2020-10-21 12:45:00,127.6,127.65,127.46,127.58,29555
2700,2020-10-21 13:15:00,127.58,127.58,126.0,126.39,309427
2701,2020-10-21 13:45:00,126.37,126.46,125.7,125.7,128557
2702,2020-10-21 14:15:00,125.7,126.1,125.41,126.06,145108
2703,2020-10-21 14:45:00,126.06,127.28,126.05,127.16,364555
2704,2020-10-21 15:15:00,127.15,127.27,126.98,126.98,74045
2705,2020-10-22 09:15:00,128.0,128.0,126.05,126.57,175757
2706,2020-10-22 09:45:00,126.56,126.85,126.5,126.63,78969
2707,2020-10-22 10:15:00,126.63,126.69,126.36,126.46,133285
2708,2020-10-22 10:45:00,126.54,126.83,126.46,126.64,52450
2709,2020-10-22 11:15:00,126.64,126.68,126.39,126.6,49726
2710,2020-10-22 11:45:00,126.6,126.66,126.5,126.63,55429
2711,2020-10-22 12:15:00,126.58,126.65,126.11,126.23,81769
2712,2020-10-22 12:45:00,126.23,126.74,126.18,126.55,46091
2713,2020-10-22 13:15:00,126.49,126.74,126.33,126.33,33528
2714,2020-10-22 13:45:00,126.25,126.9,126.25,126.65,96620
2715,2020-10-22 14:15:00,126.6,126.65,126.0,126.23,132771
2716,2020-10-22 14:45:00,126.23,126.78,126.12,126.76,111936
2717,2020-10-22 15:15:00,126.78,126.79,126.59,126.73,137388
2718,2020-10-23 09:15:00,128.0,128.0,126.73,127.19,152575
2719,2020-10-23 09:45:00,127.19,127.26,127.0,127.18,66904
2720,2020-10-23 10:15:00,127.18,127.24,126.95,127.14,37570
2721,2020-10-23 10:45:00,127.14,127.23,126.9,126.94,62753
2722,2020-10-23 11:15:00,126.94,127.13,126.94,126.96,18544
2723,2020-10-23 11:45:00,127.02,127.02,126.8,126.89,40355
2724,2020-10-23 12:15:00,126.94,127.2,126.89,127.11,74124
2725,2020-10-23 12:45:00,127.11,127.4,127.1,127.25,119801
2726,2020-10-23 13:15:00,127.25,127.3,127.12,127.12,12010
2727,2020-10-23 13:45:00,127.15,127.28,127.1,127.15,31140
2728,2020-10-23 14:15:00,127.11,127.32,127.07,127.32,78527
2729,2020-10-23 14:45:00,127.32,127.34,127.09,127.11,296289
2730,2020-10-23 15:15:00,127.11,127.15,126.88,126.9,108859
2731,2020-10-26 09:15:00,146.2,146.2,125.2,126.65,186484
2732,2020-10-26 09:45:00,126.64,126.82,126.63,126.8,54955
2733,2020-10-26 10:15:00,126.78,126.78,126.61,126.67,36044
2734,2020-10-26 10:45:00,126.74,126.8,126.58,126.6,32783
2735,2020-10-26 11:15:00,126.59,126.59,126.03,126.2,179749
2736,2020-10-26 11:45:00,126.2,126.3,125.88,126.03,112032
2737,2020-10-26 12:15:00,126.01,126.1,125.7,125.86,152708
2738,2020-10-26 12:45:00,125.84,125.84,125.4,125.78,101138
2739,2020-10-26 13:15:00,125.79,126.0,125.58,125.85,185963
2740,2020-10-26 13:45:00,125.86,125.92,125.25,125.35,218920
2741,2020-10-26 14:15:00,125.35,125.68,125.31,125.62,133234
2742,2020-10-26 14:45:00,125.68,125.84,125.58,125.79,137359
2743,2020-10-26 15:15:00,125.76,126.0,125.76,125.81,121443
2744,2020-10-27 09:15:00,109.5,129.99,109.5,125.67,253248
2745,2020-10-27 09:45:00,125.7,125.94,125.68,125.71,91921
2746,2020-10-27 10:15:00,125.75,125.93,125.42,125.9,56133
2747,2020-10-27 10:45:00,125.89,126.14,125.88,125.95,140146
2748,2020-10-27 11:15:00,125.95,126.2,125.8,126.2,109501
2749,2020-10-27 11:45:00,126.21,126.36,126.1,126.29,76517
2750,2020-10-27 12:15:00,126.3,126.34,126.1,126.2,53500
2751,2020-10-27 12:45:00,126.2,126.48,125.92,126.46,52508
2752,2020-10-27 13:15:00,126.46,126.5,126.25,126.3,55358
2753,2020-10-27 13:45:00,126.26,126.4,126.25,126.3,42125
2754,2020-10-27 14:15:00,126.39,126.87,126.32,126.62,156352
2755,2020-10-27 14:45:00,126.62,126.86,126.58,126.84,134641
2756,2020-10-27 15:15:00,126.8,126.9,126.68,126.81,153590
2757,2020-10-28 09:15:00,119.2,145.8,119.2,126.92,135687
2758,2020-10-28 09:45:00,126.83,126.96,126.5,126.76,61976
2759,2020-10-28 10:15:00,126.76,126.88,126.2,126.22,113808
2760,2020-10-28 10:45:00,126.24,126.31,126.06,126.08,75788
2761,2020-10-28 11:15:00,126.1,126.4,126.08,126.32,61695
2762,2020-10-28 11:45:00,126.31,126.38,126.22,126.36,18252
2763,2020-10-28 12:15:00,126.36,126.43,125.46,125.65,326790
2764,2020-10-28 12:45:00,125.66,125.7,125.41,125.54,59700
2765,2020-10-28 13:15:00,125.54,125.8,125.3,125.31,252415
2766,2020-10-28 13:45:00,125.32,125.45,124.94,125.42,347862
2767,2020-10-28 14:15:00,125.42,125.65,125.2,125.6,69929
2768,2020-10-28 14:45:00,125.63,125.65,125.31,125.4,161119
2769,2020-10-28 15:15:00,125.44,125.52,125.3,125.4,102993
2770,2020-10-29 09:15:00,129.5,139.0,124.0,124.77,262341
2771,2020-10-29 09:45:00,124.77,125.16,124.66,125.04,128981
2772,2020-10-29 10:15:00,125.09,125.09,124.5,124.7,126156
2773,2020-10-29 10:45:00,124.76,124.92,124.64,124.88,30565
2774,2020-10-29 11:15:00,124.81,124.9,124.67,124.78,30374
2775,2020-10-29 11:45:00,124.78,125.4,124.71,125.26,90099
2776,2020-10-29 12:15:00,125.26,125.38,124.82,125.07,85089
2777,2020-10-29 12:45:00,125.07,125.22,124.6,124.66,178054
2778,2020-10-29 13:15:00,124.66,125.0,124.5,124.66,90581
2779,2020-10-29 13:45:00,124.66,124.8,124.42,124.76,66836
2780,2020-10-29 14:15:00,124.75,124.75,124.21,124.63,141477
2781,2020-10-29 14:45:00,124.65,124.89,124.52,124.88,130248
2782,2020-10-29 15:15:00,124.89,124.92,124.61,124.92,82182
2783,2020-10-30 09:15:00,130.0,138.0,124.05,125.35,189388
2784,2020-10-30 09:45:00,125.32,125.58,125.21,125.44,71030
2785,2020-10-30 10:15:00,125.36,125.48,125.22,125.28,83273
2786,2020-10-30 10:45:00,125.28,125.28,124.4,124.52,146976
2787,2020-10-30 11:15:00,124.52,124.67,123.74,123.74,232762
2788,2020-10-30 11:45:00,123.8,123.97,123.6,123.72,190855
2789,2020-10-30 12:15:00,123.76,123.85,123.53,123.71,204330
2790,2020-10-30 12:45:00,123.71,123.97,123.4,123.85,123918
2791,2020-10-30 13:15:00,123.85,124.19,123.66,124.1,58954
2792,2020-10-30 13:45:00,124.13,124.45,123.89,124.15,81617
2793,2020-10-30 14:15:00,124.15,124.45,124.0,124.32,60434
2794,2020-10-30 14:45:00,124.32,124.57,124.2,124.57,116863
2795,2020-10-30 15:15:00,124.57,124.78,124.5,124.57,133851
2796,2020-11-02 09:15:00,127.69,127.69,123.4,123.95,275010
2797,2020-11-02 09:45:00,123.97,124.0,123.62,123.86,122330
2798,2020-11-02 10:15:00,123.86,124.39,123.81,124.29,66733
2799,2020-11-02 10:45:00,124.32,124.32,123.94,124.19,153474
2800,2020-11-02 11:15:00,124.19,124.35,123.93,124.12,185350
2801,2020-11-02 11:45:00,124.12,124.2,123.85,123.88,88298
2802,2020-11-02 12:15:00,123.88,123.89,123.59,123.84,146663
2803,2020-11-02 12:45:00,123.84,123.97,123.75,123.95,56795
2804,2020-11-02 13:15:00,123.85,124.11,123.76,123.94,84174
2805,2020-11-02 13:45:00,123.88,124.45,123.81,124.19,356652
2806,2020-11-02 14:15:00,124.2,125.01,124.11,124.79,266545
2807,2020-11-02 14:45:00,124.82,124.82,124.13,124.2,141602
2808,2020-11-02 15:15:00,124.2,124.45,124.01,124.37,81635
2809,2020-11-03 09:15:00,126.0,126.0,124.05,125.5,161733
2810,2020-11-03 09:45:00,125.5,125.52,125.1,125.5,88917
2811,2020-11-03 10:15:00,125.5,125.79,125.4,125.77,206480
2812,2020-11-03 10:45:00,125.75,125.87,125.5,125.55,75291
2813,2020-11-03 11:15:00,125.52,125.9,125.45,125.88,70470
2814,2020-11-03 11:45:00,125.82,126.02,125.7,125.9,147877
2815,2020-11-03 12:15:00,125.93,125.93,125.7,125.88,36924
2816,2020-11-03 12:45:00,125.88,126.1,125.79,125.98,94793
2817,2020-11-03 13:15:00,125.98,126.08,125.75,125.94,65615
2818,2020-11-03 13:45:00,125.94,126.07,125.82,125.9,32949
2819,2020-11-03 14:15:00,125.83,125.96,125.61,125.82,44465
2820,2020-11-03 14:45:00,125.89,126.0,125.8,125.96,103656
2821,2020-11-03 15:15:00,125.96,126.24,125.9,126.13,148239
2822,2020-11-04 09:15:00,139.0,139.0,114.7,126.8,185110
2823,2020-11-04 09:45:00,126.84,126.99,126.4,126.4,114791
2824,2020-11-04 10:15:00,126.35,126.48,125.96,126.43,85769
2825,2020-11-04 10:45:00,126.42,126.5,126.2,126.45,52136
2826,2020-11-04 11:15:00,126.37,126.63,126.24,126.63,36339
2827,2020-11-04 11:45:00,126.63,126.9,126.52,126.74,74645
2828,2020-11-04 12:15:00,126.67,126.92,126.57,126.84,157201
2829,2020-11-04 12:45:00,126.8,126.84,125.59,125.9,263918
2830,2020-11-04 13:15:00,125.8,126.19,125.3,125.95,201578
2831,2020-11-04 13:45:00,126.06,126.67,125.95,126.45,168166
2832,2020-11-04 14:15:00,126.54,127.05,126.45,126.8,168677
2833,2020-11-04 14:45:00,126.81,127.2,126.8,127.1,139600
2834,2020-11-04 15:15:00,127.0,127.16,126.85,127.03,72195
2835,2020-11-05 09:15:00,133.0,133.0,127.51,128.45,440323
2836,2020-11-05 09:45:00,128.45,128.6,128.27,128.6,176899
2837,2020-11-05 10:15:00,128.55,128.9,128.51,128.55,150775
2838,2020-11-05 10:45:00,128.52,128.71,128.41,128.63,104951
2839,2020-11-05 11:15:00,128.63,128.75,128.51,128.56,49355
2840,2020-11-05 11:45:00,128.56,128.73,128.5,128.61,45254
2841,2020-11-05 12:15:00,128.68,128.89,128.53,128.85,112503
2842,2020-11-05 12:45:00,128.8,129.09,128.73,128.96,148872
2843,2020-11-05 13:15:00,129.0,129.0,128.71,128.85,58679
2844,2020-11-05 13:45:00,128.8,128.87,128.66,128.72,139199
2845,2020-11-05 14:15:00,128.8,129.08,128.73,128.86,103463
2846,2020-11-05 14:45:00,128.86,129.18,128.85,129.12,127576
2847,2020-11-05 15:15:00,129.2,129.23,129.06,129.12,139225
2848,2020-11-06 09:15:00,129.0,129.72,126.51,129.69,543411
2849,2020-11-06 09:45:00,129.69,130.03,129.65,129.9,247002
2850,2020-11-06 10:15:00,129.93,129.95,129.74,129.84,135692
2851,2020-11-06 10:45:00,129.84,129.88,129.42,129.75,73488
2852,2020-11-06 11:15:00,129.81,129.95,129.65,129.93,70032
2853,2020-11-06 11:45:00,129.93,130.1,129.8,129.98,87128
2854,2020-11-06 12:15:00,129.98,130.25,129.92,130.2,105711
2855,2020-11-06 12:45:00,130.2,130.55,130.12,130.45,147518
2856,2020-11-06 13:15:00,130.45,130.58,130.23,130.48,96022
2857,2020-11-06 13:45:00,130.48,130.68,130.39,130.6,45685
2858,2020-11-06 14:15:00,130.6,130.6,130.0,130.18,235018
2859,2020-11-06 14:45:00,130.25,130.65,130.2,130.6,151902
2860,2020-11-06 15:15:00,130.68,130.8,130.51,130.61,151610
2861,2020-11-09 09:15:00,132.0,133.0,131.16,132.4,412472
2862,2020-11-09 09:45:00,132.4,132.55,132.27,132.45,125485
2863,2020-11-09 10:15:00,132.45,132.46,132.18,132.28,73635
2864,2020-11-09 10:45:00,132.24,132.35,132.01,132.12,98099
2865,2020-11-09 11:15:00,132.19,132.19,131.76,131.92,106124
2866,2020-11-09 11:45:00,131.88,132.1,131.77,131.86,52522
2867,2020-11-09 12:15:00,131.87,132.1,131.86,132.08,40122
2868,2020-11-09 12:45:00,132.1,132.2,131.92,132.09,60459
2869,2020-11-09 13:15:00,132.14,132.38,132.08,132.34,83708
2870,2020-11-09 13:45:00,132.25,132.44,132.2,132.4,60894
2871,2020-11-09 14:15:00,132.44,132.7,132.33,132.58,186927
2872,2020-11-09 14:45:00,132.56,132.89,132.52,132.75,155569
2873,2020-11-09 15:15:00,132.75,132.89,132.69,132.73,119561
2874,2020-11-10 09:15:00,144.7,144.7,132.94,133.35,773092
2875,2020-11-10 09:45:00,133.37,133.82,133.29,133.78,218196
2876,2020-11-10 10:15:00,133.75,133.82,133.5,133.74,93281
2877,2020-11-10 10:45:00,133.78,134.19,133.66,134.04,170617
2878,2020-11-10 11:15:00,134.0,134.16,133.74,133.96,89606
2879,2020-11-10 11:45:00,133.96,134.0,133.63,133.9,236121
2880,2020-11-10 12:15:00,133.9,134.05,133.86,134.05,158799
2881,2020-11-10 12:45:00,134.05,134.48,134.0,134.32,175206
2882,2020-11-10 13:15:00,134.32,134.38,134.07,134.26,75278
2883,2020-11-10 13:45:00,134.3,134.48,133.62,133.62,243197
2884,2020-11-10 14:15:00,133.62,134.28,133.5,134.22,165449
2885,2020-11-10 14:45:00,134.26,134.78,134.22,134.61,289222
2886,2020-11-10 15:15:00,134.57,134.95,134.57,134.81,156095
2887,2020-11-11 09:15:00,154.9,154.9,122.6,135.92,534695
2888,2020-11-11 09:45:00,135.92,136.0,135.65,135.68,113519
2889,2020-11-11 10:15:00,135.7,135.76,135.42,135.62,100527
2890,2020-11-11 10:45:00,135.63,135.76,134.85,134.85,138707
2891,2020-11-11 11:15:00,134.81,134.93,134.34,134.61,216483
2892,2020-11-11 11:45:00,134.68,134.99,134.24,134.9,128711
2893,2020-11-11 12:15:00,134.91,135.08,134.6,134.98,98298
2894,2020-11-11 12:45:00,134.98,135.0,134.61,134.66,145515
2895,2020-11-11 13:15:00,134.68,134.98,134.11,134.97,199904
2896,2020-11-11 13:45:00,134.96,135.6,134.77,135.5,216036
2897,2020-11-11 14:15:00,135.55,135.87,135.4,135.8,216035
2898,2020-11-11 14:45:00,135.75,135.96,135.6,135.8,394830
2899,2020-11-11 15:15:00,135.78,136.03,135.78,136.0,123411
2900,2020-11-12 09:15:00,144.7,144.7,135.1,135.21,249616
2901,2020-11-12 09:45:00,135.2,135.44,135.06,135.34,84616
2902,2020-11-12 10:15:00,135.34,135.35,135.02,135.12,74790
2903,2020-11-12 10:45:00,135.04,135.31,135.04,135.2,52748
2904,2020-11-12 11:15:00,135.15,135.3,135.05,135.26,39263
2905,2020-11-12 11:45:00,135.26,135.3,135.16,135.3,52970
2906,2020-11-12 12:15:00,135.3,135.61,135.01,135.4,103503
2907,2020-11-12 12:45:00,135.4,135.48,135.18,135.34,130958
2908,2020-11-12 13:15:00,135.34,135.34,134.65,134.75,288720
2909,2020-11-12 13:45:00,134.75,135.39,134.67,135.2,125419
2910,2020-11-12 14:15:00,135.28,135.28,134.74,134.88,80715
2911,2020-11-12 14:45:00,134.88,135.28,134.78,135.17,84516
2912,2020-11-12 15:15:00,135.24,135.5,135.15,135.26,98044
2913,2020-11-13 09:15:00,140.0,140.0,130.0,134.48,193665
2914,2020-11-13 09:45:00,134.47,134.82,134.47,134.76,86932
2915,2020-11-13 10:15:00,134.76,135.61,134.72,135.3,201616
2916,2020-11-13 10:45:00,135.3,135.5,135.16,135.36,69518
2917,2020-11-13 11:15:00,135.44,135.44,135.06,135.25,270285
2918,2020-11-13 11:45:00,135.3,135.5,135.2,135.46,121841
2919,2020-11-13 12:15:00,135.41,135.45,135.15,135.17,77578
2920,2020-11-13 12:45:00,135.16,135.44,135.06,135.37,58816
2921,2020-11-13 13:15:00,135.31,135.42,135.14,135.29,57077
2922,2020-11-13 13:45:00,135.26,135.6,135.22,135.48,138646
2923,2020-11-13 14:15:00,135.41,135.5,135.3,135.49,39649
2924,2020-11-13 14:45:00,135.49,135.86,135.43,135.84,123608
2925,2020-11-13 15:15:00,135.8,135.91,135.75,135.79,236378
2926,2020-11-14 18:15:00,140.0,140.0,123.6,136.34,704223
2927,2020-11-14 18:45:00,136.34,136.5,136.16,136.5,197503
2928,2020-11-14 19:15:00,136.5,136.5,136.4,136.4,34
2929,2020-11-17 09:15:00,154.88,154.88,136.51,137.4,558882
2930,2020-11-17 09:45:00,137.43,137.65,137.36,137.61,135530
2931,2020-11-17 10:15:00,137.61,137.61,137.01,137.05,755442
2932,2020-11-17 10:45:00,137.05,137.27,136.98,137.13,99148
2933,2020-11-17 11:15:00,137.12,137.21,136.9,137.2,64202
2934,2020-11-17 11:45:00,137.2,137.28,136.98,137.15,156101
2935,2020-11-17 12:15:00,137.15,137.24,136.97,137.18,104049
2936,2020-11-17 12:45:00,137.12,137.27,137.09,137.09,107993
2937,2020-11-17 13:15:00,137.2,137.4,137.06,137.39,81815
2938,2020-11-17 13:45:00,137.31,137.39,137.18,137.28,29125
2939,2020-11-17 14:15:00,137.35,137.39,137.05,137.18,54403
2940,2020-11-17 14:45:00,137.18,137.49,137.18,137.4,282857
2941,2020-11-17 15:15:00,137.4,137.53,137.32,137.39,67928
2942,2020-11-18 09:15:00,136.0,149.88,136.0,137.26,146418
2943,2020-11-18 09:45:00,137.29,137.46,137.26,137.32,47928
2944,2020-11-18 10:15:00,137.35,137.42,137.21,137.26,230537
2945,2020-11-18 10:45:00,137.3,137.39,137.08,137.1,188394
2946,2020-11-18 11:15:00,137.1,137.18,136.9,137.01,101366
2947,2020-11-18 11:45:00,137.1,137.2,137.0,137.09,33005
2948,2020-11-18 12:15:00,137.09,137.19,136.91,136.96,49770
2949,2020-11-18 12:45:00,137.06,137.3,136.93,137.25,55525
2950,2020-11-18 13:15:00,137.21,137.3,137.15,137.26,127337
2951,2020-11-18 13:45:00,137.3,137.85,137.26,137.64,308875
2952,2020-11-18 14:15:00,137.65,137.78,137.48,137.7,394609
2953,2020-11-18 14:45:00,137.65,137.98,137.62,137.95,127914
2954,2020-11-18 15:15:00,137.88,138.0,137.82,137.9,119455
2955,2020-11-19 09:15:00,120.0,143.88,120.0,137.8,235420
2956,2020-11-19 09:45:00,137.8,138.0,137.6,137.96,219493
2957,2020-11-19 10:15:00,137.96,138.03,137.8,137.81,251166
2958,2020-11-19 10:45:00,137.85,137.88,137.54,137.8,67844
2959,2020-11-19 11:15:00,137.75,137.95,137.75,137.93,144012
2960,2020-11-19 11:45:00,137.93,137.94,137.76,137.89,53797
2961,2020-11-19 12:15:00,137.89,138.05,137.78,137.92,251648
2962,2020-11-19 12:45:00,137.92,137.96,137.5,137.61,122717
2963,2020-11-19 13:15:00,137.6,137.72,137.22,137.46,121583
2964,2020-11-19 13:45:00,137.41,137.46,137.0,137.05,148804
2965,2020-11-19 14:15:00,137.1,137.1,135.9,136.78,274800
2966,2020-11-19 14:45:00,136.86,136.86,136.17,136.25,219514
2967,2020-11-19 15:15:00,136.25,136.4,136.01,136.25,132913
2968,2020-11-20 09:15:00,137.0,137.0,135.0,136.66,210971
2969,2020-11-20 09:45:00,136.66,136.73,136.3,136.73,75974
2970,2020-11-20 10:15:00,136.73,136.86,136.25,136.25,425273
2971,2020-11-20 10:45:00,136.25,136.48,135.9,135.97,198953
2972,2020-11-20 11:15:00,135.97,136.1,135.72,135.98,73067
2973,2020-11-20 11:45:00,135.98,136.3,135.8,136.2,72458
2974,2020-11-20 12:15:00,136.2,136.29,135.91,135.96,49198
2975,2020-11-20 12:45:00,136.0,136.55,135.92,136.51,90275
2976,2020-11-20 13:15:00,136.53,136.55,136.13,136.52,49940
2977,2020-11-20 13:45:00,136.56,137.27,136.56,137.08,150443
2978,2020-11-20 14:15:00,137.08,137.33,136.8,137.03,59908
2979,2020-11-20 14:45:00,137.03,137.2,136.94,137.05,56558
2980,2020-11-20 15:15:00,137.05,137.11,136.81,137.0,84436
2981,2020-11-23 09:15:00,149.0,149.0,137.1,137.28,396537
2982,2020-11-23 09:45:00,137.24,137.5,136.92,137.16,127023
2983,2020-11-23 10:15:00,137.2,137.35,136.96,137.05,73001
2984,2020-11-23 10:45:00,137.05,137.2,136.62,137.16,83235
2985,2020-11-23 11:15:00,137.16,137.62,137.09,137.26,337755
2986,2020-11-23 11:45:00,137.36,137.45,137.1,137.18,62338
2987,2020-11-23 12:15:00,137.18,137.59,137.16,137.5,192161
2988,2020-11-23 12:45:00,137.5,137.66,137.3,137.36,76517
2989,2020-11-23 13:15:00,137.44,137.9,137.36,137.85,130398
2990,2020-11-23 13:45:00,137.85,138.14,137.8,137.95,212532
2991,2020-11-23 14:15:00,137.95,138.04,137.69,137.85,113346
2992,2020-11-23 14:45:00,137.85,137.99,137.7,137.83,134567
2993,2020-11-23 15:15:00,137.83,138.04,137.59,137.76,48329
2994,2020-11-24 09:15:00,147.88,147.88,129.5,138.56,340997
2995,2020-11-24 09:45:00,138.56,138.9,138.5,138.77,537520
2996,2020-11-24 10:15:00,138.82,138.95,138.7,138.8,104643
2997,2020-11-24 10:45:00,138.8,138.88,138.68,138.7,85819
2998,2020-11-24 11:15:00,138.73,138.75,138.52,138.73,83586
2999,2020-11-24 11:45:00,138.73,138.78,138.61,138.75,30956
3000,2020-11-24 12:15:00,138.66,138.8,138.65,138.68,45744
3001,2020-11-24 12:45:00,138.68,138.92,138.65,138.86,162611
3002,2020-11-24 13:15:00,138.78,139.0,138.71,138.9,158118
3003,2020-11-24 13:45:00,138.98,139.04,138.84,138.95,240787
3004,2020-11-24 14:15:00,138.98,139.25,138.95,139.16,489218
3005,2020-11-24 14:45:00,139.16,139.25,139.0,139.25,221514
3006,2020-11-24 15:15:00,139.21,139.73,139.2,139.38,226065
3007,2020-11-25 09:15:00,154.74,154.74,138.0,139.97,255324
3008,2020-11-25 09:45:00,139.97,140.0,139.8,139.8,105460
3009,2020-11-25 10:15:00,139.82,139.82,139.0,139.02,115792
3010,2020-11-25 10:45:00,139.06,139.3,138.7,139.0,193439
3011,2020-11-25 11:15:00,138.91,139.14,138.69,138.71,226652
3012,2020-11-25 11:45:00,138.71,139.05,138.7,138.8,96416
3013,2020-11-25 12:15:00,138.81,139.1,138.66,139.1,208219
3014,2020-11-25 12:45:00,139.06,139.25,138.96,139.24,90453
3015,2020-11-25 13:15:00,139.21,139.22,138.82,139.08,83019
3016,2020-11-25 13:45:00,139.08,139.18,137.4,137.57,229859
3017,2020-11-25 14:15:00,137.54,137.96,137.4,137.55,213932
3018,2020-11-25 14:45:00,137.55,137.69,137.24,137.35,290757
3019,2020-11-25 15:15:00,137.35,137.6,137.2,137.39,151747
3020,2020-11-26 09:15:00,144.0,144.0,137.21,137.23,120933
3021,2020-11-26 09:45:00,137.25,137.25,136.8,137.06,342357
3022,2020-11-26 10:15:00,137.06,137.38,137.0,137.3,85301
3023,2020-11-26 10:45:00,137.3,137.44,137.23,137.29,81530
3024,2020-11-26 11:15:00,137.25,137.29,136.9,137.0,488496
3025,2020-11-26 11:45:00,137.0,137.0,136.6,136.72,144442
3026,2020-11-26 12:15:00,136.66,137.05,136.66,136.95,188421
3027,2020-11-26 12:45:00,136.95,137.6,136.95,137.45,1312125
3028,2020-11-26 13:15:00,137.45,137.7,137.27,137.48,462649
3029,2020-11-26 13:45:00,137.44,137.8,137.1,137.7,1009643
3030,2020-11-26 14:15:00,137.7,137.85,137.35,137.71,2201184
3031,2020-11-26 14:45:00,137.77,138.39,137.4,138.35,1093444
3032,2020-11-26 15:15:00,138.35,138.72,138.23,138.24,159031
3033,2020-11-27 09:15:00,150.0,150.0,133.04,138.24,243554
3034,2020-11-27 09:45:00,138.24,138.54,138.05,138.29,137651
3035,2020-11-27 10:15:00,138.29,138.5,138.15,138.2,53783
3036,2020-11-27 10:45:00,138.16,138.34,138.11,138.15,29072
3037,2020-11-27 11:15:00,138.11,138.4,138.06,138.33,45483
3038,2020-11-27 11:45:00,138.38,138.64,138.34,138.54,60028
3039,2020-11-27 12:15:00,138.56,138.99,138.44,138.9,53336
3040,2020-11-27 12:45:00,138.9,138.95,138.37,138.4,83955
3041,2020-11-27 13:15:00,138.35,138.8,138.25,138.61,78332
3042,2020-11-27 13:45:00,138.67,138.77,138.29,138.42,149606
3043,2020-11-27 14:15:00,138.47,138.66,138.19,138.19,72089
3044,2020-11-27 14:45:00,138.19,138.6,137.84,138.42,141593
3045,2020-11-27 15:15:00,138.42,138.53,138.1,138.38,125102
3046,2020-12-01 09:15:00,149.7,149.7,133.1,138.69,226467
3047,2020-12-01 09:45:00,138.66,138.89,138.52,138.8,146939
3048,2020-12-01 10:15:00,138.87,139.3,138.8,139.29,145224
3049,2020-12-01 10:45:00,139.29,139.43,139.27,139.42,97758
3050,2020-12-01 11:15:00,139.43,139.43,139.2,139.39,53560
3051,2020-12-01 11:45:00,139.31,139.5,139.25,139.28,102280
3052,2020-12-01 12:15:00,139.28,139.5,139.06,139.2,100637
3053,2020-12-01 12:45:00,139.2,139.5,139.11,139.38,54961
3054,2020-12-01 13:15:00,139.38,139.59,139.27,139.44,55748
3055,2020-12-01 13:45:00,139.44,139.84,139.38,139.8,65855
3056,2020-12-01 14:15:00,139.84,139.84,139.64,139.7,87144
3057,2020-12-01 14:45:00,139.71,139.9,139.65,139.75,158634
3058,2020-12-01 15:15:00,139.78,139.9,139.6,139.79,156819
3059,2020-12-02 09:15:00,154.0,154.0,139.42,139.72,178435
3060,2020-12-02 09:45:00,139.72,139.8,139.36,139.4,64105
3061,2020-12-02 10:15:00,139.5,139.59,139.3,139.52,41499
3062,2020-12-02 10:45:00,139.55,139.72,139.51,139.63,49668
3063,2020-12-02 11:15:00,139.63,139.67,139.25,139.46,79159
3064,2020-12-02 11:45:00,139.46,139.6,139.35,139.5,28907
3065,2020-12-02 12:15:00,139.51,139.88,139.51,139.84,71148
3066,2020-12-02 12:45:00,139.84,139.84,139.0,139.18,112741
3067,2020-12-02 13:15:00,139.17,139.26,138.65,138.86,79995
3068,2020-12-02 13:45:00,138.83,139.19,138.6,138.98,114286
3069,2020-12-02 14:15:00,138.92,139.38,138.77,139.38,109341
3070,2020-12-02 14:45:00,139.43,140.09,139.43,140.0,222748
3071,2020-12-02 15:15:00,140.0,140.03,139.76,139.96,50998
3072,2020-12-03 09:15:00,141.23,143.0,140.0,140.14,228233
3073,2020-12-03 09:45:00,140.14,140.4,140.1,140.25,152164
3074,2020-12-03 10:15:00,140.3,140.6,140.25,140.42,84093
3075,2020-12-03 10:45:00,140.45,140.5,140.16,140.42,68490
3076,2020-12-03 11:15:00,140.42,140.44,139.98,140.29,110151
3077,2020-12-03 11:45:00,140.34,140.4,140.1,140.34,232670
3078,2020-12-03 12:15:00,140.34,140.34,140.0,140.21,51783
3079,2020-12-03 12:45:00,140.28,140.35,140.0,140.14,61634
3080,2020-12-03 13:15:00,140.2,140.3,140.02,140.18,29077
3081,2020-12-03 13:45:00,140.14,140.4,140.06,140.21,42201
3082,2020-12-03 14:15:00,140.21,140.25,139.91,140.1,118432
3083,2020-12-03 14:45:00,140.1,140.23,140.02,140.03,97819
3084,2020-12-03 15:15:00,140.02,140.2,140.02,140.12,67281
3085,2020-12-04 09:15:00,143.2,143.2,139.95,140.74,205258
3086,2020-12-04 09:45:00,140.73,140.9,140.62,140.9,91670
3087,2020-12-04 10:15:00,140.9,141.1,140.84,141.05,132650
3088,2020-12-04 10:45:00,141.0,141.12,140.92,141.0,81397
3089,2020-12-04 11:15:00,141.04,141.05,140.62,140.82,46710
3090,2020-12-04 11:45:00,140.82,140.86,140.7,140.75,17494
3091,2020-12-04 12:15:00,140.8,140.82,140.55,140.67,36240
3092,2020-12-04 12:45:00,140.67,140.67,140.3,140.64,76466
3093,2020-12-04 13:15:00,140.64,140.87,140.48,140.87,63689
3094,2020-12-04 13:45:00,140.87,140.92,140.58,140.62,28984
3095,2020-12-04 14:15:00,140.62,141.02,140.6,141.02,75570
3096,2020-12-04 14:45:00,141.04,141.28,140.96,141.26,204071
3097,2020-12-04 15:15:00,141.25,141.5,141.22,141.27,90700
3098,2020-12-07 09:15:00,143.0,143.0,140.5,141.75,407608
3099,2020-12-07 09:45:00,141.76,141.95,141.65,141.75,111652
3100,2020-12-07 10:15:00,141.7,141.8,141.54,141.79,91345
3101,2020-12-07 10:45:00,141.75,141.93,141.55,141.6,707422
3102,2020-12-07 11:15:00,141.65,141.7,141.55,141.6,34393
3103,2020-12-07 11:45:00,141.6,141.99,141.54,141.97,125649
3104,2020-12-07 12:15:00,141.97,142.1,141.79,141.98,95316
3105,2020-12-07 12:45:00,141.97,142.12,141.91,142.08,42986
3106,2020-12-07 13:15:00,142.08,142.18,141.72,141.77,98412
3107,2020-12-07 13:45:00,141.75,142.05,141.64,141.86,274828
3108,2020-12-07 14:15:00,141.85,142.04,141.7,141.95,42089
3109,2020-12-07 14:45:00,141.95,142.4,141.91,142.32,136199
3110,2020-12-07 15:15:00,142.32,142.39,142.15,142.29,96402
3111,2020-12-08 09:15:00,154.0,154.0,141.3,142.95,251430
3112,2020-12-08 09:45:00,142.95,143.09,142.88,142.95,127158
3113,2020-12-08 10:15:00,142.99,143.06,142.82,142.9,67109
3114,2020-12-08 10:45:00,142.85,142.91,142.36,142.61,206098
3115,2020-12-08 11:15:00,142.61,142.66,142.0,142.26,159034
3116,2020-12-08 11:45:00,142.27,142.5,142.14,142.3,48159
3117,2020-12-08 12:15:00,142.27,142.61,142.05,142.58,175113
3118,2020-12-08 12:45:00,142.49,142.71,142.39,142.66,119138
3119,2020-12-08 13:15:00,142.67,142.87,142.6,142.85,111728
3120,2020-12-08 13:45:00,142.81,142.88,142.66,142.78,44317
3121,2020-12-08 14:15:00,142.75,143.13,142.75,143.02,96869
3122,2020-12-08 14:45:00,143.02,143.04,142.74,142.79,116484
3123,2020-12-08 15:15:00,142.9,142.91,142.63,142.83,65581
3124,2020-12-09 09:15:00,146.0,146.0,140.5,143.5,195155
3125,2020-12-09 09:45:00,143.5,143.55,143.41,143.55,224255
3126,2020-12-09 10:15:00,143.55,143.69,143.53,143.6,87529
3127,2020-12-09 10:45:00,143.55,143.75,143.5,143.72,69706
3128,2020-12-09 11:15:00,143.72,143.81,143.64,143.77,36034
3129,2020-12-09 11:45:00,143.8,143.89,143.69,143.82,46051
3130,2020-12-09 12:15:00,143.82,143.82,143.59,143.68,27646
3131,2020-12-09 12:45:00,143.6,143.85,143.6,143.75,74220
3132,2020-12-09 13:15:00,143.84,144.0,143.75,143.99,98001
3133,2020-12-09 13:45:00,143.99,144.25,143.92,144.25,127802
3134,2020-12-09 14:15:00,144.25,144.55,144.23,144.41,285479
3135,2020-12-09 14:45:00,144.41,144.46,144.16,144.46,123601
3136,2020-12-09 15:15:00,144.46,144.57,144.29,144.57,95022
3137,2020-12-10 09:15:00,154.0,154.0,143.05,143.35,307089
3138,2020-12-10 09:45:00,143.35,143.35,143.0,143.15,78340
3139,2020-12-10 10:15:00,143.15,143.42,143.06,143.32,151133
3140,2020-12-10 10:45:00,143.37,143.6,143.31,143.58,101792
3141,2020-12-10 11:15:00,143.52,143.58,143.15,143.29,97802
3142,2020-12-10 11:45:00,143.29,143.34,143.1,143.25,37395
3143,2020-12-10 12:15:00,143.21,143.36,143.12,143.35,37863
3144,2020-12-10 12:45:00,143.3,143.5,143.23,143.42,45145
3145,2020-12-10 13:15:00,143.42,143.55,143.11,143.33,172024
3146,2020-12-10 13:45:00,143.33,143.53,143.26,143.4,28163
3147,2020-12-10 14:15:00,143.4,143.85,143.3,143.78,199791
3148,2020-12-10 14:45:00,143.78,143.97,143.53,143.63,118872
3149,2020-12-10 15:15:00,143.65,144.09,143.52,144.02,165633
3150,2020-12-11 09:15:00,148.0,148.0,143.1,144.4,286484
3151,2020-12-11 09:45:00,144.42,144.45,144.25,144.4,72127
3152,2020-12-11 10:15:00,144.44,144.6,144.4,144.54,63919
3153,2020-12-11 10:45:00,144.54,144.58,144.5,144.53,89238
3154,2020-12-11 11:15:00,144.53,144.54,144.27,144.4,100938
3155,2020-12-11 11:45:00,144.42,144.5,144.29,144.5,27216
3156,2020-12-11 12:15:00,144.52,144.68,144.4,144.58,55383
3157,2020-12-11 12:45:00,144.68,144.71,144.51,144.59,94715
3158,2020-12-11 13:15:00,144.52,144.6,144.01,144.24,241141
3159,2020-12-11 13:45:00,144.14,144.28,143.21,143.27,138431
3160,2020-12-11 14:15:00,143.25,143.67,142.8,143.54,207580
3161,2020-12-11 14:45:00,143.5,143.99,143.36,143.99,82066
3162,2020-12-11 15:15:00,143.99,144.08,143.8,143.93,97722
3163,2020-12-14 09:15:00,144.99,145.7,144.0,144.59,281976
3164,2020-12-14 09:45:00,144.6,144.63,143.83,144.16,544033
3165,2020-12-14 10:15:00,144.16,144.33,144.03,144.11,68357
3166,2020-12-14 10:45:00,144.11,144.25,143.97,144.12,59091
3167,2020-12-14 11:15:00,144.05,144.19,143.9,144.06,57889
3168,2020-12-14 11:45:00,144.06,144.19,143.93,144.07,83151
3169,2020-12-14 12:15:00,144.07,144.28,144.07,144.1,41092
3170,2020-12-14 12:45:00,144.08,144.21,143.45,144.18,349852
3171,2020-12-14 13:15:00,144.25,144.25,143.95,144.23,188883
3172,2020-12-14 13:45:00,144.23,144.35,144.09,144.29,225768
3173,2020-12-14 14:15:00,144.29,144.46,144.11,144.22,105528
3174,2020-12-14 14:45:00,144.22,144.45,144.2,144.44,196149
3175,2020-12-14 15:15:00,144.44,144.45,144.25,144.32,52184
3176,2020-12-15 09:15:00,146.0,146.0,143.65,143.84,522524
3177,2020-12-15 09:45:00,143.92,143.95,143.4,143.48,114259
3178,2020-12-15 10:15:00,143.52,143.72,143.48,143.55,56328
3179,2020-12-15 10:45:00,143.55,143.8,143.45,143.78,47660
3180,2020-12-15 11:15:00,143.78,143.94,143.68,143.94,41012
3181,2020-12-15 11:45:00,143.94,144.1,143.85,144.08,48732
3182,2020-12-15 12:15:00,144.08,144.13,143.93,143.93,40138
3183,2020-12-15 12:45:00,144.0,144.35,143.95,144.29,62274
3184,2020-12-15 13:15:00,144.29,144.35,144.01,144.21,132106
3185,2020-12-15 13:45:00,144.21,144.79,144.15,144.75,149732
3186,2020-12-15 14:15:00,144.75,144.85,144.55,144.58,127913
3187,2020-12-15 14:45:00,144.61,144.73,144.5,144.61,164102
3188,2020-12-15 15:15:00,144.61,144.77,144.51,144.73,58975
3189,2020-12-16 09:15:00,159.0,159.0,144.0,145.44,352006
3190,2020-12-16 09:45:00,145.46,145.5,145.2,145.26,77333
3191,2020-12-16 10:15:00,145.34,145.38,145.23,145.34,53046
3192,2020-12-16 10:45:00,145.33,145.54,145.31,145.5,41963
3193,2020-12-16 11:15:00,145.5,145.51,145.33,145.42,42389
3194,2020-12-16 11:45:00,145.48,145.59,145.43,145.58,23955
3195,2020-12-16 12:15:00,145.55,145.61,145.3,145.44,52154
3196,2020-12-16 12:45:00,145.44,145.55,145.08,145.46,80245
3197,2020-12-16 13:15:00,145.51,145.68,145.37,145.55,44810
3198,2020-12-16 13:45:00,145.6,145.89,145.6,145.89,91847
3199,2020-12-16 14:15:00,145.89,145.94,145.74,145.76,76776
3200,2020-12-16 14:45:00,145.9,145.94,145.75,145.9,250930
3201,2020-12-16 15:15:00,145.88,145.99,145.72,145.82,70620
3202,2020-12-17 09:15:00,154.8,154.8,145.56,146.1,241238
3203,2020-12-17 09:45:00,146.12,146.3,146.08,146.2,149687
3204,2020-12-17 10:15:00,146.2,146.26,146.06,146.18,74041
3205,2020-12-17 10:45:00,146.18,146.3,146.07,146.29,48256
3206,2020-12-17 11:15:00,146.29,146.4,146.25,146.32,36252
3207,2020-12-17 11:45:00,146.32,146.39,146.23,146.39,27367
3208,2020-12-17 12:15:00,146.39,146.49,146.29,146.47,66211
3209,2020-12-17 12:45:00,146.4,146.49,146.3,146.48,29231
3210,2020-12-17 13:15:00,146.49,146.73,146.46,146.72,80252
3211,2020-12-17 13:45:00,146.72,146.83,146.61,146.75,61363
3212,2020-12-17 14:15:00,146.75,146.85,146.38,146.7,138719
3213,2020-12-17 14:45:00,146.7,146.72,146.53,146.65,96906
3214,2020-12-17 15:15:00,146.6,146.7,146.36,146.7,66655
3215,2020-12-18 09:15:00,159.0,159.0,145.4,146.21,362707
3216,2020-12-18 09:45:00,146.25,146.26,145.85,146.09,284601
3217,2020-12-18 10:15:00,146.09,146.2,146.02,146.16,52324
3218,2020-12-18 10:45:00,146.16,146.29,146.11,146.27,39343
3219,2020-12-18 11:15:00,146.24,146.32,146.18,146.21,30046
3220,2020-12-18 11:45:00,146.28,146.31,146.14,146.3,26379
3221,2020-12-18 12:15:00,146.3,146.3,146.07,146.23,60497
3222,2020-12-18 12:45:00,146.23,146.3,146.08,146.19,163166
3223,2020-12-18 13:15:00,146.13,146.56,146.13,146.33,90623
3224,2020-12-18 13:45:00,146.34,146.75,146.34,146.75,86593
3225,2020-12-18 14:15:00,146.72,146.86,146.55,146.83,47205
3226,2020-12-18 14:45:00,146.82,147.03,146.76,147.03,326383
3227,2020-12-18 15:15:00,147.02,147.1,146.8,147.02,175465
3228,2020-12-21 09:15:00,146.94,146.96,146.06,146.5,161303
3229,2020-12-21 09:45:00,146.5,146.79,146.35,146.61,322705
3230,2020-12-21 10:15:00,146.61,146.85,146.61,146.79,52885
3231,2020-12-21 10:45:00,146.79,146.83,146.51,146.51,45815
3232,2020-12-21 11:15:00,146.58,146.75,146.33,146.39,113387
3233,2020-12-21 11:45:00,146.39,146.8,146.38,146.56,27723
3234,2020-12-21 12:15:00,146.56,146.6,146.26,146.4,44421
3235,2020-12-21 12:45:00,146.4,146.45,145.76,146.0,132162
3236,2020-12-21 13:15:00,146.0,146.17,145.27,145.56,289021
3237,2020-12-21 13:45:00,145.52,145.7,145.0,145.3,331493
3238,2020-12-21 14:15:00,145.3,145.3,140.55,142.92,782924
3239,2020-12-21 14:45:00,142.93,143.25,141.35,142.77,640608
3240,2020-12-21 15:15:00,142.77,142.85,142.18,142.5,247546
3241,2020-12-22 09:15:00,146.4,146.4,129.7,141.55,456392
3242,2020-12-22 09:45:00,141.46,142.73,141.15,142.34,328269
3243,2020-12-22 10:15:00,142.34,142.72,142.0,142.29,136223
3244,2020-12-22 10:45:00,142.21,142.28,141.89,141.99,77292
3245,2020-12-22 11:15:00,141.93,141.93,141.3,141.45,144849
3246,2020-12-22 11:45:00,141.45,141.98,141.45,141.68,66605
3247,2020-12-22 12:15:00,141.66,142.0,141.27,141.97,233248
3248,2020-12-22 12:45:00,141.97,142.18,141.7,142.1,104250
3249,2020-12-22 13:15:00,142.1,142.95,141.85,142.8,206754
3250,2020-12-22 13:45:00,142.9,143.49,142.55,143.4,203874
3251,2020-12-22 14:15:00,143.49,143.98,143.41,143.75,229550
3252,2020-12-22 14:45:00,143.79,144.0,143.3,143.9,184853
3253,2020-12-22 15:15:00,143.91,144.0,143.74,143.75,90109
3254,2020-12-23 09:15:00,143.95,144.16,143.28,144.05,205180
3255,2020-12-23 09:45:00,144.05,144.34,143.98,144.05,105298
3256,2020-12-23 10:15:00,144.05,144.48,144.0,144.36,37490
3257,2020-12-23 10:45:00,144.37,144.45,144.19,144.29,174118
3258,2020-12-23 11:15:00,144.29,144.3,144.1,144.15,38842
3259,2020-12-23 11:45:00,144.19,144.55,144.15,144.49,135684
3260,2020-12-23 12:15:00,144.53,144.65,144.45,144.59,40307
3261,2020-12-23 12:45:00,144.65,144.74,144.25,144.5,78404
3262,2020-12-23 13:15:00,144.42,144.6,144.38,144.55,52255
3263,2020-12-23 13:45:00,144.55,144.7,144.44,144.61,35508
3264,2020-12-23 14:15:00,144.65,144.81,144.57,144.81,131639
3265,2020-12-23 14:45:00,144.8,145.28,144.8,145.2,196922
3266,2020-12-23 15:15:00,145.2,145.31,145.02,145.12,50825
3267,2020-12-24 09:15:00,154.7,154.7,144.45,146.17,341189
3268,2020-12-24 09:45:00,146.17,146.45,146.03,146.45,100346
3269,2020-12-24 10:15:00,146.45,146.49,146.19,146.19,58556
3270,2020-12-24 10:45:00,146.23,146.23,145.6,145.67,176319
3271,2020-12-24 11:15:00,145.63,145.84,145.41,145.75,174547
3272,2020-12-24 11:45:00,145.76,145.83,145.66,145.82,42172
3273,2020-12-24 12:15:00,145.82,146.11,145.8,146.11,48284
3274,2020-12-24 12:45:00,146.11,146.22,145.9,146.07,85852
3275,2020-12-24 13:15:00,146.08,146.36,145.89,146.35,151276
3276,2020-12-24 13:45:00,146.31,146.42,146.22,146.3,77419
3277,2020-12-24 14:15:00,146.25,146.6,146.2,146.57,209291
3278,2020-12-24 14:45:00,146.57,146.68,146.37,146.43,187978
3279,2020-12-24 15:15:00,146.4,146.62,146.34,146.52,184091
3280,2020-12-28 09:15:00,159.0,159.0,146.25,147.52,239137
3281,2020-12-28 09:45:00,147.5,147.56,147.32,147.5,100686
3282,2020-12-28 10:15:00,147.52,147.55,147.21,147.33,154852
3283,2020-12-28 10:45:00,147.31,147.45,147.27,147.4,46074
3284,2020-12-28 11:15:00,147.4,147.49,147.39,147.43,36223
3285,2020-12-28 11:45:00,147.43,147.55,147.37,147.53,65000
3286,2020-12-28 12:15:00,147.54,147.74,147.51,147.74,115750
3287,2020-12-28 12:45:00,147.74,147.87,147.64,147.82,81195
3288,2020-12-28 13:15:00,147.82,147.84,147.63,147.8,84608
3289,2020-12-28 13:45:00,147.8,147.85,147.74,147.84,40670
3290,2020-12-28 14:15:00,147.84,147.92,147.72,147.91,56025
3291,2020-12-28 14:45:00,147.92,147.97,147.76,147.76,135731
3292,2020-12-28 15:15:00,147.77,147.94,147.67,147.78,206670
3293,2020-12-29 09:15:00,148.4,148.68,148.13,148.62,240242
3294,2020-12-29 09:45:00,148.62,148.95,148.62,148.82,239643
3295,2020-12-29 10:15:00,148.88,148.88,148.55,148.55,102474
3296,2020-12-29 10:45:00,148.65,148.65,148.1,148.59,280086
3297,2020-12-29 11:15:00,148.59,148.7,148.32,148.45,80297
3298,2020-12-29 11:45:00,148.45,148.63,148.43,148.46,40801
3299,2020-12-29 12:15:00,148.46,148.6,148.43,148.53,45979
3300,2020-12-29 12:45:00,148.53,148.9,148.5,148.84,40043
3301,2020-12-29 13:15:00,148.84,148.9,148.7,148.75,50211
3302,2020-12-29 13:45:00,148.75,148.82,148.6,148.62,199508
3303,2020-12-29 14:15:00,148.65,148.8,148.47,148.8,139661
3304,2020-12-29 14:45:00,148.8,148.85,148.65,148.81,107282
3305,2020-12-29 15:15:00,148.8,148.85,148.65,148.75,72816
3306,2020-12-30 09:15:00,149.41,149.41,148.35,148.55,295235
3307,2020-12-30 09:45:00,148.55,148.6,148.42,148.53,54753
3308,2020-12-30 10:15:00,148.53,148.54,148.4,148.49,38446
3309,2020-12-30 10:45:00,148.49,148.77,148.42,148.64,64156
3310,2020-12-30 11:15:00,148.68,148.77,148.56,148.68,47632
3311,2020-12-30 11:45:00,148.57,148.7,148.55,148.64,23897
3312,2020-12-30 12:15:00,148.68,148.68,148.1,148.28,136271
3313,2020-12-30 12:45:00,148.28,148.64,148.16,148.59,75369
3314,2020-12-30 13:15:00,148.57,148.79,148.44,148.73,104841
3315,2020-12-30 13:45:00,148.73,148.99,148.59,148.8,199823
3316,2020-12-30 14:15:00,148.85,148.95,148.8,148.89,33049
3317,2020-12-30 14:45:00,148.87,149.33,148.85,149.24,249138
3318,2020-12-30 15:15:00,149.24,149.5,149.2,149.27,211687
3319,2020-12-31 09:15:00,148.15,149.95,148.15,149.26,241513
3320,2020-12-31 09:45:00,149.26,149.3,149.12,149.24,55704
3321,2020-12-31 10:15:00,149.24,149.42,149.15,149.33,72689
3322,2020-12-31 10:45:00,149.33,149.54,149.03,149.2,217522
3323,2020-12-31 11:15:00,149.2,149.35,149.15,149.23,26670
3324,2020-12-31 11:45:00,149.23,149.25,149.0,149.05,47948
3325,2020-12-31 12:15:00,149.05,149.3,148.9,149.25,141209
3326,2020-12-31 12:45:00,149.25,149.27,149.07,149.19,88667
3327,2020-12-31 13:15:00,149.19,149.21,149.05,149.19,65512
3328,2020-12-31 13:45:00,149.19,149.43,149.08,149.16,138197
3329,2020-12-31 14:15:00,149.16,149.19,148.7,149.15,163696
3330,2020-12-31 14:45:00,149.15,149.19,148.94,149.15,129754
3331,2020-12-31 15:15:00,149.04,149.22,148.86,149.07,124014
3332,2021-01-01 09:15:00,159.68,159.68,147.65,149.52,106785
3333,2021-01-01 09:45:00,149.53,149.65,149.5,149.6,112958
3334,2021-01-01 10:15:00,149.65,149.69,149.52,149.66,58794
3335,2021-01-01 10:45:00,149.66,149.74,149.59,149.65,34260
3336,2021-01-01 11:15:00,149.65,149.74,149.61,149.64,34124
3337,2021-01-01 11:45:00,149.61,149.67,149.5,149.67,29308
3338,2021-01-01 12:15:00,149.67,149.73,149.56,149.73,27763
3339,2021-01-01 12:45:00,149.69,149.78,149.63,149.73,34792
3340,2021-01-01 13:15:00,149.73,149.79,149.63,149.7,35149
3341,2021-01-01 13:45:00,149.63,149.8,149.63,149.75,29610
3342,2021-01-01 14:15:00,149.73,149.75,149.62,149.67,136762
3343,2021-01-01 14:45:00,149.74,149.75,149.56,149.56,65729
3344,2021-01-01 15:15:00,149.56,149.66,149.45,149.6,61442
3345,2021-01-04 09:15:00,150.59,150.72,149.66,150.4,313161
3346,2021-01-04 09:45:00,150.4,150.47,150.32,150.37,89237
3347,2021-01-04 10:15:00,150.41,150.44,150.3,150.39,50367
3348,2021-01-04 10:45:00,150.39,150.4,148.95,149.7,332528
3349,2021-01-04 11:15:00,149.61,150.15,149.51,150.1,59355
3350,2021-01-04 11:45:00,150.1,150.12,149.74,150.06,149690
3351,2021-01-04 12:15:00,150.09,150.2,149.96,150.2,58015
3352,2021-01-04 12:45:00,150.2,150.33,150.11,150.29,52227
3353,2021-01-04 13:15:00,150.3,150.48,150.27,150.48,67492
3354,2021-01-04 13:45:00,150.48,150.6,150.2,150.5,207670
3355,2021-01-04 14:15:00,150.49,150.69,150.25,150.61,126276
3356,2021-01-04 14:45:00,150.6,150.8,150.55,150.75,107918
3357,2021-01-04 15:15:00,150.75,150.9,150.56,150.71,114637
3358,2021-01-05 09:15:00,159.7,159.7,149.85,150.2,199791
3359,2021-01-05 09:45:00,150.2,150.32,149.9,150.0,671000
3360,2021-01-05 10:15:00,150.0,150.1,149.75,150.08,119404
3361,2021-01-05 10:45:00,150.1,150.47,150.08,150.43,242112
3362,2021-01-05 11:15:00,150.43,150.59,150.31,150.5,149550
3363,2021-01-05 11:45:00,150.5,150.6,150.42,150.59,58079
3364,2021-01-05 12:15:00,150.59,150.77,150.5,150.76,82548
3365,2021-01-05 12:45:00,150.76,150.78,150.5,150.55,56502
3366,2021-01-05 13:15:00,150.55,150.75,150.21,150.66,75755
3367,2021-01-05 13:45:00,150.74,150.95,150.65,150.92,125564
3368,2021-01-05 14:15:00,150.82,150.98,150.79,150.9,118763
3369,2021-01-05 14:45:00,150.9,151.39,150.9,151.35,229673
3370,2021-01-05 15:15:00,151.35,151.46,151.2,151.21,119703
3371,2021-01-06 09:15:00,159.7,159.7,145.58,151.26,235730
3372,2021-01-06 09:45:00,151.26,151.59,151.11,151.28,114114
3373,2021-01-06 10:15:00,151.29,151.5,151.17,151.49,69121
3374,2021-01-06 10:45:00,151.49,151.6,151.49,151.6,57903
3375,2021-01-06 11:15:00,151.59,151.61,151.4,151.53,53651
3376,2021-01-06 11:45:00,151.53,151.54,151.3,151.46,68435
3377,2021-01-06 12:15:00,151.46,151.62,151.35,151.6,125436
3378,2021-01-06 12:45:00,151.6,151.62,151.46,151.46,54215
3379,2021-01-06 13:15:00,151.46,151.58,150.9,151.25,212040
3380,2021-01-06 13:45:00,151.25,151.25,150.21,150.6,410803
3381,2021-01-06 14:15:00,150.6,151.29,150.5,151.2,133929
3382,2021-01-06 14:45:00,151.28,151.43,151.18,151.3,193897
3383,2021-01-06 15:15:00,151.3,151.34,151.03,151.22,160424
3384,2021-01-07 09:15:00,155.0,155.0,151.35,151.9,168018
3385,2021-01-07 09:45:00,151.9,151.99,151.72,151.74,131141
3386,2021-01-07 10:15:00,151.78,151.9,151.6,151.64,65002
3387,2021-01-07 10:45:00,151.64,151.75,151.51,151.69,96772
3388,2021-01-07 11:15:00,151.69,151.82,151.62,151.64,38432
3389,2021-01-07 11:45:00,151.72,151.82,151.63,151.71,40863
3390,2021-01-07 12:15:00,151.77,151.94,151.71,151.93,35146
3391,2021-01-07 12:45:00,151.94,151.99,151.71,151.83,45300
3392,2021-01-07 13:15:00,151.89,151.96,151.38,151.54,80036
3393,2021-01-07 13:45:00,151.55,151.81,151.5,151.72,90335
3394,2021-01-07 14:15:00,151.72,151.75,151.48,151.71,88393
3395,2021-01-07 14:45:00,151.71,151.72,151.05,151.12,131923
3396,2021-01-07 15:15:00,151.15,151.54,151.01,151.54,173459
3397,2021-01-08 09:15:00,168.88,168.88,151.75,151.9,320393
3398,2021-01-08 09:45:00,151.78,152.05,151.73,152.0,71361
3399,2021-01-08 10:15:00,152.0,152.4,152.0,152.29,253600
3400,2021-01-08 10:45:00,152.26,152.32,152.13,152.21,65519
3401,2021-01-08 11:15:00,152.21,152.27,152.1,152.2,91282
3402,2021-01-08 11:45:00,152.22,152.31,152.11,152.27,57043
3403,2021-01-08 12:15:00,152.28,152.4,152.25,152.39,49692
3404,2021-01-08 12:45:00,152.39,152.4,152.22,152.3,32900
3405,2021-01-08 13:15:00,152.32,152.38,152.09,152.19,60866
3406,2021-01-08 13:45:00,152.19,152.39,152.16,152.33,66741
3407,2021-01-08 14:15:00,152.33,152.7,152.11,152.6,109718
3408,2021-01-08 14:45:00,152.6,152.98,152.54,152.98,165203
3409,2021-01-08 15:15:00,152.98,153.2,152.85,152.88,141159
3410,2021-01-11 09:15:00,158.0,159.7,153.11,154.1,378846
3411,2021-01-11 09:45:00,154.1,154.25,153.71,153.92,250318
3412,2021-01-11 10:15:00,153.93,153.95,153.39,153.82,195373
3413,2021-01-11 10:45:00,153.77,154.1,153.72,154.06,194777
3414,2021-01-11 11:15:00,154.05,154.08,153.75,153.76,120055
3415,2021-01-11 11:45:00,153.75,153.98,153.68,153.98,54553
3416,2021-01-11 12:15:00,153.98,154.06,153.74,154.06,45031
3417,2021-01-11 12:45:00,154.06,154.06,153.8,153.9,44085
3418,2021-01-11 13:15:00,154.0,154.21,153.9,154.15,79586
3419,2021-01-11 13:45:00,154.15,154.22,153.98,154.2,80704
3420,2021-01-11 14:15:00,154.2,154.35,154.04,154.3,60942
3421,2021-01-11 14:45:00,154.31,154.4,154.18,154.4,109279
3422,2021-01-11 15:15:00,154.31,154.5,154.29,154.5,101006
3423,2021-01-12 09:15:00,154.44,154.44,153.9,154.4,242837
3424,2021-01-12 09:45:00,154.41,154.42,154.12,154.17,100868
3425,2021-01-12 10:15:00,154.14,154.35,154.07,154.35,56825
3426,2021-01-12 10:45:00,154.32,154.49,154.2,154.48,74245
3427,2021-01-12 11:15:00,154.42,154.69,154.42,154.51,102164
3428,2021-01-12 11:45:00,154.57,154.89,154.43,154.8,113746
3429,2021-01-12 12:15:00,154.79,154.97,154.72,154.9,170111
3430,2021-01-12 12:45:00,154.9,155.05,154.84,155.05,89289
3431,2021-01-12 13:15:00,155.05,155.34,155.05,155.32,117683
3432,2021-01-12 13:45:00,155.32,155.47,155.1,155.25,254401
3433,2021-01-12 14:15:00,155.22,155.4,155.09,155.32,141153
3434,2021-01-12 14:45:00,155.37,155.42,155.19,155.37,99461
3435,2021-01-12 15:15:00,155.38,155.47,155.18,155.32,82688
3436,2021-01-13 09:15:00,156.15,156.15,155.66,156.08,375003
3437,2021-01-13 09:45:00,156.08,156.09,155.86,155.9,75687
3438,2021-01-13 10:15:00,155.94,155.96,155.6,155.76,148233
3439,2021-01-13 10:45:00,155.8,155.94,155.68,155.72,41640
3440,2021-01-13 11:15:00,155.71,155.78,155.32,155.44,79149
3441,2021-01-13 11:45:00,155.35,155.6,155.06,155.48,71238
3442,2021-01-13 12:15:00,155.48,155.65,155.4,155.55,85411
3443,2021-01-13 12:45:00,155.55,155.76,155.31,155.41,67161
3444,2021-01-13 13:15:00,155.41,155.55,154.9,155.14,136080
3445,2021-01-13 13:45:00,155.14,155.14,154.31,154.96,209611
3446,2021-01-13 14:15:00,154.95,155.43,154.78,155.26,63962
3447,2021-01-13 14:45:00,155.3,155.75,155.16,155.7,104729
3448,2021-01-13 15:15:00,155.75,155.75,155.37,155.6,66200
3449,2021-01-14 09:15:00,155.5,155.53,154.66,154.77,215271
3450,2021-01-14 09:45:00,154.74,155.06,154.52,154.86,247042
3451,2021-01-14 10:15:00,154.84,155.14,154.7,155.14,70870
3452,2021-01-14 10:45:00,155.14,155.45,155.0,155.35,67810
3453,2021-01-14 11:15:00,155.36,155.58,155.27,155.42,72499
3454,2021-01-14 11:45:00,155.41,155.47,155.26,155.43,36934
3455,2021-01-14 12:15:00,155.43,155.65,155.39,155.5,101093
3456,2021-01-14 12:45:00,155.48,155.57,155.3,155.5,49664
3457,2021-01-14 13:15:00,155.48,155.58,155.31,155.51,42685
3458,2021-01-14 13:45:00,155.5,155.77,155.5,155.6,85840
3459,2021-01-14 14:15:00,155.65,155.8,155.57,155.62,108500
3460,2021-01-14 14:45:00,155.63,155.85,155.6,155.77,76068
3461,2021-01-14 15:15:00,155.71,155.92,155.6,155.76,68091
3462,2021-01-15 09:15:00,155.95,155.95,154.8,154.81,309581
3463,2021-01-15 09:45:00,154.75,155.19,154.5,155.07,190344
3464,2021-01-15 10:15:00,155.07,155.2,154.67,154.99,122162
3465,2021-01-15 10:45:00,154.94,155.1,154.45,154.77,128722
3466,2021-01-15 11:15:00,154.71,154.82,154.19,154.82,225465
3467,2021-01-15 11:45:00,154.82,154.91,154.65,154.82,85711
3468,2021-01-15 12:15:00,154.82,155.14,154.66,155.1,108426
3469,2021-01-15 12:45:00,155.1,155.18,154.84,154.93,65118
3470,2021-01-15 13:15:00,154.93,155.12,154.81,155.02,69079
3471,2021-01-15 13:45:00,155.02,155.03,153.84,153.97,270308
3472,2021-01-15 14:15:00,153.97,154.24,153.5,154.14,409135
3473,2021-01-15 14:45:00,154.14,154.26,153.9,154.16,147607
3474,2021-01-15 15:15:00,154.16,154.29,154.0,154.11,87619
3475,2021-01-18 09:15:00,160.25,164.8,152.92,153.28,333913
3476,2021-01-18 09:45:00,153.28,153.46,152.86,153.03,214058
3477,2021-01-18 10:15:00,153.05,153.05,152.55,152.8,204715
3478,2021-01-18 10:45:00,152.78,153.05,152.66,153.05,178724
3479,2021-01-18 11:15:00,153.05,153.09,152.46,152.56,255635
3480,2021-01-18 11:45:00,152.56,152.79,152.4,152.78,105961
3481,2021-01-18 12:15:00,152.75,152.95,152.63,152.77,57235
3482,2021-01-18 12:45:00,152.86,152.97,152.73,152.84,107030
3483,2021-01-18 13:15:00,152.9,153.32,152.5,153.1,103835
3484,2021-01-18 13:45:00,153.1,153.8,153.04,153.75,131647
3485,2021-01-18 14:15:00,153.77,153.8,152.83,153.22,147843
3486,2021-01-18 14:45:00,153.22,153.23,152.71,152.8,153300
3487,2021-01-18 15:15:00,152.8,152.86,152.08,152.56,178739
3488,2021-01-19 09:15:00,153.9,153.9,153.32,153.76,524879
3489,2021-01-19 09:45:00,153.76,154.25,153.56,154.15,121686
3490,2021-01-19 10:15:00,154.15,154.62,154.04,154.44,189838
3491,2021-01-19 10:45:00,154.44,154.6,154.36,154.44,76023
3492,2021-01-19 11:15:00,154.36,154.52,154.32,154.45,60585
3493,2021-01-19 11:45:00,154.38,154.83,154.38,154.81,126124
3494,2021-01-19 12:15:00,154.83,154.86,154.72,154.75,34222
3495,2021-01-19 12:45:00,154.79,154.98,154.62,154.85,91849
3496,2021-01-19 13:15:00,154.85,155.0,154.82,155.0,88357
3497,2021-01-19 13:45:00,155.0,155.1,154.84,154.9,126594
3498,2021-01-19 14:15:00,154.92,155.37,154.82,155.35,202215
3499,2021-01-19 14:45:00,155.35,155.48,155.28,155.45,216356
3500,2021-01-19 15:15:00,155.45,155.6,155.38,155.6,127631
3501,2021-01-20 09:15:00,155.42,155.67,155.12,155.55,557863
3502,2021-01-20 09:45:00,155.55,155.9,155.48,155.8,104705
3503,2021-01-20 10:15:00,155.76,156.17,155.75,156.17,80148
3504,2021-01-20 10:45:00,156.17,156.25,156.05,156.1,68083
3505,2021-01-20 11:15:00,156.17,156.25,156.1,156.22,52904
3506,2021-01-20 11:45:00,156.2,156.28,156.04,156.15,46230
3507,2021-01-20 12:15:00,156.19,156.25,155.85,155.99,59034
3508,2021-01-20 12:45:00,156.02,156.26,155.83,156.15,38605
3509,2021-01-20 13:15:00,156.13,156.39,156.11,156.39,67009
3510,2021-01-20 13:45:00,156.39,156.5,156.31,156.46,43673
3511,2021-01-20 14:15:00,156.45,156.71,156.45,156.64,86067
3512,2021-01-20 14:45:00,156.64,156.85,156.52,156.75,253215
3513,2021-01-20 15:15:00,156.75,156.85,156.4,156.75,116392
3514,2021-01-21 09:15:00,169.7,169.7,155.61,157.53,250085
3515,2021-01-21 09:45:00,157.53,157.65,157.4,157.54,412248
3516,2021-01-21 10:15:00,157.61,157.68,157.54,157.68,75368
3517,2021-01-21 10:45:00,157.68,157.82,157.61,157.8,123010
3518,2021-01-21 11:15:00,157.8,157.83,157.61,157.65,76696
3519,2021-01-21 11:45:00,157.69,157.74,157.55,157.69,37076
3520,2021-01-21 12:15:00,157.69,157.78,157.58,157.78,45435
3521,2021-01-21 12:45:00,157.77,157.77,157.6,157.69,26528
3522,2021-01-21 13:15:00,157.65,157.8,157.63,157.75,23847
3523,2021-01-21 13:45:00,157.69,157.76,157.28,157.3,47722
3524,2021-01-21 14:15:00,157.3,157.53,157.0,157.05,103169
3525,2021-01-21 14:45:00,157.02,157.07,155.34,156.1,528912
3526,2021-01-21 15:15:00,156.1,156.44,155.8,156.02,216512
3527,2021-01-22 09:15:00,156.98,156.99,155.25,155.93,296920
3528,2021-01-22 09:45:00,155.97,156.25,155.87,156.18,72760
3529,2021-01-22 10:15:00,156.18,156.37,155.65,155.89,111633
3530,2021-01-22 10:45:00,155.89,155.97,154.87,155.13,203910
3531,2021-01-22 11:15:00,155.13,155.42,154.7,155.16,145258
3532,2021-01-22 11:45:00,155.17,155.49,154.99,155.22,83834
3533,2021-01-22 12:15:00,155.15,155.32,154.72,154.83,87420
3534,2021-01-22 12:45:00,154.83,155.04,154.21,154.24,149104
3535,2021-01-22 13:15:00,154.21,154.73,154.0,154.2,180599
3536,2021-01-22 13:45:00,154.15,154.6,153.85,154.27,209439
3537,2021-01-22 14:15:00,154.23,155.07,154.1,154.52,135048
3538,2021-01-22 14:45:00,154.52,154.62,153.7,153.81,220071
3539,2021-01-22 15:15:00,153.81,154.05,153.8,153.91,117888
3540,2021-01-25 09:15:00,174.88,174.88,153.18,153.41,213707
3541,2021-01-25 09:45:00,153.35,153.91,152.7,153.8,512931
3542,2021-01-25 10:15:00,153.8,154.36,153.75,153.77,175850
3543,2021-01-25 10:45:00,153.77,154.14,153.52,154.09,86089
3544,2021-01-25 11:15:00,154.03,154.09,153.56,153.66,77014
3545,2021-01-25 11:45:00,153.66,153.71,153.3,153.55,60966
3546,2021-01-25 12:15:00,153.59,153.98,153.5,153.88,36534
3547,2021-01-25 12:45:00,153.88,154.1,153.59,154.08,121991
3548,2021-01-25 13:15:00,154.08,154.31,153.61,153.69,69449
3549,2021-01-25 13:45:00,153.65,153.86,153.0,153.29,95309
3550,2021-01-25 14:15:00,153.3,153.37,152.7,152.91,141115
3551,2021-01-25 14:45:00,153.0,153.02,152.34,152.5,143084
3552,2021-01-25 15:15:00,152.49,152.6,152.22,152.46,142649
3553,2021-01-27 09:15:00,157.7,157.7,140.2,151.5,249186
3554,2021-01-27 09:45:00,151.5,151.62,151.12,151.62,301295
3555,2021-01-27 10:15:00,151.62,151.62,151.1,151.16,178086
3556,2021-01-27 10:45:00,151.16,151.49,151.11,151.49,166396
3557,2021-01-27 11:15:00,151.45,151.7,151.02,151.08,171576
3558,2021-01-27 11:45:00,151.08,151.16,150.81,150.92,183124
3559,2021-01-27 12:15:00,150.87,151.12,150.61,150.76,147502
3560,2021-01-27 12:45:00,150.76,150.84,150.51,150.63,109230
3561,2021-01-27 13:15:00,150.63,150.75,150.08,150.17,213442
3562,2021-01-27 13:45:00,150.17,150.37,149.62,149.63,391280
3563,2021-01-27 14:15:00,149.63,149.75,149.1,149.16,300233
3564,2021-01-27 14:45:00,149.17,149.9,149.11,149.48,397755
3565,2021-01-27 15:15:00,149.47,149.68,149.33,149.48,290291
3566,2021-01-28 09:15:00,149.0,149.0,147.66,148.45,540236
3567,2021-01-28 09:45:00,148.45,148.5,148.0,148.3,289848
3568,2021-01-28 10:15:00,148.3,148.5,147.94,148.05,264311
3569,2021-01-28 10:45:00,148.05,148.57,147.94,148.52,199166
3570,2021-01-28 11:15:00,148.46,148.52,148.15,148.29,85227
3571,2021-01-28 11:45:00,148.29,148.33,147.73,147.9,369988
3572,2021-01-28 12:15:00,147.85,148.18,147.34,147.48,231095
3573,2021-01-28 12:45:00,147.41,147.48,147.0,147.13,377742
3574,2021-01-28 13:15:00,147.12,148.26,147.12,148.02,249369
3575,2021-01-28 13:45:00,148.05,148.2,147.52,147.8,217129
3576,2021-01-28 14:15:00,147.77,147.98,147.25,147.58,258382
3577,2021-01-28 14:45:00,147.58,148.08,147.22,148.06,399830
3578,2021-01-28 15:15:00,148.0,148.22,147.97,147.99,241776
3579,2021-01-29 09:15:00,164.74,164.74,147.4,148.32,521161
3580,2021-01-29 09:45:00,148.3,148.64,148.05,148.37,315322
3581,2021-01-29 10:15:00,148.37,148.61,147.56,147.95,269595
3582,2021-01-29 10:45:00,147.99,148.39,147.77,148.39,133954
3583,2021-01-29 11:15:00,148.39,148.48,147.8,147.85,140841
3584,2021-01-29 11:45:00,147.85,147.99,147.5,147.6,234350
3585,2021-01-29 12:15:00,147.6,148.18,147.5,147.72,131246
3586,2021-01-29 12:45:00,147.72,147.98,147.27,147.4,158737
3587,2021-01-29 13:15:00,147.4,147.68,147.05,147.14,303199
3588,2021-01-29 13:45:00,147.1,147.8,147.0,147.8,226208
3589,2021-01-29 14:15:00,147.8,148.51,147.79,147.86,237760
3590,2021-01-29 14:45:00,147.63,147.85,145.69,145.98,943393
3591,2021-01-29 15:15:00,145.99,146.39,145.6,146.1,404176
3592,2021-02-01 09:15:00,150.0,150.0,146.24,146.44,373820
3593,2021-02-01 09:45:00,146.46,147.0,146.27,146.8,1267108
3594,2021-02-01 10:15:00,146.79,147.1,146.6,147.1,544341
3595,2021-02-01 10:45:00,147.01,147.42,146.95,147.11,162901
3596,2021-02-01 11:15:00,147.1,148.15,147.06,147.95,299027
3597,2021-02-01 11:45:00,147.95,148.5,147.55,147.55,323172
3598,2021-02-01 12:15:00,147.47,148.26,147.2,147.9,220741
3599,2021-02-01 12:45:00,147.93,150.8,147.71,149.76,783439
3600,2021-02-01 13:15:00,149.7,151.5,149.7,151.45,497526
3601,2021-02-01 13:45:00,151.49,151.87,150.8,151.15,355658
3602,2021-02-01 14:15:00,151.1,152.63,150.82,152.5,374917
3603,2021-02-01 14:45:00,152.45,152.6,151.9,152.31,342769
3604,2021-02-01 15:15:00,152.33,153.0,152.31,152.52,205021
3605,2021-02-02 09:15:00,154.33,162.0,153.12,156.24,2067355
3606,2021-02-02 09:45:00,156.23,156.9,156.1,156.24,626816
3607,2021-02-02 10:15:00,156.15,156.2,155.0,155.05,508334
3608,2021-02-02 10:45:00,155.0,155.76,154.75,155.6,459884
3609,2021-02-02 11:15:00,155.55,155.8,155.0,155.17,310671
3610,2021-02-02 11:45:00,155.1,155.56,154.8,155.48,199335
3611,2021-02-02 12:15:00,155.55,155.55,155.13,155.32,105802
3612,2021-02-02 12:45:00,155.26,156.0,155.1,155.79,212905
3613,2021-02-02 13:15:00,155.79,156.13,155.6,156.1,182128
3614,2021-02-02 13:45:00,156.05,156.25,155.4,156.19,244091
3615,2021-02-02 14:15:00,156.19,156.5,155.97,156.44,185887
3616,2021-02-02 14:45:00,156.44,156.44,155.7,156.0,152393
3617,2021-02-02 15:15:00,155.99,156.43,155.99,156.1,145437
3618,2021-02-03 09:15:00,164.4,164.4,155.21,156.78,672885
3619,2021-02-03 09:45:00,156.78,157.11,156.46,157.1,289788
3620,2021-02-03 10:15:00,157.1,157.82,157.1,157.7,348408
3621,2021-02-03 10:45:00,157.74,157.86,157.43,157.6,395481
3622,2021-02-03 11:15:00,157.52,157.9,157.52,157.81,215315
3623,2021-02-03 11:45:00,157.8,157.8,157.6,157.78,78862
3624,2021-02-03 12:15:00,157.78,158.2,157.73,158.04,251763
3625,2021-02-03 12:45:00,158.03,158.33,157.78,158.2,133241
3626,2021-02-03 13:15:00,158.22,158.4,158.12,158.16,79442
3627,2021-02-03 13:45:00,158.18,158.36,157.8,157.9,121761
3628,2021-02-03 14:15:00,157.9,158.34,157.76,158.12,220157
3629,2021-02-03 14:45:00,158.18,158.18,157.35,157.77,245049
3630,2021-02-03 15:15:00,157.75,157.76,157.48,157.66,131897
3631,2021-02-04 09:15:00,174.7,174.7,156.51,157.44,508342
3632,2021-02-04 09:45:00,157.45,157.56,157.0,157.17,103046
3633,2021-02-04 10:15:00,157.2,157.26,157.07,157.13,68618
3634,2021-02-04 10:45:00,157.13,157.57,156.8,157.5,179425
3635,2021-02-04 11:15:00,157.48,158.0,157.46,157.94,277593
3636,2021-02-04 11:45:00,157.94,158.1,157.85,158.0,91116
3637,2021-02-04 12:15:00,158.02,158.35,158.0,158.11,168260
3638,2021-02-04 12:45:00,158.11,158.25,157.82,158.05,71932
3639,2021-02-04 13:15:00,158.05,158.3,157.85,158.04,123500
3640,2021-02-04 13:45:00,158.05,158.85,158.0,158.79,339587
3641,2021-02-04 14:15:00,158.73,158.82,158.42,158.54,144733
3642,2021-02-04 14:45:00,158.54,158.85,158.53,158.61,325695
3643,2021-02-04 15:15:00,158.62,158.78,158.5,158.69,191357
3644,2021-02-05 09:15:00,159.27,159.99,159.0,159.6,570281
3645,2021-02-05 09:45:00,159.6,159.78,159.11,159.31,261741
3646,2021-02-05 10:15:00,159.31,159.49,158.72,159.18,276255
3647,2021-02-05 10:45:00,159.14,159.3,158.48,159.3,195181
3648,2021-02-05 11:15:00,159.3,159.6,159.25,159.54,89753
3649,2021-02-05 11:45:00,159.48,159.8,159.45,159.67,107446
3650,2021-02-05 12:15:00,159.67,159.8,159.33,159.39,53758
3651,2021-02-05 12:45:00,159.39,159.6,159.07,159.07,56333
3652,2021-02-05 13:15:00,159.1,159.3,158.66,158.85,149618
3653,2021-02-05 13:45:00,158.84,159.46,158.66,159.3,80388
3654,2021-02-05 14:15:00,159.3,159.45,158.8,159.16,88529
3655,2021-02-05 14:45:00,159.14,159.25,158.72,158.96,93551
3656,2021-02-05 15:15:00,158.96,159.34,158.9,159.05,139769
3657,2021-02-08 09:15:00,179.7,179.7,159.35,160.78,436274
3658,2021-02-08 09:45:00,160.78,161.05,160.78,160.99,138554
3659,2021-02-08 10:15:00,160.99,161.25,160.91,161.19,129770
3660,2021-02-08 10:45:00,161.2,161.2,160.91,161.12,115910
3661,2021-02-08 11:15:00,161.12,161.13,160.93,161.1,54940
3662,2021-02-08 11:45:00,161.02,161.1,160.65,160.75,166370
3663,2021-02-08 12:15:00,160.74,161.09,160.5,161.03,113623
3664,2021-02-08 12:45:00,161.03,161.09,160.8,161.05,83329
3665,2021-02-08 13:15:00,161.1,161.1,160.96,161.02,55481
3666,2021-02-08 13:45:00,161.02,161.45,161.02,161.3,296544
3667,2021-02-08 14:15:00,161.3,161.5,161.11,161.27,1151110
3668,2021-02-08 14:45:00,161.25,161.32,160.96,161.15,250733
3669,2021-02-08 15:15:00,161.1,161.45,160.95,161.03,421210
3670,2021-02-09 09:15:00,161.67,161.96,161.18,161.54,508293
3671,2021-02-09 09:45:00,161.6,161.75,161.3,161.65,128137
3672,2021-02-09 10:15:00,161.6,161.95,161.5,161.87,94347
3673,2021-02-09 10:45:00,161.88,162.32,161.87,162.28,203378
3674,2021-02-09 11:15:00,162.3,162.4,162.19,162.25,79545
3675,2021-02-09 11:45:00,162.3,162.3,162.01,162.25,88277
3676,2021-02-09 12:15:00,162.28,162.46,162.13,162.43,129460
3677,2021-02-09 12:45:00,162.43,162.5,162.31,162.45,169611
3678,2021-02-09 13:15:00,162.42,162.6,162.25,162.59,77387
3679,2021-02-09 13:45:00,162.59,162.6,162.38,162.54,46321
3680,2021-02-09 14:15:00,162.55,162.7,162.1,162.15,134304
3681,2021-02-09 14:45:00,162.15,162.2,160.76,161.53,442246
3682,2021-02-09 15:15:00,161.54,161.61,161.23,161.23,84595
3683,2021-02-10 09:15:00,161.83,161.92,160.82,161.42,284593
3684,2021-02-10 09:45:00,161.3,161.5,160.95,161.0,182452
3685,2021-02-10 10:15:00,160.98,160.98,160.45,160.77,190406
3686,2021-02-10 10:45:00,160.75,161.15,160.65,160.96,83265
3687,2021-02-10 11:15:00,161.04,161.4,161.0,161.31,147437
3688,2021-02-10 11:45:00,161.38,161.7,161.27,161.46,80788
3689,2021-02-10 12:15:00,161.46,161.5,161.19,161.3,136702
3690,2021-02-10 12:45:00,161.2,161.54,161.0,161.1,56943
3691,2021-02-10 13:15:00,161.15,161.23,160.32,160.46,155051
3692,2021-02-10 13:45:00,160.57,161.08,160.15,161.01,270627
3693,2021-02-10 14:15:00,161.01,161.38,160.83,161.14,156618
3694,2021-02-10 14:45:00,161.14,161.45,160.34,161.43,200006
3695,2021-02-10 15:15:00,161.37,161.86,161.37,161.85,141565
3696,2021-02-11 09:15:00,161.17,161.6,160.94,161.54,180813
3697,2021-02-12 09:15:00,162.35,162.43,161.8,162.25,155481
3698,2021-02-12 09:45:00,162.2,162.28,161.92,162.12,132510
3699,2021-02-12 10:15:00,162.2,162.49,162.05,162.36,178119
3700,2021-02-12 10:45:00,162.3,162.66,162.3,162.63,89694
3701,2021-02-12 11:15:00,162.63,162.7,162.51,162.55,51788
3702,2021-02-12 11:45:00,162.6,162.63,162.41,162.45,43802
3703,2021-02-12 12:15:00,162.45,162.62,162.43,162.5,53183
3704,2021-02-12 12:45:00,162.5,162.7,162.49,162.62,68441
3705,2021-02-12 13:15:00,162.67,162.67,162.31,162.45,73113
3706,2021-02-12 13:45:00,162.45,162.45,161.3,161.78,223582
3707,2021-02-12 14:15:00,161.68,162.25,161.62,162.02,97775
3708,2021-02-12 14:45:00,162.02,162.12,161.88,162.1,109870
3709,2021-02-12 15:15:00,162.08,162.43,162.0,162.17,194238
3710,2021-02-15 09:15:00,163.17,165.0,159.75,163.3,238418
3711,2021-02-15 09:45:00,163.3,163.38,163.08,163.31,107836
3712,2021-02-15 10:15:00,163.31,163.58,163.25,163.55,146940
3713,2021-02-15 10:45:00,163.55,163.62,163.44,163.55,63326
3714,2021-02-15 11:15:00,163.5,163.71,163.45,163.7,155914
3715,2021-02-15 11:45:00,163.7,163.77,163.53,163.56,94979
3716,2021-02-15 12:15:00,163.62,163.7,163.54,163.64,61178
3717,2021-02-15 12:45:00,163.64,163.7,163.53,163.63,83913
3718,2021-02-15 13:15:00,163.63,163.64,163.5,163.6,30843
3719,2021-02-15 13:45:00,163.52,163.64,163.42,163.5,53383
3720,2021-02-15 14:15:00,163.46,163.7,163.39,163.58,87459
3721,2021-02-15 14:45:00,163.58,163.9,163.52,163.85,100088
3722,2021-02-15 15:15:00,163.85,164.2,163.8,163.93,165943
3723,2021-02-16 09:15:00,169.88,169.88,164.24,164.75,240322
3724,2021-02-16 09:45:00,164.73,164.75,164.37,164.52,128334
3725,2021-02-16 10:15:00,164.52,164.75,164.47,164.72,69861
3726,2021-02-16 10:45:00,164.7,164.79,164.54,164.6,39707
3727,2021-02-16 11:15:00,164.58,164.58,164.15,164.48,215626
3728,2021-02-16 11:45:00,164.48,164.55,164.25,164.48,150946
3729,2021-02-16 12:15:00,164.44,164.59,164.01,164.01,330272
3730,2021-02-16 12:45:00,164.01,164.2,162.84,163.28,782486
3731,2021-02-16 13:15:00,163.24,163.64,162.71,163.42,335411
3732,2021-02-16 13:45:00,163.43,163.43,162.75,163.21,112867
3733,2021-02-16 14:15:00,163.21,163.66,163.1,163.6,114102
3734,2021-02-16 14:45:00,163.6,163.65,163.35,163.48,77778
3735,2021-02-16 15:15:00,163.48,163.8,163.41,163.55,210994
3736,2021-02-17 09:15:00,164.98,164.98,162.01,162.76,184833
3737,2021-02-17 09:45:00,162.78,162.9,162.51,162.85,97145
3738,2021-02-17 10:15:00,162.85,162.97,162.7,162.95,87195
3739,2021-02-17 10:45:00,162.95,163.55,162.87,163.46,97693
3740,2021-02-17 11:15:00,163.46,163.46,163.17,163.41,76640
3741,2021-02-17 11:45:00,163.41,163.41,163.15,163.32,39785
3742,2021-02-17 12:15:00,163.32,163.44,163.2,163.31,126973
3743,2021-02-17 12:45:00,163.34,163.35,162.68,162.94,131346
3744,2021-02-17 13:15:00,162.81,162.97,162.14,162.44,304967
3745,2021-02-17 13:45:00,162.34,162.99,162.34,162.95,79579
3746,2021-02-17 14:15:00,162.94,163.25,162.57,162.69,111849
3747,2021-02-17 14:45:00,162.74,162.79,162.52,162.69,192311
3748,2021-02-17 15:15:00,162.68,162.7,162.4,162.59,102129
3749,2021-02-18 09:15:00,172.59,172.59,162.43,162.9,143426
3750,2021-02-18 09:45:00,162.9,162.93,162.7,162.91,64117
3751,2021-02-18 10:15:00,162.91,163.14,162.85,163.12,60435
3752,2021-02-18 10:45:00,163.12,163.12,162.88,162.93,45533
3753,2021-02-18 11:15:00,162.93,162.93,162.21,162.25,163806
3754,2021-02-18 11:45:00,162.22,162.46,162.09,162.29,68036
3755,2021-02-18 12:15:00,162.26,162.26,161.74,161.79,105451
3756,2021-02-18 12:45:00,161.79,162.2,161.75,162.13,104699
3757,2021-02-18 13:15:00,162.13,162.13,161.6,161.84,187880
3758,2021-02-18 13:45:00,161.85,162.08,161.57,162.08,152176
3759,2021-02-18 14:15:00,162.1,162.3,162.02,162.26,96022
3760,2021-02-18 14:45:00,162.29,162.29,161.84,161.9,149011
3761,2021-02-18 15:15:00,161.86,161.94,161.67,161.89,125927
3762,2021-02-19 09:15:00,161.57,164.19,160.94,161.42,163741
3763,2021-02-19 09:45:00,161.42,161.76,161.3,161.63,87615
3764,2021-02-19 10:15:00,161.69,162.18,161.64,161.86,144479
3765,2021-02-19 10:45:00,161.92,161.92,161.23,161.4,119935
3766,2021-02-19 11:15:00,161.42,161.62,161.23,161.48,49524
3767,2021-02-19 11:45:00,161.49,161.78,161.45,161.5,43493
3768,2021-02-19 12:15:00,161.5,161.6,161.24,161.58,71151
3769,2021-02-19 12:45:00,161.56,161.6,161.21,161.47,74619
3770,2021-02-19 13:15:00,161.47,161.47,160.75,161.02,181984
3771,2021-02-19 13:45:00,161.0,161.18,159.75,159.75,388756
3772,2021-02-19 14:15:00,159.75,160.43,159.74,160.1,198218
3773,2021-02-19 14:45:00,160.05,160.78,159.55,160.74,285466
3774,2021-02-19 15:15:00,160.74,160.96,160.42,160.42,112547
3775,2021-02-22 09:15:00,160.75,162.19,159.62,159.99,457401
3776,2021-02-22 09:45:00,159.95,160.06,159.1,159.2,310468
3777,2021-02-22 10:15:00,159.2,159.56,159.02,159.29,247406
3778,2021-02-22 10:45:00,159.28,159.38,158.74,158.74,274806
3779,2021-02-22 11:15:00,158.75,158.84,158.49,158.52,409223
3780,2021-02-22 11:45:00,158.5,158.65,158.2,158.41,169978
3781,2021-02-22 12:15:00,158.42,158.55,158.15,158.48,268129
3782,2021-02-22 12:45:00,158.42,158.48,157.96,158.15,279187
3783,2021-02-22 13:15:00,158.15,158.35,157.5,157.5,240782
3784,2021-02-22 13:45:00,157.41,157.73,157.12,157.4,272890
3785,2021-02-22 14:15:00,157.4,157.75,157.04,157.7,448635
3786,2021-02-22 14:45:00,157.7,158.34,157.15,157.2,523752
3787,2021-02-22 15:15:00,157.2,157.2,156.71,157.18,363617
3788,2021-02-23 09:15:00,158.69,164.6,157.45,157.5,387131
3789,2021-02-23 09:45:00,157.45,158.27,157.1,158.14,488935
3790,2021-02-23 10:15:00,158.11,159.25,158.11,159.2,274857
3791,2021-02-23 10:45:00,159.2,159.21,158.75,159.0,208947
3792,2021-02-23 11:15:00,159.0,159.09,158.0,158.02,312503
3793,2021-02-23 11:45:00,157.97,158.25,157.58,157.92,406256
3794,2021-02-23 12:15:00,157.91,158.16,157.54,157.9,195142
3795,2021-02-23 12:45:00,157.9,158.47,157.6,158.46,137817
3796,2021-02-23 13:15:00,158.44,158.5,157.8,158.2,138539
3797,2021-02-23 13:45:00,158.32,158.32,157.6,158.0,91866
3798,2021-02-23 14:15:00,157.98,158.26,157.61,157.74,152538
3799,2021-02-23 14:45:00,157.7,157.86,157.2,157.64,401502
3800,2021-02-23 15:15:00,157.64,157.8,157.29,157.59,180105
3801,2021-02-24 09:15:00,157.59,159.7,157.1,158.18,230893
3802,2021-02-24 09:45:00,158.14,158.7,158.03,158.65,215824
3803,2021-02-24 10:15:00,158.7,158.7,158.4,158.43,129097
3804,2021-02-24 10:45:00,158.43,159.0,158.4,158.88,172448
3805,2021-02-24 11:15:00,158.88,158.92,157.97,158.06,159856
3806,2021-02-25 09:15:00,161.46,162.39,160.82,162.05,797259
3807,2021-02-25 09:45:00,162.04,162.13,161.71,161.78,119067
3808,2021-02-25 10:15:00,161.78,162.0,161.7,162.0,85572
3809,2021-02-25 10:45:00,161.98,162.0,161.85,161.99,27882
3810,2021-02-25 11:15:00,161.99,162.0,161.5,161.6,93720
3811,2021-02-25 11:45:00,161.49,161.7,161.38,161.52,145427
3812,2021-02-25 12:15:00,161.52,161.81,161.3,161.75,98798
3813,2021-02-25 12:45:00,161.83,161.88,161.68,161.83,50264
3814,2021-02-25 13:15:00,161.84,162.0,161.73,161.98,64669
3815,2021-02-25 13:45:00,161.98,162.05,161.76,161.97,92943
3816,2021-02-25 14:15:00,161.97,162.33,161.74,162.12,176288
3817,2021-02-25 14:45:00,162.19,162.25,161.71,161.9,174148
3818,2021-02-25 15:15:00,161.85,162.07,161.69,161.87,152725
3819,2021-02-26 09:15:00,157.0,163.62,154.55,159.19,643099
3820,2021-02-26 09:45:00,159.19,159.6,159.14,159.5,192755
3821,2021-02-26 10:15:00,159.49,159.49,158.5,158.66,294401
3822,2021-02-26 10:45:00,158.66,158.74,157.8,158.16,345817
3823,2021-02-26 11:15:00,158.12,158.12,157.01,157.33,495110
3824,2021-02-26 11:45:00,157.33,157.65,156.71,156.71,648539
3825,2021-02-26 12:15:00,156.71,156.92,156.21,156.46,652133
3826,2021-02-26 12:45:00,156.44,157.08,156.13,156.73,579616
3827,2021-02-26 13:15:00,156.73,157.0,156.32,156.95,436752
3828,2021-02-26 13:45:00,156.95,157.8,156.55,157.78,352172
3829,2021-02-26 14:15:00,157.7,157.8,157.13,157.54,253854
3830,2021-02-26 14:45:00,157.6,157.75,156.15,156.48,578105
3831,2021-02-26 15:15:00,156.5,157.8,155.7,156.15,917548
3832,2021-03-01 09:15:00,161.99,161.99,156.8,157.91,509606
3833,2021-03-01 09:45:00,157.98,158.2,157.98,158.05,188602
3834,2021-03-01 10:15:00,158.05,158.65,158.02,158.62,155094
3835,2021-03-01 10:45:00,158.64,158.74,158.44,158.57,141182
3836,2021-03-01 11:15:00,158.57,158.61,157.36,157.5,265829
3837,2021-03-01 11:45:00,157.5,157.73,157.2,157.63,106513
3838,2021-03-01 12:15:00,157.56,157.64,156.8,157.07,139186
3839,2021-03-01 12:45:00,157.07,157.95,157.05,157.9,110513
3840,2021-03-01 13:15:00,157.9,158.39,157.37,158.22,97049
3841,2021-03-01 13:45:00,158.18,158.27,157.71,158.11,146261
3842,2021-03-01 14:15:00,158.0,158.3,157.7,158.11,84713
3843,2021-03-01 14:45:00,158.12,158.18,157.48,158.14,211342
3844,2021-03-01 15:15:00,158.14,158.33,158.0,158.01,105932
3845,2021-03-02 09:15:00,159.41,159.48,158.01,159.08,321322
3846,2021-03-02 09:45:00,159.15,159.6,158.97,159.54,175031
3847,2021-03-02 10:15:00,159.55,159.55,158.96,159.18,90207
3848,2021-03-02 10:45:00,159.15,159.19,158.55,158.68,186756
3849,2021-03-02 11:15:00,158.61,158.79,158.1,158.63,174481
3850,2021-03-02 11:45:00,158.63,158.9,158.48,158.64,124236
3851,2021-03-02 12:15:00,158.64,158.85,158.5,158.7,71127
3852,2021-03-02 12:45:00,158.7,158.72,158.21,158.43,43345
3853,2021-03-02 13:15:00,158.46,158.94,158.2,158.94,88797
3854,2021-03-02 13:45:00,158.9,159.2,158.64,159.0,68240
3855,2021-03-02 14:15:00,159.0,159.02,158.7,158.87,73346
3856,2021-03-02 14:45:00,158.98,159.79,158.51,159.72,154306
3857,2021-03-02 15:15:00,159.75,159.99,159.57,159.57,101965
3858,2021-03-03 09:15:00,161.14,161.14,160.45,160.45,301440
3859,2021-03-03 09:45:00,160.45,160.69,160.39,160.65,152586
3860,2021-03-03 10:15:00,160.65,161.15,160.6,161.15,225335
3861,2021-03-03 10:45:00,161.15,161.16,160.91,161.0,78042
3862,2021-03-03 11:15:00,161.0,161.15,160.86,161.0,118358
3863,2021-03-03 11:45:00,161.05,161.36,161.0,161.28,140585
3864,2021-03-03 12:15:00,161.3,161.61,161.13,161.6,344558
3865,2021-03-03 12:45:00,161.6,161.79,161.4,161.62,113841
3866,2021-03-03 13:15:00,161.66,162.0,161.66,161.96,155529
3867,2021-03-03 13:45:00,161.97,162.1,161.75,161.8,153594
3868,2021-03-03 14:15:00,161.75,162.5,161.73,162.5,276373
3869,2021-03-03 14:45:00,162.5,163.05,162.49,163.05,494372
3870,2021-03-03 15:15:00,163.04,163.31,162.87,162.98,219871
3871,2021-03-04 09:15:00,165.0,165.0,160.25,160.4,411987
3872,2021-03-04 09:45:00,160.3,160.9,160.0,160.9,174040
3873,2021-03-04 10:15:00,160.9,161.1,160.5,161.0,141344
3874,2021-03-04 10:45:00,160.92,161.65,160.81,161.63,173325
3875,2021-03-04 11:15:00,161.63,161.98,161.33,161.88,106569
3876,2021-03-04 11:45:00,161.88,161.92,161.59,161.7,129273
3877,2021-03-04 12:15:00,161.66,162.21,161.57,162.07,86891
3878,2021-03-04 12:45:00,162.05,162.34,161.95,162.22,61343
3879,2021-03-04 13:15:00,162.28,162.33,161.74,161.98,70864
3880,2021-03-04 13:45:00,162.0,162.0,161.4,161.8,63243
3881,2021-03-04 14:15:00,161.8,162.1,161.5,161.56,87411
3882,2021-03-04 14:45:00,161.52,161.8,161.01,161.28,131680
3883,2021-03-04 15:15:00,161.28,161.28,161.0,161.2,122501
3884,2021-03-05 09:15:00,160.33,160.5,158.3,160.5,293223
3885,2021-03-05 09:45:00,160.5,161.18,160.5,160.87,198495
3886,2021-03-05 10:15:00,160.85,160.92,160.11,160.32,150402
3887,2021-03-05 10:45:00,160.24,160.5,159.8,160.4,168142
3888,2021-03-05 11:15:00,160.41,160.75,160.22,160.46,88946
3889,2021-03-05 11:45:00,160.54,160.69,160.15,160.44,63514
3890,2021-03-05 12:15:00,160.42,160.84,160.28,160.6,68075
3891,2021-03-05 12:45:00,160.6,160.78,160.2,160.36,51548
3892,2021-03-05 13:15:00,160.36,160.6,159.83,159.98,95534
3893,2021-03-05 13:45:00,159.9,160.16,159.1,159.52,236842
3894,2021-03-05 14:15:00,159.48,159.93,159.12,159.65,269490
3895,2021-03-05 14:45:00,159.65,159.95,159.3,159.86,233666
3896,2021-03-05 15:15:00,159.93,160.25,159.62,159.66,86201
3897,2021-03-08 09:15:00,163.64,183.6,160.05,160.83,176849
3898,2021-03-08 09:45:00,160.83,161.6,160.81,161.43,150499
3899,2021-03-08 10:15:00,161.43,161.44,160.35,160.35,116636
3900,2021-03-08 10:45:00,160.2,160.98,160.03,160.9,172814
3901,2021-03-08 11:15:00,160.94,161.1,160.8,160.83,76480
3902,2021-03-08 11:45:00,160.86,161.0,160.63,160.82,47367
3903,2021-03-08 12:15:00,160.82,161.02,160.51,160.51,47808
3904,2021-03-08 12:45:00,160.51,160.84,160.2,160.77,71019
3905,2021-03-08 13:15:00,160.77,160.83,159.92,160.3,81392
3906,2021-03-08 13:45:00,160.25,160.68,160.0,160.38,79326
3907,2021-03-08 14:15:00,160.43,161.2,160.43,161.0,144334
3908,2021-03-08 14:45:00,160.99,161.0,159.66,160.12,173111
3909,2021-03-08 15:15:00,160.15,160.31,159.92,160.04,81441
3910,2021-03-09 09:15:00,161.18,161.65,160.74,161.24,217107
3911,2021-03-09 09:45:00,161.28,161.41,160.94,161.2,150510
3912,2021-03-09 10:15:00,161.12,161.27,161.0,161.08,90835
3913,2021-03-09 10:45:00,161.08,161.23,161.01,161.15,54354
3914,2021-03-09 11:15:00,161.15,161.45,161.08,161.44,57205
3915,2021-03-09 11:45:00,161.35,161.44,161.12,161.14,32192
3916,2021-03-09 12:15:00,161.16,161.16,160.5,160.76,147616
3917,2021-03-09 12:45:00,160.73,160.91,160.3,160.3,99988
3918,2021-03-09 13:15:00,160.26,160.47,159.85,160.04,148319
3919,2021-03-09 13:45:00,160.01,160.64,159.96,160.3,75024
3920,2021-03-09 14:15:00,160.37,160.8,160.25,160.65,68661
3921,2021-03-09 14:45:00,160.66,161.6,160.66,161.53,222405
3922,2021-03-09 15:15:00,161.59,161.8,161.47,161.47,118753
3923,2021-03-10 09:15:00,164.94,164.94,162.12,162.25,235067
3924,2021-03-10 09:45:00,162.3,162.39,162.2,162.36,55792
3925,2021-03-10 10:15:00,162.38,162.39,161.91,161.94,85842
3926,2021-03-10 10:45:00,161.98,162.14,161.9,162.07,68336
3927,2021-03-10 11:15:00,162.07,162.11,161.8,161.97,82964
3928,2021-03-10 11:45:00,161.98,162.04,161.64,161.74,39763
3929,2021-03-10 12:15:00,161.74,162.08,161.56,161.97,65771
3930,2021-03-10 12:45:00,162.07,162.2,161.88,162.2,31672
3931,2021-03-10 13:15:00,162.2,162.34,161.85,162.18,61746
3932,2021-03-10 13:45:00,162.18,162.45,162.05,162.37,48799
3933,2021-03-10 14:15:00,162.4,162.5,162.3,162.38,75791
3934,2021-03-10 14:45:00,162.38,162.43,162.02,162.22,52595
3935,2021-03-10 15:15:00,162.23,162.3,162.0,162.16,122217
3936,2021-03-12 09:15:00,163.99,163.99,161.0,163.33,473229
3937,2021-03-12 09:45:00,163.32,163.32,163.13,163.26,76644
3938,2021-03-12 10:15:00,163.2,163.25,163.0,163.1,82328
3939,2021-03-12 10:45:00,163.1,163.13,162.96,163.0,55497
3940,2021-03-12 11:15:00,163.0,163.3,162.95,163.22,117674
3941,2021-03-12 11:45:00,163.16,163.29,163.04,163.04,91021
3942,2021-03-12 12:15:00,163.04,163.04,162.54,162.57,115197
3943,2021-03-12 12:45:00,162.51,162.73,162.4,162.55,155506
3944,2021-03-12 13:15:00,162.55,162.65,160.51,161.0,283035
3945,2021-03-12 13:45:00,161.0,161.5,160.4,160.41,353278
3946,2021-03-12 14:15:00,160.4,160.78,159.89,160.65,293362
3947,2021-03-12 14:45:00,160.64,161.1,160.32,160.67,252174
3948,2021-03-12 15:15:00,160.67,160.86,160.37,160.63,346131
3949,2021-03-15 09:15:00,161.0,161.01,158.75,158.97,370290
3950,2021-03-15 09:45:00,158.88,159.41,158.64,159.06,479707
3951,2021-03-15 10:15:00,159.06,159.45,158.87,159.1,209936
3952,2021-03-15 10:45:00,159.1,159.17,158.47,158.7,193391
3953,2021-03-15 11:15:00,158.7,158.96,158.43,158.8,111838
3954,2021-03-15 11:45:00,158.8,159.26,158.53,159.0,124767
3955,2021-03-15 12:15:00,158.95,159.0,158.22,158.37,165578
3956,2021-03-15 12:45:00,158.37,158.65,158.1,158.33,191737
3957,2021-03-15 13:15:00,158.33,158.82,158.25,158.79,198729
3958,2021-03-15 13:45:00,158.7,159.0,158.5,158.76,139224
3959,2021-03-15 14:15:00,158.79,159.3,158.68,159.28,153377
3960,2021-03-15 14:45:00,159.28,160.34,159.14,159.9,293895
3961,2021-03-15 15:15:00,159.9,160.06,159.6,159.96,93846
3962,2021-03-16 09:15:00,163.19,164.6,159.0,160.13,290867
3963,2021-03-16 09:45:00,160.15,160.49,159.84,160.29,84706
3964,2021-03-16 10:15:00,160.29,161.09,160.27,161.05,141280
3965,2021-03-16 10:45:00,161.05,161.05,160.78,160.88,51895
3966,2021-03-16 11:15:00,160.88,160.88,160.1,160.2,92873
3967,2021-03-16 11:45:00,160.29,160.9,160.2,160.51,40531
3968,2021-03-16 12:15:00,160.5,160.65,160.32,160.49,50001
3969,2021-03-16 12:45:00,160.49,160.79,159.88,160.0,76668
3970,2021-03-16 13:15:00,159.97,160.17,159.55,159.89,96988
3971,2021-03-16 13:45:00,159.89,160.3,159.76,159.99,57779
3972,2021-03-16 14:15:00,159.99,160.2,159.9,160.1,46523
3973,2021-03-16 14:45:00,160.06,160.3,159.6,159.71,103690
3974,2021-03-16 15:15:00,159.71,160.08,159.59,159.79,61072
3975,2021-03-17 09:15:00,183.48,183.48,158.04,159.64,340057
3976,2021-03-17 09:45:00,159.64,159.64,159.05,159.1,136382
3977,2021-03-17 10:15:00,159.1,159.32,158.93,159.21,107027
3978,2021-03-17 10:45:00,159.21,159.27,159.01,159.22,48438
3979,2021-03-17 11:15:00,159.18,159.9,159.18,159.69,58895
3980,2021-03-17 11:45:00,159.7,159.8,159.17,159.24,53194
3981,2021-03-17 12:15:00,159.21,159.36,158.87,159.14,80120
3982,2021-03-17 12:45:00,159.16,159.24,158.76,158.87,93936
3983,2021-03-17 13:15:00,158.88,159.2,158.83,158.98,106195
3984,2021-03-17 13:45:00,159.01,159.07,158.35,158.49,158204
3985,2021-03-17 14:15:00,158.49,158.54,158.16,158.37,173244
3986,2021-03-17 14:45:00,158.41,158.59,157.6,157.67,408591
3987,2021-03-17 15:15:00,157.67,157.94,157.52,157.88,255723
3988,2021-03-18 09:15:00,159.49,159.49,157.88,159.05,216603
3989,2021-03-18 09:45:00,159.05,159.06,158.6,158.7,97956
3990,2021-03-18 10:15:00,158.69,158.71,158.14,158.3,74072
3991,2021-03-18 10:45:00,158.25,158.65,158.25,158.37,74545
3992,2021-03-18 11:15:00,158.37,158.62,158.33,158.5,50246
3993,2021-03-18 11:45:00,158.5,158.9,158.37,158.88,59632
3994,2021-03-18 12:15:00,158.9,158.92,158.6,158.68,35265
3995,2021-03-18 12:45:00,158.7,158.71,157.8,157.84,136446
3996,2021-03-18 13:15:00,157.75,157.92,156.3,156.76,341342
3997,2021-03-18 13:45:00,156.76,157.14,155.55,155.62,387969
3998,2021-03-18 14:15:00,155.6,156.22,155.31,155.72,557576
3999,2021-03-18 14:45:00,155.65,156.44,155.5,156.42,314904
4000,2021-03-18 15:15:00,156.43,156.49,156.0,156.12,219355
4001,2021-03-19 09:15:00,158.59,158.59,153.86,154.62,647326
4002,2021-03-19 09:45:00,154.66,155.5,154.44,155.4,318506
4003,2021-03-19 10:15:00,155.4,155.9,155.0,155.68,188792
4004,2021-03-19 10:45:00,155.64,156.95,155.5,156.74,267758
4005,2021-03-19 11:15:00,156.73,156.79,155.6,155.73,229187
4006,2021-03-19 11:45:00,155.73,156.22,155.51,155.66,205193
4007,2021-03-19 12:15:00,155.7,156.35,155.4,155.9,123216
4008,2021-03-19 12:45:00,155.9,156.4,155.76,156.15,167153
4009,2021-03-19 13:15:00,156.15,156.78,156.06,156.55,98569
4010,2021-03-19 13:45:00,156.55,157.48,156.31,157.3,224416
4011,2021-03-19 14:15:00,157.18,157.89,156.88,157.76,176718
4012,2021-03-19 14:45:00,157.85,158.3,157.69,157.88,196949
4013,2021-03-19 15:15:00,158.0,158.05,157.45,157.87,145177
4014,2021-03-22 09:15:00,178.88,178.88,137.3,157.4,379477
4015,2021-03-22 09:45:00,157.4,157.69,156.9,157.39,573198
4016,2021-03-22 10:15:00,157.39,157.4,156.85,156.97,180654
4017,2021-03-22 10:45:00,156.97,157.02,156.46,156.81,144066
4018,2021-03-22 11:15:00,156.84,157.0,156.6,156.84,96437
4019,2021-03-22 11:45:00,156.92,157.27,156.86,156.97,90181
4020,2021-03-22 12:15:00,156.9,156.91,156.22,156.26,111341
4021,2021-03-22 12:45:00,156.3,156.64,156.09,156.35,117111
4022,2021-03-22 13:15:00,156.35,156.89,156.05,156.74,106091
4023,2021-03-22 13:45:00,156.85,157.25,156.52,157.15,127814
4024,2021-03-22 14:15:00,157.14,157.24,156.59,156.86,75310
4025,2021-03-22 14:45:00,156.78,157.6,156.58,157.57,165187
4026,2021-03-22 15:15:00,157.58,157.62,157.37,157.55,82169
4027,2021-03-23 09:15:00,178.48,178.48,157.16,158.1,373095
4028,2021-03-23 09:45:00,158.06,158.28,157.77,157.84,140987
4029,2021-03-23 10:15:00,157.84,158.05,157.52,157.9,116666
4030,2021-03-23 10:45:00,157.95,158.75,157.8,158.2,155886
4031,2021-03-23 11:15:00,158.21,158.36,157.2,157.61,177417
4032,2021-03-23 11:45:00,157.59,157.9,157.36,157.78,78564
4033,2021-03-23 12:15:00,157.77,157.88,157.5,157.88,56023
4034,2021-03-23 12:45:00,157.86,158.18,157.8,158.02,95681
4035,2021-03-23 13:15:00,158.0,158.2,157.6,158.05,110471
4036,2021-03-23 13:45:00,158.05,158.43,157.93,158.26,52549
4037,2021-03-23 14:15:00,158.26,158.84,158.2,158.82,408146
4038,2021-03-23 14:45:00,158.84,158.85,158.33,158.53,265934
4039,2021-03-23 15:15:00,158.51,158.55,158.14,158.35,164515
4040,2021-03-24 09:15:00,174.88,174.88,156.17,157.55,248254
4041,2021-03-24 09:45:00,157.55,157.62,156.9,157.01,202793
4042,2021-03-24 10:15:00,156.9,156.98,156.55,156.92,189949
4043,2021-03-24 10:45:00,156.93,156.95,156.4,156.73,177594
4044,2021-03-24 11:15:00,156.72,156.8,156.29,156.66,191478
4045,2021-03-24 11:45:00,156.69,156.99,156.6,156.91,269415
4046,2021-03-24 12:15:00,156.93,157.43,156.9,157.22,88244
4047,2021-03-24 12:45:00,157.22,157.23,156.76,156.8,95927
4048,2021-03-24 13:15:00,156.76,157.15,156.71,157.05,258062
4049,2021-03-24 13:45:00,157.05,157.2,156.8,156.94,414462
4050,2021-03-24 14:15:00,156.9,157.2,156.82,157.05,87762
4051,2021-03-24 14:45:00,157.05,157.09,155.91,156.11,474687
4052,2021-03-24 15:15:00,156.11,156.41,156.0,156.38,181305
4053,2021-03-25 09:15:00,156.53,156.55,154.78,155.02,334687
4054,2021-03-25 09:45:00,155.0,155.0,154.53,154.9,260625
4055,2021-03-25 10:15:00,154.87,154.91,154.4,154.58,312682
4056,2021-03-25 10:45:00,154.5,154.75,154.25,154.31,388341
4057,2021-03-25 11:15:00,154.32,154.59,154.2,154.43,287156
4058,2021-03-25 11:45:00,154.43,154.48,153.32,153.74,721166
4059,2021-03-25 12:15:00,153.73,153.85,153.6,153.8,266993
4060,2021-03-25 12:45:00,153.8,153.89,153.25,153.64,277791
4061,2021-03-25 13:15:00,153.65,154.8,153.56,154.65,226987
4062,2021-03-25 13:45:00,154.75,155.0,154.38,154.7,344332
4063,2021-03-25 14:15:00,154.78,154.86,154.22,154.85,183975
4064,2021-03-25 14:45:00,154.86,155.45,153.4,153.66,651331
4065,2021-03-25 15:15:00,153.63,154.49,153.55,153.86,363189
4066,2021-03-26 09:15:00,183.48,183.48,154.11,154.75,619347
4067,2021-03-26 09:45:00,154.78,155.25,154.52,155.25,104555
4068,2021-03-26 10:15:00,155.25,155.6,155.03,155.38,301466
4069,2021-03-26 10:45:00,155.31,155.36,154.7,154.97,199220
4070,2021-03-26 11:15:00,154.99,155.47,154.81,155.32,484374
4071,2021-03-26 11:45:00,155.32,155.46,155.21,155.31,202102
4072,2021-03-26 12:15:00,155.31,155.36,154.94,155.27,144874
4073,2021-03-26 12:45:00,155.3,155.4,155.0,155.07,72099
4074,2021-03-26 13:15:00,155.07,155.3,154.82,155.17,268257
4075,2021-03-26 13:45:00,155.18,155.55,155.13,155.34,230959
4076,2021-03-26 14:15:00,155.29,155.6,155.13,155.28,226743
4077,2021-03-26 14:45:00,155.23,155.49,154.96,155.16,127429
4078,2021-03-26 15:15:00,155.16,155.54,154.85,155.21,152365
4079,2021-03-30 09:15:00,179.88,179.88,153.81,156.83,425564
4080,2021-03-30 09:45:00,156.83,157.25,156.8,157.2,567811
4081,2021-03-30 10:15:00,157.24,157.5,157.17,157.3,281916
4082,2021-03-30 10:45:00,157.25,157.6,157.25,157.43,81414
4083,2021-03-30 11:15:00,157.43,157.65,157.38,157.53,117534
4084,2021-03-30 11:45:00,157.6,157.7,157.0,157.14,99358
4085,2021-03-30 12:15:00,157.1,157.5,157.01,157.4,337002
4086,2021-03-30 12:45:00,157.44,157.49,157.2,157.45,115056
4087,2021-03-30 13:15:00,157.46,157.96,157.38,157.95,184046
4088,2021-03-30 13:45:00,157.96,158.45,157.9,158.42,227926
4089,2021-03-30 14:15:00,158.4,158.65,158.26,158.44,139982
4090,2021-03-30 14:45:00,158.44,158.63,158.27,158.5,270503
4091,2021-03-30 15:15:00,158.46,158.5,158.1,158.42,159268
4092,2022-07-22 09:15:00,177.11,182.87,177.11,181.15,666435
4093,2022-07-22 09:45:00,181.15,181.18,180.82,180.85,353476
4094,2022-07-22 10:15:00,180.94,181.15,180.72,180.9,169673
4095,2022-07-22 10:45:00,180.81,181.0,180.75,180.95,111819
4096,2022-07-22 11:15:00,180.95,181.1,180.91,181.1,118118
4097,2022-07-22 11:45:00,181.07,181.35,181.07,181.35,190610
4098,2022-07-22 12:15:00,181.35,181.65,181.31,181.63,328191
4099,2022-07-22 12:45:00,181.62,181.74,181.33,181.54,487422
4100,2022-07-22 13:15:00,181.45,181.64,181.25,181.64,172998
4101,2022-07-22 13:45:00,181.61,182.16,181.61,182.05,612031
4102,2022-07-22 14:15:00,182.06,182.19,181.85,181.9,403253
4103,2022-07-22 14:45:00,181.9,182.05,181.76,181.99,233196
4104,2022-07-22 15:15:00,181.99,182.0,181.72,181.9,194350
4105,2022-07-25 09:15:00,182.95,184.51,180.3,181.25,483781
4106,2022-07-25 09:45:00,181.16,181.21,180.66,180.95,296502
4107,2022-07-25 10:15:00,181.02,181.11,180.75,180.86,147541
4108,2022-07-25 10:45:00,180.86,180.9,180.47,180.5,192111
4109,2022-07-25 11:15:00,180.49,180.75,180.44,180.62,157279
4110,2022-07-25 11:45:00,180.65,180.95,180.59,180.61,92464
4111,2022-07-25 12:15:00,180.61,180.85,180.61,180.77,60343
4112,2022-07-25 12:45:00,180.78,180.95,180.54,180.95,108286
4113,2022-07-25 13:15:00,180.92,181.0,180.74,180.85,219090
4114,2022-07-25 13:45:00,180.9,181.46,180.85,181.42,265488
4115,2022-07-25 14:15:00,181.42,181.74,181.4,181.67,260701
4116,2022-07-25 14:45:00,181.69,181.7,181.32,181.43,464116
4117,2022-07-25 15:15:00,181.43,181.51,180.97,181.19,125189
4118,2022-07-26 09:15:00,176.1,181.95,176.1,180.33,402310
4119,2022-07-26 09:45:00,180.34,180.34,179.91,180.0,300060
4120,2022-07-26 10:15:00,180.0,180.37,179.96,180.09,212539
4121,2022-07-26 10:45:00,180.09,180.28,179.99,180.0,146682
4122,2022-07-26 11:15:00,180.0,180.3,179.95,180.1,62418
4123,2022-07-26 11:45:00,180.1,180.39,180.05,180.34,61661
4124,2022-07-26 12:15:00,180.37,180.56,180.22,180.55,103293
4125,2022-07-26 12:45:00,180.53,180.55,180.35,180.51,63475
4126,2022-07-26 13:15:00,180.5,180.62,180.3,180.44,102702
4127,2022-07-26 13:45:00,180.44,180.49,180.05,180.43,96745
4128,2022-07-26 14:15:00,180.43,180.5,180.05,180.06,554303
4129,2022-07-26 14:45:00,180.04,180.22,179.94,179.97,234627
4130,2022-07-26 15:15:00,179.97,179.98,179.65,179.98,141776
4131,2022-07-27 09:15:00,180.89,180.89,178.6,179.65,271358
4132,2022-07-27 09:45:00,179.65,180.45,179.53,180.34,276511
4133,2022-07-27 10:15:00,180.38,180.59,180.31,180.57,91757
4134,2022-07-27 10:45:00,180.56,180.75,180.5,180.65,463382
4135,2022-07-27 11:15:00,180.65,180.85,180.51,180.85,174605
4136,2022-07-27 11:45:00,180.85,180.91,180.7,180.89,108368
4137,2022-07-27 12:15:00,180.89,180.95,180.54,180.8,576493
4138,2022-07-27 12:45:00,180.8,181.19,180.75,181.15,211124
4139,2022-07-27 13:15:00,181.15,181.3,181.0,181.2,167521
4140,2022-07-27 13:45:00,181.2,181.24,180.87,180.95,175130
4141,2022-07-27 14:15:00,181.09,181.31,180.94,181.19,133228
4142,2022-07-27 14:45:00,181.19,181.6,181.1,181.6,238218
4143,2022-07-27 15:15:00,181.6,181.8,181.5,181.63,178140
4144,2022-07-28 09:15:00,184.5,184.5,180.11,182.7,586890
4145,2022-07-28 09:45:00,182.61,183.49,182.59,183.41,541254
4146,2022-07-28 10:15:00,183.45,183.79,183.35,183.58,432812
4147,2022-07-28 10:45:00,183.58,183.79,183.46,183.79,240299
4148,2022-07-28 11:15:00,183.78,183.85,183.61,183.83,192441
4149,2022-07-28 11:45:00,183.83,183.98,183.76,183.95,216637
4150,2022-07-28 12:15:00,183.93,183.99,183.81,183.98,222660
4151,2022-07-28 12:45:00,183.96,184.15,183.73,184.03,413972
4152,2022-07-28 13:15:00,184.04,184.19,183.86,183.98,141079
4153,2022-07-28 13:45:00,183.99,184.2,183.93,184.1,194450
4154,2022-07-28 14:15:00,184.1,184.2,183.72,183.77,242785
4155,2022-07-28 14:45:00,183.8,184.3,183.6,184.25,514069
4156,2022-07-28 15:15:00,184.25,184.3,184.07,184.18,242847
4157,2022-07-29 09:15:00,185.0,186.34,184.25,186.22,1054947
4158,2022-07-29 09:45:00,186.22,186.4,186.15,186.15,584222
4159,2022-07-29 10:15:00,186.15,186.24,185.18,185.3,520082
4160,2022-07-29 10:45:00,185.33,186.0,185.29,185.97,376490
4161,2022-07-29 11:15:00,185.99,186.06,185.71,185.88,415467
4162,2022-07-29 11:45:00,185.88,186.1,185.88,185.91,161482
4163,2022-07-29 12:15:00,185.91,186.01,185.8,185.94,134632
4164,2022-07-29 12:45:00,185.94,186.2,185.94,186.09,510661
4165,2022-07-29 13:15:00,186.01,186.12,185.63,185.94,172794
4166,2022-07-29 13:45:00,185.94,186.05,185.68,185.85,172334
4167,2022-07-29 14:15:00,185.8,185.97,185.6,185.87,209728
4168,2022-07-29 14:45:00,185.87,186.7,185.7,186.64,778317
4169,2022-07-29 15:15:00,186.61,186.8,186.57,186.63,296013
4170,2022-08-01 09:15:00,186.54,190.0,186.54,187.4,953180
4171,2022-08-01 09:45:00,187.4,187.9,187.34,187.85,375992
4172,2022-08-01 10:15:00,187.85,188.06,187.75,188.06,364959
4173,2022-08-01 10:45:00,188.08,188.1,187.81,187.91,218842
4174,2022-08-01 11:15:00,187.9,187.94,187.66,187.89,136995
4175,2022-08-01 11:45:00,187.89,187.95,187.67,187.8,114876
4176,2022-08-01 12:15:00,187.8,188.09,187.77,188.04,225324
4177,2022-08-01 12:45:00,188.0,188.18,187.99,188.09,262524
4178,2022-08-01 13:15:00,188.09,188.2,188.0,188.18,161612
4179,2022-08-01 13:45:00,188.18,188.39,188.06,188.33,239975
4180,2022-08-01 14:15:00,188.28,188.45,188.12,188.43,353987
4181,2022-08-01 14:45:00,188.45,188.82,188.35,188.6,602795
4182,2022-08-01 15:15:00,188.58,188.79,188.5,188.6,365905
4183,2022-08-02 09:15:00,199.99,199.99,183.0,188.35,839829
4184,2022-08-02 09:45:00,188.35,188.35,187.29,187.39,1134797
4185,2022-08-02 10:15:00,187.39,187.96,187.37,187.85,406534
4186,2022-08-02 10:45:00,187.86,187.9,187.54,187.72,259152
4187,2022-08-02 11:15:00,187.8,188.28,187.67,188.25,373720
4188,2022-08-02 11:45:00,188.28,188.3,188.0,188.1,186641
4189,2022-08-02 12:15:00,188.14,188.34,187.6,187.69,202264
4190,2022-08-02 12:45:00,187.69,188.09,187.62,187.95,199716
4191,2022-08-02 13:15:00,187.95,188.2,187.81,188.1,92271
4192,2022-08-02 13:45:00,188.1,188.69,188.07,188.53,208446
4193,2022-08-02 14:15:00,188.51,189.12,188.41,189.09,459967
4194,2022-08-02 14:45:00,189.11,189.23,188.69,188.95,308037
4195,2022-08-02 15:15:00,188.9,188.95,188.05,188.62,246295
4196,2022-08-03 09:15:00,188.9,189.19,180.01,188.05,808106
4197,2022-08-03 09:45:00,188.0,188.5,187.95,188.3,279928
4198,2022-08-03 10:15:00,188.25,188.3,187.75,188.1,242328
4199,2022-08-03 10:45:00,188.1,188.1,187.67,187.79,202959
4200,2022-08-03 11:15:00,187.7,187.95,187.53,187.93,202391
4201,2022-08-03 11:45:00,187.93,188.07,187.64,187.8,213266
4202,2022-08-03 12:15:00,187.8,188.07,187.61,187.95,121380
4203,2022-08-03 12:45:00,187.9,188.29,187.85,188.1,443092
4204,2022-08-03 13:15:00,188.11,188.25,187.9,187.98,808288
4205,2022-08-03 13:45:00,188.0,188.41,188.0,188.29,86483
4206,2022-08-03 14:15:00,188.3,188.69,188.09,188.69,254192
4207,2022-08-03 14:45:00,188.58,189.35,188.58,189.27,516055
4208,2022-08-03 15:15:00,189.25,189.4,189.0,189.11,292614
4209,2022-08-04 09:15:00,190.25,190.68,188.91,190.03,804988
4210,2022-08-04 09:45:00,190.03,190.29,189.9,190.01,1193709
4211,2022-08-04 10:15:00,190.01,190.1,189.8,189.88,788446
4212,2022-08-04 10:45:00,189.89,190.04,189.7,189.8,128911
4213,2022-08-04 11:15:00,189.77,189.77,187.8,187.94,581404
4214,2022-08-04 11:45:00,187.94,188.6,187.03,188.6,627724
4215,2022-08-04 12:15:00,188.6,188.6,188.06,188.43,302533
4216,2022-08-04 12:45:00,188.4,188.96,188.36,188.48,191976
4217,2022-08-04 13:15:00,188.55,188.79,188.36,188.75,113962
4218,2022-08-04 13:45:00,188.74,188.75,188.1,188.3,404618
4219,2022-08-04 14:15:00,188.32,188.77,188.24,188.75,189855
4220,2022-08-04 14:45:00,188.7,189.4,188.61,189.15,469767
4221,2022-08-04 15:15:00,189.15,189.3,188.87,188.95,169093
4222,2022-08-05 09:15:00,180.01,191.05,180.01,189.73,435362
4223,2022-08-05 09:45:00,189.55,190.03,189.45,189.8,350838
4224,2022-08-05 10:15:00,189.87,190.0,189.58,189.8,137853
4225,2022-08-05 10:45:00,189.83,190.25,189.65,190.18,232845
4226,2022-08-05 11:15:00,190.18,190.18,189.75,189.87,126883
4227,2022-08-05 11:45:00,189.87,189.98,189.7,189.87,276620
4228,2022-08-05 12:15:00,189.96,189.98,189.7,189.8,76146
4229,2022-08-05 12:45:00,189.8,189.8,189.3,189.59,157259
4230,2022-08-05 13:15:00,189.6,189.75,189.3,189.74,98521
4231,2022-08-05 13:45:00,189.74,189.78,189.36,189.36,87006
4232,2022-08-05 14:15:00,189.31,189.5,189.0,189.08,228637
4233,2022-08-05 14:45:00,189.04,189.49,189.04,189.33,241070
4234,2022-08-05 15:15:00,189.33,189.37,189.12,189.15,203904
4235,2022-08-08 09:15:00,189.75,190.0,188.3,189.65,560331
4236,2022-08-08 09:45:00,189.66,189.81,189.51,189.81,453258
4237,2022-08-08 10:15:00,189.82,190.1,189.77,190.07,537406
4238,2022-08-08 10:45:00,190.07,190.25,190.0,190.1,271599
4239,2022-08-08 11:15:00,190.1,190.4,190.02,190.15,223959
4240,2022-08-08 11:45:00,190.13,190.53,190.11,190.53,165783
4241,2022-08-08 12:15:00,190.53,190.8,190.53,190.72,336999
4242,2022-08-08 12:45:00,190.7,190.89,190.65,190.7,231457
4243,2022-08-08 13:15:00,190.7,191.04,190.6,190.9,295840
4244,2022-08-08 13:45:00,190.97,191.03,190.61,190.75,186957
4245,2022-08-08 14:15:00,190.75,190.95,190.5,190.59,144014
4246,2022-08-08 14:45:00,190.59,190.95,190.42,190.8,229360
4247,2022-08-08 15:15:00,190.8,190.9,190.65,190.85,173126
4248,2022-08-10 09:15:00,199.8,199.99,190.3,190.62,575377
4249,2022-08-10 09:45:00,190.62,190.65,189.98,190.51,479399
4250,2022-08-10 10:15:00,190.51,190.99,190.51,190.88,240382
4251,2022-08-10 10:45:00,190.88,190.98,190.64,190.77,113490
4252,2022-08-10 11:15:00,190.74,190.84,190.5,190.73,104841
4253,2022-08-10 11:45:00,190.73,190.73,190.41,190.67,79207
4254,2022-08-10 12:15:00,190.67,190.81,190.61,190.8,95127
4255,2022-08-10 12:45:00,190.8,190.84,190.54,190.65,578552
4256,2022-08-10 13:15:00,190.65,190.75,190.4,190.69,70283
4257,2022-08-10 13:45:00,190.61,190.95,190.5,190.91,90944
4258,2022-08-10 14:15:00,190.95,191.19,190.87,190.99,293308
4259,2022-08-10 14:45:00,190.95,191.15,190.9,191.05,207592
4260,2022-08-10 15:15:00,191.07,191.1,190.87,190.9,166544
4261,2022-08-11 09:15:00,193.97,193.97,191.5,192.67,917803
4262,2022-08-11 09:45:00,192.67,192.8,192.41,192.41,329807
4263,2022-08-11 10:15:00,192.42,192.7,192.42,192.52,417553
4264,2022-08-11 10:45:00,192.53,192.65,192.41,192.5,176088
4265,2022-08-11 11:15:00,192.48,192.6,192.2,192.38,274860
4266,2022-08-11 11:45:00,192.38,192.5,192.25,192.37,121187
4267,2022-08-11 12:15:00,192.38,192.65,192.36,192.6,145800
4268,2022-08-11 12:45:00,192.6,192.62,192.34,192.54,377225
4269,2022-08-11 13:15:00,192.48,192.53,192.09,192.33,136315
4270,2022-08-11 13:45:00,192.4,192.48,192.14,192.26,145829
4271,2022-08-11 14:15:00,192.15,192.55,192.09,192.35,144088
4272,2022-08-11 14:45:00,192.35,192.55,192.27,192.35,283618
4273,2022-08-11 15:15:00,192.3,192.35,192.12,192.25,198262
4274,2022-08-12 09:15:00,199.99,199.99,191.71,192.14,400407
4275,2022-08-12 09:45:00,192.1,192.57,192.1,192.55,779997
4276,2022-08-12 10:15:00,192.55,192.65,192.2,192.3,286918
4277,2022-08-12 10:45:00,192.21,192.6,192.21,192.57,225032
4278,2022-08-12 11:15:00,192.59,192.84,192.5,192.68,148035
4279,2022-08-12 11:45:00,192.68,192.73,192.58,192.64,76454
4280,2022-08-12 12:15:00,192.68,192.77,192.45,192.75,103933
4281,2022-08-12 12:45:00,192.71,192.9,192.68,192.8,158683
4282,2022-08-12 13:15:00,192.79,193.0,192.7,192.99,160745
4283,2022-08-12 13:45:00,192.95,193.1,192.9,192.96,282185
4284,2022-08-12 14:15:00,192.96,193.0,192.71,192.79,156957
4285,2022-08-12 14:45:00,192.71,192.85,192.5,192.8,187316
4286,2022-08-12 15:15:00,192.8,193.0,192.7,192.89,176649
4287,2022-08-16 09:15:00,199.74,199.74,192.9,194.13,702451
4288,2022-08-16 09:45:00,194.13,194.25,194.05,194.11,367970
4289,2022-08-16 10:15:00,194.11,194.23,194.06,194.15,200510
4290,2022-08-16 10:45:00,194.15,194.34,194.05,194.32,370605
4291,2022-08-16 11:15:00,194.3,194.33,194.06,194.17,136732
4292,2022-08-16 11:45:00,194.17,194.2,193.85,193.98,127315
4293,2022-08-16 12:15:00,193.98,194.17,193.9,194.06,135362
4294,2022-08-16 12:45:00,194.06,194.12,193.76,193.93,98080
4295,2022-08-16 13:15:00,193.8,194.0,193.7,193.98,74755
4296,2022-08-16 13:45:00,193.9,194.04,193.9,194.0,91940
4297,2022-08-16 14:15:00,194.04,194.14,193.91,193.92,220818
4298,2022-08-16 14:45:00,194.04,194.2,193.74,194.19,502634
4299,2022-08-16 15:15:00,194.17,194.25,194.11,194.22,304562
4300,2022-08-17 09:15:00,198.2,198.2,194.2,194.95,581507
4301,2022-08-17 09:45:00,194.95,195.15,194.77,195.1,413522
4302,2022-08-17 10:15:00,195.12,195.25,195.0,195.2,197682
4303,2022-08-17 10:45:00,195.2,195.35,195.09,195.35,183500
4304,2022-08-17 11:15:00,195.33,195.4,195.19,195.24,119612
4305,2022-08-17 11:45:00,195.24,195.38,195.1,195.34,284631
4306,2022-08-17 12:15:00,195.34,195.47,195.26,195.4,142824
4307,2022-08-17 12:45:00,195.35,195.49,195.32,195.44,336282
4308,2022-08-17 13:15:00,195.44,195.45,195.31,195.45,94210
4309,2022-08-17 13:45:00,195.45,195.49,195.25,195.35,298829
4310,2022-08-17 14:15:00,195.33,195.6,195.32,195.47,144651
4311,2022-08-17 14:45:00,195.47,195.69,195.47,195.51,202746
4312,2022-08-17 15:15:00,195.59,195.59,195.4,195.54,137124
4313,2022-08-18 09:15:00,196.5,196.89,194.2,195.31,447904
4314,2022-08-18 09:45:00,195.32,195.69,195.23,195.57,235586
4315,2022-08-18 10:15:00,195.61,195.61,194.92,195.15,192681
4316,2022-08-18 10:45:00,195.15,195.39,195.1,195.22,207555
4317,2022-08-18 11:15:00,195.2,195.2,194.75,194.97,165296
4318,2022-08-18 11:45:00,195.0,195.0,194.7,194.81,127982
4319,2022-08-18 12:15:00,194.89,195.29,194.81,195.28,122289
4320,2022-08-18 12:45:00,195.29,195.43,195.01,195.39,319294
4321,2022-08-18 13:15:00,195.3,195.39,195.14,195.2,151609
4322,2022-08-18 13:45:00,195.2,195.25,195.01,195.25,82752
4323,2022-08-18 14:15:00,195.25,195.64,195.22,195.57,146800
4324,2022-08-18 14:45:00,195.57,195.79,195.53,195.72,291400
4325,2022-08-18 15:15:00,195.72,195.95,195.65,195.95,213159
4326,2022-08-19 09:15:00,196.63,196.63,194.86,195.8,397577
4327,2022-08-19 09:45:00,195.8,195.95,195.61,195.89,210979
4328,2022-08-19 10:15:00,195.89,195.94,195.7,195.79,110395
4329,2022-08-19 10:45:00,195.79,195.89,194.8,195.0,269119
4330,2022-08-19 11:15:00,195.09,195.2,194.05,194.13,308452
4331,2022-08-19 11:45:00,194.05,194.5,194.01,194.35,251533
4332,2022-08-19 12:15:00,194.21,194.38,193.4,193.87,365575
4333,2022-08-19 12:45:00,194.0,194.4,193.8,194.34,142880
4334,2022-08-19 13:15:00,194.34,194.47,193.7,193.88,214744
4335,2022-08-19 13:45:00,193.88,193.9,193.12,193.7,202021
4336,2022-08-19 14:15:00,193.61,194.05,193.61,194.05,144716
4337,2022-08-19 14:45:00,194.05,194.25,193.62,193.77,319496
4338,2022-08-19 15:15:00,193.72,193.77,193.46,193.61,393283
4339,2022-08-22 09:15:00,168.4,194.06,168.4,191.98,1055937
4340,2022-08-22 09:45:00,192.05,192.19,191.66,191.75,445364
4341,2022-08-22 10:15:00,191.75,191.9,191.6,191.64,275399
4342,2022-08-22 10:45:00,191.64,191.79,191.5,191.68,238664
4343,2022-08-22 11:15:00,191.68,191.8,191.55,191.75,179918
4344,2022-08-22 11:45:00,191.74,191.97,191.7,191.92,104768
4345,2022-08-22 12:15:00,191.91,192.1,191.8,191.8,196884
4346,2022-08-22 12:45:00,191.79,191.87,191.51,191.59,228336
4347,2022-08-22 13:15:00,191.59,191.64,191.4,191.45,196848
4348,2022-08-22 13:45:00,191.45,191.52,191.25,191.49,167924
4349,2022-08-22 14:15:00,191.5,191.7,191.1,191.1,343427
4350,2022-08-22 14:45:00,191.35,191.37,190.8,190.9,650892
4351,2022-08-22 15:15:00,190.94,191.15,190.85,190.99,228498
4352,2022-08-23 09:15:00,190.74,191.55,189.53,191.48,942649
4353,2022-08-23 09:45:00,191.48,192.09,191.32,191.5,338541
4354,2022-08-23 10:15:00,191.45,191.66,190.35,190.69,264524
4355,2022-08-23 10:45:00,190.7,190.89,190.26,190.55,174561
4356,2022-08-23 11:15:00,190.55,191.41,190.43,190.91,131253
4357,2022-08-23 11:45:00,191.01,191.25,190.74,190.9,61148
4358,2022-08-23 12:15:00,190.9,191.2,190.7,191.07,175182
4359,2022-08-23 12:45:00,191.19,191.75,191.07,191.75,134878
4360,2022-08-23 13:15:00,191.75,192.04,191.65,192.0,142125
4361,2022-08-23 13:45:00,192.0,192.1,191.61,192.08,160454
4362,2022-08-23 14:15:00,192.08,192.3,191.8,192.08,221619
4363,2022-08-23 14:45:00,192.08,192.15,191.57,192.15,150907
4364,2022-08-23 15:15:00,192.05,192.7,192.04,192.7,160702
4365,2022-08-24 09:15:00,192.9,192.9,191.2,191.4,365662
4366,2022-08-24 09:45:00,191.31,192.02,191.25,191.98,200756
4367,2022-08-24 10:15:00,191.98,192.25,191.88,192.09,108322
4368,2022-08-24 10:45:00,192.09,192.49,192.0,192.47,117062
4369,2022-08-24 11:15:00,192.47,192.55,192.25,192.47,124271
4370,2022-08-24 11:45:00,192.47,192.49,191.97,192.01,161612
4371,2022-08-24 12:15:00,192.01,192.3,191.91,192.12,84586
4372,2022-08-24 12:45:00,192.19,192.2,191.7,191.9,114826
4373,2022-08-24 13:15:00,191.9,192.2,191.66,192.09,196845
4374,2022-08-24 13:45:00,192.2,192.42,192.0,192.26,237610
4375,2022-08-24 14:15:00,192.26,192.36,192.1,192.31,183817
4376,2022-08-24 14:45:00,192.13,192.89,192.13,192.85,319664
4377,2022-08-24 15:15:00,192.84,192.85,192.47,192.65,208750
4378,2022-08-25 09:15:00,194.9,195.33,192.88,193.55,409911
4379,2022-08-25 09:45:00,193.55,193.64,193.3,193.4,139253
4380,2022-08-25 10:15:00,193.4,193.46,193.15,193.15,880392
4381,2022-08-25 10:45:00,193.25,193.29,193.05,193.08,527356
4382,2022-08-25 11:15:00,193.05,193.07,192.75,193.0,160164
4383,2022-08-25 11:45:00,192.99,193.25,192.9,193.25,866696
4384,2022-08-25 12:15:00,193.24,193.49,193.15,193.37,272315
4385,2022-08-25 12:45:00,193.3,193.59,193.3,193.55,192671
4386,2022-08-25 13:15:00,193.55,193.64,193.42,193.57,187635
4387,2022-08-25 13:45:00,193.57,193.57,193.45,193.51,1139214
4388,2022-08-25 14:15:00,193.5,193.55,192.7,193.06,827942
4389,2022-08-25 14:45:00,193.0,193.13,191.3,191.49,460622
4390,2022-08-25 15:15:00,191.52,191.87,191.33,191.78,362567
4391,2022-08-26 09:15:00,192.9,193.4,191.8,192.9,483387
4392,2022-08-26 09:45:00,192.79,193.2,192.74,192.96,177341
4393,2022-08-26 10:15:00,192.96,192.96,192.51,192.58,173258
4394,2022-08-26 10:45:00,192.61,192.66,192.33,192.43,111218
4395,2022-08-26 11:15:00,192.43,192.72,192.32,192.54,152089
4396,2022-08-26 11:45:00,192.54,192.99,192.53,192.87,136973
4397,2022-08-26 12:15:00,192.87,192.87,192.4,192.74,88622
4398,2022-08-26 12:45:00,192.74,192.88,192.15,192.2,167088
4399,2022-08-26 13:15:00,192.3,192.53,192.11,192.3,52526
4400,2022-08-26 13:45:00,192.3,192.62,192.18,192.5,93410
4401,2022-08-26 14:15:00,192.42,192.5,192.13,192.15,345642
4402,2022-08-26 14:45:00,192.15,192.15,191.41,191.85,794428
4403,2022-08-26 15:15:00,191.85,192.1,191.73,191.97,472988
4404,2022-08-29 09:15:00,191.72,191.72,187.55,189.0,1801335
4405,2022-08-29 09:45:00,188.99,189.42,188.9,189.27,408381
4406,2022-08-29 10:15:00,189.15,189.4,189.06,189.25,222940
4407,2022-08-29 10:45:00,189.25,189.39,188.9,189.02,589166
4408,2022-08-29 11:15:00,189.02,189.6,188.98,189.5,182417
4409,2022-08-29 11:45:00,189.5,189.58,189.28,189.55,80439
4410,2022-08-29 12:15:00,189.55,190.0,189.45,189.7,152883
4411,2022-08-29 12:45:00,189.7,189.75,189.25,189.49,218681
4412,2022-08-29 13:15:00,189.5,189.88,189.4,189.71,115234
4413,2022-08-29 13:45:00,189.71,189.97,189.59,189.76,86480
4414,2022-08-29 14:15:00,189.8,189.8,189.16,189.65,250601
4415,2022-08-29 14:45:00,189.69,189.7,189.17,189.29,344366
4416,2022-08-29 15:15:00,189.29,189.69,189.28,189.44,306962
4417,2022-08-30 09:15:00,187.55,191.57,187.55,190.81,394286
4418,2022-08-30 09:45:00,190.9,191.28,190.83,191.26,572795
4419,2022-08-30 10:15:00,191.26,191.47,191.0,191.43,274592
4420,2022-08-30 10:45:00,191.45,191.84,191.33,191.78,244549
4421,2022-08-30 11:15:00,191.7,192.0,191.7,191.95,321502
4422,2022-08-30 11:45:00,191.92,192.25,191.8,192.25,143637
4423,2022-08-30 12:15:00,192.25,192.4,192.08,192.39,147500
4424,2022-08-30 12:45:00,192.45,193.0,192.36,192.77,324836
4425,2022-08-30 13:15:00,192.77,193.25,192.74,193.13,261244
4426,2022-08-30 13:45:00,193.24,193.34,192.91,193.09,358927
4427,2022-08-30 14:15:00,193.05,193.5,193.04,193.33,274616
4428,2022-08-30 14:45:00,193.34,194.05,193.26,193.83,898655
4429,2022-08-30 15:15:00,193.83,194.19,193.71,193.92,421759
4430,2022-09-01 09:15:00,193.7,193.7,190.9,192.65,884079
4431,2022-09-01 09:45:00,192.64,193.1,192.24,193.05,276410
4432,2022-09-01 10:15:00,193.05,193.34,192.65,192.99,210766
4433,2022-09-01 10:45:00,192.99,193.0,192.52,192.78,232816
4434,2022-09-01 11:15:00,192.75,192.99,192.57,192.76,218261
4435,2022-09-01 11:45:00,192.76,192.76,191.9,192.4,421766
4436,2022-09-01 12:15:00,192.4,192.44,192.0,192.3,113706
4437,2022-09-01 12:45:00,192.3,192.39,191.66,191.91,224504
4438,2022-09-01 13:15:00,191.92,192.1,191.34,191.74,310042
4439,2022-09-01 13:45:00,191.74,191.74,190.85,191.58,364235
4440,2022-09-01 14:15:00,191.58,192.0,191.28,191.95,179965
4441,2022-09-01 14:45:00,191.93,192.1,191.45,192.1,662916
4442,2022-09-01 15:15:00,192.1,192.15,191.58,192.15,525152
4443,2022-09-02 09:15:00,192.45,199.16,182.0,191.7,601910
4444,2022-09-02 09:45:00,191.69,192.08,191.04,191.25,254779
4445,2022-09-02 10:15:00,191.27,191.78,191.04,191.69,139788
4446,2022-09-02 10:45:00,191.69,191.89,191.2,191.59,143645
4447,2022-09-02 11:15:00,191.59,191.72,191.28,191.7,85726
4448,2022-09-02 11:45:00,191.7,191.9,191.51,191.83,113557
4449,2022-09-02 12:15:00,191.88,191.95,191.75,191.85,121128
4450,2022-09-02 12:45:00,191.85,192.09,191.76,192.09,109203
4451,2022-09-02 13:15:00,192.19,192.2,191.9,191.99,75627
4452,2022-09-02 13:45:00,191.99,192.45,191.9,192.39,187720
4453,2022-09-02 14:15:00,192.39,192.5,191.8,191.94,167727
4454,2022-09-02 14:45:00,191.8,191.94,191.41,191.8,232312
4455,2022-09-02 15:15:00,191.72,191.9,191.5,191.65,162127
4456,2022-09-05 09:15:00,192.9,193.03,190.87,192.73,429962
4457,2022-09-05 09:45:00,192.74,192.89,192.45,192.86,181448
4458,2022-09-05 10:15:00,192.85,192.9,192.65,192.8,95613
4459,2022-09-05 10:45:00,192.8,192.84,192.51,192.74,96073
4460,2022-09-05 11:15:00,192.71,192.8,192.52,192.72,103331
4461,2022-09-05 11:45:00,192.72,192.95,192.65,192.92,141807
4462,2022-09-05 12:15:00,192.95,193.04,192.86,193.0,500376
4463,2022-09-05 12:45:00,193.0,193.02,192.74,192.9,100518
4464,2022-09-05 13:15:00,192.85,192.95,192.6,192.6,141964
4465,2022-09-05 13:45:00,192.69,193.0,192.58,192.97,72038
4466,2022-09-05 14:15:00,192.97,193.1,192.81,192.9,137484
4467,2022-09-05 14:45:00,192.9,193.05,192.73,193.0,140915
4468,2022-09-05 15:15:00,193.0,193.05,192.88,192.94,112245
4469,2022-09-06 09:15:00,194.44,194.88,192.72,192.93,383943
4470,2022-09-06 09:45:00,192.96,192.96,192.36,192.51,228657
4471,2022-09-06 10:15:00,192.51,192.55,191.95,192.12,248163
4472,2022-09-06 10:45:00,192.12,192.82,192.05,192.73,228666
4473,2022-09-06 11:15:00,192.75,192.83,192.47,192.78,195474
4474,2022-09-06 11:45:00,192.78,193.0,192.6,192.9,207908
4475,2022-09-06 12:15:00,192.9,193.15,192.9,193.15,182229
4476,2022-09-06 12:45:00,193.15,193.25,192.85,193.06,264652
4477,2022-09-06 13:15:00,193.02,193.15,192.88,192.94,159968
4478,2022-09-06 13:45:00,192.97,192.99,192.74,192.99,107860
4479,2022-09-06 14:15:00,192.99,193.05,192.46,192.47,221357
4480,2022-09-06 14:45:00,192.45,192.8,192.4,192.54,208712
4481,2022-09-06 15:15:00,192.54,192.59,192.37,192.59,217259
4482,2022-09-07 09:15:00,192.4,192.4,188.02,191.66,422173
4483,2022-09-07 09:45:00,191.69,191.86,191.52,191.77,104190
4484,2022-09-07 10:15:00,191.78,191.84,191.6,191.67,84274
4485,2022-09-07 10:45:00,191.68,191.69,191.29,191.31,203531
4486,2022-09-07 11:15:00,191.29,191.68,191.25,191.66,113407
4487,2022-09-07 11:45:00,191.68,192.2,191.52,192.2,172616
4488,2022-09-07 12:15:00,192.2,192.42,192.12,192.15,86269
4489,2022-09-07 12:45:00,192.12,192.21,191.95,192.11,45356
4490,2022-09-07 13:15:00,192.15,192.65,192.15,192.4,93370
4491,2022-09-07 13:45:00,192.46,192.54,192.3,192.4,81909
4492,2022-09-07 14:15:00,192.4,192.61,191.99,192.03,200811
4493,2022-09-07 14:45:00,192.14,192.38,192.02,192.22,87714
4494,2022-09-07 15:15:00,192.22,192.51,192.21,192.48,238887
4495,2022-09-08 09:15:00,199.88,199.88,192.51,193.66,549334
4496,2022-09-08 09:45:00,193.66,193.84,193.56,193.75,289463
4497,2022-09-08 10:15:00,193.75,193.87,193.31,193.37,705236
4498,2022-09-08 10:45:00,193.26,193.62,193.22,193.53,120003
4499,2022-09-08 11:15:00,193.52,193.52,193.14,193.42,133498
4500,2022-09-08 11:45:00,193.5,193.61,193.38,193.42,93059
4501,2022-09-08 12:15:00,193.44,193.61,193.3,193.5,75695
4502,2022-09-08 12:45:00,193.5,193.59,192.87,193.17,156204
4503,2022-09-08 13:15:00,193.17,193.49,193.11,193.44,52949
4504,2022-09-08 13:45:00,193.44,193.59,193.25,193.45,155694
4505,2022-09-08 14:15:00,193.45,193.8,193.38,193.74,191081
4506,2022-09-08 14:45:00,193.8,194.05,193.74,193.99,2535525
4507,2022-09-08 15:15:00,193.99,194.0,193.87,193.94,258242
4508,2022-09-09 09:15:00,195.44,195.51,194.44,194.91,631187
4509,2022-09-09 09:45:00,194.92,195.14,194.9,195.11,230664
4510,2022-09-09 10:15:00,195.11,195.3,194.96,195.15,594793
4511,2022-09-09 10:45:00,195.15,195.25,195.1,195.23,1367599
4512,2022-09-09 11:15:00,195.2,195.24,194.9,194.98,465288
4513,2022-09-09 11:45:00,194.91,194.99,194.61,194.61,158444
4514,2022-09-09 12:15:00,194.67,194.99,194.5,194.95,108517
4515,2022-09-09 12:45:00,194.92,194.99,194.55,194.65,74933
4516,2022-09-09 13:15:00,194.7,194.75,194.18,194.41,116951
4517,2022-09-09 13:45:00,194.41,194.9,194.41,194.8,71927
4518,2022-09-09 14:15:00,194.8,194.88,194.69,194.8,84240
4519,2022-09-09 14:45:00,194.9,194.95,194.61,194.7,121098
4520,2022-09-09 15:15:00,194.7,194.71,194.33,194.66,179478
4521,2022-09-12 09:15:00,195.99,195.99,194.0,195.45,461925
4522,2022-09-12 09:45:00,195.48,195.83,195.41,195.81,320411
4523,2022-09-12 10:15:00,195.83,195.85,195.5,195.7,185550
4524,2022-09-12 10:45:00,195.74,195.79,195.51,195.75,97305
4525,2022-09-12 11:15:00,195.75,195.79,195.67,195.76,82449
4526,2022-09-12 11:45:00,195.76,195.9,195.6,195.89,161848
4527,2022-09-12 12:15:00,195.86,195.94,195.7,195.92,129256
4528,2022-09-12 12:45:00,195.88,195.92,195.7,195.7,97472
4529,2022-09-12 13:15:00,195.8,195.86,195.61,195.65,72914
4530,2022-09-12 13:45:00,195.69,196.1,195.61,196.01,272175
4531,2022-09-12 14:15:00,196.09,196.09,195.7,195.78,98384
4532,2022-09-12 14:45:00,195.78,195.9,195.65,195.65,144490
4533,2022-09-12 15:15:00,195.65,195.67,195.48,195.59,169068
4534,2022-09-13 09:15:00,196.8,196.95,195.7,196.72,495314
4535,2022-09-13 09:45:00,196.78,196.85,196.63,196.8,311334
4536,2022-09-13 10:15:00,196.8,196.85,196.4,196.67,137213
4537,2022-09-13 10:45:00,196.67,196.87,196.65,196.87,207133
4538,2022-09-13 11:15:00,196.87,196.91,196.73,196.9,187879
4539,2022-09-13 11:45:00,196.81,197.1,196.77,197.05,280447
4540,2022-09-13 12:15:00,197.05,197.1,196.9,196.99,156126
4541,2022-09-13 12:45:00,196.99,197.05,196.91,197.0,92564
4542,2022-09-13 13:15:00,197.0,197.05,196.91,196.93,50368
4543,2022-09-13 13:45:00,196.93,197.19,196.93,197.14,135827
4544,2022-09-13 14:15:00,197.06,197.15,196.91,196.96,99886
4545,2022-09-13 14:45:00,196.96,197.13,196.93,196.93,143064
4546,2022-09-13 15:15:00,196.93,197.05,196.84,197.05,224582
4547,2022-09-14 09:15:00,196.74,196.74,193.1,195.45,922756
4548,2022-09-14 09:45:00,195.45,195.69,195.1,195.38,616343
4549,2022-09-14 10:15:00,195.38,195.5,195.12,195.36,143627
4550,2022-09-14 10:45:00,195.33,195.78,195.3,195.64,122617
4551,2022-09-14 11:15:00,195.59,195.85,195.55,195.81,133309
4552,2022-09-14 11:45:00,195.85,196.43,195.78,196.3,184148
4553,2022-09-14 12:15:00,196.21,196.74,196.2,196.56,258123
4554,2022-09-14 12:45:00,196.56,196.83,196.31,196.7,167803
4555,2022-09-14 13:15:00,196.65,196.85,196.6,196.66,84877
4556,2022-09-14 13:45:00,196.66,196.88,196.24,196.88,167245
4557,2022-09-14 14:15:00,196.88,197.2,196.72,197.0,205225
4558,2022-09-14 14:45:00,197.0,197.15,196.0,196.05,260221
4559,2022-09-14 15:15:00,196.05,196.31,196.0,196.27,313663
4560,2022-09-15 09:15:00,197.47,197.47,196.25,196.54,591115
4561,2022-09-15 09:45:00,196.55,196.74,195.52,195.82,349819
4562,2022-09-15 10:15:00,195.94,196.22,195.4,195.4,229426
4563,2022-09-15 10:45:00,195.45,195.65,195.05,195.2,383293
4564,2022-09-15 11:15:00,195.27,195.97,195.0,195.7,250602
4565,2022-09-15 11:45:00,195.7,195.77,195.26,195.51,163912
4566,2022-09-15 12:15:00,195.51,195.75,195.24,195.58,151563
4567,2022-09-15 12:45:00,195.56,195.94,195.45,195.82,131527
4568,2022-09-15 13:15:00,195.82,195.96,195.25,195.31,234872
4569,2022-09-15 13:45:00,195.31,195.67,195.15,195.62,312702
4570,2022-09-15 14:15:00,195.62,196.5,195.4,196.39,782533
4571,2022-09-15 14:45:00,196.32,196.38,195.57,195.75,601367
4572,2022-09-15 15:15:00,195.74,195.94,195.43,195.91,704032
4573,2022-09-16 09:15:00,195.65,195.65,193.56,194.25,496646
4574,2022-09-16 09:45:00,194.22,194.3,193.05,193.35,547910
4575,2022-09-16 10:15:00,193.3,193.8,193.1,193.55,305039
4576,2022-09-16 10:45:00,193.62,193.85,193.45,193.7,146318
4577,2022-09-16 11:15:00,193.73,193.76,193.33,193.5,159175
4578,2022-09-16 11:45:00,193.5,193.67,193.15,193.28,138549
4579,2022-09-16 12:15:00,193.28,193.58,193.25,193.39,117382
4580,2022-09-16 12:45:00,193.4,193.55,192.6,192.67,834239
4581,2022-09-16 13:15:00,192.67,192.79,192.22,192.37,393226
4582,2022-09-16 13:45:00,192.37,192.56,191.75,191.8,588382
4583,2022-09-16 14:15:00,191.8,192.75,191.61,192.6,670150
4584,2022-09-16 14:45:00,192.65,192.79,191.77,191.91,489460
4585,2022-09-16 15:15:00,191.9,192.12,191.56,191.9,425088
4586,2022-09-19 09:15:00,195.5,195.5,190.72,191.89,542760
4587,2022-09-19 09:45:00,191.95,192.92,191.95,192.74,217970
4588,2022-09-19 10:15:00,192.7,193.1,192.57,192.98,187922
4589,2022-09-19 10:45:00,192.98,193.09,192.7,192.9,185029
4590,2022-09-19 11:15:00,192.96,193.16,192.25,192.29,215813
4591,2022-09-19 11:45:00,192.28,192.8,192.23,192.77,88598
4592,2022-09-19 12:15:00,192.67,193.0,192.52,192.71,59082
4593,2022-09-19 12:45:00,192.72,192.86,192.58,192.6,207277
4594,2022-09-19 13:15:00,192.7,192.81,192.42,192.8,163396
4595,2022-09-19 13:45:00,192.76,193.15,192.68,192.96,86182
4596,2022-09-19 14:15:00,192.96,193.05,192.55,192.84,79569
4597,2022-09-19 14:45:00,192.85,192.86,192.35,192.7,124394
4598,2022-09-19 15:15:00,192.7,193.14,192.69,193.14,135430
4599,2022-09-20 09:15:00,194.95,194.95,193.2,194.54,457225
4600,2022-09-20 09:45:00,194.54,194.9,194.5,194.88,232269
4601,2022-09-20 10:15:00,194.86,195.05,194.77,194.93,223982
4602,2022-09-20 10:45:00,194.92,195.11,194.75,195.05,197162
4603,2022-09-20 11:15:00,195.05,195.1,194.75,194.98,99839
4604,2022-09-20 11:45:00,194.96,195.1,194.8,195.05,123320
4605,2022-09-20 12:15:00,194.97,195.49,194.95,195.4,108722
4606,2022-09-20 12:45:00,195.41,195.45,195.31,195.36,242915
4607,2022-09-20 13:15:00,195.36,195.45,194.88,194.9,114987
4608,2022-09-20 13:45:00,194.9,195.22,194.71,195.15,98911
4609,2022-09-20 14:15:00,195.04,195.14,194.81,194.96,103000
4610,2022-09-20 14:45:00,194.94,195.0,194.4,194.42,170794
4611,2022-09-20 15:15:00,194.41,194.45,194.12,194.34,104780
4612,2022-09-21 09:15:00,195.22,195.22,192.73,194.1,240324
4613,2022-09-21 09:45:00,194.07,194.26,193.56,194.26,173479
4614,2022-09-21 10:15:00,194.23,194.4,194.04,194.22,68518
4615,2022-09-21 10:45:00,194.22,194.47,194.17,194.4,107386
4616,2022-09-21 11:15:00,194.4,194.41,193.75,193.81,65160
4617,2022-09-21 11:45:00,193.75,193.95,192.96,193.2,238383
4618,2022-09-21 12:15:00,193.26,193.47,192.8,193.47,130966
4619,2022-09-21 12:45:00,193.48,193.75,193.26,193.38,89093
4620,2022-09-21 13:15:00,193.38,193.87,193.38,193.78,85939
4621,2022-09-21 13:45:00,193.79,194.2,193.72,194.19,136534
4622,2022-09-21 14:15:00,194.1,194.19,193.6,193.78,62262
4623,2022-09-21 14:45:00,193.82,193.82,193.45,193.55,101405
4624,2022-09-21 15:15:00,193.47,193.64,193.35,193.64,136321
4625,2022-09-22 09:15:00,193.49,193.49,192.09,193.08,421546
4626,2022-09-22 09:45:00,193.09,193.5,192.9,193.12,239907
4627,2022-09-22 10:15:00,193.1,193.12,192.5,192.59,182759
4628,2022-09-22 10:45:00,192.59,192.98,192.53,192.85,121273
4629,2022-09-22 11:15:00,192.85,192.85,192.23,192.43,295782
4630,2022-09-22 11:45:00,192.43,192.51,191.97,192.21,328750
4631,2022-09-22 12:15:00,192.21,192.38,191.95,192.17,105667
4632,2022-09-22 12:45:00,192.17,192.6,191.9,192.6,162636
4633,2022-09-22 13:15:00,192.6,193.34,192.59,193.29,229498
4634,2022-09-22 13:45:00,193.25,193.91,193.17,193.53,225648
4635,2022-09-22 14:15:00,193.53,193.73,193.3,193.4,103387
4636,2022-09-22 14:45:00,193.49,193.65,192.75,192.87,188166
4637,2022-09-22 15:15:00,192.86,193.1,192.65,193.1,103317
4638,2022-09-23 09:15:00,197.49,197.49,191.09,191.27,521956
4639,2022-09-23 09:45:00,191.25,191.48,190.6,191.11,582958
4640,2022-09-23 10:15:00,191.1,191.35,190.58,190.91,380613
4641,2022-09-23 10:45:00,190.95,191.21,190.75,190.9,380937
4642,2022-09-23 11:15:00,190.95,191.13,190.6,191.0,181739
4643,2022-09-23 11:45:00,190.98,191.16,190.71,190.89,215850
4644,2022-09-23 12:15:00,190.88,190.92,190.26,190.43,374957
4645,2022-09-23 12:45:00,190.44,190.63,190.25,190.39,161624
4646,2022-09-23 13:15:00,190.39,190.71,190.12,190.2,245630
4647,2022-09-23 13:45:00,190.19,190.34,189.8,190.09,562861
4648,2022-09-23 14:15:00,190.09,190.18,189.56,189.81,415382
4649,2022-09-23 14:45:00,189.81,190.2,189.5,189.64,503221
4650,2022-09-23 15:15:00,189.64,190.0,189.5,189.64,393044
4651,2022-09-26 09:15:00,194.5,194.5,186.72,186.85,1716035
4652,2022-09-26 09:45:00,186.84,187.16,186.35,186.62,939637
4653,2022-09-26 10:15:00,186.56,186.88,186.14,186.51,624859
4654,2022-09-26 10:45:00,186.55,186.67,185.84,186.03,773055
4655,2022-09-26 11:15:00,186.06,186.8,185.95,186.25,444491
4656,2022-09-26 11:45:00,186.2,186.9,186.12,186.8,189098
4657,2022-09-26 12:15:00,186.8,187.38,186.5,187.35,295899
4658,2022-09-26 12:45:00,187.35,187.87,187.15,187.86,279987
4659,2022-09-26 13:15:00,187.86,187.89,186.9,187.25,407189
4660,2022-09-26 13:45:00,187.26,187.26,186.71,186.85,230275
4661,2022-09-26 14:15:00,186.85,187.5,186.65,187.02,494622
4662,2022-09-26 14:45:00,186.95,187.2,185.92,186.22,658183
4663,2022-09-26 15:15:00,186.24,186.47,186.2,186.46,382417
4664,2022-09-27 09:15:00,188.44,188.44,186.31,186.95,445940
4665,2022-09-27 09:45:00,186.95,187.0,186.27,186.49,300871
4666,2022-09-27 10:15:00,186.49,186.77,186.05,186.5,282027
4667,2022-09-27 10:45:00,186.5,186.5,185.26,185.37,878955
4668,2022-09-27 11:15:00,185.35,186.17,185.35,186.08,242334
4669,2022-09-27 11:45:00,186.08,186.72,185.98,186.52,152151
4670,2022-09-27 12:15:00,186.52,186.56,186.08,186.09,101487
4671,2022-09-27 12:45:00,186.09,186.99,186.02,186.74,139794
4672,2022-09-27 13:15:00,186.74,187.1,186.67,186.8,145927
4673,2022-09-27 13:45:00,186.72,186.99,186.3,186.39,135433
4674,2022-09-27 14:15:00,186.39,186.69,185.73,185.8,251405
4675,2022-09-27 14:45:00,185.8,186.1,185.6,186.0,193543
4676,2022-09-27 15:15:00,186.01,186.45,185.95,186.45,172049
4677,2022-09-28 09:15:00,185.95,185.95,183.8,184.86,882588
4678,2022-09-28 09:45:00,184.85,185.6,184.85,185.5,243866
4679,2022-09-28 10:15:00,185.54,185.7,184.94,185.05,241769
4680,2022-09-28 10:45:00,185.1,185.69,184.91,185.68,114592
4681,2022-09-28 11:15:00,185.68,185.89,185.51,185.89,112877
4682,2022-09-28 11:45:00,185.89,186.22,185.75,186.15,159484
4683,2022-09-28 12:15:00,186.15,186.18,185.75,185.88,116663
4684,2022-09-28 12:45:00,185.86,185.88,185.42,185.62,136675
4685,2022-09-28 13:15:00,185.56,185.94,185.43,185.5,95900
4686,2022-09-28 13:45:00,185.56,185.75,185.21,185.34,134161
4687,2022-09-28 14:15:00,185.34,185.5,184.9,184.97,282275
4688,2022-09-28 14:45:00,184.97,184.97,184.55,184.65,363750
4689,2022-09-28 15:15:00,184.65,184.65,184.2,184.47,630862
4690,2022-09-29 09:15:00,186.85,186.85,184.9,185.98,482861
4691,2022-09-29 09:45:00,185.98,186.1,185.55,185.9,155941
4692,2022-09-29 10:15:00,185.91,185.96,185.4,185.41,128286
4693,2022-09-29 10:45:00,185.44,185.74,185.25,185.25,147573
4694,2022-09-29 11:15:00,185.27,185.43,185.05,185.17,612635
4695,2022-09-29 11:45:00,185.18,185.18,184.7,184.95,200542
4696,2022-09-29 12:15:00,184.95,185.18,184.4,184.72,190932
4697,2022-09-30 12:15:00,185.86,187.0,185.86,186.84,380725
4698,2022-09-30 12:45:00,186.8,187.0,186.7,186.75,163391
4699,2022-09-30 13:15:00,186.75,187.1,186.71,187.0,296150
4700,2022-09-30 13:45:00,187.0,187.38,186.97,187.33,706508
4701,2022-09-30 14:15:00,187.35,187.64,187.06,187.18,189659
4702,2022-09-30 14:45:00,187.19,187.31,186.51,186.65,508735
4703,2022-09-30 15:15:00,186.61,187.24,186.6,187.19,330181
4704,2022-10-03 09:15:00,184.6,187.93,184.6,185.38,1149442
4705,2022-10-03 09:45:00,185.41,185.87,185.03,185.33,385626
4706,2022-10-03 10:15:00,185.23,185.6,185.05,185.27,358461
4707,2022-10-03 10:45:00,185.14,185.3,184.9,185.06,745274
4708,2022-10-03 11:15:00,185.1,185.84,185.09,185.79,1762508
4709,2022-10-03 11:45:00,185.8,185.8,185.3,185.33,222815
4710,2022-10-03 12:15:00,185.44,185.5,185.01,185.12,191254
4711,2022-10-03 12:45:00,185.12,185.67,185.12,185.35,103640
4712,2022-10-03 13:15:00,185.41,185.64,185.1,185.21,120058
4713,2022-10-03 13:45:00,185.2,185.27,184.45,184.74,343158
4714,2022-10-03 14:15:00,184.74,184.94,184.31,184.36,323280
4715,2022-10-03 14:45:00,184.31,184.47,183.97,184.29,480403
4716,2022-10-03 15:15:00,184.29,184.37,184.24,184.35,208045
4717,2022-10-04 09:15:00,186.8,187.85,185.36,187.3,925995
4718,2022-10-04 09:45:00,187.3,188.03,187.2,187.79,342987
4719,2022-10-04 10:15:00,187.8,188.05,187.73,188.05,200712
4720,2022-10-04 10:45:00,188.06,188.1,187.45,187.68,146321
4721,2022-10-04 11:15:00,187.68,187.75,187.46,187.7,109499
4722,2022-10-04 11:45:00,187.75,187.9,187.65,187.82,68193
4723,2022-10-04 12:15:00,187.85,188.15,187.75,188.05,160027
4724,2022-10-04 12:45:00,188.08,188.1,187.9,187.94,189740
4725,2022-10-04 13:15:00,187.94,188.19,187.9,188.09,115908
4726,2022-10-04 13:45:00,188.09,188.19,187.91,188.12,123284
4727,2022-10-04 14:15:00,188.06,188.2,187.93,187.96,191716
4728,2022-10-04 14:45:00,188.02,188.33,187.96,188.25,208621
4729,2022-10-04 15:15:00,188.25,188.5,188.21,188.41,216979
4730,2022-10-06 09:15:00,188.31,194.88,188.31,189.18,586100
4731,2022-10-06 09:45:00,189.15,189.8,189.02,189.6,259880
4732,2022-10-06 10:15:00,189.6,189.82,189.5,189.55,245360
4733,2022-10-06 10:45:00,189.55,189.8,189.41,189.68,148246
4734,2022-10-06 11:15:00,189.67,189.67,189.1,189.2,131295
4735,2022-10-06 11:45:00,189.18,189.48,189.05,189.46,97191
4736,2022-10-06 12:15:00,189.49,189.54,189.12,189.45,176143
4737,2022-10-06 12:45:00,189.45,189.69,189.45,189.59,145266
4738,2022-10-06 13:15:00,189.55,189.79,189.34,189.64,236956
4739,2022-10-06 13:45:00,189.64,189.65,189.01,189.1,174821
4740,2022-10-06 14:15:00,189.03,189.19,188.83,189.0,273764
4741,2022-10-06 14:45:00,189.0,189.2,188.9,188.94,281563
4742,2022-10-06 15:15:00,188.94,189.01,188.75,188.88,215728
4743,2022-10-07 09:15:00,193.88,193.88,188.05,188.22,313522
4744,2022-10-07 09:45:00,188.29,189.15,188.22,188.6,210794
4745,2022-10-07 10:15:00,188.54,188.69,188.3,188.55,124624
4746,2022-10-07 10:45:00,188.57,188.6,188.3,188.58,116216
4747,2022-10-07 11:15:00,188.58,188.65,188.36,188.55,111671
4748,2022-10-07 11:45:00,188.5,188.65,187.91,188.09,258271
4749,2022-10-07 12:15:00,188.09,188.6,188.02,188.56,129892
4750,2022-10-07 12:45:00,188.5,188.6,188.4,188.45,111347
4751,2022-10-07 13:15:00,188.45,188.59,188.32,188.55,111497
4752,2022-10-07 13:45:00,188.58,188.86,188.55,188.7,201034
4753,2022-10-07 14:15:00,188.75,189.0,188.6,189.0,304201
4754,2022-10-07 14:45:00,189.0,189.25,188.91,189.18,360996
4755,2022-10-07 15:15:00,189.18,189.39,189.13,189.39,294920
4756,2022-10-10 09:15:00,188.94,188.94,186.63,187.14,743434
4757,2022-10-10 09:45:00,187.08,187.14,186.75,186.95,372975
4758,2022-10-10 10:15:00,186.95,187.22,186.85,187.05,217532
4759,2022-10-10 10:45:00,187.05,187.3,187.0,187.2,124966
4760,2022-10-10 11:15:00,187.2,187.7,187.13,187.61,119206
4761,2022-10-10 11:45:00,187.65,188.08,187.51,188.01,243213
4762,2022-10-10 12:15:00,188.01,188.58,187.85,188.45,233046
4763,2022-10-10 12:45:00,188.48,188.66,188.05,188.06,149204
4764,2022-10-10 13:15:00,188.06,188.2,187.65,188.04,166530
4765,2022-10-10 13:45:00,188.04,188.04,187.44,187.56,157569
4766,2022-10-10 14:15:00,187.51,188.25,187.51,188.01,131001
4767,2022-10-10 14:45:00,188.04,188.89,188.0,188.75,243889
4768,2022-10-10 15:15:00,188.84,189.05,188.52,188.6,542436
4769,2022-10-11 09:15:00,190.75,190.75,187.5,187.91,297158
4770,2022-10-11 09:45:00,187.97,188.0,187.52,187.77,164817
4771,2022-10-11 10:15:00,187.75,187.9,187.21,187.61,148438
4772,2022-10-11 10:45:00,187.66,187.8,187.45,187.67,112076
4773,2022-10-11 11:15:00,187.68,188.0,187.53,187.91,79273
4774,2022-10-11 11:45:00,187.81,188.19,187.57,188.05,102107
4775,2022-10-11 12:15:00,188.04,188.15,187.1,187.28,180477
4776,2022-10-11 12:45:00,187.28,187.68,187.2,187.44,109307
4777,2022-10-11 13:15:00,187.44,187.53,187.15,187.42,70870
4778,2022-10-11 13:45:00,187.5,187.52,187.02,187.51,94430
4779,2022-10-11 14:15:00,187.55,187.63,186.72,186.95,480495
4780,2022-10-11 14:45:00,186.95,187.0,185.85,185.9,978519
4781,2022-10-11 15:15:00,185.96,185.98,185.45,185.87,560489
4782,2022-10-12 09:15:00,176.11,187.69,176.11,186.6,328843
4783,2022-10-12 09:45:00,186.64,186.71,185.82,186.05,212271
4784,2022-10-12 10:15:00,186.1,186.47,186.01,186.08,93983
4785,2022-10-12 10:45:00,186.09,186.09,185.66,185.97,170290
4786,2022-10-12 11:15:00,185.98,186.43,185.91,186.43,91080
4787,2022-10-12 11:45:00,186.44,186.89,186.2,186.89,116263
4788,2022-10-12 12:15:00,186.89,186.99,186.45,186.5,74612
4789,2022-10-12 12:45:00,186.46,186.7,186.24,186.45,128996
4790,2022-10-12 13:15:00,186.44,186.6,186.25,186.5,72458
4791,2022-10-12 13:45:00,186.5,186.99,186.5,186.89,135881
4792,2022-10-12 14:15:00,186.88,187.1,186.72,187.1,208007
4793,2022-10-12 14:45:00,187.1,187.35,186.94,187.22,143811
4794,2022-10-12 15:15:00,187.22,187.35,187.11,187.28,92511
4795,2022-10-13 09:15:00,187.59,187.6,186.4,186.59,234713
4796,2022-10-13 09:45:00,186.61,186.74,186.3,186.33,154651
4797,2022-10-13 10:15:00,186.33,186.47,185.95,186.38,243827
4798,2022-10-13 10:45:00,186.38,186.47,186.0,186.24,157376
4799,2022-10-13 11:15:00,186.15,186.22,185.81,185.86,203001
4800,2022-10-13 11:45:00,185.9,185.98,185.61,185.91,189494
4801,2022-10-13 12:15:00,185.91,186.21,185.71,186.11,190843
4802,2022-10-13 12:45:00,186.11,186.35,186.05,186.28,139520
4803,2022-10-13 13:15:00,186.28,186.31,185.83,186.0,261363
4804,2022-10-13 13:45:00,186.05,186.45,185.82,186.39,180306
4805,2022-10-13 14:15:00,186.39,186.79,186.26,186.78,151901
4806,2022-10-13 14:45:00,186.8,186.89,185.99,186.25,327475
4807,2022-10-13 15:15:00,186.25,186.44,186.17,186.35,132761
4808,2022-10-14 09:15:00,192.2,192.2,188.6,188.82,960288
4809,2022-10-14 09:45:00,188.87,189.12,188.82,189.04,476778
4810,2022-10-14 10:15:00,189.04,189.15,188.6,188.68,162095
4811,2022-10-14 10:45:00,188.75,189.09,188.69,189.06,179489
4812,2022-10-14 11:15:00,189.07,189.21,188.94,189.1,246559
4813,2022-10-14 11:45:00,189.1,189.59,188.91,189.51,193256
4814,2022-10-14 12:15:00,189.52,189.54,189.09,189.2,134827
4815,2022-10-14 12:45:00,189.2,189.2,188.8,188.9,125316
4816,2022-10-14 13:15:00,188.94,189.1,188.71,189.1,146178
4817,2022-10-14 13:45:00,189.1,189.1,188.2,188.64,305053
4818,2022-10-14 14:15:00,188.63,188.64,188.0,188.25,217453
4819,2022-10-14 14:45:00,188.25,188.32,187.7,188.0,181474
4820,2022-10-14 15:15:00,188.0,188.25,187.86,188.23,213929
4821,2022-10-17 09:15:00,188.6,188.6,186.06,187.49,393924
4822,2022-10-17 09:45:00,187.49,188.25,187.41,188.15,228151
4823,2022-10-17 10:15:00,188.22,188.9,188.2,188.78,257504
4824,2022-10-17 10:45:00,188.78,188.88,188.32,188.53,301860
4825,2022-10-17 11:15:00,188.63,188.85,188.38,188.54,253028
4826,2022-10-17 11:45:00,188.64,188.85,188.16,188.5,258615
4827,2022-10-17 12:15:00,188.52,188.85,188.36,188.57,220201
4828,2022-10-17 12:45:00,188.57,188.7,188.3,188.56,175271
4829,2022-10-17 13:15:00,188.55,188.9,188.55,188.71,254556
4830,2022-10-17 13:45:00,188.71,188.82,188.33,188.4,210027
4831,2022-10-17 14:15:00,188.44,188.8,188.28,188.67,270952
4832,2022-10-17 14:45:00,188.67,188.9,188.5,188.63,158377
4833,2022-10-17 15:15:00,188.64,189.0,188.5,188.94,287360
4834,2022-10-18 09:15:00,190.3,190.7,189.25,190.64,852325
4835,2022-10-18 09:45:00,190.61,190.95,190.61,190.75,411910
4836,2022-10-18 10:15:00,190.75,190.99,190.45,190.7,350363
4837,2022-10-18 10:45:00,190.61,190.7,190.4,190.5,121163
4838,2022-10-18 11:15:00,190.59,190.65,190.31,190.65,112896
4839,2022-10-18 11:45:00,190.65,190.93,190.55,190.91,153398
4840,2022-10-18 12:15:00,190.91,190.93,190.6,190.7,46749
4841,2022-10-18 12:45:00,190.69,190.9,190.62,190.85,134019
4842,2022-10-18 13:15:00,190.76,190.85,190.61,190.61,48459
4843,2022-10-18 13:45:00,190.61,190.76,190.49,190.5,98039
4844,2022-10-18 14:15:00,190.55,190.74,190.3,190.36,126395
4845,2022-10-18 14:45:00,190.36,190.7,190.35,190.57,154953
4846,2022-10-18 15:15:00,190.54,190.79,190.51,190.71,153380
4847,2022-10-19 09:15:00,194.5,194.5,190.18,191.5,605563
4848,2022-10-19 09:45:00,191.51,191.69,191.41,191.51,183778
4849,2022-10-19 10:15:00,191.51,191.89,191.51,191.84,190151
4850,2022-10-19 10:45:00,191.84,191.86,191.45,191.6,176195
4851,2022-10-19 11:15:00,191.6,191.73,191.31,191.51,162239
4852,2022-10-19 11:45:00,191.5,191.59,191.12,191.24,121436
4853,2022-10-19 12:15:00,191.29,191.39,191.02,191.08,93923
4854,2022-10-19 12:45:00,191.07,191.23,190.81,191.0,114088
4855,2022-10-19 13:15:00,190.95,191.3,190.94,191.14,83620
4856,2022-10-19 13:45:00,191.15,191.25,190.88,191.2,71857
4857,2022-10-19 14:15:00,191.25,191.35,191.01,191.05,96044
4858,2022-10-19 14:45:00,191.04,191.17,190.5,190.8,290631
4859,2022-10-19 15:15:00,190.8,191.04,190.75,191.0,138094
4860,2022-10-20 09:15:00,191.5,191.5,188.91,190.06,601786
4861,2022-10-20 09:45:00,190.05,190.5,189.9,190.46,225698
4862,2022-10-20 10:15:00,190.4,190.75,190.25,190.7,134465
4863,2022-10-20 10:45:00,190.7,190.91,190.55,190.62,101203
4864,2022-10-20 11:15:00,190.62,190.79,190.47,190.61,42530
4865,2022-10-20 11:45:00,190.74,190.75,190.41,190.57,40504
4866,2022-10-20 12:15:00,190.57,190.85,190.44,190.79,57996
4867,2022-10-20 12:45:00,190.79,190.95,190.65,190.72,194157
4868,2022-10-20 13:15:00,190.72,190.9,190.61,190.61,127242
4869,2022-10-20 13:45:00,190.61,190.88,190.41,190.85,68884
4870,2022-10-20 14:15:00,190.74,191.35,190.71,191.05,169458
4871,2022-10-20 14:45:00,191.05,191.39,191.02,191.39,217624
4872,2022-10-20 15:15:00,191.38,191.68,191.38,191.5,209452
4873,2022-10-21 09:15:00,191.97,192.45,190.65,192.24,470359
4874,2022-10-21 09:45:00,192.24,192.3,192.07,192.28,224432
4875,2022-10-21 10:15:00,192.31,192.35,192.11,192.25,119010
4876,2022-10-21 10:45:00,192.27,192.3,192.08,192.2,84326
4877,2022-10-21 11:15:00,192.23,192.55,192.12,192.55,290517
4878,2022-10-21 11:45:00,192.52,192.55,192.22,192.35,115819
4879,2022-10-21 12:15:00,192.35,192.4,192.16,192.23,58615
4880,2022-10-21 12:45:00,192.23,192.41,192.18,192.38,162923
4881,2022-10-21 13:15:00,192.36,192.38,191.78,191.78,173533
4882,2022-10-21 13:45:00,191.81,191.99,191.25,191.47,279278
4883,2022-10-21 14:15:00,191.46,191.69,191.0,191.11,155870
4884,2022-10-21 14:45:00,191.22,191.54,191.01,191.53,304070
4885,2022-10-21 15:15:00,191.53,191.75,191.45,191.6,191370
4886,2022-10-24 18:15:00,194.3,194.4,192.51,193.3,1352547
4887,2022-10-24 18:45:00,193.3,193.3,193.01,193.28,600603
4888,2022-10-24 19:15:00,193.28,193.28,193.17,193.17,160
4889,2022-10-25 09:15:00,195.17,195.17,191.57,193.36,357473
4890,2022-10-25 09:45:00,193.44,193.7,193.34,193.55,224295
4891,2022-10-25 10:15:00,193.55,193.55,193.0,193.0,179914
4892,2022-10-25 10:45:00,193.01,193.14,192.78,192.8,95000
4893,2022-10-25 11:15:00,192.8,192.93,192.69,192.7,66680
4894,2022-10-25 11:45:00,192.76,193.12,192.61,192.99,189864
4895,2022-10-25 12:15:00,193.0,193.02,192.65,192.66,74777
4896,2022-10-25 12:45:00,192.7,192.89,192.6,192.73,43876
4897,2022-10-25 13:15:00,192.67,192.98,192.61,192.95,58024
4898,2022-10-25 13:45:00,192.95,193.08,192.83,193.0,49293
4899,2022-10-25 14:15:00,193.0,193.07,192.83,193.05,65930
4900,2022-10-25 14:45:00,193.02,193.05,192.5,192.54,132869
4901,2022-10-25 15:15:00,192.5,192.54,192.26,192.48,178639
4902,2022-10-27 09:15:00,192.61,194.15,192.61,193.83,404586
4903,2022-10-27 09:45:00,193.84,193.86,193.34,193.4,235796
4904,2022-10-27 10:15:00,193.4,193.56,193.26,193.28,230759
4905,2022-10-27 10:45:00,193.34,193.49,193.27,193.47,113565
4906,2022-10-27 11:15:00,193.42,193.5,193.27,193.29,123027
4907,2022-10-27 11:45:00,193.28,193.5,193.25,193.26,161973
4908,2022-10-27 12:15:00,193.38,193.4,193.1,193.18,129715
4909,2022-10-27 12:45:00,193.2,193.27,193.0,193.07,164885
4910,2022-10-27 13:15:00,193.04,193.2,193.04,193.12,101701
4911,2022-10-27 13:45:00,193.12,193.2,193.0,193.12,229945
4912,2022-10-27 14:15:00,193.12,193.12,192.62,192.7,139122
4913,2022-10-27 14:45:00,192.7,193.47,192.63,193.47,293139
4914,2022-10-27 15:15:00,193.46,193.76,193.43,193.52,289704
4915,2022-10-28 09:15:00,194.7,194.7,193.01,194.22,542222
4916,2022-10-28 09:45:00,194.21,194.49,193.98,194.49,554838
4917,2022-10-28 10:15:00,194.49,194.55,194.1,194.17,414077
4918,2022-10-28 10:45:00,194.11,194.2,193.99,194.08,234613
4919,2022-10-28 11:15:00,194.08,194.08,193.77,193.91,188714
4920,2022-10-28 11:45:00,193.8,193.98,193.7,193.85,467186
4921,2022-10-28 12:15:00,193.8,193.99,193.65,193.75,88951
4922,2022-10-28 12:45:00,193.85,193.85,193.45,193.68,192126
4923,2022-10-28 13:15:00,193.68,193.8,193.5,193.78,168738
4924,2022-10-28 13:45:00,193.78,193.78,193.4,193.5,104853
4925,2022-10-28 14:15:00,193.56,193.8,193.48,193.7,198660
4926,2022-10-28 14:45:00,193.74,193.99,193.61,193.98,333015
4927,2022-10-28 15:15:00,193.95,194.08,193.95,194.0,272596
4928,2022-10-31 09:15:00,195.7,195.98,194.5,195.76,1016452
4929,2022-10-31 09:45:00,195.79,195.84,195.63,195.84,284843
4930,2022-10-31 10:15:00,195.84,195.91,195.61,195.65,208111
4931,2022-10-31 10:45:00,195.65,195.91,195.55,195.87,224902
4932,2022-10-31 11:15:00,195.87,196.09,195.85,195.93,470406
4933,2022-10-31 11:45:00,195.93,196.16,195.88,196.04,260358
4934,2022-10-31 12:15:00,196.05,196.17,195.91,196.05,318335
4935,2022-10-31 12:45:00,196.02,196.11,195.85,196.03,110143
4936,2022-10-31 13:15:00,196.0,196.14,195.9,195.91,93124
4937,2022-10-31 13:45:00,195.91,195.93,195.75,195.86,112320
4938,2022-10-31 14:15:00,195.81,196.0,195.76,195.96,524409
4939,2022-10-31 14:45:00,196.0,196.44,195.92,196.44,4017889
4940,2022-10-31 15:15:00,196.49,196.5,196.35,196.45,1238528
4941,2022-11-01 09:15:00,197.8,197.8,196.36,197.64,887680
4942,2022-11-01 09:45:00,197.65,198.09,197.61,198.05,672438
4943,2022-11-01 10:15:00,198.08,198.15,197.9,198.1,391421
4944,2022-11-01 10:45:00,198.11,198.24,197.99,198.0,281797
4945,2022-11-01 11:15:00,198.07,198.13,197.85,197.85,271603
4946,2022-11-01 11:45:00,197.85,198.05,197.8,197.81,117307
4947,2022-11-01 12:15:00,197.8,197.87,197.6,197.71,155443
4948,2022-11-01 12:45:00,197.72,197.85,197.05,197.15,250567
4949,2022-11-01 13:15:00,197.14,197.82,197.06,197.6,236645
4950,2022-11-01 13:45:00,197.5,197.79,197.4,197.51,84330
4951,2022-11-01 14:15:00,197.5,197.69,197.4,197.6,112227
4952,2022-11-01 14:45:00,197.6,197.99,197.5,197.95,233549
4953,2022-11-01 15:15:00,197.97,198.06,197.92,198.04,248013
4954,2022-11-02 09:15:00,198.8,198.8,197.07,197.92,372007
4955,2022-11-02 09:45:00,197.95,198.0,197.56,197.67,221331
4956,2022-11-02 10:15:00,197.67,197.79,197.43,197.73,169619
4957,2022-11-02 10:45:00,197.65,197.8,197.44,197.69,107733
4958,2022-11-02 11:15:00,197.69,197.7,197.5,197.5,73798
4959,2022-11-02 11:45:00,197.5,197.58,197.27,197.36,149442
4960,2022-11-02 12:15:00,197.36,197.46,197.26,197.27,78254
4961,2022-11-02 12:45:00,197.37,197.37,197.1,197.24,77765
4962,2022-11-02 13:15:00,197.23,197.5,197.18,197.18,72638
4963,2022-11-02 13:45:00,197.18,197.4,197.1,197.19,193460
4964,2022-11-02 14:15:00,197.15,197.39,197.1,197.35,64532
4965,2022-11-02 14:45:00,197.36,197.5,197.3,197.45,137780
4966,2022-11-02 15:15:00,197.45,197.49,197.2,197.45,192865
4967,2022-11-03 09:15:00,197.4,197.4,194.6,197.05,633792
4968,2022-11-03 09:45:00,197.05,197.24,196.87,197.2,187067
4969,2022-11-03 10:15:00,197.21,197.82,197.21,197.67,680531
4970,2022-11-03 10:45:00,197.72,197.72,197.35,197.5,128846
4971,2022-11-03 11:15:00,197.5,197.8,197.0,197.26,290361
4972,2022-11-03 11:45:00,197.26,197.27,197.02,197.12,81639
4973,2022-11-03 12:15:00,197.12,197.19,197.01,197.08,58374
4974,2022-11-03 12:45:00,197.08,197.08,196.72,196.98,171439
4975,2022-11-03 13:15:00,196.98,197.3,196.81,197.3,53565
4976,2022-11-03 13:45:00,197.31,197.33,196.8,197.05,58841
4977,2022-11-03 14:15:00,196.96,197.24,196.8,197.1,112247
4978,2022-11-03 14:45:00,197.1,197.49,197.03,197.43,152132
4979,2022-11-03 15:15:00,197.4,197.47,197.25,197.45,191284
4980,2022-11-04 09:15:00,198.6,198.6,197.01,197.28,447477
4981,2022-11-04 09:45:00,197.28,197.33,196.7,197.0,209169
4982,2022-11-04 10:15:00,196.99,197.0,196.75,196.82,78328
4983,2022-11-04 10:45:00,196.82,197.18,196.7,197.14,109624
4984,2022-11-04 11:15:00,197.14,197.27,196.94,197.15,56034
4985,2022-11-04 11:45:00,197.15,197.25,197.0,197.18,42551
4986,2022-11-04 12:15:00,197.18,197.45,197.1,197.28,60847
4987,2022-11-04 12:45:00,197.3,197.3,197.04,197.18,61869
4988,2022-11-04 13:15:00,197.28,197.39,197.16,197.37,41972
4989,2022-11-04 13:45:00,197.37,197.39,197.17,197.29,41185
4990,2022-11-04 14:15:00,197.29,197.48,197.18,197.48,71539
4991,2022-11-04 14:45:00,197.48,197.84,197.4,197.8,174862
4992,2022-11-04 15:15:00,197.8,198.0,197.71,198.0,181691
4993,2022-11-07 09:15:00,199.0,199.4,197.7,198.43,618685
4994,2022-11-07 09:45:00,198.43,198.5,198.24,198.28,426975
4995,2022-11-07 10:15:00,198.27,198.35,198.05,198.17,172447
4996,2022-11-07 10:45:00,198.17,198.2,197.73,198.09,209892
4997,2022-11-07 11:15:00,198.09,198.2,197.96,198.14,122882
4998,2022-11-07 11:45:00,198.04,198.28,198.01,198.15,165817
4999,2022-11-07 12:15:00,198.12,198.24,197.9,197.98,64040
5000,2022-11-07 12:45:00,197.98,198.11,197.7,197.8,83743
5001,2022-11-07 13:15:00,197.8,197.97,197.42,197.78,226830
5002,2022-11-07 13:45:00,197.78,198.33,197.69,198.15,157053
5003,2022-11-07 14:15:00,198.15,198.5,198.02,198.49,161771
5004,2022-11-07 14:45:00,198.49,198.7,198.27,198.54,233993
5005,2022-11-07 15:15:00,198.54,198.69,198.54,198.67,176410
5006,2022-11-09 09:15:00,203.49,203.49,198.71,199.02,448477
5007,2022-11-09 09:45:00,199.02,199.26,198.86,199.05,193098
5008,2022-11-09 10:15:00,199.04,199.05,198.8,198.93,87607
5009,2022-11-09 10:45:00,198.93,198.94,198.7,198.82,160735
5010,2022-11-09 11:15:00,198.82,199.0,198.65,198.7,140740
5011,2022-11-09 11:45:00,198.66,199.0,198.65,198.8,133195
5012,2022-11-09 12:15:00,198.84,199.0,198.75,199.0,44758
5013,2022-11-09 12:45:00,199.0,199.0,198.8,198.85,104499
5014,2022-11-09 13:15:00,198.9,199.0,198.75,198.96,84950
5015,2022-11-09 13:45:00,198.84,199.18,198.83,199.0,69835
5016,2022-11-09 14:15:00,199.09,199.1,198.45,198.5,300086
5017,2022-11-09 14:45:00,198.41,198.71,198.15,198.65,189908
5018,2022-11-09 15:15:00,198.65,198.65,198.2,198.3,414889
5019,2022-11-10 09:15:00,198.2,198.2,197.0,197.1,448477
5020,2022-11-10 09:45:00,197.1,197.3,196.92,197.16,260898
5021,2022-11-10 10:15:00,197.16,197.27,196.97,197.0,490933
5022,2022-11-10 10:45:00,197.0,197.1,196.8,196.95,229495
5023,2022-11-10 11:15:00,196.9,197.08,196.9,197.01,875650
5024,2022-11-10 11:45:00,197.01,197.01,196.62,196.7,90319
5025,2022-11-10 12:15:00,196.64,196.73,196.4,196.62,313689
5026,2022-11-10 12:45:00,196.63,196.7,196.4,196.7,174901
5027,2022-11-10 13:15:00,196.7,196.8,196.41,196.74,101449
5028,2022-11-10 13:45:00,196.73,196.81,196.45,196.5,354241
5029,2022-11-10 14:15:00,196.5,196.51,196.25,196.47,294446
5030,2022-11-10 14:45:00,196.47,196.92,196.33,196.88,208892
5031,2022-11-10 15:15:00,196.88,197.03,196.85,196.95,149662
5032,2022-11-11 09:15:00,199.37,200.31,198.45,199.65,1045310
5033,2022-11-11 09:45:00,199.56,199.84,199.55,199.8,459418
5034,2022-11-11 10:15:00,199.8,199.85,199.42,199.52,156046
5035,2022-11-11 10:45:00,199.5,199.88,199.43,199.84,243061
5036,2022-11-11 11:15:00,199.84,199.86,199.64,199.84,229283
5037,2022-11-11 11:45:00,199.84,199.92,199.78,199.85,147635
5038,2022-11-11 12:15:00,199.89,200.14,199.85,200.02,508963
5039,2022-11-11 12:45:00,200.03,200.1,199.68,199.85,218126
5040,2022-11-11 13:15:00,199.95,200.1,199.75,199.85,147306
5041,2022-11-11 13:45:00,199.88,200.15,199.8,200.04,151768
5042,2022-11-11 14:15:00,200.09,200.24,200.03,200.15,321292
5043,2022-11-11 14:45:00,200.15,200.35,199.94,200.18,391334
5044,2022-11-11 15:15:00,200.2,200.35,200.11,200.35,225473
5045,2022-11-14 09:15:00,200.7,200.96,199.02,200.64,623643
5046,2022-11-14 09:45:00,200.7,200.7,200.25,200.4,176699
5047,2022-11-14 10:15:00,200.32,200.38,200.08,200.29,282034
5048,2022-11-14 10:45:00,200.29,200.5,200.25,200.34,99737
5049,2022-11-14 11:15:00,200.34,200.4,200.2,200.3,77815
5050,2022-11-14 11:45:00,200.3,200.31,200.01,200.15,85762
5051,2022-11-14 12:15:00,200.18,200.49,200.1,200.29,114575
5052,2022-11-14 12:45:00,200.28,200.3,200.11,200.25,55535
5053,2022-11-14 13:15:00,200.28,200.59,200.23,200.49,121532
5054,2022-11-14 13:45:00,200.59,200.65,200.42,200.61,70528
5055,2022-11-14 14:15:00,200.61,200.65,200.41,200.49,105512
5056,2022-11-14 14:45:00,200.47,200.5,200.2,200.25,115571
5057,2022-11-14 15:15:00,200.26,200.27,200.01,200.25,138215
5058,2022-11-15 09:15:00,201.67,201.67,200.05,200.22,242154
5059,2022-11-15 09:45:00,200.22,200.25,199.8,200.14,199487
5060,2022-11-15 10:15:00,200.11,200.14,199.9,200.0,94091
5061,2022-11-15 10:45:00,200.02,200.2,199.83,199.9,118893
5062,2022-11-15 11:15:00,199.89,200.05,199.84,200.01,111518
5063,2022-11-15 11:45:00,199.8,200.05,199.8,199.86,65053
5064,2022-11-15 12:15:00,199.9,200.29,199.86,200.28,76499
5065,2022-11-15 12:45:00,200.23,200.47,200.16,200.38,89041
5066,2022-11-15 13:15:00,200.32,200.49,200.25,200.49,61649
5067,2022-11-15 13:45:00,200.37,200.48,200.22,200.25,56534
5068,2022-11-15 14:15:00,200.25,200.4,200.13,200.28,101240
5069,2022-11-15 14:45:00,200.34,200.94,200.29,200.9,259713
5070,2022-11-15 15:15:00,200.87,201.16,200.86,201.16,300334
5071,2022-11-16 09:15:00,201.95,201.95,200.28,200.49,259636
5072,2022-11-16 09:45:00,200.49,200.8,200.4,200.8,238612
5073,2022-11-16 10:15:00,200.8,201.04,200.71,200.99,170625
5074,2022-11-16 10:45:00,201.0,201.19,200.93,201.15,242776
5075,2022-11-16 11:15:00,201.13,201.29,201.01,201.14,129757
5076,2022-11-16 11:45:00,201.1,201.14,200.76,200.86,112192
5077,2022-11-16 12:15:00,200.86,201.1,200.83,200.98,77834
5078,2022-11-16 12:45:00,200.9,201.05,200.9,200.98,61241
5079,2022-11-16 13:15:00,200.98,201.18,200.91,201.12,82252
5080,2022-11-16 13:45:00,201.16,201.18,200.68,200.79,80795
5081,2022-11-16 14:15:00,200.79,200.79,200.37,200.4,196800
5082,2022-11-16 14:45:00,200.44,201.03,200.44,201.0,118554
5083,2022-11-16 15:15:00,200.95,201.0,200.73,200.89,114652
5084,2022-11-17 09:15:00,201.25,201.25,199.45,200.63,169316
5085,2022-11-17 09:45:00,200.56,200.99,200.45,200.74,152505
5086,2022-11-17 10:15:00,200.74,200.79,200.52,200.66,61938
5087,2022-11-17 10:45:00,200.66,200.78,200.45,200.52,53018
5088,2022-11-17 11:15:00,200.45,200.7,200.4,200.52,68158
5089,2022-11-17 11:45:00,200.6,200.74,200.44,200.44,53399
5090,2022-11-17 12:15:00,200.44,200.79,200.44,200.79,57849
5091,2022-11-17 12:45:00,200.79,200.85,200.64,200.8,67609
5092,2022-11-17 13:15:00,200.8,200.99,200.6,200.9,83265
5093,2022-11-17 13:45:00,200.85,200.92,200.78,200.89,47095
5094,2022-11-17 14:15:00,200.89,200.89,200.61,200.8,106621
5095,2022-11-17 14:45:00,200.8,200.91,200.02,200.13,172026
5096,2022-11-17 15:15:00,200.09,200.19,199.95,200.1,211331
5097,2022-11-18 09:15:00,201.25,201.25,199.9,200.05,282465
5098,2022-11-18 09:45:00,200.05,200.13,199.8,199.89,138828
5099,2022-11-18 10:15:00,199.9,200.0,199.52,199.53,117500
5100,2022-11-18 10:45:00,199.6,199.77,199.25,199.32,159484
5101,2022-11-18 11:15:00,199.32,199.52,199.26,199.52,91084
5102,2022-11-18 11:45:00,199.51,199.55,199.25,199.5,80767
5103,2022-11-18 12:15:00,199.5,199.55,199.26,199.5,57719
5104,2022-11-18 12:45:00,199.5,199.55,199.4,199.51,52368
5105,2022-11-18 13:15:00,199.51,199.62,199.29,199.29,160541
5106,2022-11-18 13:45:00,199.3,199.4,199.06,199.25,93052
5107,2022-11-18 14:15:00,199.25,199.75,199.15,199.75,84049
5108,2022-11-18 14:45:00,199.77,200.1,199.6,200.05,256661
5109,2022-11-18 15:15:00,200.01,200.06,199.86,199.95,148566
5110,2022-11-21 09:15:00,199.99,199.99,198.42,198.51,402436
5111,2022-11-21 09:45:00,198.5,198.76,198.43,198.72,177521
5112,2022-11-21 10:15:00,198.76,198.8,198.57,198.58,142131
5113,2022-11-21 10:45:00,198.6,198.85,198.56,198.79,61984
5114,2022-11-21 11:15:00,198.79,198.97,198.67,198.79,82084
5115,2022-11-21 11:45:00,198.79,198.9,198.65,198.67,70724
5116,2022-11-21 12:15:00,198.81,198.88,198.56,198.69,101938
5117,2022-11-21 12:45:00,198.61,198.81,198.61,198.69,50109
5118,2022-11-21 13:15:00,198.71,198.74,198.5,198.6,125505
5119,2022-11-21 13:45:00,198.6,198.66,198.51,198.65,129690
5120,2022-11-21 14:15:00,198.65,198.66,198.5,198.62,110044
5121,2022-11-21 14:45:00,198.62,198.7,198.5,198.68,172556
5122,2022-11-21 15:15:00,198.68,198.68,198.4,198.6,110765
5123,2022-11-22 09:15:00,199.73,199.73,198.01,198.63,230777
5124,2022-11-22 09:45:00,198.63,199.0,198.57,198.95,122082
5125,2022-11-22 10:15:00,198.95,199.04,198.85,198.94,81476
5126,2022-11-22 10:45:00,198.92,199.0,198.81,198.95,46176
5127,2022-11-22 11:15:00,198.95,199.1,198.85,199.01,49308
5128,2022-11-22 11:45:00,199.1,199.19,199.01,199.19,68131
5129,2022-11-22 12:15:00,199.19,199.22,199.01,199.1,34207
5130,2022-11-22 12:45:00,199.1,199.14,198.9,199.0,26419
5131,2022-11-22 13:15:00,199.0,199.08,198.97,199.0,31730
5132,2022-11-22 13:45:00,199.0,199.14,198.9,199.09,44765
5133,2022-11-22 14:15:00,199.0,199.14,198.86,198.9,48734
5134,2022-11-22 14:45:00,198.9,199.28,198.86,199.24,170551
5135,2022-11-22 15:15:00,199.28,199.39,199.24,199.39,136691
5136,2022-11-23 09:15:00,200.52,200.52,199.17,199.66,162620
5137,2022-11-23 09:45:00,199.62,199.73,199.59,199.67,124287
5138,2022-11-23 10:15:00,199.69,199.71,199.51,199.56,45123
5139,2022-11-23 10:45:00,199.61,199.7,199.56,199.67,27389
5140,2022-11-23 11:15:00,199.67,199.74,199.59,199.67,40629
5141,2022-11-23 11:45:00,199.71,199.76,199.67,199.67,35680
5142,2022-11-23 12:15:00,199.75,199.75,199.5,199.69,64248
5143,2022-11-23 12:45:00,199.69,199.77,199.5,199.68,58792
5144,2022-11-23 13:15:00,199.68,199.8,199.62,199.68,27012
5145,2022-11-23 13:45:00,199.75,199.8,199.65,199.8,20208
5146,2022-11-23 14:15:00,199.8,199.85,199.71,199.85,47543
5147,2022-11-23 14:45:00,199.85,200.0,199.52,199.59,89022
5148,2022-11-23 15:15:00,199.56,199.6,199.29,199.42,97406
5149,2022-11-24 09:15:00,200.72,200.72,199.45,200.19,233853
5150,2022-11-24 09:45:00,200.15,200.32,200.14,200.28,233002
5151,2022-11-24 10:15:00,200.27,200.55,200.24,200.45,231548
5152,2022-11-24 10:45:00,200.49,200.54,200.41,200.51,137325
5153,2022-11-24 11:15:00,200.5,200.59,200.44,200.59,105085
5154,2022-11-24 11:45:00,200.59,200.63,200.45,200.6,195646
5155,2022-11-24 12:15:00,200.6,200.69,200.58,200.63,87101
5156,2022-11-24 12:45:00,200.63,200.75,200.56,200.69,179906
5157,2022-11-24 13:15:00,200.7,200.7,200.5,200.56,72555
5158,2022-11-24 13:45:00,200.58,200.81,200.56,200.8,88940
5159,2022-11-24 14:15:00,200.8,200.94,200.75,200.78,197386
5160,2022-11-24 14:45:00,200.75,201.82,200.72,201.75,570351
5161,2022-11-24 15:15:00,201.76,202.22,201.71,202.19,393283
5162,2022-11-25 09:15:00,202.37,202.37,201.44,201.6,339023
5163,2022-11-25 09:45:00,201.6,201.9,201.51,201.78,191674
5164,2022-11-25 10:15:00,201.87,201.96,201.7,201.9,131247
5165,2022-11-25 10:45:00,201.9,202.0,201.67,201.74,84504
5166,2022-11-25 11:15:00,201.68,202.0,201.66,201.77,77290
5167,2022-11-25 11:45:00,201.8,201.83,201.56,201.78,97055
5168,2022-11-25 12:15:00,201.78,201.98,201.75,201.94,47475
5169,2022-11-25 12:45:00,201.94,202.1,201.8,201.97,142952
5170,2022-11-25 13:15:00,201.97,202.2,201.83,202.1,53828
5171,2022-11-25 13:45:00,202.1,202.35,201.91,202.13,135278
5172,2022-11-25 14:15:00,202.14,202.25,201.9,202.2,70631
5173,2022-11-25 14:45:00,202.2,202.64,202.05,202.53,384967
5174,2022-11-25 15:15:00,202.54,202.54,202.21,202.3,169344
5175,2022-11-28 09:15:00,203.52,203.52,200.91,202.6,321692
5176,2022-11-28 09:45:00,202.64,202.98,202.64,202.95,404400
5177,2022-11-28 10:15:00,202.95,203.1,202.9,203.05,162514
5178,2022-11-28 10:45:00,203.03,203.26,203.0,203.24,168740
5179,2022-11-28 11:15:00,203.24,203.46,203.06,203.29,102705
5180,2022-11-28 11:45:00,203.35,203.49,203.21,203.43,88550
5181,2022-11-28 12:15:00,203.43,203.49,203.26,203.26,141513
5182,2022-11-28 12:45:00,203.39,203.5,203.26,203.39,111458
5183,2022-11-28 13:15:00,203.35,203.49,203.31,203.49,65491
5184,2022-11-28 13:45:00,203.49,203.49,203.13,203.3,84242
5185,2022-11-28 14:15:00,203.21,203.3,203.1,203.27,76210
5186,2022-11-28 14:45:00,203.24,203.35,203.0,203.07,149250
5187,2022-11-28 15:15:00,203.07,203.29,203.0,203.01,100371
5188,2022-11-29 09:15:00,207.49,207.49,201.91,203.64,268715
5189,2022-11-29 09:45:00,203.64,203.7,203.5,203.67,74261
5190,2022-11-29 10:15:00,203.67,203.75,203.6,203.65,76720
5191,2022-11-29 10:45:00,203.73,204.0,203.67,203.96,110395
5192,2022-11-29 11:15:00,203.96,203.96,203.71,203.93,90868
5193,2022-11-29 11:45:00,203.9,204.0,203.73,203.95,108803
5194,2022-11-29 12:15:00,203.99,204.0,203.87,203.99,93211
5195,2022-11-29 12:45:00,204.02,204.08,203.76,203.88,66907
5196,2022-11-29 13:15:00,203.9,204.1,203.86,204.01,56157
5197,2022-11-29 13:45:00,204.01,204.09,203.86,203.94,38896
5198,2022-11-29 14:15:00,203.94,203.95,203.5,203.62,97689
5199,2022-11-29 14:45:00,203.58,203.74,203.33,203.35,124692
5200,2022-11-29 15:15:00,203.39,203.48,203.3,203.4,110207
5201,2022-11-30 09:15:00,207.48,207.48,202.75,203.74,217920
5202,2022-11-30 09:45:00,203.73,203.74,203.46,203.72,175448
5203,2022-11-30 10:15:00,203.71,203.72,203.5,203.59,94923
5204,2022-11-30 10:45:00,203.59,203.75,203.5,203.75,60196
5205,2022-11-30 11:15:00,203.75,203.9,203.61,203.83,67624
5206,2022-11-30 11:45:00,203.81,203.9,203.75,203.85,41095
5207,2022-11-30 12:15:00,203.85,203.93,203.66,203.92,64851
5208,2022-11-30 12:45:00,203.92,204.1,203.8,204.1,97445
5209,2022-11-30 13:15:00,204.02,204.1,203.94,204.0,48317
5210,2022-11-30 13:45:00,204.03,204.08,203.86,204.05,49603
5211,2022-11-30 14:15:00,204.05,204.4,204.0,204.24,121894
5212,2022-11-30 14:45:00,204.2,204.67,204.1,204.62,416427
5213,2022-11-30 15:15:00,204.62,205.12,204.61,204.87,466702
5214,2022-12-01 09:15:00,207.49,207.49,204.73,205.96,572007
5215,2022-12-01 09:45:00,205.98,205.99,205.63,205.8,458221
5216,2022-12-01 10:15:00,205.8,205.86,205.6,205.79,200891
5217,2022-12-01 10:45:00,205.79,205.98,205.73,205.91,88856
5218,2022-12-01 11:15:00,205.91,205.96,205.78,205.83,55043
5219,2022-12-01 11:45:00,205.83,205.83,205.7,205.7,65393
5220,2022-12-01 12:15:00,205.74,206.03,205.7,205.9,113603
5221,2022-12-01 12:45:00,205.9,206.0,205.8,205.9,60149
5222,2022-12-01 13:15:00,205.9,206.0,205.51,205.68,101876
5223,2022-12-01 13:45:00,205.67,205.78,205.3,205.66,108979
5224,2022-12-01 14:15:00,205.66,205.99,205.48,205.69,154986
5225,2022-12-01 14:45:00,205.69,205.8,205.5,205.55,113459
5226,2022-12-01 15:15:00,205.55,205.66,205.42,205.5,167325
5227,2022-12-02 09:15:00,207.49,207.49,204.61,204.64,399460
5228,2022-12-02 09:45:00,204.65,204.83,204.52,204.6,157428
5229,2022-12-02 10:15:00,204.6,204.75,204.45,204.6,201225
5230,2022-12-02 10:45:00,204.6,204.65,204.5,204.57,170726
5231,2022-12-02 11:15:00,204.57,204.6,204.01,204.23,195214
5232,2022-12-02 11:45:00,204.25,204.25,203.9,203.97,231203
5233,2022-12-02 12:15:00,204.04,204.34,203.95,204.25,128294
5234,2022-12-02 12:45:00,204.25,204.4,204.17,204.38,56893
5235,2022-12-02 13:15:00,204.38,204.38,204.15,204.33,68053
5236,2022-12-02 13:45:00,204.33,204.65,204.25,204.6,103221
5237,2022-12-02 14:15:00,204.6,204.9,204.5,204.7,353026
5238,2022-12-02 14:45:00,204.66,204.88,204.6,204.84,162621
5239,2022-12-02 15:15:00,204.85,205.0,204.7,205.0,142519
5240,2022-12-05 09:15:00,207.49,207.49,204.01,204.36,275869
5241,2022-12-05 09:45:00,204.35,204.35,203.65,203.78,234619
5242,2022-12-05 10:15:00,203.78,204.16,203.72,204.0,168796
5243,2022-12-05 10:45:00,204.0,204.19,203.92,204.19,110494
5244,2022-12-05 11:15:00,204.2,204.35,204.07,204.34,59863
5245,2022-12-05 11:45:00,204.34,204.34,204.13,204.34,67594
5246,2022-12-05 12:15:00,204.34,204.79,204.34,204.58,95076
5247,2022-12-05 12:45:00,204.65,204.65,204.31,204.39,56792
5248,2022-12-05 13:15:00,204.4,204.42,204.1,204.1,85635
5249,2022-12-05 13:45:00,204.1,204.28,204.0,204.13,134028
5250,2022-12-05 14:15:00,204.13,204.48,204.01,204.15,82583
5251,2022-12-05 14:45:00,204.15,204.69,204.05,204.5,148632
5252,2022-12-05 15:15:00,204.5,204.6,204.36,204.53,107244
5253,2022-12-06 09:15:00,206.48,206.48,203.5,203.64,320458
5254,2022-12-06 09:45:00,203.64,204.09,203.6,204.09,134850
5255,2022-12-06 10:15:00,204.1,204.25,203.87,204.14,93839
5256,2022-12-06 10:45:00,204.02,204.25,203.75,203.89,87494
5257,2022-12-06 11:15:00,203.89,204.1,203.85,203.92,71896
5258,2022-12-06 11:45:00,203.9,203.95,203.8,203.85,166236
5259,2022-12-06 12:15:00,203.85,203.86,203.54,203.75,308772
5260,2022-12-06 12:45:00,203.75,204.0,203.59,203.91,81777
5261,2022-12-06 13:15:00,204.0,204.1,203.85,204.05,37215
5262,2022-12-06 13:45:00,204.05,204.2,203.77,204.0,81198
5263,2022-12-06 14:15:00,204.0,204.03,203.85,203.9,184907
5264,2022-12-06 14:45:00,203.9,204.35,203.75,204.28,234833
5265,2022-12-06 15:15:00,204.28,204.4,204.08,204.39,99452
5266,2022-12-07 09:15:00,203.87,207.24,203.75,204.09,161637
5267,2022-12-07 09:45:00,204.09,204.24,203.93,204.2,113915
5268,2022-12-07 10:15:00,204.21,204.24,203.9,203.9,98497
5269,2022-12-07 10:45:00,203.95,203.95,203.19,203.46,234886
5270,2022-12-07 11:15:00,203.45,203.49,203.25,203.38,65195
5271,2022-12-07 11:45:00,203.38,203.59,203.25,203.59,85580
5272,2022-12-07 12:15:00,203.59,203.6,203.26,203.26,73414
5273,2022-12-07 12:45:00,203.34,203.5,203.27,203.4,64873
5274,2022-12-07 13:15:00,203.44,203.5,203.2,203.33,61306
5275,2022-12-07 13:45:00,203.33,203.4,203.11,203.13,105620
5276,2022-12-07 14:15:00,203.13,203.4,203.12,203.34,78157
5277,2022-12-07 14:45:00,203.34,203.5,202.75,202.8,307874
5278,2022-12-07 15:15:00,202.8,202.88,202.6,202.73,257046
5279,2022-12-08 09:15:00,176.5,203.47,176.5,202.95,130988
5280,2022-12-08 09:45:00,202.98,203.6,202.92,203.4,148855
5281,2022-12-08 10:15:00,203.37,203.4,202.95,202.98,77606
5282,2022-12-08 10:45:00,202.97,203.05,202.8,203.0,83597
5283,2022-12-08 11:15:00,203.0,203.16,202.82,202.94,65798
5284,2022-12-08 11:45:00,202.94,203.1,202.8,203.02,80815
5285,2022-12-08 12:15:00,203.04,203.15,202.85,202.95,57682
5286,2022-12-08 12:45:00,202.95,203.17,202.7,203.12,74815
5287,2022-12-08 13:15:00,203.1,203.27,203.03,203.15,73797
5288,2022-12-08 13:45:00,203.15,203.25,203.0,203.19,37971
5289,2022-12-08 14:15:00,203.19,203.4,203.14,203.35,218009
5290,2022-12-08 14:45:00,203.37,203.61,203.25,203.58,157566
5291,2022-12-08 15:15:00,203.59,203.8,203.52,203.8,166532
5292,2022-12-09 09:15:00,207.49,207.49,203.66,203.93,152836
5293,2022-12-09 09:45:00,203.92,203.99,203.65,203.7,87838
5294,2022-12-09 10:15:00,203.72,203.79,203.2,203.3,128738
5295,2022-12-09 10:45:00,203.3,203.4,203.05,203.3,92203
5296,2022-12-09 11:15:00,203.29,203.38,203.02,203.18,50221
5297,2022-12-09 11:45:00,203.25,203.4,203.19,203.38,136636
5298,2022-12-09 12:15:00,203.38,203.4,202.22,202.43,205566
5299,2022-12-09 12:45:00,202.39,202.59,202.01,202.54,318859
5300,2022-12-09 13:15:00,202.5,202.6,202.31,202.35,70816
5301,2022-12-09 13:45:00,202.31,202.55,202.15,202.16,176660
5302,2022-12-09 14:15:00,202.16,202.16,201.71,202.16,268182
5303,2022-12-09 14:45:00,202.16,202.64,202.08,202.56,235973
5304,2022-12-09 15:15:00,202.64,202.64,202.2,202.48,184320
5305,2022-12-12 09:15:00,204.8,205.8,200.55,202.19,361566
5306,2022-12-12 09:45:00,202.16,202.61,202.0,202.32,183626
5307,2022-12-12 10:15:00,202.3,202.79,202.3,202.75,155534
5308,2022-12-12 10:45:00,202.76,202.76,202.5,202.6,69188
5309,2022-12-12 11:15:00,202.6,202.74,202.5,202.57,135496
5310,2022-12-12 11:45:00,202.57,202.66,202.4,202.58,331668
5311,2022-12-12 12:15:00,202.58,202.75,202.49,202.54,56539
5312,2022-12-12 12:45:00,202.54,202.64,202.27,202.46,32462
5313,2022-12-12 13:15:00,202.44,202.44,202.1,202.22,55895
5314,2022-12-12 13:45:00,202.22,202.32,202.05,202.13,47888
5315,2022-12-12 14:15:00,202.24,202.25,201.81,202.1,107733
5316,2022-12-12 14:45:00,202.1,202.75,202.0,202.68,143210
5317,2022-12-12 15:15:00,202.68,202.75,202.54,202.7,53223
5318,2022-12-13 09:15:00,207.49,207.49,202.31,202.76,212911
5319,2022-12-13 09:45:00,202.78,202.97,202.5,202.84,134429
5320,2022-12-13 10:15:00,202.84,202.91,202.63,202.75,64468
5321,2022-12-13 10:45:00,202.68,203.13,202.68,203.0,80678
5322,2022-12-13 11:15:00,203.05,203.5,203.0,203.37,88352
5323,2022-12-13 11:45:00,203.37,203.5,203.28,203.37,169601
5324,2022-12-13 12:15:00,203.38,203.5,203.21,203.38,75752
5325,2022-12-13 12:45:00,203.38,203.54,203.3,203.54,38753
5326,2022-12-13 13:15:00,203.54,203.6,203.42,203.46,41194
5327,2022-12-13 13:45:00,203.55,203.58,203.43,203.45,41500
5328,2022-12-13 14:15:00,203.43,203.58,203.31,203.48,78177
5329,2022-12-13 14:45:00,203.42,203.9,203.41,203.81,97937
5330,2022-12-13 15:15:00,203.75,203.84,203.6,203.8,71448
5331,2022-12-14 09:15:00,204.99,204.99,203.77,204.67,260004
5332,2022-12-14 09:45:00,204.67,204.68,204.25,204.42,151151
5333,2022-12-14 10:15:00,204.42,204.49,204.22,204.34,126322
5334,2022-12-14 10:45:00,204.34,204.5,204.3,204.45,47187
5335,2022-12-14 11:15:00,204.45,204.52,204.33,204.45,57100
5336,2022-12-14 11:45:00,204.5,204.6,204.39,204.54,67527
5337,2022-12-14 12:15:00,204.5,204.54,204.25,204.46,67794
5338,2022-12-14 12:45:00,204.4,204.48,204.25,204.38,30638
5339,2022-12-14 13:15:00,204.38,204.4,204.25,204.26,38675
5340,2022-12-14 13:45:00,204.26,204.31,204.0,204.06,72546
5341,2022-12-14 14:15:00,204.11,204.36,204.06,204.22,66670
5342,2022-12-14 14:45:00,204.2,204.52,204.15,204.43,114117
5343,2022-12-14 15:15:00,204.43,204.5,204.11,204.37,72487
5344,2022-12-15 09:15:00,204.75,204.75,203.35,203.45,249370
5345,2022-12-15 09:45:00,203.48,203.56,203.21,203.22,117624
5346,2022-12-15 10:15:00,203.22,203.59,203.21,203.49,117839
5347,2022-12-15 10:45:00,203.41,203.59,203.39,203.45,61403
5348,2022-12-15 11:15:00,203.45,203.45,203.36,203.37,41401
5349,2022-12-15 11:45:00,203.37,203.38,203.02,203.16,91960
5350,2022-12-15 12:15:00,203.15,203.27,202.75,202.89,150541
5351,2022-12-15 12:45:00,202.89,202.97,202.62,202.69,170182
5352,2022-12-15 13:15:00,202.66,202.82,202.51,202.65,147934
5353,2022-12-15 13:45:00,202.71,202.76,202.36,202.65,155179
5354,2022-12-15 14:15:00,202.59,202.63,201.65,201.71,294177
5355,2022-12-15 14:45:00,201.63,201.94,201.32,201.55,390998
5356,2022-12-15 15:15:00,201.55,201.75,201.41,201.75,342931
5357,2022-12-16 09:15:00,202.35,202.35,200.07,201.3,338867
5358,2022-12-16 09:45:00,201.25,201.35,200.86,200.9,151273
5359,2022-12-16 10:15:00,200.9,200.98,200.55,200.59,131277
5360,2022-12-16 10:45:00,200.58,200.71,200.17,200.67,203467
5361,2022-12-16 11:15:00,200.64,200.93,200.5,200.75,80419
5362,2022-12-16 11:45:00,200.75,200.86,200.5,200.85,76435
5363,2022-12-16 12:15:00,200.85,201.61,200.83,201.59,169165
5364,2022-12-16 12:45:00,201.58,201.7,201.2,201.3,65859
5365,2022-12-16 13:15:00,201.2,201.42,200.95,200.95,83478
5366,2022-12-16 13:45:00,201.0,201.0,200.55,200.75,147190
5367,2022-12-16 14:15:00,200.74,200.79,200.22,200.47,145308
5368,2022-12-16 14:45:00,200.41,200.62,200.0,200.08,329814
5369,2022-12-16 15:15:00,200.04,200.32,200.0,200.29,248632
5370,2022-12-19 09:15:00,201.42,201.42,198.66,200.54,213236
5371,2022-12-19 09:45:00,200.54,200.99,200.33,200.94,104311
5372,2022-12-19 10:15:00,200.94,201.0,200.76,200.86,66586
5373,2022-12-19 10:45:00,200.91,201.0,200.61,200.8,219780
5374,2022-12-19 11:15:00,200.8,201.2,200.66,201.05,78993
5375,2022-12-19 11:45:00,201.06,201.27,201.01,201.2,124096
5376,2022-12-19 12:15:00,201.2,201.29,201.02,201.13,149315
5377,2022-12-19 12:45:00,201.11,201.11,200.65,200.88,48063
5378,2022-12-19 13:15:00,200.88,201.13,200.76,201.12,143704
5379,2022-12-19 13:45:00,201.14,201.25,201.05,201.11,58414
5380,2022-12-19 14:15:00,201.17,201.47,201.01,201.46,113083
5381,2022-12-19 14:45:00,201.46,201.79,201.35,201.65,305305
5382,2022-12-19 15:15:00,201.64,201.69,201.6,201.65,95963
5383,2022-12-20 09:15:00,203.85,203.85,199.5,199.99,445037
5384,2022-12-20 09:45:00,199.97,200.09,199.25,199.64,337393
5385,2022-12-20 10:15:00,199.64,199.78,199.5,199.73,124927
5386,2022-12-20 10:45:00,199.73,199.8,199.3,199.6,300467
5387,2022-12-20 11:15:00,199.6,199.73,199.5,199.57,72994
5388,2022-12-20 11:45:00,199.55,199.91,199.4,199.91,133567
5389,2022-12-20 12:15:00,199.91,200.29,199.76,200.27,129036
5390,2022-12-20 12:45:00,200.25,200.3,199.82,200.01,94515
5391,2022-12-20 13:15:00,200.07,200.25,199.9,200.07,63850
5392,2022-12-20 13:45:00,200.2,200.5,200.0,200.4,98496
5393,2022-12-20 14:15:00,200.4,200.97,200.4,200.85,199665
5394,2022-12-20 14:45:00,200.85,201.47,200.53,201.35,221849
5395,2022-12-20 15:15:00,201.49,201.5,201.23,201.42,86270
5396,2022-12-21 09:15:00,203.95,203.95,200.16,201.48,243678
5397,2022-12-21 09:45:00,201.4,201.59,201.07,201.42,85407
5398,2022-12-21 10:15:00,201.42,201.42,200.9,201.01,102751
5399,2022-12-21 10:45:00,201.02,201.2,200.9,201.2,106427
5400,2022-12-21 11:15:00,201.2,201.29,201.07,201.22,71301
5401,2022-12-21 11:45:00,201.22,201.4,200.78,200.78,150504
5402,2022-12-21 12:15:00,200.8,200.83,200.32,200.35,145924
5403,2022-12-21 12:45:00,200.35,200.59,200.1,200.53,112970
5404,2022-12-21 13:15:00,200.53,200.53,200.02,200.16,98591
5405,2022-12-21 13:45:00,200.16,200.25,199.0,199.65,447696
5406,2022-12-21 14:15:00,199.68,200.2,199.26,200.01,256486
5407,2022-12-21 14:45:00,200.18,200.29,199.18,199.5,357244
5408,2022-12-21 15:15:00,199.5,199.7,199.23,199.69,282188
5409,2022-12-22 09:15:00,199.4,202.31,199.03,199.25,351388
5410,2022-12-22 09:45:00,199.17,199.95,198.9,198.98,232909
5411,2022-12-22 10:15:00,198.97,199.04,198.51,198.67,239803
5412,2022-12-22 10:45:00,198.66,198.76,198.33,198.74,250660
5413,2022-12-22 11:15:00,198.73,198.9,198.4,198.43,239616
5414,2022-12-22 11:45:00,198.4,198.46,198.05,198.11,296253
5415,2022-12-22 12:15:00,198.11,198.5,198.07,198.12,147516
5416,2022-12-22 12:45:00,198.17,198.59,197.9,198.48,254181
5417,2022-12-22 13:15:00,198.4,198.75,198.3,198.75,116919
5418,2022-12-22 13:45:00,198.75,199.0,198.6,199.0,172369
5419,2022-12-22 14:15:00,198.97,199.16,198.45,198.48,245172
5420,2022-12-22 14:45:00,198.37,198.8,198.26,198.78,189617
5421,2022-12-22 15:15:00,198.75,198.78,198.4,198.48,496906
5422,2022-12-23 09:15:00,201.43,201.43,196.81,197.45,1206100
5423,2022-12-23 09:45:00,197.49,197.5,196.5,196.74,502502
5424,2022-12-23 10:15:00,196.54,196.74,196.25,196.56,1709597
5425,2022-12-23 10:45:00,196.59,196.78,196.36,196.69,380005
5426,2022-12-23 11:15:00,196.7,196.71,195.8,196.01,431741
5427,2022-12-23 11:45:00,195.94,196.25,195.62,196.14,417863
5428,2022-12-23 12:15:00,196.23,196.47,196.03,196.29,239412
5429,2022-12-23 12:45:00,196.29,196.35,195.9,196.03,219353
5430,2022-12-23 13:15:00,196.06,196.22,195.62,195.66,851936
5431,2022-12-23 13:45:00,195.66,195.86,195.4,195.5,936081
5432,2022-12-23 14:15:00,195.48,196.0,195.4,195.7,338373
5433,2022-12-23 14:45:00,195.7,195.7,194.8,195.19,954098
5434,2022-12-23 15:15:00,195.19,195.7,195.04,195.7,773335
5435,2022-12-26 09:15:00,198.51,198.51,194.8,196.54,691083
5436,2022-12-26 09:45:00,196.54,196.55,196.31,196.5,292795
5437,2022-12-26 10:15:00,196.5,196.55,196.2,196.51,152205
5438,2022-12-26 10:45:00,196.53,196.6,196.37,196.58,525300
5439,2022-12-26 11:15:00,196.58,196.6,196.5,196.6,569170
5440,2022-12-26 11:45:00,196.6,196.73,196.52,196.7,287073
5441,2022-12-26 12:15:00,196.7,196.76,196.35,196.55,394876
5442,2022-12-26 12:45:00,196.66,196.92,196.45,196.79,71886
5443,2022-12-26 13:15:00,196.79,197.0,196.53,196.95,135495
5444,2022-12-26 13:45:00,196.94,196.98,196.75,196.92,96757
5445,2022-12-26 14:15:00,196.92,197.5,196.83,197.36,163062
5446,2022-12-26 14:45:00,197.45,197.87,196.9,196.99,178457
5447,2022-12-26 15:15:00,196.98,197.3,196.9,197.23,89734
5448,2022-12-27 09:15:00,198.91,198.91,196.89,197.0,422283
5449,2022-12-27 09:45:00,197.0,197.35,196.58,197.19,177210
5450,2022-12-27 10:15:00,197.19,197.72,197.01,197.5,143778
5451,2022-12-27 10:45:00,197.5,197.86,197.37,197.62,69433
5452,2022-12-27 11:15:00,197.74,197.83,197.5,197.6,88264
5453,2022-12-27 11:45:00,197.6,197.85,197.51,197.8,82582
5454,2022-12-27 12:15:00,197.8,197.9,197.52,197.69,95933
5455,2022-12-27 12:45:00,197.7,197.81,197.38,197.66,87670
5456,2022-12-27 13:15:00,197.76,197.97,197.6,197.9,152430
5457,2022-12-27 13:45:00,197.94,198.46,197.86,198.43,136910
5458,2022-12-27 14:15:00,198.43,198.45,197.9,198.44,137086
5459,2022-12-27 14:45:00,198.44,198.69,197.83,198.0,709592
5460,2022-12-27 15:15:00,198.09,198.3,197.96,198.0,364513
5461,2022-12-28 09:15:00,198.95,198.95,197.01,197.98,185109
5462,2022-12-28 09:45:00,197.98,198.3,197.8,198.28,104582
5463,2022-12-28 10:15:00,198.28,198.28,197.55,197.87,352130
5464,2022-12-28 10:45:00,197.9,198.2,197.71,198.1,127255
5465,2022-12-28 11:15:00,198.2,198.24,197.84,197.94,82943
5466,2022-12-28 11:45:00,197.96,198.2,197.87,198.13,189768
5467,2022-12-28 12:15:00,198.13,198.19,197.95,198.05,111424
5468,2022-12-28 12:45:00,198.05,198.19,197.92,198.05,42810
5469,2022-12-28 13:15:00,198.13,198.13,197.9,198.05,287424
5470,2022-12-28 13:45:00,198.05,198.49,197.98,198.3,89645
5471,2022-12-28 14:15:00,198.3,198.35,198.07,198.27,49706
5472,2022-12-28 14:45:00,198.34,198.38,197.71,198.02,117316
5473,2022-12-28 15:15:00,198.02,198.04,197.85,198.04,139825
5474,2022-12-29 09:15:00,197.9,197.9,196.78,196.9,336207
5475,2022-12-29 09:45:00,196.86,197.02,196.76,196.91,137659
5476,2022-12-29 10:15:00,196.91,197.25,196.8,197.2,90511
5477,2022-12-29 10:45:00,197.17,197.25,197.0,197.15,73166
5478,2022-12-29 11:15:00,197.15,197.68,197.04,197.57,169179
5479,2022-12-29 11:45:00,197.55,197.67,197.35,197.52,172753
5480,2022-12-29 12:15:00,197.52,197.54,197.25,197.29,54575
5481,2022-12-29 12:45:00,197.39,197.58,197.28,197.58,27525
5482,2022-12-29 13:15:00,197.58,197.58,197.3,197.58,42679
5483,2022-12-29 13:45:00,197.6,197.97,197.59,197.96,80682
5484,2022-12-29 14:15:00,197.96,198.3,197.8,198.29,101590
5485,2022-12-29 14:45:00,198.29,198.86,198.08,198.79,905257
5486,2022-12-29 15:15:00,198.82,199.08,198.75,198.91,182453
5487,2022-12-30 09:15:00,199.9,200.14,198.79,199.36,328419
5488,2022-12-30 09:45:00,199.36,199.47,199.06,199.15,127184
5489,2022-12-30 10:15:00,199.16,199.47,199.08,199.39,120449
5490,2022-12-30 10:45:00,199.24,199.42,199.1,199.24,90676
5491,2022-12-30 11:15:00,199.24,199.29,198.87,198.89,110032
5492,2022-12-30 11:45:00,198.88,199.03,198.7,198.9,81817
5493,2022-12-30 12:15:00,198.95,199.23,198.8,199.17,89470
5494,2022-12-30 12:45:00,199.17,199.18,198.7,198.7,80890
5495,2022-12-30 13:15:00,198.81,199.0,198.7,198.75,70382
5496,2022-12-30 13:45:00,198.78,198.87,198.48,198.75,112207
5497,2022-12-30 14:15:00,198.75,198.78,198.4,198.58,88417
5498,2022-12-30 14:45:00,198.52,198.87,197.7,198.01,253939
5499,2022-12-30 15:15:00,198.01,198.25,197.76,198.18,185555
5500,2023-01-02 09:15:00,200.99,201.0,197.49,198.45,381445
5501,2023-01-02 09:45:00,198.45,198.8,198.37,198.69,217845
5502,2023-01-02 10:15:00,198.55,199.12,198.55,199.08,242535
5503,2023-01-02 10:45:00,199.08,199.33,198.93,199.22,233475
5504,2023-01-02 11:15:00,199.22,199.28,199.0,199.26,183723
5505,2023-01-02 11:45:00,199.26,199.29,198.92,199.29,158818
5506,2023-01-02 12:15:00,199.29,199.29,198.82,198.95,254070
5507,2023-01-02 12:45:00,198.95,199.15,198.78,199.14,92499
5508,2023-01-02 13:15:00,199.14,199.28,199.0,199.12,157309
5509,2023-01-02 13:45:00,199.12,199.16,198.9,199.01,115883
5510,2023-01-02 14:15:00,199.09,199.09,198.5,198.91,119288
5511,2023-01-02 14:45:00,198.86,199.37,198.85,199.25,167101
5512,2023-01-02 15:15:00,199.25,199.55,199.13,199.53,169550
5513,2023-01-03 09:15:00,199.95,199.95,198.39,199.25,197231
5514,2023-01-03 09:45:00,199.24,199.75,199.2,199.72,208271
5515,2023-01-03 10:15:00,199.72,199.78,199.5,199.58,103318
5516,2023-01-03 10:45:00,199.56,199.83,199.55,199.75,72487
5517,2023-01-03 11:15:00,199.75,199.85,199.63,199.74,130001
5518,2023-01-03 11:45:00,199.74,199.75,199.32,199.4,402513
5519,2023-01-03 12:15:00,199.4,199.4,198.9,199.07,169902
5520,2023-01-03 12:45:00,199.07,199.26,199.0,199.22,80698
5521,2023-01-03 13:15:00,199.26,199.5,199.18,199.39,146821
5522,2023-01-03 13:45:00,199.49,199.6,199.35,199.39,126093
5523,2023-01-03 14:15:00,199.35,199.7,199.19,199.68,83141
5524,2023-01-03 14:45:00,199.55,199.89,199.46,199.66,118646
5525,2023-01-03 15:15:00,199.69,199.8,199.49,199.77,101632
5526,2023-01-04 09:15:00,200.9,200.9,198.69,199.03,318746
5527,2023-01-04 09:45:00,199.02,199.07,198.4,198.62,1361540
5528,2023-01-04 10:15:00,198.57,198.96,198.5,198.74,115638
5529,2023-01-04 10:45:00,198.74,198.75,198.18,198.25,162211
5530,2023-01-04 11:15:00,198.25,198.45,198.25,198.35,284587
5531,2023-01-04 11:45:00,198.35,198.35,197.61,197.72,277281
5532,2023-01-04 12:15:00,197.7,197.93,197.65,197.8,230824
5533,2023-01-04 12:45:00,197.87,198.15,197.83,198.08,171550
5534,2023-01-04 13:15:00,198.08,198.25,197.92,198.25,249470
5535,2023-01-04 13:45:00,198.21,198.66,198.2,198.58,100636
5536,2023-01-04 14:15:00,198.58,198.62,197.98,198.02,181918
5537,2023-01-04 14:45:00,197.95,197.95,197.45,197.8,390683
5538,2023-01-04 15:15:00,197.8,197.9,197.4,197.67,232301
5539,2023-01-05 09:15:00,198.95,198.95,195.0,197.7,279762
5540,2023-01-05 09:45:00,197.6,197.8,197.34,197.75,271718
5541,2023-01-05 10:15:00,197.89,197.99,197.46,197.6,349124
5542,2023-01-05 10:45:00,197.6,197.6,197.19,197.4,305760
5543,2023-01-05 11:15:00,197.4,197.4,196.98,197.1,297297
5544,2023-01-05 11:45:00,197.1,197.1,196.62,196.85,283450
5545,2023-01-05 12:15:00,196.88,196.95,196.51,196.58,248676
5546,2023-01-05 12:45:00,196.58,196.85,196.47,196.69,128495
5547,2023-01-05 13:15:00,196.69,196.69,196.06,196.2,250408
5548,2023-01-05 13:45:00,196.21,196.58,196.01,196.3,265616
5549,2023-01-05 14:15:00,196.26,196.74,196.2,196.68,212156
5550,2023-01-05 14:45:00,196.68,197.2,196.54,197.07,301279
5551,2023-01-05 15:15:00,197.07,197.29,196.89,197.28,275882
5552,2023-01-06 09:15:00,198.15,198.15,196.68,197.52,275910
5553,2023-01-06 09:45:00,197.52,197.56,196.69,196.69,199916
5554,2023-01-06 10:15:00,196.74,196.88,196.3,196.4,156790
5555,2023-01-06 10:45:00,196.4,196.66,196.19,196.29,164417
5556,2023-01-06 11:15:00,196.29,196.55,196.15,196.54,146399
5557,2023-01-06 11:45:00,196.5,196.65,196.31,196.31,163992
5558,2023-01-06 12:15:00,196.32,196.42,195.82,195.91,338983
5559,2023-01-06 12:45:00,195.91,195.91,195.27,195.38,497272
5560,2023-01-06 13:15:00,195.39,195.42,194.99,195.31,847674
5561,2023-01-06 13:45:00,195.31,195.59,195.22,195.36,402039
5562,2023-01-06 14:15:00,195.39,195.59,195.15,195.42,447464
5563,2023-01-06 14:45:00,195.41,195.94,195.32,195.83,525520
5564,2023-01-06 15:15:00,195.84,195.95,195.55,195.92,340958
5565,2023-01-09 09:15:00,195.76,199.0,195.72,197.48,660145
5566,2023-01-09 09:45:00,197.5,197.9,197.25,197.76,378936
5567,2023-01-09 10:15:00,197.76,198.2,197.76,198.04,259530
5568,2023-01-09 10:45:00,198.04,198.2,198.0,198.19,136374
5569,2023-01-09 11:15:00,198.21,198.65,198.14,198.56,633199
5570,2023-01-09 11:45:00,198.57,198.7,198.13,198.4,467370
5571,2023-01-09 12:15:00,198.4,198.49,198.0,198.09,135420
5572,2023-01-09 12:45:00,198.02,198.18,198.0,198.08,102381
5573,2023-01-09 13:15:00,198.08,198.08,197.5,197.5,536541
5574,2023-01-09 13:45:00,197.52,197.75,197.12,197.75,358911
5575,2023-01-09 14:15:00,197.75,197.9,197.61,197.81,283667
5576,2023-01-09 14:45:00,197.9,198.34,197.4,198.28,637166
5577,2023-01-09 15:15:00,198.28,198.45,198.15,198.15,365721
5578,2023-01-10 09:15:00,198.28,199.18,197.25,197.31,952913
5579,2023-01-10 09:45:00,197.35,197.41,196.56,196.95,549108
5580,2023-01-10 10:15:00,197.0,197.25,196.7,196.7,271339
5581,2023-01-10 10:45:00,196.69,196.97,196.5,196.69,229614
5582,2023-01-10 11:15:00,196.69,196.79,196.4,196.49,185020
5583,2023-01-10 11:45:00,196.49,196.79,196.43,196.71,136662
5584,2023-01-10 12:15:00,196.71,196.9,196.12,196.17,235917
5585,2023-01-10 12:45:00,196.17,196.24,195.87,196.06,406700
5586,2023-01-10 13:15:00,196.0,196.24,195.7,195.84,223318
5587,2023-01-10 13:45:00,195.84,196.25,195.74,196.19,286791
5588,2023-01-10 14:15:00,196.17,196.23,195.65,195.65,310419
5589,2023-01-10 14:45:00,195.62,196.25,195.62,196.21,242950
5590,2023-01-10 15:15:00,196.21,196.34,196.03,196.3,177379
5591,2023-01-11 09:15:00,195.88,198.99,195.25,195.79,384134
5592,2023-01-11 09:45:00,195.79,196.71,195.7,196.71,186357
5593,2023-01-11 10:15:00,196.74,196.95,196.35,196.65,199282
5594,2023-01-11 10:45:00,196.67,196.78,195.85,196.18,142653
5595,2023-01-11 11:15:00,196.2,196.24,195.81,195.84,128819
5596,2023-01-11 11:45:00,195.91,196.42,195.86,196.16,88435
5597,2023-01-11 12:15:00,196.11,196.38,196.0,196.09,57992
5598,2023-01-11 12:45:00,196.09,196.35,195.87,196.28,272406
5599,2023-01-11 13:15:00,196.28,196.39,196.26,196.3,826824
5600,2023-01-11 13:45:00,196.3,196.3,195.71,195.85,102619
5601,2023-01-11 14:15:00,195.8,196.29,195.75,196.25,71236
5602,2023-01-11 14:45:00,196.25,196.5,195.92,196.09,413139
5603,2023-01-11 15:15:00,196.03,196.08,195.8,196.04,263856
5604,2023-01-12 09:15:00,202.0,202.0,195.33,196.18,276198
5605,2023-01-12 09:45:00,196.15,196.2,195.42,195.62,465748
5606,2023-01-12 10:15:00,195.62,195.62,195.12,195.38,210794
5607,2023-01-12 10:45:00,195.38,195.44,194.97,195.02,330162
5608,2023-01-12 11:15:00,195.03,195.34,195.0,195.1,174205
5609,2023-01-12 11:45:00,195.13,195.19,194.8,195.19,244707
5610,2023-01-12 12:15:00,195.19,195.38,195.1,195.27,293946
5611,2023-01-12 12:45:00,195.27,195.54,195.12,195.33,366652
5612,2023-01-12 13:15:00,195.33,195.35,194.55,194.77,478811
5613,2023-01-12 13:45:00,194.77,195.4,194.71,195.35,395165
5614,2023-01-12 14:15:00,195.35,195.57,195.15,195.3,139217
5615,2023-01-12 14:45:00,195.3,195.7,195.18,195.59,613029
5616,2023-01-12 15:15:00,195.6,195.7,195.5,195.65,102370
5617,2023-01-13 09:15:00,196.9,196.9,194.8,194.85,908279
5618,2023-01-13 09:45:00,194.85,195.15,194.73,194.89,762387
5619,2023-01-13 10:15:00,194.89,195.27,194.83,195.25,446985
5620,2023-01-13 10:45:00,195.25,195.39,195.03,195.36,295148
5621,2023-01-13 11:15:00,195.35,195.45,195.13,195.19,181559
5622,2023-01-13 11:45:00,195.19,195.6,195.13,195.59,421569
5623,2023-01-13 12:15:00,195.59,196.13,195.59,195.91,810974
5624,2023-01-13 12:45:00,195.98,196.71,195.96,196.69,195290
5625,2023-01-13 13:15:00,196.68,197.01,196.5,197.01,266503
5626,2023-01-13 13:45:00,197.0,197.15,197.0,197.1,255942
5627,2023-01-13 14:15:00,197.07,197.1,196.52,196.68,308489
5628,2023-01-13 14:45:00,196.68,196.84,196.49,196.68,463309
5629,2023-01-13 15:15:00,196.62,196.81,196.52,196.52,208161
5630,2023-01-16 09:15:00,196.61,198.5,196.61,197.08,788947
5631,2023-01-16 09:45:00,197.08,197.08,196.5,196.9,399143
5632,2023-01-16 10:15:00,196.9,197.0,196.75,196.97,243828
5633,2023-01-16 10:45:00,196.97,197.04,196.75,196.76,1993465
5634,2023-01-16 11:15:00,196.76,196.76,196.4,196.59,506964
5635,2023-01-16 11:45:00,196.58,196.58,196.25,196.25,701439
5636,2023-01-16 12:15:00,196.26,196.31,196.01,196.1,214226
5637,2023-01-16 12:45:00,196.1,196.4,195.9,196.38,386363
5638,2023-01-16 13:15:00,196.37,196.6,196.17,196.18,571104
5639,2023-01-16 13:45:00,196.15,196.19,195.6,195.88,130421
5640,2023-01-16 14:15:00,195.81,196.07,195.7,195.89,328521
5641,2023-01-16 14:45:00,195.85,196.15,195.69,196.0,719422
5642,2023-01-16 15:15:00,196.0,196.19,195.94,196.15,663810
5643,2023-01-17 09:15:00,196.0,198.0,195.81,196.6,195336
5644,2023-01-17 09:45:00,196.6,197.2,196.51,197.12,273225
5645,2023-01-17 10:15:00,197.0,197.36,196.9,197.13,300758
5646,2023-01-17 10:45:00,197.13,197.27,196.75,196.94,97888
5647,2023-01-17 11:15:00,196.84,197.05,196.66,197.05,86158
5648,2023-01-17 11:45:00,197.0,197.2,196.86,197.16,146384
5649,2023-01-17 12:15:00,197.06,197.21,196.77,196.82,104198
5650,2023-01-17 12:45:00,196.8,196.95,196.51,196.6,139644
5651,2023-01-17 13:15:00,196.55,196.95,196.27,196.79,82587
5652,2023-01-17 13:45:00,196.85,197.0,196.71,197.0,65237
5653,2023-01-17 14:15:00,196.9,197.08,196.76,197.04,82736
5654,2023-01-17 14:45:00,197.0,197.5,196.89,197.5,232294
5655,2023-01-17 15:15:00,197.46,197.63,197.41,197.5,184415
5656,2023-01-18 09:15:00,199.0,199.0,197.18,197.94,209703
5657,2023-01-18 09:45:00,197.94,198.23,197.88,198.1,228372
5658,2023-01-18 10:15:00,198.1,198.19,197.9,198.15,142000
5659,2023-01-18 10:45:00,198.14,198.31,198.01,198.29,148225
5660,2023-01-18 11:15:00,198.29,198.58,198.24,198.58,328305
5661,2023-01-18 11:45:00,198.58,198.67,198.5,198.53,149733
5662,2023-01-18 12:15:00,198.57,198.64,198.44,198.55,139980
5663,2023-01-18 12:45:00,198.55,198.59,198.4,198.46,94860
5664,2023-01-18 13:15:00,198.46,198.74,198.4,198.74,175891
5665,2023-01-18 13:45:00,198.72,198.75,198.35,198.47,97555
5666,2023-01-18 14:15:00,198.47,198.79,198.4,198.67,122143
5667,2023-01-18 14:45:00,198.7,198.8,198.51,198.6,279723
5668,2023-01-18 15:15:00,198.6,198.73,198.5,198.65,169716
5669,2023-01-19 09:15:00,199.41,199.41,197.67,197.92,382892
5670,2023-01-19 09:45:00,197.92,197.99,197.75,197.89,634004
5671,2023-01-19 10:15:00,197.89,198.3,197.73,198.29,104288
5672,2023-01-19 10:45:00,198.3,198.74,198.21,198.32,114793
5673,2023-01-19 11:15:00,198.32,198.69,198.18,198.64,110276
5674,2023-01-19 11:45:00,198.5,198.69,198.37,198.47,55431
5675,2023-01-19 12:15:00,198.59,198.74,198.38,198.63,209413
5676,2023-01-19 12:45:00,198.64,198.64,198.21,198.4,49157
5677,2023-01-19 13:15:00,198.4,198.63,198.3,198.58,63951
5678,2023-01-19 13:45:00,198.48,198.58,198.16,198.31,64988
5679,2023-01-19 14:15:00,198.31,198.42,198.0,198.19,83113
5680,2023-01-19 14:45:00,198.19,198.58,198.16,198.24,497394
5681,2023-01-19 15:15:00,198.24,198.46,198.1,198.39,335536
5682,2023-01-20 09:15:00,199.89,199.89,197.58,197.85,318346
5683,2023-01-20 09:45:00,197.92,198.34,197.8,198.3,122229
5684,2023-01-20 10:15:00,198.3,198.49,198.16,198.31,188053
5685,2023-01-20 10:45:00,198.35,198.42,198.18,198.22,122138
5686,2023-01-20 11:15:00,198.19,198.38,198.1,198.27,59382
5687,2023-01-20 11:45:00,198.26,198.27,198.05,198.07,110159
5688,2023-01-20 12:15:00,198.15,198.25,198.05,198.08,64486
5689,2023-01-20 12:45:00,198.08,198.2,198.05,198.15,85961
5690,2023-01-20 13:15:00,198.15,198.2,198.05,198.16,74692
5691,2023-01-20 13:45:00,198.06,198.16,197.7,197.76,509218
5692,2023-01-20 14:15:00,197.79,197.88,197.43,197.58,162271
5693,2023-01-20 14:45:00,197.58,197.79,197.31,197.53,219175
5694,2023-01-20 15:15:00,197.52,197.57,197.35,197.44,187233
5695,2023-01-23 09:15:00,198.59,199.0,197.61,198.35,334087
5696,2023-01-23 09:45:00,198.39,198.73,198.37,198.6,375930
5697,2023-01-24 09:45:00,199.12,199.17,198.5,198.65,189458
5698,2023-01-24 10:15:00,198.65,199.0,198.55,199.0,124726
5699,2023-01-24 10:45:00,198.88,199.0,198.67,198.87,92322
5700,2023-01-24 11:15:00,198.85,198.86,198.67,198.8,96525
5701,2023-01-24 11:45:00,198.8,198.85,198.52,198.64,96968
5702,2023-01-24 12:15:00,198.64,198.7,198.5,198.55,99673
5703,2023-01-24 12:45:00,198.55,198.8,198.5,198.55,75277
5704,2023-01-24 13:15:00,198.55,198.72,198.31,198.35,69531
5705,2023-01-24 13:45:00,198.3,198.49,198.0,198.43,114452
5706,2023-01-24 14:15:00,198.43,198.58,198.3,198.39,603271
5707,2023-01-24 14:45:00,198.39,198.6,198.3,198.58,189506
5708,2023-01-24 15:15:00,198.57,198.59,198.36,198.46,352174
5709,2023-01-25 09:15:00,199.44,199.44,197.43,197.51,1270619
5710,2023-01-25 09:45:00,197.51,197.55,196.56,196.64,856017
5711,2023-01-25 10:15:00,196.64,196.9,196.28,196.35,934159
5712,2023-01-25 10:45:00,196.27,196.68,196.27,196.56,570726
5713,2023-01-25 11:15:00,196.56,196.7,195.6,196.1,755912
5714,2023-01-25 11:45:00,196.1,196.39,195.99,196.25,327989
5715,2023-01-25 12:15:00,196.25,196.36,196.02,196.19,267636
5716,2023-01-25 12:45:00,196.19,196.56,196.09,196.32,189483
5717,2023-01-25 13:15:00,196.33,196.47,196.11,196.4,88899
5718,2023-01-25 13:45:00,196.4,196.54,196.25,196.53,109646
5719,2023-01-25 14:15:00,196.43,196.5,196.01,196.07,214945
5720,2023-01-25 14:45:00,196.07,196.21,195.84,196.08,627432
5721,2023-01-25 15:15:00,196.08,196.5,196.02,196.5,280877
5722,2023-01-27 09:15:00,196.95,197.2,194.15,194.77,921380
5723,2023-01-27 09:45:00,194.8,194.9,193.75,193.84,809267
5724,2023-01-27 10:15:00,193.8,194.79,193.6,194.34,451050
5725,2023-01-27 10:45:00,194.32,194.32,193.75,193.78,517274
5726,2023-01-27 11:15:00,193.78,193.99,193.4,193.55,579554
5727,2023-01-27 11:45:00,193.56,193.72,193.18,193.27,432941
5728,2023-01-27 12:15:00,193.27,193.33,192.2,192.65,848863
5729,2023-01-27 12:45:00,192.68,192.88,192.25,192.6,720291
5730,2023-01-27 13:15:00,192.6,192.91,192.15,192.43,694745
5731,2023-01-27 13:45:00,192.45,192.6,191.82,191.85,976968
5732,2023-01-27 14:15:00,191.85,192.15,191.59,192.05,1008544
5733,2023-01-27 14:45:00,192.05,192.99,191.76,192.99,894665
5734,2023-01-27 15:15:00,192.98,193.99,192.83,193.9,728699
5735,2023-01-30 09:15:00,194.9,194.9,190.5,193.5,1297556
5736,2023-01-30 09:45:00,193.5,193.61,192.8,193.14,422274
5737,2023-01-30 10:15:00,193.2,193.3,192.5,192.54,254489
5738,2023-01-30 10:45:00,192.49,192.8,192.25,192.42,263966
5739,2023-01-30 11:15:00,192.35,192.61,192.26,192.37,188628
5740,2023-01-30 11:45:00,192.37,193.18,192.35,192.86,219805
5741,2023-01-30 12:15:00,192.86,192.92,192.08,192.17,297400
5742,2023-01-30 12:45:00,192.17,192.18,191.42,191.42,577231
5743,2023-01-30 13:15:00,191.39,191.99,191.27,191.42,302976
5744,2023-01-30 13:45:00,191.42,192.25,190.8,192.2,659868
5745,2023-01-30 14:15:00,192.2,192.5,191.95,192.38,410099
5746,2023-01-30 14:45:00,192.38,193.54,192.3,193.34,589901
5747,2023-01-30 15:15:00,193.3,193.46,193.15,193.38,243892
5748,2023-01-31 09:15:00,196.49,196.49,192.39,192.7,516074
5749,2023-01-31 09:45:00,192.72,192.75,192.21,192.45,249575
5750,2023-01-31 10:15:00,192.45,193.0,192.3,193.0,203637
5751,2023-01-31 10:45:00,193.0,193.09,192.47,192.73,287220
5752,2023-01-31 11:15:00,192.74,193.1,192.63,193.02,122511
5753,2023-01-31 11:45:00,192.91,193.46,192.91,192.98,133255
5754,2023-01-31 12:15:00,192.98,193.39,192.75,193.35,129315
5755,2023-01-31 12:45:00,193.34,193.43,193.0,193.39,149897
5756,2023-01-31 13:15:00,193.39,193.75,193.36,193.6,238523
5757,2023-01-31 13:45:00,193.51,193.77,193.1,193.22,126996
5758,2023-01-31 14:15:00,193.22,193.35,192.83,193.24,239978
5759,2023-01-31 14:45:00,193.24,193.7,193.1,193.7,739025
5760,2023-01-31 15:15:00,193.67,193.85,193.44,193.44,187973
5761,2023-02-01 09:15:00,195.49,195.49,194.1,194.4,451456
5762,2023-02-01 09:45:00,194.36,194.7,194.3,194.65,189541
5763,2023-02-01 10:15:00,194.65,194.9,194.6,194.79,177257
5764,2023-02-01 10:45:00,194.8,195.1,194.75,194.85,239372
5765,2023-02-01 11:15:00,194.86,194.9,194.1,194.84,200514
5766,2023-02-01 11:45:00,194.84,194.95,194.5,194.51,458534
5767,2023-02-01 12:15:00,194.59,196.6,194.2,196.04,1165721
5768,2023-02-01 12:45:00,196.05,196.5,195.9,196.01,537436
5769,2023-02-01 13:15:00,195.97,196.09,194.0,194.1,684034
5770,2023-02-01 13:45:00,194.1,194.47,193.5,194.03,1028910
5771,2023-02-01 14:15:00,194.04,194.18,191.97,191.99,1034729
5772,2023-02-01 14:45:00,191.8,193.83,190.62,193.0,1571241
5773,2023-02-01 15:15:00,193.18,193.5,193.0,193.13,314183
5774,2023-02-02 09:15:00,192.42,193.21,191.56,193.15,768401
5775,2023-02-02 09:45:00,193.18,193.3,192.26,192.6,374572
5776,2023-02-02 10:15:00,192.68,192.96,191.94,192.48,359009
5777,2023-02-02 10:45:00,192.5,193.05,192.37,192.85,241156
5778,2023-02-02 11:15:00,192.85,193.08,192.53,192.7,186813
5779,2023-02-02 11:45:00,192.7,193.28,192.7,193.1,147823
5780,2023-02-02 12:15:00,193.1,193.11,192.27,192.43,211659
5781,2023-02-02 12:45:00,192.44,192.71,192.08,192.45,150124
5782,2023-02-02 13:15:00,192.45,192.45,191.9,192.19,181543
5783,2023-02-02 13:45:00,192.19,192.35,191.75,192.33,217218
5784,2023-02-02 14:15:00,192.33,192.96,192.22,192.79,418415
5785,2023-02-02 14:45:00,192.79,193.15,192.5,192.95,251442
5786,2023-02-02 15:15:00,192.9,193.06,192.75,192.91,266813
5787,2023-02-03 09:15:00,193.17,193.7,193.01,193.14,296715
5788,2023-02-03 09:45:00,193.24,193.6,193.14,193.51,192838
5789,2023-02-03 10:15:00,193.52,193.55,192.82,192.82,186526
5790,2023-02-03 10:45:00,192.82,193.44,192.7,193.04,179782
5791,2023-02-03 11:15:00,193.1,193.33,192.68,193.22,447689
5792,2023-02-03 11:45:00,193.21,193.55,193.1,193.55,125000
5793,2023-02-03 12:15:00,193.55,193.9,193.51,193.82,176586
5794,2023-02-03 12:45:00,193.84,193.93,193.63,193.8,95741
5795,2023-02-03 13:15:00,193.8,194.17,193.6,194.12,176259
5796,2023-02-03 13:45:00,194.12,194.3,193.93,194.2,183468
5797,2023-02-03 14:15:00,194.25,195.0,194.19,194.89,401898
5798,2023-02-03 14:45:00,194.89,195.3,194.75,195.24,305900
5799,2023-02-03 15:15:00,195.21,195.3,194.9,195.12,235772
5800,2023-02-06 09:15:00,195.13,195.34,194.1,194.82,503680
5801,2023-02-06 09:45:00,194.82,194.9,194.19,194.49,253337
5802,2023-02-06 10:15:00,194.56,194.57,193.98,194.24,285384
5803,2023-02-06 10:45:00,194.25,194.33,193.96,194.17,376892
5804,2023-02-06 11:15:00,194.16,194.46,194.1,194.27,412276
5805,2023-02-06 11:45:00,194.27,194.54,194.21,194.31,149425
5806,2023-02-06 12:15:00,194.31,194.45,194.11,194.29,468779
5807,2023-02-06 12:45:00,194.25,194.44,194.16,194.2,198108
5808,2023-02-06 13:15:00,194.2,194.6,194.12,194.59,205502
5809,2023-02-06 13:45:00,194.51,194.75,194.38,194.67,343221
5810,2023-02-06 14:15:00,194.67,194.67,194.33,194.49,87627
5811,2023-02-06 14:45:00,194.48,194.59,194.21,194.45,163925
5812,2023-02-06 15:15:00,194.41,194.65,194.35,194.48,149998
5813,2023-02-07 09:15:00,194.67,194.97,194.4,194.4,471902
5814,2023-02-07 09:45:00,194.45,194.67,194.25,194.5,154034
5815,2023-02-07 10:15:00,194.5,194.8,194.4,194.76,91475
5816,2023-02-07 10:45:00,194.75,194.8,194.41,194.6,144156
5817,2023-02-07 11:15:00,194.6,194.63,194.35,194.35,147704
5818,2023-02-07 11:45:00,194.25,194.43,194.11,194.11,94097
5819,2023-02-07 12:15:00,194.21,194.21,193.8,193.85,170353
5820,2023-02-07 12:45:00,193.84,193.9,193.4,193.45,225444
5821,2023-02-07 13:15:00,193.45,194.1,193.41,194.04,259440
5822,2023-02-07 13:45:00,194.02,194.2,193.88,194.08,102510
5823,2023-02-07 14:15:00,194.08,194.4,194.0,194.35,92694
5824,2023-02-07 14:45:00,194.35,194.6,193.99,194.1,305785
5825,2023-02-07 15:15:00,194.1,194.25,193.88,194.04,120169
5826,2023-02-08 09:15:00,194.64,195.15,194.34,195.14,308142
5827,2023-02-08 09:45:00,195.11,195.49,194.95,195.4,377404
5828,2023-02-08 10:15:00,195.3,195.43,194.9,194.9,196384
5829,2023-02-08 10:45:00,194.91,195.25,194.8,195.17,164958
5830,2023-02-08 11:15:00,195.17,195.4,195.1,195.4,131550
5831,2023-02-08 11:45:00,195.4,195.48,195.09,195.2,169172
5832,2023-02-08 12:15:00,195.2,195.3,195.0,195.22,163018
5833,2023-02-08 12:45:00,195.22,195.5,195.08,195.35,121018
5834,2023-02-08 13:15:00,195.42,195.7,195.25,195.49,209774
5835,2023-02-08 13:45:00,195.46,195.7,195.37,195.59,188440
5836,2023-02-08 14:15:00,195.58,195.7,195.5,195.59,213006
5837,2023-02-08 14:45:00,195.6,195.8,195.41,195.59,235607
5838,2023-02-08 15:15:00,195.55,195.69,195.34,195.54,121114
5839,2023-02-09 09:15:00,195.31,195.44,194.7,194.77,212634
5840,2023-02-09 09:45:00,194.66,195.5,194.65,195.44,197510
5841,2023-02-09 10:15:00,195.47,195.64,195.25,195.54,86140
5842,2023-02-09 10:45:00,195.47,195.6,195.25,195.6,63573
5843,2023-02-09 11:15:00,195.6,195.7,195.46,195.55,121331
5844,2023-02-09 11:45:00,195.51,195.68,195.3,195.32,51842
5845,2023-02-09 12:15:00,195.32,195.45,195.16,195.22,80364
5846,2023-02-09 12:45:00,195.22,195.3,195.16,195.29,46151
5847,2023-02-09 13:15:00,195.28,195.69,195.16,195.62,78219
5848,2023-02-09 13:45:00,195.62,196.0,195.57,195.9,144469
5849,2023-02-09 14:15:00,195.9,195.95,195.71,195.9,108141
5850,2023-02-09 14:45:00,195.9,195.98,195.7,195.83,198359
5851,2023-02-09 15:15:00,195.85,195.98,195.83,195.89,146297
5852,2023-02-10 09:15:00,195.55,195.55,194.83,194.88,413912
5853,2023-02-10 09:45:00,194.88,195.25,194.8,195.1,208946
5854,2023-02-10 10:15:00,195.1,195.24,194.85,195.21,127318
5855,2023-02-10 10:45:00,195.21,195.45,195.21,195.45,99629
5856,2023-02-10 11:15:00,195.45,195.59,195.33,195.43,263466
5857,2023-02-10 11:45:00,195.44,195.53,195.2,195.22,154526
5858,2023-02-10 12:15:00,195.26,195.45,195.2,195.37,95857
5859,2023-02-10 12:45:00,195.43,195.48,195.23,195.33,175670
5860,2023-02-10 13:15:00,195.33,195.4,195.19,195.3,96858
5861,2023-02-10 13:45:00,195.37,195.47,195.25,195.44,52538
5862,2023-02-10 14:15:00,195.44,195.49,195.32,195.37,60388
5863,2023-02-10 14:45:00,195.35,195.5,195.21,195.49,104289
5864,2023-02-10 15:15:00,195.43,195.6,195.41,195.49,147069
5865,2023-02-13 09:15:00,195.5,195.64,195.07,195.36,192063
5866,2023-02-13 09:45:00,195.36,195.36,193.97,194.15,658160
5867,2023-02-13 10:15:00,194.15,194.68,194.0,194.6,380641
5868,2023-02-13 10:45:00,194.51,194.75,194.43,194.75,87713
5869,2023-02-13 11:15:00,194.65,194.76,194.23,194.5,119098
5870,2023-02-13 11:45:00,194.5,194.71,194.31,194.42,92905
5871,2023-02-13 12:15:00,194.42,194.48,194.15,194.4,107420
5872,2023-02-13 12:45:00,194.4,194.7,194.3,194.67,87638
5873,2023-02-13 13:15:00,194.67,194.75,194.5,194.59,66622
5874,2023-02-13 13:45:00,194.59,194.74,194.5,194.67,51133
5875,2023-02-13 14:15:00,194.67,194.84,194.56,194.84,66435
5876,2023-02-13 14:45:00,194.82,194.86,194.52,194.59,173894
5877,2023-02-13 15:15:00,194.54,194.67,194.54,194.6,98058
5878,2023-02-14 09:15:00,195.06,195.3,194.82,195.04,229742
5879,2023-02-14 09:45:00,195.0,195.3,194.8,195.29,67376
5880,2023-02-14 10:15:00,195.29,195.35,195.11,195.3,69524
5881,2023-02-14 10:45:00,195.3,195.39,195.2,195.35,180787
5882,2023-02-14 11:15:00,195.35,195.51,195.23,195.51,143644
5883,2023-02-14 11:45:00,195.5,195.84,195.5,195.8,155755
5884,2023-02-14 12:15:00,195.8,195.94,195.73,195.93,135465
5885,2023-02-14 12:45:00,195.94,195.97,195.78,195.87,102538
5886,2023-02-14 13:15:00,195.9,195.94,195.75,195.76,60212
5887,2023-02-14 13:45:00,195.79,196.2,195.76,196.06,216975
5888,2023-02-14 14:15:00,196.14,196.2,196.0,196.11,95435
5889,2023-02-14 14:45:00,196.11,196.15,195.89,195.97,110890
5890,2023-02-14 15:15:00,195.97,196.12,195.84,195.98,210120
5891,2023-02-15 09:15:00,195.82,195.96,195.5,195.6,250315
5892,2023-02-15 09:45:00,195.6,196.23,195.6,196.23,163983
5893,2023-02-15 10:15:00,196.23,196.4,196.11,196.23,141254
5894,2023-02-15 10:45:00,196.23,196.3,196.06,196.3,74260
5895,2023-02-15 11:15:00,196.27,196.53,196.27,196.52,226624
5896,2023-02-15 11:45:00,196.5,196.54,196.14,196.26,150867
5897,2023-02-15 12:15:00,196.26,196.45,196.1,196.4,39819
5898,2023-02-15 12:45:00,196.4,196.5,196.28,196.4,67098
5899,2023-02-15 13:15:00,196.4,196.47,196.11,196.2,168303
5900,2023-02-15 13:45:00,196.2,196.37,196.1,196.28,494769
5901,2023-02-15 14:15:00,196.28,196.65,196.24,196.6,196956
5902,2023-02-15 14:45:00,196.61,197.22,196.6,197.14,648504
5903,2023-02-15 15:15:00,197.14,197.35,197.0,197.08,356311
5904,2023-02-16 09:15:00,198.0,198.32,197.63,198.19,690483
5905,2023-02-16 09:45:00,198.2,198.2,197.8,197.85,457145
5906,2023-02-16 10:15:00,197.87,197.95,197.65,197.89,409216
5907,2023-02-16 10:45:00,197.88,198.08,197.87,198.0,459627
5908,2023-02-16 11:15:00,198.01,198.01,197.61,197.68,1027879
5909,2023-02-16 11:45:00,197.69,197.84,197.65,197.65,1082975
5910,2023-02-16 12:15:00,197.65,197.76,197.51,197.51,600081
5911,2023-02-16 12:45:00,197.51,197.69,197.31,197.55,508938
5912,2023-02-16 13:15:00,197.55,197.81,197.53,197.75,256819
5913,2023-02-16 13:45:00,197.75,197.8,197.44,197.63,175994
5914,2023-02-16 14:15:00,197.63,197.75,197.27,197.53,152723
5915,2023-02-16 14:45:00,197.53,197.68,197.28,197.3,202324
5916,2023-02-16 15:15:00,197.3,197.4,197.11,197.35,205851
5917,2023-02-17 09:15:00,196.55,196.96,196.21,196.92,307760
5918,2023-02-17 09:45:00,196.92,197.01,196.7,196.74,186128
5919,2023-02-17 10:15:00,196.72,196.92,196.57,196.86,118377
5920,2023-02-17 10:45:00,196.85,196.86,196.57,196.6,79807
5921,2023-02-17 11:15:00,196.7,196.77,196.5,196.65,68685
5922,2023-02-17 11:45:00,196.65,196.84,196.61,196.65,83930
5923,2023-02-17 12:15:00,196.62,196.7,196.31,196.35,133107
5924,2023-02-17 12:45:00,196.41,196.58,196.1,196.1,208118
5925,2023-02-17 13:15:00,196.2,196.38,195.75,195.83,310891
5926,2023-02-17 13:45:00,195.77,196.1,195.76,196.02,174387
5927,2023-02-17 14:15:00,196.02,196.25,195.93,196.04,77034
5928,2023-02-17 14:45:00,196.02,196.4,195.81,196.34,185687
5929,2023-02-17 15:15:00,196.34,196.39,196.16,196.3,224134
5930,2023-02-20 09:15:00,196.62,196.71,195.9,196.56,531477
5931,2023-02-20 09:45:00,196.67,196.85,196.48,196.58,253612
5932,2023-02-20 10:15:00,196.5,196.77,196.35,196.64,173529
5933,2023-02-20 10:45:00,196.56,196.74,196.54,196.74,91717
5934,2023-02-20 11:15:00,196.74,196.78,196.26,196.35,181996
5935,2023-02-20 11:45:00,196.35,196.5,196.2,196.29,62714
5936,2023-02-20 12:15:00,196.29,196.32,196.02,196.06,120930
5937,2023-02-20 12:45:00,196.04,196.19,195.9,196.11,121890
5938,2023-02-20 13:15:00,196.15,196.22,195.6,195.68,234243
5939,2023-02-20 13:45:00,195.68,195.83,195.55,195.63,139044
5940,2023-02-20 14:15:00,195.63,195.71,195.35,195.53,253917
5941,2023-02-20 14:45:00,195.61,195.8,195.4,195.57,188098
5942,2023-02-20 15:15:00,195.58,195.8,195.5,195.59,78921
5943,2023-02-21 09:15:00,195.93,196.0,195.5,195.78,217879
5944,2023-02-21 09:45:00,195.78,196.24,195.53,196.18,121650
5945,2023-02-21 10:15:00,196.18,196.39,196.0,196.09,76611
5946,2023-02-21 10:45:00,196.09,196.21,195.85,196.1,97673
5947,2023-02-21 11:15:00,196.16,196.2,195.7,195.75,39105
5948,2023-02-21 11:45:00,195.75,196.0,195.6,195.61,71664
5949,2023-02-21 12:15:00,195.71,195.71,195.31,195.35,144974
5950,2023-02-21 12:45:00,195.35,195.6,195.31,195.59,73844
5951,2023-02-21 13:15:00,195.59,195.89,195.45,195.84,53520
5952,2023-02-21 13:45:00,195.84,196.0,195.75,195.81,55424
5953,2023-02-21 14:15:00,195.81,195.86,195.22,195.5,124042
5954,2023-02-21 14:45:00,195.5,195.64,195.11,195.2,164364
5955,2023-02-21 15:15:00,195.2,195.58,195.11,195.26,115739
5956,2023-02-22 09:15:00,196.44,196.44,194.26,194.28,399867
5957,2023-02-22 09:45:00,194.28,194.28,193.79,193.8,476137
5958,2023-02-22 10:15:00,193.79,193.8,193.58,193.58,270760
5959,2023-02-22 10:45:00,193.58,193.77,193.56,193.72,226998
5960,2023-02-22 11:15:00,193.73,193.75,193.43,193.52,261063
5961,2023-02-22 11:45:00,193.45,193.59,193.35,193.48,208808
5962,2023-02-22 12:15:00,193.48,193.55,193.02,193.14,402051
5963,2023-02-22 12:45:00,193.12,193.33,193.0,193.05,382678
5964,2023-02-22 13:15:00,193.05,193.1,192.54,192.61,517373
5965,2023-02-22 13:45:00,192.59,192.7,192.28,192.31,587240
5966,2023-02-22 14:15:00,192.3,192.81,192.22,192.73,467553
5967,2023-02-22 14:45:00,192.7,192.85,192.4,192.55,457662
5968,2023-02-22 15:15:00,192.55,192.79,192.4,192.51,1141737
5969,2023-02-23 09:15:00,194.49,194.49,191.6,191.64,689650
5970,2023-02-23 09:45:00,191.58,193.08,191.44,192.75,427108
5971,2023-02-23 10:15:00,192.75,193.11,192.7,192.91,165705
5972,2023-02-23 10:45:00,192.96,192.96,192.35,192.65,262648
5973,2023-02-23 11:15:00,192.72,192.88,192.5,192.71,93543
5974,2023-02-23 11:45:00,192.75,192.78,192.32,192.4,118559
5975,2023-02-23 12:15:00,192.4,192.47,192.1,192.1,127969
5976,2023-02-23 12:45:00,192.15,192.73,192.1,192.63,148787
5977,2023-02-23 13:15:00,192.64,192.66,192.28,192.47,98186
5978,2023-02-23 13:45:00,192.55,192.75,192.47,192.62,126770
5979,2023-02-23 14:15:00,192.62,192.67,192.3,192.41,120456
5980,2023-02-23 14:45:00,192.41,192.58,191.8,192.02,499254
5981,2023-02-23 15:15:00,192.0,192.19,191.87,192.18,290860
5982,2023-02-24 09:15:00,192.5,192.85,192.21,192.29,373730
5983,2023-02-24 09:45:00,192.22,192.58,191.95,192.3,226632
5984,2023-02-24 10:15:00,192.3,192.58,192.16,192.29,170922
5985,2023-02-24 10:45:00,192.29,192.29,191.88,192.12,181011
5986,2023-02-24 11:15:00,192.12,192.3,191.85,191.9,109214
5987,2023-02-24 11:45:00,191.9,192.07,191.8,191.8,136276
5988,2023-02-24 12:15:00,191.81,191.81,191.4,191.51,247375
5989,2023-02-24 12:45:00,191.49,191.56,191.08,191.22,349640
5990,2023-02-24 13:15:00,191.15,191.48,191.14,191.48,192663
5991,2023-02-24 13:45:00,191.49,191.75,191.25,191.33,689328
5992,2023-02-24 14:15:00,191.33,191.54,191.05,191.4,204092
5993,2023-02-24 14:45:00,191.4,191.6,191.21,191.58,287934
5994,2023-02-24 15:15:00,191.58,191.59,191.33,191.46,220390
5995,2023-02-27 09:15:00,191.49,191.49,190.42,190.88,805041
5996,2023-02-27 09:45:00,190.9,191.0,189.8,189.8,1562014
5997,2023-02-27 10:15:00,189.8,190.07,189.74,189.97,447990
5998,2023-02-27 10:45:00,189.97,190.5,189.8,190.48,249193
5999,2023-02-27 11:15:00,190.49,190.7,190.19,190.57,207937
6000,2023-02-27 11:45:00,190.57,190.75,189.97,190.03,239787
6001,2023-02-27 12:15:00,190.03,190.21,189.96,190.09,250059
6002,2023-02-27 12:45:00,190.09,190.18,189.84,189.9,356645
6003,2023-02-27 13:15:00,189.9,190.17,189.82,190.05,385826
6004,2023-02-27 13:45:00,190.02,190.3,190.0,190.15,349632
6005,2023-02-27 14:15:00,190.15,190.29,190.05,190.15,299689
6006,2023-02-27 14:45:00,190.15,190.65,190.05,190.63,368104
6007,2023-02-27 15:15:00,190.61,190.78,190.55,190.56,240532
6008,2023-02-28 09:15:00,190.79,191.19,190.44,191.05,455713
6009,2023-02-28 09:45:00,191.0,191.1,190.51,190.61,270347
6010,2023-02-28 10:15:00,190.63,190.98,190.41,190.41,190356
6011,2023-02-28 10:45:00,190.39,190.5,190.24,190.45,173918
6012,2023-02-28 11:15:00,190.42,190.47,190.17,190.23,116891
6013,2023-02-28 11:45:00,190.22,190.57,190.2,190.55,266973
6014,2023-02-28 12:15:00,190.55,190.75,190.3,190.3,266555
6015,2023-02-28 12:45:00,190.28,190.45,190.06,190.27,219421
6016,2023-02-28 13:15:00,190.27,190.36,189.97,190.0,309874
6017,2023-02-28 13:45:00,190.0,190.07,189.2,189.34,495477
6018,2023-02-28 14:15:00,189.33,189.92,189.27,189.51,702085
6019,2023-02-28 14:45:00,189.48,190.0,189.48,189.8,433331
6020,2023-02-28 15:15:00,189.8,190.1,189.63,189.7,469544
6021,2023-03-01 09:15:00,190.28,190.89,190.28,190.84,422190
6022,2023-03-01 09:45:00,190.84,190.98,190.62,190.78,293050
6023,2023-03-01 10:15:00,190.78,191.0,190.63,190.94,155810
6024,2023-03-01 10:45:00,190.94,190.99,190.85,190.96,463560
6025,2023-03-01 11:15:00,191.0,191.15,190.9,191.05,228308
6026,2023-03-01 11:45:00,191.05,191.07,190.8,190.85,126339
6027,2023-03-01 12:15:00,190.85,190.95,190.68,190.83,396891
6028,2023-03-01 12:45:00,190.89,191.04,190.76,190.85,67332
6029,2023-03-01 13:15:00,190.85,190.99,190.74,190.99,85225
6030,2023-03-01 13:45:00,190.99,191.2,190.9,191.15,170128
6031,2023-03-01 14:15:00,191.15,191.36,191.0,191.36,216018
6032,2023-03-01 14:45:00,191.36,191.4,191.2,191.27,242180
6033,2023-03-01 15:15:00,191.27,191.39,191.2,191.28,200333
6034,2023-03-02 09:15:00,191.12,191.14,190.43,190.69,727931
6035,2023-03-02 09:45:00,190.71,190.74,190.2,190.32,297716
6036,2023-03-02 10:15:00,190.32,190.65,190.22,190.62,142096
6037,2023-03-02 10:45:00,190.62,190.65,190.33,190.56,148286
6038,2023-03-02 11:15:00,190.56,190.6,190.4,190.57,81742
6039,2023-03-02 11:45:00,190.56,190.79,190.51,190.69,81881
6040,2023-03-02 12:15:00,190.65,190.73,190.49,190.57,94617
6041,2023-03-02 12:45:00,190.56,190.67,190.27,190.27,146177
6042,2023-03-02 13:15:00,190.27,190.44,189.92,189.95,295131
6043,2023-03-02 13:45:00,189.94,190.2,189.76,190.14,240776
6044,2023-03-02 14:15:00,190.14,190.2,189.9,190.07,161069
6045,2023-03-02 14:45:00,189.97,190.11,189.85,189.99,296573
6046,2023-03-02 15:15:00,189.99,190.0,189.85,189.93,262669
6047,2023-03-03 09:15:00,191.19,191.43,190.82,191.26,427092
6048,2023-03-03 09:45:00,191.26,191.72,191.2,191.72,265624
6049,2023-03-03 10:15:00,191.79,191.95,191.65,191.91,193952
6050,2023-03-03 10:45:00,191.95,192.13,191.9,192.07,258286
6051,2023-03-03 11:15:00,192.07,192.47,191.98,192.44,186277
6052,2023-03-03 11:45:00,192.44,192.44,192.11,192.2,82215
6053,2023-03-03 12:15:00,192.12,192.23,191.95,191.99,94273
6054,2023-03-03 12:45:00,191.95,192.15,191.95,192.14,169979
6055,2023-03-03 13:15:00,192.14,192.49,192.1,192.47,111252
6056,2023-03-03 13:45:00,192.47,192.65,192.41,192.64,234522
6057,2023-03-03 14:15:00,192.64,192.84,192.59,192.8,179328
6058,2023-03-03 14:45:00,192.8,192.95,192.42,192.5,284943
6059,2023-03-03 15:15:00,192.5,192.6,192.36,192.51,171502
6060,2023-03-06 09:15:00,193.6,194.2,193.51,194.03,645911
6061,2023-03-06 09:45:00,194.03,194.2,194.0,194.14,360102
6062,2023-03-06 10:15:00,194.14,194.34,194.12,194.28,338528
6063,2023-03-06 10:45:00,194.22,194.4,194.02,194.15,330263
6064,2023-03-06 11:15:00,194.19,194.25,193.87,194.25,244926
6065,2023-03-06 11:45:00,194.24,194.3,194.01,194.19,241717
6066,2023-03-06 12:15:00,194.25,194.29,193.93,194.01,274103
6067,2023-03-06 12:45:00,194.11,194.2,193.83,194.11,326930
6068,2023-03-06 13:15:00,194.11,194.16,193.66,193.73,182830
6069,2023-03-06 13:45:00,193.75,193.87,193.57,193.7,131953
6070,2023-03-06 14:15:00,193.68,193.94,193.61,193.7,113882
6071,2023-03-06 14:45:00,193.7,193.75,193.5,193.66,188262
6072,2023-03-06 15:15:00,193.66,193.79,193.51,193.63,148933
6073,2023-03-08 09:15:00,193.63,193.63,192.4,192.95,600991
6074,2023-03-08 09:45:00,192.95,193.4,192.89,193.35,309240
6075,2023-03-08 10:15:00,193.35,193.49,193.14,193.38,119784
6076,2023-03-08 10:45:00,193.3,193.45,193.14,193.26,248289
6077,2023-03-08 11:15:00,193.26,193.37,193.1,193.15,81289
6078,2023-03-08 11:45:00,193.18,193.19,192.9,193.02,115745
6079,2023-03-08 12:15:00,193.02,193.3,192.95,193.23,180098
6080,2023-03-08 12:45:00,193.23,193.39,193.05,193.3,78549
6081,2023-03-08 13:15:00,193.3,193.4,193.2,193.4,76660
6082,2023-03-08 13:45:00,193.4,193.78,193.24,193.51,189450
6083,2023-03-08 14:15:00,193.6,193.79,193.51,193.69,121688
6084,2023-03-08 14:45:00,193.67,194.07,193.53,194.04,213979
6085,2023-03-08 15:15:00,194.06,194.1,193.76,193.95,134124
6086,2023-03-09 09:15:00,194.0,194.16,193.5,193.55,220016
6087,2023-03-09 09:45:00,193.7,193.77,193.11,193.15,161343
6088,2023-03-09 10:15:00,193.11,193.5,193.08,193.38,149181
6089,2023-03-09 10:45:00,193.38,193.62,193.3,193.61,88630
6090,2023-03-09 11:15:00,193.61,193.75,193.51,193.63,80794
6091,2023-03-09 11:45:00,193.63,193.66,193.29,193.39,57701
6092,2023-03-09 12:15:00,193.39,193.39,193.1,193.18,99214
6093,2023-03-09 12:45:00,193.17,193.27,192.91,193.12,130604
6094,2023-03-09 13:15:00,193.11,193.17,192.76,192.84,86109
6095,2023-03-09 13:45:00,192.84,192.98,192.66,192.92,111497
6096,2023-03-09 14:15:00,192.91,192.94,192.65,192.81,186459
6097,2023-03-09 14:45:00,192.85,192.91,192.61,192.67,210415
6098,2023-03-09 15:15:00,192.67,192.78,192.4,192.64,289303
6099,2023-03-10 09:15:00,191.74,191.74,190.03,190.13,1201295
6100,2023-03-10 09:45:00,190.1,190.83,190.1,190.75,548248
6101,2023-03-10 10:15:00,190.75,191.1,190.62,190.9,346399
6102,2023-03-10 10:45:00,190.89,191.05,190.64,191.02,297629
6103,2023-03-10 11:15:00,191.02,191.16,190.85,190.91,181045
6104,2023-03-10 11:45:00,190.9,191.01,190.76,190.77,138360
6105,2023-03-10 12:15:00,190.72,190.93,190.53,190.85,133188
6106,2023-03-10 12:45:00,190.85,191.07,190.8,191.02,153169
6107,2023-03-10 13:15:00,191.02,191.03,190.6,190.64,131395
6108,2023-03-10 13:45:00,190.65,190.84,190.51,190.76,241235
6109,2023-03-10 14:15:00,190.75,190.79,190.56,190.64,213425
6110,2023-03-10 14:45:00,190.64,190.9,190.44,190.76,499585
6111,2023-03-10 15:15:00,190.8,191.0,190.68,190.75,322561
6112,2023-03-13 09:15:00,191.11,191.72,190.65,190.89,588948
6113,2023-03-13 09:45:00,190.9,191.28,190.76,191.05,188010
6114,2023-03-13 10:15:00,191.1,191.29,190.76,190.97,159212
6115,2023-03-13 10:45:00,190.97,191.05,190.5,190.6,171205
6116,2023-03-13 11:15:00,190.59,190.74,190.23,190.3,168174
6117,2023-03-13 11:45:00,190.3,190.38,190.03,190.18,159340
6118,2023-03-13 12:15:00,190.18,190.32,189.55,189.55,389190
6119,2023-03-13 12:45:00,189.59,189.66,189.24,189.4,430770
6120,2023-03-13 13:15:00,189.36,189.65,188.71,188.9,664328
6121,2023-03-13 13:45:00,188.9,189.08,188.41,188.53,571092
6122,2023-03-13 14:15:00,188.53,188.57,187.67,188.0,1317623
6123,2023-03-13 14:45:00,188.0,188.25,187.71,187.99,952809
6124,2023-03-13 15:15:00,188.01,188.7,188.0,188.12,475666
6125,2023-03-14 09:15:00,188.69,188.87,187.65,188.19,757089
6126,2023-03-14 09:45:00,188.23,188.5,187.8,187.89,361172
6127,2023-03-14 10:15:00,187.85,187.85,187.1,187.54,841773
6128,2023-03-14 10:45:00,187.55,187.8,187.0,187.05,466180
6129,2023-03-14 11:15:00,187.04,187.3,186.85,187.24,379749
6130,2023-03-14 11:45:00,187.23,187.27,186.9,187.16,323627
6131,2023-03-14 12:15:00,187.2,188.39,187.1,187.65,324252
6132,2023-03-14 12:45:00,187.63,187.63,186.75,186.88,466247
6133,2023-03-14 13:15:00,186.8,187.1,186.5,186.92,692400
6134,2023-03-14 13:45:00,186.89,187.07,186.44,186.55,677144
6135,2023-03-14 14:15:00,186.53,187.2,186.32,186.95,450836
6136,2023-03-14 14:45:00,186.96,187.17,186.59,187.11,554261
6137,2023-03-14 15:15:00,186.8,187.15,186.8,186.91,119410
6138,2023-03-15 09:15:00,188.18,188.51,187.75,187.95,583599
6139,2023-03-15 09:45:00,187.98,188.19,187.8,188.04,208808
6140,2023-03-15 10:15:00,188.04,188.19,187.58,187.68,245248
6141,2023-03-15 10:45:00,187.65,187.82,187.41,187.64,192095
6142,2023-03-15 11:15:00,187.63,188.09,187.55,188.01,159894
6143,2023-03-15 11:45:00,188.01,188.01,187.48,187.48,187011
6144,2023-03-15 12:15:00,187.52,187.57,187.22,187.44,198762
6145,2023-03-15 12:45:00,187.44,187.54,186.82,186.95,311234
6146,2023-03-15 13:15:00,186.95,187.25,186.8,187.25,240964
6147,2023-03-15 13:45:00,187.22,187.22,186.7,186.95,307250
6148,2023-03-15 14:15:00,186.95,187.07,186.55,186.61,272303
6149,2023-03-15 14:45:00,186.61,186.75,186.03,186.06,786135
6150,2023-03-15 15:15:00,186.06,186.33,185.76,186.1,938280
6151,2023-03-16 09:15:00,186.78,186.78,185.01,185.05,1144362
6152,2023-03-16 09:45:00,185.08,185.26,184.82,185.1,924645
6153,2023-03-16 10:15:00,185.1,186.4,185.02,186.29,645605
6154,2023-03-16 10:45:00,186.28,186.75,186.05,186.62,443933
6155,2023-03-16 11:15:00,186.62,186.72,186.08,186.25,313967
6156,2023-03-16 11:45:00,186.25,186.25,185.65,185.65,553091
6157,2023-03-16 12:15:00,185.61,185.8,185.35,185.6,258475
6158,2023-03-16 12:45:00,185.6,186.0,185.53,186.0,210319
6159,2023-03-16 13:15:00,186.0,186.29,185.78,185.98,323463
6160,2023-03-16 13:45:00,185.98,186.63,185.7,186.61,233057
6161,2023-03-16 14:15:00,186.62,186.95,186.55,186.74,526970
6162,2023-03-16 14:45:00,186.77,186.8,185.85,186.1,585226
6163,2023-03-16 15:15:00,186.18,186.51,186.1,186.23,491912
6164,2023-03-17 09:15:00,187.72,187.75,187.05,187.12,782144
6165,2023-03-17 09:45:00,187.13,187.3,186.85,187.22,281521
6166,2023-03-17 10:15:00,187.22,187.35,186.94,187.07,195048
6167,2023-03-17 10:45:00,187.05,187.08,186.62,186.62,272341
6168,2023-03-17 11:15:00,186.69,186.79,186.25,186.5,334391
6169,2023-03-17 11:45:00,186.5,186.9,186.2,186.2,268679
6170,2023-03-17 12:15:00,186.21,186.33,186.01,186.13,232316
6171,2023-03-17 12:45:00,186.21,186.5,185.9,186.3,241486
6172,2023-03-17 13:15:00,186.27,186.71,186.2,186.5,158471
6173,2023-03-17 13:45:00,186.45,187.25,186.45,187.0,319822
6174,2023-03-17 14:15:00,187.0,187.2,186.54,187.1,244070
6175,2023-03-17 14:45:00,187.1,187.72,186.75,187.59,299184
6176,2023-03-17 15:15:00,187.59,187.74,187.2,187.42,213983
6177,2023-03-20 09:15:00,188.4,188.4,185.55,185.88,788934
6178,2023-03-20 09:45:00,185.85,185.98,185.25,185.37,575579
6179,2023-03-20 10:15:00,185.38,185.5,185.05,185.39,444165
6180,2023-03-20 10:45:00,185.4,185.92,185.28,185.67,363165
6181,2023-03-20 11:15:00,185.7,185.8,185.27,185.3,390251
6182,2023-03-20 11:45:00,185.3,185.6,184.88,184.95,757412
6183,2023-03-20 12:15:00,184.95,185.12,184.64,185.12,465391
6184,2023-03-20 12:45:00,185.11,185.12,184.51,184.96,657478
6185,2023-03-20 13:15:00,184.96,185.24,184.69,184.86,427932
6186,2023-03-20 13:45:00,184.83,185.27,184.74,185.17,247215
6187,2023-03-20 14:15:00,185.17,185.69,185.01,185.59,305546
6188,2023-03-20 14:45:00,185.59,186.32,185.5,186.25,699194
6189,2023-03-20 15:15:00,186.28,186.46,186.12,186.2,215279
6190,2023-03-21 09:15:00,187.18,187.2,186.65,186.76,439527
6191,2023-03-21 09:45:00,186.75,187.06,186.48,187.0,181121
6192,2023-03-21 10:15:00,187.05,187.15,186.8,187.0,148540
6193,2023-03-21 10:45:00,187.05,187.07,186.81,187.0,177012
6194,2023-03-21 11:15:00,187.06,187.15,186.87,186.91,151733
6195,2023-03-21 11:45:00,186.91,186.91,186.49,186.65,214284
6196,2023-03-21 12:15:00,186.65,186.99,186.59,186.86,146197
6197,2023-03-21 12:45:00,186.87,187.3,186.87,187.3,225714
6198,2023-03-21 13:15:00,187.3,187.4,186.97,187.1,177813
6199,2023-03-21 13:45:00,187.1,187.5,187.02,187.29,339843
6200,2023-03-21 14:15:00,187.29,187.6,187.26,187.6,486888
6201,2023-03-21 14:45:00,187.59,187.7,187.45,187.47,218600
6202,2023-03-21 15:15:00,187.45,187.6,187.26,187.46,163190
6203,2023-03-22 09:15:00,188.2,188.24,187.61,188.0,275532
6204,2023-03-22 09:45:00,188.0,188.1,187.8,187.88,218441
6205,2023-03-22 10:15:00,187.88,187.99,187.7,187.79,140647
6206,2023-03-22 10:45:00,187.8,187.8,187.5,187.75,143894
6207,2023-03-22 11:15:00,187.77,187.95,187.54,187.95,217047
6208,2023-03-22 11:45:00,187.95,187.99,187.65,187.85,55349
6209,2023-03-22 12:15:00,187.85,188.1,187.63,187.71,84716
6210,2023-03-22 12:45:00,187.76,187.95,187.68,187.75,61732
6211,2023-03-22 13:15:00,187.8,187.95,187.6,187.85,72006
6212,2023-03-22 13:45:00,187.85,187.9,187.55,187.81,64840
6213,2023-03-22 14:15:00,187.84,187.92,187.55,187.58,102819
6214,2023-03-22 14:45:00,187.59,187.95,187.52,187.95,130551
6215,2023-03-22 15:15:00,187.96,188.0,187.8,187.88,108090
6216,2023-03-23 09:15:00,187.1,187.24,186.75,187.1,312782
6217,2023-03-23 09:45:00,187.1,187.77,187.1,187.65,208362
6218,2023-03-23 10:15:00,187.65,188.0,187.64,187.85,152265
6219,2023-03-23 10:45:00,187.85,187.85,187.5,187.63,162757
6220,2023-03-23 11:15:00,187.64,187.85,187.55,187.84,95463
6221,2023-03-23 11:45:00,187.77,187.9,187.73,187.9,62777
6222,2023-03-23 12:15:00,187.9,188.15,187.71,188.06,133310
6223,2023-03-23 12:45:00,188.07,188.2,187.95,188.03,105966
6224,2023-03-23 13:15:00,188.06,188.19,187.9,188.06,74657
6225,2023-03-23 13:45:00,188.01,188.14,187.55,187.6,167793
6226,2023-03-23 14:15:00,187.59,187.65,187.05,187.2,205099
6227,2023-03-23 14:45:00,187.2,187.43,186.68,186.87,331588
6228,2023-03-23 15:15:00,186.78,186.96,186.75,186.91,165614
6229,2023-03-24 09:15:00,187.3,187.3,186.21,186.73,372751
6230,2023-03-24 09:45:00,186.72,187.05,186.65,186.86,173528
6231,2023-03-24 10:15:00,186.85,187.11,186.35,186.4,230030
6232,2023-03-24 10:45:00,186.4,186.95,186.33,186.91,156089
6233,2023-03-24 11:15:00,186.91,187.05,186.68,187.05,89815
6234,2023-03-24 11:45:00,187.05,187.2,186.9,187.18,81529
6235,2023-03-24 12:15:00,187.18,187.3,186.6,186.8,77052
6236,2023-03-24 12:45:00,186.84,187.0,186.62,187.0,170441
6237,2023-03-24 13:15:00,187.0,187.2,186.5,186.53,238092
6238,2023-03-24 13:45:00,186.52,186.81,186.4,186.53,190866
6239,2023-03-24 14:15:00,186.58,186.6,185.91,186.21,339604
6240,2023-03-24 14:45:00,186.15,186.28,185.81,185.87,386822
6241,2023-03-24 15:15:00,185.88,185.9,185.45,185.68,403767
6242,2023-03-27 09:15:00,186.48,186.64,185.6,186.55,429092
6243,2023-03-27 09:45:00,186.53,186.54,186.21,186.44,745978
6244,2023-03-27 10:15:00,186.44,186.6,186.01,186.07,337577
6245,2023-03-27 10:45:00,186.07,186.38,186.03,186.25,287822
6246,2023-03-27 11:15:00,186.27,186.58,186.01,186.56,186309
6247,2023-03-27 11:45:00,186.58,186.75,186.4,186.69,179697
6248,2023-03-27 12:15:00,186.58,186.95,186.58,186.73,432775
6249,2023-03-27 12:45:00,186.73,186.8,186.3,186.33,163937
6250,2023-03-27 13:15:00,186.31,186.45,186.0,186.45,176214
6251,2023-03-27 13:45:00,186.45,186.75,186.2,186.7,136014
6252,2023-03-27 14:15:00,186.7,187.15,186.61,186.98,255537
6253,2023-03-27 14:45:00,186.9,187.05,186.02,186.17,392615
6254,2023-03-27 15:15:00,186.19,186.21,185.9,186.18,334430
6255,2023-03-28 09:15:00,186.67,186.78,186.1,186.19,287684
6256,2023-03-28 09:45:00,186.12,186.25,186.0,186.14,253350
6257,2023-03-28 10:15:00,186.2,186.3,185.72,185.85,218926
6258,2023-03-28 10:45:00,185.84,185.85,185.51,185.7,220210
6259,2023-03-28 11:15:00,185.7,186.05,185.7,186.0,137707
6260,2023-03-28 11:45:00,186.0,186.17,185.75,185.75,139849
6261,2023-03-28 12:15:00,185.8,186.0,185.65,185.87,99780
6262,2023-03-28 12:45:00,185.86,186.0,185.71,186.0,151607
6263,2023-03-28 13:15:00,185.93,186.1,185.65,185.83,160707
6264,2023-03-28 13:45:00,185.83,185.83,185.25,185.42,256308
6265,2023-03-28 14:15:00,185.42,185.7,185.3,185.59,112565
6266,2023-03-28 14:45:00,185.59,185.9,185.5,185.7,220905
6267,2023-03-28 15:15:00,185.7,185.98,185.6,185.71,182451
6268,2023-03-29 09:15:00,186.0,186.32,185.71,186.15,246423
6269,2023-03-29 09:45:00,186.23,186.49,186.16,186.36,165851
6270,2023-03-29 10:15:00,186.36,186.65,186.22,186.44,142860
6271,2023-03-29 10:45:00,186.44,186.55,185.8,185.97,206228
6272,2023-03-29 11:15:00,185.85,186.0,185.65,185.72,304799
6273,2023-03-29 11:45:00,185.72,186.0,185.65,185.71,104665
6274,2023-03-29 12:15:00,185.69,185.91,185.64,185.85,120884
6275,2023-03-29 12:45:00,185.85,186.12,185.73,185.81,371688
6276,2023-03-29 13:15:00,185.71,186.28,185.71,186.2,193429
6277,2023-03-29 13:45:00,186.2,186.63,186.14,186.57,522959
6278,2023-03-29 14:15:00,186.65,186.78,186.16,186.36,1349717
6279,2023-03-29 14:45:00,186.45,187.25,186.36,187.2,372660
6280,2023-03-29 15:15:00,187.23,187.48,187.02,187.09,234714
6281,2023-03-31 09:15:00,188.46,188.85,188.27,188.78,765962
6282,2023-03-31 09:45:00,188.8,188.84,188.5,188.58,282304
6283,2023-03-31 10:15:00,188.58,188.7,188.42,188.54,176727
6284,2023-03-31 10:45:00,188.54,188.6,188.42,188.54,101336
6285,2023-03-31 11:15:00,188.57,188.8,188.49,188.74,167241
6286,2023-03-31 11:45:00,188.74,188.85,188.61,188.74,102813
6287,2023-03-31 12:15:00,188.8,189.21,188.7,189.21,319690
6288,2023-03-31 12:45:00,189.21,189.29,189.0,189.24,318927
6289,2023-03-31 13:15:00,189.21,189.49,189.2,189.45,315430
6290,2023-03-31 13:45:00,189.45,189.71,189.45,189.69,672151
6291,2023-03-31 14:15:00,189.65,189.92,189.6,189.7,414224
6292,2023-03-31 14:45:00,189.7,190.0,189.62,189.9,532507
6293,2023-03-31 15:15:00,189.9,190.0,189.65,189.86,357782
6294,2023-04-03 09:15:00,190.43,190.43,189.6,189.85,594372
6295,2023-04-03 09:45:00,189.85,190.26,189.8,190.25,351632
6296,2023-04-03 10:15:00,190.23,190.28,189.81,189.83,316897
6297,2023-04-03 10:45:00,189.94,190.12,189.8,189.88,192052
6298,2023-04-03 11:15:00,189.88,189.99,189.72,189.94,163798
6299,2023-04-03 11:45:00,189.94,190.19,189.87,190.09,160890
6300,2023-04-03 12:15:00,190.09,190.17,190.0,190.15,164763
6301,2023-04-03 12:45:00,190.14,190.2,189.91,190.15,182125
6302,2023-04-03 13:15:00,190.15,190.19,190.01,190.09,234103
6303,2023-04-03 13:45:00,190.09,190.25,190.03,190.25,138653
6304,2023-04-03 14:15:00,190.25,190.47,190.15,190.45,153356
6305,2023-04-03 14:45:00,190.43,190.65,190.31,190.63,227323
6306,2023-04-03 15:15:00,190.69,190.71,190.46,190.56,186035
6307,2023-04-05 09:15:00,190.97,191.1,190.62,191.05,433282
6308,2023-04-05 09:45:00,191.05,191.2,191.0,191.2,266575
6309,2023-04-05 10:15:00,191.2,191.48,191.1,191.43,322645
6310,2023-04-05 10:45:00,191.44,191.44,191.04,191.24,172716
6311,2023-04-05 11:15:00,191.24,191.35,191.17,191.28,96087
6312,2023-04-05 11:45:00,191.3,191.5,191.19,191.5,201563
6313,2023-04-05 12:15:00,191.43,191.73,191.36,191.73,302455
6314,2023-04-05 12:45:00,191.73,191.84,191.61,191.83,222041
6315,2023-04-05 13:15:00,191.83,191.92,191.65,191.8,468228
6316,2023-04-05 13:45:00,191.8,191.9,191.51,191.89,245454
6317,2023-04-05 14:15:00,191.85,191.92,191.71,191.91,182442
6318,2023-04-05 14:45:00,191.9,192.19,191.79,192.19,459039
6319,2023-04-05 15:15:00,192.18,192.43,192.15,192.19,329933
6320,2023-04-06 09:15:00,192.1,192.1,191.7,191.85,349844
6321,2023-04-06 09:45:00,191.85,192.66,191.7,192.54,327603
6322,2023-04-06 10:15:00,192.54,192.87,192.41,192.81,367935
6323,2023-04-06 10:45:00,192.81,192.9,192.69,192.8,224950
6324,2023-04-06 11:15:00,192.87,192.94,192.68,192.8,222192
6325,2023-04-06 11:45:00,192.77,192.99,192.71,192.82,170488
6326,2023-04-06 12:15:00,192.82,193.0,192.75,193.0,281365
6327,2023-04-06 12:45:00,192.99,193.25,192.94,193.0,213027
6328,2023-04-06 13:15:00,193.07,193.08,192.61,192.69,367164
6329,2023-04-06 13:45:00,192.69,192.76,192.32,192.65,230510
6330,2023-04-06 14:15:00,192.69,192.98,192.6,192.89,199260
6331,2023-04-06 14:45:00,192.89,193.02,192.74,192.88,469601
6332,2023-04-06 15:15:00,192.88,193.1,192.85,192.94,417944
6333,2023-04-10 09:15:00,193.03,193.1,192.61,193.08,628982
6334,2023-04-10 09:45:00,193.08,193.2,192.88,192.97,285877
6335,2023-04-10 10:15:00,192.99,193.0,192.76,192.87,249308
6336,2023-04-10 10:45:00,192.87,193.04,192.68,192.97,315584
6337,2023-04-10 11:15:00,192.97,193.14,192.82,193.01,218013
6338,2023-04-10 11:45:00,193.01,193.33,192.97,193.3,193282
6339,2023-04-10 12:15:00,193.33,193.4,193.21,193.32,181190
6340,2023-04-10 12:45:00,193.35,193.6,193.21,193.24,303177
6341,2023-04-10 13:15:00,193.24,193.35,193.12,193.23,124172
6342,2023-04-10 13:45:00,193.2,193.28,192.9,192.9,176763
6343,2023-04-10 14:15:00,192.92,193.05,192.47,192.79,432802
6344,2023-04-10 14:45:00,192.75,192.9,192.58,192.62,292449
6345,2023-04-10 15:15:00,192.62,192.75,192.55,192.64,183025
6346,2023-04-11 09:15:00,193.38,193.6,193.25,193.46,462296
6347,2023-04-11 09:45:00,193.45,193.85,193.45,193.85,504445
6348,2023-04-11 10:15:00,193.85,193.85,193.5,193.54,213210
6349,2023-04-11 10:45:00,193.54,193.72,193.46,193.5,159405
6350,2023-04-11 11:15:00,193.46,193.61,193.27,193.35,77251
6351,2023-04-11 11:45:00,193.35,193.44,193.1,193.16,96752
6352,2023-04-11 12:15:00,193.16,193.35,193.01,193.34,118235
6353,2023-04-11 12:45:00,193.29,193.35,193.11,193.28,99457
6354,2023-04-11 13:15:00,193.16,193.5,193.16,193.41,88502
6355,2023-04-11 13:45:00,193.45,193.74,193.41,193.65,305848
6356,2023-04-11 14:15:00,193.65,193.76,193.51,193.76,161330
6357,2023-04-11 14:45:00,193.76,193.8,193.64,193.8,268604
6358,2023-04-11 15:15:00,193.8,193.86,193.71,193.76,238523
6359,2023-04-12 09:15:00,194.0,194.19,193.6,194.05,455428
6360,2023-04-12 09:45:00,194.01,194.1,193.87,193.9,143640
6361,2023-04-12 10:15:00,193.9,193.95,193.76,193.81,137136
6362,2023-04-12 10:45:00,193.85,194.05,193.81,193.96,228307
6363,2023-04-12 11:15:00,193.96,194.15,193.89,194.09,159282
6364,2023-04-12 11:45:00,194.09,194.14,193.91,194.02,91315
6365,2023-04-12 12:15:00,194.02,194.2,194.0,194.09,182258
6366,2023-04-12 12:45:00,194.06,194.35,194.02,194.33,245390
6367,2023-04-12 13:15:00,194.32,194.63,194.32,194.51,512197
6368,2023-04-12 13:45:00,194.51,194.56,194.38,194.5,298816
6369,2023-04-12 14:15:00,194.49,194.56,194.25,194.34,210311
6370,2023-04-12 14:45:00,194.4,194.6,194.25,194.6,302550
6371,2023-04-12 15:15:00,194.55,194.8,194.54,194.64,404173
6372,2023-04-13 09:15:00,194.69,194.75,194.2,194.64,459791
6373,2023-04-13 09:45:00,194.64,194.7,194.31,194.4,153682
6374,2023-04-13 10:15:00,194.47,194.59,194.3,194.44,122995
6375,2023-04-13 10:45:00,194.42,194.44,193.87,194.0,201185
6376,2023-04-13 11:15:00,194.0,194.08,193.85,193.95,151466
6377,2023-04-13 11:45:00,194.0,194.2,193.98,194.1,132125
6378,2023-04-13 12:15:00,194.1,194.11,193.85,194.0,111566
6379,2023-04-13 12:45:00,194.0,194.2,193.96,194.0,96304
6380,2023-04-13 13:15:00,194.0,194.24,194.0,194.15,79914
6381,2023-04-13 13:45:00,194.16,194.35,194.14,194.3,89611
6382,2023-04-13 14:15:00,194.33,194.58,194.28,194.4,181646
6383,2023-04-13 14:45:00,194.4,194.85,194.4,194.85,333863
6384,2023-04-13 15:15:00,194.86,194.9,194.73,194.77,198598
6385,2023-04-17 09:15:00,194.99,194.99,192.94,193.16,670357
6386,2023-04-17 09:45:00,193.17,193.24,192.51,192.88,480440
6387,2023-04-17 10:15:00,192.88,193.24,192.8,193.18,256389
6388,2023-04-17 10:45:00,193.18,193.5,193.18,193.3,274011
6389,2023-04-17 11:15:00,193.3,193.41,193.21,193.41,158597
6390,2023-04-17 11:45:00,193.44,193.5,193.28,193.44,115283
6391,2023-04-17 12:15:00,193.45,193.68,193.35,193.6,312207
6392,2023-04-17 12:45:00,193.6,193.7,193.35,193.5,163395
6393,2023-04-17 13:15:00,193.5,193.55,193.32,193.55,218286
6394,2023-04-17 13:45:00,193.55,193.69,193.5,193.67,218229
6395,2023-04-17 14:15:00,193.67,193.95,193.6,193.74,248370
6396,2023-04-17 14:45:00,193.8,194.0,193.7,193.88,265181
6397,2023-04-17 15:15:00,193.89,193.97,193.81,193.91,183172
6398,2023-04-18 09:15:00,194.11,194.11,193.73,193.89,206911
6399,2023-04-18 09:45:00,193.83,193.85,193.2,193.24,310684
6400,2023-04-18 10:15:00,193.24,193.64,193.1,193.63,144300
6401,2023-04-18 10:45:00,193.65,193.7,193.34,193.47,130946
6402,2023-04-18 11:15:00,193.47,193.64,193.35,193.48,57178
6403,2023-04-18 11:45:00,193.48,193.55,193.29,193.48,74561
6404,2023-04-18 12:15:00,193.48,193.64,193.41,193.63,63293
6405,2023-04-18 12:45:00,193.6,194.0,193.51,193.7,178102
6406,2023-04-18 13:15:00,193.7,193.7,193.05,193.07,169578
6407,2023-04-18 13:45:00,193.06,193.25,193.0,193.19,242360
6408,2023-04-18 14:15:00,193.19,193.24,193.09,193.22,222195
6409,2023-04-18 14:45:00,193.2,193.4,193.1,193.28,312479
6410,2023-04-18 15:15:00,193.28,193.37,193.12,193.24,213021
6411,2023-04-19 09:15:00,193.3,193.3,192.9,193.01,175273
6412,2023-04-19 09:45:00,193.02,193.1,192.82,192.9,142735
6413,2023-04-19 10:15:00,192.9,193.12,192.86,192.96,136700
6414,2023-04-19 10:45:00,192.96,193.13,192.9,193.1,88809
6415,2023-04-19 11:15:00,193.13,193.2,193.0,193.16,107963
6416,2023-04-19 11:45:00,193.14,193.29,193.0,193.2,80517
6417,2023-04-19 12:15:00,193.2,193.38,193.1,193.23,75806
6418,2023-04-19 12:45:00,193.23,193.33,193.05,193.06,56211
6419,2023-04-19 13:15:00,193.12,193.13,192.78,192.78,197892
6420,2023-04-19 13:45:00,192.75,192.89,192.65,192.83,195986
6421,2023-04-19 14:15:00,192.86,192.97,192.78,192.86,79349
6422,2023-04-19 14:45:00,192.81,193.0,192.66,192.9,158433
6423,2023-04-19 15:15:00,192.93,192.95,192.7,192.86,88255
6424,2023-04-20 09:15:00,193.26,193.59,192.9,193.54,261735
6425,2023-04-20 09:45:00,193.54,193.54,193.07,193.07,100109
6426,2023-04-20 10:15:00,193.15,193.27,192.56,192.66,233209
6427,2023-04-20 10:45:00,192.66,192.9,192.6,192.9,79734
6428,2023-04-20 11:15:00,192.8,192.99,192.8,192.95,113586
6429,2023-04-20 11:45:00,192.95,193.0,192.81,192.96,56255
6430,2023-04-20 12:15:00,192.95,193.05,192.84,192.93,94829
6431,2023-04-20 12:45:00,192.93,192.96,192.6,192.61,75537
6432,2023-04-20 13:15:00,192.68,192.83,192.61,192.75,89824
6433,2023-04-20 13:45:00,192.72,192.81,192.6,192.7,39856
6434,2023-04-20 14:15:00,192.7,192.85,192.7,192.8,47457
6435,2023-04-20 14:45:00,192.8,193.04,192.66,192.93,150853
6436,2023-04-20 15:15:00,193.01,193.11,192.89,192.99,112782
6437,2023-04-21 09:15:00,193.41,193.41,192.85,192.88,256372
6438,2023-04-21 09:45:00,192.89,192.99,192.75,192.85,102324
6439,2023-04-21 10:15:00,192.85,192.91,192.65,192.77,83167
6440,2023-04-21 10:45:00,192.78,192.85,192.61,192.75,89700
6441,2023-04-21 11:15:00,192.8,192.8,192.71,192.79,61475
6442,2023-04-21 11:45:00,192.79,192.9,192.65,192.72,78839
6443,2023-04-21 12:15:00,192.72,192.77,192.6,192.74,60965
6444,2023-04-21 12:45:00,192.74,192.74,192.4,192.51,274871
6445,2023-04-21 13:15:00,192.53,192.79,192.45,192.78,167432
6446,2023-04-21 13:45:00,192.75,192.84,192.7,192.75,135020
6447,2023-04-21 14:15:00,192.75,193.1,192.72,192.93,471227
6448,2023-04-21 14:45:00,192.93,193.16,192.89,193.15,192954
6449,2023-04-21 15:15:00,193.15,193.15,192.65,192.85,362054
6450,2023-04-24 09:15:00,193.39,193.59,192.88,192.97,339700
6451,2023-04-24 09:45:00,192.98,193.15,192.8,192.93,125675
6452,2023-04-24 10:15:00,192.93,193.0,192.8,192.99,92979
6453,2023-04-24 10:45:00,192.99,193.1,192.85,193.04,92381
6454,2023-04-24 11:15:00,193.1,193.14,192.92,192.95,100487
6455,2023-04-24 11:45:00,192.95,193.0,192.81,192.93,213645
6456,2023-04-24 12:15:00,192.89,193.09,192.83,193.07,53425
6457,2023-04-24 12:45:00,193.02,193.35,193.02,193.32,161820
6458,2023-04-24 13:15:00,193.32,193.71,193.32,193.66,165782
6459,2023-04-24 13:45:00,193.69,193.75,193.44,193.65,143078
6460,2023-04-24 14:15:00,193.65,193.79,193.52,193.65,96951
6461,2023-04-24 14:45:00,193.68,194.0,193.57,193.93,292575
6462,2023-04-24 15:15:00,193.92,194.0,193.9,193.95,234951
6463,2023-04-25 09:15:00,194.58,194.58,193.71,193.89,260259
6464,2023-04-25 09:45:00,193.87,194.0,193.74,194.0,136239
6465,2023-04-25 10:15:00,194.0,194.27,193.95,194.26,181029
6466,2023-04-25 10:45:00,194.26,194.27,194.0,194.17,160433
6467,2023-04-25 11:15:00,194.22,194.4,194.17,194.25,115794
6468,2023-04-25 11:45:00,194.2,194.36,194.1,194.2,249724
6469,2023-04-25 12:15:00,194.2,194.25,193.92,193.98,64920
6470,2023-04-25 12:45:00,193.98,194.2,193.91,194.2,90581
6471,2023-04-25 13:15:00,194.18,194.39,194.1,194.29,83562
6472,2023-04-25 13:45:00,194.3,194.39,194.0,194.34,71805
6473,2023-04-25 14:15:00,194.34,194.54,194.33,194.37,229604
6474,2023-04-25 14:45:00,194.37,194.48,194.06,194.2,175855
6475,2023-04-25 15:15:00,194.15,194.24,194.0,194.13,99257
6476,2023-04-26 09:15:00,193.99,194.13,193.75,193.82,246436
6477,2023-04-26 09:45:00,193.82,194.0,193.53,193.98,257798
6478,2023-04-26 10:15:00,193.98,194.2,193.94,194.1,87906
6479,2023-04-26 10:45:00,194.07,194.25,193.99,194.24,176995
6480,2023-04-26 11:15:00,194.24,194.25,194.15,194.2,87579
6481,2023-04-26 11:45:00,194.2,194.35,194.17,194.23,159653
6482,2023-04-26 12:15:00,194.27,194.55,194.2,194.54,163887
6483,2023-04-26 12:45:00,194.55,194.55,194.24,194.32,178234
6484,2023-04-26 13:15:00,194.32,194.43,194.2,194.33,136740
6485,2023-04-26 13:45:00,194.33,194.41,194.24,194.4,54994
6486,2023-04-26 14:15:00,194.4,194.52,194.25,194.31,109103
6487,2023-04-26 14:45:00,194.35,194.69,194.29,194.69,183540
6488,2023-04-26 15:15:00,194.68,194.72,194.55,194.62,243873
6489,2023-04-27 09:15:00,194.62,194.85,194.5,194.83,158685
6490,2023-04-27 09:45:00,194.84,195.0,194.79,194.9,200426
6491,2023-04-27 10:15:00,194.9,195.0,194.78,194.95,299814
6492,2023-04-27 10:45:00,194.94,194.98,194.8,194.95,140957
6493,2023-04-27 11:15:00,194.95,195.1,194.87,195.04,249620
6494,2023-04-27 11:45:00,195.04,195.15,194.98,195.09,116345
6495,2023-04-27 12:15:00,195.03,195.12,194.96,195.1,64096
6496,2023-04-27 12:45:00,195.09,195.17,195.0,195.15,136939
6497,2023-04-27 13:15:00,195.06,195.5,195.06,195.47,283816
6498,2023-04-27 13:45:00,195.47,195.56,195.44,195.46,230583
6499,2023-04-27 14:15:00,195.49,195.64,195.22,195.64,166126
6500,2023-04-27 14:45:00,195.61,195.99,195.51,195.91,310604
6501,2023-04-27 15:15:00,195.95,196.2,195.89,195.93,626073
6502,2023-04-28 09:15:00,196.03,196.35,195.86,196.05,349875
6503,2023-04-28 09:45:00,196.05,196.16,195.8,195.88,218049
6504,2023-04-28 10:15:00,195.88,196.03,195.75,195.91,184875
6505,2023-04-28 10:45:00,195.91,196.4,195.91,196.38,201705
6506,2023-04-28 11:15:00,196.38,196.5,196.35,196.45,127238
6507,2023-04-28 11:45:00,196.45,196.5,196.33,196.38,105087
6508,2023-04-28 12:15:00,196.45,196.55,196.36,196.52,136536
6509,2023-04-28 12:45:00,196.52,196.65,196.36,196.62,150838
6510,2023-04-28 13:15:00,196.55,196.64,196.5,196.59,88481
6511,2023-04-28 13:45:00,196.59,196.69,196.5,196.57,99589
6512,2023-04-28 14:15:00,196.53,196.72,196.35,196.7,187881
6513,2023-04-28 14:45:00,196.72,197.48,196.59,197.4,871051
6514,2023-04-28 15:15:00,197.39,197.71,197.2,197.29,668398
6515,2023-05-02 09:15:00,198.0,198.55,197.81,198.43,979785
6516,2023-05-02 09:45:00,198.46,198.65,198.25,198.6,424271
6517,2023-05-02 10:15:00,198.59,198.61,198.3,198.49,215298
6518,2023-05-02 10:45:00,198.46,198.5,198.25,198.3,396852
6519,2023-05-02 11:15:00,198.3,198.47,198.14,198.47,149798
6520,2023-05-02 11:45:00,198.47,198.49,198.39,198.49,129502
6521,2023-05-02 12:15:00,198.49,198.49,198.34,198.42,82955
6522,2023-05-02 12:45:00,198.36,198.64,198.36,198.64,240217
6523,2023-05-02 13:15:00,198.64,198.65,198.4,198.53,142501
6524,2023-05-02 13:45:00,198.53,198.62,198.5,198.56,119044
6525,2023-05-02 14:15:00,198.56,198.64,198.42,198.52,119929
6526,2023-05-02 14:45:00,198.52,198.6,198.22,198.47,338899
6527,2023-05-02 15:15:00,198.47,198.47,198.14,198.39,165400
6528,2023-05-03 09:15:00,197.86,197.86,197.44,197.71,404943
6529,2023-05-03 09:45:00,197.77,197.87,197.58,197.75,327380
6530,2023-05-03 10:15:00,197.75,198.0,197.66,197.93,254159
6531,2023-05-03 10:45:00,197.93,198.0,197.7,197.73,116285
6532,2023-05-03 11:15:00,197.7,197.78,197.6,197.63,72287
6533,2023-05-03 11:45:00,197.63,197.7,197.5,197.65,129060
6534,2023-05-03 12:15:00,197.6,197.7,197.5,197.62,71720
6535,2023-05-03 12:45:00,197.65,197.85,197.52,197.71,111672
6536,2023-05-03 13:15:00,197.7,197.85,197.56,197.72,63863
6537,2023-05-03 13:45:00,197.72,197.75,197.28,197.5,145772
6538,2023-05-03 14:15:00,197.45,197.8,197.45,197.73,170299
6539,2023-05-03 14:45:00,197.73,197.77,197.5,197.73,121523
6540,2023-05-03 15:15:00,197.72,197.8,197.58,197.68,130418
6541,2023-05-04 09:15:00,199.45,199.45,197.03,197.89,289426
6542,2023-05-04 09:45:00,197.96,198.25,197.88,198.22,228035
6543,2023-05-04 10:15:00,198.22,198.39,198.11,198.39,236891
6544,2023-05-04 10:45:00,198.39,198.5,198.3,198.5,301285
6545,2023-05-04 11:15:00,198.5,198.69,198.41,198.64,244096
6546,2023-05-04 11:45:00,198.65,198.66,198.4,198.46,219345
6547,2023-05-04 12:15:00,198.46,198.7,198.38,198.6,187980
6548,2023-05-04 12:45:00,198.6,198.8,198.47,198.66,318301
6549,2023-05-04 13:15:00,198.75,198.79,198.6,198.77,83639
6550,2023-05-04 13:45:00,198.77,198.82,198.66,198.7,84755
6551,2023-05-04 14:15:00,198.66,199.15,198.66,199.13,369583
6552,2023-05-04 14:45:00,199.06,199.61,199.03,199.57,712216
6553,2023-05-04 15:15:00,199.59,199.59,199.3,199.45,416084
6554,2023-05-05 09:15:00,198.49,198.98,198.4,198.89,400952
6555,2023-05-05 09:45:00,198.89,199.16,198.8,199.14,207100
6556,2023-05-05 10:15:00,199.14,199.25,199.0,199.12,110499
6557,2023-05-05 10:45:00,199.12,199.29,198.55,198.72,194859
6558,2023-05-05 11:15:00,198.62,198.62,198.13,198.38,302911
6559,2023-05-05 11:45:00,198.38,198.49,197.8,198.3,278389
6560,2023-05-05 12:15:00,198.3,198.5,198.25,198.48,99221
6561,2023-05-05 12:45:00,198.37,198.6,198.3,198.5,98519
6562,2023-05-05 13:15:00,198.5,198.6,198.32,198.54,103969
6563,2023-05-05 13:45:00,198.54,198.54,198.15,198.4,169945
6564,2023-05-05 14:15:00,198.4,198.45,198.02,198.25,118556
6565,2023-05-05 14:45:00,198.25,198.3,197.7,197.89,296424
6566,2023-05-05 15:15:00,197.88,197.95,197.75,197.84,197314
6567,2023-05-08 09:15:00,198.51,198.98,198.36,198.78,376948
6568,2023-05-08 09:45:00,198.77,199.13,198.77,198.92,280379
6569,2023-05-08 10:15:00,198.92,199.37,198.84,199.37,234902
6570,2023-05-08 10:45:00,199.37,199.45,199.11,199.3,139365
6571,2023-05-08 11:15:00,199.3,199.55,199.25,199.5,185903
6572,2023-05-08 11:45:00,199.49,199.77,199.43,199.77,310677
6573,2023-05-08 12:15:00,199.77,199.8,199.51,199.8,255657
6574,2023-05-08 12:45:00,199.71,199.83,199.67,199.83,165510
6575,2023-05-08 13:15:00,199.83,199.89,199.67,199.83,228753
6576,2023-05-08 13:45:00,199.83,199.88,199.77,199.88,253222
6577,2023-05-08 14:15:00,199.88,199.99,199.72,199.85,408409
6578,2023-05-08 14:45:00,199.85,199.95,199.66,199.7,668174
6579,2023-05-08 15:15:00,199.7,199.92,199.6,199.71,274741
6580,2023-05-09 09:15:00,200.0,200.14,199.76,200.1,508265
6581,2023-05-09 09:45:00,200.15,200.34,200.13,200.32,279200
6582,2023-05-09 10:15:00,200.32,200.47,200.28,200.35,189507
6583,2023-05-09 10:45:00,200.34,200.49,200.32,200.41,155896
6584,2023-05-09 11:15:00,200.4,200.44,200.25,200.34,142192
6585,2023-05-09 11:45:00,200.34,200.45,200.3,200.4,92478
6586,2023-05-09 12:15:00,200.4,200.44,200.3,200.38,117687
6587,2023-05-09 12:45:00,200.4,200.4,200.0,200.02,117676
6588,2023-05-09 13:15:00,200.0,200.03,199.75,199.84,206921
6589,2023-05-09 13:45:00,199.84,199.84,199.26,199.7,274471
6590,2023-05-09 14:15:00,199.65,199.86,199.47,199.68,185230
6591,2023-05-09 14:45:00,199.6,199.8,199.48,199.75,203162
6592,2023-05-09 15:15:00,199.8,199.8,199.52,199.7,221939
6593,2023-05-10 09:15:00,200.0,200.27,199.32,199.35,311353
6594,2023-05-10 09:45:00,199.4,199.54,199.1,199.3,228036
6595,2023-05-10 10:15:00,199.3,199.72,199.22,199.55,115976
6596,2023-05-10 10:45:00,199.55,199.6,199.36,199.6,180850
6597,2023-05-10 11:15:00,199.53,199.8,199.52,199.75,78531
6598,2023-05-10 11:45:00,199.75,199.95,199.6,199.75,233590
6599,2023-05-10 12:15:00,199.75,199.9,199.71,199.89,64635
6600,2023-05-10 12:45:00,199.89,200.1,199.82,200.01,434619
6601,2023-05-10 13:15:00,200.01,200.05,199.51,199.75,162525
6602,2023-05-10 13:45:00,199.75,200.0,199.65,199.97,60962
6603,2023-05-10 14:15:00,199.97,200.1,199.84,199.98,120567
6604,2023-05-10 14:45:00,199.98,200.25,199.75,200.2,466742
6605,2023-05-10 15:15:00,200.23,200.27,200.0,200.0,172872
6606,2023-05-11 09:15:00,200.33,200.5,200.0,200.14,209151
6607,2023-05-11 09:45:00,200.14,200.3,200.0,200.29,237053
6608,2023-05-11 10:15:00,200.29,200.49,200.22,200.45,629219
6609,2023-05-11 10:45:00,200.44,200.52,200.26,200.48,209284
6610,2023-05-11 11:15:00,200.48,200.52,200.3,200.45,129656
6611,2023-05-11 11:45:00,200.45,200.47,200.2,200.28,102061
6612,2023-05-11 12:15:00,200.28,200.4,200.21,200.33,40162
6613,2023-05-11 12:45:00,200.26,200.4,200.25,200.4,71402
6614,2023-05-11 13:15:00,200.4,200.4,200.25,200.32,47895
6615,2023-05-11 13:45:00,200.32,200.39,200.2,200.25,58250
6616,2023-05-11 14:15:00,200.26,200.5,200.22,200.4,158777
6617,2023-05-11 14:45:00,200.35,200.5,200.0,200.43,228877
6618,2023-05-11 15:15:00,200.4,200.55,200.0,200.35,244662
6619,2023-05-12 09:15:00,200.15,200.15,199.16,199.27,371150
6620,2023-05-12 09:45:00,199.2,199.7,199.1,199.63,199826
6621,2023-05-12 10:15:00,199.62,199.8,199.5,199.74,209567
6622,2023-05-12 10:45:00,199.74,199.9,199.66,199.87,110695
6623,2023-05-12 11:15:00,199.87,199.9,199.71,199.83,139056
6624,2023-05-12 11:45:00,199.84,199.99,199.72,199.96,54393
6625,2023-05-12 12:15:00,199.96,200.08,199.91,200.03,157371
6626,2023-05-12 12:45:00,200.07,200.3,200.04,200.14,296459
6627,2023-05-12 13:15:00,200.15,200.35,200.1,200.3,75761
6628,2023-05-12 13:45:00,200.3,200.45,200.21,200.36,78251
6629,2023-05-12 14:15:00,200.36,200.4,200.2,200.39,105238
6630,2023-05-12 14:45:00,200.4,200.4,200.2,200.34,114130
6631,2023-05-12 15:15:00,200.3,200.34,200.1,200.26,131543
6632,2023-05-15 09:15:00,200.3,200.75,199.97,200.7,483915
6633,2023-05-15 09:45:00,200.7,200.98,200.67,200.95,233100
6634,2023-05-15 10:15:00,200.95,200.99,200.8,200.96,247015
6635,2023-05-15 10:45:00,200.98,201.09,200.79,201.02,297483
6636,2023-05-15 11:15:00,201.02,201.3,201.02,201.25,265203
6637,2023-05-15 11:45:00,201.24,201.31,201.19,201.26,168974
6638,2023-05-15 12:15:00,201.26,201.43,201.25,201.42,183046
6639,2023-05-15 12:45:00,201.42,201.48,201.36,201.45,219432
6640,2023-05-15 13:15:00,201.42,201.61,201.38,201.54,212832
6641,2023-05-15 13:45:00,201.6,201.79,201.51,201.78,229816
6642,2023-05-15 14:15:00,201.7,201.79,201.51,201.51,230150
6643,2023-05-15 14:45:00,201.55,201.68,201.15,201.22,545904
6644,2023-05-15 15:15:00,201.15,201.38,201.11,201.34,354428
6645,2023-05-16 09:15:00,201.41,201.65,201.2,201.52,371716
6646,2023-05-16 09:45:00,201.57,201.7,201.45,201.65,125709
6647,2023-05-16 10:15:00,201.65,201.7,201.38,201.6,215416
6648,2023-05-16 10:45:00,201.6,201.6,201.45,201.52,85266
6649,2023-05-16 11:15:00,201.52,201.55,201.25,201.3,142541
6650,2023-05-16 11:45:00,201.3,201.46,201.07,201.09,302368
6651,2023-05-16 12:15:00,201.1,201.25,200.89,201.22,816858
6652,2023-05-16 12:45:00,201.22,201.26,201.06,201.18,103698
6653,2023-05-16 13:15:00,201.18,201.25,201.1,201.11,79750
6654,2023-05-16 13:45:00,201.11,201.23,200.9,200.99,134124
6655,2023-05-16 14:15:00,201.0,201.0,200.8,200.91,113319
6656,2023-05-16 14:45:00,200.91,201.0,200.28,200.45,259431
6657,2023-05-16 15:15:00,200.45,200.6,200.31,200.51,435680
6658,2023-05-17 09:15:00,200.37,200.37,200.0,200.02,268800
6659,2023-05-17 09:45:00,200.1,200.33,200.0,200.31,155915
6660,2023-05-17 10:15:00,200.3,200.3,199.8,199.83,193720
6661,2023-05-17 10:45:00,199.83,199.94,199.62,199.77,320204
6662,2023-05-17 11:15:00,199.85,199.85,199.4,199.42,294434
6663,2023-05-17 11:45:00,199.45,199.45,199.0,199.26,644508
6664,2023-05-17 12:15:00,199.27,199.48,199.2,199.47,255184
6665,2023-05-17 12:45:00,199.45,199.49,199.05,199.19,151750
6666,2023-05-17 13:15:00,199.19,199.26,199.0,199.08,112046
6667,2023-05-17 13:45:00,199.08,199.37,199.01,199.27,272591
6668,2023-05-17 14:15:00,199.27,199.46,199.18,199.46,137096
6669,2023-05-17 14:45:00,199.49,199.78,199.47,199.77,309676
6670,2023-05-17 15:15:00,199.77,199.9,199.74,199.76,419529
6671,2023-05-18 09:15:00,200.25,200.5,199.9,200.05,264203
6672,2023-05-18 09:45:00,200.1,200.1,199.65,199.76,124195
6673,2023-05-18 10:15:00,199.75,199.95,199.65,199.81,69839
6674,2023-05-18 10:45:00,199.81,200.1,199.74,200.07,203118
6675,2023-05-18 11:15:00,200.07,200.1,199.84,199.97,58404
6676,2023-05-18 11:45:00,199.97,200.1,199.8,199.86,48817
6677,2023-05-18 12:15:00,199.86,199.88,199.5,199.52,152849
6678,2023-05-18 12:45:00,199.51,199.6,199.4,199.5,178940
6679,2023-05-18 13:15:00,199.52,199.8,199.46,199.57,47303
6680,2023-05-18 13:45:00,199.57,199.8,199.2,199.55,381597
6681,2023-05-18 14:15:00,199.55,199.61,199.24,199.28,382599
6682,2023-05-18 14:45:00,199.28,199.54,198.8,199.1,945183
6683,2023-05-18 15:15:00,199.15,199.2,198.95,199.05,280363
6684,2023-05-19 09:15:00,199.8,199.8,198.68,198.85,262840
6685,2023-05-19 09:45:00,198.85,198.99,198.35,198.51,239004
6686,2023-05-19 10:15:00,198.45,198.71,198.25,198.45,216589
6687,2023-05-19 10:45:00,198.45,198.8,198.4,198.8,88807
6688,2023-05-19 11:15:00,198.8,199.28,198.79,199.11,137616
6689,2023-05-19 11:45:00,199.11,199.27,199.05,199.07,98036
6690,2023-05-19 12:15:00,199.11,199.2,198.75,198.98,106245
6691,2023-05-19 12:45:00,198.98,199.0,198.77,198.98,64770
6692,2023-05-19 13:15:00,198.98,199.04,198.9,199.03,947692
6693,2023-05-19 13:45:00,199.0,199.48,198.92,199.35,320485
6694,2023-05-19 14:15:00,199.35,199.69,199.35,199.67,276024
6695,2023-05-19 14:45:00,199.69,200.04,199.51,199.98,266343
6696,2023-05-19 15:15:00,199.99,200.03,199.62,199.82,265801
6697,2023-05-22 09:15:00,199.92,200.44,199.44,200.43,238641
6698,2023-05-22 09:45:00,200.43,200.49,199.85,200.27,158082
6699,2023-05-22 10:15:00,200.33,200.49,200.2,200.47,132357
6700,2023-05-22 10:45:00,200.47,200.66,200.45,200.55,155349
6701,2023-05-22 11:15:00,200.52,200.65,200.49,200.65,93283
6702,2023-05-22 11:45:00,200.65,200.76,200.54,200.76,180193
6703,2023-05-22 12:15:00,200.76,200.89,200.37,200.5,407931
6704,2023-05-22 12:45:00,200.5,200.72,200.34,200.53,120185
6705,2023-05-22 13:15:00,200.6,200.64,200.08,200.2,94878
6706,2023-05-22 13:45:00,200.2,200.8,200.14,200.8,119627
6707,2023-05-22 14:15:00,200.78,200.85,200.52,200.64,205036
6708,2023-05-22 14:45:00,200.64,200.93,200.5,200.78,243947
6709,2023-05-22 15:15:00,200.78,200.79,200.56,200.74,163097
6710,2023-05-23 09:15:00,201.18,201.54,201.0,201.54,617203
6711,2023-05-23 09:45:00,201.54,201.54,201.34,201.44,147072
6712,2023-05-23 10:15:00,201.45,201.6,201.27,201.59,174445
6713,2023-05-23 10:45:00,201.59,201.6,201.45,201.6,81332
6714,2023-05-23 11:15:00,201.58,201.6,201.5,201.53,84582
6715,2023-05-23 11:45:00,201.53,201.58,201.38,201.52,110758
6716,2023-05-23 12:15:00,201.52,201.58,201.48,201.58,74974
6717,2023-05-23 12:45:00,201.56,201.7,201.5,201.55,123009
6718,2023-05-23 13:15:00,201.55,201.55,201.4,201.5,106096
6719,2023-05-23 13:45:00,201.53,201.59,201.45,201.47,85234
6720,2023-05-23 14:15:00,201.47,201.69,201.4,201.4,283830
6721,2023-05-23 14:45:00,201.47,201.47,200.96,201.0,442117
6722,2023-05-23 15:15:00,201.0,201.06,200.8,201.02,276884
6723,2023-05-24 09:15:00,200.67,200.89,200.3,200.89,271486
6724,2023-05-24 09:45:00,200.88,201.1,200.8,201.08,174935
6725,2023-05-24 10:15:00,201.03,201.28,200.93,201.17,243712
6726,2023-05-24 10:45:00,201.16,201.34,201.16,201.25,228867
6727,2023-05-24 11:15:00,201.25,201.4,201.11,201.15,87661
6728,2023-05-24 11:45:00,201.11,201.2,200.91,200.99,74022
6729,2023-05-24 12:15:00,200.99,201.0,200.63,200.64,296250
6730,2023-05-24 12:45:00,200.64,200.8,200.51,200.54,157543
6731,2023-05-24 13:15:00,200.51,200.75,200.4,200.74,80962
6732,2023-05-24 13:45:00,200.66,200.66,200.4,200.55,88222
6733,2023-05-24 14:15:00,200.55,200.75,200.28,200.3,348964
6734,2023-05-24 14:45:00,200.3,200.35,200.07,200.33,259187
6735,2023-05-24 15:15:00,200.3,200.5,200.2,200.24,94547
6736,2023-05-25 09:15:00,200.95,200.95,199.81,200.21,268229
6737,2023-05-25 09:45:00,200.25,200.57,200.0,200.1,356812
6738,2023-05-25 10:15:00,200.1,200.1,199.85,199.9,316271
6739,2023-05-25 10:45:00,199.9,200.1,199.85,200.08,607518
6740,2023-05-25 11:15:00,200.08,200.09,199.68,199.8,320987
6741,2023-05-25 11:45:00,199.8,199.9,199.71,199.76,144948
6742,2023-05-25 12:15:00,199.8,200.04,199.7,199.78,135161
6743,2023-05-25 12:45:00,199.78,199.91,199.52,199.74,87864
6744,2023-05-25 13:15:00,199.74,199.77,199.5,199.59,66562
6745,2023-05-25 13:45:00,199.59,199.87,199.52,199.87,88638
6746,2023-05-25 14:15:00,199.87,200.0,199.7,200.0,76312
6747,2023-05-25 14:45:00,200.0,200.86,199.95,200.85,265399
6748,2023-05-25 15:15:00,200.84,200.94,200.7,200.7,156793
6749,2023-05-26 09:15:00,201.2,201.26,200.73,201.26,284764
6750,2023-05-26 09:45:00,201.24,201.4,201.17,201.3,181818
6751,2023-05-26 10:15:00,201.3,201.5,201.2,201.5,166141
6752,2023-05-26 10:45:00,201.44,201.65,201.32,201.6,294144
6753,2023-05-26 11:15:00,201.65,201.8,201.6,201.77,162042
6754,2023-05-26 11:45:00,201.79,202.03,201.73,201.92,388514
6755,2023-05-26 12:15:00,201.97,202.0,201.82,201.95,246320
6756,2023-05-26 12:45:00,201.95,202.09,201.9,201.94,131269
6757,2023-05-26 13:15:00,201.93,202.05,201.81,202.03,361960
6758,2023-05-26 13:45:00,202.03,202.5,202.03,202.41,309523
6759,2023-05-26 14:15:00,202.45,202.7,202.38,202.46,366584
6760,2023-05-26 14:45:00,202.45,202.82,202.36,202.82,723809
6761,2023-05-26 15:15:00,202.82,203.26,202.67,202.85,1061327
6762,2023-05-29 09:15:00,203.87,204.1,203.79,204.01,809248
6763,2023-05-29 09:45:00,204.02,204.24,204.01,204.24,748334
6764,2023-05-29 10:15:00,204.24,204.49,204.18,204.32,450807
6765,2023-05-29 10:45:00,204.39,204.5,204.3,204.45,165468
6766,2023-05-29 11:15:00,204.45,204.48,204.22,204.3,130458
6767,2023-05-29 11:45:00,204.3,204.39,204.1,204.23,132886
6768,2023-05-29 12:15:00,204.28,204.33,204.12,204.2,121237
6769,2023-05-29 12:45:00,204.15,204.3,204.1,204.25,99528
6770,2023-05-29 13:15:00,204.27,204.3,204.2,204.3,79267
6771,2023-05-29 13:45:00,204.3,204.31,204.2,204.28,119707
6772,2023-05-29 14:15:00,204.28,204.3,204.13,204.19,398545
6773,2023-05-29 14:45:00,204.23,204.27,204.01,204.2,248448
6774,2023-05-29 15:15:00,204.19,204.2,203.94,204.14,300950
6775,2023-05-30 09:15:00,204.12,204.54,204.12,204.49,677072
6776,2023-05-30 09:45:00,204.53,204.6,204.41,204.59,199091
6777,2023-05-30 10:15:00,204.6,204.7,204.39,204.39,136720
6778,2023-05-30 10:45:00,204.39,204.45,204.01,204.11,218070
6779,2023-05-30 11:15:00,204.11,204.3,204.03,204.18,200090
6780,2023-05-30 11:45:00,204.18,204.29,204.12,204.19,227776
6781,2023-05-30 12:15:00,204.19,204.23,204.06,204.09,176872
6782,2023-05-30 12:45:00,204.06,204.24,204.06,204.16,112770
6783,2023-05-30 13:15:00,204.19,204.38,204.15,204.31,60817
6784,2023-05-30 13:45:00,204.31,204.37,204.15,204.17,99794
6785,2023-05-30 14:15:00,204.28,204.4,204.18,204.39,95608
6786,2023-05-30 14:45:00,204.38,204.4,204.2,204.34,244416
6787,2023-05-30 15:15:00,204.39,204.55,204.3,204.36,156817
6788,2023-05-31 09:15:00,204.34,204.34,203.53,203.63,465057
6789,2023-05-31 09:45:00,203.63,204.14,203.55,204.09,242389
6790,2023-05-31 10:15:00,204.0,204.1,203.6,203.63,226137
6791,2023-05-31 10:45:00,203.69,203.93,203.63,203.89,180619
6792,2023-05-31 11:15:00,203.81,203.96,203.5,203.55,203537
6793,2023-05-31 11:45:00,203.55,203.58,203.21,203.28,235767
6794,2023-05-31 12:15:00,203.28,203.46,203.06,203.4,135937
6795,2023-05-31 12:45:00,203.43,203.44,203.15,203.27,91403
6796,2023-05-31 13:15:00,203.27,203.53,203.21,203.5,82900
6797,2023-05-31 13:45:00,203.5,203.58,203.24,203.42,80863
6798,2023-05-31 14:15:00,203.42,203.6,203.31,203.59,189588
6799,2023-05-31 14:45:00,203.59,203.75,203.35,203.67,234039
6800,2023-05-31 15:15:00,203.67,203.8,203.5,203.66,212326
6801,2023-06-01 09:15:00,203.97,203.97,203.4,203.89,250447
6802,2023-06-01 09:45:00,203.9,204.1,203.86,203.98,143471
6803,2023-06-01 10:15:00,203.95,204.0,203.8,203.85,144288
6804,2023-06-01 10:45:00,203.92,203.92,203.64,203.8,149849
6805,2023-06-01 11:15:00,203.8,203.89,203.73,203.8,201092
6806,2023-06-01 11:45:00,203.76,203.8,203.3,203.5,277845
6807,2023-06-01 12:15:00,203.5,203.5,203.25,203.39,249854
6808,2023-06-01 12:45:00,203.39,203.4,203.29,203.39,57059
6809,2023-06-01 13:15:00,203.34,203.47,203.23,203.25,234495
6810,2023-06-01 13:45:00,203.2,203.24,203.06,203.15,274639
6811,2023-06-01 14:15:00,203.15,203.2,202.9,202.95,419523
6812,2023-06-01 14:45:00,203.0,203.25,202.83,202.88,681087
6813,2023-06-01 15:15:00,202.85,203.09,202.61,202.99,235484
6814,2023-06-02 09:15:00,203.5,204.05,203.5,203.9,502163
6815,2023-06-02 09:45:00,203.9,203.9,203.4,203.44,356534
6816,2023-06-02 10:15:00,203.4,203.64,203.3,203.6,137208
6817,2023-06-02 10:45:00,203.6,203.63,203.31,203.6,171644
6818,2023-06-02 11:15:00,203.55,203.75,203.41,203.68,80690
6819,2023-06-02 11:45:00,203.68,203.85,203.59,203.75,56849
6820,2023-06-02 12:15:00,203.75,203.86,203.63,203.8,86638
6821,2023-06-02 12:45:00,203.8,203.9,203.7,203.88,82955
6822,2023-06-02 13:15:00,203.88,204.07,203.8,204.0,164632
6823,2023-06-02 13:45:00,204.0,204.08,203.82,203.87,116191
6824,2023-06-02 14:15:00,203.86,203.86,203.4,203.55,126154
6825,2023-06-02 14:45:00,203.55,203.98,203.51,203.91,119335
6826,2023-06-02 15:15:00,203.9,203.92,203.6,203.84,164660
6827,2023-06-05 09:15:00,204.51,204.77,204.24,204.41,340270
6828,2023-06-05 09:45:00,204.48,204.64,204.43,204.64,137942
6829,2023-06-05 10:15:00,204.63,204.75,204.42,204.55,197634
6830,2023-06-05 10:45:00,204.55,204.74,204.43,204.74,91239
6831,2023-06-05 11:15:00,204.73,204.8,204.56,204.7,148491
6832,2023-06-05 11:45:00,204.69,204.76,204.6,204.67,64862
6833,2023-06-05 12:15:00,204.67,204.67,204.5,204.66,91954
6834,2023-06-05 12:45:00,204.65,204.65,204.5,204.55,57840
6835,2023-06-05 13:15:00,204.55,204.65,204.5,204.54,38747
6836,2023-06-05 13:45:00,204.6,204.65,204.51,204.62,77816
6837,2023-06-05 14:15:00,204.62,204.65,204.5,204.64,110378
6838,2023-06-05 14:45:00,204.64,204.64,204.2,204.25,230714
6839,2023-06-05 15:15:00,204.25,204.49,204.25,204.28,100060
6840,2023-06-06 09:15:00,204.28,204.42,204.01,204.42,232600
6841,2023-06-06 09:45:00,204.4,204.47,204.0,204.1,150240
6842,2023-06-06 10:15:00,204.09,204.09,203.82,203.9,91731
6843,2023-06-06 10:45:00,203.9,203.95,203.56,203.6,153648
6844,2023-06-06 11:15:00,203.6,203.8,203.45,203.5,161174
6845,2023-06-06 11:45:00,203.5,203.7,203.5,203.68,69987
6846,2023-06-06 12:15:00,203.68,203.8,203.52,203.69,67894
6847,2023-06-06 12:45:00,203.7,203.81,203.56,203.79,61479
6848,2023-06-06 13:15:00,203.79,203.83,203.62,203.8,98742
6849,2023-06-06 13:45:00,203.74,203.8,203.6,203.68,55404
6850,2023-06-06 14:15:00,203.68,203.8,203.61,203.78,39355
6851,2023-06-06 14:45:00,203.72,204.2,203.62,204.11,190474
6852,2023-06-06 15:15:00,204.11,204.19,204.0,204.04,236434
6853,2023-06-07 09:15:00,204.7,204.7,204.5,204.6,189282
6854,2023-06-07 09:45:00,204.61,204.68,204.52,204.68,73631
6855,2023-06-07 10:15:00,204.68,204.79,204.62,204.74,107447
6856,2023-06-07 10:45:00,204.74,204.75,204.5,204.67,158490
6857,2023-06-07 11:15:00,204.67,204.77,204.51,204.65,168019
6858,2023-06-07 11:45:00,204.65,204.85,204.6,204.77,202053
6859,2023-06-07 12:15:00,204.77,204.83,204.71,204.83,71579
6860,2023-06-07 12:45:00,204.83,205.08,204.83,205.01,264234
6861,2023-06-07 13:15:00,205.02,205.02,204.8,204.94,135203
6862,2023-06-07 13:45:00,204.94,205.05,204.9,205.01,146021
6863,2023-06-07 14:15:00,205.01,205.22,204.91,205.22,194276
6864,2023-06-07 14:45:00,205.22,205.4,205.15,205.39,228775
6865,2023-06-07 15:15:00,205.4,205.45,205.22,205.34,186315
6866,2023-06-08 09:15:00,205.47,205.66,205.33,205.6,382281
6867,2023-06-08 09:45:00,205.6,205.75,205.5,205.68,566702
6868,2023-06-08 10:15:00,205.68,205.89,205.64,205.81,268158
6869,2023-06-08 10:45:00,205.81,205.97,205.76,205.9,298240
6870,2023-06-08 11:15:00,205.9,205.9,205.5,205.5,335626
6871,2023-06-08 11:45:00,205.45,205.58,204.9,205.05,501874
6872,2023-06-08 12:15:00,205.05,205.27,204.95,204.99,310250
6873,2023-06-08 12:45:00,205.0,205.25,204.85,204.88,203978
6874,2023-06-08 13:15:00,205.04,205.15,204.85,205.05,238745
6875,2023-06-08 13:45:00,205.06,205.47,204.9,205.0,381621
6876,2023-06-08 14:15:00,205.0,205.04,204.81,205.0,329739
6877,2023-06-08 14:45:00,205.0,205.0,204.49,204.49,497194
6878,2023-06-08 15:15:00,204.56,204.66,204.3,204.51,189607
6879,2023-06-09 09:15:00,204.98,204.98,204.2,204.34,240665
6880,2023-06-09 09:45:00,204.34,204.86,204.27,204.65,98063
6881,2023-06-09 10:15:00,204.65,204.66,204.4,204.5,59710
6882,2023-06-09 10:45:00,204.54,204.54,204.15,204.24,125413
6883,2023-06-09 11:15:00,204.33,204.56,204.3,204.49,67317
6884,2023-06-09 11:45:00,204.5,204.63,204.39,204.51,46439
6885,2023-06-09 12:15:00,204.47,204.64,204.26,204.35,83609
6886,2023-06-09 12:45:00,204.35,204.42,204.04,204.35,118943
6887,2023-06-09 13:15:00,204.35,204.39,204.03,204.15,57481
6888,2023-06-09 13:45:00,204.15,204.2,203.95,203.96,159129
6889,2023-06-09 14:15:00,203.96,204.11,203.86,204.06,178633
6890,2023-06-09 14:45:00,204.06,204.19,203.9,204.0,298113
6891,2023-06-09 15:15:00,203.99,204.03,203.85,204.03,248112
6892,2023-06-12 09:15:00,204.79,204.8,203.85,204.17,368260
6893,2023-06-12 09:45:00,204.17,204.17,203.93,204.08,93523
6894,2023-06-12 10:15:00,204.08,204.46,204.01,204.3,124929
6895,2023-06-12 10:45:00,204.36,204.5,204.25,204.5,55133
6896,2023-06-12 11:15:00,204.5,204.59,204.3,204.57,65171
6897,2023-06-12 11:45:00,204.57,204.59,204.42,204.56,108639
6898,2023-06-12 12:15:00,204.56,204.58,204.21,204.32,104374
6899,2023-06-12 12:45:00,204.25,204.39,204.1,204.35,78194
6900,2023-06-12 13:15:00,204.35,204.57,204.33,204.55,49008
6901,2023-06-12 13:45:00,204.55,204.6,204.47,204.54,66058
6902,2023-06-12 14:15:00,204.55,204.6,204.25,204.5,73798
6903,2023-06-12 14:45:00,204.51,204.6,204.32,204.42,89803
6904,2023-06-12 15:15:00,204.5,204.56,204.32,204.46,81319
6905,2023-06-13 09:15:00,205.0,205.4,204.86,205.4,346217
6906,2023-06-13 09:45:00,205.4,205.4,205.21,205.38,173993
6907,2023-06-13 10:15:00,205.38,205.39,205.22,205.38,130832
6908,2023-06-13 10:45:00,205.3,205.4,205.2,205.35,115714
6909,2023-06-13 11:15:00,205.4,205.4,205.3,205.38,73078
6910,2023-06-13 11:45:00,205.35,205.4,205.26,205.29,115224
6911,2023-06-13 12:15:00,205.32,205.4,205.22,205.32,55788
6912,2023-06-13 12:45:00,205.3,205.37,205.3,205.34,51391
6913,2023-06-13 13:15:00,205.34,205.39,205.3,205.39,91938
6914,2023-06-13 13:45:00,205.39,205.39,205.08,205.15,57356
6915,2023-06-13 14:15:00,205.2,205.25,205.08,205.22,30681
6916,2023-06-13 14:45:00,205.22,205.47,205.1,205.45,141494
6917,2023-06-13 15:15:00,205.4,205.52,205.4,205.45,171961
6918,2023-06-14 09:15:00,205.73,205.73,205.2,205.3,-1312837
6919,2023-06-14 09:45:00,205.3,205.48,205.2,205.43,164452
6920,2023-06-14 10:15:00,205.43,205.5,205.3,205.5,86803
6921,2023-06-14 10:45:00,205.5,205.7,205.45,205.68,146336
6922,2023-06-14 11:15:00,205.68,205.78,205.55,205.78,192311
6923,2023-06-14 11:45:00,205.78,205.83,205.64,205.8,54340
6924,2023-06-14 12:15:00,205.8,205.85,205.7,205.75,63604
6925,2023-06-14 12:45:00,205.78,205.92,205.71,205.92,110455
6926,2023-06-14 13:15:00,205.94,206.0,205.86,205.91,109255
6927,2023-06-14 13:45:00,205.95,205.99,205.85,205.95,75461
6928,2023-06-14 14:15:00,205.95,205.95,205.8,205.88,201457
6929,2023-06-14 14:45:00,205.88,205.9,205.8,205.85,319231
6930,2023-06-14 15:15:00,205.8,205.86,205.7,205.85,106167
6931,2023-06-15 09:15:00,205.85,205.85,205.46,205.64,177768
6932,2023-06-15 09:45:00,205.7,206.19,205.7,206.15,460982
6933,2023-06-15 10:15:00,206.15,206.24,206.04,206.15,145125
6934,2023-06-15 10:45:00,206.08,206.15,205.9,205.9,114089
6935,2023-06-15 11:15:00,205.98,205.98,205.41,205.49,153720
6936,2023-06-15 11:45:00,205.45,205.65,205.3,205.64,284150
6937,2023-06-15 12:15:00,205.64,205.7,205.4,205.54,80090
6938,2023-06-15 12:45:00,205.54,205.7,205.33,205.38,112019
6939,2023-06-15 13:15:00,205.49,205.75,205.38,205.71,98822
6940,2023-06-15 13:45:00,205.7,205.76,205.35,205.35,65145
6941,2023-06-15 14:15:00,205.38,205.42,205.15,205.2,111125
6942,2023-06-15 14:45:00,205.24,205.42,205.01,205.28,503857
6943,2023-06-15 15:15:00,205.34,205.38,205.17,205.31,362596
6944,2023-06-16 09:15:00,205.82,206.1,205.62,206.07,351273
6945,2023-06-16 09:45:00,206.07,206.1,205.85,206.09,128160
6946,2023-06-16 10:15:00,206.09,206.24,206.0,206.2,161013
6947,2023-06-16 10:45:00,206.2,206.21,206.15,206.19,140945
6948,2023-06-16 11:15:00,206.19,206.22,206.1,206.15,118051
6949,2023-06-16 11:45:00,206.2,206.28,206.15,206.15,80657
6950,2023-06-16 12:15:00,206.15,206.2,206.1,206.15,83050
6951,2023-06-16 12:45:00,206.15,206.26,206.06,206.19,67196
6952,2023-06-16 13:15:00,206.19,206.29,206.15,206.18,47282
6953,2023-06-16 13:45:00,206.25,206.44,206.11,206.41,310926
6954,2023-06-16 14:15:00,206.5,206.79,206.45,206.67,447920
6955,2023-06-16 14:45:00,206.7,207.1,206.55,206.63,656215
6956,2023-06-16 15:15:00,206.73,206.75,206.45,206.69,172924
6957,2023-06-19 09:15:00,206.72,207.08,206.64,206.85,505230
6958,2023-06-19 09:45:00,206.8,206.9,206.54,206.7,281677
6959,2023-06-19 10:15:00,206.7,206.75,206.27,206.47,278605
6960,2023-06-19 10:45:00,206.48,206.48,206.04,206.22,138297
6961,2023-06-19 11:15:00,206.22,206.35,206.11,206.2,113469
6962,2023-06-19 11:45:00,206.2,206.36,206.03,206.28,110702
6963,2023-06-19 12:15:00,206.28,206.42,206.17,206.27,120254
6964,2023-06-19 12:45:00,206.15,206.38,205.9,206.0,196053
6965,2023-06-19 13:15:00,206.0,206.0,205.51,205.6,284369
6966,2023-06-19 13:45:00,205.6,205.85,205.55,205.65,171659
6967,2023-06-19 14:15:00,205.7,205.99,205.58,205.95,524997
6968,2023-06-19 14:45:00,205.98,206.18,205.76,205.91,181521
6969,2023-06-19 15:15:00,205.91,206.0,205.85,205.87,193684
6970,2023-06-20 09:15:00,205.85,205.85,205.05,205.29,593096
6971,2023-06-20 09:45:00,205.29,205.54,205.2,205.36,134200
6972,2023-06-20 10:15:00,205.36,205.36,204.94,205.03,394052
6973,2023-06-20 10:45:00,205.03,205.38,204.97,205.36,80758
6974,2023-06-20 11:15:00,205.28,205.68,205.26,205.6,83472
6975,2023-06-20 11:45:00,205.6,205.76,205.38,205.54,362684
6976,2023-06-20 12:15:00,205.45,205.6,205.41,205.6,270344
6977,2023-06-20 12:45:00,205.52,205.95,205.42,205.86,194530
6978,2023-06-20 13:15:00,205.86,205.95,205.65,205.7,183088
6979,2023-06-20 13:45:00,205.79,205.85,205.57,205.73,210964
6980,2023-06-20 14:15:00,205.73,206.05,205.72,205.94,154436
6981,2023-06-20 14:45:00,205.94,206.57,205.83,206.49,172108
6982,2023-06-20 15:15:00,206.5,206.75,206.47,206.5,243510
6983,2023-06-21 09:15:00,206.89,207.0,206.36,206.88,341137
6984,2023-06-21 09:45:00,206.85,207.17,206.85,207.1,269685
6985,2023-06-21 10:15:00,207.12,207.15,206.58,206.7,97850
6986,2023-06-21 10:45:00,206.7,206.79,206.32,206.4,127694
6987,2023-06-21 11:15:00,206.4,206.71,206.3,206.55,123442
6988,2023-06-21 11:45:00,206.5,206.72,206.46,206.6,127167
6989,2023-06-21 12:15:00,206.6,206.78,206.5,206.75,111566
6990,2023-06-21 12:45:00,206.76,206.99,206.72,206.89,69968
6991,2023-06-21 13:15:00,206.89,206.98,206.89,206.95,25771
6992,2023-06-21 13:45:00,206.94,207.0,206.89,207.0,156742
6993,2023-06-21 14:15:00,206.99,207.0,206.7,206.9,200787
6994,2023-06-21 14:45:00,206.85,207.0,206.7,207.0,509148
6995,2023-06-21 15:15:00,206.99,207.05,206.87,206.87,241587
6996,2023-06-22 09:15:00,207.15,207.2,206.57,206.95,182916
6997,2023-06-22 09:45:00,206.97,207.08,206.85,207.08,94286
6998,2023-06-22 10:15:00,207.08,207.23,207.0,207.04,163304
6999,2023-06-22 10:45:00,207.04,207.19,206.82,206.98,64041
7000,2023-06-22 11:15:00,206.98,206.98,206.7,206.75,49909
7001,2023-06-22 11:45:00,206.78,206.79,206.36,206.46,196773
7002,2023-06-22 12:15:00,206.48,206.7,206.36,206.43,93882
7003,2023-06-22 12:45:00,206.43,206.59,206.14,206.29,144486
7004,2023-06-22 13:15:00,206.35,206.95,206.35,206.94,80820
7005,2023-06-22 13:45:00,206.94,207.08,206.71,206.87,275553
7006,2023-06-22 14:15:00,206.88,206.88,206.2,206.46,323434
7007,2023-06-22 14:45:00,206.46,206.73,206.16,206.16,216351
7008,2023-06-22 15:15:00,206.15,206.3,206.12,206.24,114845
7009,2023-06-23 09:15:00,206.15,206.39,204.9,205.04,502517
7010,2023-06-23 09:45:00,205.04,205.48,205.02,205.17,294604
7011,2023-06-23 10:15:00,205.17,205.54,205.06,205.38,149788
7012,2023-06-23 10:45:00,205.35,205.5,205.11,205.49,178400
7013,2023-06-23 11:15:00,205.48,205.5,205.21,205.33,50881
7014,2023-06-23 11:45:00,205.4,205.55,205.32,205.4,95235
7015,2023-06-23 12:15:00,205.47,205.87,205.39,205.86,71083
7016,2023-06-23 12:45:00,205.86,205.87,205.32,205.5,81999
7017,2023-06-23 13:15:00,205.5,205.68,205.39,205.56,92243
7018,2023-06-23 13:45:00,205.56,205.63,205.25,205.32,79743
7019,2023-06-23 14:15:00,205.36,205.37,205.05,205.35,105939
7020,2023-06-23 14:45:00,205.34,205.45,205.01,205.03,182906
7021,2023-06-23 15:15:00,205.03,205.07,204.83,204.98,230616
7022,2023-06-26 09:15:00,205.15,205.5,204.85,205.4,211211
7023,2023-06-26 09:45:00,205.47,205.47,204.81,204.97,125688
7024,2023-06-26 10:15:00,204.94,205.18,204.79,204.9,87342
7025,2023-06-26 10:45:00,204.9,205.0,204.75,204.99,266124
7026,2023-06-26 11:15:00,204.99,205.25,204.92,205.22,135385
7027,2023-06-26 11:45:00,205.2,205.24,205.01,205.18,47549
7028,2023-06-26 12:15:00,205.18,205.25,205.01,205.05,31889
7029,2023-06-26 12:45:00,205.05,205.05,204.73,204.8,134720
7030,2023-06-26 13:15:00,204.8,205.0,204.8,204.95,81768
7031,2023-06-26 13:45:00,205.0,205.0,204.8,204.97,515000
7032,2023-06-26 14:15:00,204.98,205.03,204.83,204.98,342328
7033,2023-06-26 14:45:00,204.98,205.34,204.87,205.25,118651
7034,2023-06-26 15:15:00,205.2,205.35,205.01,205.17,103847
7035,2023-06-27 09:15:00,205.61,206.0,205.55,205.65,559064
7036,2023-06-27 09:45:00,205.6,205.74,205.5,205.66,118535
7037,2023-06-27 10:15:00,205.66,205.74,205.53,205.64,84512
7038,2023-06-27 10:45:00,205.64,205.65,205.38,205.48,115998
7039,2023-06-27 11:15:00,205.51,205.83,205.49,205.7,35072
7040,2023-06-27 11:45:00,205.78,205.84,205.68,205.84,52201
7041,2023-06-27 12:15:00,205.84,205.9,205.75,205.83,54921
7042,2023-06-27 12:45:00,205.83,205.9,205.51,205.85,208417
7043,2023-06-27 13:15:00,205.85,205.85,205.65,205.8,123348
7044,2023-06-27 13:45:00,205.8,206.0,205.67,205.98,121347
7045,2023-06-27 14:15:00,206.0,206.29,205.98,206.0,161075
7046,2023-06-27 14:45:00,206.0,206.6,205.98,206.58,208412
7047,2023-06-27 15:15:00,206.54,206.6,206.36,206.46,169874
7048,2023-06-28 09:15:00,207.22,207.27,206.94,207.2,460336
7049,2023-06-28 09:45:00,207.2,207.4,207.11,207.27,237536
7050,2023-06-28 10:15:00,207.27,207.75,207.19,207.58,318583
7051,2023-06-28 10:45:00,207.6,207.87,207.6,207.87,248290
7052,2023-06-28 11:15:00,207.87,208.05,207.81,208.0,417659
7053,2023-06-28 11:45:00,208.0,208.38,208.0,208.15,394902
7054,2023-06-28 12:15:00,207.97,208.3,207.95,208.06,226391
7055,2023-06-28 12:45:00,208.03,208.4,208.01,208.35,304746
7056,2023-06-28 13:15:00,208.33,208.51,208.25,208.49,326471
7057,2023-06-28 13:45:00,208.49,208.55,208.25,208.25,173948
7058,2023-06-28 14:15:00,208.29,208.5,208.17,208.25,305846
7059,2023-06-28 14:45:00,208.25,208.43,207.81,208.13,257820
7060,2023-06-28 15:15:00,208.2,208.49,208.09,208.18,308461
7061,2023-06-30 09:15:00,208.69,209.76,208.69,209.75,624659
7062,2023-06-30 09:45:00,209.75,209.75,209.44,209.55,505902
7063,2023-06-30 10:15:00,209.55,209.7,209.5,209.6,180254
7064,2023-06-30 10:45:00,209.65,209.75,209.43,209.6,284928
7065,2023-06-30 11:15:00,209.6,209.75,209.5,209.75,180147
7066,2023-06-30 11:45:00,209.76,210.02,209.75,210.0,886360
7067,2023-06-30 12:15:00,209.91,210.15,209.81,210.1,625359
7068,2023-06-30 12:45:00,210.1,210.24,210.0,210.22,288070
7069,2023-06-30 13:15:00,210.22,210.25,210.06,210.08,204003
7070,2023-06-30 13:45:00,210.08,210.25,210.02,210.15,165623
7071,2023-06-30 14:15:00,210.15,210.42,210.15,210.4,238001
7072,2023-06-30 14:45:00,210.4,210.64,210.3,210.61,281213
7073,2023-06-30 15:15:00,210.63,210.79,210.61,210.61,191184
7074,2023-07-03 09:15:00,213.45,213.45,210.9,212.07,894064
7075,2023-07-03 09:45:00,212.05,212.21,211.88,212.0,383798
7076,2023-07-03 10:15:00,212.01,212.25,212.0,212.08,305350
7077,2023-07-03 10:45:00,212.08,212.13,211.6,211.6,455677
7078,2023-07-03 11:15:00,211.68,211.83,211.45,211.8,302920
7079,2023-07-03 11:45:00,211.8,212.08,211.76,211.98,412181
7080,2023-07-03 12:15:00,211.98,212.2,211.91,212.15,208340
7081,2023-07-03 12:45:00,212.15,212.3,212.03,212.29,405202
7082,2023-07-03 13:15:00,212.25,212.44,212.05,212.1,141695
7083,2023-07-03 13:45:00,212.09,212.24,212.05,212.13,114903
7084,2023-07-03 14:15:00,212.13,212.32,212.1,212.25,117390
7085,2023-07-03 14:45:00,212.25,212.35,211.95,212.29,340718
7086,2023-07-03 15:15:00,212.18,212.5,212.12,212.3,163051
7087,2023-07-04 09:15:00,212.77,213.0,212.27,212.34,529410
7088,2023-07-04 09:45:00,212.28,212.6,212.02,212.2,293303
7089,2023-07-04 10:15:00,212.12,212.32,212.05,212.26,175680
7090,2023-07-04 10:45:00,212.27,212.48,212.15,212.44,136300
7091,2023-07-04 11:15:00,212.44,212.54,212.15,212.36,174439
7092,2023-07-04 11:45:00,212.32,212.6,212.31,212.59,84173
7093,2023-07-04 12:15:00,212.59,212.97,212.59,212.9,189471
7094,2023-07-04 12:45:00,212.9,212.97,212.8,212.9,151611
7095,2023-07-04 13:15:00,212.9,213.25,212.85,213.15,203144
7096,2023-07-04 13:45:00,213.15,213.19,212.86,212.92,141345
7097,2023-07-04 14:15:00,212.9,212.92,212.7,212.89,117684
7098,2023-07-04 14:45:00,212.9,213.22,212.85,213.1,198641
7099,2023-07-04 15:15:00,213.17,213.2,212.93,213.06,99939
7100,2023-07-05 09:15:00,212.77,213.12,212.3,212.78,242183
7101,2023-07-05 09:45:00,212.75,212.99,212.52,212.87,188529
7102,2023-07-05 10:15:00,212.97,212.97,212.65,212.81,184580
7103,2023-07-05 10:45:00,212.81,212.94,212.7,212.75,81810
7104,2023-07-05 11:15:00,212.84,212.9,212.7,212.88,160281
7105,2023-07-05 11:45:00,212.88,212.95,212.75,212.94,81512
7106,2023-07-05 12:15:00,212.94,212.95,212.75,212.9,121020
7107,2023-07-05 12:45:00,212.88,212.9,212.7,212.81,115676
7108,2023-07-05 13:15:00,212.85,212.89,212.6,212.84,102518
7109,2023-07-05 13:45:00,212.83,212.89,212.7,212.88,71960
7110,2023-07-05 14:15:00,212.88,212.9,212.55,212.63,108182
7111,2023-07-05 14:45:00,212.63,213.04,212.51,213.04,184306
7112,2023-07-05 15:15:00,213.04,213.2,212.92,212.92,91870
7113,2023-07-06 09:15:00,212.79,213.16,212.62,212.97,182421
7114,2023-07-06 09:45:00,212.97,213.5,212.97,213.5,124891
7115,2023-07-06 10:15:00,213.5,213.69,213.35,213.45,209290
7116,2023-07-06 10:45:00,213.45,213.67,213.34,213.62,118735
7117,2023-07-06 11:15:00,213.62,213.7,213.5,213.61,85843
7118,2023-07-06 11:45:00,213.66,213.7,213.43,213.48,85215
7119,2023-07-06 12:15:00,213.48,213.65,213.3,213.43,74058
7120,2023-07-06 12:45:00,213.43,213.6,213.35,213.5,32893
7121,2023-07-06 13:15:00,213.54,213.59,213.4,213.51,65022
7122,2023-07-06 13:45:00,213.51,213.6,213.35,213.53,93449
7123,2023-07-06 14:15:00,213.6,213.94,213.5,213.85,186483
7124,2023-07-06 14:45:00,213.87,214.1,213.8,214.1,469627
7125,2023-07-06 15:15:00,214.09,214.1,213.8,213.96,184755
7126,2023-07-07 09:15:00,213.39,213.95,213.21,213.89,318848
7127,2023-07-07 09:45:00,213.89,214.24,213.76,213.87,234525
7128,2023-07-07 10:15:00,213.99,214.0,213.5,213.59,140623
7129,2023-07-07 10:45:00,213.5,213.5,213.12,213.19,669951
7130,2023-07-07 11:15:00,213.22,213.34,212.82,213.02,186197
7131,2023-07-07 11:45:00,213.01,213.14,212.65,212.7,295728
7132,2023-07-07 12:15:00,212.7,212.88,212.54,212.68,135040
7133,2023-07-07 12:45:00,212.68,212.85,212.58,212.7,84669
7134,2023-07-07 13:15:00,212.62,213.0,212.61,212.78,97912
7135,2023-07-07 13:45:00,212.8,212.89,212.58,212.8,215015
7136,2023-07-07 14:15:00,212.8,213.34,212.65,213.32,150999
7137,2023-07-07 14:45:00,213.32,213.32,212.56,212.75,406739
7138,2023-07-07 15:15:00,212.78,213.0,212.5,212.72,382854
7139,2023-07-10 09:15:00,213.79,213.79,212.31,213.0,626010
7140,2023-07-10 09:45:00,213.11,213.47,212.97,213.44,434312
7141,2023-07-10 10:15:00,213.44,213.5,213.13,213.4,189073
7142,2023-07-10 10:45:00,213.4,213.49,213.15,213.15,130580
7143,2023-07-10 11:15:00,213.2,213.2,212.6,212.78,239597
7144,2023-07-10 11:45:00,212.78,212.85,212.34,212.6,113406
7145,2023-07-10 12:15:00,212.69,212.91,212.6,212.8,67691
7146,2023-07-10 12:45:00,212.8,213.0,212.71,212.91,80435
7147,2023-07-10 13:15:00,212.93,213.17,212.87,213.0,62488
7148,2023-07-10 13:45:00,213.0,213.13,212.8,213.0,61809
7149,2023-07-10 14:15:00,213.0,213.1,212.56,212.61,69368
7150,2023-07-10 14:45:00,212.61,212.74,212.22,212.54,177246
7151,2023-07-10 15:15:00,212.61,212.75,212.51,212.64,551597
7152,2023-07-11 09:15:00,213.38,213.62,212.99,213.6,214709
7153,2023-07-11 09:45:00,213.63,213.81,213.62,213.75,221142
7154,2023-07-11 10:15:00,213.75,213.91,213.58,213.86,185891
7155,2023-07-11 10:45:00,213.86,214.0,213.81,214.0,130083
7156,2023-07-11 11:15:00,214.0,214.05,213.86,213.96,220593
7157,2023-07-11 11:45:00,214.02,214.24,213.86,214.0,165844
7158,2023-07-11 12:15:00,214.0,214.0,213.71,213.89,240553
7159,2023-07-11 12:45:00,213.89,213.98,213.79,213.92,66035
7160,2023-07-11 13:15:00,213.92,213.96,213.75,213.85,81614
7161,2023-07-11 13:45:00,213.85,213.87,213.65,213.71,49617
7162,2023-07-11 14:15:00,213.71,213.73,213.49,213.55,234522
7163,2023-07-11 14:45:00,213.55,213.7,213.3,213.32,82733
7164,2023-07-11 15:15:00,213.32,213.64,213.32,213.45,83705
7165,2023-07-12 09:15:00,214.18,214.18,213.45,213.75,192352
7166,2023-07-12 09:45:00,213.74,213.96,213.67,213.89,203881
7167,2023-07-12 10:15:00,213.89,213.89,213.45,213.71,96784
7168,2023-07-12 10:45:00,213.86,213.92,213.75,213.8,74528
7169,2023-07-12 11:15:00,213.8,213.82,213.5,213.52,69429
7170,2023-07-12 11:45:00,213.5,213.56,213.3,213.32,81168
7171,2023-07-12 12:15:00,213.4,213.55,213.26,213.5,93136
7172,2023-07-12 12:45:00,213.5,213.65,213.45,213.63,83501
7173,2023-07-12 13:15:00,213.63,213.74,213.55,213.68,79231
7174,2023-07-12 13:45:00,213.68,213.75,213.44,213.45,228677
7175,2023-07-12 14:15:00,213.45,213.74,213.4,213.55,64300
7176,2023-07-12 14:45:00,213.52,213.74,213.13,213.27,282163
7177,2023-07-12 15:15:00,213.29,213.39,213.02,213.25,146188
7178,2023-07-13 09:15:00,214.14,214.25,213.76,214.25,238800
7179,2023-07-13 09:45:00,214.25,214.68,214.2,214.65,300899
7180,2023-07-13 10:15:00,214.65,214.79,214.6,214.66,191960
7181,2023-07-13 10:45:00,214.6,214.69,214.56,214.67,47374
7182,2023-07-13 11:15:00,214.67,214.75,214.61,214.7,59050
7183,2023-07-13 11:45:00,214.7,214.75,214.6,214.63,89346
7184,2023-07-13 12:15:00,214.63,214.73,214.6,214.64,126283
7185,2023-07-13 12:45:00,214.6,214.75,214.52,214.61,86253
7186,2023-07-13 13:15:00,214.69,214.73,214.4,214.4,176754
7187,2023-07-13 13:45:00,214.4,214.49,213.6,213.8,158300
7188,2023-07-13 14:15:00,213.8,213.95,213.63,213.64,190230
7189,2023-07-13 14:45:00,213.64,213.85,213.35,213.78,255680
7190,2023-07-13 15:15:00,213.78,213.9,213.48,213.69,407735
7191,2023-07-14 09:15:00,214.06,214.3,213.84,214.09,199255
7192,2023-07-14 09:45:00,214.01,214.14,213.7,213.86,142510
7193,2023-07-14 10:15:00,213.97,214.1,213.73,214.0,82756
7194,2023-07-14 10:45:00,214.0,214.18,213.72,214.14,64648
7195,2023-07-14 11:15:00,214.14,214.22,213.92,214.04,78196
7196,2023-07-14 11:45:00,214.04,214.25,213.92,214.2,65419
7197,2023-07-14 12:15:00,214.09,214.23,213.92,214.08,53264
7198,2023-07-14 12:45:00,214.08,214.23,213.91,214.17,119163
7199,2023-07-14 13:15:00,214.11,214.3,213.86,214.16,120658
7200,2023-07-14 13:45:00,214.1,214.37,213.94,214.37,110262
7201,2023-07-14 14:15:00,214.36,214.37,214.06,214.15,74819
7202,2023-07-14 14:45:00,214.15,214.88,214.0,214.8,313857
7203,2023-07-14 15:15:00,214.82,215.2,214.8,214.83,244047
7204,2023-07-17 09:15:00,215.86,215.86,214.95,215.18,245729
7205,2023-07-17 09:45:00,215.03,215.7,215.03,215.69,164866
7206,2023-07-17 10:15:00,215.69,215.7,215.4,215.42,227355
7207,2023-07-17 10:45:00,215.4,215.69,215.4,215.6,95959
7208,2023-07-17 11:15:00,215.59,215.6,215.33,215.53,121794
7209,2023-07-17 11:45:00,215.53,215.6,215.4,215.6,59263
7210,2023-07-17 12:15:00,215.53,215.75,215.5,215.6,101196
7211,2023-07-17 12:45:00,215.58,215.85,215.55,215.85,74604
7212,2023-07-17 13:15:00,215.8,215.95,215.75,215.94,107710
7213,2023-07-17 13:45:00,215.94,216.08,215.86,215.95,201949
7214,2023-07-17 14:15:00,215.95,216.24,215.9,216.2,382408
7215,2023-07-17 14:45:00,216.2,216.64,216.09,216.6,267606
7216,2023-07-17 15:15:00,216.64,216.9,216.53,216.53,146411
7217,2023-07-18 09:15:00,216.91,217.53,216.81,216.89,402497
7218,2023-07-18 09:45:00,216.89,217.2,216.85,217.06,246817
7219,2023-07-18 10:15:00,217.01,217.25,217.0,217.12,212398
7220,2023-07-18 10:45:00,217.05,217.64,217.02,217.58,348900
7221,2023-07-18 11:15:00,217.55,217.6,216.7,216.8,179492
7222,2023-07-18 11:45:00,216.66,216.93,216.41,216.59,194881
7223,2023-07-18 12:15:00,216.59,217.1,216.45,216.95,139069
7224,2023-07-18 12:45:00,217.05,217.19,216.6,216.61,69253
7225,2023-07-18 13:15:00,216.65,216.99,216.61,216.9,88833
7226,2023-07-18 13:45:00,216.9,217.25,216.85,217.14,81966
7227,2023-07-18 14:15:00,217.14,217.24,216.66,216.87,127121
7228,2023-07-18 14:45:00,216.81,217.24,216.61,217.0,115804
7229,2023-07-18 15:15:00,217.07,217.1,216.84,217.02,135589
7230,2023-07-19 09:15:00,217.48,217.79,217.26,217.49,517570
7231,2023-07-19 09:45:00,217.49,217.96,217.42,217.74,218306
7232,2023-07-19 10:15:00,217.74,217.88,217.4,217.41,140266
7233,2023-07-19 10:45:00,217.41,217.5,217.05,217.08,168648
7234,2023-07-19 11:15:00,217.07,217.21,216.87,217.1,199293
7235,2023-07-19 11:45:00,217.16,217.16,216.78,216.99,124902
7236,2023-07-19 12:15:00,216.87,217.42,216.86,217.4,89021
7237,2023-07-19 12:45:00,217.4,217.47,217.28,217.31,107694
7238,2023-07-19 13:15:00,217.31,217.5,217.2,217.41,95146
7239,2023-07-19 13:45:00,217.28,217.5,217.2,217.2,536227
7240,2023-07-19 14:15:00,217.34,217.34,217.0,217.12,827598
7241,2023-07-19 14:45:00,217.12,217.8,217.08,217.75,156602
7242,2023-07-19 15:15:00,217.76,218.13,217.74,217.97,578469
7243,2023-07-20 09:15:00,217.99,218.0,217.39,217.4,512932
7244,2023-07-20 09:45:00,217.42,217.5,217.16,217.32,173626
7245,2023-07-20 10:15:00,217.33,217.65,217.23,217.65,111646
7246,2023-07-20 10:45:00,217.65,217.74,217.6,217.69,90529
7247,2023-07-20 11:15:00,217.69,217.84,217.55,217.82,116627
7248,2023-07-20 11:45:00,217.82,218.09,217.64,217.95,87140
7249,2023-07-20 12:15:00,218.02,218.36,217.93,218.28,270493
7250,2023-07-20 12:45:00,218.28,218.5,218.25,218.5,151879
7251,2023-07-20 13:15:00,218.5,218.81,218.35,218.57,231325
7252,2023-07-20 13:45:00,218.55,218.99,218.5,218.99,147258
7253,2023-07-20 14:15:00,218.91,219.38,218.9,219.05,455930
7254,2023-07-20 14:45:00,219.05,219.72,218.95,219.65,571171
7255,2023-07-20 15:15:00,219.65,219.75,219.01,219.51,238420
7256,2023-07-21 09:15:00,218.01,219.05,218.01,218.15,635448
7257,2023-07-21 09:45:00,218.11,218.44,218.01,218.2,282250
7258,2023-07-21 10:15:00,218.2,218.2,217.9,218.18,216945
7259,2023-07-21 10:45:00,218.07,218.18,217.7,217.8,245743
7260,2023-07-21 11:15:00,217.8,217.98,217.54,217.9,246793
7261,2023-07-21 11:45:00,217.9,217.9,217.5,217.65,166844
7262,2023-07-21 12:15:00,217.65,217.69,217.4,217.62,126272
7263,2023-07-21 12:45:00,217.62,217.97,217.56,217.97,158199
7264,2023-07-21 13:15:00,217.97,218.25,217.7,218.1,128654
7265,2023-07-21 13:45:00,218.1,218.25,217.95,218.1,198726
7266,2023-07-21 14:15:00,218.1,218.23,217.51,217.59,520273
7267,2023-07-21 14:45:00,217.53,217.61,217.0,217.54,472342
7268,2023-07-21 15:15:00,217.55,217.9,217.43,217.48,209455
7269,2023-07-24 09:15:00,217.89,217.89,216.97,217.15,264875
7270,2023-07-24 09:45:00,217.15,217.48,216.9,217.3,309535
7271,2023-07-24 10:15:00,217.35,217.88,217.35,217.88,250725
7272,2023-07-24 10:45:00,217.88,217.88,217.58,217.7,84360
7273,2023-07-24 11:15:00,217.7,217.7,217.12,217.18,93851
7274,2023-07-24 11:45:00,217.27,217.27,216.8,217.18,157280
7275,2023-07-24 12:15:00,217.1,217.39,217.1,217.32,208184
7276,2023-07-24 12:45:00,217.3,217.79,217.28,217.7,92780
7277,2023-07-24 13:15:00,217.7,217.75,217.5,217.54,75091
7278,2023-07-24 13:45:00,217.6,217.75,217.22,217.41,61238
7279,2023-07-24 14:15:00,217.45,217.45,217.05,217.43,107324
7280,2023-07-24 14:45:00,217.43,217.43,216.66,216.74,153397
7281,2023-07-24 15:15:00,216.74,216.77,216.55,216.73,135647
7282,2023-07-25 09:15:00,219.95,219.95,216.53,216.9,221540
7283,2023-07-25 09:45:00,216.9,216.91,216.5,216.75,148482
7284,2023-07-25 10:15:00,216.82,216.82,216.43,216.7,99781
7285,2023-07-25 10:45:00,216.7,216.8,216.5,216.75,59591
7286,2023-07-25 11:15:00,216.73,216.75,216.46,216.6,76333
7287,2023-07-25 11:45:00,216.6,216.75,216.45,216.66,132790
7288,2023-07-25 12:15:00,216.75,216.94,216.6,216.81,111604
7289,2023-07-25 12:45:00,216.81,216.92,216.6,216.61,81306
7290,2023-07-25 13:15:00,216.6,216.64,216.11,216.36,129337
7291,2023-07-25 13:45:00,216.4,216.59,216.15,216.5,98570
7292,2023-07-25 14:15:00,216.5,216.81,216.46,216.75,97110
7293,2023-07-25 14:45:00,216.76,216.87,216.4,216.5,116570
7294,2023-07-25 15:15:00,216.6,216.78,216.48,216.64,88770
7295,2023-07-26 09:15:00,217.09,217.53,216.79,217.35,222778
7296,2023-07-26 09:45:00,217.35,218.06,217.32,218.02,275884
7297,2023-07-26 10:15:00,218.05,218.05,217.8,217.95,251206
7298,2023-07-26 10:45:00,217.87,218.0,217.72,217.8,135718
7299,2023-07-26 11:15:00,217.8,217.88,217.6,217.82,138353
7300,2023-07-26 11:45:00,217.8,218.0,217.77,217.99,52257
7301,2023-07-26 12:15:00,217.99,218.0,217.85,217.85,76405
7302,2023-07-26 12:45:00,217.85,217.94,217.61,217.68,41941
7303,2023-07-26 13:15:00,217.68,217.95,217.64,217.93,51017
7304,2023-07-26 13:45:00,217.93,218.16,217.8,218.07,359488
7305,2023-07-26 14:15:00,218.0,218.41,217.91,218.05,498791
7306,2023-07-26 14:45:00,218.0,218.07,217.52,217.78,678871
7307,2023-07-26 15:15:00,217.78,217.8,217.5,217.72,378359
7308,2023-07-27 09:15:00,218.5,218.83,218.37,218.59,237735
7309,2023-07-27 09:45:00,218.59,218.59,218.05,218.17,139830
7310,2023-07-27 10:15:00,218.17,218.29,218.05,218.08,52151
7311,2023-07-27 10:45:00,218.08,218.24,217.81,217.89,104730
7312,2023-07-27 11:15:00,217.88,217.97,217.3,217.45,299393
7313,2023-07-27 11:45:00,217.45,217.63,217.21,217.45,279992
7314,2023-07-27 12:15:00,217.52,217.52,217.15,217.25,123698
7315,2023-07-27 12:45:00,217.38,217.5,217.2,217.34,107478
7316,2023-07-27 13:15:00,217.39,217.55,216.8,216.95,316865
7317,2023-07-27 13:45:00,216.98,217.13,216.8,217.0,153742
7318,2023-07-27 14:15:00,217.0,217.12,216.1,216.29,517329
7319,2023-07-27 14:45:00,216.29,216.75,216.02,216.73,400797
7320,2023-07-27 15:15:00,216.72,217.15,216.39,216.63,192997
7321,2023-07-28 09:15:00,216.7,216.7,216.0,216.35,346906
7322,2023-07-28 09:45:00,216.35,216.58,216.1,216.19,157158
7323,2023-07-28 10:15:00,216.2,216.33,215.81,216.26,219258
7324,2023-07-28 10:45:00,216.26,216.3,216.1,216.15,94175
7325,2023-07-28 11:15:00,216.15,216.15,215.81,215.87,167405
7326,2023-07-28 11:45:00,215.85,216.0,215.72,215.78,138856
7327,2023-07-28 12:15:00,215.78,215.85,215.56,215.75,309067
7328,2023-07-28 12:45:00,215.75,215.98,215.53,215.93,244554
7329,2023-07-28 13:15:00,215.95,215.95,215.54,215.6,93005
7330,2023-07-28 13:45:00,215.6,215.94,215.5,215.82,148929
7331,2023-07-28 14:15:00,215.82,216.0,215.7,215.87,153032
7332,2023-07-28 14:45:00,215.87,216.46,215.76,216.31,249328
7333,2023-07-28 15:15:00,216.3,216.44,216.21,216.34,134114
7334,2023-07-31 09:15:00,216.89,216.9,216.02,216.48,302122
7335,2023-07-31 09:45:00,216.47,216.75,216.35,216.74,167621
7336,2023-07-31 10:15:00,216.74,216.9,216.51,216.89,107728
7337,2023-07-31 10:45:00,216.89,217.07,216.86,217.05,107714
7338,2023-07-31 11:15:00,217.05,217.45,217.0,217.33,154617
7339,2023-07-31 11:45:00,217.34,217.38,217.01,217.2,305807
7340,2023-07-31 12:15:00,217.11,217.2,216.82,216.95,77289
7341,2023-07-31 12:45:00,216.98,217.14,216.9,217.14,40927
7342,2023-07-31 13:15:00,217.14,217.39,217.01,217.3,71416
7343,2023-07-31 13:45:00,217.28,217.38,217.07,217.19,81034
7344,2023-07-31 14:15:00,217.19,217.4,217.18,217.32,56863
7345,2023-07-31 14:45:00,217.32,217.7,217.25,217.7,167556
7346,2023-07-31 15:15:00,217.7,217.85,217.45,217.58,147901
7347,2023-08-01 09:15:00,218.04,218.04,217.46,217.65,232299
7348,2023-08-01 09:45:00,217.65,217.89,217.6,217.88,122495
7349,2023-08-01 10:15:00,217.88,217.89,217.4,217.45,119660
7350,2023-08-01 10:45:00,217.45,217.63,217.25,217.48,100185
7351,2023-08-01 11:15:00,217.48,217.62,217.2,217.5,138702
7352,2023-08-01 11:45:00,217.5,217.55,217.25,217.42,74537
7353,2023-08-01 12:15:00,217.42,217.46,217.2,217.23,77878
7354,2023-08-01 12:45:00,217.23,217.37,217.11,217.3,89124
7355,2023-08-01 13:15:00,217.3,217.6,217.23,217.6,79492
7356,2023-08-01 13:45:00,217.6,217.62,217.35,217.5,45948
7357,2023-08-01 14:15:00,217.52,217.78,217.41,217.7,241723
7358,2023-08-01 14:45:00,217.7,217.72,217.2,217.53,113747
7359,2023-08-01 15:15:00,217.53,217.53,217.04,217.23,467679
7360,2023-08-02 09:15:00,216.97,217.32,216.35,216.35,257294
7361,2023-08-02 09:45:00,216.31,216.37,216.23,216.23,306358
7362,2023-08-02 10:15:00,216.23,216.23,215.76,215.83,327177
7363,2023-08-02 10:45:00,215.84,215.86,215.25,215.59,437823
7364,2023-08-02 11:15:00,215.59,215.66,215.21,215.4,189988
7365,2023-08-02 11:45:00,215.4,215.54,215.3,215.48,120709
7366,2023-08-02 12:15:00,215.48,215.65,215.4,215.64,144064
7367,2023-08-02 12:45:00,215.64,215.65,215.12,215.19,252357
7368,2023-08-02 13:15:00,215.1,215.17,214.39,214.4,624604
7369,2023-08-02 13:45:00,214.35,214.7,214.22,214.25,388217
7370,2023-08-02 14:15:00,214.3,214.57,214.2,214.45,610669
7371,2023-08-02 14:45:00,214.45,215.2,214.43,215.2,1175408
7372,2023-08-02 15:15:00,215.2,215.3,215.0,215.1,738881
7373,2023-08-03 09:15:00,214.99,215.2,214.43,214.9,558364
7374,2023-08-03 09:45:00,214.9,215.15,214.75,214.75,318762
7375,2023-08-03 10:15:00,214.75,214.85,214.6,214.7,191610
7376,2023-08-03 10:45:00,214.7,215.0,214.65,214.94,192399
7377,2023-08-03 11:15:00,214.94,214.94,214.65,214.69,301187
7378,2023-08-03 11:45:00,214.69,214.7,214.5,214.52,147094
7379,2023-08-03 12:15:00,214.51,214.51,213.85,213.95,457489
7380,2023-08-03 12:45:00,213.9,213.9,213.3,213.48,357497
7381,2023-08-03 13:15:00,213.47,213.56,213.17,213.22,266643
7382,2023-08-03 13:45:00,213.21,213.36,212.84,212.97,607666
7383,2023-08-03 14:15:00,212.97,213.44,212.88,213.08,400212
7384,2023-08-03 14:45:00,213.0,213.6,212.9,213.58,506273
7385,2023-08-03 15:15:00,213.58,213.79,213.55,213.56,425375
7386,2023-08-04 09:15:00,214.7,214.74,214.12,214.13,243793
7387,2023-08-04 09:45:00,214.12,214.62,214.0,214.59,232046
7388,2023-08-04 10:15:00,214.6,214.69,214.23,214.5,155668
7389,2023-08-04 10:45:00,214.5,214.64,214.34,214.63,94891
7390,2023-08-04 11:15:00,214.53,214.95,214.53,214.91,123949
7391,2023-08-04 11:45:00,214.86,215.1,214.75,215.0,113713
7392,2023-08-04 12:15:00,215.0,215.2,214.65,214.88,75022
7393,2023-08-04 12:45:00,214.88,215.1,214.82,214.95,43149
7394,2023-08-04 13:15:00,214.98,215.09,214.44,214.7,53243
7395,2023-08-04 13:45:00,214.7,214.7,214.33,214.54,79359
7396,2023-08-04 14:15:00,214.6,215.0,214.5,214.82,67976
7397,2023-08-04 14:45:00,214.9,215.18,214.75,215.18,142805
7398,2023-08-04 15:15:00,215.1,215.15,214.96,215.04,102835
7399,2023-08-07 09:15:00,215.58,215.63,215.11,215.5,336209
7400,2023-08-07 09:45:00,215.5,215.56,215.3,215.5,115154
7401,2023-08-07 10:15:00,215.56,215.81,215.51,215.8,123116
7402,2023-08-07 10:45:00,215.8,215.8,215.35,215.43,138407
7403,2023-08-07 11:15:00,215.44,215.64,215.3,215.5,322383
7404,2023-08-07 11:45:00,215.41,215.55,215.37,215.45,133567
7405,2023-08-07 12:15:00,215.45,215.63,215.37,215.61,124119
7406,2023-08-07 12:45:00,215.61,216.0,215.61,215.92,292373
7407,2023-08-07 13:15:00,215.9,216.1,215.81,216.09,127906
7408,2023-08-07 13:45:00,216.09,216.09,215.8,215.81,127787
7409,2023-08-07 14:15:00,215.85,216.0,215.8,215.9,147108
7410,2023-08-07 14:45:00,215.9,216.04,215.8,215.95,134926
7411,2023-08-07 15:15:00,215.98,216.1,215.81,215.95,98731
7412,2023-08-08 09:15:00,216.69,216.69,215.77,215.97,198633
7413,2023-08-08 09:45:00,215.97,216.12,215.76,216.01,99696
7414,2023-08-08 10:15:00,216.0,216.15,215.9,216.0,45591
7415,2023-08-08 10:45:00,216.0,216.0,215.7,215.71,170763
7416,2023-08-08 11:15:00,215.67,215.68,215.38,215.5,132624
7417,2023-08-08 11:45:00,215.5,215.78,215.42,215.75,58460
7418,2023-08-08 12:15:00,215.75,215.85,215.52,215.65,75511
7419,2023-08-08 12:45:00,215.55,215.8,215.52,215.75,53860
7420,2023-08-08 13:15:00,215.75,215.95,215.71,215.83,225563
7421,2023-08-08 13:45:00,215.83,215.9,215.71,215.89,227846
7422,2023-08-08 14:15:00,215.89,216.08,215.76,215.8,436433
7423,2023-08-08 14:45:00,215.8,215.89,215.6,215.8,189282
7424,2023-08-08 15:15:00,215.75,215.88,215.7,215.79,73150
7425,2023-08-09 09:15:00,216.0,216.0,215.2,215.25,232025
7426,2023-08-09 09:45:00,215.25,215.33,215.1,215.2,106781
7427,2023-08-09 10:15:00,215.21,215.28,214.8,215.05,335787
7428,2023-08-09 10:45:00,215.05,215.1,214.86,214.97,363375
7429,2023-08-09 11:15:00,214.97,215.1,214.89,215.07,126310
7430,2023-08-09 11:45:00,215.07,215.1,214.9,215.04,112009
7431,2023-08-09 12:15:00,215.0,215.21,214.92,215.03,63233
7432,2023-08-09 12:45:00,215.07,215.22,215.05,215.15,59956
7433,2023-08-09 13:15:00,215.15,215.24,215.05,215.23,40275
7434,2023-08-09 13:45:00,215.23,215.42,215.17,215.32,44721
7435,2023-08-09 14:15:00,215.32,215.95,215.31,215.95,148568
7436,2023-08-09 14:45:00,215.95,216.51,215.85,216.5,236015
7437,2023-08-09 15:15:00,216.51,216.65,216.49,216.49,147099
7438,2023-08-10 09:15:00,216.48,216.48,215.75,216.13,150402
7439,2023-08-10 09:45:00,216.09,216.5,215.95,216.37,118743
7440,2023-08-10 10:15:00,216.37,216.37,215.11,215.22,416829
7441,2023-08-10 10:45:00,215.22,215.78,215.21,215.61,205345
7442,2023-08-10 11:15:00,215.6,215.65,215.5,215.65,83347
7443,2023-08-10 11:45:00,215.68,216.0,215.42,215.47,179463
7444,2023-08-10 12:15:00,215.47,215.63,215.32,215.61,79183
7445,2023-08-10 12:45:00,215.61,215.75,215.54,215.75,64818
7446,2023-08-10 13:15:00,215.74,215.84,215.33,215.37,179592
7447,2023-08-10 13:45:00,215.42,215.5,215.02,215.49,207824
7448,2023-08-10 14:15:00,215.48,215.58,215.29,215.44,81890
7449,2023-08-10 14:45:00,215.32,215.5,215.15,215.39,203697
7450,2023-08-10 15:15:00,215.39,215.5,215.28,215.33,122509
7451,2023-08-11 09:15:00,215.5,215.5,214.58,214.71,323801
7452,2023-08-11 09:45:00,214.73,214.88,214.5,214.63,250598
7453,2023-08-11 10:15:00,214.63,214.8,214.55,214.76,92353
7454,2023-08-11 10:45:00,214.76,214.8,214.4,214.54,191397
7455,2023-08-11 11:15:00,214.54,214.75,214.5,214.58,126962
7456,2023-08-11 11:45:00,214.59,214.7,214.45,214.66,94402
7457,2023-08-11 12:15:00,214.66,214.7,214.55,214.68,58804
7458,2023-08-11 12:45:00,214.68,214.99,214.5,214.95,178045
7459,2023-08-11 13:15:00,214.95,214.98,214.55,214.67,56149
7460,2023-08-11 13:45:00,214.67,214.9,214.6,214.74,155144
7461,2023-08-11 14:15:00,214.74,214.98,214.65,214.65,130420
7462,2023-08-11 14:45:00,214.65,214.85,214.25,214.32,319205
7463,2023-08-11 15:15:00,214.33,214.53,214.25,214.4,400281
7464,2023-08-14 09:15:00,214.58,214.58,212.7,213.05,695224
7465,2023-08-14 09:45:00,213.05,213.33,212.85,213.27,337549
7466,2023-08-14 10:15:00,213.28,213.33,213.07,213.17,187384
7467,2023-08-14 10:45:00,213.17,213.29,213.08,213.25,156233
7468,2023-08-14 11:15:00,213.24,213.66,213.16,213.64,107866
7469,2023-08-14 11:45:00,213.64,213.8,213.5,213.77,158490
7470,2023-08-14 12:15:00,213.75,213.95,213.61,213.62,227051
7471,2023-08-14 12:45:00,213.62,213.74,213.45,213.66,169647
7472,2023-08-14 13:15:00,213.64,214.08,213.49,213.92,105576
7473,2023-08-14 13:45:00,213.99,214.2,213.92,214.12,240491
7474,2023-08-14 14:15:00,214.12,214.43,214.03,214.25,121897
7475,2023-08-14 14:45:00,214.47,214.82,214.45,214.45,205057
7476,2023-08-14 15:15:00,214.45,214.54,214.21,214.51,143912
7477,2023-08-16 09:15:00,213.82,213.82,213.15,213.66,242182
7478,2023-08-16 09:45:00,213.78,213.8,213.61,213.8,148873
7479,2023-08-16 10:15:00,213.8,214.0,213.72,213.9,192319
7480,2023-08-16 10:45:00,213.9,214.0,213.61,213.84,108731
7481,2023-08-16 11:15:00,213.83,214.0,213.6,213.71,71886
7482,2023-08-16 11:45:00,213.7,214.0,213.5,213.86,138110
7483,2023-08-16 12:15:00,213.86,214.19,213.86,214.15,53539
7484,2023-08-16 12:45:00,214.15,214.39,214.06,214.39,92786
7485,2023-08-16 13:15:00,214.4,214.49,214.12,214.35,82900
7486,2023-08-16 13:45:00,214.35,214.35,214.09,214.25,46997
7487,2023-08-16 14:15:00,214.25,214.57,214.2,214.45,153533
7488,2023-08-16 14:45:00,214.48,214.73,214.2,214.6,118173
7489,2023-08-16 15:15:00,214.6,214.75,214.4,214.57,142553
7490,2023-08-17 09:15:00,214.41,214.5,213.93,214.16,165424
7491,2023-08-17 09:45:00,214.11,214.22,213.93,214.17,90073
7492,2023-08-17 10:15:00,214.2,214.25,214.01,214.21,72779
7493,2023-08-17 10:45:00,214.15,214.28,214.1,214.16,40282
7494,2023-08-17 11:15:00,214.15,214.16,213.7,213.88,109127
7495,2023-08-17 11:45:00,213.88,213.94,213.55,213.66,145969
7496,2023-08-17 12:15:00,213.73,213.75,213.52,213.57,147224
7497,2023-08-17 12:45:00,213.54,213.66,213.35,213.41,189772
7498,2023-08-17 13:15:00,213.4,213.7,213.37,213.7,87918
7499,2023-08-17 13:45:00,213.7,213.75,213.5,213.7,104231
7500,2023-08-17 14:15:00,213.7,213.89,213.47,213.85,108357
7501,2023-08-17 14:45:00,213.86,213.95,213.66,213.73,134488
7502,2023-08-17 15:15:00,213.72,213.74,213.52,213.7,166984
7503,2023-08-18 09:15:00,213.0,213.3,212.8,212.89,409420
7504,2023-08-18 09:45:00,212.9,212.93,212.61,212.7,248983
7505,2023-08-18 10:15:00,212.7,212.87,212.65,212.67,167671
7506,2023-08-18 10:45:00,212.68,212.85,212.56,212.76,261331
7507,2023-08-18 11:15:00,212.82,213.0,212.76,213.0,74503
7508,2023-08-18 11:45:00,213.0,213.18,212.97,213.11,73322
7509,2023-08-18 12:15:00,213.11,213.11,212.8,213.03,143731
7510,2023-08-18 12:45:00,213.03,213.05,212.72,212.76,242800
7511,2023-08-18 13:15:00,212.76,212.86,212.63,212.68,161645
7512,2023-08-18 13:45:00,212.68,213.45,212.68,213.45,120800
7513,2023-08-18 14:15:00,213.44,213.5,213.26,213.38,214267
7514,2023-08-18 14:45:00,213.39,213.4,213.0,213.09,145792
7515,2023-08-18 15:15:00,213.0,213.09,212.85,213.0,210640
7516,2023-08-21 09:15:00,213.26,213.97,213.07,213.55,212734
7517,2023-08-21 09:45:00,213.6,213.6,213.21,213.29,136059
7518,2023-08-21 10:15:00,213.29,213.5,213.2,213.47,115654
7519,2023-08-21 10:45:00,213.45,213.5,213.38,213.5,85452
7520,2023-08-21 11:15:00,213.5,213.6,213.38,213.5,88552
7521,2023-08-21 11:45:00,213.5,213.73,213.42,213.45,199488
7522,2023-08-21 12:15:00,213.45,213.52,213.38,213.52,603336
7523,2023-08-21 12:45:00,213.52,213.6,213.5,213.55,223506
7524,2023-08-21 13:15:00,213.55,213.59,213.45,213.46,222352
7525,2023-08-21 13:45:00,213.52,213.55,213.4,213.4,454741
7526,2023-08-21 14:15:00,213.45,213.55,213.4,213.43,66946
7527,2023-08-21 14:45:00,213.43,213.7,213.4,213.45,478211
7528,2023-08-21 15:15:00,213.4,213.5,213.25,213.5,67238
7529,2023-08-22 09:15:00,213.98,213.98,213.4,213.93,162306
7530,2023-08-22 09:45:00,213.9,213.93,213.35,213.6,135960
7531,2023-08-22 10:15:00,213.6,213.6,213.5,213.54,118215
7532,2023-08-22 10:45:00,213.54,213.55,213.5,213.54,39800
7533,2023-08-22 11:15:00,213.54,213.6,213.5,213.6,58723
7534,2023-08-22 11:45:00,213.6,213.73,213.54,213.72,266943
7535,2023-08-22 12:15:00,213.74,213.74,213.4,213.41,129434
7536,2023-08-22 12:45:00,213.41,213.6,213.4,213.55,228733
7537,2023-08-22 13:15:00,213.55,213.68,213.44,213.53,196965
7538,2023-08-22 13:45:00,213.63,213.68,213.4,213.4,248078
7539,2023-08-22 14:15:00,213.4,213.55,213.4,213.45,70564
7540,2023-08-22 14:45:00,213.45,213.55,213.3,213.4,200123
7541,2023-08-22 15:15:00,213.37,213.58,213.25,213.43,115466
7542,2023-08-23 09:15:00,214.0,214.0,213.29,213.51,121708
7543,2023-08-23 09:45:00,213.51,213.62,213.2,213.44,115227
7544,2023-08-23 10:15:00,213.44,213.54,213.24,213.48,77541
7545,2023-08-23 10:45:00,213.42,213.75,213.42,213.69,48705
7546,2023-08-23 11:15:00,213.69,214.0,213.55,213.94,69035
7547,2023-08-23 11:45:00,213.94,214.0,213.81,213.83,50547
7548,2023-08-23 12:15:00,213.92,214.14,213.78,214.0,40096
7549,2023-08-23 12:45:00,214.0,214.23,213.93,213.95,42122
7550,2023-08-23 13:15:00,213.95,214.18,213.9,214.09,41028
7551,2023-08-23 13:45:00,214.09,214.35,213.95,214.29,73837
7552,2023-08-23 14:15:00,214.29,214.44,214.1,214.27,130951
7553,2023-08-23 14:45:00,214.35,214.49,214.09,214.45,579612
7554,2023-08-23 15:15:00,214.36,214.75,214.2,214.37,149043
7555,2023-08-24 09:15:00,215.38,215.73,214.85,215.71,359851
7556,2023-08-24 09:45:00,215.71,215.71,215.4,215.52,156113
7557,2023-08-24 10:15:00,215.5,215.6,215.27,215.38,171300
7558,2023-08-24 10:45:00,215.37,215.43,214.87,215.02,163050
7559,2023-08-24 11:15:00,214.9,215.13,214.73,215.13,104786
7560,2023-08-24 11:45:00,215.13,215.16,214.57,214.82,137514
7561,2023-08-24 12:15:00,214.82,215.02,214.61,214.88,114076
7562,2023-08-24 12:45:00,214.88,215.02,214.41,214.55,215718
7563,2023-08-24 13:15:00,214.5,214.55,214.04,214.18,215835
7564,2023-08-24 13:45:00,214.18,214.2,214.11,214.2,125493
7565,2023-08-24 14:15:00,214.16,214.29,214.1,214.27,197539
7566,2023-08-24 14:45:00,214.29,214.35,213.7,213.73,346065
7567,2023-08-24 15:15:00,213.7,213.77,213.4,213.77,216116
7568,2023-08-25 09:15:00,212.91,213.4,212.36,213.17,393285
7569,2023-08-25 09:45:00,213.15,213.48,213.0,213.13,125501
7570,2023-08-25 10:15:00,213.13,213.13,212.39,212.67,378332
7571,2023-08-25 10:45:00,212.65,212.89,212.5,212.77,156208
7572,2023-08-25 11:15:00,212.64,213.03,212.52,213.02,167941
7573,2023-08-25 11:45:00,213.02,213.12,212.6,212.6,95044
7574,2023-08-25 12:15:00,212.67,212.92,212.51,212.78,78322
7575,2023-08-25 12:45:00,212.8,212.95,212.6,212.75,100235
7576,2023-08-25 13:15:00,212.78,213.0,212.72,213.0,63733
7577,2023-08-25 13:45:00,213.0,213.09,212.85,212.89,34017
7578,2023-08-25 14:15:00,212.85,212.89,212.56,212.7,482067
7579,2023-08-25 14:45:00,212.7,213.08,212.67,212.78,206764
7580,2023-08-25 15:15:00,212.83,213.49,212.51,212.76,358315
7581,2023-08-28 09:15:00,212.77,213.49,212.51,213.09,306442
7582,2023-08-28 09:45:00,213.09,213.31,212.77,213.08,131355
7583,2023-08-28 10:15:00,213.08,213.3,212.9,213.12,118593
7584,2023-08-28 10:45:00,213.24,213.37,213.03,213.33,116351
7585,2023-08-28 11:15:00,213.3,213.45,213.11,213.3,56108
7586,2023-08-28 11:45:00,213.29,213.33,213.13,213.23,48582
7587,2023-08-28 12:15:00,213.23,213.39,213.15,213.3,105216
7588,2023-08-28 12:45:00,213.3,213.4,213.21,213.3,101030
7589,2023-08-28 13:15:00,213.3,213.47,213.21,213.45,77429
7590,2023-08-28 13:45:00,213.45,213.61,213.1,213.34,91373
7591,2023-08-28 14:15:00,213.34,213.35,212.95,213.09,120889
7592,2023-08-28 14:45:00,213.02,213.29,212.79,212.84,136552
7593,2023-08-28 15:15:00,212.84,213.09,212.72,212.87,134488
7594,2023-08-29 09:15:00,213.61,213.61,213.02,213.32,112790
7595,2023-08-29 09:45:00,213.32,213.38,213.15,213.29,58474
7596,2023-08-29 10:15:00,213.18,213.29,213.01,213.19,49467
7597,2023-08-29 10:45:00,213.19,213.2,212.95,212.95,126048
7598,2023-08-29 11:15:00,212.94,213.18,212.8,213.1,128538
7599,2023-08-29 11:45:00,213.17,213.21,213.0,213.19,59169
7600,2023-08-29 12:15:00,213.19,213.34,213.07,213.25,85884
7601,2023-08-29 12:45:00,213.25,213.4,213.1,213.26,228206
7602,2023-08-29 13:15:00,213.26,213.37,213.08,213.3,45098
7603,2023-08-29 13:45:00,213.3,213.3,213.05,213.09,41187
7604,2023-08-29 14:15:00,213.09,213.09,212.85,213.0,120631
7605,2023-08-29 14:45:00,213.02,213.18,212.9,213.12,122707
7606,2023-08-29 15:15:00,213.12,213.37,213.02,213.16,125545
7607,2023-08-30 09:15:00,213.85,214.13,213.66,213.94,165989
7608,2023-08-30 09:45:00,213.94,214.1,213.89,214.08,112584
7609,2023-08-30 10:15:00,214.08,214.12,214.01,214.06,55603
7610,2023-08-30 10:45:00,214.06,214.15,214.01,214.13,71918
7611,2023-08-30 11:15:00,214.13,214.21,214.08,214.15,58304
7612,2023-08-30 11:45:00,214.1,214.21,214.05,214.17,90080
7613,2023-08-30 12:15:00,214.17,214.25,214.03,214.17,44118
7614,2023-08-30 12:45:00,214.17,214.18,214.01,214.13,49805
7615,2023-08-30 13:15:00,214.13,214.19,214.01,214.05,46503
7616,2023-08-30 13:45:00,214.02,214.14,213.83,213.86,80091
7617,2023-08-30 14:15:00,213.97,213.97,213.52,213.6,152388
7618,2023-08-30 14:45:00,213.55,213.73,213.25,213.45,337206
7619,2023-08-30 15:15:00,213.45,213.75,213.4,213.54,310090
7620,2023-08-31 09:15:00,213.62,213.75,213.28,213.66,199479
7621,2023-08-31 09:45:00,213.7,213.98,213.56,213.71,86989
7622,2023-08-31 10:15:00,213.58,213.78,213.38,213.45,71467
7623,2023-08-31 10:45:00,213.45,213.49,213.2,213.38,62257
7624,2023-08-31 11:15:00,213.38,213.5,213.12,213.47,61000
7625,2023-08-31 11:45:00,213.47,213.47,213.21,213.26,93113
7626,2023-08-31 12:15:00,213.21,213.34,213.1,213.25,64161
7627,2023-08-31 12:45:00,213.25,213.34,213.08,213.08,213578
7628,2023-08-31 13:15:00,213.08,213.39,213.01,213.29,140996
7629,2023-08-31 13:45:00,213.35,213.39,213.01,213.07,355233
7630,2023-08-31 14:15:00,213.06,213.1,212.82,212.85,331170
7631,2023-08-31 14:45:00,212.85,213.0,212.6,212.95,575519
7632,2023-08-31 15:15:00,213.0,213.2,212.61,212.77,562111
7633,2023-09-01 09:15:00,212.47,213.2,212.4,213.19,309995
7634,2023-09-01 09:45:00,213.19,213.3,212.9,213.02,110957
7635,2023-09-01 10:15:00,213.12,213.5,213.1,213.32,90343
7636,2023-09-01 10:45:00,213.33,213.5,213.17,213.4,96405
7637,2023-09-01 11:15:00,213.4,213.6,213.33,213.53,102992
7638,2023-09-01 11:45:00,213.52,213.59,213.37,213.5,66115
7639,2023-09-01 12:15:00,213.5,213.74,213.36,213.74,66348
7640,2023-09-01 12:45:00,213.73,214.0,213.62,213.95,80221
7641,2023-09-01 13:15:00,213.95,214.0,213.85,213.87,78618
7642,2023-09-01 13:45:00,213.9,214.18,213.86,214.16,138480
7643,2023-09-01 14:15:00,214.16,214.29,214.05,214.28,102649
7644,2023-09-01 14:45:00,214.28,214.47,214.21,214.25,376736
7645,2023-09-01 15:15:00,214.3,214.45,214.19,214.27,295187
7646,2023-09-04 09:15:00,215.35,215.35,214.84,214.96,451513
7647,2023-09-04 09:45:00,214.96,215.01,214.78,214.85,304600
7648,2023-09-04 10:15:00,214.85,214.86,214.58,214.76,147466
7649,2023-09-04 10:45:00,214.73,214.94,214.55,214.94,160429
7650,2023-09-04 11:15:00,214.94,215.0,214.8,215.0,74295
7651,2023-09-04 11:45:00,215.0,215.15,214.9,215.05,96599
7652,2023-09-04 12:15:00,215.02,215.3,215.02,215.3,78963
7653,2023-09-04 12:45:00,215.18,215.5,215.08,215.45,91364
7654,2023-09-04 13:15:00,215.44,215.5,215.28,215.49,81965
7655,2023-09-04 13:45:00,215.49,215.54,215.25,215.47,102048
7656,2023-09-04 14:15:00,215.48,215.5,215.29,215.5,96193
7657,2023-09-04 14:45:00,215.5,215.65,215.49,215.53,141637
7658,2023-09-04 15:15:00,215.53,215.7,215.42,215.59,89398
7659,2023-09-05 09:15:00,215.93,215.95,215.65,215.9,197177
7660,2023-09-05 09:45:00,215.9,216.0,215.8,215.98,137990
7661,2023-09-05 10:15:00,215.98,216.0,215.65,215.7,235302
7662,2023-09-05 10:45:00,215.75,215.92,215.62,215.77,143177
7663,2023-09-05 11:15:00,215.77,216.09,215.72,216.03,151679
7664,2023-09-05 11:45:00,216.02,216.1,215.9,216.0,161230
7665,2023-09-05 12:15:00,216.0,216.0,215.66,215.72,39442
7666,2023-09-05 12:45:00,215.67,215.84,215.51,215.8,64052
7667,2023-09-05 13:15:00,215.75,215.8,215.5,215.62,52126
7668,2023-09-05 13:45:00,215.7,215.89,215.62,215.83,74250
7669,2023-09-05 14:15:00,215.71,215.97,215.7,215.83,333974
7670,2023-09-05 14:45:00,215.7,215.98,215.7,215.85,538432
7671,2023-09-05 15:15:00,215.85,216.0,215.8,215.84,192966
7672,2023-09-06 09:15:00,216.02,216.02,215.56,215.99,268330
7673,2023-09-06 09:45:00,215.99,216.05,215.8,215.88,318578
7674,2023-09-06 10:15:00,215.92,216.1,215.83,216.0,201553
7675,2023-09-06 10:45:00,216.0,216.09,215.82,216.02,222510
7676,2023-09-06 11:15:00,215.94,216.03,215.75,215.76,204683
7677,2023-09-06 11:45:00,215.71,215.93,215.58,215.92,171591
7678,2023-09-06 12:15:00,215.85,215.92,215.28,215.48,231014
7679,2023-09-06 12:45:00,215.48,215.48,215.25,215.47,182314
7680,2023-09-06 13:15:00,215.35,215.54,215.25,215.47,68587
7681,2023-09-06 13:45:00,215.47,215.54,215.13,215.29,85482
7682,2023-09-06 14:15:00,215.29,215.65,215.14,215.63,71568
7683,2023-09-06 14:45:00,215.63,216.25,215.55,216.25,324468
7684,2023-09-06 15:15:00,216.25,216.41,216.2,216.22,154825
7685,2023-09-07 09:15:00,216.22,216.24,215.58,215.69,147110
7686,2023-09-07 09:45:00,215.69,216.09,215.61,216.0,112856
7687,2023-09-07 10:15:00,216.1,216.19,215.9,216.11,52236
7688,2023-09-07 10:45:00,216.08,216.4,216.06,216.39,93762
7689,2023-09-07 11:15:00,216.39,216.49,216.25,216.33,334667
7690,2023-09-07 11:45:00,216.3,216.48,216.25,216.44,57546
7691,2023-09-07 12:15:00,216.44,216.45,216.25,216.4,32584
7692,2023-09-07 12:45:00,216.4,216.48,216.25,216.4,76908
7693,2023-09-07 13:15:00,216.4,216.7,216.39,216.65,54773
7694,2023-09-07 13:45:00,216.7,216.78,216.56,216.78,92951
7695,2023-09-07 14:15:00,216.78,217.49,216.74,217.41,274896
7696,2023-09-07 14:45:00,217.45,217.45,217.13,217.32,227527
7697,2023-09-08 14:45:00,218.45,218.55,218.25,218.4,106241
7698,2023-09-08 15:15:00,218.4,218.52,218.33,218.41,174342
7699,2023-09-11 09:15:00,218.74,219.4,218.74,219.24,308799
7700,2023-09-11 09:45:00,219.25,219.55,219.03,219.51,230410
7701,2023-09-11 10:15:00,219.51,219.6,219.4,219.6,162596
7702,2023-09-11 10:45:00,219.57,219.63,219.45,219.55,117493
7703,2023-09-11 11:15:00,219.54,219.7,219.5,219.62,127502
7704,2023-09-11 11:45:00,219.62,219.7,219.51,219.69,71889
7705,2023-09-11 12:15:00,219.69,219.9,219.56,219.75,215941
7706,2023-09-11 12:45:00,219.88,219.88,219.65,219.73,92008
7707,2023-09-11 13:15:00,219.75,219.88,219.7,219.75,72297
7708,2023-09-11 13:45:00,219.75,220.0,219.6,219.81,326359
7709,2023-09-11 14:15:00,219.94,220.16,219.83,220.16,404522
7710,2023-09-11 14:45:00,220.1,220.42,220.03,220.33,451666
7711,2023-09-11 15:15:00,220.35,220.5,220.28,220.38,270239
7712,2023-09-12 09:15:00,221.05,221.44,220.41,220.8,489771
7713,2023-09-12 09:45:00,220.66,220.76,219.4,220.22,490947
7714,2023-09-12 10:15:00,220.17,220.18,219.63,219.99,181097
7715,2023-09-12 10:45:00,219.99,220.4,219.91,220.35,94446
7716,2023-09-12 11:15:00,220.39,220.69,220.35,220.68,103116
7717,2023-09-12 11:45:00,220.68,220.89,220.51,220.59,143724
7718,2023-09-12 12:15:00,220.59,220.59,219.81,219.94,141282
7719,2023-09-12 12:45:00,219.94,220.27,219.78,220.19,113891
7720,2023-09-12 13:15:00,220.12,220.49,220.08,220.29,202093
7721,2023-09-12 13:45:00,220.29,220.53,220.15,220.5,67978
7722,2023-09-12 14:15:00,220.5,220.57,220.36,220.5,101315
7723,2023-09-12 14:45:00,220.45,220.52,220.1,220.24,104426
7724,2023-09-12 15:15:00,220.25,220.34,220.08,220.19,186497
7725,2023-09-13 09:15:00,220.21,220.48,219.76,220.09,166300
7726,2023-09-13 09:45:00,220.09,220.45,220.09,220.35,121496
7727,2023-09-13 10:15:00,220.37,220.47,220.01,220.4,152632
7728,2023-09-13 10:45:00,220.4,220.66,220.34,220.65,163835
7729,2023-09-13 11:15:00,220.64,221.05,220.52,221.05,345646
7730,2023-09-13 11:45:00,220.9,221.15,220.89,221.14,237710
7731,2023-09-13 12:15:00,221.1,221.45,220.98,221.45,562314
7732,2023-09-13 12:45:00,221.45,221.79,221.26,221.65,496072
7733,2023-09-13 13:15:00,221.65,221.8,221.35,221.35,102505
7734,2023-09-13 13:45:00,221.42,221.71,221.29,221.43,96740
7735,2023-09-13 14:15:00,221.43,221.7,221.42,221.64,94449
7736,2023-09-13 14:45:00,221.64,221.66,221.42,221.47,131463
7737,2023-09-13 15:15:00,221.48,221.5,221.25,221.43,93691
7738,2023-09-14 09:15:00,221.93,222.33,221.69,222.24,632613
7739,2023-09-14 09:45:00,222.25,222.29,221.81,221.82,366805
7740,2023-09-14 10:15:00,221.83,221.88,221.45,221.68,331909
7741,2023-09-14 10:45:00,221.62,221.9,221.48,221.6,164159
7742,2023-09-14 11:15:00,221.6,221.75,221.56,221.65,180285
7743,2023-09-14 11:45:00,221.66,221.79,221.56,221.7,92842
7744,2023-09-14 12:15:00,221.74,221.85,221.38,221.69,293861
7745,2023-09-14 12:45:00,221.69,221.69,221.12,221.36,1238516
7746,2023-09-14 13:15:00,221.4,221.5,221.17,221.24,63825
7747,2023-09-14 13:45:00,221.18,221.33,221.0,221.14,96664
7748,2023-09-14 14:15:00,221.14,221.35,221.1,221.23,77514
7749,2023-09-14 14:45:00,221.23,221.69,221.23,221.46,301346
7750,2023-09-14 15:15:00,221.54,221.64,221.43,221.53,142784
7751,2023-09-15 09:15:00,221.99,222.25,221.99,222.17,273346
7752,2023-09-15 09:45:00,222.17,222.3,222.01,222.28,160426
7753,2023-09-15 10:15:00,222.3,222.3,222.06,222.16,152390
7754,2023-09-15 10:45:00,222.18,222.45,222.1,222.43,122328
7755,2023-09-15 11:15:00,222.43,222.5,222.31,222.38,121180
7756,2023-09-15 11:45:00,222.45,222.57,222.38,222.55,161860
7757,2023-09-15 12:15:00,222.55,222.58,222.18,222.3,359456
7758,2023-09-15 12:45:00,222.41,222.41,222.17,222.25,104415
7759,2023-09-15 13:15:00,222.25,222.46,222.24,222.26,119823
7760,2023-09-15 13:45:00,222.3,222.46,222.25,222.41,153713
7761,2023-09-15 14:15:00,222.45,222.75,222.44,222.72,218345
7762,2023-09-15 14:45:00,222.72,222.8,222.5,222.59,283018
7763,2023-09-15 15:15:00,222.59,222.63,222.25,222.57,132994
7764,2023-09-18 09:15:00,222.21,222.42,221.75,222.35,268922
7765,2023-09-18 09:45:00,222.38,222.41,222.11,222.31,170108
7766,2023-09-18 10:15:00,222.31,222.45,222.11,222.11,518558
7767,2023-09-18 10:45:00,222.2,222.29,222.01,222.19,88912
7768,2023-09-18 11:15:00,222.19,222.54,222.1,222.52,93886
7769,2023-09-18 11:45:00,222.5,222.57,222.32,222.44,109214
7770,2023-09-18 12:15:00,222.32,222.44,222.2,222.37,64311
7771,2023-09-18 12:45:00,222.38,222.41,222.08,222.18,170407
7772,2023-09-18 13:15:00,222.18,222.39,222.18,222.21,253967
7773,2023-09-18 13:45:00,222.21,222.26,222.04,222.1,31017
7774,2023-09-18 14:15:00,222.1,222.25,222.01,222.19,45117
7775,2023-09-18 14:45:00,222.22,222.36,221.8,221.8,366030
7776,2023-09-18 15:15:00,221.89,221.99,221.7,221.92,120607
7777,2023-09-20 09:15:00,220.3,220.94,220.3,220.7,479617
7778,2023-09-20 09:45:00,220.7,220.7,220.12,220.12,203849
7779,2023-09-20 10:15:00,220.2,220.2,220.01,220.19,278982
7780,2023-09-20 10:45:00,220.19,220.2,220.06,220.2,117450
7781,2023-09-20 11:15:00,220.2,220.3,220.02,220.16,100312
7782,2023-09-20 11:45:00,220.12,220.2,219.92,220.14,409072
7783,2023-09-20 12:15:00,220.14,220.15,220.0,220.05,88847
7784,2023-09-20 12:45:00,220.05,220.05,219.95,220.0,126563
7785,2023-09-20 13:15:00,219.95,220.0,219.81,219.81,186515
7786,2023-09-20 13:45:00,219.81,219.85,219.31,219.59,282311
7787,2023-09-20 14:15:00,219.59,219.77,219.4,219.69,525330
7788,2023-09-20 14:45:00,219.68,219.74,219.4,219.59,339047
7789,2023-09-20 15:15:00,219.57,219.77,219.4,219.6,168279
7790,2023-09-21 09:15:00,219.23,219.23,218.25,218.37,264131
7791,2023-09-21 09:45:00,218.38,218.39,217.63,217.8,313462
7792,2023-09-21 10:15:00,217.8,217.97,217.61,217.65,262705
7793,2023-09-21 10:45:00,217.65,217.9,217.56,217.9,272706
7794,2023-09-21 11:15:00,217.9,217.94,217.65,217.74,107792
7795,2023-09-21 11:45:00,217.76,217.92,217.55,217.69,115037
7796,2023-09-21 12:15:00,217.69,217.76,217.55,217.76,106644
7797,2023-09-21 12:45:00,217.75,217.82,217.58,217.65,130352
7798,2023-09-21 13:15:00,217.65,217.85,217.53,217.68,247586
7799,2023-09-21 13:45:00,217.68,217.75,217.55,217.6,87800
7800,2023-09-21 14:15:00,217.59,217.69,217.43,217.64,539215
7801,2023-09-21 14:45:00,217.53,217.67,217.32,217.65,350680
7802,2023-09-21 15:15:00,217.65,217.75,217.58,217.63,242305
7803,2023-09-22 09:15:00,217.49,217.97,217.4,217.6,412669
7804,2023-09-22 09:45:00,217.6,217.68,216.86,216.9,600571
7805,2023-09-22 10:15:00,216.9,217.51,216.81,217.49,840915
7806,2023-09-22 10:45:00,217.5,217.84,217.38,217.8,192731
7807,2023-09-22 11:15:00,217.8,217.83,217.51,217.68,69708
7808,2023-09-22 11:45:00,217.68,218.13,217.5,218.02,101814
7809,2023-09-22 12:15:00,218.02,218.13,217.92,218.13,113552
7810,2023-09-22 12:45:00,218.13,218.13,217.75,217.98,82254
7811,2023-09-22 13:15:00,217.98,218.0,217.02,217.25,125877
7812,2023-09-22 13:45:00,217.2,217.29,216.81,217.12,363497
7813,2023-09-22 14:15:00,217.12,217.28,216.8,217.16,457398
7814,2023-09-22 14:45:00,217.19,217.25,216.7,216.86,508940
7815,2023-09-22 15:15:00,216.8,217.0,216.66,216.81,230476
7816,2023-09-25 09:15:00,218.79,218.79,216.08,216.85,375075
7817,2023-09-25 09:45:00,216.83,216.85,216.25,216.29,260370
7818,2023-09-25 10:15:00,216.29,216.6,216.18,216.5,266113
7819,2023-09-25 10:45:00,216.5,216.59,216.2,216.38,102233
7820,2023-09-25 11:15:00,216.37,216.44,216.11,216.4,154376
7821,2023-09-25 11:45:00,216.4,216.72,216.27,216.6,89189
7822,2023-09-25 12:15:00,216.6,217.44,216.51,217.36,216910
7823,2023-09-25 12:45:00,217.36,217.45,217.06,217.23,69144
7824,2023-09-25 13:15:00,217.23,217.29,217.0,217.25,44049
7825,2023-09-25 13:45:00,217.25,217.26,216.25,216.25,116659
7826,2023-09-25 14:15:00,216.25,216.75,216.11,216.56,86306
7827,2023-09-25 14:45:00,216.56,217.14,216.5,216.97,356071
7828,2023-09-25 15:15:00,216.97,216.97,216.56,216.8,102753
7829,2023-09-26 09:15:00,216.85,216.95,216.51,216.87,149518
7830,2023-09-26 09:45:00,216.87,217.2,216.76,217.08,117880
7831,2023-09-26 10:15:00,217.0,217.09,216.76,216.84,58439
7832,2023-09-26 10:45:00,216.93,216.96,216.67,216.85,84110
7833,2023-09-26 11:15:00,216.85,217.01,216.8,216.87,45663
7834,2023-09-26 11:45:00,216.86,216.98,216.66,216.95,350817
7835,2023-09-26 12:15:00,216.85,217.0,216.6,216.68,54061
7836,2023-09-26 12:45:00,216.65,216.81,216.51,216.79,51016
7837,2023-09-26 13:15:00,216.8,216.96,216.7,216.85,63540
7838,2023-09-26 13:45:00,216.86,216.94,216.7,216.8,74292
7839,2023-09-26 14:15:00,216.8,216.9,216.7,216.83,68417
7840,2023-09-26 14:45:00,216.83,216.86,216.5,216.75,114350
7841,2023-09-26 15:15:00,216.74,216.75,216.5,216.57,95396
7842,2023-09-27 09:15:00,216.26,216.42,215.93,216.0,278554
7843,2023-09-27 09:45:00,216.08,216.21,215.55,215.59,345739
7844,2023-09-27 10:15:00,215.59,215.86,215.56,215.76,203281
7845,2023-09-27 10:45:00,215.81,216.25,215.7,216.25,73420
7846,2023-09-27 11:15:00,216.29,216.6,216.2,216.54,139184
7847,2023-09-27 11:45:00,216.54,216.7,216.42,216.6,96767
7848,2023-09-27 12:15:00,216.59,216.78,216.31,216.5,273449
7849,2023-09-27 12:45:00,216.5,216.88,216.45,216.87,45117
7850,2023-09-27 13:15:00,216.87,217.35,216.8,217.34,204296
7851,2023-09-27 13:45:00,217.34,217.34,217.1,217.14,140023
7852,2023-09-27 14:15:00,217.28,217.38,217.0,217.38,226918
7853,2023-09-27 14:45:00,217.38,217.61,217.38,217.6,133853
7854,2023-09-27 15:15:00,217.6,217.75,217.41,217.56,92298
7855,2023-09-28 09:15:00,217.91,218.0,217.13,217.15,187585
7856,2023-09-28 09:45:00,217.06,217.5,217.0,217.48,541512
7857,2023-09-28 10:15:00,217.44,217.65,217.01,217.1,99257
7858,2023-09-28 10:45:00,217.06,217.25,216.8,216.8,85034
7859,2023-09-28 11:15:00,216.82,216.9,216.47,216.62,157433
7860,2023-09-28 11:45:00,216.65,216.82,216.42,216.6,93277
7861,2023-09-28 12:15:00,216.6,216.63,216.21,216.44,152746
7862,2023-09-28 12:45:00,216.42,216.6,216.25,216.3,103654
7863,2023-09-28 13:15:00,216.32,216.35,216.0,216.31,201972
7864,2023-09-28 13:45:00,216.31,216.31,215.83,215.98,297244
7865,2023-09-28 14:15:00,215.98,216.28,215.8,215.86,724452
7866,2023-09-28 14:45:00,215.86,216.09,215.45,215.53,513393
7867,2023-09-28 15:15:00,215.5,216.18,215.5,215.77,293628
7868,2023-09-29 09:15:00,216.48,216.49,216.01,216.16,265368
7869,2023-09-29 09:45:00,216.19,216.68,216.19,216.52,135632
7870,2023-09-29 10:15:00,216.54,216.64,216.22,216.4,104791
7871,2023-09-29 10:45:00,216.43,216.64,216.2,216.48,77471
7872,2023-09-29 11:15:00,216.63,217.2,216.4,217.19,105728
7873,2023-09-29 11:45:00,217.19,217.27,217.0,217.1,111490
7874,2023-09-29 12:15:00,217.1,217.35,217.01,217.17,126759
7875,2023-09-29 12:45:00,217.17,217.24,216.86,216.96,123799
7876,2023-09-29 13:15:00,216.96,217.35,216.85,216.85,170414
7877,2023-09-29 13:45:00,216.86,217.34,216.77,217.29,464590
7878,2023-09-29 14:15:00,217.28,217.4,217.21,217.35,149770
7879,2023-09-29 14:45:00,217.35,217.35,216.42,216.63,282259
7880,2023-09-29 15:15:00,216.63,217.4,216.55,216.75,141145
7881,2023-10-03 09:15:00,216.85,216.98,215.4,215.6,760022
7882,2023-10-03 09:45:00,215.6,215.64,215.03,215.25,492519
7883,2023-10-03 10:15:00,215.12,215.58,215.12,215.45,764226
7884,2023-10-03 10:45:00,215.45,215.48,215.24,215.3,346821
7885,2023-10-03 11:15:00,215.27,215.6,215.25,215.57,417270
7886,2023-10-03 11:45:00,215.46,215.57,215.3,215.46,290334
7887,2023-10-03 12:15:00,215.45,215.64,215.35,215.53,224545
7888,2023-10-03 12:45:00,215.53,215.69,215.39,215.64,175378
7889,2023-10-03 13:15:00,215.54,215.68,215.41,215.65,176270
7890,2023-10-03 13:45:00,215.65,215.78,215.33,215.35,191601
7891,2023-10-03 14:15:00,215.35,215.66,215.3,215.46,244597
7892,2023-10-03 14:45:00,215.63,215.7,215.47,215.68,135408
7893,2023-10-03 15:15:00,215.66,215.7,215.45,215.57,124596
7894,2023-10-04 09:15:00,214.81,214.81,214.0,214.2,932661
7895,2023-10-04 09:45:00,214.22,214.42,214.14,214.26,618503
7896,2023-10-04 10:15:00,214.27,214.56,214.12,214.35,316954
7897,2023-10-04 10:45:00,214.41,214.53,214.3,214.5,137429
7898,2023-10-04 11:15:00,214.5,214.53,214.2,214.23,497493
7899,2023-10-04 11:45:00,214.23,214.23,213.77,213.95,525132
7900,2023-10-04 12:15:00,213.96,214.04,213.7,213.84,189016
7901,2023-10-04 12:45:00,213.75,213.93,213.55,213.75,238218
7902,2023-10-04 13:15:00,213.75,213.89,213.63,213.75,216285
7903,2023-10-04 13:45:00,213.75,214.07,213.56,213.85,301647
7904,2023-10-04 14:15:00,213.85,214.23,213.83,214.2,350045
7905,2023-10-04 14:45:00,214.2,214.49,214.04,214.45,346166
7906,2023-10-04 15:15:00,214.45,214.63,214.37,214.4,505309
7907,2023-10-05 09:15:00,215.16,215.61,215.09,215.49,227734
7908,2023-10-05 09:45:00,215.49,215.59,215.37,215.56,233287
7909,2023-10-05 10:15:00,215.49,215.59,215.15,215.25,143855
7910,2023-10-05 10:45:00,215.25,215.9,215.2,215.83,241261
7911,2023-10-05 11:15:00,215.89,215.89,215.64,215.72,93478
7912,2023-10-05 11:45:00,215.71,215.79,215.61,215.73,104882
7913,2023-10-05 12:15:00,215.73,215.73,215.51,215.6,68549
7914,2023-10-05 12:45:00,215.6,215.77,215.5,215.5,64895
7915,2023-10-05 13:15:00,215.53,215.79,215.4,215.67,178570
7916,2023-10-05 13:45:00,215.79,215.8,215.51,215.53,109291
7917,2023-10-05 14:15:00,215.6,215.79,215.51,215.73,107795
7918,2023-10-05 14:45:00,215.77,215.79,215.42,215.45,269452
7919,2023-10-05 15:15:00,215.48,215.64,215.35,215.53,155551
7920,2023-10-06 09:15:00,216.29,216.29,215.94,216.0,227931
7921,2023-10-06 09:45:00,216.04,216.13,215.91,216.05,235724
7922,2023-10-06 10:15:00,216.1,216.48,216.0,216.46,137526
7923,2023-10-06 10:45:00,216.46,216.6,216.4,216.57,157325
7924,2023-10-06 11:15:00,216.57,216.57,216.06,216.35,173223
7925,2023-10-06 11:45:00,216.25,216.47,216.2,216.4,83147
7926,2023-10-06 12:15:00,216.38,216.65,216.3,216.53,121182
7927,2023-10-06 12:45:00,216.53,216.75,216.4,216.51,228021
7928,2023-10-06 13:15:00,216.51,216.74,216.42,216.46,345240
7929,2023-10-06 13:45:00,216.55,216.79,216.41,216.74,369423
7930,2023-10-06 14:15:00,216.73,216.79,216.45,216.59,373171
7931,2023-10-06 14:45:00,216.59,216.79,216.46,216.63,377181
7932,2023-10-06 15:15:00,216.64,217.0,216.41,216.62,287522
7933,2023-10-09 09:15:00,215.5,215.78,214.75,215.76,495210
7934,2023-10-09 09:45:00,215.75,216.25,215.7,216.19,396723
7935,2023-10-09 10:15:00,216.18,216.24,215.75,215.91,213295
7936,2023-10-09 10:45:00,215.91,216.2,215.77,215.98,82232
7937,2023-10-09 11:15:00,215.98,216.09,215.85,215.96,79048
7938,2023-10-09 11:45:00,216.08,216.1,215.8,215.85,63870
7939,2023-10-09 12:15:00,215.85,215.85,215.51,215.59,84851
7940,2023-10-09 12:45:00,215.59,215.59,215.21,215.37,206609
7941,2023-10-09 13:15:00,215.25,215.73,215.25,215.63,315511
7942,2023-10-09 13:45:00,215.7,215.7,215.42,215.54,75888
7943,2023-10-09 14:15:00,215.53,215.69,215.31,215.59,53373
7944,2023-10-09 14:45:00,215.5,215.78,215.5,215.52,121964
7945,2023-10-09 15:15:00,215.52,215.52,215.3,215.48,109429
7946,2023-10-10 09:15:00,216.2,216.48,216.15,216.29,179813
7947,2023-10-10 09:45:00,216.3,216.55,216.28,216.52,135813
7948,2023-10-10 10:15:00,216.52,216.69,216.45,216.6,111965
7949,2023-10-10 10:45:00,216.6,216.72,216.42,216.64,93265
7950,2023-10-10 11:15:00,216.64,216.7,216.5,216.69,62979
7951,2023-10-10 11:45:00,216.57,216.9,216.56,216.89,79744
7952,2023-10-10 12:15:00,216.89,216.94,216.72,216.9,118025
7953,2023-10-10 12:45:00,216.9,217.0,216.81,216.99,97810
7954,2023-10-10 13:15:00,216.99,217.2,216.91,217.19,163520
7955,2023-10-10 13:45:00,217.19,217.25,217.1,217.15,113455
7956,2023-10-10 14:15:00,217.15,217.44,217.11,217.29,141974
7957,2023-10-10 14:45:00,217.29,217.31,216.97,217.11,154884
7958,2023-10-10 15:15:00,217.11,217.3,217.05,217.13,154707
7959,2023-10-11 09:15:00,217.8,218.4,217.8,218.28,304130
7960,2023-10-11 09:45:00,218.17,218.5,218.12,218.29,144912
7961,2023-10-11 10:15:00,218.29,218.79,218.21,218.79,291142
7962,2023-10-11 10:45:00,218.79,218.81,218.45,218.6,274204
7963,2023-10-11 11:15:00,218.5,218.79,218.48,218.68,267409
7964,2023-10-11 11:45:00,218.56,218.85,218.51,218.78,241442
7965,2023-10-11 12:15:00,218.78,218.8,218.42,218.58,281356
7966,2023-10-11 12:45:00,218.58,218.85,218.35,218.8,271019
7967,2023-10-11 13:15:00,218.73,218.87,218.55,218.65,172323
7968,2023-10-11 13:45:00,218.65,218.73,218.51,218.73,178058
7969,2023-10-11 14:15:00,218.73,218.93,218.56,218.92,143629
7970,2023-10-11 14:45:00,218.85,218.94,218.71,218.71,111799
7971,2023-10-11 15:15:00,218.71,218.8,218.62,218.76,80413
7972,2023-10-12 09:15:00,219.53,219.53,218.5,218.54,183661
7973,2023-10-12 09:45:00,218.5,218.6,218.3,218.55,144377
7974,2023-10-12 10:15:00,218.51,218.65,218.31,218.65,313205
7975,2023-10-12 10:45:00,218.65,218.8,218.52,218.76,78429
7976,2023-10-12 11:15:00,218.72,218.78,218.54,218.66,56408
7977,2023-10-12 11:45:00,218.66,218.8,218.66,218.76,39992
7978,2023-10-12 12:15:00,218.76,218.8,218.65,218.66,38968
7979,2023-10-12 12:45:00,218.66,218.8,218.65,218.7,64598
7980,2023-10-12 13:15:00,218.65,218.79,218.6,218.77,39956
7981,2023-10-12 13:45:00,218.77,218.78,218.62,218.65,50353
7982,2023-10-12 14:15:00,218.65,218.75,218.4,218.55,114750
7983,2023-10-12 14:45:00,218.55,218.72,218.4,218.72,128305
7984,2023-10-12 15:15:00,218.72,218.73,218.45,218.6,226387
7985,2023-10-13 09:15:00,217.21,217.94,217.15,217.65,589988
7986,2023-10-13 09:45:00,217.65,217.75,217.45,217.53,144826
7987,2023-10-13 10:15:00,217.47,217.56,217.31,217.43,80052
7988,2023-10-13 10:45:00,217.46,217.46,217.18,217.3,96187
7989,2023-10-13 11:15:00,217.3,217.54,217.3,217.5,92283
7990,2023-10-13 11:45:00,217.4,217.54,217.3,217.31,45780
7991,2023-10-13 12:15:00,217.42,217.71,217.31,217.7,110760
7992,2023-10-13 12:45:00,217.7,218.03,217.52,217.85,235849
7993,2023-10-13 13:15:00,217.96,218.21,217.82,218.12,295738
7994,2023-10-13 13:45:00,218.12,218.44,217.98,218.34,140681
7995,2023-10-13 14:15:00,218.4,218.68,218.35,218.43,137244
7996,2023-10-13 14:45:00,218.42,218.42,218.02,218.14,148348
7997,2023-10-13 15:15:00,218.15,218.15,217.91,218.07,105368
7998,2023-10-16 09:15:00,217.89,217.89,217.2,217.65,278008
7999,2023-10-16 09:45:00,217.66,218.07,217.56,218.01,226956
8000,2023-10-16 10:15:00,218.05,218.26,218.01,218.22,191818
8001,2023-10-16 10:45:00,218.22,218.3,217.86,218.08,104154
8002,2023-10-16 11:15:00,218.08,218.28,217.86,218.28,109066
8003,2023-10-16 11:45:00,218.28,218.45,218.16,218.28,86601
8004,2023-10-16 12:15:00,218.28,218.34,218.16,218.25,57665
8005,2023-10-16 12:45:00,218.27,218.4,218.09,218.19,39873
8006,2023-10-16 13:15:00,218.19,218.3,218.0,218.14,37174
8007,2023-10-16 13:45:00,218.26,218.35,218.1,218.2,67060
8008,2023-10-16 14:15:00,218.2,218.35,218.12,218.14,99470
8009,2023-10-16 14:45:00,218.14,218.32,217.91,217.91,96219
8010,2023-10-16 15:15:00,217.91,217.98,217.7,217.9,58417
8011,2023-10-17 09:15:00,218.98,218.98,218.6,218.8,182963
8012,2023-10-17 09:45:00,218.8,218.95,218.75,218.76,83625
8013,2023-10-17 10:15:00,218.88,218.93,218.7,218.93,66769
8014,2023-10-17 10:45:00,218.94,218.95,218.8,218.95,72426
8015,2023-10-17 11:15:00,218.83,218.95,218.7,218.8,83139
8016,2023-10-17 11:45:00,218.8,218.93,218.67,218.76,67675
8017,2023-10-17 12:15:00,218.88,218.9,218.7,218.85,40856
8018,2023-10-17 12:45:00,218.85,218.89,218.72,218.8,47895
8019,2023-10-17 13:15:00,218.8,218.95,218.7,218.84,84209
8020,2023-10-17 13:45:00,218.8,218.84,218.24,218.39,246194
8021,2023-10-17 14:15:00,218.47,218.58,218.35,218.51,73178
8022,2023-10-17 14:45:00,218.55,218.65,218.44,218.63,176652
8023,2023-10-17 15:15:00,218.63,218.69,218.5,218.55,33154
8024,2023-10-18 09:15:00,218.59,218.6,218.25,218.59,94467
8025,2023-10-18 09:45:00,218.53,219.06,218.42,219.0,183791
8026,2023-10-18 10:15:00,219.0,219.04,218.58,218.58,170880
8027,2023-10-18 10:45:00,218.53,218.53,217.8,217.91,139753
8028,2023-10-18 11:15:00,217.82,218.12,217.81,217.94,78153
8029,2023-10-18 11:45:00,217.91,217.94,217.45,217.64,126003
8030,2023-10-18 12:15:00,217.64,217.68,217.3,217.52,119527
8031,2023-10-18 12:45:00,217.52,217.7,217.39,217.7,56920
8032,2023-10-18 13:15:00,217.68,217.71,217.49,217.59,177641
8033,2023-10-18 13:45:00,217.5,217.78,217.5,217.65,36364
8034,2023-10-18 14:15:00,217.74,217.74,217.3,217.4,63086
8035,2023-10-18 14:45:00,217.36,217.5,217.11,217.3,172402
8036,2023-10-18 15:15:00,217.3,217.3,217.0,217.2,337575
8037,2023-10-19 09:15:00,216.49,216.62,215.58,215.84,480224
8038,2023-10-19 09:45:00,215.84,216.4,215.8,216.2,193955
8039,2023-10-19 10:15:00,216.2,216.33,216.01,216.06,220278
8040,2023-10-19 10:45:00,216.06,216.25,216.0,216.22,77152
8041,2023-10-19 11:15:00,216.23,216.74,216.13,216.72,126705
8042,2023-10-19 11:45:00,216.72,216.9,216.54,216.88,106266
8043,2023-10-19 12:15:00,216.89,217.1,216.65,216.97,420645
8044,2023-10-19 12:45:00,216.97,217.14,216.8,216.82,146085
8045,2023-10-19 13:15:00,216.82,217.05,216.66,217.0,53703
8046,2023-10-19 13:45:00,217.0,217.2,216.96,217.01,75117
8047,2023-10-19 14:15:00,217.08,217.08,216.7,216.7,64308
8048,2023-10-19 14:45:00,216.79,216.93,216.6,216.74,117660
8049,2023-10-19 15:15:00,216.74,216.8,216.5,216.67,102207
8050,2023-10-20 09:15:00,216.19,216.4,215.71,216.16,172538
8051,2023-10-20 09:45:00,216.16,216.42,216.0,216.37,346743
8052,2023-10-20 10:15:00,216.35,216.39,216.11,216.23,80563
8053,2023-10-20 10:45:00,216.22,216.33,215.92,216.18,131986
8054,2023-10-20 11:15:00,216.09,216.28,215.94,215.94,134107
8055,2023-10-20 11:45:00,215.92,216.07,215.71,215.91,104655
8056,2023-10-20 12:15:00,215.98,216.01,215.75,215.75,82695
8057,2023-10-20 12:45:00,215.75,215.92,215.7,215.83,82014
8058,2023-10-20 13:15:00,215.83,216.05,215.75,215.85,91390
8059,2023-10-20 13:45:00,215.77,215.85,215.5,215.62,284919
8060,2023-10-20 14:15:00,215.62,215.69,215.22,215.35,398921
8061,2023-10-20 14:45:00,215.39,215.4,215.15,215.29,491381
8062,2023-10-20 15:15:00,215.24,216.01,215.12,215.3,224233
8063,2023-10-23 09:15:00,214.75,215.65,214.75,215.36,286700
8064,2023-10-23 09:45:00,215.25,215.48,215.02,215.07,201227
8065,2023-10-23 10:15:00,215.04,215.07,214.64,214.74,369995
8066,2023-10-23 10:45:00,214.63,215.07,214.56,214.67,474874
8067,2023-10-23 11:15:00,214.67,214.7,214.49,214.5,160214
8068,2023-10-23 11:45:00,214.4,214.76,214.25,214.69,201562
8069,2023-10-23 12:15:00,214.69,214.72,214.45,214.64,125610
8070,2023-10-23 12:45:00,214.64,214.65,214.43,214.51,127621
8071,2023-10-23 13:15:00,214.5,214.58,214.25,214.4,354788
8072,2023-10-23 13:45:00,214.4,214.76,214.38,214.74,135539
8073,2023-10-23 14:15:00,214.72,214.74,214.25,214.27,191847
8074,2023-10-23 14:45:00,214.25,214.27,212.9,212.98,1113439
8075,2023-10-23 15:15:00,212.97,214.15,212.9,213.17,717277
8076,2023-10-25 09:15:00,213.24,214.54,213.15,213.5,962698
8077,2023-10-25 09:45:00,213.5,213.8,212.96,213.45,546404
8078,2023-10-25 10:15:00,213.5,213.59,213.18,213.35,240355
8079,2023-10-25 10:45:00,213.36,213.36,212.93,213.06,279649
8080,2023-10-25 11:15:00,213.1,213.13,212.42,212.42,382317
8081,2023-10-25 11:45:00,212.4,212.87,212.4,212.59,631903
8082,2023-10-25 12:15:00,212.6,212.68,211.79,211.79,536659
8083,2023-10-25 12:45:00,211.75,211.88,211.0,211.1,822432
8084,2023-10-25 13:15:00,211.07,211.67,210.95,211.34,453422
8085,2023-10-25 13:45:00,211.41,211.98,211.2,211.98,280138
8086,2023-10-25 14:15:00,211.98,212.03,211.39,211.7,361489
8087,2023-10-25 14:45:00,211.69,211.94,211.42,211.5,565094
8088,2023-10-25 15:15:00,211.54,211.73,211.2,211.48,554150
8089,2023-10-26 09:15:00,211.28,211.28,209.31,209.4,1738798
8090,2023-10-26 09:45:00,209.37,209.64,209.23,209.29,1233373
8091,2023-10-26 10:15:00,209.23,209.32,208.58,209.0,1401005
8092,2023-10-26 10:45:00,209.02,209.05,208.56,208.6,843803
8093,2023-10-26 11:15:00,208.59,208.86,208.41,208.85,731441
8094,2023-10-26 11:45:00,208.72,208.96,208.5,208.57,748206
8095,2023-10-26 12:15:00,208.57,208.89,208.53,208.71,529420
8096,2023-10-26 12:45:00,208.73,208.95,208.61,208.9,599468
8097,2023-10-26 13:15:00,208.9,209.0,208.4,208.61,854394
8098,2023-10-26 13:45:00,208.62,208.79,208.36,208.76,558645
8099,2023-10-26 14:15:00,208.77,208.83,208.55,208.81,467796
8100,2023-10-26 14:45:00,208.82,209.04,208.58,208.69,775077
8101,2023-10-26 15:15:00,208.69,209.01,208.6,208.74,853173
8102,2023-10-27 09:15:00,209.69,210.87,209.69,209.98,1181788
8103,2023-10-27 09:45:00,209.98,210.4,209.88,209.91,785057
8104,2023-10-27 10:15:00,209.91,210.25,209.71,210.12,311741
8105,2023-10-27 10:45:00,210.12,210.3,210.0,210.2,208758
8106,2023-10-27 11:15:00,210.25,210.48,210.1,210.35,240166
8107,2023-10-27 11:45:00,210.35,210.66,210.3,210.6,150046
8108,2023-10-27 12:15:00,210.6,210.67,210.2,210.43,134783
8109,2023-10-27 12:45:00,210.43,210.5,210.25,210.35,97622
8110,2023-10-27 13:15:00,210.35,210.6,210.31,210.6,126941
8111,2023-10-27 13:45:00,210.6,210.87,210.42,210.61,271073
8112,2023-10-27 14:15:00,210.68,210.85,210.6,210.75,94050
8113,2023-10-27 14:45:00,210.75,210.75,210.49,210.49,277160
8114,2023-10-27 15:15:00,210.49,210.82,210.4,210.57,197498
8115,2023-10-30 09:15:00,210.88,210.88,209.48,209.52,528857
8116,2023-10-30 09:45:00,209.46,210.25,209.42,210.23,300829
8117,2023-10-30 10:15:00,210.19,210.7,210.09,210.5,353750
8118,2023-10-30 10:45:00,210.5,211.04,210.47,210.9,312250
8119,2023-10-30 11:15:00,210.9,211.25,210.8,211.2,115374
8120,2023-10-30 11:45:00,211.2,211.41,211.05,211.16,203507
8121,2023-10-30 12:15:00,211.19,211.31,211.0,211.24,100293
8122,2023-10-30 12:45:00,211.24,211.35,211.0,211.25,363564
8123,2023-10-30 13:15:00,211.25,211.5,211.16,211.22,74971
8124,2023-10-30 13:45:00,211.32,211.4,211.06,211.27,67229
8125,2023-10-30 14:15:00,211.2,211.41,211.11,211.41,71894
8126,2023-10-30 14:45:00,211.4,211.75,211.32,211.6,119022
8127,2023-10-30 15:15:00,211.56,211.8,211.37,211.52,285009
8128,2023-10-31 09:15:00,212.29,212.3,211.27,211.58,658348
8129,2023-10-31 09:45:00,211.59,211.6,211.16,211.2,317346
8130,2023-10-31 10:15:00,211.2,211.35,210.75,210.81,250617
8131,2023-10-31 10:45:00,210.76,211.1,210.74,211.0,107703
8132,2023-10-31 11:15:00,211.0,211.1,210.91,211.0,73114
8133,2023-10-31 11:45:00,211.0,211.0,210.82,210.97,96373
8134,2023-10-31 12:15:00,210.96,211.05,210.86,210.92,162177
8135,2023-10-31 12:45:00,210.92,211.0,210.92,211.0,196207
8136,2023-10-31 13:15:00,211.01,211.29,210.96,211.18,287662
8137,2023-10-31 13:45:00,211.19,211.29,211.01,211.27,51757
8138,2023-10-31 14:15:00,211.27,211.69,211.25,211.45,227418
8139,2023-10-31 14:45:00,211.45,211.6,210.71,211.08,372234
8140,2023-10-31 15:15:00,211.09,211.1,210.85,210.98,137220
8141,2023-11-01 09:15:00,211.41,211.41,210.66,210.95,258642
8142,2023-11-01 09:45:00,210.95,210.95,210.26,210.59,218091
8143,2023-11-01 10:15:00,210.6,210.78,210.42,210.52,158819
8144,2023-11-01 10:45:00,210.54,210.69,210.42,210.52,100622
8145,2023-11-01 11:15:00,210.52,210.6,210.44,210.57,93977
8146,2023-11-01 11:45:00,210.57,210.68,210.5,210.67,72810
8147,2023-11-01 12:15:00,210.64,210.78,210.4,210.51,569929
8148,2023-11-01 12:45:00,210.51,210.53,210.04,210.1,116393
8149,2023-11-01 13:15:00,210.1,210.39,209.87,210.34,338450
8150,2023-11-01 13:45:00,210.34,210.43,210.18,210.28,185370
8151,2023-11-01 14:15:00,210.28,210.3,210.06,210.15,425233
8152,2023-11-01 14:45:00,210.15,210.32,209.9,210.0,226176
8153,2023-11-01 15:15:00,210.01,210.07,209.89,209.99,220156
8154,2023-11-02 09:15:00,211.05,212.0,211.05,211.92,337200
8155,2023-11-02 09:45:00,211.92,211.96,211.51,211.51,332901
8156,2023-11-02 10:15:00,211.52,211.6,211.35,211.51,422977
8157,2023-11-02 10:45:00,211.51,211.6,211.32,211.58,128150
8158,2023-11-02 11:15:00,211.58,211.59,211.1,211.15,171085
8159,2023-11-02 11:45:00,211.13,211.19,210.91,211.03,620578
8160,2023-11-02 12:15:00,211.07,211.31,211.0,211.27,63570
8161,2023-11-02 12:45:00,211.27,211.4,211.2,211.39,59337
8162,2023-11-02 13:15:00,211.39,211.4,211.2,211.39,89861
8163,2023-11-02 13:45:00,211.33,211.65,211.33,211.51,127704
8164,2023-11-02 14:15:00,211.51,211.6,211.33,211.33,346210
8165,2023-11-02 14:45:00,211.4,211.7,211.31,211.49,224395
8166,2023-11-02 15:15:00,211.49,211.99,211.4,211.64,116691
8167,2023-11-03 09:15:00,212.69,212.99,212.33,212.75,504033
8168,2023-11-03 09:45:00,212.84,213.09,212.6,213.03,332810
8169,2023-11-03 10:15:00,213.08,213.1,212.8,212.9,137304
8170,2023-11-03 10:45:00,212.8,213.07,212.8,213.05,218184
8171,2023-11-03 11:15:00,213.05,213.05,212.76,212.92,111761
8172,2023-11-03 11:45:00,212.92,212.94,212.72,212.89,65274
8173,2023-11-03 12:15:00,212.89,212.94,212.7,212.9,35549
8174,2023-11-03 12:45:00,212.82,213.0,212.75,212.93,45899
8175,2023-11-03 13:15:00,212.93,213.0,212.82,212.95,67768
8176,2023-11-03 13:45:00,212.95,212.99,212.78,212.93,91793
8177,2023-11-03 14:15:00,212.93,212.95,212.75,212.84,113093
8178,2023-11-03 14:45:00,212.8,212.83,212.51,212.7,176855
8179,2023-11-03 15:15:00,212.7,212.7,212.6,212.69,86498
8180,2023-11-06 09:15:00,213.65,214.19,213.61,213.81,366881
8181,2023-11-06 09:45:00,213.85,214.0,213.7,214.0,164136
8182,2023-11-06 10:15:00,214.0,214.22,213.92,214.03,366874
8183,2023-11-06 10:45:00,214.03,214.04,213.56,213.75,162299
8184,2023-11-06 11:15:00,213.75,213.84,213.64,213.8,232762
8185,2023-11-06 11:45:00,213.8,213.97,213.75,213.94,96057
8186,2023-11-06 12:15:00,213.8,213.98,213.8,213.96,64057
8187,2023-11-06 12:45:00,213.96,213.98,213.81,213.98,87170
8188,2023-11-06 13:15:00,213.98,214.1,213.86,214.1,88495
8189,2023-11-06 13:45:00,214.1,214.15,213.9,214.15,86215
8190,2023-11-06 14:15:00,214.11,214.36,214.07,214.25,119704
8191,2023-11-06 14:45:00,214.25,214.56,214.19,214.54,150822
8192,2023-11-06 15:15:00,214.55,214.73,214.54,214.56,138768
8193,2023-11-07 09:15:00,214.49,214.49,214.0,214.17,169198
8194,2023-11-07 09:45:00,214.16,214.21,214.0,214.2,105745
8195,2023-11-07 10:15:00,214.17,214.48,214.1,214.48,72784
8196,2023-11-07 10:45:00,214.48,214.54,214.27,214.5,65413
8197,2023-11-07 11:15:00,214.5,214.5,214.0,214.01,207924
8198,2023-11-07 11:45:00,214.1,214.1,213.75,214.08,280023
8199,2023-11-07 12:15:00,214.08,214.16,214.0,214.13,98977
8200,2023-11-07 12:45:00,214.04,214.16,214.0,214.1,110279
8201,2023-11-07 13:15:00,214.15,214.16,214.0,214.08,172786
8202,2023-11-07 13:45:00,214.08,214.5,214.02,214.35,102976
8203,2023-11-07 14:15:00,214.45,214.5,214.13,214.4,54505
8204,2023-11-07 14:45:00,214.4,214.59,214.25,214.4,76368
8205,2023-11-07 15:15:00,214.4,214.6,214.35,214.49,61200
8206,2023-11-08 09:15:00,214.94,214.94,214.49,214.75,217585
8207,2023-11-08 09:45:00,214.75,214.9,214.6,214.83,81688
8208,2023-11-08 10:15:00,214.82,214.9,214.65,214.89,210002
8209,2023-11-08 10:45:00,214.89,214.89,214.53,214.54,159279
8210,2023-11-08 11:15:00,214.68,215.0,214.53,215.0,158781
8211,2023-11-08 11:45:00,214.99,215.0,214.69,214.96,190387
8212,2023-11-08 12:15:00,214.96,214.96,214.69,214.75,205652
8213,2023-11-08 12:45:00,214.87,214.96,214.7,214.96,257682
8214,2023-11-08 13:15:00,214.96,215.16,214.85,215.08,188957
8215,2023-11-08 13:45:00,215.08,215.2,215.01,215.05,180415
8216,2023-11-08 14:15:00,215.08,215.12,214.75,214.9,211073
8217,2023-11-08 14:45:00,214.9,215.0,214.81,214.93,134469
8218,2023-11-08 15:15:00,214.93,215.0,214.67,214.83,189763
8219,2023-11-09 09:15:00,214.97,215.0,214.59,214.8,154442
8220,2023-11-09 09:45:00,214.72,215.0,214.58,214.85,193184
8221,2023-11-09 10:15:00,214.98,215.0,214.64,214.75,70288
8222,2023-11-09 10:45:00,214.75,214.75,214.58,214.66,317895
8223,2023-11-09 11:15:00,214.7,214.75,214.65,214.7,362538
8224,2023-11-09 11:45:00,214.7,214.7,214.59,214.7,409921
8225,2023-11-09 12:15:00,214.7,214.7,214.5,214.6,364545
8226,2023-11-09 12:45:00,214.6,214.64,214.41,214.41,105161
8227,2023-11-09 13:15:00,214.4,214.5,214.4,214.44,121500
8228,2023-11-09 13:45:00,214.44,214.5,214.36,214.4,283644
8229,2023-11-09 14:15:00,214.47,214.49,214.11,214.16,170127
8230,2023-11-09 14:45:00,214.16,214.35,214.1,214.27,104721
8231,2023-11-09 15:15:00,214.27,214.36,214.21,214.3,175515
8232,2023-11-10 09:15:00,214.09,214.09,213.26,213.36,383276
8233,2023-11-10 09:45:00,213.5,213.6,213.33,213.6,78775
8234,2023-11-10 10:15:00,213.6,213.95,213.5,213.9,86550
8235,2023-11-10 10:45:00,213.9,213.9,213.63,213.8,54685
8236,2023-11-10 11:15:00,213.8,213.9,213.71,213.84,62915
8237,2023-11-10 11:45:00,213.9,213.98,213.71,213.98,57242
8238,2023-11-10 12:15:00,213.98,214.02,213.87,213.98,64880
8239,2023-11-10 12:45:00,214.0,214.16,213.96,214.08,224800
8240,2023-11-10 13:15:00,214.09,214.24,214.01,214.23,286646
8241,2023-11-10 13:45:00,214.23,214.23,213.99,214.03,61189
8242,2023-11-10 14:15:00,214.03,214.06,213.66,213.95,305260
8243,2023-11-10 14:45:00,213.95,214.33,213.9,214.2,269499
8244,2023-11-10 15:15:00,214.2,214.6,214.17,214.24,1343512
8245,2023-11-12 18:15:00,215.34,215.56,214.9,215.25,1659501
8246,2023-11-12 18:45:00,215.2,215.26,214.98,215.2,828912
8247,2023-11-12 19:15:00,215.28,215.28,215.16,215.16,795
8248,2023-11-13 09:15:00,215.35,215.35,214.45,214.5,424693
8249,2023-11-13 09:45:00,214.5,214.94,214.48,214.88,220347
8250,2023-11-13 10:15:00,214.9,214.92,214.3,214.45,148696
8251,2023-11-13 10:45:00,214.47,214.59,214.33,214.4,261370
8252,2023-11-13 11:15:00,214.4,214.6,214.4,214.45,225620
8253,2023-11-13 11:45:00,214.5,214.5,214.4,214.5,53632
8254,2023-11-13 12:15:00,214.5,214.5,214.39,214.5,42292
8255,2023-11-13 12:45:00,214.5,214.5,214.34,214.41,90399
8256,2023-11-13 13:15:00,214.49,214.65,214.36,214.6,133493
8257,2023-11-13 13:45:00,214.59,214.62,214.42,214.6,203768
8258,2023-11-13 14:15:00,214.62,214.98,214.5,214.77,373511
8259,2023-11-13 14:45:00,214.77,214.84,214.55,214.6,75468
8260,2023-11-13 15:15:00,214.6,214.6,214.4,214.55,98789
8261,2023-11-15 09:15:00,216.54,216.68,216.0,216.4,668730
8262,2023-11-15 09:45:00,216.4,216.64,216.35,216.51,235111
8263,2023-11-15 10:15:00,216.59,216.6,216.41,216.55,132966
8264,2023-11-15 10:45:00,216.54,216.63,216.41,216.58,88599
8265,2023-11-15 11:15:00,216.59,216.63,216.37,216.43,172961
8266,2023-11-15 11:45:00,216.4,216.51,216.36,216.51,108931
8267,2023-11-15 12:15:00,216.51,216.65,216.5,216.64,98622
8268,2023-11-15 12:45:00,216.64,216.73,216.48,216.69,267956
8269,2023-11-15 13:15:00,216.73,216.98,216.69,216.8,1713045
8270,2023-11-15 13:45:00,216.8,216.9,216.75,216.85,99747
8271,2023-11-15 14:15:00,216.8,216.96,216.75,216.85,65165
8272,2023-11-15 14:45:00,216.84,217.03,216.68,216.95,405784
8273,2023-11-15 15:15:00,216.95,217.23,216.95,216.97,287624
8274,2023-11-16 09:15:00,217.0,217.25,216.61,217.25,158839
8275,2023-11-16 09:45:00,217.25,217.48,217.18,217.47,134885
8276,2023-11-16 10:15:00,217.45,217.59,217.4,217.51,90335
8277,2023-11-16 10:45:00,217.52,218.3,217.4,218.28,414299
8278,2023-11-16 11:15:00,218.31,218.44,218.16,218.25,263830
8279,2023-11-16 11:45:00,218.21,218.46,218.17,218.39,124331
8280,2023-11-16 12:15:00,218.43,218.48,218.21,218.44,184287
8281,2023-11-16 12:45:00,218.44,218.58,218.37,218.45,77102
8282,2023-11-16 13:15:00,218.45,218.5,218.31,218.4,98241
8283,2023-11-16 13:45:00,218.41,218.72,218.34,218.68,173303
8284,2023-11-16 14:15:00,218.69,219.05,218.57,219.05,287062
8285,2023-11-16 14:45:00,219.05,219.23,217.7,217.85,363786
8286,2023-11-16 15:15:00,217.71,218.39,217.71,218.16,315724
8287,2023-11-17 09:15:00,217.48,218.29,217.48,218.25,388780
8288,2023-11-17 09:45:00,218.3,218.55,218.2,218.44,147613
8289,2023-11-17 10:15:00,218.32,218.5,218.03,218.4,123023
8290,2023-11-17 10:45:00,218.4,218.54,218.21,218.21,96190
8291,2023-11-17 11:15:00,218.21,218.31,218.1,218.28,84198
8292,2023-11-17 11:45:00,218.18,218.35,218.11,218.25,53584
8293,2023-11-17 12:15:00,218.15,218.39,218.03,218.35,76974
8294,2023-11-17 12:45:00,218.34,218.45,218.1,218.26,81823
8295,2023-11-17 13:15:00,218.26,218.29,218.05,218.19,64087
8296,2023-11-17 13:45:00,218.18,218.19,217.88,218.18,92590
8297,2023-11-17 14:15:00,218.16,218.19,217.95,217.99,57822
8298,2023-11-17 14:45:00,217.98,218.19,217.85,218.05,105157
8299,2023-11-17 15:15:00,218.09,218.1,217.82,218.02,88148
8300,2023-11-20 09:15:00,218.18,218.2,217.61,217.77,226471
8301,2023-11-20 09:45:00,217.68,217.8,217.42,217.65,242024
8302,2023-11-20 10:15:00,217.65,218.0,217.57,217.93,134113
8303,2023-11-20 10:45:00,217.85,217.96,217.35,217.37,211816
8304,2023-11-20 11:15:00,217.35,217.36,217.13,217.25,101941
8305,2023-11-20 11:45:00,217.25,217.28,217.14,217.25,141029
8306,2023-11-20 12:15:00,217.25,217.33,217.1,217.33,296078
8307,2023-11-20 12:45:00,217.24,217.49,217.23,217.38,46232
8308,2023-11-20 13:15:00,217.4,217.56,217.25,217.56,54480
8309,2023-11-20 13:45:00,217.56,217.58,217.25,217.31,73802
8310,2023-11-20 14:15:00,217.31,217.47,217.24,217.4,55456
8311,2023-11-20 14:45:00,217.44,217.5,217.3,217.3,118804
8312,2023-11-20 15:15:00,217.34,217.49,217.22,217.35,252079
8313,2023-11-21 09:15:00,218.28,218.44,217.87,218.44,249630
8314,2023-11-21 09:45:00,218.44,218.44,218.16,218.29,117443
8315,2023-11-21 10:15:00,218.3,218.38,218.16,218.3,190201
8316,2023-11-21 10:45:00,218.3,218.3,218.18,218.22,191539
8317,2023-11-21 11:15:00,218.3,218.4,218.21,218.36,102626
8318,2023-11-21 11:45:00,218.36,218.5,218.25,218.5,114311
8319,2023-11-21 12:15:00,218.5,218.8,218.44,218.64,172126
8320,2023-11-21 12:45:00,218.64,218.65,218.3,218.35,85595
8321,2023-11-21 13:15:00,218.35,218.61,218.23,218.46,398262
8322,2023-11-21 13:45:00,218.6,218.61,218.31,218.34,92878
8323,2023-11-21 14:15:00,218.31,218.4,218.23,218.35,139827
8324,2023-11-21 14:45:00,218.38,218.44,218.28,218.42,165561
8325,2023-11-21 15:15:00,218.4,218.5,218.22,218.39,94902
8326,2023-11-22 09:15:00,217.89,218.5,217.89,218.5,110933
8327,2023-11-22 09:45:00,218.5,218.64,218.45,218.63,192248
8328,2023-11-22 10:15:00,218.6,218.74,218.37,218.55,136959
8329,2023-11-22 10:45:00,218.46,218.59,218.41,218.55,61722
8330,2023-11-22 11:15:00,218.54,218.55,218.4,218.42,46147
8331,2023-11-22 11:45:00,218.41,218.46,218.05,218.05,166715
8332,2023-11-22 12:15:00,218.05,218.1,217.56,217.9,224730
8333,2023-11-22 12:45:00,217.93,217.98,217.6,217.9,92624
8334,2023-11-22 13:15:00,217.95,218.09,217.8,217.9,45719
8335,2023-11-22 13:45:00,217.9,217.95,217.75,217.84,70018
8336,2023-11-22 14:15:00,217.84,218.48,217.8,218.48,75282
8337,2023-11-22 14:45:00,218.48,218.61,218.4,218.51,149282
8338,2023-11-22 15:15:00,218.46,218.6,218.4,218.53,149384
8339,2023-11-23 09:15:00,218.96,219.19,218.71,219.09,1009959
8340,2023-11-23 09:45:00,219.14,219.14,218.73,218.94,201295
8341,2023-11-23 10:15:00,218.94,218.94,218.41,218.48,70915
8342,2023-11-23 10:45:00,218.54,218.69,218.45,218.49,49641
8343,2023-11-23 11:15:00,218.49,218.67,218.46,218.6,315176
8344,2023-11-23 11:45:00,218.6,218.67,218.45,218.46,45654
8345,2023-11-23 12:15:00,218.57,218.75,218.45,218.6,299253
8346,2023-11-23 12:45:00,218.51,218.7,218.5,218.66,59582
8347,2023-11-23 13:15:00,218.65,218.7,218.65,218.65,99544
8348,2023-11-23 13:45:00,218.65,218.7,218.63,218.64,139524
8349,2023-11-23 14:15:00,218.64,218.7,218.55,218.67,79652
8350,2023-11-23 14:45:00,218.67,218.7,218.55,218.57,181381
8351,2023-11-23 15:15:00,218.56,218.65,218.53,218.56,155958
8352,2023-11-24 09:15:00,218.84,218.84,218.51,218.55,145471
8353,2023-11-24 09:45:00,218.51,218.55,218.21,218.49,225881
8354,2023-11-24 10:15:00,218.48,218.6,218.35,218.6,61563
8355,2023-11-24 10:45:00,218.52,218.69,218.42,218.67,331602
8356,2023-11-24 11:15:00,218.54,218.75,218.54,218.61,72683
8357,2023-11-24 11:45:00,218.61,218.74,218.6,218.64,77744
8358,2023-11-24 12:15:00,218.64,218.7,218.55,218.57,48990
8359,2023-11-24 12:45:00,218.63,218.65,218.35,218.37,378049
8360,2023-11-24 13:15:00,218.37,218.56,218.35,218.52,68467
8361,2023-11-24 13:45:00,218.52,218.55,218.45,218.51,71607
8362,2023-11-24 14:15:00,218.51,218.6,218.45,218.5,258223
8363,2023-11-24 14:45:00,218.5,218.56,218.41,218.5,274489
8364,2023-11-24 15:15:00,218.47,218.65,218.4,218.48,211074
8365,2023-11-28 09:15:00,218.67,218.87,218.61,218.67,166766
8366,2023-11-28 09:45:00,218.8,218.89,218.66,218.77,300954
8367,2023-11-28 10:15:00,218.77,218.89,218.66,218.84,348235
8368,2023-11-28 10:45:00,218.86,218.98,218.81,218.95,262998
8369,2023-11-28 11:15:00,218.95,218.95,218.8,218.85,106969
8370,2023-11-28 11:45:00,218.85,218.98,218.8,218.97,457433
8371,2023-11-28 12:15:00,218.97,218.97,218.8,218.85,157666
8372,2023-11-28 12:45:00,218.8,218.85,218.75,218.8,163777
8373,2023-11-28 13:15:00,218.8,218.8,218.75,218.8,94660
8374,2023-11-28 13:45:00,218.8,218.85,218.71,218.75,49863
8375,2023-11-28 14:15:00,218.78,219.64,218.75,219.25,804850
8376,2023-11-28 14:45:00,219.25,219.55,219.15,219.55,275358
8377,2023-11-28 15:15:00,219.58,219.79,219.5,219.56,155523
8378,2023-11-29 09:15:00,220.27,220.69,220.05,220.6,766721
8379,2023-11-29 09:45:00,220.65,220.86,220.56,220.84,227697
8380,2023-11-29 10:15:00,220.84,220.93,220.69,220.8,342207
8381,2023-11-29 10:45:00,220.88,220.9,220.73,220.85,201174
8382,2023-11-29 11:15:00,220.85,221.0,220.78,221.0,415424
8383,2023-11-29 11:45:00,221.0,221.24,220.9,221.23,310832
8384,2023-11-29 12:15:00,221.2,221.3,221.08,221.13,205037
8385,2023-11-29 12:45:00,221.12,221.39,221.07,221.38,185144
8386,2023-11-29 13:15:00,221.25,221.4,221.24,221.31,143032
8387,2023-11-29 13:45:00,221.31,221.4,221.26,221.35,648450
8388,2023-11-29 14:15:00,221.39,221.55,221.25,221.54,516348
8389,2023-11-29 14:45:00,221.54,221.74,221.44,221.74,489070
8390,2023-11-29 15:15:00,221.74,221.85,221.66,221.66,228423
8391,2023-11-30 09:15:00,221.99,221.99,221.71,221.95,244858
8392,2023-11-30 09:45:00,221.95,222.04,221.2,221.29,691705
8393,2023-11-30 10:15:00,221.3,221.66,221.22,221.6,572335
8394,2023-11-30 10:45:00,221.6,221.71,221.3,221.39,534286
8395,2023-11-30 11:15:00,221.39,221.5,221.2,221.2,174857
8396,2023-11-30 11:45:00,221.3,221.49,221.2,221.35,158861
8397,2023-11-30 12:15:00,221.35,221.39,221.1,221.33,191168
8398,2023-11-30 12:45:00,221.3,221.45,221.3,221.4,135599
8399,2023-11-30 13:15:00,221.4,221.75,221.3,221.69,382042
8400,2023-11-30 13:45:00,221.75,221.88,221.3,221.3,353172
8401,2023-11-30 14:15:00,221.31,221.99,221.25,221.96,597272
8402,2023-11-30 14:45:00,221.96,222.14,221.75,222.06,280998
8403,2023-11-30 15:15:00,222.09,222.41,222.0,222.13,242008
8404,2023-12-01 09:15:00,222.67,223.25,222.67,223.0,396448
8405,2023-12-01 09:45:00,223.0,223.5,222.91,223.5,433105
8406,2023-12-01 10:15:00,223.45,223.58,223.43,223.51,316565
8407,2023-12-01 10:45:00,223.5,223.56,223.4,223.56,576298
8408,2023-12-01 11:15:00,223.56,223.75,223.54,223.7,166169
8409,2023-12-01 11:45:00,223.7,223.74,223.57,223.7,253648
8410,2023-12-01 12:15:00,223.68,223.71,223.62,223.66,173130
8411,2023-12-01 12:45:00,223.68,223.7,223.58,223.6,74929
8412,2023-12-01 13:15:00,223.6,223.69,223.53,223.64,81788
8413,2023-12-01 13:45:00,223.6,223.83,223.57,223.68,163491
8414,2023-12-01 14:15:00,223.62,223.75,223.5,223.56,145208
8415,2023-12-01 14:45:00,223.56,223.83,223.43,223.7,483578
8416,2023-12-01 15:15:00,223.83,223.9,223.51,223.75,473887
8417,2023-12-04 09:15:00,227.63,227.63,226.32,227.02,1150227
8418,2023-12-04 09:45:00,227.02,227.05,226.65,226.92,514816
8419,2023-12-04 10:15:00,226.91,226.98,226.7,226.97,461337
8420,2023-12-04 10:45:00,226.96,227.1,226.8,227.01,296022
8421,2023-12-04 11:15:00,227.05,227.25,227.03,227.25,400890
8422,2023-12-04 11:45:00,227.25,227.35,227.1,227.32,244789
8423,2023-12-04 12:15:00,227.32,227.55,227.22,227.54,332177
8424,2023-12-04 12:45:00,227.55,227.6,227.4,227.55,257380
8425,2023-12-04 13:15:00,227.56,227.86,227.5,227.84,261630
8426,2023-12-04 13:45:00,227.73,228.0,227.53,227.95,269843
8427,2023-12-04 14:15:00,227.95,228.0,227.62,228.0,476176
8428,2023-12-04 14:45:00,228.0,228.38,227.86,228.22,370861
8429,2023-12-04 15:15:00,228.14,228.35,227.83,228.18,329935
8430,2023-12-05 09:15:00,229.39,229.39,228.43,229.1,429005
8431,2023-12-05 09:45:00,229.19,229.5,229.07,229.5,233554
8432,2023-12-05 10:15:00,229.42,229.9,229.42,229.8,278608
8433,2023-12-05 10:45:00,229.86,229.96,229.7,229.75,167468
8434,2023-12-05 11:15:00,229.7,229.75,228.95,228.95,206174
8435,2023-12-05 11:45:00,228.95,229.34,228.71,229.25,163544
8436,2023-12-05 12:15:00,229.24,229.34,229.05,229.2,110962
8437,2023-12-05 12:45:00,229.2,229.5,229.15,229.39,58313
8438,2023-12-05 13:15:00,229.39,229.78,229.35,229.78,83417
8439,2023-12-05 13:45:00,229.78,229.78,229.56,229.61,190786
8440,2023-12-05 14:15:00,229.61,229.74,229.44,229.74,113162
8441,2023-12-05 14:45:00,229.74,230.24,229.74,230.21,359915
8442,2023-12-05 15:15:00,230.21,230.25,230.0,230.06,170918
8443,2023-12-06 09:15:00,230.98,231.15,230.5,230.95,463920
8444,2023-12-06 09:45:00,230.98,231.2,230.52,230.7,335052
8445,2023-12-06 10:15:00,230.7,230.94,230.66,230.81,202308
8446,2023-12-06 10:45:00,230.82,231.08,230.73,231.0,277885
8447,2023-12-06 11:15:00,231.0,231.2,230.8,231.2,132420
8448,2023-12-06 11:45:00,231.2,231.2,231.0,231.14,91426
8449,2023-12-06 12:15:00,231.15,231.15,230.65,230.7,119581
8450,2023-12-06 12:45:00,230.7,230.83,230.48,230.52,175748
8451,2023-12-06 13:15:00,230.52,231.0,230.37,230.64,626817
8452,2023-12-06 13:45:00,230.64,230.9,230.64,230.89,108812
8453,2023-12-06 14:15:00,230.79,231.09,230.79,231.04,218462
8454,2023-12-06 14:45:00,231.04,231.18,230.96,231.06,198882
8455,2023-12-06 15:15:00,231.07,231.07,230.75,230.94,152569
8456,2023-12-07 09:15:00,230.7,230.7,230.0,230.29,317392
8457,2023-12-07 09:45:00,230.43,230.53,230.2,230.53,256055
8458,2023-12-07 10:15:00,230.53,231.02,230.53,230.95,844292
8459,2023-12-07 10:45:00,230.95,231.52,230.95,231.33,523478
8460,2023-12-07 11:15:00,231.31,231.45,230.98,231.0,83234
8461,2023-12-07 11:45:00,231.09,231.29,230.97,231.27,114742
8462,2023-12-07 12:15:00,231.27,231.27,231.0,231.09,60234
8463,2023-12-07 12:45:00,231.09,231.1,230.91,231.02,32467
8464,2023-12-07 13:15:00,231.02,231.1,230.89,230.93,57197
8465,2023-12-07 13:45:00,231.0,231.1,230.9,231.0,75064
8466,2023-12-07 14:15:00,231.0,231.05,230.7,230.7,164034
8467,2023-12-07 14:45:00,230.82,230.9,230.61,230.78,214635
8468,2023-12-07 15:15:00,230.8,231.0,230.72,230.83,128096
8469,2023-12-08 09:15:00,231.25,231.43,231.12,231.33,215093
8470,2023-12-08 09:45:00,231.33,231.75,231.31,231.65,216247
8471,2023-12-08 10:15:00,231.62,231.73,231.5,231.69,148161
8472,2023-12-08 10:45:00,231.69,231.73,230.91,231.2,237790
8473,2023-12-08 11:15:00,231.2,231.44,231.15,231.42,104699
8474,2023-12-08 11:45:00,231.42,231.49,231.17,231.24,75657
8475,2023-12-08 12:15:00,231.3,231.37,231.08,231.09,75705
8476,2023-12-08 12:45:00,231.14,231.14,230.66,230.76,174286
8477,2023-12-08 13:15:00,230.72,230.9,230.35,230.4,132488
8478,2023-12-08 13:45:00,230.4,230.86,230.25,230.75,95517
8479,2023-12-08 14:15:00,230.75,231.09,230.52,231.02,81335
8480,2023-12-08 14:45:00,231.08,231.48,231.0,231.45,123146
8481,2023-12-08 15:15:00,231.48,231.5,231.31,231.36,230583
8482,2023-12-11 09:15:00,231.36,231.9,231.36,231.62,401227
8483,2023-12-11 09:45:00,231.6,231.9,231.51,231.9,214138
8484,2023-12-11 10:15:00,231.9,232.0,231.4,231.44,219341
8485,2023-12-11 10:45:00,231.44,231.88,231.22,231.8,277761
8486,2023-12-11 11:15:00,231.84,231.9,231.6,231.74,62259
8487,2023-12-11 11:45:00,231.74,231.84,231.45,231.65,133916
8488,2023-12-11 12:15:00,231.65,231.66,231.33,231.36,98069
8489,2023-12-11 12:45:00,231.36,231.68,231.27,231.5,68435
8490,2023-12-11 13:15:00,231.57,231.7,231.5,231.7,54982
8491,2023-12-11 13:45:00,231.6,231.7,231.41,231.57,65263
8492,2023-12-11 14:15:00,231.62,231.75,231.55,231.65,79795
8493,2023-12-11 14:45:00,231.7,232.1,231.65,231.76,447461
8494,2023-12-11 15:15:00,231.76,231.8,231.6,231.79,64802
8495,2023-12-12 09:15:00,231.93,232.33,231.81,232.11,266761
8496,2023-12-12 09:45:00,232.11,232.15,231.8,231.85,145429
8497,2023-12-12 10:15:00,231.82,231.96,231.51,231.88,112716
8498,2023-12-12 10:45:00,231.75,231.99,231.75,231.99,96368
8499,2023-12-12 11:15:00,231.99,231.99,231.6,231.74,74202
8500,2023-12-12 11:45:00,231.74,231.75,231.62,231.74,147800
8501,2023-12-12 12:15:00,231.74,231.85,231.64,231.65,120393
8502,2023-12-12 12:45:00,231.64,231.65,231.29,231.3,175093
8503,2023-12-12 13:15:00,231.3,231.48,231.3,231.45,41090
8504,2023-12-12 13:45:00,231.45,231.59,231.24,231.24,80554
8505,2023-12-12 14:15:00,231.21,231.25,230.75,230.78,143340
8506,2023-12-12 14:45:00,230.78,230.98,230.5,230.86,240161
8507,2023-12-12 15:15:00,230.87,231.17,230.81,230.96,573779
8508,2023-12-13 09:15:00,230.99,231.2,230.65,230.86,293088
8509,2023-12-13 09:45:00,230.88,230.88,230.2,230.6,247835
8510,2023-12-13 10:15:00,230.6,230.6,230.01,230.2,259131
8511,2023-12-13 10:45:00,230.2,230.5,230.05,230.3,161890
8512,2023-12-13 11:15:00,230.3,230.37,229.8,230.0,380793
8513,2023-12-13 11:45:00,230.0,230.1,229.8,229.95,119581
8514,2023-12-13 12:15:00,229.95,229.95,229.63,229.88,276116
8515,2023-12-13 12:45:00,229.88,230.35,229.8,230.21,140903
8516,2023-12-13 13:15:00,230.2,230.58,230.1,230.58,151466
8517,2023-12-13 13:45:00,230.59,230.77,230.5,230.6,112331
8518,2023-12-13 14:15:00,230.6,230.7,230.39,230.48,152636
8519,2023-12-13 14:45:00,230.48,231.22,230.36,231.15,267037
8520,2023-12-13 15:15:00,231.15,231.43,231.08,231.15,188418
8521,2023-12-14 09:15:00,232.51,233.29,232.51,233.2,590384
8522,2023-12-14 09:45:00,233.19,233.83,233.15,233.6,534254
8523,2023-12-14 10:15:00,233.55,233.66,233.22,233.28,82558
8524,2023-12-14 10:45:00,233.28,233.55,233.26,233.55,124353
8525,2023-12-14 11:15:00,233.55,233.6,233.37,233.6,125150
8526,2023-12-14 11:45:00,233.55,233.7,233.35,233.59,159171
8527,2023-12-14 12:15:00,233.59,233.7,233.42,233.7,186136
8528,2023-12-14 12:45:00,233.7,233.8,233.6,233.79,99159
8529,2023-12-14 13:15:00,233.79,234.2,233.65,234.11,241782
8530,2023-12-14 13:45:00,234.1,234.11,234.0,234.11,108572
8531,2023-12-14 14:15:00,234.11,234.31,233.88,234.02,224534
8532,2023-12-14 14:45:00,234.0,234.1,233.7,233.95,288890
8533,2023-12-14 15:15:00,233.9,234.28,233.85,233.99,165991
8534,2023-12-15 09:15:00,234.89,235.0,234.38,234.47,417005
8535,2023-12-15 09:45:00,234.45,235.25,234.35,235.25,324828
8536,2023-12-15 10:15:00,235.25,235.49,235.13,235.28,234120
8537,2023-12-15 10:45:00,235.28,235.28,234.75,235.11,317416
8538,2023-12-15 11:15:00,235.11,235.25,235.02,235.21,164580
8539,2023-12-15 11:45:00,235.2,235.25,235.01,235.02,167260
8540,2023-12-15 12:15:00,235.16,235.3,235.0,235.21,152413
8541,2023-12-15 12:45:00,235.21,235.41,235.1,235.28,240783
8542,2023-12-15 13:15:00,235.18,235.4,235.1,235.33,255626
8543,2023-12-15 13:45:00,235.34,235.6,235.31,235.52,241061
8544,2023-12-15 14:15:00,235.5,235.65,235.35,235.57,213702
8545,2023-12-15 14:45:00,235.57,236.69,235.56,236.57,374041
8546,2023-12-15 15:15:00,236.68,237.0,236.33,236.62,308758
8547,2023-12-18 09:15:00,236.21,236.82,235.75,236.4,370273
8548,2023-12-18 09:45:00,236.4,236.75,236.29,236.64,214953
8549,2023-12-18 10:15:00,236.64,236.9,236.48,236.56,216551
8550,2023-12-18 10:45:00,236.74,236.82,236.53,236.8,104676
8551,2023-12-18 11:15:00,236.8,236.94,236.65,236.86,188789
8552,2023-12-18 11:45:00,236.81,236.86,236.53,236.65,69834
8553,2023-12-18 12:15:00,236.66,236.74,236.3,236.55,111628
8554,2023-12-18 12:45:00,236.55,236.59,236.26,236.26,109245
8555,2023-12-18 13:15:00,236.29,236.58,236.25,236.35,49718
8556,2023-12-18 13:45:00,236.3,236.55,236.24,236.55,108412
8557,2023-12-18 14:15:00,236.54,236.62,236.4,236.4,109959
8558,2023-12-18 14:45:00,236.4,236.61,236.29,236.55,190088
8559,2023-12-18 15:15:00,236.39,236.9,236.33,236.57,203849
8560,2023-12-19 09:15:00,236.95,236.95,236.04,236.08,237312
8561,2023-12-19 09:45:00,236.06,236.07,235.36,235.5,603018
8562,2023-12-19 10:15:00,235.5,236.14,235.5,236.1,383918
8563,2023-12-19 10:45:00,236.1,236.13,235.82,236.01,111107
8564,2023-12-19 11:15:00,236.13,236.25,235.9,236.23,110481
8565,2023-12-19 11:45:00,236.2,236.7,236.19,236.54,88986
8566,2023-12-19 12:15:00,236.55,236.9,236.41,236.88,104630
8567,2023-12-19 12:45:00,236.88,236.9,236.75,236.84,123559
8568,2023-12-19 13:15:00,236.84,236.9,236.68,236.9,140647
8569,2023-12-19 13:45:00,236.9,237.1,236.8,237.05,136794
8570,2023-12-19 14:15:00,237.05,237.47,236.95,237.33,588786
8571,2023-12-19 14:45:00,237.4,237.45,236.6,236.82,190110
8572,2023-12-19 15:15:00,236.71,236.92,236.54,236.7,78353
8573,2023-12-20 09:15:00,237.58,238.1,237.25,238.06,421191
8574,2023-12-20 09:45:00,238.06,238.09,237.71,237.89,103075
8575,2023-12-20 10:15:00,237.89,238.05,237.77,237.91,100425
8576,2023-12-20 10:45:00,238.0,238.19,237.92,238.0,171452
8577,2023-12-20 11:15:00,238.02,238.09,237.67,237.73,137980
8578,2023-12-20 11:45:00,237.67,237.83,237.37,237.66,99690
8579,2023-12-20 12:15:00,237.66,237.66,237.16,237.46,93962
8580,2023-12-20 12:45:00,237.46,237.66,237.03,237.15,111088
8581,2023-12-20 13:15:00,237.15,237.15,235.39,236.1,344450
8582,2023-12-20 13:45:00,236.1,236.15,234.36,234.86,518149
8583,2023-12-20 14:15:00,234.85,235.19,234.0,234.1,594327
8584,2023-12-20 14:45:00,234.1,234.5,233.2,233.2,926096
8585,2023-12-20 15:15:00,233.25,233.34,233.0,233.25,1058058
8586,2023-12-21 09:15:00,232.02,232.76,231.78,232.6,828635
8587,2023-12-21 09:45:00,232.5,233.19,232.31,233.14,491336
8588,2023-12-21 10:15:00,233.14,233.34,232.68,233.25,652340
8589,2023-12-21 10:45:00,233.25,233.62,233.2,233.48,130504
8590,2023-12-21 11:15:00,233.48,233.49,233.1,233.43,79933
8591,2023-12-21 11:45:00,233.32,233.9,233.32,233.7,180353
8592,2023-12-21 12:15:00,233.7,234.55,233.61,234.4,127928
8593,2023-12-21 12:45:00,234.4,234.56,234.25,234.56,221900
8594,2023-12-21 13:15:00,234.56,234.83,233.78,234.16,323031
8595,2023-12-21 13:45:00,234.2,234.5,233.75,234.24,359429
8596,2023-12-21 14:15:00,234.24,234.92,234.1,234.77,251696
8597,2023-12-21 14:45:00,234.72,234.84,234.4,234.7,331628
8598,2023-12-21 15:15:00,234.75,234.98,234.52,234.6,162077
8599,2023-12-22 09:15:00,234.8,234.97,234.3,234.7,253807
8600,2023-12-22 09:45:00,234.7,235.55,234.57,235.47,243154
8601,2023-12-22 10:15:00,235.47,235.67,235.3,235.56,83249
8602,2023-12-22 10:45:00,235.56,235.98,235.4,235.85,215400
8603,2023-12-22 11:15:00,235.86,236.25,235.6,236.01,213398
8604,2023-12-22 11:45:00,236.05,236.34,236.05,236.15,720321
8605,2023-12-22 12:15:00,236.15,236.19,235.23,235.48,279242
8606,2023-12-22 12:45:00,235.48,236.0,235.4,235.77,70161
8607,2023-12-22 13:15:00,235.83,235.98,235.0,235.14,257840
8608,2023-12-22 13:45:00,235.09,235.46,234.57,235.38,150572
8609,2023-12-22 14:15:00,235.38,235.87,235.15,235.84,96480
8610,2023-12-22 14:45:00,235.75,235.84,235.34,235.69,140926
8611,2023-12-22 15:15:00,235.6,235.74,235.22,235.5,182802
8612,2023-12-26 09:15:00,235.92,235.98,235.5,235.85,250251
8613,2023-12-26 09:45:00,235.93,236.48,235.67,236.46,146428
8614,2023-12-26 10:15:00,236.46,236.98,236.31,236.97,86822
8615,2023-12-26 10:45:00,236.97,237.0,236.7,236.95,92817
8616,2023-12-26 11:15:00,236.99,237.0,236.81,236.93,122482
8617,2023-12-26 11:45:00,237.0,237.07,236.82,236.99,97359
8618,2023-12-26 12:15:00,236.99,237.04,236.82,236.98,55506
8619,2023-12-26 12:45:00,236.9,237.0,236.82,236.98,120159
8620,2023-12-26 13:15:00,236.98,237.04,236.5,236.74,411710
8621,2023-12-26 13:45:00,236.75,236.75,236.48,236.53,92031
8622,2023-12-26 14:15:00,236.52,236.89,236.51,236.66,61807
8623,2023-12-26 14:45:00,236.66,237.0,236.52,236.84,80843
8624,2023-12-26 15:15:00,236.85,237.3,236.5,236.93,132860
8625,2023-12-27 09:15:00,237.25,237.76,237.13,237.66,404654
8626,2023-12-27 09:45:00,237.67,237.87,237.62,237.8,640359
8627,2023-12-27 10:15:00,237.8,238.05,237.73,237.78,380721
8628,2023-12-27 10:45:00,237.75,238.15,237.71,237.92,319296
8629,2023-12-27 11:15:00,237.98,238.13,237.87,238.09,256090
8630,2023-12-27 11:45:00,238.07,238.27,237.93,238.1,199986
8631,2023-12-27 12:15:00,238.15,238.2,237.52,237.98,220269
8632,2023-12-27 12:45:00,237.98,238.2,237.72,237.88,364352
8633,2023-12-27 13:15:00,237.88,238.3,237.7,237.84,281251
8634,2023-12-27 13:45:00,237.84,238.3,237.84,238.23,223462
8635,2023-12-27 14:15:00,238.05,238.61,238.05,238.33,300137
8636,2023-12-27 14:45:00,238.33,239.07,238.2,239.0,396205
8637,2023-12-27 15:15:00,239.0,239.4,238.84,238.91,393515
8638,2023-12-28 09:15:00,240.0,240.0,238.88,239.85,407001
8639,2023-12-28 09:45:00,239.87,240.0,239.43,239.65,216164
8640,2023-12-28 10:15:00,239.67,239.75,239.52,239.55,128068
8641,2023-12-28 10:45:00,239.56,239.96,239.45,239.88,237398
8642,2023-12-28 11:15:00,239.9,239.9,239.66,239.87,55078
8643,2023-12-28 11:45:00,239.88,239.92,239.76,239.77,56062
8644,2023-12-28 12:15:00,239.84,240.03,239.77,239.98,192539
8645,2023-12-28 12:45:00,239.96,240.2,239.92,240.09,132265
8646,2023-12-28 13:15:00,240.09,240.09,239.81,240.04,102752
8647,2023-12-28 13:45:00,240.04,240.09,239.81,240.08,78028
8648,2023-12-28 14:15:00,240.0,240.1,239.8,239.98,123367
8649,2023-12-28 14:45:00,239.98,240.2,239.83,240.16,343932
8650,2023-12-28 15:15:00,240.2,240.31,240.08,240.16,422806
8651,2023-12-29 09:15:00,247.35,247.35,238.0,239.89,424471
8652,2023-12-29 09:45:00,239.89,239.9,239.53,239.54,181287
8653,2023-12-29 10:15:00,239.54,240.08,239.46,240.0,255317
8654,2023-12-29 10:45:00,240.04,240.04,239.88,240.0,157739
8655,2023-12-29 11:15:00,240.0,240.25,239.91,240.15,160769
8656,2023-12-29 11:45:00,240.2,240.25,240.05,240.08,233952
8657,2023-12-29 12:15:00,240.1,240.24,240.01,240.06,654351
8658,2023-12-29 12:45:00,240.05,240.18,239.97,240.18,156440
8659,2023-12-29 13:15:00,240.1,240.24,239.91,240.08,176161
8660,2023-12-29 13:45:00,239.95,240.17,239.9,239.96,508048
8661,2023-12-29 14:15:00,239.96,239.99,239.52,239.65,268831
8662,2023-12-29 14:45:00,239.65,240.13,239.5,239.63,686033
8663,2023-12-29 15:15:00,239.63,240.31,239.45,239.65,479361
8664,2024-01-01 09:15:00,240.99,240.99,238.01,239.4,502887
8665,2024-01-01 09:45:00,239.4,239.78,239.3,239.5,213121
8666,2024-01-01 10:15:00,239.5,239.78,239.25,239.6,208903
8667,2024-01-01 10:45:00,239.75,239.92,239.62,239.72,235128
8668,2024-01-01 11:15:00,239.75,239.92,239.6,239.61,201859
8669,2024-01-01 11:45:00,239.7,239.85,239.58,239.77,145289
8670,2024-01-01 12:15:00,239.77,239.86,239.43,239.77,139283
8671,2024-01-01 12:45:00,239.77,239.9,239.62,239.77,142412
8672,2024-01-01 13:15:00,239.7,239.94,239.69,239.88,108041
8673,2024-01-01 13:45:00,239.8,240.49,239.76,240.41,190953
8674,2024-01-01 14:15:00,240.44,240.88,240.41,240.8,190185
8675,2024-01-01 14:45:00,240.72,241.14,239.9,240.13,724779
8676,2024-01-01 15:15:00,240.09,240.35,239.5,240.35,298702
8677,2024-01-02 09:15:00,240.79,240.79,239.5,239.94,353459
8678,2024-01-02 09:45:00,239.94,240.0,238.83,239.15,375551
8679,2024-01-02 10:15:00,239.15,239.22,238.0,238.42,339107
8680,2024-01-02 10:45:00,238.45,238.73,238.2,238.55,285336
8681,2024-01-02 11:15:00,238.55,238.75,238.14,238.61,274735
8682,2024-01-02 11:45:00,238.61,238.8,238.36,238.76,200320
8683,2024-01-02 12:15:00,238.77,239.0,238.64,239.0,113608
8684,2024-01-02 12:45:00,239.0,239.0,238.65,238.74,93480
8685,2024-01-02 13:15:00,238.74,238.99,238.66,238.98,58381
8686,2024-01-02 13:45:00,238.98,239.34,238.82,239.33,138298
8687,2024-01-02 14:15:00,239.33,239.5,238.9,239.38,123900
8688,2024-01-02 14:45:00,239.35,239.6,238.92,239.09,215679
8689,2024-01-02 15:15:00,239.19,239.35,239.0,239.21,149295
8690,2024-01-03 09:15:00,239.44,239.44,238.05,238.14,341303
8691,2024-01-03 09:45:00,238.05,238.4,238.02,238.35,158317
8692,2024-01-03 10:15:00,238.35,238.4,237.81,238.1,223270
8693,2024-01-03 10:45:00,238.05,238.3,237.94,238.18,111439
8694,2024-01-03 11:15:00,238.18,238.35,238.02,238.25,138961
8695,2024-01-03 11:45:00,238.25,238.6,238.18,238.28,188222
8696,2024-01-03 12:15:00,238.18,238.3,237.7,238.11,179494
8697,2024-01-04 12:15:00,239.21,239.42,239.15,239.3,125901
8698,2024-01-04 12:45:00,239.23,239.45,239.23,239.3,62673
8699,2024-01-04 13:15:00,239.38,239.42,239.17,239.31,141283
8700,2024-01-04 13:45:00,239.28,239.3,238.91,239.07,273578
8701,2024-01-04 14:15:00,239.09,239.18,238.97,239.06,91251
8702,2024-01-04 14:45:00,239.06,239.24,239.03,239.03,219826
8703,2024-01-04 15:15:00,239.08,239.59,239.03,239.3,480581
8704,2024-01-05 09:15:00,239.8,240.0,238.01,239.69,270578
8705,2024-01-05 09:45:00,239.7,239.9,239.6,239.79,200104
8706,2024-01-05 10:15:00,239.79,239.85,239.51,239.51,249541
8707,2024-01-05 10:45:00,239.51,239.63,239.02,239.38,479771
8708,2024-01-05 11:15:00,239.38,239.49,239.1,239.29,61810
8709,2024-01-05 11:45:00,239.29,239.62,239.04,239.55,276836
8710,2024-01-05 12:15:00,239.55,239.7,239.42,239.49,105588
8711,2024-01-05 12:45:00,239.45,239.6,239.36,239.5,82414
8712,2024-01-05 13:15:00,239.5,239.64,239.15,239.3,108134
8713,2024-01-05 13:45:00,239.3,239.5,238.85,238.95,295000
8714,2024-01-05 14:15:00,238.95,239.29,238.6,239.29,322238
8715,2024-01-05 14:45:00,239.23,239.99,239.23,239.84,293455
8716,2024-01-05 15:15:00,239.84,239.95,239.52,239.74,272266
8717,2024-01-08 09:15:00,239.99,239.99,239.01,239.09,333981
8718,2024-01-08 09:45:00,239.09,239.3,238.97,239.28,270199
8719,2024-01-08 10:15:00,239.27,239.65,239.15,239.34,158563
8720,2024-01-08 10:45:00,239.34,239.34,238.55,238.75,267638
8721,2024-01-08 11:15:00,238.6,239.0,238.55,238.92,157994
8722,2024-01-08 11:45:00,238.94,238.98,238.12,238.53,555849
8723,2024-01-08 12:15:00,238.51,238.74,238.3,238.7,94800
8724,2024-01-08 12:45:00,238.7,238.72,238.21,238.34,116370
8725,2024-01-08 13:15:00,238.34,238.55,238.24,238.35,182173
8726,2024-01-08 13:45:00,238.3,238.5,238.25,238.5,166493
8727,2024-01-08 14:15:00,238.36,238.55,237.92,237.97,157801
8728,2024-01-08 14:45:00,237.97,238.0,237.57,237.66,277289
8729,2024-01-08 15:15:00,237.66,237.96,237.5,237.68,347617
8730,2024-01-09 09:15:00,238.66,239.25,238.66,238.89,269165
8731,2024-01-09 09:45:00,238.89,239.05,238.62,238.99,201340
8732,2024-01-09 10:15:00,238.99,239.6,238.98,239.57,260831
8733,2024-01-09 10:45:00,239.57,239.65,239.27,239.51,83484
8734,2024-01-09 11:15:00,239.5,239.52,239.21,239.4,549336
8735,2024-01-09 11:45:00,239.31,239.57,239.22,239.33,56144
8736,2024-01-09 12:15:00,239.33,239.59,239.25,239.34,85486
8737,2024-01-09 12:45:00,239.32,239.62,239.31,239.56,97689
8738,2024-01-09 13:15:00,239.55,239.6,239.25,239.49,101220
8739,2024-01-09 13:45:00,239.49,239.49,238.9,238.9,73508
8740,2024-01-09 14:15:00,238.95,238.95,237.92,237.94,220564
8741,2024-01-09 14:45:00,237.96,238.17,237.63,237.73,150653
8742,2024-01-09 15:15:00,237.65,237.98,237.5,237.78,110004
8743,2024-01-10 09:15:00,237.48,237.89,236.8,237.66,-1900090
8744,2024-01-10 09:45:00,237.75,237.8,237.41,237.65,112370
8745,2024-01-10 10:15:00,237.54,238.0,237.51,237.56,83863
8746,2024-01-10 10:45:00,237.68,237.69,237.4,237.56,129583
8747,2024-01-10 11:15:00,237.52,237.75,237.48,237.6,197749
8748,2024-01-10 11:45:00,237.6,237.77,237.31,237.44,128805
8749,2024-01-10 12:15:00,237.44,237.52,237.28,237.35,80085
8750,2024-01-10 12:45:00,237.35,237.4,236.93,237.21,268276
8751,2024-01-10 13:15:00,237.21,237.31,236.9,237.05,198814
8752,2024-01-10 13:45:00,237.08,237.6,236.94,237.55,147076
8753,2024-01-10 14:15:00,237.54,238.35,237.26,238.15,391828
8754,2024-01-10 14:45:00,238.13,238.96,238.0,238.67,384340
8755,2024-01-10 15:15:00,238.53,238.9,238.51,238.76,70164
8756,2024-01-11 09:15:00,239.1,239.53,239.1,239.28,259002
8757,2024-01-11 09:45:00,239.24,239.34,239.0,239.05,142009
8758,2024-01-11 10:15:00,239.01,239.21,238.9,239.08,312861
8759,2024-01-11 10:45:00,239.0,239.09,238.76,238.83,104401
8760,2024-01-11 11:15:00,238.97,239.08,238.8,239.08,258788
8761,2024-01-11 11:45:00,239.06,239.2,238.84,238.88,169794
8762,2024-01-11 12:15:00,238.95,239.0,238.85,238.99,93347
8763,2024-01-11 12:45:00,238.99,239.17,238.85,239.02,101052
8764,2024-01-11 13:15:00,239.0,239.18,239.0,239.17,201919
8765,2024-01-11 13:45:00,239.17,239.19,238.44,238.58,168515
8766,2024-01-11 14:15:00,238.46,239.07,238.35,238.76,195410
8767,2024-01-11 14:45:00,238.76,239.14,238.63,238.85,101144
8768,2024-01-11 15:15:00,238.86,239.1,238.68,238.87,112091
8769,2024-01-12 09:15:00,239.73,239.95,239.5,239.71,-1976565
8770,2024-01-12 09:45:00,239.75,240.6,239.73,240.52,258105
8771,2024-01-12 10:15:00,240.44,240.9,240.37,240.75,306473
8772,2024-01-12 10:45:00,240.75,241.02,240.6,240.7,415347
8773,2024-01-12 11:15:00,240.61,240.98,240.6,240.85,311251
8774,2024-01-12 11:45:00,240.97,241.15,240.77,240.89,270173
8775,2024-01-12 12:15:00,240.9,241.09,240.7,240.95,186879
8776,2024-01-12 12:45:00,240.9,241.25,240.9,241.24,216505
8777,2024-01-12 13:15:00,241.25,241.5,241.11,241.47,225747
8778,2024-01-12 13:45:00,241.5,241.75,241.4,241.55,261777
8779,2024-01-12 14:15:00,241.56,241.99,241.42,241.99,296353
8780,2024-01-12 14:45:00,241.9,241.99,241.26,241.57,560579
8781,2024-01-12 15:15:00,241.57,242.35,241.55,241.73,268378
8782,2024-01-15 09:15:00,243.3,243.79,242.66,243.21,834099
8783,2024-01-15 09:45:00,243.24,243.25,242.3,242.94,354044
8784,2024-01-15 10:15:00,242.89,243.12,242.78,243.03,232628
8785,2024-01-15 10:45:00,243.03,243.25,243.0,243.23,92080
8786,2024-01-15 11:15:00,243.23,243.39,243.0,243.2,137051
8787,2024-01-15 11:45:00,243.16,243.38,243.16,243.3,67341
8788,2024-01-15 12:15:00,243.25,243.39,243.2,243.39,196114
8789,2024-01-15 12:45:00,243.36,243.5,243.24,243.4,86547
8790,2024-01-15 13:15:00,243.4,243.55,243.25,243.46,192475
8791,2024-01-15 13:45:00,243.5,243.9,243.3,243.75,171809
8792,2024-01-15 14:15:00,243.68,243.75,243.32,243.51,134147
8793,2024-01-15 14:45:00,243.51,243.97,243.51,243.9,186669
8794,2024-01-15 15:15:00,243.82,244.3,243.81,244.07,405846
8795,2024-01-16 09:15:00,243.88,243.97,243.1,243.34,651738
8796,2024-01-16 09:45:00,243.37,243.95,243.37,243.7,301195
8797,2024-01-16 10:15:00,243.75,243.9,243.58,243.82,152848
8798,2024-01-16 10:45:00,243.82,244.0,243.75,243.98,216517
8799,2024-01-16 11:15:00,243.97,244.0,243.6,243.6,126783
8800,2024-01-16 11:45:00,243.74,243.85,243.4,243.43,90650
8801,2024-01-16 12:15:00,243.54,243.6,243.4,243.47,61886
8802,2024-01-16 12:45:00,243.47,243.52,242.89,242.92,175346
8803,2024-01-16 13:15:00,242.91,243.12,242.42,242.84,204782
8804,2024-01-16 13:45:00,242.84,243.34,242.71,243.2,491641
8805,2024-01-16 14:15:00,243.2,243.43,242.75,243.02,137967
8806,2024-01-16 14:45:00,243.01,243.54,243.01,243.32,256497
8807,2024-01-16 15:15:00,243.34,243.34,243.01,243.24,178478
8808,2024-01-17 09:15:00,241.12,241.65,240.72,241.08,-2099171
8809,2024-01-17 09:45:00,241.14,241.37,240.81,241.07,308814
8810,2024-01-17 10:15:00,241.09,241.09,240.2,240.44,468975
8811,2024-01-17 10:45:00,240.44,240.53,239.99,240.28,738871
8812,2024-01-17 11:15:00,240.28,240.3,239.61,239.82,250066
8813,2024-01-17 11:45:00,239.82,239.84,239.11,239.45,383288
8814,2024-01-17 12:15:00,239.45,239.8,239.23,239.44,424413
8815,2024-01-17 12:45:00,239.44,239.5,239.2,239.24,221215
8816,2024-01-17 13:15:00,239.19,239.52,239.1,239.35,338555
8817,2024-01-17 13:45:00,239.34,239.48,239.02,239.2,326654
8818,2024-01-17 14:15:00,239.15,239.25,238.64,238.68,398329
8819,2024-01-17 14:45:00,238.7,238.7,238.13,238.59,804013
8820,2024-01-17 15:15:00,238.59,238.59,238.25,238.38,508771
8821,2024-01-18 09:15:00,237.47,237.65,236.39,236.6,1034309
8822,2024-01-18 09:45:00,236.6,236.95,235.5,236.61,795471
8823,2024-01-18 10:15:00,236.65,236.94,236.25,236.94,574814
8824,2024-01-18 10:45:00,236.85,237.68,236.79,237.43,777306
8825,2024-01-18 11:15:00,237.49,237.7,237.25,237.3,368374
8826,2024-01-18 11:45:00,237.26,237.99,237.25,237.86,181072
8827,2024-01-18 12:15:00,237.99,238.21,237.2,237.3,163397
8828,2024-01-18 12:45:00,237.33,237.52,237.11,237.29,157326
8829,2024-01-18 13:15:00,237.29,237.4,237.05,237.05,150794
8830,2024-01-18 13:45:00,237.15,237.4,237.05,237.36,112084
8831,2024-01-18 14:15:00,237.36,237.6,236.94,237.5,580508
8832,2024-01-18 14:45:00,237.5,237.89,237.25,237.45,997985
8833,2024-01-18 15:15:00,237.41,237.68,237.32,237.51,263076
8834,2024-01-19 09:15:00,238.88,239.3,238.8,239.14,380315
8835,2024-01-19 09:45:00,239.14,239.25,238.91,239.0,252232
8836,2024-01-19 10:15:00,239.0,239.44,238.92,239.27,182990
8837,2024-01-19 10:45:00,239.27,239.3,238.33,238.51,133852
8838,2024-01-19 11:15:00,238.49,238.85,238.31,238.75,252932
8839,2024-01-19 11:45:00,238.75,239.0,238.5,238.69,166084
8840,2024-01-19 12:15:00,238.69,238.9,238.37,238.5,169602
8841,2024-01-19 12:45:00,238.49,238.98,238.49,238.98,205439
8842,2024-01-19 13:15:00,238.98,239.15,238.72,239.05,172989
8843,2024-01-19 13:45:00,239.06,239.09,238.51,238.59,142608
8844,2024-01-19 14:15:00,238.59,239.29,238.53,239.29,297666
8845,2024-01-19 14:45:00,239.25,239.35,238.7,239.14,236059
8846,2024-01-19 15:15:00,239.15,239.35,239.1,239.15,114129
8847,2024-01-20 09:15:00,239.85,239.89,239.25,239.5,132489
8848,2024-01-20 09:45:00,239.49,239.6,239.01,239.53,137960
8849,2024-01-20 10:15:00,239.52,239.63,239.45,239.6,84147
8850,2024-01-20 10:45:00,239.59,239.74,239.55,239.68,101229
8851,2024-01-20 11:15:00,239.58,239.7,239.5,239.6,82069
8852,2024-01-20 11:45:00,239.51,239.64,239.32,239.54,53068
8853,2024-01-20 12:15:00,239.54,239.58,238.91,239.11,525075
8854,2024-01-20 12:45:00,239.11,239.55,239.0,239.55,72089
8855,2024-01-20 13:15:00,239.55,239.58,239.11,239.27,34066
8856,2024-01-20 13:45:00,239.27,239.4,239.1,239.15,42653
8857,2024-01-20 14:15:00,239.15,239.37,239.0,239.09,64274
8858,2024-01-20 14:45:00,239.06,239.1,238.51,238.76,138873
8859,2024-01-20 15:15:00,238.77,239.0,238.55,238.73,87641
8860,2024-01-23 09:15:00,239.99,240.29,239.66,240.22,337510
8861,2024-01-23 09:45:00,240.2,240.25,239.29,239.45,335178
8862,2024-01-23 10:15:00,239.5,239.75,238.2,238.22,178651
8863,2024-01-23 10:45:00,238.22,238.5,237.96,238.25,507458
8864,2024-01-23 11:15:00,238.25,238.51,237.51,237.57,631207
8865,2024-01-23 11:45:00,237.56,237.79,236.5,236.7,242438
8866,2024-01-23 12:15:00,236.67,237.04,236.55,236.85,273256
8867,2024-01-23 12:45:00,236.85,236.89,236.12,236.23,350250
8868,2024-01-23 13:15:00,236.25,236.34,235.96,236.0,327709
8869,2024-01-23 13:45:00,236.0,236.0,235.43,235.68,419945
8870,2024-01-23 14:15:00,235.68,235.7,234.78,234.84,775983
8871,2024-01-23 14:45:00,234.87,235.2,234.52,234.67,694343
8872,2024-01-23 15:15:00,234.8,235.4,234.75,234.87,293226
8873,2024-01-24 09:15:00,234.84,235.54,234.05,235.29,542141
8874,2024-01-24 09:45:00,235.3,236.78,235.22,236.04,437093
8875,2024-01-24 10:15:00,236.05,236.87,236.0,236.5,191270
8876,2024-01-24 10:45:00,236.45,236.71,236.15,236.54,196416
8877,2024-01-24 11:15:00,236.54,236.62,235.0,235.65,383180
8878,2024-01-24 11:45:00,235.75,235.75,235.01,235.07,93580
8879,2024-01-24 12:15:00,235.2,235.5,234.72,234.92,104085
8880,2024-01-24 12:45:00,234.87,236.07,234.87,235.72,100622
8881,2024-01-24 13:15:00,235.73,236.0,235.51,235.74,152702
8882,2024-01-24 13:45:00,235.74,236.25,235.55,235.99,77639
8883,2024-01-24 14:15:00,235.99,236.98,235.92,236.88,360833
8884,2024-01-24 14:45:00,236.87,237.18,236.58,237.15,114407
8885,2024-01-24 15:15:00,237.15,237.59,237.1,237.29,152512
8886,2024-01-25 09:15:00,237.6,237.6,236.5,236.66,152608
8887,2024-01-25 09:45:00,236.61,236.82,236.25,236.5,116968
8888,2024-01-25 10:15:00,236.49,236.49,235.6,235.71,232960
8889,2024-01-25 10:45:00,235.71,235.79,235.13,235.35,250879
8890,2024-01-25 11:15:00,235.39,236.2,235.28,235.91,419251
8891,2024-01-25 11:45:00,236.08,236.1,235.4,235.66,115142
8892,2024-01-25 12:15:00,235.75,235.8,235.35,235.64,107556
8893,2024-01-25 12:45:00,235.62,235.75,235.24,235.57,232483
8894,2024-01-25 13:15:00,235.57,235.65,235.29,235.49,111884
8895,2024-01-25 13:45:00,235.5,235.84,235.45,235.51,121723
8896,2024-01-25 14:15:00,235.51,235.6,235.15,235.27,148448
8897,2024-01-25 14:45:00,235.21,236.31,235.21,236.2,200129
8898,2024-01-25 15:15:00,236.25,236.74,236.03,236.15,111100
8899,2024-01-29 09:15:00,237.0,238.6,237.0,238.39,502593
8900,2024-01-29 09:45:00,238.39,238.93,238.15,238.7,258899
8901,2024-01-29 10:15:00,238.6,238.94,238.6,238.7,120251
8902,2024-01-29 10:45:00,238.84,239.1,238.66,239.09,117906
8903,2024-01-29 11:15:00,238.95,239.15,238.5,238.98,142385
8904,2024-01-29 11:45:00,238.98,239.28,238.92,239.2,145986
8905,2024-01-29 12:15:00,239.15,239.57,239.09,239.4,162096
8906,2024-01-29 12:45:00,239.4,239.99,239.37,239.68,279931
8907,2024-01-29 13:15:00,239.78,239.78,239.51,239.57,182861
8908,2024-01-29 13:45:00,239.57,240.1,239.56,239.83,196720
8909,2024-01-29 14:15:00,239.84,240.08,239.7,240.0,115330
8910,2024-01-29 14:45:00,240.0,240.15,239.48,240.0,248732
8911,2024-01-29 15:15:00,240.0,240.33,240.0,240.05,168756
8912,2024-01-30 09:15:00,240.89,240.93,239.81,240.47,348513
8913,2024-01-30 09:45:00,240.46,240.5,239.8,240.49,229185
8914,2024-01-30 10:15:00,240.5,240.5,240.0,240.08,91936
8915,2024-01-30 10:45:00,240.0,240.0,239.35,239.69,153617
8916,2024-01-30 11:15:00,239.68,239.94,239.51,239.9,77027
8917,2024-01-30 11:45:00,239.83,240.12,239.72,239.81,96092
8918,2024-01-30 12:15:00,239.8,240.05,239.73,239.73,71406
8919,2024-01-30 12:45:00,239.74,239.98,239.6,239.79,41620
8920,2024-01-30 13:15:00,239.63,239.88,239.4,239.83,72716
8921,2024-01-30 13:45:00,239.83,239.83,239.26,239.44,115985
8922,2024-01-30 14:15:00,239.45,239.54,238.32,238.5,291134
8923,2024-01-30 14:45:00,238.5,238.55,237.95,238.28,1469340
8924,2024-01-30 15:15:00,238.25,238.37,238.1,238.13,365632
8925,2024-01-31 09:15:00,238.46,238.84,237.51,238.68,315094
8926,2024-01-31 09:45:00,238.8,239.12,238.35,238.94,128062
8927,2024-01-31 10:15:00,238.96,239.43,238.85,239.15,103987
8928,2024-01-31 10:45:00,239.15,239.59,239.04,239.55,84235
8929,2024-01-31 11:15:00,239.58,239.95,239.4,239.85,85991
8930,2024-01-31 11:45:00,239.8,240.21,239.8,240.03,96573
8931,2024-01-31 12:15:00,240.05,240.05,239.37,239.45,113257
8932,2024-01-31 12:45:00,239.45,239.6,239.2,239.6,168938
8933,2024-01-31 13:15:00,239.6,239.99,239.54,239.72,127021
8934,2024-01-31 13:45:00,239.58,239.91,239.5,239.82,114287
8935,2024-01-31 14:15:00,239.82,239.91,239.66,239.9,80813
8936,2024-01-31 14:45:00,239.9,240.45,239.8,240.39,272940
8937,2024-01-31 15:15:00,240.26,240.43,240.05,240.26,165685
8938,2024-02-01 09:15:00,240.7,240.79,239.83,240.15,324730
8939,2024-02-01 09:45:00,240.06,240.8,240.06,240.8,161541
8940,2024-02-01 10:15:00,240.78,240.89,240.56,240.76,103855
8941,2024-02-01 10:45:00,240.76,241.0,240.51,240.7,142283
8942,2024-02-01 11:15:00,240.7,240.7,239.55,240.15,219583
8943,2024-02-01 11:45:00,240.2,240.69,239.65,240.3,614838
8944,2024-02-01 12:15:00,240.38,240.39,240.02,240.25,304085
8945,2024-02-01 12:45:00,240.3,240.65,240.12,240.45,127320
8946,2024-02-01 13:15:00,240.45,240.45,239.85,240.14,265957
8947,2024-02-01 13:45:00,240.14,240.39,240.01,240.25,101444
8948,2024-02-01 14:15:00,240.27,240.48,240.1,240.16,324338
8949,2024-02-01 14:45:00,240.2,240.42,239.9,239.9,411226
8950,2024-02-01 15:15:00,240.02,240.17,239.9,240.03,94536
8951,2024-02-02 09:15:00,241.1,242.54,241.1,242.33,940564
8952,2024-02-02 09:45:00,242.28,242.5,242.09,242.39,229134
8953,2024-02-02 10:15:00,242.47,242.5,242.19,242.32,128779
8954,2024-02-02 10:45:00,242.32,243.0,242.11,243.0,226932
8955,2024-02-02 11:15:00,243.0,244.1,243.0,243.63,584784
8956,2024-02-02 11:45:00,243.65,243.99,243.33,243.36,481643
8957,2024-02-02 12:15:00,243.4,243.49,241.61,242.18,713361
8958,2024-02-02 12:45:00,242.2,242.32,241.4,241.45,314668
8959,2024-02-02 13:15:00,241.48,241.75,241.15,241.55,340395
8960,2024-02-02 13:45:00,241.56,241.99,241.41,241.91,167301
8961,2024-02-02 14:15:00,241.98,242.04,241.58,241.87,158915
8962,2024-02-02 14:45:00,241.99,242.13,241.05,241.38,387126
8963,2024-02-02 15:15:00,241.42,241.6,241.01,241.3,268060
8964,2024-02-05 09:15:00,242.0,242.0,240.92,241.5,304175
8965,2024-02-05 09:45:00,241.5,242.3,241.5,241.98,535499
8966,2024-02-05 10:15:00,241.98,242.0,241.11,241.82,206824
8967,2024-02-05 10:45:00,241.82,241.93,241.57,241.8,123620
8968,2024-02-05 11:15:00,241.8,242.15,241.66,241.96,277766
8969,2024-02-05 11:45:00,241.94,242.19,241.68,241.92,139650
8970,2024-02-05 12:15:00,241.92,242.13,241.75,242.0,61631
8971,2024-02-05 12:45:00,242.0,242.2,241.9,242.13,89506
8972,2024-02-05 13:15:00,242.13,242.19,241.78,242.03,60442
8973,2024-02-05 13:45:00,242.05,242.19,241.35,241.75,99963
8974,2024-02-05 14:15:00,241.87,241.99,240.11,240.32,432031
8975,2024-02-05 14:45:00,240.31,240.85,239.96,240.37,372920
8976,2024-02-05 15:15:00,240.38,240.38,240.02,240.24,135039
8977,2024-02-06 09:15:00,240.78,241.09,240.07,241.0,212127
8978,2024-02-06 09:45:00,241.0,241.45,240.86,241.25,140873
8979,2024-02-06 10:15:00,241.29,241.29,240.41,240.94,98708
8980,2024-02-06 10:45:00,240.94,241.2,240.73,241.18,155311
8981,2024-02-06 11:15:00,241.2,241.6,241.0,241.43,140896
8982,2024-02-06 11:45:00,241.43,241.79,241.32,241.65,69294
8983,2024-02-06 12:15:00,241.65,242.0,241.38,241.75,249274
8984,2024-02-06 12:45:00,241.75,241.95,241.45,241.8,51769
8985,2024-02-06 13:15:00,241.71,242.05,241.51,241.9,84110
8986,2024-02-06 13:45:00,241.95,242.11,241.72,241.85,138768
8987,2024-02-06 14:15:00,241.98,242.17,241.75,242.12,143606
8988,2024-02-06 14:45:00,242.1,242.13,241.61,241.81,66911
8989,2024-02-06 15:15:00,241.9,242.23,241.81,242.01,124033
8990,2024-02-07 09:15:00,243.68,243.68,242.51,242.53,266462
8991,2024-02-07 09:45:00,242.54,243.15,242.54,243.13,588956
8992,2024-02-07 10:15:00,243.15,243.17,242.4,242.51,164631
8993,2024-02-07 10:45:00,242.53,242.89,242.27,242.58,91898
8994,2024-02-07 11:15:00,242.72,242.75,241.8,241.95,169673
8995,2024-02-07 11:45:00,241.95,242.27,241.78,242.17,301751
8996,2024-02-07 12:15:00,242.15,242.5,242.0,242.22,69465
8997,2024-02-07 12:45:00,242.21,242.44,242.0,242.32,49882
8998,2024-02-07 13:15:00,242.32,242.69,242.0,242.59,111313
8999,2024-02-07 13:45:00,242.58,242.95,242.31,242.84,124407
9000,2024-02-07 14:15:00,242.84,242.98,242.31,242.45,73985
9001,2024-02-07 14:45:00,242.5,242.6,242.14,242.37,135309
9002,2024-02-07 15:15:00,242.36,242.7,242.21,242.35,82781
9003,2024-02-08 09:15:00,242.71,243.35,242.71,242.97,131784
9004,2024-02-08 09:45:00,242.95,243.19,242.4,242.75,133575
9005,2024-02-08 10:15:00,242.75,242.99,242.0,242.1,141812
9006,2024-02-08 10:45:00,242.01,242.46,240.5,240.81,875916
9007,2024-02-08 11:15:00,240.81,241.19,240.62,241.06,149840
9008,2024-02-08 11:45:00,241.06,241.48,240.95,241.35,258360
9009,2024-02-08 12:15:00,241.35,241.44,240.98,241.4,161978
9010,2024-02-08 12:45:00,241.4,241.64,241.21,241.49,103330
9011,2024-02-08 13:15:00,241.55,241.55,241.1,241.15,62817
9012,2024-02-08 13:45:00,241.29,241.3,240.67,240.7,80786
9013,2024-02-08 14:15:00,240.72,240.84,240.0,240.29,632337
9014,2024-02-08 14:45:00,240.28,240.61,239.9,240.38,783341
9015,2024-02-08 15:15:00,240.38,240.6,240.25,240.28,238970
9016,2024-02-09 09:15:00,240.51,240.98,240.0,240.39,278447
9017,2024-02-09 09:45:00,240.31,240.4,239.51,240.4,234973
9018,2024-02-09 10:15:00,240.4,240.4,240.01,240.12,82206
9019,2024-02-09 10:45:00,240.11,240.15,239.22,239.83,257647
9020,2024-02-09 11:15:00,239.85,240.36,239.42,240.33,102105
9021,2024-02-09 11:45:00,240.3,240.4,240.1,240.26,75276
9022,2024-02-09 12:15:00,240.26,240.6,240.12,240.56,94522
9023,2024-02-09 12:45:00,240.56,240.76,240.37,240.68,83737
9024,2024-02-09 13:15:00,240.71,240.71,240.21,240.5,81571
9025,2024-02-09 13:45:00,240.51,240.85,240.42,240.75,63995
9026,2024-02-09 14:15:00,240.7,241.0,240.7,240.75,84667
9027,2024-02-09 14:45:00,240.87,240.98,240.61,240.89,219603
9028,2024-02-09 15:15:00,240.94,241.0,240.55,240.78,81648
9029,2024-02-12 09:15:00,240.78,241.5,240.69,240.82,296058
9030,2024-02-12 09:45:00,240.87,240.88,240.02,240.26,233440
9031,2024-02-12 10:15:00,240.24,240.44,239.65,240.04,218360
9032,2024-02-12 10:45:00,240.17,240.4,239.9,240.35,106397
9033,2024-02-12 11:15:00,240.35,240.48,240.1,240.15,66520
9034,2024-02-12 11:45:00,240.1,240.21,239.3,239.62,275313
9035,2024-02-12 12:15:00,239.62,240.0,239.61,240.0,139736
9036,2024-02-12 12:45:00,240.0,240.0,238.98,239.4,282608
9037,2024-02-12 13:15:00,239.44,239.9,239.14,239.63,225929
9038,2024-02-12 13:45:00,239.59,239.99,239.32,239.98,426858
9039,2024-02-12 14:15:00,239.99,240.26,239.51,239.8,346584
9040,2024-02-12 14:45:00,239.77,239.89,239.11,239.24,441563
9041,2024-02-12 15:15:00,239.26,239.46,239.04,239.32,362917
9042,2024-02-13 09:15:00,239.36,239.75,238.7,239.35,335058
9043,2024-02-13 09:45:00,239.5,240.47,239.15,240.4,207645
9044,2024-02-13 10:15:00,240.42,240.43,239.89,240.17,116040
9045,2024-02-13 10:45:00,240.17,240.58,240.05,240.58,126043
9046,2024-02-13 11:15:00,240.58,240.7,240.0,240.09,91413
9047,2024-02-13 11:45:00,240.09,240.34,239.51,239.52,108513
9048,2024-02-13 12:15:00,239.51,239.81,239.25,239.54,94650
9049,2024-02-13 12:45:00,239.45,240.34,239.43,240.04,89029
9050,2024-02-13 13:15:00,240.12,240.53,240.0,240.45,86660
9051,2024-02-13 13:45:00,240.45,240.75,240.28,240.35,100635
9052,2024-02-13 14:15:00,240.4,240.59,240.1,240.3,68735
9053,2024-02-13 14:45:00,240.28,240.77,240.2,240.76,97627
9054,2024-02-13 15:15:00,240.76,240.76,240.36,240.59,85031
9055,2024-02-14 09:15:00,239.42,239.42,238.3,238.65,676739
9056,2024-02-14 09:45:00,238.74,239.34,238.68,239.26,239254
9057,2024-02-14 10:15:00,239.26,239.55,239.02,239.2,145160
9058,2024-02-14 10:45:00,239.2,239.68,239.03,239.19,148169
9059,2024-02-14 11:15:00,239.12,239.51,239.01,239.22,257221
9060,2024-02-14 11:45:00,239.23,239.24,239.11,239.22,120493
9061,2024-02-14 12:15:00,239.22,239.75,239.11,239.64,203813
9062,2024-02-14 12:45:00,239.72,240.2,239.62,240.09,179309
9063,2024-02-14 13:15:00,240.09,240.1,239.49,239.73,124166
9064,2024-02-14 13:45:00,239.73,240.2,239.62,240.16,232176
9065,2024-02-14 14:15:00,240.16,241.25,240.16,241.25,302795
9066,2024-02-14 14:45:00,241.2,241.99,241.07,241.39,396397
9067,2024-02-14 15:15:00,241.39,241.84,241.3,241.55,301510
9068,2024-02-15 09:15:00,242.0,242.17,241.22,241.47,202626
9069,2024-02-15 09:45:00,241.47,242.1,241.3,242.1,147943
9070,2024-02-15 10:15:00,242.1,242.14,241.62,241.89,96757
9071,2024-02-15 10:45:00,241.89,241.99,241.56,241.85,58468
9072,2024-02-15 11:15:00,241.81,241.94,241.63,241.82,193486
9073,2024-02-15 11:45:00,241.8,241.93,241.58,241.61,75892
9074,2024-02-15 12:15:00,241.76,241.95,241.5,241.53,58352
9075,2024-02-15 12:45:00,241.71,241.86,241.53,241.79,39903
9076,2024-02-15 13:15:00,241.79,242.77,241.6,242.77,132511
9077,2024-02-15 13:45:00,242.77,242.79,242.32,242.61,144470
9078,2024-02-15 14:15:00,242.5,242.6,242.0,242.25,83891
9079,2024-02-15 14:45:00,242.25,242.5,242.16,242.35,89344
9080,2024-02-15 15:15:00,242.42,242.95,242.31,242.72,494775
9081,2024-02-16 09:15:00,243.43,243.49,242.85,243.28,391493
9082,2024-02-16 09:45:00,243.28,243.79,243.01,243.79,188611
9083,2024-02-16 10:15:00,243.8,243.83,243.51,243.76,144842
9084,2024-02-16 10:45:00,243.77,243.8,243.44,243.73,135318
9085,2024-02-16 11:15:00,243.63,243.73,243.25,243.49,500943
9086,2024-02-16 11:45:00,243.49,243.7,243.28,243.7,99847
9087,2024-02-16 12:15:00,243.69,243.89,243.6,243.87,286184
9088,2024-02-16 12:45:00,243.9,244.0,243.78,243.95,164083
9089,2024-02-16 13:15:00,243.92,244.01,243.62,243.95,513762
9090,2024-02-16 13:45:00,243.95,244.01,243.67,243.8,245451
9091,2024-02-16 14:15:00,243.8,244.14,243.63,244.1,335719
9092,2024-02-16 14:45:00,244.07,244.18,243.83,243.92,496795
9093,2024-02-16 15:15:00,243.93,244.19,243.81,243.99,625316
9094,2024-02-19 09:15:00,244.59,244.59,244.03,244.15,253631
9095,2024-02-19 09:45:00,244.16,244.32,243.71,244.16,202346
9096,2024-02-19 10:15:00,244.32,244.65,244.17,244.54,126186
9097,2024-02-19 10:45:00,244.54,245.03,244.42,244.9,360996
9098,2024-02-19 11:15:00,244.9,245.24,244.89,245.19,407629
9099,2024-02-19 11:45:00,245.19,245.45,245.04,245.4,112838
9100,2024-02-19 12:15:00,245.4,245.45,245.2,245.32,83255
9101,2024-02-19 12:45:00,245.45,245.45,245.2,245.44,92981
9102,2024-02-19 13:15:00,245.44,245.49,245.2,245.29,93921
9103,2024-02-19 13:45:00,245.4,245.64,245.26,245.51,123417
9104,2024-02-19 14:15:00,245.53,245.75,245.42,245.57,91397
9105,2024-02-19 14:45:00,245.58,245.59,244.68,244.85,291480
9106,2024-02-19 15:15:00,244.9,245.2,244.85,245.04,264842
9107,2024-02-20 09:15:00,244.77,244.99,244.31,244.92,247459
9108,2024-02-20 09:45:00,244.91,244.92,244.08,244.5,252306
9109,2024-02-20 10:15:00,244.5,245.0,244.5,244.6,118238
9110,2024-02-20 10:45:00,244.61,244.76,244.49,244.72,63154
9111,2024-02-20 11:15:00,244.72,245.15,244.6,244.98,107049
9112,2024-02-20 11:45:00,244.86,245.72,244.83,245.59,394470
9113,2024-02-20 12:15:00,245.5,245.5,245.2,245.46,47134
9114,2024-02-20 12:45:00,245.46,245.5,245.22,245.25,44499
9115,2024-02-20 13:15:00,245.35,245.45,245.2,245.39,85338
9116,2024-02-20 13:45:00,245.39,245.39,244.62,244.9,118746
9117,2024-02-20 14:15:00,244.9,245.12,244.72,244.94,208126
9118,2024-02-20 14:45:00,244.94,245.56,244.8,245.31,241357
9119,2024-02-20 15:15:00,245.31,245.6,245.31,245.37,173752
9120,2024-02-21 09:15:00,245.62,245.98,245.54,245.95,236384
9121,2024-02-21 09:45:00,245.97,246.15,245.65,245.8,171996
9122,2024-02-21 10:15:00,245.8,245.99,245.14,245.41,154016
9123,2024-02-21 10:45:00,245.43,245.65,245.23,245.57,94323
9124,2024-02-21 11:15:00,245.56,245.75,245.34,245.75,78711
9125,2024-02-21 11:45:00,245.75,245.85,245.51,245.69,175167
9126,2024-02-21 12:15:00,245.7,245.92,245.7,245.81,92811
9127,2024-02-21 12:45:00,245.81,246.0,245.7,245.86,271594
9128,2024-02-21 13:15:00,245.9,245.93,245.65,245.75,334371
9129,2024-02-21 13:45:00,245.74,245.74,244.6,244.69,460794
9130,2024-02-21 14:15:00,244.71,245.02,243.5,243.8,687377
9131,2024-02-21 14:45:00,243.8,244.25,243.5,244.16,345601
9132,2024-02-21 15:15:00,244.23,244.3,243.5,243.87,216396
9133,2024-02-22 09:15:00,243.76,244.33,243.4,244.17,284295
9134,2024-02-22 09:45:00,244.21,244.35,242.75,243.14,389783
9135,2024-02-22 10:15:00,243.14,243.22,242.6,243.18,319159
9136,2024-02-22 10:45:00,243.02,243.15,242.47,243.07,160952
9137,2024-02-22 11:15:00,243.0,243.37,242.75,243.36,257634
9138,2024-02-22 11:45:00,243.35,243.5,243.0,243.48,268726
9139,2024-02-22 12:15:00,243.48,243.5,243.2,243.4,80881
9140,2024-02-22 12:45:00,243.4,243.45,243.01,243.35,164899
9141,2024-02-22 13:15:00,243.35,243.95,243.15,243.89,139893
9142,2024-02-22 13:45:00,243.86,244.75,243.86,244.45,167924
9143,2024-02-22 14:15:00,244.33,244.8,244.03,244.69,80983
9144,2024-02-22 14:45:00,244.73,245.99,244.73,245.83,398795
9145,2024-02-22 15:15:00,245.83,246.2,245.7,245.79,242836
9146,2024-02-23 09:15:00,246.17,246.38,245.75,246.18,174880
9147,2024-02-23 09:45:00,246.18,246.47,245.91,246.47,582211
9148,2024-02-23 10:15:00,246.48,246.72,245.8,246.06,420580
9149,2024-02-23 10:45:00,246.06,246.55,245.95,246.39,157465
9150,2024-02-23 11:15:00,246.39,246.45,246.16,246.25,110537
9151,2024-02-23 11:45:00,246.25,246.4,245.95,246.07,144006
9152,2024-02-23 12:15:00,246.07,246.37,245.97,246.22,82482
9153,2024-02-23 12:45:00,246.26,246.4,245.96,246.18,140184
9154,2024-02-23 13:15:00,246.18,246.25,245.5,245.85,96989
9155,2024-02-23 13:45:00,246.0,246.12,245.75,245.83,61908
9156,2024-02-23 14:15:00,245.78,246.07,245.75,246.04,129395
9157,2024-02-23 14:45:00,246.04,246.07,245.75,245.8,147956
9158,2024-02-23 15:15:00,245.76,245.81,245.36,245.69,158094
9159,2024-02-26 09:15:00,245.5,245.69,245.13,245.47,261721
9160,2024-02-26 09:45:00,245.5,245.66,244.75,244.94,321421
9161,2024-02-26 10:15:00,245.0,245.1,244.6,244.7,125997
9162,2024-02-26 10:45:00,244.79,244.97,244.59,244.88,108981
9163,2024-02-26 11:15:00,244.88,244.98,244.68,244.8,154774
9164,2024-02-26 11:45:00,244.8,244.89,244.51,244.52,134176
9165,2024-02-26 12:15:00,244.52,244.78,244.3,244.66,217119
9166,2024-02-26 12:45:00,244.66,245.27,244.53,245.15,202340
9167,2024-02-26 13:15:00,245.04,245.25,244.81,244.98,48957
9168,2024-02-26 13:45:00,244.98,245.35,244.92,245.17,53086
9169,2024-02-26 14:15:00,245.16,245.3,244.91,245.0,67293
9170,2024-02-26 14:45:00,245.0,245.0,244.73,244.95,123528
9171,2024-02-26 15:15:00,244.95,245.24,244.71,244.87,100607
9172,2024-02-27 09:15:00,244.37,245.17,244.37,244.95,162506
9173,2024-02-27 09:45:00,244.95,245.15,244.75,244.82,149063
9174,2024-02-27 10:15:00,244.83,244.89,244.68,244.85,70305
9175,2024-02-27 10:45:00,244.85,245.05,244.8,245.05,106839
9176,2024-02-27 11:15:00,244.93,245.06,244.87,245.0,186527
9177,2024-02-27 11:45:00,245.0,245.0,244.4,244.67,162858
9178,2024-02-27 12:15:00,244.67,245.0,244.48,244.87,193336
9179,2024-02-27 12:45:00,244.87,245.64,244.85,245.59,440594
9180,2024-02-27 13:15:00,245.58,245.71,245.17,245.2,300695
9181,2024-02-27 13:45:00,245.06,245.25,244.72,245.15,194169
9182,2024-02-27 14:15:00,245.15,245.42,244.87,245.25,196233
9183,2024-02-27 14:45:00,245.38,245.71,245.08,245.48,190897
9184,2024-02-27 15:15:00,245.46,245.56,245.2,245.5,53836
9185,2024-02-28 09:15:00,245.86,245.86,245.25,245.51,125263
9186,2024-02-28 09:45:00,245.55,245.8,245.26,245.7,85266
9187,2024-02-28 10:15:00,245.69,245.83,245.32,245.49,59189
9188,2024-02-28 10:45:00,245.4,245.49,243.95,244.42,348139
9189,2024-02-28 11:15:00,244.43,244.6,244.06,244.06,129623
9190,2024-02-28 11:45:00,244.01,244.26,243.81,244.24,186022
9191,2024-02-28 12:15:00,244.12,244.41,244.0,244.2,236458
9192,2024-02-28 12:45:00,244.2,244.21,243.15,243.18,268793
9193,2024-02-28 13:15:00,243.19,243.91,243.18,243.91,244116
9194,2024-02-28 13:45:00,243.91,244.32,243.7,244.2,148818
9195,2024-02-28 14:15:00,244.1,244.2,243.43,243.45,147665
9196,2024-02-28 14:45:00,243.54,243.95,243.1,243.24,311002
9197,2024-02-28 15:15:00,243.22,243.25,242.75,243.07,256134
9198,2024-02-29 09:15:00,242.9,243.3,242.5,242.9,253990
9199,2024-02-29 09:45:00,242.82,243.51,242.24,242.27,330420
9200,2024-02-29 10:15:00,242.32,242.79,242.28,242.79,202941
9201,2024-02-29 10:45:00,242.78,243.43,242.5,243.43,138800
9202,2024-02-29 11:15:00,243.31,243.51,243.0,243.3,140315
9203,2024-02-29 11:45:00,243.28,243.49,243.1,243.31,190986
9204,2024-02-29 12:15:00,243.22,243.4,242.62,243.31,278998
9205,2024-02-29 12:45:00,243.24,243.24,242.8,243.1,166274
9206,2024-02-29 13:15:00,243.05,243.25,242.6,242.82,189822
9207,2024-02-29 13:45:00,242.8,243.15,242.64,242.92,207374
9208,2024-02-29 14:15:00,242.94,243.1,242.5,242.95,291086
9209,2024-02-29 14:45:00,242.97,243.38,242.5,243.37,618328
9210,2024-02-29 15:15:00,243.45,244.01,243.25,243.25,183768
9211,2024-03-01 09:15:00,244.19,244.98,244.19,244.98,227996
9212,2024-03-01 09:45:00,244.98,245.27,244.78,245.2,147566
9213,2024-03-01 10:15:00,245.26,245.44,245.2,245.28,219562
9214,2024-03-01 10:45:00,245.28,245.58,245.18,245.55,124726
9215,2024-03-01 11:15:00,245.53,246.24,245.42,246.12,257269
9216,2024-03-01 11:45:00,246.12,246.4,245.97,246.2,149502
9217,2024-03-01 12:15:00,246.25,246.46,246.13,246.46,122931
9218,2024-03-01 12:45:00,246.38,246.53,246.15,246.26,113768
9219,2024-03-01 13:15:00,246.25,246.6,246.15,246.5,76916
9220,2024-03-01 13:45:00,246.5,246.89,246.43,246.8,139910
9221,2024-03-01 14:15:00,246.83,246.94,246.72,246.9,261940
9222,2024-03-01 14:45:00,246.96,246.99,246.75,246.87,201128
9223,2024-03-01 15:15:00,246.78,246.9,246.59,246.85,120853
9224,2024-03-02 09:15:00,247.24,247.54,247.0,247.34,138109
9225,2024-03-02 09:45:00,247.34,247.49,247.28,247.4,42086
9226,2024-03-02 11:15:00,247.4,247.69,247.09,247.3,50703
9227,2024-03-02 11:45:00,247.3,247.39,247.18,247.32,80607
9228,2024-03-02 12:15:00,247.22,247.45,247.22,247.31,33573
9229,2024-03-02 12:45:00,247.31,247.31,247.31,247.31,65
9230,2024-03-04 09:15:00,247.9,248.0,247.36,247.59,389100
9231,2024-03-04 09:45:00,247.5,247.75,247.31,247.7,142617
9232,2024-03-04 10:15:00,247.7,248.0,247.57,247.99,126030
9233,2024-03-04 10:45:00,247.9,248.08,247.5,247.75,394342
9234,2024-03-04 11:15:00,247.75,247.97,247.5,247.89,233947
9235,2024-03-04 11:45:00,247.88,247.99,247.62,247.92,286263
9236,2024-03-04 12:15:00,247.92,248.15,247.8,248.04,295382
9237,2024-03-04 12:45:00,248.05,248.13,247.61,248.05,223940
9238,2024-03-04 13:15:00,248.0,248.15,247.85,248.03,225168
9239,2024-03-04 13:45:00,248.03,248.22,247.61,248.19,292225
9240,2024-03-04 14:15:00,248.24,248.3,247.8,248.03,214544
9241,2024-03-04 14:45:00,247.92,248.18,247.85,248.1,208386
9242,2024-03-04 15:15:00,248.1,248.1,247.59,247.83,223702
9243,2024-03-05 09:15:00,247.7,247.7,247.05,247.59,162717
9244,2024-03-05 09:45:00,247.59,247.59,247.1,247.31,109217
9245,2024-03-05 10:15:00,247.31,247.31,246.74,247.09,339315
9246,2024-03-05 10:45:00,247.1,247.19,246.95,247.03,509214
9247,2024-03-05 11:15:00,247.03,247.38,246.8,247.37,80230
9248,2024-03-05 11:45:00,247.37,247.55,247.23,247.44,80889
9249,2024-03-05 12:15:00,247.53,247.53,247.1,247.25,47072
9250,2024-03-05 12:45:00,247.25,247.97,247.2,247.85,167853
9251,2024-03-05 13:15:00,247.71,247.9,247.6,247.6,84824
9252,2024-03-05 13:45:00,247.6,247.66,247.17,247.31,83966
9253,2024-03-05 14:15:00,247.31,247.59,247.16,247.41,75990
9254,2024-03-05 14:45:00,247.47,247.58,247.15,247.33,67908
9255,2024-03-05 15:15:00,247.36,247.44,247.17,247.34,89815
9256,2024-03-06 09:15:00,246.92,247.5,246.61,247.5,267854
9257,2024-03-06 09:45:00,247.49,247.5,246.49,247.0,241544
9258,2024-03-06 10:15:00,246.9,247.09,246.5,246.81,236910
9259,2024-03-06 10:45:00,246.9,246.97,246.61,246.7,183280
9260,2024-03-06 11:15:00,246.7,246.79,246.11,246.29,285628
9261,2024-03-06 11:45:00,246.3,246.6,246.2,246.4,129058
9262,2024-03-06 12:15:00,246.4,246.74,246.33,246.64,119381
9263,2024-03-06 12:45:00,246.64,246.75,246.45,246.75,72032
9264,2024-03-06 13:15:00,246.75,247.17,246.47,247.05,100386
9265,2024-03-06 13:45:00,247.09,247.89,247.05,247.89,253097
9266,2024-03-06 14:15:00,247.9,248.67,247.68,248.52,210722
9267,2024-03-06 14:45:00,248.55,248.75,248.3,248.52,172840
9268,2024-03-06 15:15:00,248.51,248.74,248.51,248.62,151481
9269,2024-03-07 09:15:00,248.84,248.94,248.3,248.5,286713
9270,2024-03-07 09:45:00,248.5,248.79,248.13,248.73,169847
9271,2024-03-07 10:15:00,248.74,248.76,248.2,248.2,100674
9272,2024-03-07 10:45:00,248.27,248.89,248.13,248.87,218388
9273,2024-03-07 11:15:00,248.87,248.9,248.51,248.66,138337
9274,2024-03-07 11:45:00,248.55,248.8,248.55,248.74,89719
9275,2024-03-07 12:15:00,248.78,248.79,248.56,248.77,86849
9276,2024-03-07 12:45:00,248.7,248.79,248.66,248.76,146714
9277,2024-03-07 13:15:00,248.76,248.85,248.72,248.84,86661
9278,2024-03-07 13:45:00,248.84,248.99,248.61,248.7,272479
9279,2024-03-07 14:15:00,248.7,248.95,248.64,248.66,103018
9280,2024-03-07 14:45:00,248.68,248.85,248.56,248.75,483943
9281,2024-03-07 15:15:00,248.75,248.77,248.5,248.67,285712
9282,2024-03-11 09:15:00,248.35,249.11,248.35,248.67,443366
9283,2024-03-11 09:45:00,248.64,248.7,248.3,248.36,123107
9284,2024-03-11 10:15:00,248.3,248.65,248.25,248.44,96835
9285,2024-03-11 10:45:00,248.44,248.5,248.13,248.33,205967
9286,2024-03-11 11:15:00,248.22,248.44,248.1,248.26,100415
9287,2024-03-11 11:45:00,248.26,248.36,247.84,247.92,412555
9288,2024-03-11 12:15:00,247.92,248.36,247.8,248.32,216997
9289,2024-03-11 12:45:00,248.21,248.36,248.05,248.14,130293
9290,2024-03-11 13:15:00,248.14,248.36,248.0,248.22,124378
9291,2024-03-11 13:45:00,248.1,248.3,248.0,248.01,129450
9292,2024-03-11 14:15:00,247.99,248.04,247.6,248.03,160579
9293,2024-03-11 14:45:00,248.04,248.32,247.1,247.25,317902
9294,2024-03-11 15:15:00,247.25,247.45,247.07,247.45,177101
9295,2024-03-12 09:15:00,247.26,248.24,247.14,248.24,211184
9296,2024-03-12 09:45:00,248.24,248.55,248.07,248.52,226381
9297,2024-03-12 10:15:00,248.52,248.54,247.67,247.67,124105
9298,2024-03-12 10:45:00,247.68,247.9,246.65,247.73,679199
9299,2024-03-12 11:15:00,247.5,247.96,247.39,247.44,168987
9300,2024-03-12 11:45:00,247.36,247.8,247.25,247.6,103690
9301,2024-03-12 12:15:00,247.6,247.7,247.51,247.68,73460
9302,2024-03-12 12:45:00,247.68,247.74,247.41,247.7,667106
9303,2024-03-12 13:15:00,247.7,247.8,247.55,247.76,114832
9304,2024-03-12 13:45:00,247.76,247.9,247.6,247.61,155889
9305,2024-03-12 14:15:00,247.6,247.8,247.2,247.35,425244
9306,2024-03-12 14:45:00,247.35,247.69,247.23,247.45,221085
9307,2024-03-12 15:15:00,247.44,247.54,247.25,247.42,239029
9308,2024-03-13 09:15:00,248.18,248.18,247.05,247.13,467183
9309,2024-03-13 09:45:00,247.24,247.46,246.61,247.45,377550
9310,2024-03-13 10:15:00,247.48,247.48,246.86,247.21,183942
9311,2024-03-13 10:45:00,247.27,247.29,246.18,246.37,450989
9312,2024-03-13 11:15:00,246.37,246.56,245.2,245.41,369927
9313,2024-03-13 11:45:00,245.39,245.41,244.7,244.7,548606
9314,2024-03-13 12:15:00,244.73,245.08,244.31,244.8,773748
9315,2024-03-13 12:45:00,244.8,245.18,244.68,244.97,293951
9316,2024-03-13 13:15:00,244.99,245.0,244.41,244.55,363991
9317,2024-03-13 13:45:00,244.51,244.51,243.8,243.87,450019
9318,2024-03-13 14:15:00,243.9,243.9,242.8,243.06,845415
9319,2024-03-13 14:45:00,243.06,244.18,242.96,243.53,831986
9320,2024-03-13 15:15:00,243.5,243.8,243.27,243.71,438091
9321,2024-03-14 09:15:00,243.17,244.12,243.0,243.69,960025
9322,2024-03-14 09:45:00,243.84,244.24,243.54,243.92,234657
9323,2024-03-14 10:15:00,243.96,244.74,243.86,244.46,324692
9324,2024-03-14 10:45:00,244.5,244.88,244.4,244.79,1601056
9325,2024-03-14 11:15:00,244.78,245.6,244.56,245.6,288455
9326,2024-03-14 11:45:00,245.6,245.69,245.33,245.55,450622
9327,2024-03-14 12:15:00,245.55,245.9,245.31,245.4,194273
9328,2024-03-14 12:45:00,245.36,245.64,245.13,245.39,194627
9329,2024-03-14 13:15:00,245.53,245.64,245.01,245.17,155669
9330,2024-03-14 13:45:00,245.11,245.25,244.61,244.85,173801
9331,2024-03-14 14:15:00,244.85,245.32,244.76,245.08,63215
9332,2024-03-14 14:45:00,245.01,245.52,244.9,245.51,404646
9333,2024-03-14 15:15:00,245.44,245.64,245.15,245.39,199833
9334,2024-03-15 09:15:00,244.41,244.89,243.93,244.12,249014
9335,2024-03-15 09:45:00,244.18,244.43,243.6,243.98,367331
9336,2024-03-15 10:15:00,243.9,244.07,242.87,243.05,639639
9337,2024-03-15 10:45:00,243.05,243.36,242.85,242.99,259746
9338,2024-03-15 11:15:00,243.0,243.24,242.86,243.08,166229
9339,2024-03-15 11:45:00,243.09,243.37,242.7,242.8,237527
9340,2024-03-15 12:15:00,242.93,243.02,242.66,242.76,371189
9341,2024-03-15 12:45:00,242.77,243.45,242.77,243.39,294225
9342,2024-03-15 13:15:00,243.39,244.0,243.11,243.94,588543
9343,2024-03-15 13:45:00,243.83,244.0,243.44,243.57,177317
9344,2024-03-15 14:15:00,243.65,243.69,243.21,243.55,186192
9345,2024-03-15 14:45:00,243.58,244.02,243.48,243.77,210072
9346,2024-03-15 15:15:00,243.7,243.97,243.56,243.8,539738
9347,2024-03-18 09:15:00,243.99,244.09,243.01,243.09,278534
9348,2024-03-18 09:45:00,243.21,243.89,243.01,243.47,205877
9349,2024-03-18 10:15:00,243.47,244.05,243.47,243.62,294225
9350,2024-03-18 10:45:00,243.62,243.87,243.27,243.31,236008
9351,2024-03-18 11:15:00,243.2,243.49,242.9,243.48,201804
9352,2024-03-18 11:45:00,243.48,243.94,243.3,243.67,74911
9353,2024-03-18 12:15:00,243.67,244.42,243.67,244.2,321169
9354,2024-03-18 12:45:00,244.2,244.46,244.0,244.4,182775
9355,2024-03-18 13:15:00,244.4,244.46,244.05,244.16,91310
9356,2024-03-18 13:45:00,244.15,244.39,244.0,244.04,80867
9357,2024-03-18 14:15:00,244.04,244.79,244.04,244.5,184867
9358,2024-03-18 14:45:00,244.5,244.59,243.8,243.95,239265
9359,2024-03-18 15:15:00,243.99,244.14,243.75,243.98,93257
9360,2024-03-19 09:15:00,243.27,243.28,242.75,243.14,445017
9361,2024-03-19 09:45:00,243.24,243.24,242.09,242.32,422638
9362,2024-03-19 10:15:00,242.41,242.45,241.85,242.29,484038
9363,2024-03-19 10:45:00,242.24,242.29,241.88,242.0,237386
9364,2024-03-19 11:15:00,242.0,242.22,241.63,241.68,300946
9365,2024-03-19 11:45:00,241.7,242.0,241.66,241.76,619330
9366,2024-03-19 12:15:00,241.8,242.18,241.76,242.1,185868
9367,2024-03-19 12:45:00,242.1,242.23,242.01,242.23,158606
9368,2024-03-19 13:15:00,242.23,242.23,242.0,242.13,161240
9369,2024-03-19 13:45:00,242.13,242.24,241.68,241.79,703705
9370,2024-03-19 14:15:00,241.78,242.12,241.53,242.0,658576
9371,2024-03-19 14:45:00,242.0,242.0,241.55,241.65,308006
9372,2024-03-19 15:15:00,241.65,241.65,241.5,241.6,361341
9373,2024-03-20 09:15:00,241.99,242.49,241.71,242.22,228475
9374,2024-03-20 09:45:00,242.23,242.41,241.12,241.24,366238
9375,2024-03-20 10:15:00,241.24,241.44,240.71,240.8,296534
9376,2024-03-20 10:45:00,240.8,241.57,240.55,241.46,350931
9377,2024-03-20 11:15:00,241.49,242.0,241.15,241.85,133621
9378,2024-03-20 11:45:00,242.0,242.18,241.73,241.73,120733
9379,2024-03-20 12:15:00,241.78,242.33,241.73,242.33,279125
9380,2024-03-20 12:45:00,242.33,242.77,242.25,242.55,380525
9381,2024-03-20 13:15:00,242.66,242.79,242.21,242.39,331781
9382,2024-03-20 13:45:00,242.39,242.46,241.65,241.8,264157
9383,2024-03-20 14:15:00,241.8,242.0,241.54,241.74,163736
9384,2024-03-20 14:45:00,241.74,241.82,241.5,241.6,125428
9385,2024-03-20 15:15:00,241.6,241.88,241.51,241.58,135995
9386,2024-03-21 09:15:00,243.17,243.76,243.15,243.74,642466
9387,2024-03-21 09:45:00,243.74,244.14,243.5,244.1,305031
9388,2024-03-21 10:15:00,244.12,244.14,243.86,244.03,126718
9389,2024-03-21 10:45:00,244.03,244.23,244.0,244.1,105858
9390,2024-03-21 11:15:00,244.1,244.12,243.7,243.81,79364
9391,2024-03-21 11:45:00,243.81,243.95,243.2,243.26,257872
9392,2024-03-21 12:15:00,243.26,243.57,243.1,243.52,264773
9393,2024-03-21 12:45:00,243.52,243.75,243.43,243.68,65248
9394,2024-03-21 13:15:00,243.67,243.91,243.6,243.75,104169
9395,2024-03-21 13:45:00,243.75,243.75,243.5,243.52,113046
9396,2024-03-21 14:15:00,243.53,243.81,243.53,243.67,143603
9397,2024-03-21 14:45:00,243.67,244.11,243.55,244.11,399265
9398,2024-03-21 15:15:00,244.11,244.11,243.8,243.99,82234
9399,2024-03-22 09:15:00,243.1,243.48,242.53,243.27,458206
9400,2024-03-22 09:45:00,243.11,243.85,242.85,243.83,188051
9401,2024-03-22 10:15:00,243.73,244.4,243.7,244.2,313832
9402,2024-03-22 10:45:00,244.23,244.39,244.01,244.36,126775
9403,2024-03-22 11:15:00,244.31,244.88,244.3,244.73,217539
9404,2024-03-22 11:45:00,244.79,244.79,244.3,244.34,138980
9405,2024-03-22 12:15:00,244.34,244.5,244.09,244.37,99637
9406,2024-03-22 12:45:00,244.5,244.85,244.37,244.76,196192
9407,2024-03-22 13:15:00,244.76,244.81,244.55,244.6,130524
9408,2024-03-22 13:45:00,244.65,244.95,244.6,244.91,122789
9409,2024-03-22 14:15:00,244.93,245.39,244.82,245.18,193379
9410,2024-03-22 14:45:00,245.18,245.4,244.4,244.4,435323
9411,2024-03-22 15:15:00,244.52,244.74,244.1,244.74,157004
9412,2024-03-26 09:15:00,243.73,244.44,243.71,243.88,297932
9413,2024-03-26 09:45:00,243.86,244.3,243.71,244.1,181643
9414,2024-03-26 10:15:00,244.1,244.44,243.87,244.11,104493
9415,2024-03-26 10:45:00,244.08,244.2,243.92,244.05,169972
9416,2024-03-26 11:15:00,244.05,244.18,243.95,244.18,134911
9417,2024-03-26 11:45:00,244.18,244.24,243.86,244.0,248554
9418,2024-03-26 12:15:00,244.0,244.34,243.92,244.14,123416
9419,2024-03-26 12:45:00,244.14,244.33,244.06,244.18,119555
9420,2024-03-26 13:15:00,244.26,244.43,244.01,244.12,86915
9421,2024-03-26 13:45:00,244.12,244.28,244.0,244.12,93665
9422,2024-03-26 14:15:00,244.12,244.23,243.89,243.94,126727
9423,2024-03-26 14:45:00,243.94,243.97,243.7,243.82,215537
9424,2024-03-26 15:15:00,243.83,243.84,243.68,243.79,150158
9425,2024-03-27 09:15:00,244.32,244.53,243.91,244.49,233262
9426,2024-03-27 09:45:00,244.41,245.05,244.36,244.99,241444
9427,2024-03-27 10:15:00,244.98,245.15,244.83,245.1,163748
9428,2024-03-27 10:45:00,245.02,245.1,244.75,244.99,121738
9429,2024-03-27 11:15:00,244.99,245.0,244.88,244.99,133271
9430,2024-03-27 11:45:00,245.0,245.18,244.8,244.99,190269
9431,2024-03-27 12:15:00,244.99,245.05,244.8,244.93,69278
9432,2024-03-27 12:45:00,244.93,245.0,244.77,244.89,93275
9433,2024-03-27 13:15:00,244.89,245.1,244.78,245.09,77753
9434,2024-03-27 13:45:00,245.09,245.36,245.0,245.24,222409
9435,2024-03-27 14:15:00,245.24,245.44,245.02,245.17,341431
9436,2024-03-27 14:45:00,245.07,245.17,244.7,244.9,288592
9437,2024-03-27 15:15:00,244.85,245.0,244.8,244.96,685030
9438,2024-03-28 09:15:00,245.5,245.99,245.07,245.99,265124
9439,2024-03-28 09:45:00,245.96,246.57,245.86,246.5,261768
9440,2024-03-28 10:15:00,246.5,246.92,246.25,246.77,687164
9441,2024-03-28 10:45:00,246.77,247.07,246.66,247.07,346657
9442,2024-03-28 11:15:00,247.08,247.22,246.84,247.14,354659
9443,2024-03-28 11:45:00,247.14,247.15,246.61,246.73,110156
9444,2024-03-28 12:15:00,246.73,247.7,246.64,247.62,272212
9445,2024-03-28 12:45:00,247.63,247.8,247.41,247.55,174784
9446,2024-03-28 13:15:00,247.55,247.89,247.5,247.6,787547
9447,2024-03-28 13:45:00,247.67,248.15,247.5,247.89,933016
9448,2024-03-28 14:15:00,247.97,248.68,247.97,248.6,526117
9449,2024-03-28 14:45:00,248.5,248.58,246.58,246.81,1045643
9450,2024-03-28 15:15:00,246.78,247.15,246.4,246.96,703516
9451,2024-04-01 09:15:00,248.32,248.98,247.97,248.7,723445
9452,2024-04-01 09:45:00,248.7,249.17,248.61,249.05,518050
9453,2024-04-01 10:15:00,249.05,249.08,248.73,248.91,329315
9454,2024-04-01 10:45:00,248.91,248.91,248.43,248.78,271997
9455,2024-04-01 11:15:00,248.78,248.88,248.31,248.5,197402
9456,2024-04-01 11:45:00,248.5,248.67,248.25,248.36,211301
9457,2024-04-01 12:15:00,248.35,248.49,248.17,248.32,212457
9458,2024-04-01 12:45:00,248.32,248.42,248.0,248.03,224155
9459,2024-04-01 13:15:00,248.16,248.24,248.0,248.16,205846
9460,2024-04-01 13:45:00,248.19,248.25,248.0,248.16,295357
9461,2024-04-01 14:15:00,248.1,248.24,247.81,247.81,199259
9462,2024-04-01 14:45:00,247.81,248.24,247.81,248.24,235686
9463,2024-04-01 15:15:00,248.23,248.49,248.15,248.19,140346
9464,2024-04-02 09:15:00,248.13,248.7,247.75,248.55,624207
9465,2024-04-02 09:45:00,248.69,248.7,248.19,248.39,212188
9466,2024-04-02 10:15:00,248.39,248.5,248.12,248.2,159179
9467,2024-04-02 10:45:00,248.35,248.47,248.03,248.4,106868
9468,2024-04-02 11:15:00,248.4,248.5,248.15,248.39,139652
9469,2024-04-02 11:45:00,248.39,248.43,248.25,248.43,82941
9470,2024-04-02 12:15:00,248.43,248.45,248.26,248.3,97181
9471,2024-04-02 12:45:00,248.4,248.44,248.25,248.3,117117
9472,2024-04-02 13:15:00,248.36,248.44,248.15,248.4,149990
9473,2024-04-02 13:45:00,248.39,248.44,248.2,248.42,218439
9474,2024-04-02 14:15:00,248.42,248.48,248.3,248.47,780323
9475,2024-04-02 14:45:00,248.47,248.74,248.35,248.73,282895
9476,2024-04-02 15:15:00,248.69,248.9,248.6,248.65,172725
9477,2024-04-03 09:15:00,248.32,248.32,247.63,247.86,388960
9478,2024-04-03 09:45:00,247.86,248.46,247.8,248.36,382759
9479,2024-04-03 10:15:00,248.36,248.58,248.21,248.42,230709
9480,2024-04-03 10:45:00,248.42,248.61,248.21,248.56,174121
9481,2024-04-03 11:15:00,248.44,248.89,248.44,248.78,139985
9482,2024-04-03 11:45:00,248.78,249.05,248.68,249.05,158701
9483,2024-04-03 12:15:00,249.05,249.3,249.01,249.29,586199
9484,2024-04-03 12:45:00,249.3,249.45,249.13,249.21,156478
9485,2024-04-03 13:15:00,249.22,249.29,249.03,249.26,128325
9486,2024-04-03 13:45:00,249.2,249.28,248.81,249.15,270750
9487,2024-04-03 14:15:00,249.15,249.15,248.65,248.74,196551
9488,2024-04-03 14:45:00,248.74,248.85,248.5,248.59,229404
9489,2024-04-03 15:15:00,248.56,248.8,248.46,248.59,143841
9490,2024-04-04 09:15:00,249.87,249.95,248.86,248.94,402327
9491,2024-04-04 09:45:00,248.81,249.08,248.01,248.04,440709
9492,2024-04-04 10:15:00,248.04,248.7,248.04,248.39,170408
9493,2024-04-04 10:45:00,248.43,248.54,247.23,248.35,513800
9494,2024-04-04 11:15:00,248.35,248.4,247.5,247.84,509321
9495,2024-04-04 11:45:00,247.99,248.2,247.86,248.07,110109
9496,2024-04-04 12:15:00,248.08,248.67,247.95,248.65,108159
9497,2024-04-04 12:45:00,248.65,248.88,248.54,248.83,98459
9498,2024-04-04 13:15:00,248.71,249.81,248.71,249.5,259320
9499,2024-04-04 13:45:00,249.44,249.55,248.99,249.31,328466
9500,2024-04-04 14:15:00,249.4,249.67,249.25,249.66,234709
9501,2024-04-04 14:45:00,249.66,249.71,248.95,249.28,1025057
9502,2024-04-04 15:15:00,249.3,249.81,249.23,249.23,386992
9503,2024-04-05 09:15:00,248.58,249.03,248.5,248.8,266244
9504,2024-04-05 09:45:00,248.8,249.04,248.73,248.9,209881
9505,2024-04-05 10:15:00,248.9,249.12,248.75,249.1,220503
9506,2024-04-05 10:45:00,249.1,249.2,248.98,249.2,145274
9507,2024-04-05 11:15:00,249.2,249.2,248.82,249.14,149242
9508,2024-04-05 11:45:00,249.14,249.14,248.92,248.96,164416
9509,2024-04-05 12:15:00,248.96,249.33,248.96,249.18,215633
9510,2024-04-05 12:45:00,249.18,249.32,249.0,249.05,406738
9511,2024-04-05 13:15:00,249.05,249.3,249.0,249.16,149398
9512,2024-04-05 13:45:00,249.15,249.5,249.12,249.25,113601
9513,2024-04-05 14:15:00,249.25,249.36,249.02,249.15,246145
9514,2024-04-05 14:45:00,249.15,249.32,249.04,249.24,345957
9515,2024-04-05 15:15:00,249.24,249.37,248.85,249.05,802094
9516,2024-04-08 09:15:00,249.52,250.1,249.15,250.0,548375
9517,2024-04-08 09:45:00,250.0,250.1,249.9,249.98,468503
9518,2024-04-08 10:15:00,249.96,250.0,249.74,249.95,182125
9519,2024-04-08 10:45:00,249.95,250.0,249.77,249.99,95590
9520,2024-04-08 11:15:00,249.99,250.2,249.9,250.2,719285
9521,2024-04-08 11:45:00,250.2,250.25,250.1,250.17,85908
9522,2024-04-08 12:15:00,250.21,250.6,250.18,250.5,222208
9523,2024-04-08 12:45:00,250.59,250.81,250.4,250.81,391850
9524,2024-04-08 13:15:00,250.81,250.89,250.17,250.57,223385
9525,2024-04-08 13:45:00,250.7,250.7,250.32,250.62,228908
9526,2024-04-08 14:15:00,250.69,250.95,250.59,250.79,309903
9527,2024-04-08 14:45:00,250.81,250.88,250.57,250.8,319564
9528,2024-04-08 15:15:00,250.8,250.84,250.63,250.75,162237
9529,2024-04-09 09:15:00,251.65,251.65,250.8,251.3,380113
9530,2024-04-09 09:45:00,251.3,251.68,251.3,251.63,181459
9531,2024-04-09 10:15:00,251.6,251.69,251.6,251.65,181476
9532,2024-04-09 10:45:00,251.63,251.66,251.41,251.48,127256
9533,2024-04-09 11:15:00,251.41,251.65,251.39,251.62,100565
9534,2024-04-09 11:45:00,251.62,251.65,251.35,251.35,120179
9535,2024-04-09 12:15:00,251.35,251.51,250.86,251.0,102335
9536,2024-04-09 12:45:00,251.0,251.24,250.93,251.07,76681
9537,2024-04-09 13:15:00,251.02,251.08,250.6,250.66,120304
9538,2024-04-09 13:45:00,250.65,250.75,250.41,250.42,193067
9539,2024-04-09 14:15:00,250.4,251.01,250.4,250.65,383461
9540,2024-04-09 14:45:00,250.64,250.98,250.64,250.9,200788
9541,2024-04-09 15:15:00,250.9,250.97,250.58,250.74,197362
9542,2024-04-10 09:15:00,251.19,251.4,251.0,251.34,137173
9543,2024-04-10 09:45:00,251.21,251.38,250.96,251.14,155210
9544,2024-04-10 10:15:00,251.2,251.2,250.97,251.18,157587
9545,2024-04-10 10:45:00,251.1,251.2,250.96,251.13,190428
9546,2024-04-10 11:15:00,251.13,251.13,250.75,250.8,91507
9547,2024-04-10 11:45:00,250.8,251.07,250.78,251.05,41314
9548,2024-04-10 12:15:00,251.04,251.16,250.91,251.09,49404
9549,2024-04-10 12:45:00,251.09,251.15,250.86,251.15,43595
9550,2024-04-10 13:15:00,251.15,251.31,251.01,251.26,64280
9551,2024-04-10 13:45:00,251.26,251.32,250.99,251.27,285502
9552,2024-04-10 14:15:00,251.25,251.49,251.15,251.49,250433
9553,2024-04-10 14:45:00,251.5,251.67,251.4,251.56,331319
9554,2024-04-10 15:15:00,251.56,251.61,251.3,251.57,153655
9555,2024-04-12 09:15:00,250.72,251.34,250.5,250.56,315649
9556,2024-04-12 09:45:00,250.55,250.84,250.46,250.7,301803
9557,2024-04-12 10:15:00,250.73,250.94,250.52,250.91,231382
9558,2024-04-12 10:45:00,250.93,250.96,250.75,250.87,114215
9559,2024-04-12 11:15:00,250.83,251.19,250.83,251.15,177254
9560,2024-04-12 11:45:00,251.15,251.3,251.0,251.15,149679
9561,2024-04-12 12:15:00,251.15,251.15,249.82,250.23,870448
9562,2024-04-12 12:45:00,250.22,250.41,249.83,249.99,193979
9563,2024-04-12 13:15:00,249.99,250.29,249.93,250.1,368382
9564,2024-04-12 13:45:00,250.08,250.28,249.77,249.83,309682
9565,2024-04-12 14:15:00,249.84,250.06,249.72,249.74,301656
9566,2024-04-12 14:45:00,249.74,249.89,249.51,249.58,613131
9567,2024-04-12 15:15:00,249.59,250.05,249.33,249.56,415918
9568,2024-04-15 09:15:00,247.3,248.0,246.82,247.02,1084318
9569,2024-04-15 09:45:00,247.03,248.19,247.0,247.85,546953
9570,2024-04-15 10:15:00,247.84,248.09,247.72,248.0,986252
9571,2024-04-15 10:45:00,248.0,248.35,247.82,247.88,1183682
9572,2024-04-15 11:15:00,247.8,248.15,247.79,248.0,392951
9573,2024-04-15 11:45:00,248.01,248.23,247.73,248.12,206583
9574,2024-04-15 12:15:00,248.24,248.25,247.74,247.82,245773
9575,2024-04-15 12:45:00,247.82,247.9,247.31,247.54,238020
9576,2024-04-15 13:15:00,247.54,247.75,247.36,247.5,175000
9577,2024-04-15 13:45:00,247.5,247.64,247.4,247.59,176573
9578,2024-04-15 14:15:00,247.58,247.58,247.18,247.2,240599
9579,2024-04-15 14:45:00,247.2,247.29,246.75,246.85,562859
9580,2024-04-15 15:15:00,246.85,247.1,246.8,246.87,337428
9581,2024-04-16 09:15:00,245.76,246.12,245.32,245.99,718151
9582,2024-04-16 09:45:00,246.0,246.1,245.73,245.94,234511
9583,2024-04-16 10:15:00,245.9,246.06,245.54,245.9,322139
9584,2024-04-16 10:45:00,245.89,246.03,245.76,246.0,151440
9585,2024-04-16 11:15:00,246.0,246.1,245.78,245.81,130880
9586,2024-04-16 11:45:00,245.88,245.88,245.45,245.5,238690
9587,2024-04-16 12:15:00,245.5,245.5,245.11,245.18,286120
9588,2024-04-16 12:45:00,245.17,245.32,244.93,244.98,493102
9589,2024-04-16 13:15:00,244.91,245.25,244.69,245.06,350602
9590,2024-04-16 13:45:00,245.15,245.49,245.08,245.35,176454
9591,2024-04-16 14:15:00,245.35,245.42,245.03,245.24,107530
9592,2024-04-16 14:45:00,245.3,245.59,245.02,245.53,283544
9593,2024-04-16 15:15:00,245.37,246.0,245.37,245.52,283804
9594,2024-04-18 09:15:00,252.9,252.9,244.2,245.96,463244
9595,2024-04-18 09:45:00,246.45,246.65,245.62,245.75,775817
9596,2024-04-18 10:15:00,245.75,245.97,245.52,245.85,205473
9597,2024-04-18 10:45:00,245.77,246.59,245.52,246.46,418553
9598,2024-04-18 11:15:00,246.48,246.6,246.44,246.52,176595
9599,2024-04-18 11:45:00,246.52,246.8,246.4,246.67,184891
9600,2024-04-18 12:15:00,246.76,247.15,246.68,247.15,155001
9601,2024-04-18 12:45:00,247.1,247.16,246.88,247.0,312987
9602,2024-04-18 13:15:00,247.0,247.06,244.79,244.9,837950
9603,2024-04-18 13:45:00,244.9,245.6,244.89,245.1,376688
9604,2024-04-18 14:15:00,245.24,245.59,244.42,244.45,269408
9605,2024-04-18 14:45:00,244.42,244.69,243.35,243.46,1137478
9606,2024-04-18 15:15:00,243.43,244.58,243.4,243.94,978881
9607,2024-04-19 09:15:00,243.48,243.68,241.31,242.23,1206696
9608,2024-04-19 09:45:00,242.33,242.75,242.07,242.67,1032800
9609,2024-04-19 10:15:00,242.67,242.71,242.33,242.43,660379
9610,2024-04-19 10:45:00,242.43,242.6,242.21,242.48,365131
9611,2024-04-19 11:15:00,242.47,243.09,242.36,243.04,288818
9612,2024-04-19 11:45:00,243.07,243.14,242.71,243.14,297289
9613,2024-04-19 12:15:00,243.14,244.06,243.1,244.06,343929
9614,2024-04-19 12:45:00,244.11,244.45,243.95,244.3,291730
9615,2024-04-19 13:15:00,244.3,244.35,243.82,244.1,226343
9616,2024-04-19 13:45:00,244.1,245.69,244.05,245.41,328200
9617,2024-04-19 14:15:00,245.35,245.58,244.91,245.02,277041
9618,2024-04-19 14:45:00,245.0,245.7,244.56,245.6,299199
9619,2024-04-19 15:15:00,245.6,245.7,245.33,245.53,685791
9620,2024-04-22 09:15:00,246.74,246.95,246.2,246.24,478545
9621,2024-04-22 09:45:00,246.23,246.5,246.02,246.49,194876
9622,2024-04-22 10:15:00,246.49,246.7,246.3,246.61,143334
9623,2024-04-22 10:45:00,246.63,246.82,246.48,246.78,254463
9624,2024-04-22 11:15:00,246.78,247.0,246.73,246.95,109913
9625,2024-04-22 11:45:00,246.91,246.99,246.71,246.85,117071
9626,2024-04-22 12:15:00,246.85,247.0,246.6,246.98,102018
9627,2024-04-22 12:45:00,246.98,246.98,246.49,246.82,109806
9628,2024-04-22 13:15:00,246.82,246.9,246.61,246.9,243704
9629,2024-04-22 13:45:00,246.9,247.06,246.77,247.04,272627
9630,2024-04-22 14:15:00,247.01,247.1,246.72,247.09,184750
9631,2024-04-22 14:45:00,247.1,247.25,246.99,247.25,264713
9632,2024-04-22 15:15:00,247.23,247.85,247.13,247.31,224990
9633,2024-04-23 09:15:00,248.39,248.39,247.73,247.96,245184
9634,2024-04-23 09:45:00,247.97,248.09,247.57,248.01,168032
9635,2024-04-23 10:15:00,248.01,248.13,247.82,247.84,171687
9636,2024-04-23 10:45:00,247.85,248.0,247.7,247.87,237849
9637,2024-04-23 11:15:00,247.87,248.08,247.68,247.69,139067
9638,2024-04-23 11:45:00,247.65,248.05,247.51,248.05,419850
9639,2024-04-23 12:15:00,248.02,248.1,247.94,247.94,117805
9640,2024-04-23 12:45:00,247.96,248.0,247.65,247.7,127789
9641,2024-04-23 13:15:00,247.65,247.82,247.5,247.76,212748
9642,2024-04-23 13:45:00,247.76,247.9,247.55,247.75,209035
9643,2024-04-23 14:15:00,247.75,248.09,247.75,248.0,375187
9644,2024-04-23 14:45:00,248.0,248.25,247.7,248.0,538302
9645,2024-04-23 15:15:00,247.9,247.97,247.61,247.82,397809
9646,2024-04-24 09:15:00,248.26,248.35,247.92,248.13,374873
9647,2024-04-24 09:45:00,248.12,248.49,248.05,248.39,165333
9648,2024-04-24 10:15:00,248.3,248.75,248.3,248.69,261906
9649,2024-04-24 10:45:00,248.68,248.78,248.36,248.42,382268
9650,2024-04-24 11:15:00,248.42,248.52,248.27,248.45,158848
9651,2024-04-24 11:45:00,248.45,248.55,248.2,248.45,63551
9652,2024-04-24 12:15:00,248.47,248.54,248.32,248.52,69553
9653,2024-04-24 12:45:00,248.52,248.52,248.15,248.29,87679
9654,2024-04-24 13:15:00,248.29,248.4,248.0,248.06,374430
9655,2024-04-24 13:45:00,248.06,248.3,248.01,248.26,144074
9656,2024-04-24 14:15:00,248.23,248.29,247.53,247.72,114594
9657,2024-04-24 14:45:00,247.72,248.08,247.72,248.05,495022
9658,2024-04-24 15:15:00,248.05,248.1,247.8,247.94,183093
9659,2024-04-25 09:15:00,247.29,247.94,247.1,247.88,205405
9660,2024-04-25 09:45:00,247.9,248.55,247.61,248.55,125238
9661,2024-04-25 10:15:00,248.55,248.6,248.21,248.33,146287
9662,2024-04-25 10:45:00,248.16,248.31,247.4,248.1,402666
9663,2024-04-25 11:15:00,248.16,248.19,247.7,248.0,53641
9664,2024-04-25 11:45:00,248.0,248.13,247.64,247.94,144851
9665,2024-04-25 12:15:00,247.94,248.06,247.71,247.85,80521
9666,2024-04-25 12:45:00,247.92,248.45,247.61,248.34,133226
9667,2024-04-25 13:15:00,248.32,248.5,248.11,248.5,114614
9668,2024-04-25 13:45:00,248.51,249.6,248.51,249.36,698013
9669,2024-04-25 14:15:00,249.4,249.95,249.3,249.55,367592
9670,2024-04-25 14:45:00,249.65,249.73,249.3,249.4,187060
9671,2024-04-25 15:15:00,249.49,249.49,249.07,249.27,248081
9672,2024-04-26 09:15:00,249.78,249.9,249.46,249.77,286192
9673,2024-04-26 09:45:00,249.77,249.83,249.05,249.37,249319
9674,2024-04-26 10:15:00,249.35,249.45,249.06,249.2,102739
9675,2024-04-26 10:45:00,249.21,249.43,249.1,249.15,121470
9676,2024-04-26 11:15:00,249.15,249.35,249.1,249.35,106139
9677,2024-04-26 11:45:00,249.35,249.44,249.1,249.25,94811
9678,2024-04-26 12:15:00,249.28,249.29,249.0,249.1,88357
9679,2024-04-26 12:45:00,249.1,249.2,248.95,249.17,71314
9680,2024-04-26 13:15:00,249.22,249.22,248.46,248.75,198411
9681,2024-04-26 13:45:00,248.73,248.74,248.4,248.64,194906
9682,2024-04-26 14:15:00,248.64,248.91,248.4,248.75,416216
9683,2024-04-26 14:45:00,248.79,248.9,248.06,248.36,576616
9684,2024-04-26 15:15:00,248.35,248.83,248.33,248.44,448749
9685,2024-04-29 09:15:00,248.99,249.5,248.84,249.18,255511
9686,2024-04-29 09:45:00,249.15,249.15,248.52,249.1,169690
9687,2024-04-29 10:15:00,249.1,249.63,248.96,249.43,125870
9688,2024-04-29 10:45:00,249.43,249.43,249.25,249.39,143884
9689,2024-04-29 11:15:00,249.45,249.54,249.29,249.5,86456
9690,2024-04-29 11:45:00,249.5,249.73,249.38,249.64,126050
9691,2024-04-29 12:15:00,249.72,249.9,249.5,249.9,205947
9692,2024-04-29 12:45:00,249.9,249.95,249.8,249.95,76317
9693,2024-04-29 13:15:00,249.95,250.25,249.83,250.21,226814
9694,2024-04-29 13:45:00,250.22,250.3,250.02,250.27,178623
9695,2024-04-29 14:15:00,250.28,250.39,250.1,250.1,356090
9696,2024-04-29 14:45:00,250.06,250.84,250.04,250.83,374811
9697,2024-04-30 14:45:00,251.18,251.25,249.95,250.0,452321
9698,2024-04-30 15:15:00,249.96,250.06,249.81,250.06,177654
9699,2024-05-02 09:15:00,250.59,250.65,250.21,250.56,386517
9700,2024-05-02 09:45:00,250.63,250.85,250.27,250.85,150049
9701,2024-05-02 10:15:00,250.85,250.95,250.7,250.85,128736
9702,2024-05-02 10:45:00,250.85,250.95,250.65,250.65,88400
9703,2024-05-02 11:15:00,250.78,250.99,250.45,250.95,189760
9704,2024-05-02 11:45:00,250.94,250.95,250.65,250.95,70957
9705,2024-05-02 12:15:00,250.95,250.99,250.74,250.9,96451
9706,2024-05-02 12:45:00,250.91,251.21,250.8,251.13,366904
9707,2024-05-02 13:15:00,251.13,251.29,250.95,250.96,153478
9708,2024-05-02 13:45:00,250.98,251.13,250.75,250.99,166725
9709,2024-05-02 14:15:00,250.99,250.99,250.6,250.7,80740
9710,2024-05-02 14:45:00,250.62,250.99,250.62,250.86,192879
9711,2024-05-02 15:15:00,250.86,250.93,250.74,250.84,127006
9712,2024-05-03 09:15:00,251.67,252.1,251.67,251.9,319189
9713,2024-05-03 09:45:00,251.9,252.0,251.25,251.35,171218
9714,2024-05-03 10:15:00,251.3,251.49,250.38,250.59,253232
9715,2024-05-03 10:45:00,250.63,250.85,250.27,250.45,171429
9716,2024-05-03 11:15:00,250.45,250.5,249.04,249.36,484496
9717,2024-05-03 11:45:00,249.36,249.46,248.85,249.12,327978
9718,2024-05-03 12:15:00,249.02,249.72,249.02,249.7,194428
9719,2024-05-03 12:45:00,249.68,249.75,248.25,248.4,512531
9720,2024-05-03 13:15:00,248.4,248.45,247.66,247.95,762326
9721,2024-05-03 13:45:00,247.98,248.3,247.66,248.28,610239
9722,2024-05-03 14:15:00,248.07,248.54,248.0,248.54,429838
9723,2024-05-03 14:45:00,248.53,248.94,248.21,248.74,483679
9724,2024-05-03 15:15:00,248.93,248.96,248.7,248.75,585991
9725,2024-05-06 09:15:00,249.76,250.14,248.59,249.2,453693
9726,2024-05-06 09:45:00,249.25,249.25,248.5,248.71,285271
9727,2024-05-06 10:15:00,248.71,249.11,248.49,249.03,402472
9728,2024-05-06 10:45:00,249.05,249.5,248.89,249.0,219808
9729,2024-05-06 11:15:00,249.0,249.05,248.5,248.96,234432
9730,2024-05-06 11:45:00,248.96,249.2,248.8,249.19,133546
9731,2024-05-06 12:15:00,249.1,249.2,248.8,248.8,130860
9732,2024-05-06 12:45:00,248.8,248.97,248.51,248.51,294924
9733,2024-05-06 13:15:00,248.51,248.65,248.14,248.63,200408
9734,2024-05-06 13:45:00,248.54,248.68,248.15,248.18,147499
9735,2024-05-06 14:15:00,248.15,248.49,248.0,248.24,264063
9736,2024-05-06 14:45:00,248.24,248.79,248.09,248.4,190170
9737,2024-05-06 15:15:00,248.4,248.5,248.21,248.37,81973
9738,2024-05-07 09:15:00,249.39,249.39,248.39,248.55,185597
9739,2024-05-07 09:45:00,248.55,248.67,247.85,248.09,192553
9740,2024-05-07 10:15:00,248.06,248.07,247.2,247.49,537061
9741,2024-05-07 10:45:00,247.49,247.66,247.19,247.25,313105
9742,2024-05-07 11:15:00,247.22,247.22,246.38,246.84,417388
9743,2024-05-07 11:45:00,246.87,247.18,246.7,246.93,484735
9744,2024-05-07 12:15:00,246.96,247.18,246.65,246.65,229098
9745,2024-05-07 12:45:00,246.67,246.84,246.41,246.53,322874
9746,2024-05-07 13:15:00,246.5,247.19,246.42,247.18,218597
9747,2024-05-07 13:45:00,247.04,247.35,246.95,247.35,319069
9748,2024-05-07 14:15:00,247.32,247.32,246.58,246.95,461962
9749,2024-05-07 14:45:00,247.0,247.22,246.91,247.1,226742
9750,2024-05-07 15:15:00,247.15,247.49,247.0,247.11,218373
9751,2024-05-08 09:15:00,246.68,246.84,245.99,246.6,337691
9752,2024-05-08 09:45:00,246.69,247.04,246.29,246.98,634196
9753,2024-05-08 10:15:00,246.98,246.98,245.94,246.11,235043
9754,2024-05-08 10:45:00,246.11,246.48,246.01,246.47,142590
9755,2024-05-08 11:15:00,246.47,246.96,246.47,246.94,180642
9756,2024-05-08 11:45:00,246.95,247.63,246.94,247.57,943879
9757,2024-05-08 12:15:00,247.56,247.82,247.24,247.47,110752
9758,2024-05-08 12:45:00,247.44,247.79,247.42,247.64,184084
9759,2024-05-08 13:15:00,247.64,247.97,247.15,247.39,178377
9760,2024-05-08 13:45:00,247.4,247.44,246.82,246.93,92007
9761,2024-05-08 14:15:00,246.93,247.12,246.52,247.12,84566
9762,2024-05-08 14:45:00,247.12,247.3,246.82,247.18,207905
9763,2024-05-08 15:15:00,247.2,247.6,247.01,247.24,338048
9764,2024-05-09 09:15:00,246.97,247.11,246.33,246.52,386957
9765,2024-05-09 09:45:00,246.55,246.71,245.98,246.0,277189
9766,2024-05-09 10:15:00,245.95,246.16,245.31,245.4,514887
9767,2024-05-09 10:45:00,245.39,245.55,245.27,245.38,281647
9768,2024-05-09 11:15:00,245.37,245.66,245.21,245.64,241904
9769,2024-05-09 11:45:00,245.64,245.82,245.5,245.69,219204
9770,2024-05-09 12:15:00,245.69,245.86,245.25,245.29,243271
9771,2024-05-09 12:45:00,245.25,245.35,244.3,244.55,1018348
9772,2024-05-09 13:15:00,244.55,244.6,244.16,244.41,446866
9773,2024-05-09 13:45:00,244.44,244.79,244.26,244.62,464291
9774,2024-05-09 14:15:00,244.64,244.79,243.61,243.61,764274
9775,2024-05-09 14:45:00,243.61,244.18,243.35,243.35,1505992
9776,2024-05-09 15:15:00,243.37,243.85,243.25,243.49,870452
9777,2024-05-10 09:15:00,244.39,244.94,243.53,244.9,754307
9778,2024-05-10 09:45:00,244.9,245.66,244.85,245.47,634516
9779,2024-05-10 10:15:00,245.47,245.66,245.04,245.2,319770
9780,2024-05-10 10:45:00,245.28,245.28,244.4,244.91,451819
9781,2024-05-10 11:15:00,244.81,245.28,244.6,244.77,340584
9782,2024-05-10 11:45:00,244.84,244.9,244.41,244.61,130595
9783,2024-05-10 12:15:00,244.64,244.68,244.2,244.46,266347
9784,2024-05-10 12:45:00,244.53,244.53,244.03,244.17,198430
9785,2024-05-10 13:15:00,244.17,244.65,244.02,244.59,255741
9786,2024-05-10 13:45:00,244.55,244.93,244.41,244.5,180857
9787,2024-05-10 14:15:00,244.5,244.67,244.35,244.6,298755
9788,2024-05-10 14:45:00,244.6,245.39,244.45,244.91,559101
9789,2024-05-10 15:15:00,244.85,245.1,244.66,244.97,216129
9790,2024-05-13 09:15:00,245.94,245.94,242.67,242.68,989295
9791,2024-05-13 09:45:00,242.74,243.15,242.52,243.15,752545
9792,2024-05-13 10:15:00,243.15,243.18,242.34,242.44,758943
9793,2024-05-13 10:45:00,242.4,243.32,242.3,243.29,370721
9794,2024-05-13 11:15:00,243.28,244.11,243.28,243.85,393355
9795,2024-05-13 11:45:00,243.84,244.15,243.68,244.09,249374
9796,2024-05-13 12:15:00,244.1,244.7,243.88,244.52,334760
9797,2024-05-13 12:45:00,244.52,244.64,244.1,244.6,134471
9798,2024-05-13 13:15:00,244.59,244.67,243.51,243.99,217349
9799,2024-05-13 13:45:00,243.99,245.46,243.93,245.4,219289
9800,2024-05-13 14:15:00,245.42,245.62,245.06,245.45,219740
9801,2024-05-13 14:45:00,245.45,245.45,245.04,245.04,321252
9802,2024-05-13 15:15:00,245.05,245.48,245.01,245.16,300058
9803,2024-05-14 09:15:00,245.65,245.94,245.16,245.7,278455
9804,2024-05-14 09:45:00,245.7,245.9,245.15,245.35,134222
9805,2024-05-14 10:15:00,245.35,245.81,245.3,245.79,117351
9806,2024-05-14 10:45:00,245.77,246.17,245.64,246.17,165146
9807,2024-05-14 11:15:00,246.17,246.31,245.91,246.2,683579
9808,2024-05-14 11:45:00,246.21,246.37,246.02,246.3,103060
9809,2024-05-14 12:15:00,246.3,246.35,246.05,246.32,73172
9810,2024-05-14 12:45:00,246.32,246.79,246.3,246.53,111384
9811,2024-05-14 13:15:00,246.6,246.87,246.3,246.8,284794
9812,2024-05-14 13:45:00,246.81,247.1,246.75,246.98,247899
9813,2024-05-14 14:15:00,247.0,247.08,246.61,246.8,158384
9814,2024-05-14 14:45:00,246.8,246.99,246.31,246.72,230146
9815,2024-05-14 15:15:00,246.72,247.0,246.51,246.61,99481
9816,2024-05-15 09:15:00,246.7,247.25,246.7,247.1,383772
9817,2024-05-15 09:45:00,247.1,247.29,246.08,246.33,334936
9818,2024-05-15 10:15:00,246.31,246.45,245.91,246.09,1162212
9819,2024-05-15 10:45:00,246.07,246.98,246.0,246.75,164789
9820,2024-05-15 11:15:00,246.64,246.84,246.05,246.3,85199
9821,2024-05-15 11:45:00,246.3,246.68,246.17,246.5,122898
9822,2024-05-15 12:15:00,246.5,246.6,246.17,246.49,128562
9823,2024-05-15 12:45:00,246.5,246.6,246.21,246.37,104789
9824,2024-05-15 13:15:00,246.36,246.53,246.1,246.31,188711
9825,2024-05-15 13:45:00,246.35,246.64,246.06,246.58,263578
9826,2024-05-15 14:15:00,246.58,246.62,246.1,246.49,168951
9827,2024-05-15 14:45:00,246.4,246.79,246.18,246.43,180084
9828,2024-05-15 15:15:00,246.43,246.55,246.18,246.42,279751
9829,2024-05-16 09:15:00,247.38,247.64,246.96,246.96,426404
9830,2024-05-16 09:45:00,246.96,247.15,246.76,247.0,268286
9831,2024-05-16 10:15:00,246.93,247.09,246.21,246.56,379527
9832,2024-05-16 10:45:00,246.58,246.64,245.78,245.92,1164365
9833,2024-05-16 11:15:00,245.92,246.3,245.49,246.3,404612
9834,2024-05-16 11:45:00,246.33,247.11,245.9,247.11,202215
9835,2024-05-16 12:15:00,247.2,247.3,245.9,246.24,212480
9836,2024-05-16 12:45:00,246.24,246.24,245.5,245.75,247191
9837,2024-05-16 13:15:00,245.75,245.75,245.0,245.1,472873
9838,2024-05-16 13:45:00,245.09,245.75,244.95,245.01,347364
9839,2024-05-16 14:15:00,245.06,246.69,245.0,246.69,312467
9840,2024-05-16 14:45:00,246.69,248.3,246.64,248.24,761901
9841,2024-05-16 15:15:00,248.2,248.5,248.16,248.18,313374
9842,2024-05-17 09:15:00,248.41,248.41,247.69,247.86,269194
9843,2024-05-17 09:45:00,247.92,248.38,247.82,248.15,316206
9844,2024-05-17 10:15:00,248.0,248.7,248.0,248.59,269851
9845,2024-05-17 10:45:00,248.6,248.86,248.31,248.86,143344
9846,2024-05-17 11:15:00,248.71,248.88,248.5,248.84,104195
9847,2024-05-17 11:45:00,248.84,248.89,248.58,248.63,142413
9848,2024-05-17 12:15:00,248.64,248.85,248.53,248.79,145702
9849,2024-05-17 12:45:00,248.79,248.8,248.37,248.8,140598
9850,2024-05-17 13:15:00,248.8,248.99,248.56,248.84,80492
9851,2024-05-17 13:45:00,248.84,248.99,248.78,248.97,145107
9852,2024-05-17 14:15:00,248.96,248.97,248.61,248.83,106839
9853,2024-05-17 14:45:00,248.8,248.91,248.45,248.7,184432
9854,2024-05-17 15:15:00,248.7,248.99,248.65,248.73,189597
9855,2024-05-18 09:15:00,249.25,249.25,248.73,249.1,105299
9856,2024-05-18 09:45:00,249.05,249.1,248.82,248.97,44480
9857,2024-05-18 11:15:00,249.19,249.31,248.84,249.1,167280
9858,2024-05-18 11:45:00,249.0,249.18,248.99,249.13,101371
9859,2024-05-18 12:15:00,249.13,249.13,249.0,249.05,52025
9860,2024-05-18 12:45:00,249.05,249.05,249.05,249.05,86
9861,2024-05-21 09:15:00,249.2,249.57,248.89,249.09,370963
9862,2024-05-21 09:45:00,249.09,249.23,248.89,249.15,109866
9863,2024-05-21 10:15:00,249.05,249.2,248.92,249.0,236033
9864,2024-05-21 10:45:00,249.0,249.39,248.91,249.37,172946
9865,2024-05-21 11:15:00,249.37,249.53,249.12,249.5,230043
9866,2024-05-21 11:45:00,249.5,249.85,249.35,249.75,181032
9867,2024-05-21 12:15:00,249.75,249.98,249.58,249.98,171147
9868,2024-05-21 12:45:00,249.98,250.25,249.84,250.03,246505
9869,2024-05-21 13:15:00,250.05,250.17,249.78,249.92,161544
9870,2024-05-21 13:45:00,249.9,250.12,249.82,249.91,195755
9871,2024-05-21 14:15:00,249.83,250.0,249.74,249.91,113429
9872,2024-05-21 14:45:00,249.95,249.99,249.62,249.8,121153
9873,2024-05-21 15:15:00,249.78,249.87,249.4,249.74,93351
9874,2024-05-22 09:15:00,250.0,250.13,249.5,249.57,297790
9875,2024-05-22 09:45:00,249.52,250.05,249.31,250.0,305910
9876,2024-05-22 10:15:00,249.99,250.0,249.76,249.98,116557
9877,2024-05-22 10:45:00,249.98,250.2,249.83,250.07,187669
9878,2024-05-22 11:15:00,250.06,250.1,249.82,249.99,61013
9879,2024-05-22 11:45:00,249.99,250.1,249.88,250.02,69440
9880,2024-05-22 12:15:00,250.1,250.3,249.9,249.91,240711
9881,2024-05-22 12:45:00,250.0,250.2,249.91,250.07,51192
9882,2024-05-22 13:15:00,250.07,250.3,250.02,250.25,63553
9883,2024-05-22 13:45:00,250.25,250.6,250.11,250.25,162099
9884,2024-05-22 14:15:00,250.25,250.4,250.12,250.33,116519
9885,2024-05-22 14:45:00,250.33,250.49,249.91,250.3,168770
9886,2024-05-22 15:15:00,250.4,250.59,250.2,250.36,154804
9887,2024-05-23 09:15:00,250.95,251.28,250.27,251.25,278734
9888,2024-05-23 09:45:00,251.25,251.25,250.95,251.07,158347
9889,2024-05-23 10:15:00,251.06,251.56,251.03,251.12,383914
9890,2024-05-23 10:45:00,251.12,251.58,251.1,251.48,170540
9891,2024-05-23 11:15:00,251.48,251.8,251.4,251.75,160517
9892,2024-05-23 11:45:00,251.77,252.1,251.61,251.96,496897
9893,2024-05-23 12:15:00,251.96,252.86,251.95,252.74,450434
9894,2024-05-23 12:45:00,252.74,252.98,252.62,252.73,284109
9895,2024-05-23 13:15:00,252.8,253.08,252.45,252.86,565186
9896,2024-05-23 13:45:00,252.85,253.63,252.71,253.63,301150
9897,2024-05-23 14:15:00,253.65,254.13,253.39,253.78,542709
9898,2024-05-23 14:45:00,253.92,254.5,253.47,254.36,299934
9899,2024-05-23 15:15:00,254.4,254.72,254.15,254.29,280126
9900,2024-05-24 09:15:00,254.28,254.79,253.88,254.4,673985
9901,2024-05-24 09:45:00,254.4,254.55,254.09,254.17,349854
9902,2024-05-24 10:15:00,254.16,254.63,254.09,254.54,287358
9903,2024-05-24 10:45:00,254.41,254.9,254.4,254.67,270681
9904,2024-05-24 11:15:00,254.7,254.95,254.61,254.9,250904
9905,2024-05-24 11:45:00,254.9,254.94,254.6,254.65,321222
9906,2024-05-24 12:15:00,254.83,255.0,254.63,254.9,216791
9907,2024-05-24 12:45:00,254.9,255.25,254.86,255.15,334898
9908,2024-05-24 13:15:00,255.14,255.4,255.01,255.24,219239
9909,2024-05-24 13:45:00,255.37,255.5,255.08,255.49,224278
9910,2024-05-24 14:15:00,255.49,255.7,254.87,255.3,304751
9911,2024-05-24 14:45:00,255.28,255.34,254.51,255.0,409610
9912,2024-05-24 15:15:00,255.09,255.16,254.77,254.98,125582
9913,2024-05-27 09:15:00,255.64,255.64,255.01,255.33,419011
9914,2024-05-27 09:45:00,255.39,255.49,254.84,255.05,450140
9915,2024-05-27 10:15:00,255.0,255.58,254.9,255.58,256590
9916,2024-05-27 10:45:00,255.56,255.63,255.32,255.45,321402
9917,2024-05-27 11:15:00,255.45,255.77,255.36,255.66,262983
9918,2024-05-27 11:45:00,255.67,256.34,255.62,256.24,353656
9919,2024-05-27 12:15:00,256.36,256.62,256.2,256.5,375056
9920,2024-05-27 12:45:00,256.6,256.76,256.11,256.41,280383
9921,2024-05-27 13:15:00,256.41,256.55,256.25,256.37,214504
9922,2024-05-27 13:45:00,256.37,256.49,256.05,256.13,224405
9923,2024-05-27 14:15:00,256.12,256.32,255.8,255.81,275385
9924,2024-05-27 14:45:00,255.72,255.83,254.12,254.84,955087
9925,2024-05-27 15:15:00,254.79,255.02,254.64,254.72,229843
9926,2024-05-28 09:15:00,255.35,255.35,254.74,254.92,483508
9927,2024-05-28 09:45:00,254.93,255.02,254.61,254.92,172672
9928,2024-05-28 10:15:00,254.92,255.38,254.82,255.25,273336
9929,2024-05-28 10:45:00,255.3,255.34,255.03,255.15,85089
9930,2024-05-28 11:15:00,255.15,255.26,254.81,255.05,937285
9931,2024-05-28 11:45:00,254.92,255.1,254.8,254.91,85894
9932,2024-05-28 12:15:00,254.91,254.96,254.11,254.5,564240
9933,2024-05-28 12:45:00,254.31,254.77,254.15,254.55,172182
9934,2024-05-28 13:15:00,254.6,254.9,254.5,254.68,156054
9935,2024-05-28 13:45:00,254.77,254.91,254.23,254.55,185177
9936,2024-05-28 14:15:00,254.55,254.68,254.18,254.34,70550
9937,2024-05-28 14:45:00,254.34,254.57,254.2,254.31,351203
9938,2024-05-28 15:15:00,254.3,254.36,254.0,254.2,401683
9939,2024-05-29 09:15:00,253.7,253.7,253.01,253.48,1799109
9940,2024-05-29 09:45:00,253.49,253.51,252.8,252.89,1502112
9941,2024-05-29 10:15:00,252.87,252.99,252.43,252.75,960787
9942,2024-05-29 10:45:00,252.8,252.88,252.45,252.5,236940
9943,2024-05-29 11:15:00,252.5,252.59,252.19,252.51,1185593
9944,2024-05-29 11:45:00,252.49,252.75,252.31,252.73,181170
9945,2024-05-29 12:15:00,252.73,252.82,252.51,252.81,189745
9946,2024-05-29 12:45:00,252.81,253.3,252.65,252.92,549266
9947,2024-05-29 13:15:00,252.9,253.25,252.9,253.16,243081
9948,2024-05-29 13:45:00,253.1,253.19,252.55,252.73,331864
9949,2024-05-29 14:15:00,252.79,252.89,252.46,252.48,354889
9950,2024-05-29 14:45:00,252.47,252.68,252.11,252.35,686109
9951,2024-05-29 15:15:00,252.35,252.58,252.25,252.37,831640
9952,2024-05-30 09:15:00,252.02,252.28,251.06,251.13,1212663
9953,2024-05-30 09:45:00,251.2,251.33,250.65,250.7,869367
9954,2024-05-30 10:15:00,250.7,251.27,250.65,251.04,457900
9955,2024-05-30 10:45:00,251.04,251.2,250.74,250.74,459832
9956,2024-05-30 11:15:00,250.76,250.81,250.5,250.57,601613
9957,2024-05-30 11:45:00,250.56,251.0,250.55,250.81,435368
9958,2024-05-30 12:15:00,250.81,250.89,250.65,250.82,444521
9959,2024-05-30 12:45:00,250.85,251.19,250.8,250.95,700840
9960,2024-05-30 13:15:00,250.86,250.95,250.31,250.57,1079356
9961,2024-05-30 13:45:00,250.58,250.78,250.36,250.42,468311
9962,2024-05-30 14:15:00,250.39,250.58,249.75,249.78,1424409
9963,2024-05-30 14:45:00,249.83,250.8,249.59,250.35,2636855
9964,2024-05-30 15:15:00,250.35,251.0,250.35,250.35,1133753
9965,2024-05-31 09:15:00,251.5,251.88,251.01,251.65,1385080
9966,2024-05-31 09:45:00,251.7,251.77,250.45,250.65,721993
9967,2024-05-31 10:15:00,250.62,251.2,250.28,250.67,538642
9968,2024-05-31 10:45:00,250.65,250.84,250.2,250.54,203751
9969,2024-05-31 11:15:00,250.54,250.92,250.36,250.89,297465
9970,2024-05-31 11:45:00,250.89,250.89,250.22,250.3,354654
9971,2024-05-31 12:15:00,250.3,250.48,250.25,250.45,221980
9972,2024-05-31 12:45:00,250.46,250.84,250.37,250.6,232315
9973,2024-05-31 13:15:00,250.7,251.13,250.6,251.12,280364
9974,2024-05-31 13:45:00,251.12,251.99,251.04,251.55,1568543
9975,2024-05-31 14:15:00,251.54,251.56,250.06,250.46,954628
9976,2024-05-31 14:45:00,250.47,251.12,250.01,251.12,1097807
9977,2024-05-31 15:15:00,251.12,251.8,250.95,251.15,1524436
9978,2024-06-03 09:15:00,259.99,262.67,256.34,256.9,4168305
9979,2024-06-03 09:45:00,256.84,258.0,256.0,257.77,1153674
9980,2024-06-03 10:15:00,257.96,257.96,257.27,257.35,1021821
9981,2024-06-03 10:45:00,257.48,257.55,257.11,257.55,394640
9982,2024-06-03 11:15:00,257.55,257.84,257.46,257.8,359281
9983,2024-06-03 11:45:00,257.81,258.2,257.7,258.1,335504
9984,2024-06-03 12:15:00,258.18,258.55,257.98,258.28,410284
9985,2024-06-03 12:45:00,258.27,258.4,258.0,258.29,243840
9986,2024-06-03 13:15:00,258.3,258.38,257.7,258.04,320727
9987,2024-06-03 13:45:00,258.05,258.49,257.94,258.35,337465
9988,2024-06-03 14:15:00,258.39,258.4,258.0,258.35,483025
9989,2024-06-03 14:45:00,258.35,258.45,257.95,258.04,1650540
9990,2024-06-03 15:15:00,258.3,258.45,258.14,258.14,972136
9991,2024-06-04 09:15:00,255.33,255.8,249.11,251.29,4629431
9992,2024-06-04 09:45:00,251.21,254.25,251.21,253.98,2859427
9993,2024-06-04 10:15:00,253.99,254.0,250.59,250.73,1478369
9994,2024-06-04 10:45:00,250.71,251.29,248.0,249.06,2535953
9995,2024-06-04 11:15:00,248.52,251.24,247.7,247.75,2690527
9996,2024-06-04 11:45:00,247.8,249.51,246.9,247.9,3173473
9997,2024-06-04 12:15:00,248.0,248.0,246.63,247.0,3205961
9998,2024-06-04 12:45:00,247.0,251.78,247.0,249.49,4132482
9999,2024-06-04 13:15:00,249.12,251.54,248.06,251.54,2805862
10000,2024-06-04 13:45:00,251.53,252.35,251.37,251.5,1227805
10001,2024-06-04 14:15:00,251.49,251.5,250.5,251.25,1038689
10002,2024-06-04 14:45:00,251.25,251.5,250.03,250.4,1383863
10003,2024-06-04 15:15:00,250.4,252.0,249.5,250.48,1273213
10004,2024-06-05 09:15:00,251.52,251.52,242.43,244.82,4402432
10005,2024-06-05 09:45:00,244.8,245.75,243.11,245.75,1620253
10006,2024-06-05 10:15:00,245.75,246.38,244.0,246.22,1428624
10007,2024-06-05 10:45:00,246.19,250.0,246.02,249.93,918249
10008,2024-06-05 11:15:00,250.0,250.75,249.7,250.5,617423
10009,2024-06-05 11:45:00,250.5,250.8,249.4,250.2,494380
10010,2024-06-05 12:15:00,250.25,251.0,250.04,250.75,260483
10011,2024-06-05 12:45:00,250.7,251.7,249.53,250.55,415708
10012,2024-06-05 13:15:00,250.5,251.2,249.55,250.14,586503
10013,2024-06-05 13:45:00,250.14,251.1,249.69,250.21,420743
10014,2024-06-05 14:15:00,250.3,251.43,250.09,251.05,464369
10015,2024-06-05 14:45:00,251.05,251.85,250.96,251.51,754910
10016,2024-06-05 15:15:00,251.51,251.57,250.75,251.3,475033
10017,2024-06-06 09:15:00,252.89,252.89,251.73,252.4,1129660
10018,2024-06-06 09:45:00,252.46,252.76,252.04,252.7,708644
10019,2024-06-06 10:15:00,252.75,253.74,252.65,253.52,947316
10020,2024-06-06 10:45:00,253.52,254.1,253.34,254.04,711754
10021,2024-06-06 11:15:00,254.08,254.08,253.0,253.05,715700
10022,2024-06-06 11:45:00,253.16,253.25,251.9,252.0,945210
10023,2024-06-06 12:15:00,252.1,252.99,252.03,252.1,535691
10024,2024-06-06 12:45:00,252.23,252.75,251.6,252.15,976174
10025,2024-06-06 13:15:00,252.04,253.61,252.02,253.5,670525
10026,2024-06-06 13:45:00,253.5,253.55,252.45,252.75,564630
10027,2024-06-06 14:15:00,252.76,252.97,251.82,252.18,720200
10028,2024-06-06 14:45:00,252.18,253.25,252.1,253.15,329449
10029,2024-06-06 15:15:00,253.15,253.49,252.8,252.98,1404934
10030,2024-06-07 09:15:00,253.74,254.4,252.77,254.35,1247113
10031,2024-06-07 09:45:00,254.35,254.93,253.96,254.65,1521582
10032,2024-06-07 10:15:00,254.7,255.6,254.12,255.4,1039316
10033,2024-06-07 10:45:00,255.4,255.9,255.32,255.87,590939
10034,2024-06-07 11:15:00,255.8,256.4,255.5,256.3,528288
10035,2024-06-07 11:45:00,256.4,257.4,256.3,257.0,738928
10036,2024-06-07 12:15:00,257.0,257.25,256.45,256.92,770018
10037,2024-06-07 12:45:00,256.92,257.6,256.8,257.22,936562
10038,2024-06-07 13:15:00,257.22,257.38,256.6,257.31,341470
10039,2024-06-07 13:45:00,257.39,257.78,257.09,257.66,626433
10040,2024-06-07 14:15:00,257.7,258.1,257.55,257.65,950070
10041,2024-06-07 14:45:00,257.67,258.8,257.67,258.4,639246
10042,2024-06-07 15:15:00,258.39,258.69,258.1,258.42,412355
10043,2024-06-10 09:15:00,258.88,259.6,257.77,258.69,1901441
10044,2024-06-10 09:45:00,258.68,258.79,257.75,258.69,575723
10045,2024-06-10 10:15:00,258.52,259.05,258.49,258.7,300611
10046,2024-06-10 10:45:00,258.7,259.09,258.52,259.03,469933
10047,2024-06-10 11:15:00,259.02,259.15,258.76,258.85,190298
10048,2024-06-10 11:45:00,258.98,259.09,258.56,258.65,497514
10049,2024-06-10 12:15:00,258.55,258.83,258.49,258.75,364329
10050,2024-06-10 12:45:00,258.7,258.85,258.67,258.8,527663
10051,2024-06-10 13:15:00,258.7,259.0,258.62,259.0,426437
10052,2024-06-10 13:45:00,258.96,259.24,258.85,259.03,692156
10053,2024-06-10 14:15:00,259.03,259.05,257.75,258.38,286870
10054,2024-06-10 14:45:00,258.37,258.49,257.95,258.0,252757
10055,2024-06-10 15:15:00,257.97,258.0,257.58,257.94,215401
10056,2024-06-11 09:15:00,258.46,258.57,257.62,258.08,348930
10057,2024-06-11 09:45:00,258.08,258.77,258.0,258.7,903467
10058,2024-06-11 10:15:00,258.7,259.0,258.54,258.8,312757
10059,2024-06-11 10:45:00,258.8,258.9,258.52,258.89,156857
10060,2024-06-11 11:15:00,258.89,258.94,258.65,258.81,135235
10061,2024-06-11 11:45:00,258.81,258.91,258.64,258.85,270239
10062,2024-06-11 12:15:00,258.85,258.91,258.64,258.9,245169
10063,2024-06-11 12:45:00,258.88,259.18,258.75,259.09,519175
10064,2024-06-11 13:15:00,259.11,259.6,259.0,259.43,203936
10065,2024-06-11 13:45:00,259.45,259.62,258.9,258.99,162107
10066,2024-06-11 14:15:00,258.99,259.32,258.7,259.18,333295
10067,2024-06-11 14:45:00,259.18,259.3,258.32,258.5,1339880
10068,2024-06-11 15:15:00,258.5,258.8,258.05,258.8,257993
10069,2024-06-12 09:15:00,259.31,259.35,258.6,259.23,505721
10070,2024-06-12 09:45:00,259.25,259.79,259.2,259.76,542923
10071,2024-06-12 10:15:00,259.75,259.92,259.4,259.9,329788
10072,2024-06-12 10:45:00,259.9,260.01,259.65,259.84,454266
10073,2024-06-12 11:15:00,259.72,259.87,259.34,259.7,186147
10074,2024-06-12 11:45:00,259.72,259.98,259.55,259.67,196501
10075,2024-06-12 12:15:00,259.68,259.88,259.6,259.62,207318
10076,2024-06-12 12:45:00,259.72,259.74,259.45,259.73,136447
10077,2024-06-12 13:15:00,259.73,259.75,259.5,259.6,139037
10078,2024-06-12 13:45:00,259.7,259.73,258.88,259.14,300893
10079,2024-06-12 14:15:00,259.1,259.35,258.9,259.33,315771
10080,2024-06-12 14:45:00,259.28,259.5,259.05,259.25,377183
10081,2024-06-12 15:15:00,259.35,259.62,259.14,259.39,756644
10082,2024-06-13 09:15:00,260.48,260.48,259.75,259.8,408684
10083,2024-06-13 09:45:00,259.75,259.99,259.51,259.9,240735
10084,2024-06-13 10:15:00,259.8,259.95,259.7,259.83,118175
10085,2024-06-13 10:45:00,259.74,259.89,259.68,259.73,123197
10086,2024-06-13 11:15:00,259.72,259.76,259.52,259.68,126730
10087,2024-06-13 11:45:00,259.68,259.86,259.61,259.8,122685
10088,2024-06-13 12:15:00,259.8,259.89,259.7,259.85,144904
10089,2024-06-13 12:45:00,259.85,259.9,259.85,259.89,90816
10090,2024-06-13 13:15:00,259.89,259.99,259.7,259.96,146327
10091,2024-06-13 13:45:00,259.96,260.0,259.8,260.0,372787
10092,2024-06-13 14:15:00,260.0,260.2,259.83,260.15,409079
10093,2024-06-13 14:45:00,260.19,260.39,260.0,260.38,486635
10094,2024-06-13 15:15:00,260.37,260.51,260.0,260.3,595630
10095,2024-06-14 09:15:00,260.59,260.59,259.53,259.81,455571
10096,2024-06-14 09:45:00,259.81,260.5,259.72,260.47,300826
10097,2024-06-14 10:15:00,260.44,260.6,260.31,260.4,168022
10098,2024-06-14 10:45:00,260.53,260.6,260.32,260.4,126872
10099,2024-06-14 11:15:00,260.4,260.47,260.16,260.32,155499
10100,2024-06-14 11:45:00,260.38,260.45,260.22,260.42,89413
10101,2024-06-14 12:15:00,260.3,260.42,260.09,260.38,154380
10102,2024-06-14 12:45:00,260.3,260.45,260.25,260.43,132209
10103,2024-06-14 13:15:00,260.43,260.47,260.2,260.2,69157
10104,2024-06-14 13:45:00,260.2,260.5,260.1,260.5,209906
10105,2024-06-14 14:15:00,260.5,260.6,260.21,260.35,120135
10106,2024-06-14 14:45:00,260.35,260.73,260.26,260.72,913304
10107,2024-06-14 15:15:00,260.7,260.89,260.51,260.65,341457
10108,2024-06-18 09:15:00,262.02,262.02,261.04,261.59,809846
10109,2024-06-18 09:45:00,261.59,261.83,261.52,261.65,290983
10110,2024-06-18 10:15:00,261.65,261.8,261.38,261.65,344602
10111,2024-06-18 10:45:00,261.65,261.7,261.47,261.6,245522
10112,2024-06-18 11:15:00,261.52,261.78,261.52,261.74,187242
10113,2024-06-18 11:45:00,261.61,261.74,261.51,261.63,180232
10114,2024-06-18 12:15:00,261.63,261.64,261.45,261.51,163321
10115,2024-06-18 12:45:00,261.56,261.63,261.45,261.55,198011
10116,2024-06-18 13:15:00,261.55,261.67,261.42,261.54,491259
10117,2024-06-18 13:45:00,261.54,261.59,261.45,261.56,247658
10118,2024-06-18 14:15:00,261.55,261.61,261.28,261.45,291638
10119,2024-06-18 14:45:00,261.45,261.58,261.35,261.5,203788
10120,2024-06-18 15:15:00,261.52,261.7,261.5,261.56,132554
10121,2024-06-19 09:15:00,262.06,262.25,261.7,261.72,358388
10122,2024-06-19 09:45:00,261.9,262.09,261.44,261.49,206946
10123,2024-06-19 10:15:00,261.47,261.47,260.22,260.79,354800
10124,2024-06-19 10:45:00,260.79,261.25,260.4,260.95,209010
10125,2024-06-19 11:15:00,260.95,261.4,260.78,261.4,174907
10126,2024-06-19 11:45:00,261.39,261.64,261.21,261.64,78072
10127,2024-06-19 12:15:00,261.63,261.86,261.5,261.84,289382
10128,2024-06-19 12:45:00,261.7,261.84,261.51,261.6,96108
10129,2024-06-19 13:15:00,261.6,261.75,261.4,261.51,107344
10130,2024-06-19 13:45:00,261.58,261.84,261.41,261.7,173131
10131,2024-06-19 14:15:00,261.7,262.67,261.6,262.36,321977
10132,2024-06-19 14:45:00,262.16,262.6,261.31,261.81,785689
10133,2024-06-19 15:15:00,261.76,261.99,260.92,261.38,504005
10134,2024-06-20 09:15:00,262.1,262.1,260.7,261.35,332675
10135,2024-06-20 09:45:00,261.37,261.4,260.83,261.24,207697
10136,2024-06-20 10:15:00,261.24,261.4,261.13,261.2,540014
10137,2024-06-20 10:45:00,261.18,261.5,261.0,261.25,938887
10138,2024-06-20 11:15:00,261.26,261.55,261.25,261.55,188810
10139,2024-06-20 11:45:00,261.59,261.65,261.42,261.49,75928
10140,2024-06-20 12:15:00,261.56,261.61,261.3,261.4,56843
10141,2024-06-20 12:45:00,261.49,261.75,261.39,261.67,49717
10142,2024-06-20 13:15:00,261.67,262.2,261.6,262.05,143688
10143,2024-06-20 13:45:00,262.1,262.1,261.33,261.69,187636
10144,2024-06-20 14:15:00,261.69,261.97,261.58,261.84,108182
10145,2024-06-20 14:45:00,261.89,261.89,261.5,261.7,99172
10146,2024-06-20 15:15:00,261.7,261.9,261.63,261.72,132917
10147,2024-06-21 09:15:00,262.58,262.58,261.89,262.01,369513
10148,2024-06-21 09:45:00,262.07,262.33,261.97,262.1,162745
10149,2024-06-21 10:15:00,262.12,262.3,261.76,261.81,141407
10150,2024-06-21 10:45:00,261.84,261.84,261.29,261.74,197187
10151,2024-06-21 11:15:00,261.74,261.95,261.41,261.82,122525
10152,2024-06-21 11:45:00,261.92,261.92,261.46,261.6,107075
10153,2024-06-21 12:15:00,261.6,261.67,260.75,260.92,204383
10154,2024-06-21 12:45:00,260.92,260.92,260.31,260.67,207420
10155,2024-06-21 13:15:00,260.67,261.0,260.5,260.79,114318
10156,2024-06-21 13:45:00,260.79,261.88,260.7,261.77,282893
10157,2024-06-21 14:15:00,261.77,261.79,260.17,260.7,222613
10158,2024-06-21 14:45:00,260.7,261.55,260.63,260.79,247075
10159,2024-06-21 15:15:00,260.79,260.92,260.52,260.87,157642
10160,2024-06-24 09:15:00,260.24,260.35,259.42,259.8,536862
10161,2024-06-24 09:45:00,259.86,260.43,259.7,260.25,572306
10162,2024-06-24 10:15:00,260.25,260.72,260.2,260.72,300887
10163,2024-06-24 10:45:00,260.78,261.26,260.65,261.15,181560
10164,2024-06-24 11:15:00,261.15,261.51,261.1,261.27,143415
10165,2024-06-24 11:45:00,261.25,261.53,261.04,261.48,131283
10166,2024-06-24 12:15:00,261.48,261.62,261.2,261.25,606901
10167,2024-06-24 12:45:00,261.31,261.59,261.15,261.55,132783
10168,2024-06-24 13:15:00,261.52,261.84,261.4,261.69,215507
10169,2024-06-24 13:45:00,261.68,261.83,261.43,261.43,166995
10170,2024-06-24 14:15:00,261.55,261.6,261.35,261.57,97303
10171,2024-06-24 14:45:00,261.42,261.83,261.2,261.77,199334
10172,2024-06-24 15:15:00,261.76,261.88,261.5,261.66,199616
10173,2024-06-25 09:15:00,262.45,262.45,261.76,262.19,312022
10174,2024-06-25 09:45:00,262.25,262.33,261.8,262.07,247793
10175,2024-06-25 10:15:00,262.1,262.2,261.94,262.08,119594
10176,2024-06-25 10:45:00,262.08,262.28,262.0,262.0,108209
10177,2024-06-25 11:15:00,262.11,262.2,261.88,262.19,78962
10178,2024-06-25 11:45:00,262.19,262.35,262.02,262.28,99351
10179,2024-06-25 12:15:00,262.14,262.75,262.09,262.59,174300
10180,2024-06-25 12:45:00,262.6,262.88,262.51,262.88,135928
10181,2024-06-25 13:15:00,262.89,263.0,262.75,262.78,130518
10182,2024-06-25 13:45:00,262.9,263.2,262.78,263.12,254546
10183,2024-06-25 14:15:00,263.12,263.22,262.8,263.21,316169
10184,2024-06-25 14:45:00,263.2,263.61,263.0,263.49,396631
10185,2024-06-25 15:15:00,263.49,263.85,263.3,263.59,689270
10186,2024-06-26 09:15:00,264.0,264.0,263.06,263.49,270253
10187,2024-06-26 09:45:00,263.48,263.54,263.25,263.32,142774
10188,2024-06-26 10:15:00,263.32,263.75,263.29,263.58,178424
10189,2024-06-26 10:45:00,263.58,264.2,263.45,264.19,338299
10190,2024-06-26 11:15:00,264.18,264.68,264.1,264.49,238630
10191,2024-06-26 11:45:00,264.48,264.7,264.42,264.6,190670
10192,2024-06-26 12:15:00,264.6,264.95,264.6,264.84,215830
10193,2024-06-26 12:45:00,264.84,264.84,264.46,264.6,232239
10194,2024-06-26 13:15:00,264.6,264.87,264.55,264.83,150054
10195,2024-06-26 13:45:00,264.7,265.07,264.7,264.99,225149
10196,2024-06-26 14:15:00,265.0,265.15,264.81,265.09,241799
10197,2024-06-26 14:45:00,265.0,265.24,264.76,265.2,1563891
10198,2024-06-26 15:15:00,265.24,265.25,264.76,265.01,733914
10199,2024-06-27 09:15:00,264.4,265.0,264.4,264.99,346524
10200,2024-06-27 09:45:00,264.99,266.0,264.94,265.93,298075
10201,2024-06-27 10:15:00,265.92,266.1,264.88,265.0,460755
10202,2024-06-27 10:45:00,265.0,265.74,264.84,265.69,271798
10203,2024-06-27 11:15:00,265.7,265.95,265.4,265.95,146627
10204,2024-06-27 11:45:00,265.95,266.42,265.76,266.42,168557
10205,2024-06-27 12:15:00,266.47,266.55,266.14,266.26,219978
10206,2024-06-27 12:45:00,266.26,266.8,265.84,266.0,315622
10207,2024-06-27 13:15:00,266.0,266.5,265.75,265.95,651325
10208,2024-06-27 13:45:00,265.9,266.4,265.75,266.04,267239
10209,2024-06-27 14:15:00,266.05,266.2,265.6,266.2,387950
10210,2024-06-27 14:45:00,266.2,266.9,266.13,266.85,394963
10211,2024-06-27 15:15:00,266.9,267.35,266.9,266.95,445149
10212,2024-06-28 09:15:00,267.64,268.3,267.64,268.15,474783
10213,2024-06-28 09:45:00,268.25,268.3,268.05,268.12,252234
10214,2024-06-28 10:15:00,268.12,268.4,267.93,268.3,344378
10215,2024-06-28 10:45:00,268.3,268.45,268.1,268.38,169664
10216,2024-06-28 11:15:00,268.36,268.5,268.11,268.43,142977
10217,2024-06-28 11:45:00,268.32,268.5,268.1,268.19,92691
10218,2024-06-28 12:15:00,268.19,268.19,267.27,267.54,205637
10219,2024-06-28 12:45:00,267.4,267.68,267.13,267.64,127067
10220,2024-06-28 13:15:00,267.54,267.9,267.51,267.9,117815
10221,2024-06-28 13:45:00,267.95,268.32,267.69,268.27,128183
10222,2024-06-28 14:15:00,268.28,268.48,267.77,268.18,551874
10223,2024-06-28 14:45:00,268.18,268.49,267.2,267.32,285279
10224,2024-06-28 15:15:00,267.28,267.5,267.12,267.48,177586
10225,2024-07-01 09:15:00,268.47,268.47,267.3,268.0,432320
10226,2024-07-01 09:45:00,268.0,268.38,267.95,268.0,258684
10227,2024-07-01 10:15:00,267.95,268.3,267.86,268.17,180156
10228,2024-07-01 10:45:00,268.04,268.3,268.02,268.26,128756
10229,2024-07-01 11:15:00,268.26,268.4,268.03,268.39,189080
10230,2024-07-01 11:45:00,268.39,268.5,268.28,268.32,122435
10231,2024-07-01 12:15:00,268.32,268.48,268.2,268.28,191162
10232,2024-07-01 12:45:00,268.28,268.5,268.23,268.39,87258
10233,2024-07-01 13:15:00,268.39,268.7,268.32,268.7,97212
10234,2024-07-01 13:45:00,268.69,268.85,268.51,268.75,114391
10235,2024-07-01 14:15:00,268.74,268.9,268.3,268.4,453420
10236,2024-07-01 14:45:00,268.4,268.47,268.19,268.3,204644
10237,2024-07-01 15:15:00,268.3,268.45,268.2,268.3,116783
10238,2024-07-02 09:15:00,269.15,269.25,268.43,268.43,608424
10239,2024-07-02 09:45:00,268.35,268.99,268.2,268.69,320685
10240,2024-07-02 10:15:00,268.68,269.0,268.62,268.96,229809
10241,2024-07-02 10:45:00,268.97,269.0,268.8,269.0,238262
10242,2024-07-02 11:15:00,269.0,269.46,268.66,268.8,299091
10243,2024-07-02 11:45:00,268.8,269.24,268.68,268.81,220071
10244,2024-07-02 12:15:00,268.94,269.13,268.48,268.64,232468
10245,2024-07-02 12:45:00,268.55,268.68,268.05,268.5,230565
10246,2024-07-02 13:15:00,268.59,268.88,268.5,268.84,84109
10247,2024-07-02 13:45:00,268.84,268.95,268.69,268.79,159270
10248,2024-07-02 14:15:00,268.75,268.95,268.6,268.95,145769
10249,2024-07-02 14:45:00,268.94,269.15,268.81,269.12,171983
10250,2024-07-02 15:15:00,269.12,269.13,268.9,269.03,98639
10251,2024-07-03 09:15:00,269.7,270.2,269.66,270.2,483247
10252,2024-07-03 09:45:00,270.2,270.53,270.15,270.21,225611
10253,2024-07-03 10:15:00,270.33,270.43,270.1,270.2,179466
10254,2024-07-03 10:45:00,270.2,270.27,270.06,270.2,119833
10255,2024-07-03 11:15:00,270.2,270.2,269.96,270.09,121055
10256,2024-07-03 11:45:00,270.09,270.19,269.95,270.04,119040
10257,2024-07-03 12:15:00,269.96,270.49,269.96,270.23,99524
10258,2024-07-03 12:45:00,270.23,270.47,270.15,270.2,78045
10259,2024-07-03 13:15:00,270.31,270.47,270.19,270.29,119830
10260,2024-07-03 13:45:00,270.4,270.4,270.01,270.07,136943
10261,2024-07-03 14:15:00,270.19,270.2,269.93,270.09,179907
10262,2024-07-03 14:45:00,270.09,270.3,269.9,270.27,113952
10263,2024-07-03 15:15:00,270.16,270.48,270.15,270.23,95314
10264,2024-07-04 09:15:00,270.96,271.1,270.76,271.1,297310
10265,2024-07-04 09:45:00,271.11,271.5,271.11,271.4,293783
10266,2024-07-04 10:15:00,271.38,271.4,270.74,271.0,179173
10267,2024-07-04 10:45:00,271.0,271.0,270.7,270.77,216716
10268,2024-07-04 11:15:00,270.77,270.97,270.68,270.91,154272
10269,2024-07-04 11:45:00,270.8,270.95,270.72,270.9,82879
10270,2024-07-04 12:15:00,270.9,271.0,270.68,270.9,145833
10271,2024-07-04 12:45:00,270.88,271.18,270.81,271.0,163078
10272,2024-07-04 13:15:00,271.0,271.08,270.85,270.85,91060
10273,2024-07-04 13:45:00,270.86,270.92,270.59,270.83,113776
10274,2024-07-04 14:15:00,270.83,270.9,270.53,270.7,153049
10275,2024-07-04 14:45:00,270.76,270.87,270.33,270.55,445178
10276,2024-07-04 15:15:00,270.53,270.75,270.3,270.53,218752
10277,2024-07-05 09:15:00,269.8,270.13,269.36,269.92,514534
10278,2024-07-05 09:45:00,269.92,269.94,269.39,269.94,286963
10279,2024-07-05 10:15:00,269.94,270.17,269.73,270.14,213649
10280,2024-07-05 10:45:00,270.01,270.28,270.0,270.03,343481
10281,2024-07-05 11:15:00,270.03,270.65,270.01,270.56,477284
10282,2024-07-05 11:45:00,270.56,270.56,270.35,270.48,185030
10283,2024-07-05 12:15:00,270.48,270.64,270.44,270.45,118875
10284,2024-07-05 12:45:00,270.45,270.5,270.16,270.29,183439
10285,2024-07-05 13:15:00,270.3,270.45,270.12,270.29,237674
10286,2024-07-05 13:45:00,270.3,270.3,270.01,270.05,191036
10287,2024-07-05 14:15:00,270.05,270.1,269.81,270.02,202084
10288,2024-07-05 14:45:00,270.01,270.65,269.71,270.65,555843
10289,2024-07-05 15:15:00,270.65,270.97,270.42,270.53,413482
10290,2024-07-08 09:15:00,271.15,271.4,269.97,269.97,411035
10291,2024-07-08 09:45:00,269.91,270.5,269.91,270.18,305669
10292,2024-07-08 10:15:00,270.02,270.4,269.85,270.2,218151
10293,2024-07-08 10:45:00,270.2,270.2,269.7,269.91,187928
10294,2024-07-08 11:15:00,269.91,270.19,269.81,270.0,90002
10295,2024-07-08 11:45:00,270.01,270.1,269.65,269.7,120237
10296,2024-07-08 12:15:00,269.7,270.0,269.62,269.89,139266
10297,2024-07-08 12:45:00,269.89,270.1,269.86,270.01,177849
10298,2024-07-08 13:15:00,269.93,270.1,269.64,269.89,118047
10299,2024-07-08 13:45:00,269.89,270.1,269.75,270.01,87495
10300,2024-07-08 14:15:00,270.01,270.1,269.87,270.0,122257
10301,2024-07-08 14:45:00,269.99,270.32,269.75,270.09,480881
10302,2024-07-08 15:15:00,270.09,270.25,269.84,270.04,155252
10303,2024-07-09 09:15:00,270.94,270.94,270.27,270.81,232548
10304,2024-07-09 09:45:00,270.82,271.0,270.51,270.8,187321
10305,2024-07-09 10:15:00,270.8,270.8,270.52,270.75,160912
10306,2024-07-09 10:45:00,270.71,270.9,270.71,270.77,490405
10307,2024-07-09 11:15:00,270.78,270.99,270.61,270.98,398026
10308,2024-07-09 11:45:00,270.98,271.0,270.87,270.99,130024
10309,2024-07-09 12:15:00,270.99,271.0,270.8,270.99,88413
10310,2024-07-09 12:45:00,270.99,271.35,270.95,271.35,158956
10311,2024-07-09 13:15:00,271.34,271.38,271.09,271.29,87279
10312,2024-07-09 13:45:00,271.29,271.47,271.16,271.45,225464
10313,2024-07-09 14:15:00,271.45,271.47,271.19,271.33,125951
10314,2024-07-09 14:45:00,271.33,271.49,271.23,271.45,172241
10315,2024-07-09 15:15:00,271.46,271.48,271.17,271.38,153010
10316,2024-07-10 09:15:00,271.98,271.98,271.11,271.11,272230
10317,2024-07-10 09:45:00,271.09,271.09,270.38,270.45,268998
10318,2024-07-10 10:15:00,270.47,270.73,268.62,269.22,571089
10319,2024-07-10 10:45:00,269.14,269.67,269.01,269.34,444072
10320,2024-07-10 11:15:00,269.47,269.93,269.19,269.71,319734
10321,2024-07-10 11:45:00,269.87,270.25,269.53,270.23,244496
10322,2024-07-10 12:15:00,270.23,270.55,269.99,270.52,265947
10323,2024-07-10 12:45:00,270.49,270.75,270.35,270.52,192652
10324,2024-07-10 13:15:00,270.52,270.63,270.28,270.44,247350
10325,2024-07-10 13:45:00,270.44,270.5,269.57,270.11,258552
10326,2024-07-10 14:15:00,270.1,270.92,269.91,270.84,206557
10327,2024-07-10 14:45:00,270.82,271.18,270.58,271.12,333868
10328,2024-07-10 15:15:00,271.05,271.2,270.4,270.92,156848
10329,2024-07-11 09:15:00,271.11,271.24,270.47,270.75,299885
10330,2024-07-11 09:45:00,270.75,271.06,270.39,270.54,163363
10331,2024-07-11 10:15:00,270.56,270.56,270.04,270.2,122345
10332,2024-07-11 10:45:00,270.19,270.27,270.05,270.2,203682
10333,2024-07-11 11:15:00,270.2,270.46,270.08,270.4,164212
10334,2024-07-11 11:45:00,270.42,270.48,269.58,270.3,195152
10335,2024-07-11 12:15:00,270.33,270.57,270.21,270.57,56255
10336,2024-07-11 12:45:00,270.55,270.71,270.33,270.69,89344
10337,2024-07-11 13:15:00,270.69,270.69,270.5,270.5,65752
10338,2024-07-11 13:45:00,270.58,270.96,270.5,270.75,108496
10339,2024-07-11 14:15:00,270.75,270.88,270.6,270.84,94198
10340,2024-07-11 14:45:00,270.86,270.9,270.63,270.75,167289
10341,2024-07-11 15:15:00,270.75,270.83,270.63,270.75,145670
10342,2024-07-12 09:15:00,271.48,271.58,270.69,271.43,254302
10343,2024-07-12 09:45:00,271.43,271.49,270.79,271.04,134684
10344,2024-07-12 10:15:00,271.05,271.22,270.88,271.03,99194
10345,2024-07-12 10:45:00,271.05,273.0,271.05,272.42,655446
10346,2024-07-12 11:15:00,272.41,272.5,271.81,272.2,261605
10347,2024-07-12 11:45:00,272.1,272.4,272.01,272.38,75848
10348,2024-07-12 12:15:00,272.28,272.39,272.25,272.25,119636
10349,2024-07-12 12:45:00,272.25,272.4,272.04,272.4,247406
10350,2024-07-12 13:15:00,272.4,272.7,272.3,272.45,166162
10351,2024-07-12 13:45:00,272.5,272.88,272.43,272.85,181407
10352,2024-07-12 14:15:00,272.81,272.9,272.57,272.65,115186
10353,2024-07-12 14:45:00,272.65,272.74,271.98,272.09,340217
10354,2024-07-12 15:15:00,272.03,272.25,271.86,271.94,874128
10355,2024-07-15 09:15:00,272.55,273.0,272.55,272.71,270509
10356,2024-07-15 09:45:00,272.84,273.0,272.71,272.94,177543
10357,2024-07-15 10:15:00,272.95,273.4,272.9,273.4,132267
10358,2024-07-15 10:45:00,273.32,273.39,273.0,273.2,170962
10359,2024-07-15 11:15:00,273.2,273.39,273.16,273.39,156209
10360,2024-07-15 11:45:00,273.39,273.5,273.11,273.5,166029
10361,2024-07-15 12:15:00,273.5,273.5,273.28,273.34,84175
10362,2024-07-15 12:45:00,273.34,273.76,273.28,273.7,97339
10363,2024-07-15 13:15:00,273.73,273.75,273.32,273.33,149855
10364,2024-07-15 13:45:00,273.48,273.55,273.04,273.1,200742
10365,2024-07-15 14:15:00,273.06,273.55,273.02,273.23,321469
10366,2024-07-15 14:45:00,273.23,273.36,273.0,273.07,231549
10367,2024-07-15 15:15:00,273.17,273.2,273.0,273.09,232759
10368,2024-07-16 09:15:00,273.49,273.75,273.35,273.65,289985
10369,2024-07-16 09:45:00,273.56,273.75,273.44,273.74,114565
10370,2024-07-16 10:15:00,273.74,274.0,273.61,273.85,92358
10371,2024-07-16 10:45:00,274.0,274.0,273.77,273.99,105982
10372,2024-07-16 11:15:00,273.84,274.1,273.75,274.1,149978
10373,2024-07-16 11:45:00,274.1,274.13,273.75,273.8,141759
10374,2024-07-16 12:15:00,273.8,274.0,273.63,274.0,86222
10375,2024-07-16 12:45:00,274.0,274.0,273.82,274.0,66063
10376,2024-07-16 13:15:00,274.0,274.0,273.55,273.74,77380
10377,2024-07-16 13:45:00,273.61,273.86,273.45,273.5,160823
10378,2024-07-16 14:15:00,273.5,273.5,273.3,273.5,193503
10379,2024-07-16 14:45:00,273.5,273.87,273.35,273.57,236456
10380,2024-07-16 15:15:00,273.51,273.73,273.35,273.55,105028
10381,2024-07-18 09:15:00,273.86,273.86,272.75,273.22,447953
10382,2024-07-18 09:45:00,273.24,274.15,273.21,274.09,255209
10383,2024-07-18 10:15:00,274.09,274.09,273.54,273.9,147991
10384,2024-07-18 10:45:00,273.85,273.88,272.83,272.83,246119
10385,2024-07-18 11:15:00,272.82,272.85,272.26,272.5,614627
10386,2024-07-18 11:45:00,272.6,273.37,272.45,273.35,227113
10387,2024-07-18 12:15:00,273.35,273.7,273.2,273.7,222050
10388,2024-07-18 12:45:00,273.74,274.47,273.51,274.45,184818
10389,2024-07-18 13:15:00,274.5,274.8,274.3,274.5,296887
10390,2024-07-18 13:45:00,274.5,275.7,274.43,275.7,451719
10391,2024-07-18 14:15:00,275.61,275.74,275.14,275.65,233775
10392,2024-07-18 14:45:00,275.58,275.82,275.34,275.52,328567
10393,2024-07-18 15:15:00,275.52,275.64,275.4,275.51,174973
10394,2024-07-19 09:15:00,276.07,276.07,275.0,275.1,370150
10395,2024-07-19 09:45:00,275.1,275.1,274.45,274.45,217782
10396,2024-07-19 10:15:00,274.5,274.75,274.23,274.48,345140
10397,2024-07-19 10:45:00,274.5,274.5,273.95,274.24,242603
10398,2024-07-19 11:15:00,274.24,274.24,273.93,274.03,172544
10399,2024-07-19 11:45:00,274.0,274.25,273.76,274.25,116497
10400,2024-07-19 12:15:00,274.25,274.25,273.46,273.6,484938
10401,2024-07-19 12:45:00,273.6,273.75,273.22,273.45,193569
10402,2024-07-19 13:15:00,273.45,274.0,273.4,273.69,121139
10403,2024-07-19 13:45:00,273.7,274.05,273.38,273.4,146936
10404,2024-07-19 14:15:00,273.4,273.78,273.39,273.76,185965
10405,2024-07-19 14:45:00,273.79,273.89,273.25,273.29,372620
10406,2024-07-19 15:15:00,273.29,273.7,273.02,273.29,342503
10407,2024-07-22 09:15:00,272.78,273.0,271.5,272.9,577432
10408,2024-07-22 09:45:00,272.9,273.49,272.74,273.33,329477
10409,2024-07-22 10:15:00,273.32,273.7,273.26,273.64,145889
10410,2024-07-22 10:45:00,273.65,273.99,273.16,273.35,219486
10411,2024-07-22 11:15:00,273.34,273.44,273.0,273.29,191878
10412,2024-07-22 11:45:00,273.27,273.35,272.83,272.99,192039
10413,2024-07-22 12:15:00,273.0,273.07,272.28,272.36,250725
10414,2024-07-22 12:45:00,272.55,272.7,272.25,272.68,218060
10415,2024-07-22 13:15:00,272.67,273.29,272.51,272.84,202113
10416,2024-07-22 13:45:00,272.84,273.0,272.5,272.69,177817
10417,2024-07-22 14:15:00,272.6,272.79,272.49,272.72,166431
10418,2024-07-22 14:45:00,272.71,272.71,272.31,272.43,184153
10419,2024-07-22 15:15:00,272.48,272.68,272.36,272.45,141297
10420,2024-07-23 09:15:00,273.2,273.3,272.33,272.45,274396
10421,2024-07-23 09:45:00,272.47,272.65,272.21,272.21,153350
10422,2024-07-23 10:15:00,272.21,272.5,272.0,272.5,143256
10423,2024-07-23 10:45:00,272.49,273.44,272.21,273.31,156060
10424,2024-07-23 11:15:00,273.31,273.33,271.7,272.58,172556
10425,2024-07-23 11:45:00,272.58,272.75,271.96,272.47,146511
10426,2024-07-23 12:15:00,272.53,272.53,268.4,271.37,1739838
10427,2024-07-23 12:45:00,271.43,271.85,270.65,270.7,491126
10428,2024-07-23 13:15:00,270.71,271.48,270.55,271.29,243000
10429,2024-07-23 13:45:00,271.3,272.75,271.05,272.49,291219
10430,2024-07-23 14:15:00,272.49,273.21,272.2,273.0,527498
10431,2024-07-23 14:45:00,272.99,273.18,272.55,272.68,289560
10432,2024-07-23 15:15:00,272.67,272.77,272.37,272.64,242313
10433,2024-07-24 09:15:00,272.5,272.58,271.8,271.97,315103
10434,2024-07-24 09:45:00,271.91,272.5,271.69,272.35,179321
10435,2024-07-24 10:15:00,272.35,272.6,271.93,272.16,142901
10436,2024-07-24 10:45:00,272.16,272.75,272.16,272.3,110105
10437,2024-07-24 11:15:00,272.3,272.43,271.76,271.8,232779
10438,2024-07-24 11:45:00,271.78,271.9,271.49,271.49,144876
10439,2024-07-24 12:15:00,271.48,271.49,270.79,270.98,301053
10440,2024-07-24 12:45:00,270.98,271.35,270.84,271.35,138425
10441,2024-07-24 13:15:00,271.3,271.57,271.07,271.57,107667
10442,2024-07-24 13:45:00,271.55,271.6,271.0,271.13,128944
10443,2024-07-24 14:15:00,271.16,272.25,271.12,272.1,214579
10444,2024-07-24 14:45:00,272.1,272.24,271.61,271.64,226528
10445,2024-07-24 15:15:00,271.63,272.39,271.36,271.89,299519
10446,2024-07-25 09:15:00,270.28,270.74,270.0,270.7,494438
10447,2024-07-25 09:45:00,270.72,270.8,270.31,270.8,138541
10448,2024-07-25 10:15:00,270.8,271.0,270.51,271.0,190565
10449,2024-07-25 10:45:00,271.0,271.15,270.92,271.1,353229
10450,2024-07-25 11:15:00,271.1,271.3,270.75,271.25,174637
10451,2024-07-25 11:45:00,271.26,271.5,271.08,271.31,126075
10452,2024-07-25 12:15:00,271.29,271.47,271.2,271.3,58444
10453,2024-07-25 12:45:00,271.2,271.82,271.2,271.7,85537
10454,2024-07-25 13:15:00,271.75,271.88,271.5,271.59,82649
10455,2024-07-25 13:45:00,271.55,272.07,271.44,271.9,142977
10456,2024-07-25 14:15:00,271.9,272.04,271.65,271.66,69627
10457,2024-07-25 14:45:00,271.65,272.08,271.53,271.89,194331
10458,2024-07-25 15:15:00,271.89,272.3,271.72,271.92,201893
10459,2024-07-26 09:15:00,271.95,273.2,271.95,273.09,258112
10460,2024-07-26 09:45:00,273.09,273.7,272.98,273.56,186286
10461,2024-07-26 10:15:00,273.65,273.89,273.61,273.7,139659
10462,2024-07-26 10:45:00,273.66,274.17,273.57,274.15,197437
10463,2024-07-26 11:15:00,274.15,274.2,273.9,274.01,304554
10464,2024-07-26 11:45:00,274.06,274.2,273.95,273.96,116563
10465,2024-07-26 12:15:00,274.09,274.75,273.95,274.73,119350
10466,2024-07-26 12:45:00,274.75,275.3,274.63,275.22,223195
10467,2024-07-26 13:15:00,275.24,275.79,275.12,275.64,294001
10468,2024-07-26 13:45:00,275.54,275.85,275.3,275.5,287984
10469,2024-07-26 14:15:00,275.5,275.73,275.34,275.69,395775
10470,2024-07-26 14:45:00,275.62,276.22,275.62,276.15,424700
10471,2024-07-26 15:15:00,276.15,276.23,275.85,276.06,252362
10472,2024-07-29 09:15:00,277.21,277.47,276.7,276.85,705450
10473,2024-07-29 09:45:00,276.85,277.0,276.61,276.66,468588
10474,2024-07-29 10:15:00,276.66,277.06,276.6,276.88,288797
10475,2024-07-29 10:45:00,276.92,277.75,276.73,277.67,405111
10476,2024-07-29 11:15:00,277.66,278.19,277.55,278.09,379025
10477,2024-07-29 11:45:00,278.09,278.2,277.3,277.6,596727
10478,2024-07-29 12:15:00,277.6,277.65,276.3,277.18,626325
10479,2024-07-29 12:45:00,277.18,277.25,276.73,276.81,108716
10480,2024-07-29 13:15:00,276.8,277.18,276.58,277.17,108259
10481,2024-07-29 13:45:00,277.18,277.19,276.24,276.24,97914
10482,2024-07-29 14:15:00,276.44,276.97,276.14,276.69,238568
10483,2024-07-29 14:45:00,276.69,277.13,276.35,276.72,387090
10484,2024-07-29 15:15:00,276.7,276.98,276.53,276.68,184144
10485,2024-07-30 09:15:00,276.65,277.0,276.07,276.92,435518
10486,2024-07-30 09:45:00,277.0,277.18,276.52,276.99,365742
10487,2024-07-30 10:15:00,276.99,277.37,276.84,277.37,132740
10488,2024-07-30 10:45:00,277.37,277.86,277.26,277.76,195385
10489,2024-07-30 11:15:00,277.7,277.88,277.7,277.85,89669
10490,2024-07-30 11:45:00,277.85,277.85,277.45,277.68,61601
10491,2024-07-30 12:15:00,277.68,277.9,277.59,277.7,71134
10492,2024-07-30 12:45:00,277.7,277.9,277.5,277.61,67159
10493,2024-07-30 13:15:00,277.75,277.77,277.0,277.43,159569
10494,2024-07-30 13:45:00,277.43,277.6,277.33,277.53,97959
10495,2024-07-30 14:15:00,277.53,277.96,277.47,277.95,119607
10496,2024-07-30 14:45:00,277.95,277.95,276.94,277.02,435542
10497,2024-07-30 15:15:00,277.0,277.1,276.78,277.1,173300
10498,2024-07-31 09:15:00,277.62,277.62,276.86,276.9,439991
10499,2024-07-31 09:45:00,276.9,277.55,276.82,277.55,237131
10500,2024-07-31 10:15:00,277.55,277.76,277.36,277.54,230967
10501,2024-07-31 10:45:00,277.6,277.76,277.27,277.4,107617
10502,2024-07-31 11:15:00,277.31,277.52,277.2,277.5,74365
10503,2024-07-31 11:45:00,277.5,277.65,277.37,277.6,86085
10504,2024-07-31 12:15:00,277.6,277.85,277.5,277.56,259739
10505,2024-07-31 12:45:00,277.7,277.8,277.5,277.76,112866
10506,2024-07-31 13:15:00,277.76,277.98,277.7,277.8,155869
10507,2024-07-31 13:45:00,277.8,277.97,277.7,277.76,104747
10508,2024-07-31 14:15:00,277.76,278.09,277.71,277.96,134041
10509,2024-07-31 14:45:00,277.96,277.96,277.62,277.7,132666
10510,2024-07-31 15:15:00,277.68,278.0,277.61,277.75,183828
10511,2024-08-01 09:15:00,278.2,279.08,278.2,278.98,345580
10512,2024-08-01 09:45:00,279.0,279.0,278.7,278.8,183167
10513,2024-08-01 10:15:00,278.8,278.98,278.52,278.6,109792
10514,2024-08-01 10:45:00,278.5,278.72,278.47,278.72,134864
10515,2024-08-01 11:15:00,278.72,278.74,278.47,278.47,82782
10516,2024-08-01 11:45:00,278.47,278.6,278.41,278.42,176217
10517,2024-08-01 12:15:00,278.44,278.47,277.92,278.16,372343
10518,2024-08-01 12:45:00,278.16,278.45,278.03,278.34,70935
10519,2024-08-01 13:15:00,278.39,278.45,278.12,278.29,62416
10520,2024-08-01 13:45:00,278.29,278.4,278.19,278.37,79568
10521,2024-08-01 14:15:00,278.26,278.38,278.0,278.34,246239
10522,2024-08-01 14:45:00,278.38,278.46,278.0,278.22,168070
10523,2024-08-01 15:15:00,278.34,278.6,278.26,278.33,130718
10524,2024-08-02 09:15:00,277.23,277.23,276.06,276.12,709103
10525,2024-08-02 09:45:00,276.1,276.39,275.75,276.35,647143
10526,2024-08-02 10:15:00,276.45,276.69,276.04,276.51,385004
10527,2024-08-02 10:45:00,276.58,276.87,276.42,276.68,380140
10528,2024-08-02 11:15:00,276.68,276.94,276.61,276.84,233513
10529,2024-08-02 11:45:00,276.84,276.97,276.41,276.57,161127
10530,2024-08-02 12:15:00,276.56,276.6,276.07,276.07,122275
10531,2024-08-02 12:45:00,276.07,276.48,276.07,276.32,82566
10532,2024-08-02 13:15:00,276.32,276.74,276.2,276.6,150717
10533,2024-08-02 13:45:00,276.45,276.73,276.25,276.31,128833
10534,2024-08-02 14:15:00,276.31,276.38,275.83,276.14,459318
10535,2024-08-02 14:45:00,276.14,276.14,275.51,275.75,352435
10536,2024-08-02 15:15:00,275.75,275.88,275.6,275.69,256271
10537,2024-08-05 09:15:00,272.99,273.0,270.0,270.76,2191886
10538,2024-08-05 09:45:00,270.92,271.62,270.64,271.01,1273784
10539,2024-08-05 10:15:00,271.01,271.01,269.85,270.09,1307707
10540,2024-08-05 10:45:00,270.06,270.06,267.98,268.0,1603507
10541,2024-08-05 11:15:00,268.02,268.22,266.6,267.8,1863235
10542,2024-08-05 11:45:00,267.8,268.48,267.61,268.42,784362
10543,2024-08-05 12:15:00,268.42,268.98,267.66,267.88,717651
10544,2024-08-05 12:45:00,267.81,268.16,267.7,268.01,781460
10545,2024-08-05 13:15:00,268.01,269.5,268.01,269.35,716203
10546,2024-08-05 13:45:00,269.35,269.88,269.2,269.82,536608
10547,2024-08-05 14:15:00,269.84,270.04,269.31,269.8,500718
10548,2024-08-05 14:45:00,269.71,270.82,269.04,269.04,734103
10549,2024-08-05 15:15:00,269.1,270.6,268.7,269.48,739167
10550,2024-08-06 09:15:00,271.87,271.99,270.79,270.79,964922
10551,2024-08-06 09:45:00,270.7,271.56,270.7,270.88,676329
10552,2024-08-06 10:15:00,270.88,271.16,269.19,269.44,386897
10553,2024-08-06 10:45:00,269.43,270.65,269.43,270.0,431286
10554,2024-08-06 11:15:00,270.1,270.5,269.92,270.24,181849
10555,2024-08-06 11:45:00,270.23,270.44,269.98,270.31,126733
10556,2024-08-06 12:15:00,270.33,270.33,269.5,269.67,277879
10557,2024-08-06 12:45:00,269.57,269.97,269.41,269.42,99996
10558,2024-08-06 13:15:00,269.5,269.66,268.45,268.56,179937
10559,2024-08-06 13:45:00,268.56,268.8,267.8,267.91,704365
10560,2024-08-06 14:15:00,267.94,268.58,267.4,267.49,966862
10561,2024-08-06 14:45:00,267.35,268.17,267.3,267.4,839138
10562,2024-08-06 15:15:00,267.47,268.29,267.29,267.61,447119
10563,2024-08-07 09:15:00,270.52,270.89,270.21,270.39,581189
10564,2024-08-07 09:45:00,270.38,270.59,269.81,270.1,259047
10565,2024-08-07 10:15:00,270.1,271.44,269.93,271.14,441271
10566,2024-08-07 10:45:00,271.13,271.23,270.25,270.4,369111
10567,2024-08-07 11:15:00,270.35,270.5,270.1,270.49,175533
10568,2024-08-07 11:45:00,270.49,270.54,270.14,270.14,266562
10569,2024-08-07 12:15:00,270.23,270.76,270.1,270.33,316224
10570,2024-08-07 12:45:00,270.35,270.35,270.0,270.25,73222
10571,2024-08-07 13:15:00,270.25,270.25,269.72,270.22,116189
10572,2024-08-07 13:45:00,270.22,270.43,270.1,270.43,209411
10573,2024-08-07 14:15:00,270.43,270.99,270.31,270.78,236834
10574,2024-08-07 14:45:00,270.77,271.21,270.42,271.2,479279
10575,2024-08-07 15:15:00,271.2,271.3,271.0,271.1,301516
10576,2024-08-08 09:15:00,271.0,271.0,269.8,270.25,272567
10577,2024-08-08 09:45:00,270.32,270.58,269.15,269.55,257567
10578,2024-08-08 10:15:00,269.55,270.3,269.43,269.98,159897
10579,2024-08-08 10:45:00,269.97,270.05,269.31,269.82,138544
10580,2024-08-08 11:15:00,269.84,270.45,269.56,269.9,225976
10581,2024-08-08 11:45:00,269.9,270.83,269.8,270.8,101844
10582,2024-08-08 12:15:00,270.89,271.0,270.61,270.8,183490
10583,2024-08-08 12:45:00,270.86,270.87,269.25,269.4,325480
10584,2024-08-08 13:15:00,269.4,269.71,268.8,269.65,338167
10585,2024-08-08 13:45:00,269.65,269.75,269.24,269.51,166961
10586,2024-08-08 14:15:00,269.51,269.8,269.25,269.62,257707
10587,2024-08-08 14:45:00,269.65,269.75,269.15,269.42,1775059
10588,2024-08-08 15:15:00,269.37,269.4,268.76,269.33,340500
10589,2024-08-09 09:15:00,271.51,271.95,270.81,271.71,403317
10590,2024-08-09 09:45:00,271.68,272.08,271.49,271.68,511425
10591,2024-08-09 10:15:00,271.65,271.8,271.2,271.47,149650
10592,2024-08-09 10:45:00,271.44,271.85,271.25,271.63,138217
10593,2024-08-09 11:15:00,271.64,271.75,271.5,271.69,106585
10594,2024-08-09 11:45:00,271.69,271.75,271.22,271.35,220799
10595,2024-08-09 12:15:00,271.21,271.39,271.15,271.29,108632
10596,2024-08-09 12:45:00,271.29,271.36,271.1,271.29,71587
10597,2024-08-09 13:15:00,271.3,271.75,271.21,271.55,55963
10598,2024-08-09 13:45:00,271.59,271.74,271.5,271.73,133362
10599,2024-08-09 14:15:00,271.56,271.83,271.55,271.6,252018
10600,2024-08-09 14:45:00,271.62,271.69,271.51,271.69,111188
10601,2024-08-09 15:15:00,271.69,271.83,271.21,271.59,162802
10602,2024-08-12 09:15:00,271.58,271.58,270.66,270.78,388725
10603,2024-08-12 09:45:00,270.94,270.94,270.32,270.75,266640
10604,2024-08-12 10:15:00,270.75,271.64,270.74,271.61,181562
10605,2024-08-12 10:45:00,271.64,272.5,271.53,272.41,229488
10606,2024-08-12 11:15:00,272.43,272.8,272.26,272.43,430048
10607,2024-08-12 11:45:00,272.41,272.5,272.12,272.12,67769
10608,2024-08-12 12:15:00,272.17,272.4,271.91,272.38,106983
10609,2024-08-12 12:45:00,272.35,272.49,272.0,272.17,114931
10610,2024-08-12 13:15:00,272.16,272.38,272.01,272.25,110047
10611,2024-08-12 13:45:00,272.3,272.5,272.25,272.43,174561
10612,2024-08-12 14:15:00,272.4,272.42,271.95,271.99,172878
10613,2024-08-12 14:45:00,271.99,272.27,271.1,271.28,489688
10614,2024-08-12 15:15:00,271.28,271.72,271.2,271.44,169970
10615,2024-08-13 09:15:00,271.95,271.95,271.0,271.69,175061
10616,2024-08-13 09:45:00,271.69,271.73,271.3,271.63,166238
10617,2024-08-13 10:15:00,271.64,271.65,271.02,271.26,178107
10618,2024-08-13 10:45:00,271.28,271.47,271.11,271.35,59941
10619,2024-08-13 11:15:00,271.35,271.55,271.24,271.35,57561
10620,2024-08-13 11:45:00,271.45,271.6,270.96,271.1,125061
10621,2024-08-13 12:15:00,271.1,271.1,270.53,270.63,174213
10622,2024-08-13 12:45:00,270.61,270.74,270.27,270.5,116584
10623,2024-08-13 13:15:00,270.5,270.75,270.1,270.17,135400
10624,2024-08-13 13:45:00,270.17,270.23,269.24,269.59,326129
10625,2024-08-13 14:15:00,269.59,269.89,269.43,269.52,216285
10626,2024-08-13 14:45:00,269.52,269.67,269.26,269.31,273629
10627,2024-08-13 15:15:00,269.31,269.9,269.11,269.52,541604
10628,2024-08-14 09:15:00,270.47,270.47,269.13,269.36,307373
10629,2024-08-14 09:45:00,269.4,269.85,269.11,269.5,203119
10630,2024-08-14 10:15:00,269.5,269.77,269.39,269.73,138511
10631,2024-08-14 10:45:00,269.73,269.75,269.25,269.46,98121
10632,2024-08-14 11:15:00,269.47,269.6,269.29,269.48,87379
10633,2024-08-14 11:45:00,269.49,269.72,269.3,269.65,74488
10634,2024-08-14 12:15:00,269.65,269.74,269.41,269.66,71358
10635,2024-08-14 12:45:00,269.69,270.1,269.65,269.95,65126
10636,2024-08-14 13:15:00,269.95,269.95,269.52,269.76,71759
10637,2024-08-14 13:45:00,269.76,269.9,269.52,269.84,94439
10638,2024-08-14 14:15:00,269.87,269.9,269.3,269.53,224310
10639,2024-08-14 14:45:00,269.56,269.64,269.2,269.45,401590
10640,2024-08-14 15:15:00,269.35,269.5,269.24,269.34,168939
10641,2024-08-16 09:15:00,271.4,272.0,270.97,271.6,380329
10642,2024-08-16 09:45:00,271.6,271.68,271.02,271.29,229701
10643,2024-08-16 10:15:00,271.27,271.32,270.37,270.75,153927
10644,2024-08-16 10:45:00,270.65,271.0,270.51,270.65,97396
10645,2024-08-16 11:15:00,270.61,271.6,270.54,271.42,101251
10646,2024-08-16 11:45:00,271.5,272.35,271.5,272.15,214191
10647,2024-08-16 12:15:00,272.11,272.45,271.8,272.34,153433
10648,2024-08-16 12:45:00,272.34,272.77,272.3,272.4,137444
10649,2024-08-16 13:15:00,272.4,273.13,272.4,273.09,1179952
10650,2024-08-16 13:45:00,273.09,273.6,273.04,273.51,218529
10651,2024-08-16 14:15:00,273.5,273.6,272.9,272.99,248101
10652,2024-08-16 14:45:00,272.9,273.89,272.9,273.8,278455
10653,2024-08-16 15:15:00,273.85,274.09,273.72,273.81,203384
10654,2024-08-19 09:15:00,275.13,275.18,274.23,274.59,328319
10655,2024-08-19 09:45:00,274.59,274.7,274.3,274.5,647787
10656,2024-08-19 10:15:00,274.56,274.57,274.05,274.3,517363
10657,2024-08-19 10:45:00,274.41,274.44,273.92,274.14,354368
10658,2024-08-19 11:15:00,274.14,274.65,274.01,274.62,164741
10659,2024-08-19 11:45:00,274.6,274.65,274.33,274.45,201632
10660,2024-08-19 12:15:00,274.35,274.5,274.19,274.48,80236
10661,2024-08-19 12:45:00,274.36,274.6,274.32,274.58,67481
10662,2024-08-19 13:15:00,274.55,274.81,274.2,274.22,229852
10663,2024-08-19 13:45:00,274.32,274.54,274.1,274.4,87414
10664,2024-08-19 14:15:00,274.4,274.55,274.21,274.54,165425
10665,2024-08-19 14:45:00,274.36,274.54,274.22,274.3,106452
10666,2024-08-19 15:15:00,274.3,274.6,274.3,274.43,91750
10667,2024-08-20 09:15:00,275.58,275.58,274.45,275.21,224679
10668,2024-08-20 09:45:00,275.2,275.79,275.2,275.78,239329
10669,2024-08-20 10:15:00,275.78,276.08,275.75,275.89,418365
10670,2024-08-20 10:45:00,275.89,276.0,275.5,275.98,278910
10671,2024-08-20 11:15:00,275.98,276.0,275.71,275.95,237211
10672,2024-08-20 11:45:00,275.94,276.09,275.8,275.93,245000
10673,2024-08-20 12:15:00,276.0,276.14,275.9,275.94,275924
10674,2024-08-20 12:45:00,275.94,276.24,275.9,276.11,243479
10675,2024-08-20 13:15:00,276.11,276.15,275.88,275.99,185574
10676,2024-08-20 13:45:00,275.99,276.15,275.9,276.09,77191
10677,2024-08-20 14:15:00,276.09,276.1,275.71,276.07,199872
10678,2024-08-20 14:45:00,276.1,276.1,275.75,275.89,245393
10679,2024-08-20 15:15:00,275.89,275.92,275.4,275.83,107616
10680,2024-08-21 09:15:00,275.83,275.88,275.07,275.5,309307
10681,2024-08-21 09:45:00,275.5,276.0,275.41,275.85,143531
10682,2024-08-21 10:15:00,275.83,276.34,275.8,276.11,130050
10683,2024-08-21 10:45:00,276.13,276.22,275.6,275.74,81393
10684,2024-08-21 11:15:00,275.75,276.2,275.7,275.85,74057
10685,2024-08-21 11:45:00,275.85,275.9,275.55,275.8,394864
10686,2024-08-21 12:15:00,275.85,275.97,275.75,275.8,53774
10687,2024-08-21 12:45:00,275.81,275.96,275.7,275.77,191274
10688,2024-08-21 13:15:00,275.85,275.85,275.6,275.75,534736
10689,2024-08-21 13:45:00,275.75,276.0,275.65,275.99,321863
10690,2024-08-21 14:15:00,276.0,276.06,275.81,275.98,150682
10691,2024-08-21 14:45:00,275.99,276.25,275.95,276.09,133663
10692,2024-08-21 15:15:00,276.09,276.34,276.01,276.12,253570
10693,2024-08-22 09:15:00,276.38,277.0,276.37,276.75,383680
10694,2024-08-22 09:45:00,276.73,276.73,276.2,276.5,164917
10695,2024-08-22 10:15:00,276.5,276.63,276.3,276.59,78732
10696,2024-08-22 10:45:00,276.6,276.76,276.51,276.64,89677
10697,2024-08-23 10:45:00,276.65,276.93,276.57,276.79,147896
10698,2024-08-23 11:15:00,276.79,276.96,276.61,276.77,67739
10699,2024-08-23 11:45:00,276.77,276.78,276.54,276.7,82561
10700,2024-08-23 12:15:00,276.7,276.75,276.61,276.75,177555
10701,2024-08-23 12:45:00,276.75,276.78,276.73,276.75,264203
10702,2024-08-23 13:15:00,276.75,276.75,276.48,276.74,178813
10703,2024-08-23 13:45:00,276.74,276.75,276.54,276.64,71010
10704,2024-08-23 14:15:00,276.63,276.75,276.54,276.57,211469
10705,2024-08-23 14:45:00,276.69,276.75,276.37,276.72,168467
10706,2024-08-23 15:15:00,276.72,276.75,276.52,276.6,93048
10707,2024-08-26 09:15:00,277.12,278.39,276.95,278.3,1064716
10708,2024-08-26 09:45:00,278.24,278.59,278.02,278.57,737927
10709,2024-08-26 10:15:00,278.5,278.77,278.2,278.38,340326
10710,2024-08-26 10:45:00,278.44,278.44,278.1,278.17,155654
10711,2024-08-26 11:15:00,278.19,278.5,278.11,278.38,506120
10712,2024-08-26 11:45:00,278.44,278.45,278.35,278.37,228917
10713,2024-08-26 12:15:00,278.39,278.65,278.35,278.64,325458
10714,2024-08-26 12:45:00,278.64,278.69,278.41,278.68,231679
10715,2024-08-26 13:15:00,278.68,278.68,278.4,278.41,77795
10716,2024-08-26 13:45:00,278.52,278.66,278.35,278.63,275747
10717,2024-08-26 14:15:00,278.64,279.04,278.63,278.96,543960
10718,2024-08-26 14:45:00,278.84,279.0,278.75,278.81,793353
10719,2024-08-26 15:15:00,278.84,278.94,278.6,278.84,224853
10720,2024-08-27 09:15:00,278.99,279.18,278.2,278.5,328631
10721,2024-08-27 09:45:00,278.49,278.84,278.31,278.77,120391
10722,2024-08-27 10:15:00,278.7,278.84,278.37,278.7,228174
10723,2024-08-27 10:45:00,278.74,279.09,278.53,279.07,129453
10724,2024-08-27 11:15:00,279.07,279.27,279.0,279.1,86543
10725,2024-08-27 11:45:00,279.1,279.18,278.8,279.08,146130
10726,2024-08-27 12:15:00,279.08,279.1,278.91,279.05,51095
10727,2024-08-27 12:45:00,279.05,279.25,278.85,279.16,136144
10728,2024-08-27 13:15:00,279.16,279.3,279.01,279.3,217845
10729,2024-08-27 13:45:00,279.3,279.35,279.05,279.08,128874
10730,2024-08-27 14:15:00,279.08,279.2,279.0,279.1,85626
10731,2024-08-27 14:45:00,279.1,279.1,278.59,278.7,215824
10732,2024-08-27 15:15:00,278.7,278.84,278.5,278.7,120692
10733,2024-08-28 09:15:00,278.97,279.09,278.35,278.6,209438
10734,2024-08-28 09:45:00,278.6,279.0,278.48,278.65,125228
10735,2024-08-28 10:15:00,278.65,278.98,278.58,278.78,135298
10736,2024-08-28 10:45:00,278.78,279.0,278.66,278.88,100663
10737,2024-08-28 11:15:00,279.0,279.66,278.99,279.65,381888
10738,2024-08-28 11:45:00,279.65,279.83,279.6,279.61,268405
10739,2024-08-28 12:15:00,279.69,279.82,279.6,279.76,176281
10740,2024-08-28 12:45:00,279.76,279.88,279.72,279.83,94173
10741,2024-08-28 13:15:00,279.83,279.93,279.72,279.76,445708
10742,2024-08-28 13:45:00,279.75,279.99,279.73,279.99,134670
10743,2024-08-28 14:15:00,279.99,280.02,279.51,279.54,218264
10744,2024-08-28 14:45:00,279.54,279.54,278.91,278.99,430372
10745,2024-08-28 15:15:00,278.99,278.99,278.75,278.94,172149
10746,2024-08-29 09:15:00,278.89,279.29,278.7,279.22,295719
10747,2024-08-29 09:45:00,279.22,279.9,279.2,279.7,267962
10748,2024-08-29 10:15:00,279.78,279.84,279.62,279.79,232319
10749,2024-08-29 10:45:00,279.79,279.85,279.54,279.66,228954
10750,2024-08-29 11:15:00,279.78,279.89,279.63,279.69,94602
10751,2024-08-29 11:45:00,279.63,279.69,279.16,279.5,153838
10752,2024-08-29 12:15:00,279.5,280.31,279.39,280.17,286586
10753,2024-08-29 12:45:00,280.17,280.27,279.88,280.03,120079
10754,2024-08-29 13:15:00,280.03,280.15,279.8,280.14,148514
10755,2024-08-29 13:45:00,280.07,280.17,278.76,279.37,308336
10756,2024-08-29 14:15:00,279.55,279.55,278.8,279.0,132537
10757,2024-08-29 14:45:00,279.0,280.45,278.83,280.01,571245
10758,2024-08-29 15:15:00,279.95,280.1,279.84,280.1,186548
10759,2024-08-30 09:15:00,280.53,281.58,280.3,281.0,412610
10760,2024-08-30 09:45:00,281.13,281.19,280.61,280.71,460080
10761,2024-08-30 10:15:00,280.74,281.12,280.71,280.99,252813
10762,2024-08-30 10:45:00,280.99,281.09,280.9,281.02,167372
10763,2024-08-30 11:15:00,281.02,281.06,280.86,280.92,154339
10764,2024-08-30 11:45:00,280.99,281.1,280.86,281.1,88715
10765,2024-08-30 12:15:00,281.1,281.18,281.01,281.05,98606
10766,2024-08-30 12:45:00,281.02,281.1,280.91,281.01,70516
10767,2024-08-30 13:15:00,281.1,281.1,281.0,281.09,76083
10768,2024-08-30 13:45:00,281.09,281.2,280.96,281.19,105507
10769,2024-08-30 14:15:00,281.19,281.25,281.02,281.1,122243
10770,2024-08-30 14:45:00,281.05,281.3,280.88,281.27,737633
10771,2024-08-30 15:15:00,281.25,281.3,281.01,281.08,342924
10772,2024-09-02 09:15:00,282.4,282.4,281.47,281.85,447319
10773,2024-09-02 09:45:00,281.85,281.88,281.42,281.74,386562
10774,2024-09-02 10:15:00,281.74,281.84,281.54,281.82,270289
10775,2024-09-02 10:45:00,281.82,281.94,281.71,281.93,116586
10776,2024-09-02 11:15:00,281.93,281.97,281.6,281.7,123111
10777,2024-09-02 11:45:00,281.63,281.85,281.5,281.68,123316
10778,2024-09-02 12:15:00,281.69,281.69,281.5,281.54,241443
10779,2024-09-02 12:45:00,281.48,281.51,281.0,281.25,240024
10780,2024-09-02 13:15:00,281.25,281.3,281.1,281.23,118777
10781,2024-09-02 13:45:00,281.23,281.5,281.13,281.4,574495
10782,2024-09-02 14:15:00,281.4,281.59,281.2,281.46,169770
10783,2024-09-02 14:45:00,281.46,281.58,281.3,281.49,217680
10784,2024-09-02 15:15:00,281.49,281.56,281.2,281.45,178991
10785,2024-09-03 09:15:00,281.64,282.19,281.34,281.5,259484
10786,2024-09-03 09:45:00,281.5,281.65,281.33,281.6,136914
10787,2024-09-03 10:15:00,281.6,281.62,281.37,281.61,95709
10788,2024-09-03 10:45:00,281.61,281.62,281.49,281.49,71598
10789,2024-09-03 11:15:00,281.42,281.56,281.37,281.52,54449
10790,2024-09-03 11:45:00,281.51,281.53,281.38,281.5,83016
10791,2024-09-03 12:15:00,281.5,281.55,281.34,281.55,92374
10792,2024-09-03 12:45:00,281.55,281.69,281.41,281.69,51508
10793,2024-09-03 13:15:00,281.69,281.77,281.54,281.65,74431
10794,2024-09-03 13:45:00,281.66,281.73,281.45,281.65,81988
10795,2024-09-03 14:15:00,281.6,281.93,281.53,281.84,154168
10796,2024-09-03 14:45:00,281.85,281.93,281.61,281.8,121384
10797,2024-09-03 15:15:00,281.77,281.87,281.51,281.72,135517
10798,2024-09-04 09:15:00,280.46,280.46,279.7,279.95,593607
10799,2024-09-04 09:45:00,279.95,280.5,279.9,280.5,305005
10800,2024-09-04 10:15:00,280.49,280.53,279.75,279.75,329204
10801,2024-09-04 10:45:00,279.75,280.45,279.74,280.44,236690
10802,2024-09-04 11:15:00,280.44,280.63,280.23,280.6,196253
10803,2024-09-04 11:45:00,280.6,280.79,280.51,280.73,170397
10804,2024-09-04 12:15:00,280.75,280.84,280.51,280.77,172636
10805,2024-09-04 12:45:00,280.77,280.92,280.62,280.89,194925
10806,2024-09-04 13:15:00,280.76,281.29,280.76,281.0,201036
10807,2024-09-04 13:45:00,281.06,281.2,280.82,281.07,239137
10808,2024-09-04 14:15:00,281.06,281.25,280.86,281.13,190441
10809,2024-09-04 14:45:00,281.25,281.44,281.02,281.44,332982
10810,2024-09-04 15:15:00,281.4,281.5,281.11,281.28,120099
10811,2024-09-05 09:15:00,281.89,281.97,281.31,281.46,247485
10812,2024-09-05 09:45:00,281.54,281.7,281.2,281.21,189120
10813,2024-09-05 10:15:00,281.2,281.28,280.5,280.65,434068
10814,2024-09-05 10:45:00,280.66,280.72,280.39,280.68,628127
10815,2024-09-05 11:15:00,280.67,280.71,280.5,280.55,174255
10816,2024-09-05 11:45:00,280.55,280.77,280.5,280.75,87018
10817,2024-09-05 12:15:00,280.76,280.79,280.6,280.73,81593
10818,2024-09-05 12:45:00,280.73,280.78,280.5,280.64,142108
10819,2024-09-05 13:15:00,280.64,280.68,280.5,280.67,40786
10820,2024-09-05 13:45:00,280.67,280.69,280.56,280.65,52936
10821,2024-09-05 14:15:00,280.69,280.7,280.41,280.47,291480
10822,2024-09-05 14:45:00,280.47,280.64,280.26,280.51,134295
10823,2024-09-05 15:15:00,280.45,280.53,280.32,280.43,129243
10824,2024-09-06 09:15:00,280.01,280.55,279.4,279.61,289538
10825,2024-09-06 09:45:00,279.5,279.55,277.84,278.37,448242
10826,2024-09-06 10:15:00,278.35,278.67,277.9,278.33,509339
10827,2024-09-06 10:45:00,278.36,278.53,277.95,278.03,397757
10828,2024-09-06 11:15:00,278.03,278.53,277.92,278.43,314404
10829,2024-09-06 11:45:00,278.31,278.6,278.22,278.4,275249
10830,2024-09-06 12:15:00,278.36,278.55,278.02,278.1,295943
10831,2024-09-06 12:45:00,278.03,278.28,277.61,277.84,496542
10832,2024-09-06 13:15:00,277.84,278.04,277.51,277.91,320154
10833,2024-09-06 13:45:00,277.9,278.08,277.75,277.83,186504
10834,2024-09-06 14:15:00,277.83,277.89,277.38,277.6,383564
10835,2024-09-06 14:45:00,277.62,277.93,277.35,277.87,360787
10836,2024-09-06 15:15:00,277.89,278.1,277.61,277.82,270799
10837,2024-09-09 09:15:00,277.48,277.52,276.6,277.35,429396
10838,2024-09-09 09:45:00,277.45,277.8,277.2,277.4,319950
10839,2024-09-09 10:15:00,277.41,277.99,277.25,277.99,152341
10840,2024-09-09 10:45:00,277.99,278.29,277.91,277.95,148348
10841,2024-09-09 11:15:00,277.95,277.95,277.67,277.73,104041
10842,2024-09-09 11:45:00,277.73,277.73,276.93,277.0,402948
10843,2024-09-09 12:15:00,277.0,277.01,276.86,276.99,313922
10844,2024-09-09 12:45:00,276.99,277.01,276.91,277.0,330800
10845,2024-09-09 13:15:00,277.0,277.57,277.0,277.4,1144445
10846,2024-09-09 13:45:00,277.4,277.46,277.07,277.27,117698
10847,2024-09-09 14:15:00,277.27,277.3,276.97,277.3,385777
10848,2024-09-09 14:45:00,277.3,277.78,277.17,277.78,486726
10849,2024-09-09 15:15:00,277.78,277.95,277.53,277.68,398953
10850,2024-09-10 09:15:00,278.48,278.75,277.98,278.11,230523
10851,2024-09-10 09:45:00,278.1,278.11,277.25,277.49,199221
10852,2024-09-10 10:15:00,277.49,277.97,277.42,277.95,114253
10853,2024-09-10 10:45:00,277.9,278.16,277.74,278.11,139033
10854,2024-09-10 11:15:00,278.19,278.45,278.09,278.45,67058
10855,2024-09-10 11:45:00,278.45,278.79,278.4,278.68,127949
10856,2024-09-10 12:15:00,278.56,279.15,278.56,279.15,55147
10857,2024-09-10 12:45:00,279.14,279.49,279.02,279.47,103980
10858,2024-09-10 13:15:00,279.47,279.95,279.36,279.95,338367
10859,2024-09-10 13:45:00,279.95,279.96,279.4,279.58,145254
10860,2024-09-10 14:15:00,279.56,279.71,279.22,279.28,67992
10861,2024-09-10 14:45:00,279.26,279.26,278.74,279.1,113042
10862,2024-09-10 15:15:00,279.1,279.35,278.88,279.2,282678
10863,2024-09-11 09:15:00,279.63,279.68,278.4,279.21,190695
10864,2024-09-11 09:45:00,279.32,279.4,278.88,279.36,151001
10865,2024-09-11 10:15:00,279.36,279.49,279.1,279.4,115146
10866,2024-09-11 10:45:00,279.49,279.5,279.03,279.39,62314
10867,2024-09-11 11:15:00,279.39,279.49,279.04,279.29,62007
10868,2024-09-11 11:45:00,279.2,279.76,279.15,279.52,108595
10869,2024-09-11 12:15:00,279.55,279.75,279.5,279.5,56112
10870,2024-09-11 12:45:00,279.54,279.55,279.23,279.39,106177
10871,2024-09-11 13:15:00,279.39,279.43,278.92,279.01,115501
10872,2024-09-11 13:45:00,279.02,279.06,277.65,277.8,362851
10873,2024-09-11 14:15:00,277.8,278.16,277.54,277.78,785953
10874,2024-09-11 14:45:00,277.71,277.78,277.2,277.58,431546
10875,2024-09-11 15:15:00,277.6,277.88,277.38,277.54,156510
10876,2024-09-12 09:15:00,278.6,279.35,278.45,279.28,428865
10877,2024-09-12 09:45:00,279.25,279.25,278.9,279.06,341891
10878,2024-09-12 10:15:00,279.04,279.06,278.85,279.0,141599
10879,2024-09-12 10:45:00,279.0,279.06,278.9,279.06,164312
10880,2024-09-12 11:15:00,279.06,279.3,278.64,279.2,325963
10881,2024-09-12 11:45:00,279.24,279.29,279.0,279.29,68903
10882,2024-09-12 12:15:00,279.29,279.32,278.82,279.32,376618
10883,2024-09-12 12:45:00,279.3,279.4,278.89,279.08,250328
10884,2024-09-12 13:15:00,279.19,279.42,279.0,279.21,237645
10885,2024-09-12 13:45:00,279.19,281.15,279.07,280.88,552303
10886,2024-09-12 14:15:00,280.96,281.3,280.91,281.2,507505
10887,2024-09-12 14:45:00,281.16,283.05,281.14,282.87,1110267
10888,2024-09-12 15:15:00,282.88,283.09,281.9,282.71,589469
10889,2024-09-13 09:15:00,283.29,283.29,281.8,282.3,414268
10890,2024-09-13 09:45:00,282.3,282.45,282.15,282.26,305045
10891,2024-09-13 10:15:00,282.26,283.08,282.26,282.95,529771
10892,2024-09-13 10:45:00,282.95,283.5,282.93,283.5,317028
10893,2024-09-13 11:15:00,283.5,283.5,283.15,283.4,238535
10894,2024-09-13 11:45:00,283.38,283.5,283.12,283.49,175591
10895,2024-09-13 12:15:00,283.41,283.63,283.36,283.55,183387
10896,2024-09-13 12:45:00,283.5,283.63,283.3,283.5,235151
10897,2024-09-13 13:15:00,283.5,283.5,283.03,283.08,108800
10898,2024-09-13 13:45:00,283.08,283.55,283.08,283.5,142419
10899,2024-09-13 14:15:00,283.5,283.5,283.25,283.4,106763
10900,2024-09-13 14:45:00,283.32,283.5,282.9,283.25,269638
10901,2024-09-13 15:15:00,283.25,283.34,283.03,283.19,160514
10902,2024-09-16 09:15:00,283.98,283.98,283.19,283.75,310959
10903,2024-09-16 09:45:00,283.75,283.75,283.5,283.73,148494
10904,2024-09-16 10:15:00,283.72,283.81,283.55,283.69,145229
10905,2024-09-16 10:45:00,283.69,283.74,283.25,283.5,110616
10906,2024-09-16 11:15:00,283.49,283.59,283.2,283.28,88091
10907,2024-09-16 11:45:00,283.28,283.43,283.02,283.1,87020
10908,2024-09-16 12:15:00,283.05,283.42,283.0,283.41,106312
10909,2024-09-16 12:45:00,283.41,283.48,283.28,283.39,68038
10910,2024-09-16 13:15:00,283.39,283.76,283.32,283.7,64498
10911,2024-09-16 13:45:00,283.68,283.89,283.5,283.7,222801
10912,2024-09-16 14:15:00,283.7,283.75,283.41,283.5,65420
10913,2024-09-16 14:45:00,283.55,283.69,283.05,283.29,226049
10914,2024-09-16 15:15:00,283.28,283.45,283.04,283.27,85788
10915,2024-09-17 09:15:00,283.78,283.82,282.85,283.32,170557
10916,2024-09-17 09:45:00,283.2,283.3,282.94,283.27,112363
10917,2024-09-17 10:15:00,283.27,283.4,283.06,283.35,84081
10918,2024-09-17 10:45:00,283.4,283.7,283.24,283.65,211594
10919,2024-09-17 11:15:00,283.6,283.88,283.6,283.79,137252
10920,2024-09-17 11:45:00,283.78,283.9,283.75,283.81,48233
10921,2024-09-17 12:15:00,283.82,283.89,283.75,283.84,93669
10922,2024-09-17 12:45:00,283.84,283.99,283.76,283.88,61340
10923,2024-09-17 13:15:00,283.9,283.9,283.7,283.9,75858
10924,2024-09-17 13:45:00,283.9,283.95,283.74,283.8,169089
10925,2024-09-17 14:15:00,283.85,283.98,283.8,283.95,87155
10926,2024-09-17 14:45:00,283.95,284.0,283.72,283.92,248058
10927,2024-09-17 15:15:00,283.93,283.95,283.7,283.89,100896
10928,2024-09-18 09:15:00,283.26,283.9,283.26,283.55,285011
10929,2024-09-18 09:45:00,283.54,283.7,283.4,283.5,181327
10930,2024-09-18 10:15:00,283.46,283.69,283.35,283.68,226347
10931,2024-09-18 10:45:00,283.69,283.9,283.51,283.7,124516
10932,2024-09-18 11:15:00,283.7,283.8,283.52,283.76,64393
10933,2024-09-18 11:45:00,283.75,283.89,283.6,283.8,84523
10934,2024-09-18 12:15:00,283.8,283.95,283.71,283.93,86388
10935,2024-09-18 12:45:00,283.93,284.0,283.25,283.25,510361
10936,2024-09-18 13:15:00,283.0,283.37,282.2,282.94,388586
10937,2024-09-18 13:45:00,282.92,284.25,282.75,283.08,1265920
10938,2024-09-18 14:15:00,283.09,283.39,282.87,283.04,179383
10939,2024-09-18 14:45:00,283.03,283.7,282.87,283.46,103336
10940,2024-09-18 15:15:00,283.49,283.6,283.0,283.36,149890
10941,2024-09-19 09:15:00,284.5,285.64,284.43,285.59,954816
10942,2024-09-19 09:45:00,285.6,285.68,284.85,284.96,823489
10943,2024-09-19 10:15:00,284.98,285.12,284.7,284.7,131522
10944,2024-09-19 10:45:00,284.7,285.04,284.58,284.8,159943
10945,2024-09-19 11:15:00,284.8,284.8,283.7,283.9,305330
10946,2024-09-19 11:45:00,283.9,284.29,283.5,284.15,290329
10947,2024-09-19 12:15:00,284.12,284.32,283.86,284.3,62877
10948,2024-09-19 12:45:00,284.3,284.38,283.65,283.73,188890
10949,2024-09-19 13:15:00,283.71,283.94,283.56,283.77,137411
10950,2024-09-19 13:45:00,283.77,283.85,283.44,283.75,66448
10951,2024-09-19 14:15:00,283.75,283.85,283.65,283.79,106139
10952,2024-09-19 14:45:00,283.79,283.88,283.51,283.88,205884
10953,2024-09-19 15:15:00,283.88,284.26,283.8,283.92,204368
10954,2024-09-20 09:15:00,284.62,285.14,283.77,283.98,499014
10955,2024-09-20 09:45:00,284.12,285.35,283.97,285.0,309506
10956,2024-09-20 10:15:00,285.0,285.93,284.68,285.85,364320
10957,2024-09-20 10:45:00,285.9,286.25,285.51,286.2,516495
10958,2024-09-20 11:15:00,286.08,286.4,285.9,286.01,165252
10959,2024-09-20 11:45:00,286.01,286.48,286.0,286.25,148430
10960,2024-09-20 12:15:00,286.25,286.4,286.0,286.4,190256
10961,2024-09-20 12:45:00,286.4,287.25,286.3,287.04,592601
10962,2024-09-20 13:15:00,287.1,287.22,284.32,284.85,589161
10963,2024-09-20 13:45:00,284.7,286.4,284.7,285.73,274424
10964,2024-09-20 14:15:00,285.84,286.34,285.26,285.83,308782
10965,2024-09-20 14:45:00,285.85,287.19,285.77,286.87,532900
10966,2024-09-20 15:15:00,286.89,287.48,286.81,287.1,287372
10967,2024-09-23 09:15:00,288.14,288.5,287.75,288.34,823168
10968,2024-09-23 09:45:00,288.32,288.75,288.32,288.59,352238
10969,2024-09-23 10:15:00,288.59,288.63,288.11,288.17,186729
10970,2024-09-23 10:45:00,288.23,288.44,288.16,288.4,172870
10971,2024-09-23 11:15:00,288.4,288.42,288.0,288.24,123874
10972,2024-09-23 11:45:00,288.24,288.39,288.06,288.33,96430
10973,2024-09-23 12:15:00,288.32,288.32,288.1,288.12,172420
10974,2024-09-23 12:45:00,288.12,288.37,288.0,288.3,176825
10975,2024-09-23 13:15:00,288.25,288.45,288.24,288.44,137286
10976,2024-09-23 13:45:00,288.44,288.76,288.36,288.51,1044025
10977,2024-09-23 14:15:00,288.51,290.07,288.49,289.66,4167180
10978,2024-09-23 14:45:00,289.69,290.08,289.52,289.6,2163378
10979,2024-09-23 15:15:00,289.6,289.6,288.8,289.34,375862
10980,2024-09-24 09:15:00,289.53,289.53,288.5,289.3,378190
10981,2024-09-24 09:45:00,289.3,289.8,289.23,289.6,364781
10982,2024-09-24 10:15:00,289.6,289.77,289.4,289.41,91814
10983,2024-09-24 10:45:00,289.5,289.51,289.26,289.4,90352
10984,2024-09-24 11:15:00,289.39,289.39,289.0,289.16,94013
10985,2024-09-24 11:45:00,289.16,289.34,289.0,289.29,112320
10986,2024-09-24 12:15:00,289.28,289.55,289.19,289.47,47664
10987,2024-09-24 12:45:00,289.47,289.48,289.33,289.48,59287
10988,2024-09-24 13:15:00,289.48,289.72,289.41,289.63,341866
10989,2024-09-24 13:45:00,289.7,289.77,289.38,289.54,252861
10990,2024-09-24 14:15:00,289.53,289.8,289.51,289.67,91423
10991,2024-09-24 14:45:00,289.66,289.77,289.12,289.41,206459
10992,2024-09-24 15:15:00,289.39,289.74,289.3,289.3,108673
10993,2024-09-25 09:15:00,289.25,289.33,288.74,289.24,233233
10994,2024-09-25 09:45:00,289.21,289.4,289.04,289.05,135121
10995,2024-09-25 10:15:00,289.1,289.2,288.86,289.15,216623
10996,2024-09-25 10:45:00,289.15,289.23,289.0,289.22,94166
10997,2024-09-25 11:15:00,289.2,289.34,289.1,289.26,187048
10998,2024-09-25 11:45:00,289.25,289.26,289.0,289.11,137835
10999,2024-09-25 12:15:00,289.06,289.19,289.0,289.14,66294
11000,2024-09-25 12:45:00,289.15,289.22,289.0,289.15,48397
11001,2024-09-25 13:15:00,289.15,289.39,289.0,289.35,109699
11002,2024-09-25 13:45:00,289.36,289.7,289.24,289.6,126916
11003,2024-09-25 14:15:00,289.7,289.7,289.5,289.6,64680
11004,2024-09-25 14:45:00,289.56,290.25,289.51,290.2,231049
11005,2024-09-25 15:15:00,290.19,290.43,289.92,290.09,395975
11006,2024-09-26 09:15:00,290.56,290.56,289.99,290.13,1513281
11007,2024-09-26 09:45:00,290.1,290.42,289.99,290.3,1022718
11008,2024-09-26 10:15:00,290.28,290.35,290.13,290.29,1006806
11009,2024-09-26 10:45:00,290.29,290.34,290.03,290.25,287141
11010,2024-09-26 11:15:00,290.25,290.36,290.09,290.27,452830
11011,2024-09-26 11:45:00,290.23,290.45,290.21,290.44,1807896
11012,2024-09-26 12:15:00,290.44,290.6,290.33,290.57,880803
11013,2024-09-26 12:45:00,290.57,290.7,290.33,290.55,206815
11014,2024-09-26 13:15:00,290.6,290.66,290.5,290.5,189554
11015,2024-09-26 13:45:00,290.55,290.55,290.05,290.39,785992
11016,2024-09-26 14:15:00,290.39,291.6,290.39,291.6,1376740
11017,2024-09-26 14:45:00,291.51,291.9,290.48,291.59,2384344
11018,2024-09-26 15:15:00,291.6,291.9,291.01,291.55,567400
11019,2024-09-27 09:15:00,292.09,292.3,291.75,292.25,304966
11020,2024-09-27 09:45:00,292.25,292.5,292.2,292.45,210545
11021,2024-09-27 10:15:00,292.42,292.45,292.22,292.39,426405
11022,2024-09-27 10:45:00,292.39,292.43,292.06,292.28,593618
11023,2024-09-27 11:15:00,292.27,292.28,291.98,292.2,99208
11024,2024-09-27 11:45:00,292.2,292.27,291.98,292.2,143091
11025,2024-09-27 12:15:00,292.2,292.3,292.0,292.01,130512
11026,2024-09-27 12:45:00,292.01,292.2,291.6,291.77,208771
11027,2024-09-27 13:15:00,291.97,292.14,291.6,292.1,114479
11028,2024-09-27 13:45:00,292.13,292.43,291.91,292.05,153384
11029,2024-09-27 14:15:00,291.96,292.2,291.91,292.14,45012
11030,2024-09-27 14:45:00,292.14,292.2,291.7,291.89,122890
11031,2024-09-27 15:15:00,291.8,292.24,291.8,291.97,173831
11032,2024-09-30 09:15:00,291.47,291.97,290.39,290.4,507874
11033,2024-09-30 09:45:00,290.32,290.4,289.75,290.04,629717
11034,2024-09-30 10:15:00,290.04,290.12,289.71,289.93,299102
11035,2024-09-30 10:45:00,289.89,290.0,289.38,289.55,273863
11036,2024-09-30 11:15:00,289.57,289.59,289.2,289.23,534042
11037,2024-09-30 11:45:00,289.2,289.5,289.08,289.28,343618
11038,2024-09-30 12:15:00,289.25,289.43,289.0,289.28,357543
11039,2024-09-30 12:45:00,289.25,289.42,288.89,289.02,287521
11040,2024-09-30 13:15:00,288.96,288.99,288.4,288.79,449823
11041,2024-09-30 13:45:00,288.78,288.99,288.5,288.52,286128
11042,2024-09-30 14:15:00,288.47,288.54,288.15,288.25,750611
11043,2024-09-30 14:45:00,288.23,288.79,288.1,288.37,779190
11044,2024-09-30 15:15:00,288.42,288.7,288.24,288.38,892111
11045,2024-10-01 09:15:00,288.74,289.3,288.35,288.75,861124
11046,2024-10-01 09:45:00,288.82,288.89,288.27,288.4,489350
11047,2024-10-01 10:15:00,288.46,288.49,287.52,287.74,397117
11048,2024-10-01 10:45:00,287.62,288.09,287.5,287.59,358633
11049,2024-10-01 11:15:00,287.59,288.09,287.51,288.04,230940
11050,2024-10-01 11:45:00,288.04,288.56,288.04,288.3,195180
11051,2024-10-01 12:15:00,288.45,288.53,287.75,287.75,303297
11052,2024-10-01 12:45:00,287.8,288.12,287.7,288.0,147689
11053,2024-10-01 13:15:00,288.11,288.44,287.87,288.18,231031
11054,2024-10-01 13:45:00,288.15,288.29,287.9,288.16,585900
11055,2024-10-01 14:15:00,288.16,288.2,287.9,287.95,261976
11056,2024-10-01 14:45:00,287.9,288.4,287.81,288.25,662572
11057,2024-10-01 15:15:00,288.32,288.5,288.0,288.27,342881
11058,2024-10-03 09:15:00,286.49,286.97,285.4,286.32,1507845
11059,2024-10-03 09:45:00,286.29,286.41,285.25,285.25,1023878
11060,2024-10-03 10:15:00,285.37,285.43,285.04,285.24,801399
11061,2024-10-03 10:45:00,285.2,285.28,284.94,284.94,945656
11062,2024-10-03 11:15:00,284.94,284.94,284.02,284.14,1037551
11063,2024-10-03 11:45:00,284.1,284.33,283.72,283.81,691691
11064,2024-10-03 12:15:00,283.8,284.1,283.57,283.85,679900
11065,2024-10-03 12:45:00,283.85,283.9,283.3,283.35,643889
11066,2024-10-03 13:15:00,283.4,283.42,282.58,282.63,1139798
11067,2024-10-03 13:45:00,282.63,282.89,282.15,282.5,1401104
11068,2024-10-03 14:15:00,282.5,282.75,282.3,282.69,1316080
11069,2024-10-03 14:45:00,282.7,282.9,282.17,282.88,1600337
11070,2024-10-03 15:15:00,282.88,282.98,282.47,282.69,1214584
11071,2024-10-04 09:15:00,282.62,283.58,280.46,281.75,1451051
11072,2024-10-04 09:45:00,281.75,282.64,281.61,281.76,1201857
11073,2024-10-04 10:15:00,281.76,282.4,281.31,282.34,438087
11074,2024-10-04 10:45:00,282.4,283.32,282.4,283.0,740251
11075,2024-10-04 11:15:00,283.0,283.19,282.47,283.0,322481
11076,2024-10-04 11:45:00,283.02,284.49,282.75,284.49,333536
11077,2024-10-04 12:15:00,284.3,284.51,281.55,281.69,820495
11078,2024-10-04 12:45:00,281.71,282.24,280.2,280.83,1110000
11079,2024-10-04 13:15:00,280.83,280.93,279.8,279.9,1435201
11080,2024-10-04 13:45:00,279.9,280.59,279.86,279.9,603108
11081,2024-10-04 14:15:00,279.88,280.19,279.52,279.53,1035870
11082,2024-10-04 14:45:00,279.54,280.1,279.4,280.09,1300774
11083,2024-10-04 15:15:00,280.08,281.0,280.08,280.15,709606
11084,2024-10-07 09:15:00,280.97,281.38,279.87,280.19,1368476
11085,2024-10-07 09:45:00,280.14,280.29,279.59,279.89,722948
11086,2024-10-07 10:15:00,279.98,280.18,279.0,279.08,536229
11087,2024-10-07 10:45:00,279.01,279.09,277.11,278.28,1198853
11088,2024-10-07 11:15:00,278.27,279.39,278.27,278.89,691332
11089,2024-10-07 11:45:00,278.89,279.1,278.01,278.59,307912
11090,2024-10-07 12:15:00,278.58,278.9,278.0,278.15,358274
11091,2024-10-07 12:45:00,278.13,278.18,277.01,277.14,995322
11092,2024-10-07 13:15:00,277.14,277.47,276.15,276.53,1315510
11093,2024-10-07 13:45:00,276.53,277.68,276.21,276.9,1134126
11094,2024-10-07 14:15:00,276.9,277.24,276.38,277.24,719197
11095,2024-10-07 14:45:00,277.23,278.41,277.13,277.23,812767
11096,2024-10-07 15:15:00,277.25,279.7,277.25,278.01,499088
11097,2024-10-08 09:15:00,278.55,278.55,276.73,277.24,1085857
11098,2024-10-08 09:45:00,277.25,278.25,277.21,277.49,959013
11099,2024-10-08 10:15:00,277.49,278.67,277.28,278.51,720923
11100,2024-10-08 10:45:00,278.51,278.85,278.0,278.66,569710
11101,2024-10-08 11:15:00,278.66,279.2,278.5,278.88,692281
11102,2024-10-08 11:45:00,278.86,279.03,278.17,278.59,525819
11103,2024-10-08 12:15:00,278.54,278.74,278.25,278.3,213330
11104,2024-10-08 12:45:00,278.4,279.1,278.01,279.1,239789
11105,2024-10-08 13:15:00,279.1,279.31,278.56,279.29,190771
11106,2024-10-08 13:45:00,279.23,279.84,279.13,279.69,264905
11107,2024-10-08 14:15:00,279.69,279.73,278.9,278.9,609943
11108,2024-10-08 14:45:00,278.95,279.49,278.4,279.47,370904
11109,2024-10-08 15:15:00,279.4,279.75,279.11,279.4,343007
11110,2024-10-09 09:15:00,279.97,280.6,279.57,280.22,728419
11111,2024-10-09 09:45:00,280.28,281.32,279.79,281.24,735177
11112,2024-10-09 10:15:00,281.26,281.48,280.44,281.35,868294
11113,2024-10-09 10:45:00,281.35,281.75,281.3,281.74,460006
11114,2024-10-09 11:15:00,281.75,281.78,281.03,281.1,231380
11115,2024-10-09 11:45:00,281.08,281.1,280.32,280.57,321971
11116,2024-10-09 12:15:00,280.67,281.08,280.44,280.84,251352
11117,2024-10-09 12:45:00,280.76,281.05,280.4,280.5,165109
11118,2024-10-09 13:15:00,280.52,280.69,280.01,280.52,105836
11119,2024-10-09 13:45:00,280.53,280.9,280.26,280.64,118071
11120,2024-10-09 14:15:00,280.51,280.54,279.7,279.77,231016
11121,2024-10-09 14:45:00,279.75,279.89,278.27,278.5,1292460
11122,2024-10-09 15:15:00,278.49,279.9,278.47,278.72,421855
11123,2024-10-10 09:15:00,279.56,280.09,279.32,279.58,459191
11124,2024-10-10 09:45:00,279.55,280.74,279.26,280.58,264723
11125,2024-10-10 10:15:00,280.57,280.76,279.8,279.92,791241
11126,2024-10-10 10:45:00,280.0,280.19,279.61,279.63,167393
11127,2024-10-10 11:15:00,279.61,279.74,279.25,279.3,242767
11128,2024-10-10 11:45:00,279.3,279.9,279.28,279.74,127906
11129,2024-10-10 12:15:00,279.73,279.83,279.55,279.65,69071
11130,2024-10-10 12:45:00,279.65,279.72,279.36,279.55,78238
11131,2024-10-10 13:15:00,279.53,279.79,279.29,279.33,141095
11132,2024-10-10 13:45:00,279.32,279.59,279.31,279.55,109819
11133,2024-10-10 14:15:00,279.55,279.6,279.35,279.4,90734
11134,2024-10-10 14:45:00,279.38,279.45,279.05,279.35,253592
11135,2024-10-10 15:15:00,279.3,279.55,279.1,279.3,226251
11136,2024-10-11 09:15:00,279.6,279.6,278.56,279.09,248513
11137,2024-10-11 09:45:00,279.04,279.66,279.04,279.6,207222
11138,2024-10-11 10:15:00,279.5,279.63,278.74,278.96,259860
11139,2024-10-11 10:45:00,278.96,279.06,278.6,278.8,156568
11140,2024-10-11 11:15:00,278.81,278.87,278.26,278.43,196592
11141,2024-10-11 11:45:00,278.43,278.5,278.3,278.43,142085
11142,2024-10-11 12:15:00,278.43,278.45,278.28,278.4,251404
11143,2024-10-11 12:45:00,278.4,278.5,278.25,278.44,98211
11144,2024-10-11 13:15:00,278.44,278.94,278.42,278.5,193980
11145,2024-10-11 13:45:00,278.5,278.89,278.45,278.71,82011
11146,2024-10-11 14:15:00,278.7,278.95,278.5,278.86,301671
11147,2024-10-11 14:45:00,278.88,278.88,278.6,278.74,221872
11148,2024-10-11 15:15:00,278.74,278.97,278.6,278.72,270651
11149,2024-10-14 09:15:00,279.11,280.25,279.09,280.25,476595
11150,2024-10-14 09:45:00,280.25,280.68,280.14,280.3,290757
11151,2024-10-14 10:15:00,280.3,280.55,280.1,280.11,374832
11152,2024-10-14 10:45:00,280.22,280.46,280.02,280.34,117463
11153,2024-10-14 11:15:00,280.34,280.66,280.31,280.62,209955
11154,2024-10-14 11:45:00,280.62,280.81,280.6,280.8,109458
11155,2024-10-14 12:15:00,280.8,280.81,280.36,280.66,90974
11156,2024-10-14 12:45:00,280.7,280.73,280.3,280.42,84846
11157,2024-10-14 13:15:00,280.42,280.62,280.24,280.54,67781
11158,2024-10-14 13:45:00,280.54,280.83,280.38,280.76,172621
11159,2024-10-14 14:15:00,280.76,280.85,280.56,280.79,112188
11160,2024-10-14 14:45:00,280.79,280.81,280.52,280.65,170306
11161,2024-10-14 15:15:00,280.65,280.97,280.65,280.76,278517
11162,2024-10-15 09:15:00,280.88,281.58,280.88,281.07,253160
11163,2024-10-15 09:45:00,281.03,281.03,279.65,279.9,480116
11164,2024-10-15 10:15:00,279.92,280.3,279.4,280.25,364980
11165,2024-10-15 10:45:00,280.28,280.35,279.95,280.06,108755
11166,2024-10-15 11:15:00,280.06,280.14,279.65,279.82,238505
11167,2024-10-15 11:45:00,279.82,280.26,279.72,280.03,121886
11168,2024-10-15 12:15:00,280.0,280.08,279.87,279.91,164703
11169,2024-10-15 12:45:00,279.91,280.0,279.34,279.59,173876
11170,2024-10-15 13:15:00,279.57,279.9,279.5,279.9,184465
11171,2024-10-15 13:45:00,279.9,279.98,279.58,279.62,183049
11172,2024-10-15 14:15:00,279.64,279.75,279.45,279.53,181334
11173,2024-10-15 14:45:00,279.55,279.92,279.48,279.85,141642
11174,2024-10-15 15:15:00,279.88,280.11,279.65,279.83,160588
11175,2024-10-16 09:15:00,279.31,280.16,279.01,280.16,267483
11176,2024-10-16 09:45:00,280.16,280.2,279.67,279.97,160840
11177,2024-10-16 10:15:00,279.97,280.0,279.5,279.55,185757
11178,2024-10-16 10:45:00,279.55,279.71,279.39,279.46,362807
11179,2024-10-16 11:15:00,279.47,279.48,278.51,278.6,371496
11180,2024-10-16 11:45:00,278.6,278.88,278.36,278.74,222028
11181,2024-10-16 12:15:00,278.7,278.8,278.5,278.61,182829
11182,2024-10-16 12:45:00,278.62,279.2,278.57,279.2,193495
11183,2024-10-16 13:15:00,279.19,279.19,278.58,278.95,211500
11184,2024-10-16 13:45:00,278.94,279.52,278.82,279.4,225518
11185,2024-10-16 14:15:00,279.4,279.75,279.2,279.35,329174
11186,2024-10-16 14:45:00,279.35,279.35,278.51,278.6,717855
11187,2024-10-16 15:15:00,278.6,278.66,278.24,278.5,304141
11188,2024-10-17 09:15:00,278.99,279.0,277.31,277.35,494260
11189,2024-10-17 09:45:00,277.3,277.47,277.0,277.37,337889
11190,2024-10-17 10:15:00,277.35,277.66,277.02,277.6,232179
11191,2024-10-17 10:45:00,277.6,277.6,276.9,276.93,260818
11192,2024-10-17 11:15:00,276.9,277.18,276.78,276.83,424973
11193,2024-10-17 11:45:00,276.86,276.99,276.69,276.83,201532
11194,2024-10-17 12:15:00,276.84,277.0,276.75,276.8,129531
11195,2024-10-17 12:45:00,276.78,277.05,276.55,276.91,296427
11196,2024-10-17 13:15:00,276.91,276.93,276.55,276.76,222116
11197,2024-10-17 13:45:00,276.76,276.76,276.35,276.44,310178
11198,2024-10-17 14:15:00,276.44,276.69,276.3,276.48,379514
11199,2024-10-17 14:45:00,276.49,276.75,276.35,276.75,723408
11200,2024-10-17 15:15:00,276.75,276.89,276.55,276.69,304866
11201,2024-10-18 09:15:00,276.05,276.05,274.5,275.44,1038794
11202,2024-10-18 09:45:00,275.47,275.98,275.04,275.65,839200
11203,2024-10-18 10:15:00,275.65,276.4,275.5,276.28,337489
11204,2024-10-18 10:45:00,276.28,276.58,275.9,276.2,194403
11205,2024-10-18 11:15:00,276.2,276.85,275.76,276.85,258885
11206,2024-10-18 11:45:00,276.85,277.1,276.53,276.94,153974
11207,2024-10-18 12:15:00,276.8,277.79,276.8,277.56,246750
11208,2024-10-18 12:45:00,277.56,277.68,277.0,277.15,142721
11209,2024-10-18 13:15:00,277.19,277.82,277.1,277.76,241888
11210,2024-10-18 13:45:00,277.76,277.99,277.62,277.79,424354
11211,2024-10-18 14:15:00,277.79,278.1,277.73,277.76,578821
11212,2024-10-18 14:45:00,277.76,277.89,277.31,277.49,290467
11213,2024-10-18 15:15:00,277.46,277.78,277.42,277.53,797910
11214,2024-10-21 09:15:00,278.59,278.97,276.21,276.41,435950
11215,2024-10-21 09:45:00,276.39,277.67,275.48,276.8,393097
11216,2024-10-21 10:15:00,276.89,277.22,276.37,277.03,207384
11217,2024-10-21 10:45:00,277.0,277.28,276.75,276.88,101509
11218,2024-10-21 11:15:00,276.88,276.94,276.21,276.39,183167
11219,2024-10-21 11:45:00,276.4,276.42,275.86,275.95,238153
11220,2024-10-21 12:15:00,275.9,276.2,275.76,276.12,143611
11221,2024-10-21 12:45:00,276.2,276.2,275.82,276.2,147581
11222,2024-10-21 13:15:00,276.19,276.84,276.11,276.38,299482
11223,2024-10-21 13:45:00,276.38,277.3,276.34,276.69,332809
11224,2024-10-21 14:15:00,276.69,277.27,276.6,276.9,529425
11225,2024-10-21 14:45:00,276.9,276.99,276.2,276.58,397494
11226,2024-10-21 15:15:00,276.55,276.6,276.23,276.47,490002
11227,2024-10-22 09:15:00,276.8,277.2,276.47,277.2,271152
11228,2024-10-22 09:45:00,277.3,277.73,276.35,276.5,192693
11229,2024-10-22 10:15:00,276.5,276.64,275.25,275.69,400899
11230,2024-10-22 10:45:00,275.69,276.1,275.51,276.03,374248
11231,2024-10-22 11:15:00,276.02,276.03,275.3,275.31,345288
11232,2024-10-22 11:45:00,275.39,275.6,275.13,275.38,507312
11233,2024-10-22 12:15:00,275.36,275.85,275.04,275.07,301022
11234,2024-10-22 12:45:00,275.1,275.1,274.7,275.1,693694
11235,2024-10-22 13:15:00,275.1,275.1,274.45,274.65,453704
11236,2024-10-22 13:45:00,274.65,275.07,274.55,274.99,502663
11237,2024-10-22 14:15:00,274.99,275.0,274.25,274.4,645058
11238,2024-10-22 14:45:00,274.38,274.45,273.23,273.43,1460426
11239,2024-10-22 15:15:00,273.43,273.99,273.42,273.56,667588
11240,2024-10-23 09:15:00,273.03,274.17,272.58,272.75,904887
11241,2024-10-23 09:45:00,272.84,274.25,272.75,274.01,457659
11242,2024-10-23 10:15:00,274.03,274.45,273.31,273.82,303798
11243,2024-10-23 10:45:00,273.81,274.8,273.7,274.45,186283
11244,2024-10-23 11:15:00,274.45,274.81,274.3,274.56,207593
11245,2024-10-23 11:45:00,274.56,274.94,274.1,274.2,241736
11246,2024-10-23 12:15:00,274.28,274.5,273.9,274.4,238340
11247,2024-10-23 12:45:00,274.3,274.5,274.11,274.2,219952
11248,2024-10-23 13:15:00,274.2,274.41,274.01,274.2,345433
11249,2024-10-23 13:45:00,274.2,274.24,273.6,273.63,121838
11250,2024-10-23 14:15:00,273.66,273.68,272.9,273.03,467953
11251,2024-10-23 14:45:00,273.03,273.41,272.95,273.18,280474
11252,2024-10-23 15:15:00,273.18,273.25,272.85,273.09,277128
11253,2024-10-24 09:15:00,272.89,273.51,272.06,272.27,512934
11254,2024-10-24 09:45:00,272.26,273.21,272.16,273.19,377031
11255,2024-10-24 10:15:00,273.19,273.27,272.85,272.98,155559
11256,2024-10-24 10:45:00,272.98,273.05,272.62,272.68,239131
11257,2024-10-24 11:15:00,272.69,272.91,272.61,272.87,118662
11258,2024-10-24 11:45:00,272.87,272.87,272.62,272.7,98655
11259,2024-10-24 12:15:00,272.7,272.78,272.61,272.72,254796
11260,2024-10-24 12:45:00,272.7,272.73,272.5,272.62,85580
11261,2024-10-24 13:15:00,272.62,272.73,272.49,272.57,135593
11262,2024-10-24 13:45:00,272.57,272.66,272.42,272.47,205395
11263,2024-10-24 14:15:00,272.5,272.56,272.27,272.4,309082
11264,2024-10-24 14:45:00,272.4,272.53,272.16,272.36,478847
11265,2024-10-24 15:15:00,272.34,272.35,271.93,272.12,1075763
11266,2024-10-25 09:15:00,272.55,272.71,271.11,271.11,547310
11267,2024-10-25 09:45:00,271.15,271.47,270.37,270.46,677567
11268,2024-10-25 10:15:00,270.45,270.75,269.98,270.1,685221
11269,2024-10-25 10:45:00,270.0,270.3,269.48,270.0,754287
11270,2024-10-25 11:15:00,270.0,270.45,269.7,269.93,590807
11271,2024-10-25 11:45:00,269.9,270.05,269.6,269.78,411617
11272,2024-10-25 12:15:00,269.77,269.77,269.26,269.5,700619
11273,2024-10-25 12:45:00,269.5,269.78,269.39,269.6,271729
11274,2024-10-25 13:15:00,269.65,269.7,269.15,269.29,372465
11275,2024-10-25 13:45:00,269.29,269.29,269.18,269.19,363208
11276,2024-10-25 14:15:00,269.19,269.36,269.0,269.35,582735
11277,2024-10-25 14:45:00,269.38,273.88,269.36,271.89,811468
11278,2024-10-25 15:15:00,271.99,271.99,269.98,270.48,959598
11279,2024-10-28 09:15:00,271.77,272.03,270.0,270.0,638335
11280,2024-10-28 09:45:00,270.0,271.6,269.9,271.6,362948
11281,2024-10-28 10:15:00,271.6,272.87,271.52,272.84,286577
11282,2024-10-28 10:45:00,272.85,272.99,272.07,272.59,274927
11283,2024-10-28 11:15:00,272.59,272.98,272.41,272.98,388692
11284,2024-10-28 11:45:00,272.98,273.53,272.64,273.5,217880
11285,2024-10-28 12:15:00,273.5,273.72,273.21,273.3,154749
11286,2024-10-28 12:45:00,273.24,273.35,272.65,272.91,208127
11287,2024-10-28 13:15:00,272.91,273.29,272.66,272.78,80152
11288,2024-10-28 13:45:00,272.78,273.0,272.31,272.42,112649
11289,2024-10-28 14:15:00,272.49,272.99,272.32,272.7,281765
11290,2024-10-28 14:45:00,272.76,272.89,271.56,271.99,274614
11291,2024-10-28 15:15:00,271.99,272.23,271.75,271.97,211864
11292,2024-10-29 09:15:00,272.29,272.29,270.75,270.87,637046
11293,2024-10-29 09:45:00,270.87,271.06,270.22,270.95,302534
11294,2024-10-29 10:15:00,270.95,271.09,270.3,270.34,221884
11295,2024-10-29 10:45:00,270.3,270.74,270.01,270.57,241848
11296,2024-10-29 11:15:00,270.57,271.17,270.4,271.09,240926
11297,2024-10-29 11:45:00,271.05,271.6,270.9,271.6,279281
11298,2024-10-29 12:15:00,271.6,271.84,271.36,271.81,188588
11299,2024-10-29 12:45:00,271.81,272.26,271.55,271.88,265305
11300,2024-10-29 13:15:00,271.88,272.14,271.4,271.78,113340
11301,2024-10-29 13:45:00,271.72,273.0,271.5,272.99,169289
11302,2024-10-29 14:15:00,272.99,273.32,272.5,273.09,229331
11303,2024-10-29 14:45:00,273.09,273.8,273.0,273.72,217792
11304,2024-10-29 15:15:00,273.72,273.74,273.45,273.59,174358
11305,2024-10-30 09:15:00,273.6,273.6,272.3,272.93,690261
11306,2024-10-30 09:45:00,272.93,272.94,272.57,272.94,451630
11307,2024-10-30 10:15:00,272.94,273.17,272.65,272.9,174321
11308,2024-10-30 10:45:00,272.68,273.38,272.68,273.3,213083
11309,2024-10-30 11:15:00,273.25,273.5,273.11,273.44,353264
11310,2024-10-30 11:45:00,273.44,273.47,273.0,273.28,159981
11311,2024-10-30 12:15:00,273.31,273.44,273.16,273.44,137666
11312,2024-10-30 12:45:00,273.44,273.85,273.05,273.18,156839
11313,2024-10-30 13:15:00,273.18,273.18,272.31,272.53,250651
11314,2024-10-30 13:45:00,272.53,272.63,272.0,272.04,305541
11315,2024-10-30 14:15:00,272.03,272.47,271.82,272.42,192508
11316,2024-10-30 14:45:00,272.42,272.48,272.1,272.13,306493
11317,2024-10-30 15:15:00,272.15,272.46,272.08,272.16,292280
11318,2024-10-31 09:15:00,272.5,272.5,271.08,271.29,312789
11319,2024-10-31 09:45:00,271.4,271.85,271.4,271.5,178577
11320,2024-10-31 10:15:00,271.5,271.5,271.1,271.36,287104
11321,2024-10-31 10:45:00,271.33,271.5,271.12,271.33,107949
11322,2024-10-31 11:15:00,271.3,271.44,271.1,271.26,186982
11323,2024-10-31 11:45:00,271.25,271.26,270.91,270.94,395494
11324,2024-10-31 12:15:00,271.0,271.0,270.65,270.75,186947
11325,2024-10-31 12:45:00,270.76,270.94,270.67,270.8,183049
11326,2024-10-31 13:15:00,270.8,270.9,270.67,270.85,211165
11327,2024-10-31 13:45:00,270.85,270.89,270.52,270.54,152017
11328,2024-10-31 14:15:00,270.54,270.79,270.45,270.67,340684
11329,2024-10-31 14:45:00,270.67,270.74,270.45,270.69,959746
11330,2024-10-31 15:15:00,270.69,271.05,270.6,270.64,751752
11331,2024-11-01 17:45:00,272.39,273.5,271.02,272.46,725149
11332,2024-11-01 18:15:00,272.5,272.72,272.05,272.34,838967
11333,2024-11-04 09:15:00,271.58,271.68,269.15,269.28,1354133
11334,2024-11-04 09:45:00,269.24,269.52,268.17,268.41,1353508
11335,2024-11-04 10:15:00,268.4,268.51,267.52,267.6,1557804
11336,2024-11-04 10:45:00,267.6,267.85,266.45,266.82,1617321
11337,2024-11-04 11:15:00,266.82,267.39,266.4,267.07,1384774
11338,2024-11-04 11:45:00,267.07,267.93,266.85,267.67,712799
11339,2024-11-04 12:15:00,267.67,267.73,267.12,267.33,546415
11340,2024-11-04 12:45:00,267.3,267.6,266.95,267.56,677728
11341,2024-11-04 13:15:00,267.56,267.63,267.12,267.31,418028
11342,2024-11-04 13:45:00,267.3,267.9,267.3,267.86,491170
11343,2024-11-04 14:15:00,267.83,268.2,267.69,268.0,427638
11344,2024-11-04 14:45:00,268.0,268.66,267.99,268.5,627622
11345,2024-11-04 15:15:00,268.5,268.69,268.31,268.47,404779
11346,2024-11-05 09:15:00,268.09,268.88,267.36,267.96,803322
11347,2024-11-05 09:45:00,267.96,268.6,267.61,268.23,442304
11348,2024-11-05 10:15:00,268.22,268.8,267.8,268.12,309312
11349,2024-11-05 10:45:00,268.12,268.43,267.99,268.27,335872
11350,2024-11-05 11:15:00,268.24,268.35,266.9,266.98,764576
11351,2024-11-05 11:45:00,266.98,267.29,266.72,267.01,608823
11352,2024-11-05 12:15:00,267.07,267.49,266.79,267.28,365529
11353,2024-11-05 12:45:00,267.44,267.86,267.27,267.51,230628
11354,2024-11-05 13:15:00,267.51,269.44,267.26,269.09,445593
11355,2024-11-05 13:45:00,269.09,270.32,269.07,270.11,539427
11356,2024-11-05 14:15:00,270.14,270.88,270.0,270.79,642361
11357,2024-11-05 14:45:00,270.74,271.0,270.4,270.75,615418
11358,2024-11-05 15:15:00,270.75,270.89,270.51,270.79,426886
11359,2024-11-06 09:15:00,271.84,272.47,270.81,272.39,803644
11360,2024-11-06 09:45:00,272.45,273.13,272.31,272.76,621911
11361,2024-11-06 10:15:00,272.7,272.78,271.7,271.88,283267
11362,2024-11-06 10:45:00,271.88,272.69,271.75,272.57,202160
11363,2024-11-06 11:15:00,272.57,272.81,272.32,272.81,243868
11364,2024-11-06 11:45:00,272.81,273.44,272.75,273.25,523663
11365,2024-11-06 12:15:00,273.24,273.48,272.92,273.26,352478
11366,2024-11-06 12:45:00,273.26,273.73,272.9,273.64,268087
11367,2024-11-06 13:15:00,273.5,273.85,273.38,273.72,529211
11368,2024-11-06 13:45:00,273.72,274.01,273.6,273.91,391418
11369,2024-11-06 14:15:00,273.93,274.4,273.5,273.75,579334
11370,2024-11-06 14:45:00,273.76,274.0,273.5,273.78,310138
11371,2024-11-06 15:15:00,273.78,274.21,273.72,273.91,283640
11372,2024-11-07 09:15:00,273.84,273.84,272.25,272.56,717793
11373,2024-11-07 09:45:00,272.56,272.75,270.76,271.0,1467818
11374,2024-11-07 10:15:00,270.86,271.19,270.54,270.84,629006
11375,2024-11-07 10:45:00,270.84,271.43,270.77,271.1,278020
11376,2024-11-07 11:15:00,271.09,271.1,270.6,270.95,607307
11377,2024-11-07 11:45:00,270.96,270.96,270.7,270.78,553053
11378,2024-11-07 12:15:00,270.78,271.16,270.66,271.1,172485
11379,2024-11-07 12:45:00,271.1,271.15,270.85,270.95,205111
11380,2024-11-07 13:15:00,270.98,270.99,270.55,270.61,302873
11381,2024-11-07 13:45:00,270.58,270.96,270.56,270.9,262808
11382,2024-11-07 14:15:00,270.88,270.94,270.6,270.68,300529
11383,2024-11-07 14:45:00,270.67,270.81,270.41,270.68,560860
11384,2024-11-07 15:15:00,270.67,270.78,270.54,270.7,291740
11385,2024-11-08 09:15:00,270.91,270.91,269.34,270.4,939442
11386,2024-11-08 09:45:00,270.45,271.42,270.16,270.78,413671
11387,2024-11-08 10:15:00,270.78,270.88,270.35,270.42,262454
11388,2024-11-08 10:45:00,270.4,270.43,270.12,270.38,151135
11389,2024-11-08 11:15:00,270.41,270.44,270.03,270.09,142745
11390,2024-11-08 11:45:00,270.12,270.12,269.61,269.76,253546
11391,2024-11-08 12:15:00,269.76,270.15,269.72,270.13,141271
11392,2024-11-08 12:45:00,270.13,270.4,269.9,270.38,143090
11393,2024-11-08 13:15:00,270.38,270.54,270.03,270.17,178639
11394,2024-11-08 13:45:00,270.17,270.25,269.95,269.95,104469
11395,2024-11-08 14:15:00,269.95,270.4,269.83,270.38,150437
11396,2024-11-08 14:45:00,270.39,270.4,270.0,270.22,255682
11397,2024-11-08 15:15:00,270.22,270.27,269.62,270.03,302948
11398,2024-11-11 09:15:00,269.34,270.12,268.5,270.04,474747
11399,2024-11-11 09:45:00,270.09,270.45,269.75,269.87,218983
11400,2024-11-11 10:15:00,269.87,271.4,269.63,271.0,265771
11401,2024-11-11 10:45:00,271.01,271.75,270.88,271.68,332968
11402,2024-11-11 11:15:00,271.61,272.0,271.61,272.0,177838
11403,2024-11-11 11:45:00,272.0,272.0,271.0,271.25,212439
11404,2024-11-11 12:15:00,271.19,271.3,270.68,271.2,98778
11405,2024-11-11 12:45:00,271.2,271.27,270.8,270.9,89728
11406,2024-11-11 13:15:00,270.9,271.04,270.09,270.09,119523
11407,2024-11-11 13:45:00,270.09,270.26,269.67,269.67,405174
11408,2024-11-11 14:15:00,269.67,270.66,269.3,270.57,214228
11409,2024-11-11 14:45:00,270.56,270.64,269.73,270.2,207360
11410,2024-11-11 15:15:00,270.15,270.25,269.75,269.96,152622
11411,2024-11-12 09:15:00,270.81,270.87,269.9,270.14,384300
11412,2024-11-12 09:45:00,270.16,270.98,269.76,270.26,311649
11413,2024-11-12 10:15:00,270.27,270.62,269.6,269.95,348826
11414,2024-11-12 10:45:00,269.88,270.15,269.6,270.03,269666
11415,2024-11-12 11:15:00,270.03,270.2,269.71,269.92,126802
11416,2024-11-12 11:45:00,269.92,270.12,269.58,269.67,120110
11417,2024-11-12 12:15:00,269.67,269.87,268.9,269.0,250046
11418,2024-11-12 12:45:00,269.0,269.02,268.21,268.37,336130
11419,2024-11-12 13:15:00,268.37,268.39,267.51,267.69,737520
11420,2024-11-12 13:45:00,267.67,268.3,267.65,267.9,364032
11421,2024-11-12 14:15:00,267.92,268.4,267.53,267.94,469857
11422,2024-11-12 14:45:00,267.97,268.13,267.02,267.09,782163
11423,2024-11-12 15:15:00,267.09,267.49,266.87,267.18,834218
11424,2024-11-13 09:15:00,267.27,267.27,265.86,265.86,972636
11425,2024-11-13 09:45:00,265.85,266.38,265.1,265.19,901139
11426,2024-11-13 10:15:00,265.15,265.95,264.99,265.29,829664
11427,2024-11-13 10:45:00,265.29,266.08,265.25,265.34,264610
11428,2024-11-13 11:15:00,265.33,265.49,265.03,265.09,288084
11429,2024-11-13 11:45:00,265.08,265.51,264.98,265.04,319464
11430,2024-11-13 12:15:00,265.03,265.37,264.97,264.97,309129
11431,2024-11-13 12:45:00,264.98,265.05,264.49,264.8,592248
11432,2024-11-13 13:15:00,264.8,265.04,264.5,264.91,531742
11433,2024-11-13 13:45:00,265.07,265.41,264.55,264.65,568002
11434,2024-11-13 14:15:00,264.65,264.65,263.51,263.65,1011885
11435,2024-11-13 14:45:00,263.65,263.92,263.04,263.44,1545431
11436,2024-11-13 15:15:00,263.44,264.44,263.44,263.64,737807
11437,2024-11-14 09:15:00,264.17,264.58,263.15,263.85,1077118
11438,2024-11-14 09:45:00,263.9,264.9,263.63,264.33,465401
11439,2024-11-14 10:15:00,264.34,264.36,263.67,264.0,419773
11440,2024-11-14 10:45:00,264.0,264.0,262.9,262.97,504060
11441,2024-11-14 11:15:00,262.97,263.3,262.9,263.19,257538
11442,2024-11-14 11:45:00,263.15,263.75,263.03,263.55,312944
11443,2024-11-14 12:15:00,263.71,263.71,263.1,263.29,191411
11444,2024-11-14 12:45:00,263.29,263.63,263.22,263.59,192156
11445,2024-11-14 13:15:00,263.58,263.83,263.27,263.31,533939
11446,2024-11-14 13:45:00,263.31,263.61,263.2,263.61,191047
11447,2024-11-14 14:15:00,263.59,263.61,263.35,263.49,239679
11448,2024-11-14 14:45:00,263.48,263.6,263.13,263.55,432495
11449,2024-11-14 15:15:00,263.58,264.49,263.5,263.57,282163
11450,2024-11-18 09:15:00,263.97,263.97,261.5,261.51,1361397
11451,2024-11-18 09:45:00,261.49,262.9,261.41,262.48,859331
11452,2024-11-18 10:15:00,262.42,262.59,261.51,261.55,523493
11453,2024-11-18 10:45:00,261.55,262.02,261.32,261.64,605610
11454,2024-11-18 11:15:00,261.63,262.27,261.63,262.22,276541
11455,2024-11-18 11:45:00,262.2,262.79,262.03,262.7,478032
11456,2024-11-18 12:15:00,262.7,263.69,262.5,263.29,734276
11457,2024-11-18 12:45:00,263.29,263.59,262.62,262.87,465638
11458,2024-11-18 13:15:00,262.87,262.99,262.29,262.56,700966
11459,2024-11-18 13:45:00,262.56,263.0,262.51,262.8,439883
11460,2024-11-18 14:15:00,262.75,262.81,262.0,262.27,509209
11461,2024-11-18 14:45:00,262.27,262.63,262.16,262.45,721264
11462,2024-11-18 15:15:00,262.37,262.88,262.37,262.47,496618
11463,2024-11-19 09:15:00,263.77,265.09,263.45,265.07,951301
11464,2024-11-19 09:45:00,265.1,265.24,264.51,265.12,546198
11465,2024-11-19 10:15:00,265.12,265.74,265.0,265.3,254854
11466,2024-11-19 10:45:00,265.21,265.6,265.05,265.6,206152
11467,2024-11-19 11:15:00,265.6,265.99,265.48,265.83,200170
11468,2024-11-19 11:45:00,265.83,265.95,265.31,265.5,297305
11469,2024-11-19 12:15:00,265.5,265.76,265.46,265.55,145791
11470,2024-11-19 12:45:00,265.55,265.82,265.46,265.8,154588
11471,2024-11-19 13:15:00,265.8,265.92,265.54,265.79,191240
11472,2024-11-19 13:45:00,265.79,265.95,265.2,265.28,241119
11473,2024-11-19 14:15:00,265.28,265.49,265.03,265.19,167140
11474,2024-11-19 14:45:00,265.1,265.34,262.7,262.7,720211
11475,2024-11-19 15:15:00,262.7,263.39,262.6,263.07,525412
11476,2024-11-21 09:15:00,263.58,264.83,260.7,261.0,1354219
11477,2024-11-21 09:45:00,261.0,261.69,260.8,261.36,732786
11478,2024-11-21 10:15:00,261.36,261.8,261.1,261.4,609152
11479,2024-11-21 10:45:00,261.38,261.4,261.1,261.2,349347
11480,2024-11-21 11:15:00,261.22,261.39,261.14,261.25,295435
11481,2024-11-21 11:45:00,261.25,261.53,261.18,261.35,398394
11482,2024-11-21 12:15:00,261.35,261.41,261.22,261.29,410237
11483,2024-11-21 12:45:00,261.29,261.33,260.82,261.17,434491
11484,2024-11-21 13:15:00,261.21,261.4,261.05,261.2,319447
11485,2024-11-21 13:45:00,261.2,261.33,261.05,261.16,276848
11486,2024-11-21 14:15:00,261.14,261.27,261.0,261.1,449689
11487,2024-11-21 14:45:00,261.1,261.4,260.8,261.32,419372
11488,2024-11-21 15:15:00,261.34,261.52,261.25,261.29,531595
11489,2024-11-22 09:15:00,262.28,263.43,261.43,262.68,757875
11490,2024-11-22 09:45:00,262.59,263.99,261.91,263.64,385128
11491,2024-11-22 10:15:00,263.64,263.8,263.0,263.24,212252
11492,2024-11-22 10:45:00,263.28,263.45,262.43,263.25,268122
11493,2024-11-22 11:15:00,263.25,263.72,262.92,263.59,181483
11494,2024-11-22 11:45:00,263.59,264.29,263.45,264.19,396962
11495,2024-11-22 12:15:00,264.12,264.65,263.92,264.62,244468
11496,2024-11-22 12:45:00,264.62,264.98,264.36,264.9,295993
11497,2024-11-22 13:15:00,264.9,265.19,264.6,265.15,273989
11498,2024-11-22 13:45:00,265.15,266.49,265.1,266.26,503612
11499,2024-11-22 14:15:00,266.27,266.7,265.9,266.34,342301
11500,2024-11-22 14:45:00,266.34,267.28,266.3,267.0,479287
11501,2024-11-22 15:15:00,266.86,267.0,266.38,266.86,349776
11502,2024-11-25 09:15:00,270.95,271.5,270.32,271.0,1716820
11503,2024-11-25 09:45:00,271.0,271.08,270.59,270.87,502360
11504,2024-11-25 10:15:00,270.85,271.48,270.75,271.4,466411
11505,2024-11-25 10:45:00,271.4,271.8,271.16,271.65,367582
11506,2024-11-25 11:15:00,271.65,271.7,271.12,271.23,569773
11507,2024-11-25 11:45:00,271.23,271.23,270.8,271.2,168003
11508,2024-11-25 12:15:00,271.2,271.2,271.0,271.19,145800
11509,2024-11-25 12:45:00,271.19,271.19,269.49,270.07,546233
11510,2024-11-25 13:15:00,270.01,270.58,270.0,270.11,160699
11511,2024-11-25 13:45:00,270.13,270.45,269.82,270.25,154669
11512,2024-11-25 14:15:00,270.39,270.8,270.06,270.73,260272
11513,2024-11-25 14:45:00,270.8,270.97,270.0,270.58,294817
11514,2024-11-25 15:15:00,270.63,271.4,270.61,270.73,265206
11515,2024-11-26 09:15:00,271.29,271.94,271.02,271.02,339356
11516,2024-11-26 09:45:00,271.0,271.13,270.42,270.76,277520
11517,2024-11-26 10:15:00,270.76,270.76,270.0,270.43,303377
11518,2024-11-26 10:45:00,270.27,270.78,270.23,270.3,192699
11519,2024-11-26 11:15:00,270.43,270.73,270.2,270.6,190931
11520,2024-11-26 11:45:00,270.56,270.72,270.16,270.2,134288
11521,2024-11-26 12:15:00,270.26,270.38,270.0,270.0,169714
11522,2024-11-26 12:45:00,270.0,270.35,270.0,270.16,132621
11523,2024-11-26 13:15:00,270.16,270.36,269.9,270.07,188609
11524,2024-11-26 13:45:00,269.98,270.5,269.97,270.38,115117
11525,2024-11-26 14:15:00,270.38,270.69,270.22,270.69,274186
11526,2024-11-26 14:45:00,270.65,270.95,270.39,270.5,274213
11527,2024-11-26 15:15:00,270.52,270.67,270.22,270.54,188227
11528,2024-11-27 09:15:00,270.6,270.84,270.0,270.1,220803
11529,2024-11-27 09:45:00,270.14,270.69,270.14,270.66,221697
11530,2024-11-27 10:15:00,270.66,270.7,270.37,270.65,132108
11531,2024-11-27 10:45:00,270.61,270.82,270.38,270.7,140035
11532,2024-11-27 11:15:00,270.69,270.88,270.6,270.82,112497
11533,2024-11-27 11:45:00,270.82,270.89,270.31,270.71,119428
11534,2024-11-27 12:15:00,270.72,271.66,270.7,271.66,223098
11535,2024-11-27 12:45:00,271.66,272.09,271.65,272.0,492687
11536,2024-11-27 13:15:00,272.0,272.28,271.78,272.17,478836
11537,2024-11-27 13:45:00,272.17,272.24,271.53,271.68,224316
11538,2024-11-27 14:15:00,271.6,271.95,271.45,271.6,199484
11539,2024-11-27 14:45:00,271.55,271.77,271.27,271.55,188154
11540,2024-11-27 15:15:00,271.5,272.0,271.35,271.54,209455
11541,2024-11-28 09:15:00,271.97,272.0,271.3,271.6,304796
11542,2024-11-28 09:45:00,271.59,272.2,271.4,272.16,234565
11543,2024-11-28 10:15:00,272.16,272.2,269.2,269.94,699111
11544,2024-11-28 10:45:00,269.94,270.0,269.1,269.48,549162
11545,2024-11-28 11:15:00,269.46,269.5,268.99,269.17,773342
11546,2024-11-28 11:45:00,269.23,269.83,269.01,269.41,253843
11547,2024-11-28 12:15:00,269.4,269.45,268.52,268.88,356057
11548,2024-11-28 12:45:00,268.88,268.89,268.21,268.3,661386
11549,2024-11-28 13:15:00,268.3,268.65,268.1,268.36,526201
11550,2024-11-28 13:45:00,268.37,269.28,267.21,268.16,775595
11551,2024-11-28 14:15:00,268.16,268.6,267.52,267.75,638443
11552,2024-11-28 14:45:00,267.75,267.96,267.31,267.68,910937
11553,2024-11-28 15:15:00,267.68,268.4,267.63,267.68,609076
11554,2024-11-29 09:15:00,268.21,269.06,268.01,268.64,571232
11555,2024-11-29 09:45:00,268.63,269.34,268.25,268.29,336355
11556,2024-11-29 10:15:00,268.24,269.79,268.14,269.39,359243
11557,2024-11-29 10:45:00,269.39,269.85,269.22,269.55,227278
11558,2024-11-29 11:15:00,269.55,269.9,269.25,269.35,166374
11559,2024-11-29 11:45:00,269.35,269.8,269.05,269.66,192496
11560,2024-11-29 12:15:00,269.66,269.7,269.31,269.55,87254
11561,2024-11-29 12:45:00,269.55,269.7,269.35,269.66,109098
11562,2024-11-29 13:15:00,269.68,270.22,269.66,270.0,177091
11563,2024-11-29 13:45:00,270.0,270.17,269.6,269.62,112614
11564,2024-11-29 14:15:00,269.6,270.56,269.51,270.22,189125
11565,2024-11-29 14:45:00,270.36,270.36,269.65,269.74,165647
11566,2024-11-29 15:15:00,269.73,270.04,269.7,269.88,207565
11567,2024-12-02 09:15:00,270.98,270.98,268.34,269.7,707045
11568,2024-12-02 09:45:00,269.7,269.99,269.36,269.81,295324
11569,2024-12-02 10:15:00,269.81,270.44,269.53,269.7,230397
11570,2024-12-02 10:45:00,269.86,269.98,269.53,269.94,470199
11571,2024-12-02 11:15:00,269.94,270.25,269.78,270.05,180791
11572,2024-12-02 11:45:00,270.1,270.25,269.7,270.03,157407
11573,2024-12-02 12:15:00,270.04,270.5,269.87,270.3,210086
11574,2024-12-02 12:45:00,270.3,270.42,270.1,270.25,132269
11575,2024-12-02 13:15:00,270.25,270.4,270.0,270.4,113513
11576,2024-12-02 13:45:00,270.4,271.2,270.24,271.01,295167
11577,2024-12-02 14:15:00,271.01,271.49,271.0,271.42,341644
11578,2024-12-02 14:45:00,271.42,271.5,271.2,271.35,271380
11579,2024-12-02 15:15:00,271.26,271.5,271.2,271.38,238847
11580,2024-12-03 09:15:00,272.5,272.68,271.23,271.77,1044744
11581,2024-12-03 09:45:00,271.77,272.05,271.53,271.95,515302
11582,2024-12-03 10:15:00,272.02,272.9,271.97,272.9,399612
11583,2024-12-03 10:45:00,272.84,273.0,272.6,273.0,420755
11584,2024-12-03 11:15:00,273.0,273.06,272.8,272.99,496113
11585,2024-12-03 11:45:00,272.92,273.0,272.6,272.78,211319
11586,2024-12-03 12:15:00,272.75,272.95,272.6,272.93,165348
11587,2024-12-03 12:45:00,272.95,273.0,272.75,272.89,176389
11588,2024-12-03 13:15:00,272.75,273.13,272.71,273.04,235940
11589,2024-12-03 13:45:00,273.04,273.15,272.9,273.0,172698
11590,2024-12-03 14:15:00,273.1,273.17,273.0,273.05,235180
11591,2024-12-03 14:45:00,273.05,273.2,273.0,273.03,246062
11592,2024-12-03 15:15:00,273.08,273.09,272.75,272.98,148551
11593,2024-12-04 09:15:00,273.8,274.0,273.0,274.0,553183
11594,2024-12-04 09:45:00,274.0,274.09,273.8,273.84,481747
11595,2024-12-04 10:15:00,273.84,273.99,273.5,273.77,264666
11596,2024-12-04 10:45:00,273.75,273.99,273.6,273.75,149813
11597,2024-12-04 11:15:00,273.75,273.9,273.54,273.86,140006
11598,2024-12-04 11:45:00,273.87,273.88,272.13,273.06,577165
11599,2024-12-04 12:15:00,273.07,273.46,272.8,272.91,172967
11600,2024-12-04 12:45:00,272.8,273.31,272.8,273.3,140852
11601,2024-12-04 13:15:00,273.3,273.8,273.15,273.69,202199
11602,2024-12-04 13:45:00,273.69,273.8,273.51,273.8,136223
11603,2024-12-04 14:15:00,273.79,273.8,273.0,273.5,434688
11604,2024-12-04 14:45:00,273.5,273.6,272.94,273.57,784128
11605,2024-12-04 15:15:00,273.5,273.72,273.1,273.43,303625
11606,2024-12-05 09:15:00,273.52,274.1,273.45,273.51,448461
11607,2024-12-05 09:45:00,273.54,273.56,272.85,272.92,436390
11608,2024-12-05 10:15:00,272.93,273.22,272.6,272.98,281811
11609,2024-12-05 10:45:00,272.98,273.2,271.8,272.58,445563
11610,2024-12-05 11:15:00,272.59,272.6,272.15,272.29,233232
11611,2024-12-05 11:45:00,272.29,275.2,272.29,274.92,2150166
11612,2024-12-05 12:15:00,274.93,275.5,274.6,274.75,523255
11613,2024-12-05 12:45:00,274.75,275.19,274.33,275.06,176576
11614,2024-12-05 13:15:00,275.17,275.41,274.6,275.29,238037
11615,2024-12-05 13:45:00,275.29,276.1,275.05,276.0,862673
11616,2024-12-05 14:15:00,275.99,277.4,275.94,277.07,1780258
11617,2024-12-05 14:45:00,277.08,277.19,274.02,276.27,1148957
11618,2024-12-05 15:15:00,276.2,276.3,275.9,275.92,423332
11619,2024-12-06 09:15:00,276.14,276.57,275.6,275.99,488751
11620,2024-12-06 09:45:00,275.99,276.38,275.29,275.4,501673
11621,2024-12-06 10:15:00,275.46,276.4,275.15,276.34,438951
11622,2024-12-06 10:45:00,276.32,276.49,276.02,276.15,186122
11623,2024-12-06 11:15:00,276.15,276.16,275.7,275.91,156568
11624,2024-12-06 11:45:00,275.91,276.18,275.78,275.98,281201
11625,2024-12-06 12:15:00,275.98,276.1,275.75,275.98,94411
11626,2024-12-06 12:45:00,275.95,276.15,275.9,276.13,82796
11627,2024-12-06 13:15:00,276.13,276.15,275.78,275.99,92704
11628,2024-12-06 13:45:00,275.99,276.05,275.85,275.99,70614
11629,2024-12-06 14:15:00,275.99,276.08,275.76,275.95,162304
11630,2024-12-06 14:45:00,275.95,276.09,275.75,275.88,222598
11631,2024-12-06 15:15:00,275.97,276.1,275.75,275.88,177203
11632,2024-12-09 09:15:00,275.1,275.88,275.1,275.3,513891
11633,2024-12-09 09:45:00,275.35,275.51,274.85,274.9,331080
11634,2024-12-09 10:15:00,274.9,275.0,274.7,274.92,421415
11635,2024-12-09 10:45:00,274.92,275.36,274.92,275.3,223070
11636,2024-12-09 11:15:00,275.3,275.7,275.18,275.69,222852
11637,2024-12-09 11:45:00,275.68,275.7,275.45,275.5,176594
11638,2024-12-09 12:15:00,275.55,275.7,275.1,275.22,126257
11639,2024-12-09 12:45:00,275.22,275.49,275.1,275.49,128637
11640,2024-12-09 13:15:00,275.5,275.64,275.23,275.38,94399
11641,2024-12-09 13:45:00,275.35,275.45,275.06,275.17,120115
11642,2024-12-09 14:15:00,275.19,275.28,275.03,275.16,163870
11643,2024-12-09 14:45:00,275.2,275.35,275.0,275.15,247458
11644,2024-12-09 15:15:00,275.1,275.31,275.04,275.14,178923
11645,2024-12-10 09:15:00,275.87,275.97,274.9,275.5,323185
11646,2024-12-10 09:45:00,275.5,275.78,275.34,275.7,282621
11647,2024-12-10 10:15:00,275.55,275.73,274.97,275.15,215801
11648,2024-12-10 10:45:00,275.1,275.38,275.0,275.38,229517
11649,2024-12-10 11:15:00,275.4,275.5,275.21,275.45,81651
11650,2024-12-10 11:45:00,275.45,275.45,275.04,275.15,87831
11651,2024-12-10 12:15:00,275.16,275.16,274.4,274.59,269342
11652,2024-12-10 12:45:00,274.5,274.75,274.45,274.6,83512
11653,2024-12-10 13:15:00,274.6,274.88,274.45,274.48,219991
11654,2024-12-10 13:45:00,274.48,274.56,274.11,274.46,286574
11655,2024-12-10 14:15:00,274.5,274.64,274.26,274.55,90763
11656,2024-12-10 14:45:00,274.5,275.25,274.45,275.15,246768
11657,2024-12-10 15:15:00,275.14,275.14,274.47,274.68,993977
11658,2024-12-11 09:15:00,274.89,275.17,274.71,274.97,168347
11659,2024-12-11 09:45:00,274.9,275.17,274.62,275.0,460780
11660,2024-12-11 10:15:00,275.0,275.55,274.75,275.38,129405
11661,2024-12-11 10:45:00,275.42,275.59,275.31,275.49,120521
11662,2024-12-11 11:15:00,275.46,275.75,275.4,275.67,125950
11663,2024-12-11 11:45:00,275.67,275.75,275.51,275.62,166540
11664,2024-12-11 12:15:00,275.62,275.62,275.15,275.38,105364
11665,2024-12-11 12:45:00,275.35,275.57,275.2,275.45,83146
11666,2024-12-11 13:15:00,275.45,275.6,275.35,275.4,116871
11667,2024-12-11 13:45:00,275.4,275.47,275.19,275.4,114274
11668,2024-12-11 14:15:00,275.4,275.41,275.02,275.02,161487
11669,2024-12-11 14:45:00,275.01,275.2,274.79,275.0,774429
11670,2024-12-11 15:15:00,274.99,275.14,274.88,274.97,300715
11671,2024-12-12 09:15:00,275.38,275.49,274.85,275.35,243793
11672,2024-12-12 09:45:00,275.34,275.34,274.8,274.85,230706
11673,2024-12-12 10:15:00,274.88,274.9,274.65,274.75,108464
11674,2024-12-12 10:45:00,274.75,274.77,274.52,274.58,98396
11675,2024-12-12 11:15:00,274.58,274.69,274.5,274.6,70121
11676,2024-12-12 11:45:00,274.65,274.68,274.05,274.16,469749
11677,2024-12-12 12:15:00,274.15,274.5,274.0,274.36,96229
11678,2024-12-12 12:45:00,274.37,274.41,274.16,274.34,58419
11679,2024-12-12 13:15:00,274.32,274.48,274.1,274.44,80495
11680,2024-12-12 13:45:00,274.44,274.52,274.05,274.3,73886
11681,2024-12-12 14:15:00,274.3,274.41,274.19,274.19,73830
11682,2024-12-12 14:45:00,274.2,274.3,274.0,274.14,159302
11683,2024-12-12 15:15:00,274.14,274.25,274.01,274.1,133966
11684,2024-12-13 09:15:00,274.0,274.0,272.0,272.23,1111542
11685,2024-12-13 09:45:00,272.23,272.44,271.71,271.8,351506
11686,2024-12-13 10:15:00,271.8,271.8,270.0,270.45,1248373
11687,2024-12-13 10:45:00,270.45,271.45,269.99,270.99,514357
11688,2024-12-13 11:15:00,270.99,271.89,270.96,271.86,362542
11689,2024-12-13 11:45:00,271.86,274.25,271.7,273.8,531856
11690,2024-12-13 12:15:00,273.93,274.5,273.34,273.47,378440
11691,2024-12-13 12:45:00,273.5,275.2,273.14,274.57,534928
11692,2024-12-13 13:15:00,274.62,275.59,273.95,275.5,439454
11693,2024-12-13 13:45:00,275.44,275.85,275.31,275.52,621136
11694,2024-12-13 14:15:00,275.52,276.15,275.42,275.64,848625
11695,2024-12-13 14:45:00,275.67,276.31,275.32,276.0,483052
11696,2024-12-13 15:15:00,276.1,276.38,276.0,276.08,268581
