,datetime,close,RSI,RSI_SMA,Signal,stock_ltp
0,2019-12-18 09:15:00,12182.55,,,,128.9
1,2019-12-18 10:15:00,12181.2,,,,128.8
2,2019-12-18 11:15:00,12196.6,,,,128.8
3,2019-12-18 12:15:00,12213.45,,,,129.02
4,2019-12-18 13:15:00,12197.7,,,,129.07
5,2019-12-18 14:15:00,12216.1,,,,129.0
6,2019-12-18 15:15:00,12221.65,,,,129.27
7,2019-12-19 09:15:00,12211.0,,,,129.49
8,2019-12-19 10:15:00,12226.2,,,,129.62
9,2019-12-19 11:15:00,12246.6,,,,130.03
10,2019-12-19 12:15:00,12233.45,,,,130.17
11,2019-12-19 13:15:00,12250.4,,,,129.98
12,2019-12-19 14:15:00,12258.45,,,,130.14
13,2019-12-19 15:15:00,12259.7,74.27,,,130.26
14,2019-12-20 09:15:00,12280.5,77.25,,,130.38
15,2019-12-20 10:15:00,12281.1,77.91,,,130.05
16,2019-12-20 11:15:00,12284.75,76.35,,,130.51
17,2019-12-20 12:15:00,12269.9,67.08,,,130.49
18,2019-12-20 13:15:00,12277.0,75.32,,,130.36
19,2019-12-20 14:15:00,12267.15,67.24,,,130.36
20,2019-12-20 15:15:00,12271.8,67.04,,,130.2
21,2019-12-23 09:15:00,12270.95,71.82,,,130.11
22,2019-12-23 10:15:00,12265.5,65.4,,,130.2
23,2019-12-23 11:15:00,12269.15,60.17,,,130.01
24,2019-12-23 12:15:00,12256.65,60.53,,,130.29
25,2019-12-23 13:15:00,12246.6,48.16,,,129.7
26,2019-12-23 14:15:00,12264.15,52.53,67.2192857142857,,129.28
27,2019-12-23 15:15:00,12262.75,51.35,65.58214285714286,,129.93
28,2019-12-24 09:15:00,12260.25,39.3,62.871428571428574,,129.9
29,2019-12-24 10:15:00,12247.3,34.21,59.75,,129.8
30,2019-12-24 11:15:00,12249.5,33.3,56.675,,129.85
31,2019-12-24 12:15:00,12246.65,37.57,54.567142857142855,,129.72
32,2019-12-24 13:15:00,12245.35,31.97,51.47071428571429,,129.74
33,2019-12-24 14:15:00,12211.25,25.04,48.45642857142857,Buy,129.45
34,2019-12-24 15:15:00,12214.55,24.13,45.39142857142856,Hold,129.37
35,2019-12-26 09:15:00,12208.55,23.06,41.90857142857143,Hold,129.27
36,2019-12-26 10:15:00,12194.3,21.43,38.767857142857146,Hold,129.26
37,2019-12-26 11:15:00,12189.15,18.28,35.77571428571429,Hold,129.01
38,2019-12-26 12:15:00,12175.6,18.13,32.747142857142855,Hold,129.05
39,2019-12-26 13:15:00,12161.4,17.56,30.56142857142857,Hold,128.94
40,2019-12-26 14:15:00,12130.9,3.81,27.08142857142857,Hold,128.99
41,2019-12-26 15:15:00,12126.55,3.74,23.680714285714288,Hold,128.7
42,2019-12-27 09:15:00,12192.05,33.78,23.28642857142857,Hold,129.25
43,2020-01-01 09:15:00,12190.85,35.78,23.398571428571422,Hold,129.49
44,2020-01-01 10:15:00,12183.4,33.78,23.43285714285714,Hold,129.42
45,2020-01-01 11:15:00,12187.35,35.52,23.28642857142857,Hold,129.3
46,2020-01-01 12:15:00,12175.35,33.76,23.414285714285715,Hold,129.3
47,2020-01-01 13:15:00,12182.05,42.24,24.642857142857142,Hold,129.32
48,2020-01-01 14:15:00,12182.3,41.29,25.868571428571425,Hold,129.38
49,2020-01-01 15:15:00,12182.5,42.73,27.273571428571437,Hold,129.42
50,2020-01-02 09:15:00,12219.6,56.26,29.76142857142857,Hold,129.62
51,2020-01-02 10:15:00,12228.45,59.55,32.70928571428571,Hold,129.83
52,2020-01-02 11:15:00,12256.05,68.3,36.29285714285714,Hold,129.88
53,2020-01-02 12:15:00,12258.45,73.32,40.27571428571429,Sell,129.97
54,2020-01-02 13:15:00,12262.7,86.25,46.16428571428572,Waiting,129.89
55,2020-01-02 14:15:00,12283.55,89.59,52.29642857142858,Waiting,130.02
56,2020-01-02 15:15:00,12282.2,83.6,55.855,Waiting,130.13
57,2020-01-03 09:15:00,12254.55,69.83,58.28714285714285,Waiting,129.69
58,2020-01-03 10:15:00,12243.45,68.28,60.75142857142857,Waiting,129.94
59,2020-01-03 11:15:00,12222.9,59.83,62.487857142857145,Waiting,129.87
60,2020-01-03 12:15:00,12236.6,66.78,64.84642857142858,Waiting,129.84
61,2020-01-03 13:15:00,12214.55,58.21,65.98714285714286,Waiting,129.75
62,2020-01-03 14:15:00,12226.6,60.56,67.36357142857142,Waiting,129.69
63,2020-01-03 15:15:00,12226.65,60.53,68.635,Waiting,129.83
64,2020-01-06 09:15:00,12086.8,28.74,66.66928571428572,Waiting,128.34
65,2020-01-06 10:15:00,12070.7,25.32,64.22428571428571,Buy,128.2
66,2020-01-06 11:15:00,12022.1,15.65,60.46357142857143,Hold,127.7
67,2020-01-06 12:15:00,12019.05,14.92,56.29214285714285,Hold,127.61
68,2020-01-06 13:15:00,11991.4,12.79,51.045,Hold,127.53
69,2020-01-06 14:15:00,11994.5,8.33,45.24071428571428,Hold,127.26
70,2020-01-06 15:15:00,11993.05,8.33,39.864285714285714,Hold,127.43
71,2020-01-07 09:15:00,12130.8,36.46,37.480714285714285,Hold,128.63
72,2020-01-07 10:15:00,12063.1,32.44,34.92071428571428,Hold,128.66
73,2020-01-07 11:15:00,12078.6,35.81,33.205,Hold,128.05
74,2020-01-07 12:15:00,12034.0,31.22,30.665,Hold,128.0
75,2020-01-07 13:15:00,12039.9,33.31,28.88642857142857,Hold,127.67
76,2020-01-07 14:15:00,12055.15,33.72,26.96928571428572,Hold,127.79
77,2020-01-07 15:15:00,12052.95,33.57,25.04357142857143,Hold,127.76
78,2020-01-08 09:15:00,11996.05,39.82,25.835,Hold,127.45
79,2020-01-08 10:15:00,11964.55,38.49,26.775714285714287,Hold,127.2
80,2020-01-08 11:15:00,11959.55,42.51,28.69428571428572,Hold,126.91
81,2020-01-08 12:15:00,11991.1,46.87,30.97642857142857,Hold,127.29
82,2020-01-08 13:15:00,12007.55,51.86,33.76714285714285,Hold,127.28
83,2020-01-08 14:15:00,12023.5,53.24,36.975,Hold,127.45
84,2020-01-08 15:15:00,12025.35,53.6,40.20857142857143,Hold,127.59
85,2020-01-09 09:15:00,12156.35,52.89,41.38214285714286,Hold,128.8
86,2020-01-09 10:15:00,12177.8,64.52,43.67357142857144,Hold,129.2
87,2020-01-09 11:15:00,12189.9,64.21,45.70214285714285,Hold,129.24
88,2020-01-09 12:15:00,12206.55,73.72,48.73785714285714,Sell,129.2
89,2020-01-09 13:15:00,12195.05,71.0,51.43,Waiting,129.3
90,2020-01-09 14:15:00,12217.8,71.58,54.13428571428572,Waiting,129.33
91,2020-01-09 15:15:00,12215.9,71.64,56.85357142857144,Waiting,129.28
92,2020-01-10 09:15:00,12266.65,86.53,60.19,Waiting,129.4
93,2020-01-10 10:15:00,12286.15,94.87,64.21714285714286,Waiting,129.83
94,2020-01-10 11:15:00,12300.1,96.35,68.06285714285714,Waiting,130.16
95,2020-01-10 12:15:00,12287.7,92.59,71.32857142857144,Waiting,130.19
96,2020-01-10 13:15:00,12237.65,80.13,73.34785714285714,Waiting,129.84
97,2020-01-10 14:15:00,12258.85,80.4,75.28785714285713,Waiting,129.63
98,2020-01-10 15:15:00,12256.8,79.88,77.16499999999999,Waiting,129.63
99,2020-01-13 09:15:00,12317.9,75.45,78.77642857142857,Waiting,130.32
100,2020-01-13 10:15:00,12330.65,74.76,79.50785714285713,Waiting,130.38
101,2020-01-13 11:15:00,12328.0,73.08,80.14142857142858,Waiting,130.4
102,2020-01-13 12:15:00,12310.5,67.32,79.6842857142857,Waiting,130.39
103,2020-01-13 13:15:00,12300.9,67.75,79.45214285714285,Waiting,130.2
104,2020-01-13 14:15:00,12331.0,68.53,79.23428571428572,Waiting,130.28
105,2020-01-13 15:15:00,12329.55,68.63,79.01928571428572,Waiting,130.44
106,2020-01-14 09:15:00,12336.75,63.4,77.36714285714287,Waiting,130.44
107,2020-01-14 10:15:00,12333.85,59.74,74.85785714285714,Waiting,130.32
108,2020-01-14 11:15:00,12345.7,59.39,72.21785714285714,Waiting,130.39
109,2020-01-14 12:15:00,12338.2,60.61,69.93357142857143,Waiting,130.5
110,2020-01-14 13:15:00,12327.85,72.75,69.40642857142856,Waiting,130.57
111,2020-01-14 14:15:00,12361.55,74.37,68.97571428571429,Waiting,130.75
112,2020-01-14 15:15:00,12362.3,75.19,68.64071428571428,Waiting,130.96
113,2020-01-15 09:15:00,12292.65,44.21,66.4092857142857,Waiting,130.4
114,2020-01-15 10:15:00,12303.9,43.82,64.19928571428571,Waiting,130.34
115,2020-01-15 11:15:00,12292.3,42.08,61.985,Waiting,130.42
116,2020-01-15 12:15:00,12298.95,47.31,60.55571428571428,Waiting,130.3
117,2020-01-15 13:15:00,12294.6,48.49,59.18,Waiting,130.24
118,2020-01-15 14:15:00,12348.65,53.78,58.12642857142857,Waiting,130.7
119,2020-01-15 15:15:00,12343.3,52.9,57.00285714285714,Waiting,131.0
120,2020-01-16 09:15:00,12371.3,56.7,56.52428571428572,Waiting,131.0
121,2020-01-16 10:15:00,12322.1,48.07,55.69071428571429,Waiting,130.94
122,2020-01-16 11:15:00,12331.3,47.61,54.84928571428571,Waiting,130.72
123,2020-01-16 12:15:00,12354.55,52.58,54.27571428571429,Waiting,130.89
124,2020-01-16 13:15:00,12364.2,55.74,53.06071428571429,Waiting,130.93
125,2020-01-16 14:15:00,12360.25,49.77,51.30357142857143,Waiting,130.8
126,2020-01-16 15:15:00,12355.5,48.83,49.42071428571428,Waiting,130.91
127,2020-01-17 09:15:00,12377.65,67.46,51.08142857142858,Waiting,130.72
128,2020-01-17 10:15:00,12368.35,63.35,52.47642857142857,Waiting,131.1
129,2020-01-17 11:15:00,12345.95,60.63,53.801428571428566,Waiting,130.95
130,2020-01-17 12:15:00,12363.95,62.33,54.87428571428571,Waiting,131.18
131,2020-01-17 13:15:00,12361.9,62.88,55.902142857142856,Waiting,131.18
132,2020-01-17 14:15:00,12350.7,50.47,55.66571428571429,Waiting,131.15
133,2020-01-17 15:15:00,12352.35,52.11,55.60928571428572,Waiting,131.13
134,2020-01-20 09:15:00,12311.05,36.79,54.18714285714286,Waiting,130.91
135,2020-01-20 10:15:00,12290.05,41.98,53.75214285714286,Waiting,130.2
136,2020-01-20 11:15:00,12295.6,40.9,53.27285714285715,Waiting,130.44
137,2020-01-20 12:15:00,12247.85,25.83,51.362142857142864,Waiting,130.36
138,2020-01-20 13:15:00,12257.85,25.94,49.23357142857143,Buy,130.15
139,2020-01-20 14:15:00,12223.65,22.82,47.30857142857143,Hold,129.97
140,2020-01-20 15:15:00,12224.55,23.54,45.50214285714286,Hold,129.98
141,2020-01-21 09:15:00,12205.6,14.78,41.73928571428571,Hold,129.72
142,2020-01-21 10:15:00,12189.1,14.36,38.24,Hold,129.3
143,2020-01-21 11:15:00,12199.5,19.42,35.29642857142857,Hold,129.52
144,2020-01-21 12:15:00,12197.75,12.77,31.756428571428568,Hold,129.36
145,2020-01-21 13:15:00,12182.05,12.03,28.124285714285715,Hold,129.36
146,2020-01-21 14:15:00,12167.7,11.88,25.36785714285714,Hold,129.47
147,2020-01-21 15:15:00,12169.85,12.06,22.50714285714286,Hold,129.28
148,2020-01-22 09:15:00,12170.75,14.94,20.946428571428573,Hold,129.49
149,2020-01-22 10:15:00,12133.55,13.82,18.935,Hold,128.92
150,2020-01-22 11:15:00,12120.25,10.87,16.79,Hold,128.8
151,2020-01-22 12:15:00,12135.2,20.55,16.412857142857145,Hold,128.87
152,2020-01-22 13:15:00,12107.75,14.04,15.562857142857142,Hold,128.75
153,2020-01-22 14:15:00,12107.2,16.74,15.128571428571428,Hold,128.52
154,2020-01-22 15:15:00,12106.9,16.28,14.61,Hold,128.65
155,2020-01-23 09:15:00,12158.5,38.63,16.31357142857143,Hold,129.0
156,2020-01-23 10:15:00,12115.8,34.29,17.737142857142857,Hold,128.81
157,2020-01-23 11:15:00,12139.15,37.75,19.04642857142857,Hold,128.71
158,2020-01-23 12:15:00,12180.05,46.9,21.48428571428571,Hold,129.19
159,2020-01-23 13:15:00,12165.75,47.13,23.99142857142857,Hold,129.19
160,2020-01-23 14:15:00,12180.75,52.29,26.877857142857145,Hold,129.13
161,2020-01-23 15:15:00,12180.35,51.86,29.720714285714287,Hold,129.32
162,2020-01-24 09:15:00,12229.6,58.88,32.85928571428572,Hold,129.51
163,2020-01-24 10:15:00,12229.35,66.28,36.60642857142857,Hold,129.9
164,2020-01-24 11:15:00,12224.75,68.29,40.70785714285715,Hold,129.72
165,2020-01-24 12:15:00,12242.2,68.57,44.137857142857136,Hold,129.9
166,2020-01-24 13:15:00,12262.0,77.5,48.67071428571428,Sell,129.94
167,2020-01-24 14:15:00,12247.6,73.85,52.75,Waiting,130.17
168,2020-01-24 15:15:00,12248.25,73.99,56.87214285714286,Waiting,130.05
169,2020-01-27 09:15:00,12202.45,57.61,58.22785714285715,Waiting,129.42
170,2020-01-27 10:15:00,12191.15,64.63,60.395,Waiting,129.5
171,2020-01-27 11:15:00,12197.65,62.16,62.13857142857143,Waiting,129.37
172,2020-01-27 12:15:00,12177.55,49.43,62.319285714285705,Waiting,129.47
173,2020-01-27 13:15:00,12169.75,50.94,62.59142857142857,Waiting,129.18
174,2020-01-27 14:15:00,12122.9,38.2,61.585,Waiting,128.99
175,2020-01-27 15:15:00,12119.0,37.66,60.57071428571429,Waiting,128.74
176,2020-01-28 09:15:00,12121.3,23.15,58.01857142857143,Waiting,129.0
177,2020-01-28 10:15:00,12108.75,21.82,54.84285714285714,Buy,128.68
178,2020-01-28 11:15:00,12136.15,31.29,52.2,Hold,128.76
179,2020-01-28 12:15:00,12137.0,26.11,49.167142857142856,Hold,128.71
180,2020-01-28 13:15:00,12075.9,14.42,44.66142857142857,Hold,128.7
181,2020-01-28 14:15:00,12067.35,14.75,40.44,Hold,128.1
182,2020-01-28 15:15:00,12055.8,13.9,36.14785714285714,Hold,128.15
183,2020-01-29 09:15:00,12137.65,39.29,34.839285714285715,Hold,128.65
184,2020-01-29 10:15:00,12151.3,43.47,33.32785714285715,Hold,128.76
185,2020-01-29 11:15:00,12153.35,42.63,31.93285714285714,Hold,128.88
186,2020-01-29 12:15:00,12148.5,44.91,31.61,Hold,128.81
187,2020-01-29 13:15:00,12151.65,46.77,31.312142857142856,Hold,128.64
188,2020-01-29 14:15:00,12133.95,52.2,32.31214285714286,Hold,128.76
189,2020-01-29 15:15:00,12129.5,52.08,33.34214285714286,Hold,128.76
190,2020-01-30 09:15:00,12065.6,41.12,34.62571428571429,Hold,128.15
191,2020-01-30 10:15:00,12054.05,41.25,36.01357142857143,Hold,128.1
192,2020-01-30 11:15:00,12051.25,35.26,36.29714285714285,Hold,128.12
193,2020-01-30 12:15:00,12031.7,32.83,36.777142857142856,Hold,127.99
194,2020-01-30 13:15:00,12012.7,38.06,38.46571428571429,Hold,127.88
195,2020-01-30 14:15:00,12035.65,44.32,40.57785714285715,Hold,127.8
196,2020-01-30 15:15:00,12035.8,46.26,42.88928571428572,Hold,127.7
197,2020-01-31 09:15:00,12042.75,25.38,41.89571428571429,Hold,127.96
198,2020-01-31 10:15:00,11996.4,15.64,39.90785714285715,Hold,127.79
199,2020-01-31 11:15:00,11969.6,13.27,37.81071428571429,Hold,127.0
200,2020-01-31 12:15:00,11993.9,21.33,36.12642857142857,Hold,127.24
201,2020-01-31 13:15:00,12040.2,32.18,35.08428571428571,Hold,127.4
202,2020-01-31 14:15:00,11958.4,26.71,33.26357142857143,Hold,127.5
203,2020-01-31 15:15:00,11962.1,27.75,31.525714285714287,Hold,127.17
204,2020-02-03 09:15:00,11709.5,18.48,29.908571428571427,Hold,123.8
205,2020-02-03 10:15:00,11730.45,21.82,28.520714285714284,Hold,124.55
206,2020-02-03 11:15:00,11682.05,20.22,27.446428571428573,Hold,124.18
207,2020-02-03 12:15:00,11700.75,23.27,26.763571428571428,Hold,124.23
208,2020-02-03 13:15:00,11682.85,23.31,25.71,Hold,124.19
209,2020-02-03 14:15:00,11695.95,22.06,24.12,Hold,124.38
210,2020-02-03 15:15:00,11707.9,23.55,22.49785714285714,Hold,124.77
211,2020-02-04 09:15:00,11853.35,37.51,23.36428571428571,Hold,125.49
212,2020-02-04 10:15:00,11909.7,44.36,25.415714285714284,Hold,126.02
213,2020-02-04 11:15:00,11945.2,48.43,27.927142857142854,Hold,126.75
214,2020-02-04 12:15:00,11943.4,46.65,29.735714285714288,Hold,126.59
215,2020-02-04 13:15:00,11954.85,44.07,30.585,Hold,126.69
216,2020-02-04 14:15:00,11976.1,51.34,32.34428571428571,Hold,126.79
217,2020-02-04 15:15:00,11979.65,51.33,34.028571428571425,Hold,126.8
218,2020-02-05 09:15:00,12037.9,85.34,38.80428571428571,Sell,127.25
219,2020-02-05 10:15:00,12032.7,83.67,43.222142857142856,Waiting,127.35
220,2020-02-05 11:15:00,11993.0,85.32,47.87214285714286,Waiting,127.19
221,2020-02-05 12:15:00,12014.65,85.42,52.31142857142856,Waiting,127.2
222,2020-02-05 13:15:00,12058.35,90.04,57.07785714285715,Waiting,127.2
223,2020-02-05 14:15:00,12087.4,90.37,61.957142857142856,Waiting,127.64
224,2020-02-05 15:15:00,12089.15,90.16,66.715,Waiting,128.09
225,2020-02-06 09:15:00,12113.15,86.78,70.23428571428572,Waiting,128.45
226,2020-02-06 10:15:00,12085.1,76.99,72.565,Waiting,128.25
227,2020-02-06 11:15:00,12131.0,77.71,74.65642857142858,Waiting,128.2
228,2020-02-06 12:15:00,12141.0,78.76,76.95,Waiting,128.55
229,2020-02-06 13:15:00,12126.5,74.77,79.14285714285714,Waiting,128.57
230,2020-02-06 14:15:00,12136.55,73.92,80.75571428571429,Waiting,128.75
231,2020-02-06 15:15:00,12137.95,73.75,82.35714285714286,Waiting,128.94
232,2020-02-07 09:15:00,12116.6,63.28,80.78142857142858,Waiting,128.33
233,2020-02-07 10:15:00,12103.6,61.66,79.2092857142857,Waiting,128.36
234,2020-02-07 11:15:00,12082.9,65.77,77.81285714285715,Waiting,128.42
235,2020-02-07 12:15:00,12100.5,65.27,76.37357142857142,Waiting,128.54
236,2020-02-07 13:15:00,12090.9,56.59,73.98428571428572,Waiting,128.0
237,2020-02-07 14:15:00,12100.9,52.96,71.31214285714286,Waiting,128.14
238,2020-02-07 15:15:00,12098.35,52.01,68.58714285714287,Waiting,128.19
239,2020-02-10 09:15:00,12023.8,34.0,64.81714285714285,Waiting,127.77
240,2020-02-10 10:15:00,12014.45,36.44,61.92071428571428,Waiting,127.43
241,2020-02-10 11:15:00,12033.45,29.12,58.45,Waiting,127.52
242,2020-02-10 12:15:00,12012.25,23.71,54.517857142857146,Buy,127.55
243,2020-02-10 13:15:00,12010.6,25.02,50.96428571428572,Hold,127.45
244,2020-02-10 14:15:00,12038.75,30.45,47.85928571428571,Hold,127.5
245,2020-02-10 15:15:00,12031.5,29.2,44.67714285714285,Hold,127.92
246,2020-02-11 09:15:00,12157.7,55.7,44.135714285714286,Hold,128.75
247,2020-02-11 10:15:00,12139.3,54.87,43.65071428571429,Hold,128.79
248,2020-02-11 11:15:00,12124.45,55.77,42.93642857142857,Hold,128.69
249,2020-02-11 12:15:00,12139.75,55.48,42.237142857142864,Hold,128.68
250,2020-02-11 13:15:00,12131.95,55.76,42.17785714285714,Hold,128.6
251,2020-02-11 14:15:00,12114.35,51.85,42.09857142857143,Hold,128.31
252,2020-02-11 15:15:00,12107.9,51.3,42.04785714285714,Hold,128.3
253,2020-02-12 09:15:00,12222.4,74.36,44.93071428571428,Sell,129.1
254,2020-02-12 10:15:00,12209.1,73.64,47.587857142857146,Waiting,129.25
255,2020-02-12 11:15:00,12198.0,70.38,50.535,Waiting,129.2
256,2020-02-12 12:15:00,12198.25,74.29,54.14785714285714,Waiting,129.2
257,2020-02-12 13:15:00,12208.75,75.3,57.739285714285714,Waiting,129.14
258,2020-02-12 14:15:00,12194.45,70.61,60.60785714285714,Waiting,129.21
259,2020-02-12 15:15:00,12201.2,72.49,63.7,Waiting,129.19
260,2020-02-13 09:15:00,12167.8,51.78,63.42,Waiting,128.75
261,2020-02-13 10:15:00,12162.75,54.32,63.38071428571429,Waiting,128.64
262,2020-02-13 11:15:00,12147.25,54.19,63.267857142857146,Waiting,128.63
263,2020-02-13 12:15:00,12157.3,53.29,63.11142857142857,Waiting,128.61
264,2020-02-13 13:15:00,12148.55,53.1,62.92142857142857,Waiting,128.62
265,2020-02-13 14:15:00,12174.5,60.9,63.567857142857136,Waiting,128.97
266,2020-02-13 15:15:00,12174.65,62.38,64.35928571428572,Waiting,129.32
267,2020-02-14 09:15:00,12199.3,43.57,62.16,Waiting,129.55
268,2020-02-14 10:15:00,12122.15,32.15,59.19642857142857,Waiting,129.17
269,2020-02-14 11:15:00,12160.25,43.02,57.24214285714286,Waiting,128.75
270,2020-02-14 12:15:00,12152.3,41.74,54.91714285714285,Waiting,128.64
271,2020-02-14 13:15:00,12145.2,38.44,52.28428571428572,Waiting,128.48
272,2020-02-14 14:15:00,12114.8,36.31,49.83428571428571,Waiting,128.41
273,2020-02-14 15:15:00,12113.45,34.63,47.13,Waiting,128.3
274,2020-02-17 09:15:00,12104.45,37.87,46.13642857142857,Waiting,128.31
275,2020-02-17 10:15:00,12096.2,37.41,44.92857142857143,Waiting,128.45
276,2020-02-17 11:15:00,12093.25,39.28,43.86357142857143,Waiting,128.29
277,2020-02-17 12:15:00,12059.25,32.22,42.35857142857143,Waiting,128.23
278,2020-02-17 13:15:00,12048.95,32.04,40.85428571428572,Waiting,128.04
279,2020-02-17 14:15:00,12042.7,24.42,38.24857142857143,Waiting,127.98
280,2020-02-17 15:15:00,12045.8,25.27,35.597857142857144,Buy,127.7
281,2020-02-18 09:15:00,11971.4,13.28,33.434285714285714,Hold,126.9
282,2020-02-18 10:15:00,11934.95,15.28,32.22928571428572,Hold,126.89
283,2020-02-18 11:15:00,11924.95,1.28,29.247857142857143,Hold,126.9
284,2020-02-18 12:15:00,11929.65,3.27,26.5,Hold,126.69
285,2020-02-18 13:15:00,11932.4,4.51,24.07642857142857,Hold,126.66
286,2020-02-18 14:15:00,12000.75,29.02,23.555714285714288,Hold,126.98
287,2020-02-18 15:15:00,11992.5,28.3,23.103571428571428,Hold,127.4
288,2020-02-19 09:15:00,12070.7,45.15,23.62357142857143,Hold,128.04
289,2020-02-19 10:15:00,12068.15,45.9,24.23,Hold,127.86
290,2020-02-19 11:15:00,12092.6,49.91,24.98928571428572,Hold,128.15
291,2020-02-19 12:15:00,12116.4,58.08,26.83642857142857,Hold,128.5
292,2020-02-19 13:15:00,12099.65,57.04,28.62214285714285,Hold,128.31
293,2020-02-19 14:15:00,12123.5,60.7,31.21357142857143,Hold,128.44
294,2020-02-19 15:15:00,12125.9,60.63,33.739285714285714,Hold,128.59
295,2020-02-20 09:15:00,12113.3,72.52,37.97071428571429,Sell,128.52
296,2020-02-20 10:15:00,12128.35,82.92,42.80214285714286,Waiting,128.48
297,2020-02-20 11:15:00,12139.85,86.4,48.88214285714286,Waiting,128.6
298,2020-02-20 12:15:00,12137.7,85.55,54.75928571428572,Waiting,128.77
299,2020-02-20 13:15:00,12117.55,79.86,60.14142857142857,Waiting,128.7
300,2020-02-20 14:15:00,12084.35,65.21,62.72642857142857,Waiting,128.64
301,2020-02-20 15:15:00,12080.85,66.35,65.44428571428571,Waiting,128.43
302,2020-02-24 09:15:00,11956.1,31.91,64.49857142857142,Waiting,127.08
303,2020-02-24 10:15:00,11953.15,31.87,63.49642857142857,Waiting,126.9
304,2020-02-24 11:15:00,11964.25,28.87,61.99357142857143,Waiting,127.14
305,2020-02-24 12:15:00,11953.65,21.99,59.41571428571428,Buy,127.09
306,2020-02-24 13:15:00,11917.2,20.6,56.81285714285714,Hold,126.77
307,2020-02-24 14:15:00,11831.45,10.76,53.24571428571429,Hold,126.19
308,2020-02-24 15:15:00,11829.4,10.13,49.638571428571424,Hold,125.73
309,2020-02-25 09:15:00,11847.15,14.7,45.50857142857143,Hold,125.8
310,2020-02-25 10:15:00,11841.7,10.98,40.370000000000005,Hold,125.77
311,2020-02-25 11:15:00,11856.4,11.75,35.03785714285714,Hold,125.81
312,2020-02-25 12:15:00,11818.95,10.73,29.69357142857143,Hold,125.86
313,2020-02-25 13:15:00,11793.1,10.58,24.745,Hold,125.73
314,2020-02-25 14:15:00,11801.45,13.42,21.04571428571429,Hold,125.5
315,2020-02-25 15:15:00,11797.9,13.42,17.265,Hold,125.34
316,2020-02-26 09:15:00,11713.75,14.99,16.056428571428572,Hold,124.46
317,2020-02-26 10:15:00,11696.9,14.41,14.809285714285716,Hold,124.49
318,2020-02-26 11:15:00,11715.05,16.06,13.894285714285711,Hold,124.51
319,2020-02-26 12:15:00,11733.6,20.66,13.799285714285714,Hold,124.61
320,2020-02-26 13:15:00,11721.5,22.1,13.906428571428572,Hold,124.9
321,2020-02-26 14:15:00,11689.0,26.05,14.998571428571427,Hold,124.14
322,2020-02-26 15:15:00,11678.5,25.34,16.085,Hold,124.04
323,2020-02-27 09:15:00,11558.45,14.64,16.080714285714286,Hold,123.27
324,2020-02-27 10:15:00,11563.6,15.91,16.43285714285714,Hold,122.74
325,2020-02-27 11:15:00,11563.8,12.81,16.50857142857143,Hold,123.0
326,2020-02-27 12:15:00,11604.7,23.01,17.385714285714286,Hold,123.0
327,2020-02-27 13:15:00,11586.45,23.46,18.305714285714284,Hold,123.18
328,2020-02-27 14:15:00,11640.05,31.43,19.592142857142857,Hold,123.5
329,2020-02-27 15:15:00,11633.3,31.2,20.862142857142857,Hold,123.64
330,2020-02-28 09:15:00,11290.85,19.62,21.192857142857143,Hold,120.2
331,2020-02-28 10:15:00,11283.95,19.9,21.585,Hold,120.2
332,2020-02-28 11:15:00,11256.3,17.02,21.653571428571432,Hold,120.06
333,2020-02-28 12:15:00,11289.05,18.68,21.51214285714286,Hold,119.86
334,2020-02-28 13:15:00,11271.3,18.54,21.257857142857144,Hold,120.07
335,2020-02-28 14:15:00,11197.3,17.52,20.648571428571437,Hold,119.95
336,2020-02-28 15:15:00,11201.75,18.25,20.142142857142854,Hold,119.29
337,2020-03-02 09:15:00,11330.0,34.95,21.592857142857145,Hold,120.9
338,2020-03-02 10:15:00,11357.15,36.78,23.083571428571425,Hold,120.47
339,2020-03-02 11:15:00,11383.65,38.84,24.942857142857147,Hold,120.54
340,2020-03-02 12:15:00,11369.1,34.92,25.79357142857143,Hold,120.9
341,2020-03-02 13:15:00,11395.55,37.91,26.825714285714287,Hold,121.2
342,2020-03-02 14:15:00,11050.35,22.72,26.20357142857143,Hold,120.1
343,2020-03-02 15:15:00,11132.75,28.36,26.000714285714285,Hold,118.39
344,2020-03-03 09:15:00,11274.1,49.12,28.107857142857146,Hold,120.1
345,2020-03-03 10:15:00,11197.5,45.78,29.95642857142857,Hold,119.38
346,2020-03-03 11:15:00,11190.1,46.71,32.07714285714285,Hold,118.83
347,2020-03-03 12:15:00,11198.9,45.4,33.98571428571428,Hold,119.67
348,2020-03-03 13:15:00,11276.4,50.25,36.25071428571429,Hold,119.64
349,2020-03-03 14:15:00,11298.25,55.11,38.93571428571429,Hold,120.31
350,2020-03-03 15:15:00,11303.3,55.13,41.57,Hold,120.4
351,2020-03-04 09:15:00,11302.0,48.38,42.52928571428571,Hold,120.14
352,2020-03-04 10:15:00,11242.3,43.58,43.015,Hold,120.01
353,2020-03-04 11:15:00,11259.1,42.96,43.30928571428571,Hold,119.7
354,2020-03-04 12:15:00,11171.55,39.69,43.65,Hold,119.75
355,2020-03-04 13:15:00,11124.35,36.14,43.52357142857143,Hold,
356,2020-03-04 14:15:00,11258.8,63.57,46.441428571428574,Hold,
357,2020-03-04 15:15:00,11251.0,58.53,48.596428571428575,Hold,
358,2020-03-05 09:15:00,11270.1,49.65,48.63428571428572,Hold,
359,2020-03-05 10:15:00,11347.05,63.09,49.87071428571429,Hold,
360,2020-03-05 11:15:00,11368.8,65.25,51.195,Hold,
361,2020-03-05 12:15:00,11364.25,64.22,52.53928571428572,Hold,
362,2020-03-05 13:15:00,11307.5,52.77,52.71928571428572,Hold,120.37
363,2020-03-05 14:15:00,11261.95,46.89,52.13214285714286,Hold,119.95
364,2020-03-05 15:15:00,11269.0,47.08,51.557142857142864,Hold,119.75
365,2020-03-06 09:15:00,10935.5,30.05,50.24785714285714,Hold,117.39
366,2020-03-06 10:15:00,10896.25,30.74,49.330714285714286,Hold,116.62
367,2020-03-06 11:15:00,10915.3,30.91,48.470000000000006,Hold,116.25
368,2020-03-06 12:15:00,10980.6,39.13,48.43,Hold,116.5
369,2020-03-06 13:15:00,10974.3,41.04,48.78000000000001,Hold,117.0
370,2020-03-06 14:15:00,10995.3,31.8,46.510714285714286,Hold,117.09
371,2020-03-06 15:15:00,10989.45,31.89,44.60785714285714,Hold,117.18
372,2020-03-09 09:15:00,10578.55,18.95,42.415000000000006,Hold,113.05
373,2020-03-09 10:15:00,10544.8,12.53,38.80357142857143,Hold,112.3
374,2020-03-09 11:15:00,10554.5,11.54,34.96714285714285,Hold,112.25
375,2020-03-09 12:15:00,10350.95,9.71,31.07357142857143,Hold,112.07
376,2020-03-09 13:15:00,10418.0,14.92,28.37,Hold,110.15
377,2020-03-09 14:15:00,10466.6,18.71,26.357142857142858,Hold,111.51
378,2020-03-09 15:15:00,10451.45,18.04,24.282857142857143,Hold,111.62
379,2020-03-11 09:15:00,10421.15,23.64,23.825,Hold,111.36
380,2020-03-11 10:15:00,10409.15,24.32,23.36642857142857,Hold,110.59
381,2020-03-11 11:15:00,10462.85,26.99,23.086428571428574,Hold,111.07
382,2020-03-11 12:15:00,10512.65,25.82,22.13571428571429,Hold,111.65
383,2020-03-11 13:15:00,10484.7,25.26,21.00857142857143,Hold,111.98
384,2020-03-11 14:15:00,10454.2,22.91,20.37357142857143,Hold,111.84
385,2020-03-11 15:15:00,10458.4,23.37,19.765000000000004,Hold,111.31
386,2020-03-12 09:15:00,9909.7,20.53,19.877857142857145,Hold,106.08
387,2020-03-12 10:15:00,9733.15,18.24,20.285714285714285,Hold,105.12
388,2020-03-12 11:15:00,9717.75,17.4,20.704285714285717,Hold,103.5
389,2020-03-12 12:15:00,9772.25,24.49,21.76,Hold,104.49
390,2020-03-12 13:15:00,9710.5,18.67,22.02785714285714,Hold,104.65
391,2020-03-12 14:15:00,9567.3,13.25,21.637857142857143,Hold,103.0
392,2020-03-12 15:15:00,9590.15,15.03,21.42285714285714,Hold,102.99
393,2020-03-13 09:15:00,8555.15,8.28,20.325714285714287,Hold,98.0
394,2020-03-13 10:15:00,9559.35,36.84,21.22,Hold,102.48
395,2020-03-13 11:15:00,9700.15,38.5,22.042142857142856,Hold,101.0
396,2020-03-13 12:15:00,9991.4,42.67,23.24571428571429,Hold,104.25
397,2020-03-13 13:15:00,9971.6,42.77,24.49642857142857,Hold,106.8
398,2020-03-13 14:15:00,9971.85,43.15,25.94214285714286,Hold,105.5
399,2020-03-13 15:15:00,9955.2,42.87,27.335,Hold,106.36
400,2020-03-16 09:15:00,9513.3,44.21,29.02642857142857,Hold,103.0
401,2020-03-16 10:15:00,9530.55,46.9,31.073571428571427,Hold,102.6
402,2020-03-16 11:15:00,9436.75,45.8,33.10214285714286,Hold,102.7
403,2020-03-16 12:15:00,9435.1,44.88,34.558571428571426,Hold,102.29
404,2020-03-16 13:15:00,9261.25,43.4,36.325,Hold,101.95
405,2020-03-16 14:15:00,9175.1,44.14,38.53142857142857,Hold,100.5
406,2020-03-16 15:15:00,9197.4,44.13,40.61,Hold,102.37
407,2020-03-17 09:15:00,9335.75,65.94,44.72857142857144,Hold,100.8
408,2020-03-17 10:15:00,9272.4,40.48,44.98857142857143,Hold,101.35
409,2020-03-17 11:15:00,9275.75,34.51,44.70357142857143,Hold,99.89
410,2020-03-17 12:15:00,9311.05,19.46,43.04571428571429,Hold,100.2
411,2020-03-17 13:15:00,9223.55,18.35,41.301428571428566,Hold,99.65
412,2020-03-17 14:15:00,8929.4,14.68,39.267857142857146,Hold,98.48
413,2020-03-17 15:15:00,8967.05,16.99,37.419285714285714,Hold,99.2
414,2020-03-18 09:15:00,8831.35,21.36,35.787142857142854,Hold,96.95
415,2020-03-18 10:15:00,8794.55,19.58,33.83571428571428,Hold,95.9
416,2020-03-19 10:15:00,8363.65,15.32,31.65857142857143,Hold,88.0
417,2020-03-19 11:15:00,8157.35,13.53,29.419285714285717,Hold,90.01
418,2020-03-19 12:15:00,8303.35,22.22,27.906428571428567,Hold,90.0
419,2020-03-19 13:15:00,8551.55,33.47,27.14428571428571,Hold,89.28
420,2020-03-19 14:15:00,8258.45,28.23,26.00857142857143,Hold,89.89
421,2020-03-19 15:15:00,8263.45,23.5,22.97714285714286,Hold,89.47
422,2020-03-20 09:15:00,8357.35,27.72,22.06571428571428,Hold,88.7
423,2020-03-20 10:15:00,8341.9,27.4,21.55785714285714,Hold,89.26
424,2020-03-20 11:15:00,8596.8,34.37,22.622857142857143,Hold,90.73
425,2020-03-20 12:15:00,8713.75,38.99,24.097142857142853,Hold,91.68
426,2020-03-20 13:15:00,8561.6,41.54,26.015714285714285,Hold,94.59
427,2020-03-20 14:15:00,8740.95,45.12,28.025,Hold,92.25
428,2020-03-20 15:15:00,8745.45,48.03,29.93,Hold,92.97
429,2020-03-23 09:15:00,7903.0,35.09,31.037857142857145,Hold,87.9
430,2020-03-23 10:15:00,7833.55,39.91,32.794285714285714,Hold,
431,2020-03-23 11:15:00,7730.9,41.55,34.79571428571428,Hold,87.3
432,2020-03-23 12:15:00,7764.45,38.83,35.982142857142854,Hold,86.37
433,2020-03-23 13:15:00,7693.25,30.8,35.79142857142857,Hold,85.87
434,2020-03-23 14:15:00,7609.2,33.97,36.20142857142857,Hold,84.9
435,2020-03-23 15:15:00,7610.25,33.84,36.94,Hold,83.52
436,2020-03-24 09:15:00,7607.05,30.57,37.14357142857143,Hold,84.81
437,2020-03-24 10:15:00,7706.45,34.23,37.631428571428565,Hold,84.7
438,2020-03-24 11:15:00,7776.1,27.57,37.14571428571429,Hold,85.99
439,2020-03-24 12:15:00,7880.2,27.06,36.29357142857143,Hold,85.57
440,2020-03-24 13:15:00,7893.55,30.09,35.47571428571428,Hold,86.27
441,2020-03-24 14:15:00,7830.75,20.85,33.74214285714286,Hold,86.0
442,2020-03-24 15:15:00,7801.05,20.24,31.75714285714286,Hold,85.0
443,2020-03-25 09:15:00,7791.15,42.58,32.292142857142856,Hold,87.01
444,2020-03-25 10:15:00,7834.35,50.05,33.01642857142857,Hold,85.31
445,2020-03-25 11:15:00,7937.3,64.17,34.63214285714286,Hold,86.0
446,2020-03-25 12:15:00,8174.35,72.0,37.00142857142857,Sell,86.65
447,2020-03-25 13:15:00,8310.25,80.96,40.58428571428572,Waiting,88.8
448,2020-03-25 14:15:00,8300.85,87.52,44.40928571428572,Waiting,88.9
449,2020-03-25 15:15:00,8317.85,87.73,48.25857142857142,Waiting,89.46
450,2020-03-26 09:15:00,8676.65,91.35,52.6,Waiting,91.19
451,2020-03-26 10:15:00,8600.25,85.18,56.239285714285714,Waiting,93.02
452,2020-03-26 11:15:00,8724.6,85.8,60.39857142857142,Waiting,92.73
453,2020-03-26 12:15:00,8706.7,83.36,64.42,Waiting,93.63
454,2020-03-26 13:15:00,8542.15,73.33,67.50857142857143,Waiting,92.02
455,2020-03-26 14:15:00,8622.2,78.12,71.59928571428571,Waiting,92.24
456,2020-03-26 15:15:00,8641.45,80.09,75.87428571428572,Waiting,92.68
457,2020-03-27 09:15:00,8821.4,82.88,78.75285714285714,Waiting,94.91
458,2020-03-27 10:15:00,8569.35,70.7,80.22785714285715,Waiting,94.0
459,2020-03-27 11:15:00,8687.95,70.95,80.71214285714287,Waiting,92.27
460,2020-03-27 12:15:00,8593.65,62.72,80.04928571428572,Waiting,92.27
461,2020-03-27 13:15:00,8757.85,63.35,78.79142857142857,Waiting,91.81
462,2020-03-27 14:15:00,8663.45,60.29,76.84642857142856,Waiting,91.8
463,2020-03-27 15:15:00,8660.25,59.79,74.85071428571428,Waiting,91.26
464,2020-03-30 09:15:00,8479.35,43.72,71.44857142857144,Waiting,90.06
465,2020-03-30 10:15:00,8516.05,47.25,68.73928571428571,Waiting,91.9
466,2020-03-30 11:15:00,8435.35,40.27,65.48714285714286,Waiting,90.85
467,2020-03-30 12:15:00,8391.8,39.59,62.36071428571428,Waiting,90.23
468,2020-03-30 13:15:00,8398.85,44.71,60.31642857142857,Waiting,90.22
469,2020-03-30 14:15:00,8305.6,38.43,57.48142857142857,Waiting,89.51
470,2020-03-30 15:15:00,8281.1,36.88,54.395,Waiting,89.17
471,2020-03-31 09:15:00,8426.9,35.27,50.99428571428572,Waiting,90.5
472,2020-03-31 10:15:00,8454.5,44.85,49.14785714285715,Waiting,90.64
473,2020-03-31 11:15:00,8568.15,44.6,47.26571428571429,Waiting,91.21
474,2020-03-31 12:15:00,8549.1,47.85,46.20357142857143,Waiting,91.99
475,2020-03-31 13:15:00,8606.0,41.81,44.665000000000006,Waiting,91.79
476,2020-03-31 14:15:00,8602.25,46.34,43.66857142857143,Waiting,92.35
477,2020-03-31 15:15:00,8597.75,46.27,42.70285714285715,Waiting,91.94
478,2020-04-01 09:15:00,8383.05,44.48,42.75714285714286,Waiting,90.35
479,2020-04-01 10:15:00,8274.2,37.19,42.03857142857142,Waiting,90.09
480,2020-04-01 11:15:00,8302.35,42.54,42.20071428571429,Waiting,90.35
481,2020-04-01 12:15:00,8265.4,42.86,42.434285714285714,Waiting,89.75
482,2020-04-01 13:15:00,8222.6,40.43,42.12857142857143,Waiting,89.6
483,2020-04-01 14:15:00,8252.05,46.87,42.73142857142857,Waiting,89.5
484,2020-04-01 15:15:00,8253.8,48.36,43.55142857142857,Waiting,89.35
485,2020-04-03 09:15:00,8176.6,33.65,43.43571428571429,Waiting,89.19
486,2020-04-03 10:15:00,8127.5,29.22,42.319285714285705,Waiting,87.45
487,2020-04-03 11:15:00,8132.5,17.88,40.41071428571428,Buy,87.3
488,2020-04-03 12:15:00,8147.75,20.24,38.43857142857143,Hold,87.13
489,2020-04-03 13:15:00,8090.15,11.79,36.294285714285714,Hold,87.57
490,2020-04-03 14:15:00,8075.65,11.61,33.81357142857143,Hold,86.5
491,2020-04-03 15:15:00,8083.8,12.73,31.417857142857144,Hold,86.59
492,2020-04-07 09:15:00,8411.3,51.76,31.937857142857144,Hold,89.9
493,2020-04-07 10:15:00,8487.05,63.84,33.84142857142857,Hold,89.59
494,2020-04-07 11:15:00,8530.75,64.55,35.41357142857142,Hold,90.5
495,2020-04-07 12:15:00,8622.45,71.27,37.442857142857136,Sell,90.99
496,2020-04-07 13:15:00,8687.05,76.96,40.05214285714286,Waiting,92.1
497,2020-04-07 14:15:00,8810.5,79.23,42.36357142857143,Waiting,92.53
498,2020-04-07 15:15:00,8792.2,77.7,44.45928571428571,Waiting,92.41
499,2020-04-08 09:15:00,8980.95,87.12,48.27857142857143,Waiting,93.36
500,2020-04-08 10:15:00,8987.6,91.32,52.71428571428572,Waiting,95.4
501,2020-04-08 11:15:00,8887.5,83.23,57.38214285714286,Waiting,94.25
502,2020-04-08 12:15:00,8843.7,79.88,61.64214285714286,Waiting,93.58
503,2020-04-08 13:15:00,8721.85,75.7,66.20714285714286,Waiting,93.17
504,2020-04-08 14:15:00,8734.75,76.85,70.86714285714285,Waiting,93.28
505,2020-04-08 15:15:00,8748.75,76.96,75.455,Waiting,92.82
506,2020-04-09 09:15:00,8996.45,75.37,77.14142857142858,Waiting,95.2
507,2020-04-09 10:15:00,8948.2,70.48,77.61571428571428,Waiting,95.16
508,2020-04-09 11:15:00,9041.5,71.73,78.12857142857142,Waiting,95.26
509,2020-04-09 12:15:00,9081.0,70.41,78.06714285714285,Waiting,95.5
510,2020-04-09 13:15:00,9045.95,66.41,77.31357142857142,Waiting,95.66
511,2020-04-09 14:15:00,9115.55,64.67,76.27357142857143,Waiting,95.68
512,2020-04-09 15:15:00,9111.9,65.59,75.40857142857143,Waiting,96.23
513,2020-04-13 09:15:00,8948.7,48.39,72.64214285714286,Waiting,94.65
514,2020-04-13 10:15:00,9006.6,50.9,69.755,Waiting,95.2
515,2020-04-13 11:15:00,9055.75,58.41,67.98214285714286,Waiting,95.73
516,2020-04-13 12:15:00,8991.45,57.24,66.365,Waiting,95.52
517,2020-04-13 13:15:00,8950.3,62.16,65.39785714285715,Waiting,95.1
518,2020-04-13 14:15:00,8988.8,63.16,64.42,Waiting,95.64
519,2020-04-13 15:15:00,8993.85,62.82,63.41,Waiting,95.62
520,2020-04-15 09:15:00,9233.1,62.48,62.48928571428571,Waiting,96.85
521,2020-04-15 10:15:00,9232.5,65.79,62.15428571428571,Waiting,97.59
522,2020-04-15 11:15:00,9226.5,61.38,61.415000000000006,Waiting,97.56
523,2020-04-15 12:15:00,9162.85,54.89,60.30642857142857,Waiting,97.52
524,2020-04-15 13:15:00,8948.7,45.21,58.792142857142856,Waiting,96.7
525,2020-04-15 14:15:00,8925.35,40.19,57.04357142857143,Waiting,95.47
526,2020-04-15 15:15:00,8925.3,40.34,55.24,Waiting,95.2
527,2020-04-16 09:15:00,8900.5,47.09,55.14714285714286,Waiting,94.88
528,2020-04-16 10:15:00,8945.75,46.27,54.816428571428574,Waiting,94.69
529,2020-04-16 11:15:00,9011.5,47.34,54.02571428571429,Waiting,95.3
530,2020-04-16 12:15:00,9019.1,51.78,53.635714285714286,Waiting,95.52
531,2020-04-16 13:15:00,9010.8,54.08,53.05857142857143,Waiting,95.78
532,2020-04-16 14:15:00,8994.95,50.43,52.14928571428572,Waiting,95.68
533,2020-04-16 15:15:00,8992.8,49.93,51.22857142857142,Waiting,95.68
534,2020-04-17 09:15:00,9229.35,49.74,50.31857142857143,Waiting,98.21
535,2020-04-17 10:15:00,9186.2,46.94,48.972142857142856,Waiting,97.25
536,2020-04-17 11:15:00,9129.2,43.98,47.72928571428572,Waiting,97.27
537,2020-04-17 12:15:00,9131.35,47.89,47.22928571428572,Waiting,96.95
538,2020-04-17 13:15:00,9164.8,69.11,48.93642857142857,Waiting,96.99
539,2020-04-17 14:15:00,9273.35,76.74,51.54714285714287,Waiting,97.69
540,2020-04-17 15:15:00,9266.75,75.98,54.09285714285714,Waiting,98.21
541,2020-04-20 09:15:00,9287.15,79.62,56.41642857142857,Waiting,98.1
542,2020-04-20 10:15:00,9309.7,78.88,58.74571428571429,Waiting,98.71
543,2020-04-20 11:15:00,9272.7,71.72,60.48714285714285,Waiting,98.18
544,2020-04-20 12:15:00,9273.0,71.37,61.88642857142857,Waiting,98.19
545,2020-04-20 13:15:00,9287.0,73.03,63.24,Waiting,98.1
546,2020-04-20 14:15:00,9262.7,72.01,64.78142857142858,Waiting,98.46
547,2020-04-20 15:15:00,9261.85,72.17,66.37,Waiting,97.99
548,2020-04-21 09:15:00,9009.95,32.37,65.12928571428571,Waiting,95.66
549,2020-04-21 10:15:00,9017.0,35.57,64.31714285714285,Waiting,95.74
550,2020-04-21 11:15:00,9001.55,38.28,63.91,Waiting,95.7
551,2020-04-21 12:15:00,8945.5,34.47,62.951428571428565,Waiting,95.1
552,2020-04-21 13:15:00,8942.55,30.43,60.18857142857143,Waiting,95.23
553,2020-04-21 14:15:00,8986.1,21.44,56.23857142857143,Waiting,95.3
554,2020-04-21 15:15:00,8981.45,21.53,52.34928571428571,Buy,95.6
555,2020-04-22 09:15:00,8986.65,19.07,48.02428571428571,Hold,94.95
556,2020-04-22 10:15:00,9110.0,32.98,44.74571428571429,Hold,95.98
557,2020-04-22 11:15:00,9098.45,34.47,42.085,Hold,96.3
558,2020-04-22 12:15:00,9144.4,39.4,39.80142857142857,Hold,96.78
559,2020-04-22 13:15:00,9143.5,37.91,37.29285714285714,Hold,96.46
560,2020-04-22 14:15:00,9188.0,43.92,35.28642857142857,Hold,97.33
561,2020-04-22 15:15:00,9187.3,43.93,33.269285714285715,Hold,97.38
562,2020-04-23 09:15:00,9262.4,78.89,36.59214285714285,Sell,97.77
563,2020-04-23 10:15:00,9261.25,78.33,39.646428571428565,Waiting,98.32
564,2020-04-23 11:15:00,9311.0,83.25,42.85857142857143,Waiting,98.32
565,2020-04-23 12:15:00,9289.6,89.95,46.82142857142857,Waiting,98.58
566,2020-04-23 13:15:00,9312.8,91.05,51.151428571428575,Waiting,98.1
567,2020-04-23 14:15:00,9315.55,90.16,56.06,Waiting,98.67
568,2020-04-23 15:15:00,9313.9,90.83,61.01,Waiting,98.62
569,2020-04-24 09:15:00,9183.25,68.46,64.53785714285713,Waiting,97.27
570,2020-04-24 10:15:00,9188.25,59.44,66.42785714285714,Waiting,97.48
571,2020-04-24 11:15:00,9219.9,63.98,68.53571428571429,Waiting,97.01
572,2020-04-24 12:15:00,9268.45,64.19,70.30642857142857,Waiting,97.84
573,2020-04-24 13:15:00,9185.15,54.01,71.45642857142857,Waiting,97.75
574,2020-04-24 14:15:00,9145.0,45.83,71.59285714285714,Waiting,97.2
575,2020-04-24 15:15:00,9154.4,46.86,71.80214285714285,Waiting,97.1
576,2020-04-27 09:15:00,9339.6,56.09,70.17357142857142,Waiting,98.54
577,2020-04-27 10:15:00,9352.15,57.04,68.65285714285714,Waiting,99.02
578,2020-04-27 11:15:00,9341.0,52.47,66.45428571428572,Waiting,98.75
579,2020-04-27 12:15:00,9356.05,55.54,63.99642857142857,Waiting,98.83
580,2020-04-27 13:15:00,9320.8,50.65,61.11071428571429,Waiting,98.67
581,2020-04-27 14:15:00,9284.75,47.61,58.07142857142857,Waiting,98.41
582,2020-04-27 15:15:00,9282.3,47.56,54.980714285714285,Waiting,98.43
583,2020-04-28 09:15:00,9284.05,59.74,54.35785714285714,Waiting,98.74
584,2020-04-28 10:15:00,9300.35,60.6,54.44071428571429,Waiting,98.5
585,2020-04-28 11:15:00,9292.0,57.13,53.95142857142857,Waiting,98.74
586,2020-04-28 12:15:00,9340.8,57.15,53.44857142857143,Waiting,98.68
587,2020-04-28 13:15:00,9365.45,70.16,54.60214285714285,Waiting,98.9
588,2020-04-28 14:15:00,9384.35,78.1,56.90714285714286,Waiting,98.95
589,2020-04-28 15:15:00,9380.9,76.97,59.057857142857145,Waiting,99.35
590,2020-04-29 09:15:00,9463.0,69.48,60.01428571428572,Waiting,99.97
591,2020-04-29 10:15:00,9481.9,70.08,60.94571428571429,Waiting,100.05
592,2020-04-29 11:15:00,9483.8,72.75,62.39428571428572,Waiting,100.23
593,2020-04-29 12:15:00,9504.4,73.22,63.65714285714286,Waiting,100.6
594,2020-04-29 13:15:00,9527.35,83.62,66.01214285714285,Waiting,100.45
595,2020-04-29 14:15:00,9552.2,95.18,69.41,Waiting,101.17
596,2020-04-29 15:15:00,9553.35,96.0,72.87,Waiting,101.12
597,2020-04-30 09:15:00,9837.35,97.95,75.59928571428573,Waiting,103.7
598,2020-04-30 10:15:00,9841.85,97.91,78.26428571428572,Waiting,104.0
599,2020-04-30 11:15:00,9864.3,99.4,81.28357142857143,Waiting,104.05
600,2020-04-30 12:15:00,9813.15,90.61,83.67357142857144,Waiting,104.24
601,2020-04-30 13:15:00,9811.05,89.86,85.08071428571428,Waiting,103.7
602,2020-04-30 14:15:00,9871.5,90.56,85.97071428571428,Waiting,103.65
603,2020-04-30 15:15:00,9859.9,89.35,86.855,Waiting,104.18
604,2020-05-04 09:15:00,9377.2,45.75,85.16,Waiting,100.3
605,2020-05-04 10:15:00,9384.75,45.13,83.37785714285714,Waiting,100.01
606,2020-05-04 11:15:00,9376.8,44.67,81.37214285714286,Waiting,99.51
607,2020-05-04 12:15:00,9357.05,42.66,79.18928571428572,Waiting,99.71
608,2020-05-04 13:15:00,9319.75,39.8,76.05928571428572,Waiting,99.13
609,2020-05-04 14:15:00,9278.35,36.76,71.88642857142858,Waiting,98.7
610,2020-05-04 15:15:00,9293.5,37.6,67.715,Waiting,98.8
611,2020-05-05 09:15:00,9369.3,22.13,62.29928571428572,Waiting,99.99
612,2020-05-05 10:15:00,9378.0,22.52,56.91428571428572,Buy,99.68
613,2020-05-05 11:15:00,9342.3,19.56,51.21142857142856,Hold,99.65
614,2020-05-05 12:15:00,9371.05,23.52,46.41928571428571,Hold,99.05
615,2020-05-05 13:15:00,9333.85,22.57,41.612857142857145,Hold,99.39
616,2020-05-05 14:15:00,9199.05,14.4,36.17285714285714,Hold,97.95
617,2020-05-05 15:15:00,9205.6,15.17,30.874285714285715,Hold,97.65
618,2020-05-06 09:15:00,9279.95,40.84,30.523571428571437,Hold,97.09
619,2020-05-06 10:15:00,9313.9,43.64,30.41714285714286,Hold,98.57
620,2020-05-06 11:15:00,9327.05,45.58,30.482142857142858,Hold,98.49
621,2020-05-06 12:15:00,9267.05,42.53,30.472857142857144,Hold,98.7
622,2020-05-06 13:15:00,9282.55,46.8,30.972857142857144,Hold,98.75
623,2020-05-06 14:15:00,9270.45,49.28,31.86714285714286,Hold,98.08
624,2020-05-06 15:15:00,9270.9,47.9,32.60285714285714,Hold,98.7
625,2020-05-07 09:15:00,9240.7,36.91,33.65857142857143,Hold,97.98
626,2020-05-07 10:15:00,9214.8,33.96,34.47571428571429,Hold,97.74
627,2020-05-07 11:15:00,9208.45,36.04,35.652857142857144,Hold,97.8
628,2020-05-07 12:15:00,9230.85,35.18,36.48571428571428,Hold,97.8
629,2020-05-07 13:15:00,9194.65,35.25,37.39142857142857,Hold,97.41
630,2020-05-07 14:15:00,9202.65,50.52,39.971428571428575,Hold,97.5
631,2020-05-07 15:15:00,9199.05,49.04,42.39071428571429,Hold,97.6
632,2020-05-08 09:15:00,9309.55,53.91,43.32428571428572,Hold,98.77
633,2020-05-08 10:15:00,9341.15,53.62,44.03714285714285,Hold,98.9
634,2020-05-08 11:15:00,9331.85,50.64,44.39857142857143,Hold,98.82
635,2020-05-08 12:15:00,9340.35,61.43,45.74857142857143,Hold,98.67
636,2020-05-08 13:15:00,9295.4,51.84,46.10857142857143,Hold,98.7
637,2020-05-08 14:15:00,9245.95,46.84,45.93428571428571,Hold,98.2
638,2020-05-08 15:15:00,9251.5,47.53,45.90785714285715,Hold,98.12
639,2020-05-11 09:15:00,9384.15,64.49,47.877857142857145,Hold,99.85
640,2020-05-11 10:15:00,9354.95,64.06,50.02785714285714,Hold,99.3
641,2020-05-11 11:15:00,9337.1,62.62,51.92642857142857,Hold,98.9
642,2020-05-11 12:15:00,9346.7,61.66,53.817857142857136,Hold,99.0
643,2020-05-11 13:15:00,9292.8,59.54,55.55285714285714,Hold,99.2
644,2020-05-11 14:15:00,9241.1,53.44,55.76142857142857,Hold,98.5
645,2020-05-11 15:15:00,9239.2,53.61,56.087857142857146,Hold,98.21
646,2020-05-12 09:15:00,9095.2,31.84,54.51142857142857,Hold,97.14
647,2020-05-12 10:15:00,9102.25,28.88,52.74428571428572,Hold,96.79
648,2020-05-12 11:15:00,9082.55,28.36,51.15285714285714,Hold,96.31
649,2020-05-12 12:15:00,9100.8,29.55,48.87571428571429,Hold,96.6
650,2020-05-12 13:15:00,9118.95,34.22,47.61714285714286,Hold,96.81
651,2020-05-12 14:15:00,9168.95,43.12,47.35142857142857,Hold,97.95
652,2020-05-12 15:15:00,9196.55,45.28,47.190714285714286,Hold,97.96
653,2020-05-13 09:15:00,9392.45,50.64,46.201428571428565,Hold,99.53
654,2020-05-13 10:15:00,9424.45,55.37,45.580714285714286,Hold,100.1
655,2020-05-13 11:15:00,9415.75,56.16,45.11928571428571,Hold,100.09
656,2020-05-13 12:15:00,9368.25,51.59,44.4,Hold,99.85
657,2020-05-13 13:15:00,9387.0,57.35,44.24357142857143,Hold,99.94
658,2020-05-13 14:15:00,9387.8,62.43,44.885714285714286,Hold,99.72
659,2020-05-13 15:15:00,9383.55,62.18,45.49785714285714,Hold,99.69
660,2020-05-14 09:15:00,9239.6,62.18,47.665,Hold,98.66
661,2020-05-14 10:15:00,9214.5,59.19,49.83,Hold,98.2
662,2020-05-14 11:15:00,9208.7,60.57,52.13071428571429,Hold,97.97
663,2020-05-14 12:15:00,9222.05,60.24,54.32285714285714,Hold,98.1
664,2020-05-14 13:15:00,9144.95,52.0,55.59285714285714,Hold,97.88
665,2020-05-14 14:15:00,9136.8,47.36,55.89571428571429,Hold,97.6
666,2020-05-14 15:15:00,9142.75,45.42,55.90571428571428,Hold,97.42
667,2020-05-15 09:15:00,9084.05,15.74,53.41285714285714,Hold,97.07
668,2020-05-15 10:15:00,9064.1,8.87,50.09142857142857,Hold,96.59
669,2020-05-15 11:15:00,9066.15,9.48,46.75714285714286,Hold,96.6
670,2020-05-15 12:15:00,9086.1,15.07,44.14857142857143,Hold,96.8
671,2020-05-15 13:15:00,9143.2,22.43,41.65428571428571,Hold,96.84
672,2020-05-15 14:15:00,9134.75,21.87,38.75714285714286,Hold,97.24
673,2020-05-15 15:15:00,9136.85,22.45,35.919285714285714,Hold,97.08
674,2020-05-18 09:15:00,8938.1,20.0,32.90642857142857,Hold,95.1
675,2020-05-18 10:15:00,8857.55,18.01,29.965,Hold,94.91
676,2020-05-18 11:15:00,8868.35,19.77,27.05071428571429,Hold,94.43
677,2020-05-18 12:15:00,8889.45,20.86,24.237857142857145,Hold,94.7
678,2020-05-18 13:15:00,8904.05,26.3,22.402142857142856,Hold,94.36
679,2020-05-18 14:15:00,8823.05,23.0,20.662142857142857,Hold,94.49
680,2020-05-18 15:15:00,8823.25,22.23,19.005714285714284,Hold,93.93
681,2020-05-19 09:15:00,8970.85,41.48,20.844285714285714,Hold,95.09
682,2020-05-19 10:15:00,8970.95,42.77,23.26571428571429,Hold,95.82
683,2020-05-19 11:15:00,8987.85,44.06,25.735714285714288,Hold,95.38
684,2020-05-19 12:15:00,8945.35,39.68,27.493571428571425,Hold,95.19
685,2020-05-19 13:15:00,8875.3,30.72,28.085714285714285,Hold,94.55
686,2020-05-19 14:15:00,8882.2,31.78,28.79357142857143,Hold,94.57
687,2020-05-19 15:15:00,8879.1,31.43,29.435,Hold,94.34
688,2020-05-20 09:15:00,8967.35,52.51,31.75714285714286,Hold,95.15
689,2020-05-20 10:15:00,8932.6,56.98,34.54071428571429,Hold,95.12
690,2020-05-20 11:15:00,8950.4,57.53,37.237857142857145,Hold,95.2
691,2020-05-20 12:15:00,8961.7,56.75,39.80142857142857,Hold,95.3
692,2020-05-20 13:15:00,9001.1,58.67,42.11357142857143,Hold,95.19
693,2020-05-20 14:15:00,9062.3,72.15,45.62428571428571,Sell,95.9
694,2020-05-20 15:15:00,9066.55,72.36,49.205,Waiting,96.25
695,2020-05-21 09:15:00,9109.75,65.79,50.941428571428574,Waiting,96.75
696,2020-05-21 10:15:00,9129.6,67.27,52.691428571428574,Waiting,96.93
697,2020-05-21 11:15:00,9134.25,66.37,54.285,Waiting,96.96
698,2020-05-21 12:15:00,9164.95,75.22,56.82357142857144,Waiting,96.7
699,2020-05-21 13:15:00,9143.4,84.65,60.675714285714285,Waiting,97.01
700,2020-05-21 14:15:00,9111.9,77.91,63.97071428571429,Waiting,96.61
701,2020-05-21 15:15:00,9106.25,77.43,67.25642857142857,Waiting,96.69
702,2020-05-22 09:15:00,9068.0,63.82,68.06428571428572,Waiting,96.55
703,2020-05-22 10:15:00,9009.25,59.88,68.27142857142857,Waiting,95.7
704,2020-05-22 11:15:00,9007.9,57.74,68.28642857142857,Waiting,95.94
705,2020-05-22 12:15:00,8996.65,54.7,68.14,Waiting,95.76
706,2020-05-22 13:15:00,9043.9,55.64,67.92357142857144,Waiting,95.83
707,2020-05-22 14:15:00,9031.5,45.34,66.00857142857143,Waiting,95.8
708,2020-05-22 15:15:00,9039.25,45.91,64.11928571428572,Waiting,96.11
709,2020-05-26 09:15:00,9127.55,52.35,63.15928571428572,Waiting,97.1
710,2020-05-26 10:15:00,9104.55,46.72,61.691428571428574,Waiting,96.86
711,2020-05-26 11:15:00,9095.05,44.94,60.160714285714285,Waiting,96.61
712,2020-05-26 12:15:00,9066.9,37.25,57.44857142857143,Waiting,96.71
713,2020-05-26 13:15:00,9010.4,34.15,53.84142857142857,Waiting,96.28
714,2020-05-26 14:15:00,9019.65,38.39,51.01857142857143,Waiting,96.07
715,2020-05-26 15:15:00,9029.05,40.38,48.372142857142855,Waiting,96.21
716,2020-05-27 09:15:00,9031.5,45.0,47.02785714285714,Waiting,95.68
717,2020-05-27 10:15:00,9103.05,62.4,47.20785714285715,Waiting,96.7
718,2020-05-27 11:15:00,9107.0,63.02,47.585,Waiting,96.56
719,2020-05-27 12:15:00,9182.35,70.87,48.74,Waiting,96.88
720,2020-05-27 13:15:00,9268.5,73.22,49.99571428571429,Waiting,97.7
721,2020-05-27 14:15:00,9321.25,77.65,52.30357142857143,Waiting,98.23
722,2020-05-27 15:15:00,9314.95,76.38,54.48,Waiting,98.6
723,2020-05-28 09:15:00,9432.8,77.64,56.28642857142857,Waiting,99.5
724,2020-05-28 10:15:00,9471.55,82.31,58.82857142857142,Waiting,99.74
725,2020-05-28 11:15:00,9468.3,83.23,61.56357142857143,Waiting,100.11
726,2020-05-28 12:15:00,9441.75,83.47,64.865,Waiting,99.96
727,2020-05-28 13:15:00,9445.4,92.88,69.06,Waiting,100.19
728,2020-05-28 14:15:00,9486.55,93.3,72.98214285714286,Waiting,100.03
729,2020-05-28 15:15:00,9490.1,93.23,76.75714285714287,Waiting,100.35
730,2020-05-29 09:15:00,9462.5,88.59,79.87071428571429,Waiting,99.85
731,2020-05-29 10:15:00,9500.55,87.86,81.6892857142857,Waiting,100.61
732,2020-05-29 11:15:00,9473.1,83.38,83.14357142857143,Waiting,100.47
733,2020-05-29 12:15:00,9473.95,80.77,83.85071428571429,Waiting,100.22
734,2020-05-29 13:15:00,9540.75,79.95,84.33142857142857,Waiting,100.62
735,2020-05-29 14:15:00,9590.3,79.81,84.48571428571428,Waiting,100.8
736,2020-05-29 15:15:00,9580.3,79.16,84.68428571428572,Waiting,101.38
737,2020-06-01 09:15:00,9835.15,83.98,85.13714285714286,Waiting,103.91
738,2020-06-01 10:15:00,9849.35,83.29,85.20714285714287,Waiting,104.29
739,2020-06-01 11:15:00,9903.05,85.18,85.34642857142858,Waiting,104.59
740,2020-06-01 12:15:00,9915.25,89.22,85.75714285714285,Waiting,104.9
741,2020-06-01 13:15:00,9834.6,78.59,84.73642857142856,Waiting,104.7
742,2020-06-01 14:15:00,9830.95,76.78,83.55642857142857,Waiting,104.71
743,2020-06-01 15:15:00,9826.15,76.08,82.33142857142856,Waiting,104.42
744,2020-06-02 09:15:00,9870.6,80.86,81.77928571428572,Waiting,105.12
745,2020-06-02 10:15:00,9893.7,80.42,81.24785714285714,Waiting,104.61
746,2020-06-02 11:15:00,9920.8,84.66,81.33928571428571,Waiting,104.82
747,2020-06-02 12:15:00,9956.05,85.43,81.67214285714286,Waiting,105.31
748,2020-06-02 13:15:00,9964.3,84.06,81.96571428571428,Waiting,105.36
749,2020-06-02 14:15:00,9977.3,83.07,82.19857142857143,Waiting,105.61
750,2020-06-02 15:15:00,9979.1,84.56,82.5842857142857,Waiting,105.89
751,2020-06-03 09:15:00,10090.3,79.44,82.25999999999999,Waiting,107.25
752,2020-06-03 10:15:00,10089.1,78.52,81.9192857142857,Waiting,107.3
753,2020-06-03 11:15:00,10128.15,77.74,81.38785714285713,Waiting,107.27
754,2020-06-03 12:15:00,10109.85,73.63,80.27428571428572,Waiting,107.15
755,2020-06-03 13:15:00,10149.45,92.46,81.265,Waiting,107.3
756,2020-06-03 14:15:00,10050.6,73.57,81.03571428571429,Waiting,107.36
757,2020-06-03 15:15:00,10061.55,74.93,80.95357142857144,Waiting,106.9
758,2020-06-04 09:15:00,10060.1,72.08,80.32642857142856,Waiting,106.4
759,2020-06-04 10:15:00,10051.65,69.06,79.515,Waiting,106.65
760,2020-06-04 11:15:00,9984.4,57.0,77.53928571428571,Waiting,106.25
761,2020-06-04 12:15:00,9954.05,49.78,74.99285714285713,Waiting,105.74
762,2020-06-04 13:15:00,9996.65,53.34,72.79857142857142,Waiting,106.51
763,2020-06-04 14:15:00,10025.6,54.83,70.78142857142856,Waiting,106.4
764,2020-06-04 15:15:00,10029.1,54.98,68.66857142857143,Waiting,106.27
765,2020-06-05 09:15:00,10086.0,49.52,66.53142857142858,Waiting,107.23
766,2020-06-05 10:15:00,10082.4,49.26,64.44142857142857,Waiting,106.78
767,2020-06-05 11:15:00,10110.05,47.94,62.31285714285714,Waiting,106.91
768,2020-06-05 12:15:00,10118.0,50.95,60.69285714285714,Waiting,107.12
769,2020-06-05 13:15:00,10166.15,51.91,57.79642857142857,Waiting,107.46
770,2020-06-05 14:15:00,10138.6,62.04,56.97285714285714,Waiting,107.57
771,2020-06-05 15:15:00,10142.15,61.26,55.996428571428574,Waiting,107.66
772,2020-06-08 09:15:00,10287.9,72.68,56.03928571428571,Waiting,109.35
773,2020-06-08 10:15:00,10303.4,74.72,56.44357142857143,Waiting,109.29
774,2020-06-08 11:15:00,10290.8,83.7,58.35071428571429,Waiting,109.38
775,2020-06-08 12:15:00,10214.75,76.05,60.22714285714286,Waiting,108.75
776,2020-06-08 13:15:00,10170.5,67.32,61.22571428571429,Waiting,108.39
777,2020-06-08 14:15:00,10164.2,64.46,61.91357142857142,Waiting,108.24
778,2020-06-08 15:15:00,10167.45,64.44,62.58928571428572,Waiting,108.1
779,2020-06-09 09:15:00,10248.25,66.13,63.77571428571429,Waiting,107.8
780,2020-06-09 10:15:00,10252.05,66.86,65.03285714285714,Waiting,108.81
781,2020-06-09 11:15:00,10266.6,65.97,66.32071428571429,Waiting,108.89
782,2020-06-09 12:15:00,10179.25,55.38,66.63714285714285,Waiting,108.59
783,2020-06-09 13:15:00,10096.5,44.23,66.08857142857143,Waiting,107.81
784,2020-06-09 14:15:00,10051.75,43.01,64.72928571428571,Waiting,106.9
785,2020-06-09 15:15:00,10046.65,42.33,63.37714285714286,Waiting,106.85
786,2020-06-10 09:15:00,10071.25,28.41,60.215,Waiting,107.26
787,2020-06-10 10:15:00,10123.7,33.32,57.25785714285714,,107.6
788,2020-06-10 11:15:00,10088.95,32.0,53.565,,107.19
789,2020-06-10 12:15:00,10112.9,39.99,50.989285714285714,,107.55
790,2020-06-10 13:15:00,10102.1,42.8,49.23785714285714,,107.39
791,2020-06-10 14:15:00,10129.3,46.48,47.95357142857143,,106.9
792,2020-06-10 15:15:00,10116.15,44.93,46.56,,107.52
793,2020-06-11 09:15:00,10090.8,32.53,44.15999999999999,,107.06
794,2020-06-11 10:15:00,10022.95,27.74,41.36571428571428,Buy,106.93
795,2020-06-11 11:15:00,10023.05,25.65,38.48571428571429,Hold,106.68
796,2020-06-11 12:15:00,10014.7,30.46,36.705714285714286,Hold,106.16
797,2020-06-11 13:15:00,9957.85,32.46,35.865,Hold,106.27
798,2020-06-11 14:15:00,9893.65,30.94,35.002857142857145,Hold,105.48
799,2020-06-11 15:15:00,9902.0,32.7,34.315,Hold,105.3
800,2020-06-12 09:15:00,9677.35,18.13,33.580714285714286,Hold,103.0
801,2020-06-12 10:15:00,9715.35,16.17,32.355714285714285,Hold,103.32
802,2020-06-12 11:15:00,9754.7,22.52,31.678571428571427,Hold,103.76
803,2020-06-12 12:15:00,9758.15,19.82,30.23785714285714,Hold,103.45
804,2020-06-12 13:15:00,9871.95,33.34,29.562142857142856,Hold,104.01
805,2020-06-12 14:15:00,9974.7,39.91,29.092857142857135,Hold,105.1
806,2020-06-12 15:15:00,9972.9,40.51,28.777142857142856,Hold,105.72
807,2020-06-15 09:15:00,9867.1,36.61,29.068571428571428,Hold,104.84
808,2020-06-15 10:15:00,9770.15,35.38,29.61428571428571,Hold,104.03
809,2020-06-15 11:15:00,9735.15,33.99,30.21,Hold,104.03
810,2020-06-15 12:15:00,9765.6,36.48,30.640000000000004,Hold,103.75
811,2020-06-15 13:15:00,9822.75,42.67,31.369285714285716,Hold,103.98
812,2020-06-15 14:15:00,9810.25,45.21,32.38857142857143,Hold,104.2
813,2020-06-15 15:15:00,9813.7,44.9,33.26,Hold,104.51
814,2020-06-16 09:15:00,9985.35,68.96,36.89071428571429,Hold,106.01
815,2020-06-16 10:15:00,9986.3,67.48,40.55571428571428,Hold,106.17
816,2020-06-16 11:15:00,9940.5,61.89,43.36785714285714,Hold,105.5
817,2020-06-16 12:15:00,9843.15,54.85,45.87,Hold,105.29
818,2020-06-16 13:15:00,9862.7,49.41,47.017857142857146,Hold,104.28
819,2020-06-16 14:15:00,9915.35,45.94,47.44857142857143,Hold,105.0
820,2020-06-16 15:15:00,9914.0,45.97,47.83857142857143,Hold,105.21
821,2020-06-17 09:15:00,9937.6,55.44,49.18357142857143,Hold,105.37
822,2020-06-17 10:15:00,9883.95,59.4,50.89928571428571,Hold,104.73
823,2020-06-17 11:15:00,9939.25,66.32,53.20857142857143,Hold,105.0
824,2020-06-17 12:15:00,9974.1,66.55,55.35642857142857,Hold,105.62
825,2020-06-17 13:15:00,9945.55,60.21,56.60928571428571,Hold,105.73
826,2020-06-17 14:15:00,9881.1,55.42,57.33857142857143,Hold,105.35
827,2020-06-17 15:15:00,9881.15,55.19,58.07357142857143,Hold,104.92
828,2020-06-18 09:15:00,9910.8,42.66,56.195,Hold,104.89
829,2020-06-18 10:15:00,9913.25,42.83,54.434285714285714,Hold,105.1
830,2020-06-18 11:15:00,9969.15,52.76,53.78214285714286,Hold,105.25
831,2020-06-18 12:15:00,9964.3,64.19,54.44928571428572,Hold,105.68
832,2020-06-18 13:15:00,10056.55,69.4,55.87714285714286,Hold,106.02
833,2020-06-18 14:15:00,10082.95,67.71,57.43214285714286,Hold,106.58
834,2020-06-18 15:15:00,10091.65,68.48,59.04,Hold,106.97
835,2020-06-19 09:15:00,10130.5,69.45,60.04071428571428,Hold,107.0
836,2020-06-19 10:15:00,10139.8,78.33,61.392857142857146,Sell,107.2
837,2020-06-19 11:15:00,10195.7,78.36,62.25285714285714,Waiting,107.98
838,2020-06-19 12:15:00,10169.5,72.03,62.64428571428572,Waiting,108.14
839,2020-06-19 13:15:00,10185.3,77.83,63.90285714285714,Waiting,108.04
840,2020-06-19 14:15:00,10249.75,92.79,66.57214285714285,Waiting,108.49
841,2020-06-19 15:15:00,10244.4,91.65,69.17642857142857,Waiting,108.79
842,2020-06-22 09:15:00,10331.95,92.63,72.74571428571429,Waiting,109.89
843,2020-06-22 10:15:00,10301.55,87.2,75.91499999999999,Waiting,109.45
844,2020-06-22 11:15:00,10301.1,85.58,78.25928571428571,Waiting,109.27
845,2020-06-22 12:15:00,10338.5,87.49,79.92357142857142,Waiting,109.79
846,2020-06-22 13:15:00,10374.9,85.92,81.10357142857143,Waiting,109.83
847,2020-06-22 14:15:00,10317.55,74.74,81.60571428571428,Waiting,110.1
848,2020-06-22 15:15:00,10311.2,73.27,81.94785714285715,Waiting,109.56
849,2020-06-23 09:15:00,10358.9,73.76,82.25571428571428,Waiting,109.7
850,2020-06-23 10:15:00,10363.0,73.47,81.90857142857143,Waiting,110.13
851,2020-06-23 11:15:00,10386.0,71.5,81.41857142857144,Waiting,110.05
852,2020-06-23 12:15:00,10424.9,78.05,81.84857142857142,Waiting,110.24
853,2020-06-23 13:15:00,10410.4,74.8,81.63214285714285,Waiting,110.45
854,2020-06-23 14:15:00,10469.35,74.49,80.325,Waiting,110.76
855,2020-06-23 15:15:00,10471.0,75.48,79.16999999999999,Waiting,111.0
856,2020-06-24 09:15:00,10544.6,74.68,77.88785714285714,Waiting,111.51
857,2020-06-24 10:15:00,10471.2,67.91,76.51,Waiting,111.45
858,2020-06-24 11:15:00,10478.95,68.49,75.28928571428571,Waiting,110.74
859,2020-06-24 12:15:00,10448.4,61.59,73.4392857142857,Waiting,111.5
860,2020-06-24 13:15:00,10396.75,52.23,71.03285714285714,Waiting,110.33
861,2020-06-24 14:15:00,10302.25,48.55,69.16214285714285,Waiting,110.0
862,2020-06-24 15:15:00,10305.3,49.44,67.46,Waiting,109.79
863,2020-06-25 09:15:00,10262.7,40.72,65.1,Waiting,109.13
864,2020-06-25 10:15:00,10334.25,47.55,63.24857142857143,Waiting,109.6
865,2020-06-25 11:15:00,10269.3,40.7,61.04857142857143,Waiting,109.52
866,2020-06-25 12:15:00,10244.65,35.31,57.99571428571429,Waiting,108.53
867,2020-06-25 13:15:00,10343.85,45.23,55.88357142857142,Waiting,109.32
868,2020-06-25 14:15:00,10284.6,36.77,53.18928571428571,Waiting,109.49
869,2020-06-25 15:15:00,10288.9,37.01,50.441428571428574,Waiting,108.95
870,2020-06-26 09:15:00,10384.4,38.92,47.887142857142855,Waiting,109.97
871,2020-06-26 10:15:00,10369.85,42.37,46.06285714285714,Waiting,109.68
872,2020-06-26 11:15:00,10373.05,41.97,44.16857142857143,Waiting,109.71
873,2020-06-26 12:15:00,10350.4,42.48,42.80357142857143,Waiting,109.51
874,2020-06-26 13:15:00,10345.95,45.8,42.34428571428571,Waiting,109.58
875,2020-06-26 14:15:00,10379.3,57.09,42.95428571428572,Waiting,109.93
876,2020-06-26 15:15:00,10383.0,57.14,43.50428571428572,Waiting,110.24
877,2020-06-29 09:15:00,10242.2,48.4,44.05285714285714,Waiting,109.2
878,2020-06-29 10:15:00,10255.9,43.29,43.748571428571424,Waiting,109.15
879,2020-06-29 11:15:00,10253.95,48.53,44.307857142857145,Waiting,108.95
880,2020-06-29 12:15:00,10278.45,53.24,45.58857142857143,Waiting,109.56
881,2020-06-29 13:15:00,10275.9,42.0,45.35785714285714,Waiting,108.95
882,2020-06-29 14:15:00,10326.05,54.99,46.65928571428572,Waiting,109.49
883,2020-06-29 15:15:00,10312.4,52.77,47.785,Waiting,109.77
884,2020-06-30 09:15:00,10384.45,50.01,48.57714285714286,Waiting,110.36
885,2020-06-30 10:15:00,10368.5,49.83,49.11,Waiting,110.3
886,2020-06-30 11:15:00,10349.55,47.19,49.48285714285714,Waiting,109.99
887,2020-06-30 12:15:00,10368.3,52.16,50.17428571428571,Waiting,109.95
888,2020-06-30 13:15:00,10361.2,51.83,50.605,Waiting,110.14
889,2020-06-30 14:15:00,10301.85,41.26,49.47428571428571,Waiting,109.48
890,2020-06-30 15:15:00,10302.1,40.8,48.30714285714286,Waiting,109.52
891,2020-07-01 09:15:00,10350.5,65.59,49.535,Waiting,109.95
892,2020-07-01 10:15:00,10336.95,61.67,50.84785714285714,Waiting,109.99
893,2020-07-01 11:15:00,10387.8,66.9,52.16,Waiting,110.29
894,2020-07-01 12:15:00,10422.05,67.69,53.192142857142855,Waiting,110.5
895,2020-07-01 13:15:00,10432.65,68.94,55.11642857142857,Waiting,
896,2020-07-01 14:15:00,10436.4,65.02,55.83285714285715,Waiting,
897,2020-07-01 15:15:00,10430.05,66.33,56.801428571428566,Waiting,
898,2020-07-02 09:15:00,10533.6,69.04,58.160714285714285,Waiting,
899,2020-07-02 10:15:00,10505.1,66.9,59.38,Waiting,
900,2020-07-02 11:15:00,10556.6,73.7,61.27357142857143,Waiting,
901,2020-07-02 12:15:00,10561.4,72.84,62.75071428571429,Waiting,
902,2020-07-02 13:15:00,10593.1,75.92,64.47142857142858,Waiting,112.15
903,2020-07-02 14:15:00,10546.55,78.15,67.10642857142857,Waiting,112.2
904,2020-07-02 15:15:00,10551.7,78.4,69.79214285714286,Waiting,112.1
905,2020-07-03 09:15:00,10597.15,78.25,70.69642857142857,Waiting,112.34
906,2020-07-03 10:15:00,10588.95,79.22,71.95,Waiting,112.4
907,2020-07-03 11:15:00,10614.35,77.92,72.73714285714286,Waiting,112.61
908,2020-07-03 12:15:00,10588.5,70.95,72.97,Waiting,112.46
909,2020-07-03 13:15:00,10602.45,71.19,73.13071428571428,Waiting,112.28
910,2020-07-03 14:15:00,10606.75,71.23,73.57428571428571,Waiting,112.46
911,2020-07-03 15:15:00,10607.35,72.41,74.00857142857144,Waiting,112.51
912,2020-07-06 09:15:00,10736.55,74.09,74.36928571428572,Waiting,113.66
913,2020-07-06 10:15:00,10748.95,80.1,75.31214285714286,Waiting,113.77
914,2020-07-06 11:15:00,10765.65,78.23,75.63571428571429,Waiting,114.11
915,2020-07-06 12:15:00,10794.9,79.58,76.11714285714287,Waiting,114.19
916,2020-07-06 13:15:00,10769.05,72.62,75.88142857142857,Waiting,114.45
917,2020-07-06 14:15:00,10765.9,81.75,76.13857142857144,Waiting,114.1
918,2020-07-06 15:15:00,10763.65,80.94,76.32000000000001,Waiting,114.28
919,2020-07-07 09:15:00,10774.95,78.83,76.36142857142856,Waiting,114.15
920,2020-07-07 10:15:00,10733.45,71.14,75.78428571428572,Waiting,114.18
921,2020-07-07 11:15:00,10728.6,67.79,75.0607142857143,Waiting,113.52
922,2020-07-07 12:15:00,10766.7,76.72,75.47285714285714,Waiting,113.99
923,2020-07-07 13:15:00,10769.4,75.91,75.80999999999999,Waiting,114.25
924,2020-07-07 14:15:00,10797.3,77.56,76.26214285714286,Waiting,114.3
925,2020-07-07 15:15:00,10799.65,77.67,76.63785714285714,Waiting,114.55
926,2020-07-08 09:15:00,10788.4,61.29,75.72357142857143,Waiting,114.92
927,2020-07-08 10:15:00,10795.3,60.34,74.31214285714286,Waiting,114.94
928,2020-07-08 11:15:00,10791.7,56.17,72.73642857142858,Waiting,114.48
929,2020-07-08 12:15:00,10807.9,53.28,70.85785714285714,Waiting,114.89
930,2020-07-08 13:15:00,10823.1,64.43,70.27285714285713,Waiting,115.13
931,2020-07-08 14:15:00,10708.85,40.44,67.32214285714285,Waiting,114.13
932,2020-07-08 15:15:00,10705.75,40.32,64.42071428571428,Waiting,113.85
933,2020-07-09 09:15:00,10781.05,50.84,62.42142857142857,Waiting,114.4
934,2020-07-09 10:15:00,10776.5,56.6,61.38285714285714,Waiting,114.5
935,2020-07-09 11:15:00,10775.15,57.21,60.627142857142864,Waiting,114.54
936,2020-07-09 12:15:00,10765.25,49.75,58.70071428571429,Waiting,114.67
937,2020-07-09 13:15:00,10798.4,54.46,57.16857142857143,Waiting,114.9
938,2020-07-09 14:15:00,10811.25,52.25,55.36071428571428,Waiting,115.0
939,2020-07-09 15:15:00,10813.45,52.23,53.54357142857143,Waiting,115.1
940,2020-07-10 09:15:00,10808.9,53.38,52.97857142857144,Waiting,114.64
941,2020-07-10 10:15:00,10752.05,43.87,51.80214285714286,Waiting,114.39
942,2020-07-10 11:15:00,10748.45,43.87,50.92357142857143,Waiting,114.28
943,2020-07-10 12:15:00,10756.7,42.58,50.15928571428572,Waiting,114.14
944,2020-07-10 13:15:00,10751.0,39.26,48.361428571428576,Waiting,114.42
945,2020-07-10 14:15:00,10761.1,61.29,49.85071428571428,Waiting,114.22
946,2020-07-10 15:15:00,10768.05,63.24,51.487857142857145,Waiting,114.38
947,2020-07-13 09:15:00,10857.6,65.34,52.52357142857143,Waiting,115.32
948,2020-07-13 10:15:00,10835.1,60.95,52.83428571428571,Waiting,115.31
949,2020-07-13 11:15:00,10807.25,55.46,52.70928571428571,Waiting,115.12
950,2020-07-13 12:15:00,10811.25,57.98,53.29714285714285,Waiting,115.04
951,2020-07-13 13:15:00,10785.2,47.65,52.81071428571429,Waiting,114.61
952,2020-07-13 14:15:00,10796.5,47.36,52.46142857142858,Waiting,114.86
953,2020-07-13 15:15:00,10802.7,48.1,52.166428571428575,Waiting,114.95
954,2020-07-14 09:15:00,10717.65,37.46,51.02928571428571,Waiting,113.8
955,2020-07-15 09:15:00,10756.3,50.61,51.510714285714286,Waiting,114.04
956,2020-07-15 10:15:00,10800.35,56.72,52.42857142857143,Waiting,114.56
957,2020-07-15 11:15:00,10784.1,53.48,53.207142857142856,Waiting,114.89
958,2020-07-15 12:15:00,10793.7,55.36,54.35714285714285,Waiting,114.39
959,2020-07-15 13:15:00,10786.2,53.17,53.777142857142856,Waiting,114.79
960,2020-07-15 14:15:00,10600.2,35.39,51.78785714285714,Waiting,113.75
961,2020-07-15 15:15:00,10618.2,26.2,48.99214285714286,Waiting,112.97
962,2020-07-16 09:15:00,10670.4,34.54,47.105714285714285,,113.15
963,2020-07-16 10:15:00,10650.85,35.09,45.65071428571429,,113.39
964,2020-07-16 11:15:00,10650.55,34.57,43.97857142857142,,113.36
965,2020-07-16 12:15:00,10645.3,36.01,43.14714285714285,,113.26
966,2020-07-16 13:15:00,10660.15,36.46,42.36857142857143,,113.39
967,2020-07-16 14:15:00,10746.05,45.14,42.15714285714285,,113.45
968,2020-07-16 15:15:00,10739.95,52.21,43.21071428571429,,114.08
969,2020-07-17 09:15:00,10808.95,54.92,43.51857142857143,,114.62
970,2020-07-17 10:15:00,10811.85,51.17,43.12214285714286,,114.79
971,2020-07-17 11:15:00,10817.95,53.5,43.12357142857143,,114.81
972,2020-07-17 12:15:00,10802.15,50.86,42.80214285714286,,115.0
973,2020-07-17 13:15:00,10834.8,54.72,42.91285714285714,,114.95
974,2020-07-17 14:15:00,10900.9,88.09,46.67714285714286,,115.26
975,2020-07-17 15:15:00,10901.7,87.55,51.05928571428571,,115.81
976,2020-07-20 09:15:00,10999.45,88.89,54.941428571428574,,116.58
977,2020-07-20 10:15:00,10981.95,89.32,58.815,,116.69
978,2020-07-20 11:15:00,10978.95,88.75,62.685,,116.5
979,2020-07-20 12:15:00,10996.3,90.27,66.56071428571428,,116.65
980,2020-07-20 13:15:00,11021.65,90.5,70.42071428571428,,116.47
981,2020-07-20 14:15:00,11032.2,88.57,73.52285714285713,,117.09
982,2020-07-20 15:15:00,11022.2,87.65,76.05428571428571,,117.06
983,2020-07-21 09:15:00,11125.0,88.67,78.465,,118.35
984,2020-07-21 10:15:00,11134.7,88.86,81.15714285714286,,118.29
985,2020-07-21 11:15:00,11152.75,89.17,83.705,,118.34
986,2020-07-21 12:15:00,11165.35,92.81,86.70142857142858,,118.41
987,2020-07-21 13:15:00,11143.5,87.34,89.03142857142858,,118.36
988,2020-07-21 14:15:00,11164.7,85.79,88.86714285714285,,118.6
989,2020-07-21 15:15:00,11162.25,85.2,88.69928571428571,,118.54
990,2020-07-22 09:15:00,11141.35,74.19,87.64928571428572,,118.05
991,2020-07-22 10:15:00,11175.95,81.25,87.07285714285715,,118.39
992,2020-07-22 11:15:00,11176.85,82.1,86.59785714285714,,118.54
993,2020-07-22 12:15:00,11138.15,71.52,85.25857142857141,,118.57
994,2020-07-22 13:15:00,11088.85,59.5,83.0442857142857,,117.98
995,2020-07-22 14:15:00,11133.9,63.1,81.22500000000001,,117.36
996,2020-07-22 15:15:00,11132.6,64.55,79.575,,118.39
997,2020-07-23 09:15:00,11155.15,55.04,77.17285714285715,,118.51
998,2020-07-23 10:15:00,11192.2,58.81,75.02642857142858,,118.58
999,2020-07-23 11:15:00,11208.9,58.63,72.845,,118.96
1000,2020-07-23 12:15:00,11199.85,55.36,70.17,,118.88
1001,2020-07-23 13:15:00,11217.9,61.71,68.33928571428571,,119.0
1002,2020-07-23 14:15:00,11213.1,58.03,66.35642857142857,,118.94
1003,2020-07-23 15:15:00,11215.45,58.83,64.47285714285714,,119.08
1004,2020-07-24 09:15:00,11161.7,53.05,62.962857142857146,,118.34
1005,2020-07-24 10:15:00,11118.3,41.59,60.13,,118.06
1006,2020-07-24 11:15:00,11129.55,43.31,57.35928571428571,,118.15
1007,2020-07-24 12:15:00,11109.55,45.73,55.51714285714286,,117.97
1008,2020-07-24 13:15:00,11184.25,63.25,55.785,,118.14
1009,2020-07-24 14:15:00,11202.8,60.33,55.58714285714286,,118.72
1010,2020-07-24 15:15:00,11194.15,59.03,55.19285714285714,,118.99
1011,2020-07-27 09:15:00,11113.6,44.79,54.46071428571428,,118.36
1012,2020-07-27 10:15:00,11129.7,41.73,53.24071428571428,,118.28
1013,2020-07-27 11:15:00,11153.55,42.81,52.11071428571429,,118.19
1014,2020-07-27 12:15:00,11167.5,45.85,51.431428571428576,,118.58
1015,2020-07-27 13:15:00,11160.1,42.38,50.050714285714285,,118.74
1016,2020-07-27 14:15:00,11127.5,39.49,48.72642857142858,,118.65
1017,2020-07-27 15:15:00,11131.8,39.78,47.36571428571428,,118.39
1018,2020-07-28 09:15:00,11172.2,51.33,47.24285714285714,,119.08
1019,2020-07-28 10:15:00,11186.7,59.32,48.50928571428572,,118.86
1020,2020-07-28 11:15:00,11235.55,63.11,49.92357142857144,,119.07
1021,2020-07-28 12:15:00,11240.05,66.78,51.42714285714286,,119.6
1022,2020-07-28 13:15:00,11254.65,60.71,51.24571428571429,,119.58
1023,2020-07-28 14:15:00,11301.9,63.86,51.49785714285714,,119.9
1024,2020-07-28 15:15:00,11300.55,65.19,51.93785714285714,,120.02
1025,2020-07-29 09:15:00,11281.45,79.06,54.38571428571429,,119.9
1026,2020-07-29 10:15:00,11261.1,72.42,56.57785714285715,,119.75
1027,2020-07-29 11:15:00,11281.75,72.12,58.67142857142857,,120.2
1028,2020-07-29 12:15:00,11281.0,70.52,60.43357142857143,,119.96
1029,2020-07-29 13:15:00,11204.25,56.38,61.43357142857143,,119.9
1030,2020-07-29 14:15:00,11206.35,62.5,63.07714285714285,,119.04
1031,2020-07-29 15:15:00,11202.85,61.29,64.61357142857143,,119.26
1032,2020-07-30 09:15:00,11277.75,65.12,65.59857142857143,,119.67
1033,2020-07-30 10:15:00,11290.75,64.96,66.00142857142858,,119.84
1034,2020-07-30 11:15:00,11279.85,57.15,65.57571428571428,,119.74
1035,2020-07-30 12:15:00,11184.25,43.04,63.88,,119.41
1036,2020-07-30 13:15:00,11128.4,35.72,62.09499999999999,,118.78
1037,2020-07-30 14:15:00,11107.6,26.62,59.435,Buy,118.03
1038,2020-07-30 15:15:00,11102.15,26.36,56.66142857142857,Hold,117.83
1039,2020-07-31 09:15:00,11083.4,26.39,52.89928571428571,Hold,118.46
1040,2020-07-31 10:15:00,11096.0,29.94,49.865,Hold,118.21
1041,2020-07-31 11:15:00,11093.45,26.07,46.57571428571429,Hold,117.86
1042,2020-07-31 12:15:00,11080.6,25.3,43.34571428571429,Hold,117.88
1043,2020-07-31 13:15:00,11093.85,33.86,41.737142857142864,Hold,117.54
1044,2020-07-31 14:15:00,11070.15,31.28,39.50714285714286,Hold,117.93
1045,2020-07-31 15:15:00,11073.45,32.2,37.42928571428571,Hold,118.02
1046,2020-08-03 09:15:00,10952.45,10.29,33.51285714285714,Hold,117.05
1047,2020-08-03 10:15:00,10965.8,10.37,29.61357142857143,Hold,116.92
1048,2020-08-03 11:15:00,10966.9,10.9,26.31,Hold,117.1
1049,2020-08-03 12:15:00,10925.3,12.6,24.135714285714283,Hold,116.54
1050,2020-08-03 13:15:00,10911.35,14.33,22.607857142857146,Hold,116.62
1051,2020-08-03 14:15:00,10892.65,14.43,21.737142857142857,Hold,116.25
1052,2020-08-03 15:15:00,10891.6,14.64,20.9,Hold,116.17
1053,2020-08-04 09:15:00,10989.75,37.58,21.699285714285715,Hold,116.52
1054,2020-08-04 10:15:00,11005.9,38.17,22.287142857142857,Hold,117.12
1055,2020-08-04 11:15:00,11064.15,46.64,23.75642857142857,Hold,117.48
1056,2020-08-04 12:15:00,11055.85,47.13,25.31571428571429,Hold,117.5
1057,2020-08-04 13:15:00,11051.6,45.0,26.11142857142857,Hold,117.25
1058,2020-08-04 14:15:00,11096.4,52.96,27.66,Hold,117.98
1059,2020-08-04 15:15:00,11095.25,52.47,29.107857142857146,Hold,118.0
1060,2020-08-05 09:15:00,11212.6,79.69,34.065000000000005,Sell,118.95
1061,2020-08-05 10:15:00,11190.8,75.19,38.695,Waiting,119.0
1062,2020-08-05 11:15:00,11119.4,64.75,42.541428571428575,Waiting,118.4
1063,2020-08-05 12:15:00,11117.7,70.17,46.65357142857143,Waiting,118.41
1064,2020-08-05 13:15:00,11104.65,70.3,50.651428571428575,Waiting,118.11
1065,2020-08-05 14:15:00,11103.9,73.05,54.83857142857143,Waiting,118.19
1066,2020-08-05 15:15:00,11101.65,72.86,58.99714285714286,Waiting,118.29
1067,2020-08-06 09:15:00,11164.95,70.64,61.35857142857143,Waiting,118.57
1068,2020-08-06 10:15:00,11164.7,69.43,63.59142857142857,Waiting,118.85
1069,2020-08-06 11:15:00,11161.8,63.82,64.81857142857143,Waiting,118.76
1070,2020-08-06 12:15:00,11251.05,72.48,66.62928571428571,Waiting,119.15
1071,2020-08-06 13:15:00,11208.6,66.62,68.17357142857144,Waiting,119.25
1072,2020-08-06 14:15:00,11200.45,61.94,68.81500000000001,Waiting,118.81
1073,2020-08-06 15:15:00,11200.15,62.06,69.5,Waiting,119.02
1074,2020-08-07 09:15:00,11202.15,48.36,67.26214285714286,Waiting,119.01
1075,2020-08-07 10:15:00,11181.75,48.58,65.36142857142856,Waiting,118.85
1076,2020-08-07 11:15:00,11194.3,64.44,65.33928571428571,Waiting,119.0
1077,2020-08-07 12:15:00,11195.6,65.04,64.97285714285714,Waiting,119.02
1078,2020-08-07 13:15:00,11197.6,68.75,64.86214285714286,Waiting,119.21
1079,2020-08-07 14:15:00,11213.45,70.83,64.70357142857144,Waiting,119.3
1080,2020-08-07 15:15:00,11214.05,71.51,64.60714285714286,Waiting,119.35
1081,2020-08-10 09:15:00,11308.1,74.51,64.88357142857143,Waiting,120.22
1082,2020-08-10 10:15:00,11324.55,75.93,65.34785714285715,Waiting,120.09
1083,2020-08-10 11:15:00,11314.45,74.2,66.08928571428571,Waiting,120.23
1084,2020-08-10 12:15:00,11308.4,62.35,65.36571428571429,Waiting,120.22
1085,2020-08-10 13:15:00,11255.75,59.72,64.87285714285714,Waiting,120.05
1086,2020-08-10 14:15:00,11268.35,63.75,65.00214285714286,Waiting,119.95
1087,2020-08-10 15:15:00,11270.15,64.09,65.14714285714287,Waiting,119.97
1088,2020-08-11 09:15:00,11344.6,72.2,66.85,Waiting,120.63
1089,2020-08-11 10:15:00,11325.85,72.57,68.56357142857142,Waiting,120.6
1090,2020-08-11 11:15:00,11320.05,70.12,68.96928571428572,Waiting,120.44
1091,2020-08-11 12:15:00,11352.55,72.84,69.52642857142858,Waiting,120.32
1092,2020-08-11 13:15:00,11353.25,72.73,69.8107142857143,Waiting,120.46
1093,2020-08-11 14:15:00,11323.2,65.39,69.42214285714286,Waiting,120.6
1094,2020-08-11 15:15:00,11322.5,65.2,68.97142857142858,Waiting,120.44
1095,2020-08-12 09:15:00,11271.05,44.1,66.79928571428572,Waiting,119.83
1096,2020-08-12 10:15:00,11293.05,45.07,64.595,Waiting,119.74
1097,2020-08-12 11:15:00,11289.8,46.06,62.585,Waiting,120.1
1098,2020-08-12 12:15:00,11312.9,50.68,61.751428571428576,Waiting,120.1
1099,2020-08-12 13:15:00,11305.9,58.82,61.68714285714286,Waiting,120.1
1100,2020-08-12 14:15:00,11310.05,57.56,61.245000000000005,Waiting,120.35
1101,2020-08-12 15:15:00,11308.4,56.94,60.73428571428571,Waiting,120.33
1102,2020-08-13 09:15:00,11337.2,48.39,59.03357142857143,Waiting,120.65
1103,2020-08-13 10:15:00,11347.75,54.94,57.77428571428572,Waiting,120.61
1104,2020-08-13 11:15:00,11300.8,46.34,56.07571428571429,Waiting,120.23
1105,2020-08-13 12:15:00,11304.75,39.8,53.71571428571429,Waiting,120.24
1106,2020-08-13 13:15:00,11306.8,40.14,51.387857142857136,Waiting,120.46
1107,2020-08-13 14:15:00,11297.65,44.05,49.86357142857143,Waiting,120.36
1108,2020-08-13 15:15:00,11300.45,44.92,48.415000000000006,Waiting,120.49
1109,2020-08-14 09:15:00,11345.85,67.74,50.10357142857144,Waiting,120.77
1110,2020-08-14 10:15:00,11324.7,57.54,50.99428571428571,Waiting,120.6
1111,2020-08-14 11:15:00,11355.25,63.79,52.260714285714286,Waiting,120.68
1112,2020-08-14 12:15:00,11326.55,52.81,52.41285714285714,Waiting,120.82
1113,2020-08-14 13:15:00,11188.35,34.29,50.660714285714285,Waiting,120.05
1114,2020-08-14 14:15:00,11178.0,32.64,48.88071428571429,Waiting,119.08
1115,2020-08-14 15:15:00,11178.4,32.85,47.16,Waiting,119.26
1116,2020-08-17 09:15:00,11200.65,31.67,45.96571428571429,Waiting,119.22
1117,2020-08-17 10:15:00,11203.6,30.25,44.20214285714285,Waiting,119.76
1118,2020-08-17 11:15:00,11216.65,37.29,43.555714285714295,Waiting,119.48
1119,2020-08-17 12:15:00,11212.75,36.1,43.29142857142857,Waiting,119.58
1120,2020-08-17 13:15:00,11199.4,34.31,42.875,Waiting,119.65
1121,2020-08-17 14:15:00,11241.7,42.55,42.767857142857146,Waiting,119.59
1122,2020-08-17 15:15:00,11247.1,42.94,42.62642857142857,Waiting,119.88
1123,2020-08-18 09:15:00,11317.65,46.5,41.10928571428571,Waiting,120.3
1124,2020-08-18 10:15:00,11318.1,49.14,40.50928571428572,Waiting,120.44
1125,2020-08-18 11:15:00,11306.45,43.29,39.045,Waiting,120.32
1126,2020-08-18 12:15:00,11320.05,49.07,38.77785714285714,Waiting,120.21
1127,2020-08-18 13:15:00,11366.05,84.68,42.37714285714286,Waiting,120.4
1128,2020-08-18 14:15:00,11383.5,89.02,46.40428571428572,Waiting,120.88
1129,2020-08-18 15:15:00,11385.35,89.08,50.42071428571428,Waiting,120.97
1130,2020-08-19 09:15:00,11431.65,89.99,54.58642857142858,Waiting,121.53
1131,2020-08-19 10:15:00,11419.5,86.22,58.58428571428572,Waiting,121.45
1132,2020-08-19 11:15:00,11426.7,85.95,62.06,Waiting,121.41
1133,2020-08-19 12:15:00,11436.15,87.52,65.73285714285714,Waiting,121.5
1134,2020-08-19 13:15:00,11445.2,91.89,69.8457142857143,Waiting,121.48
1135,2020-08-19 14:15:00,11403.9,77.74,72.35928571428572,Waiting,121.46
1136,2020-08-19 15:15:00,11408.4,77.67,74.84,Waiting,121.13
1137,2020-08-20 09:15:00,11331.2,52.27,75.25214285714286,Waiting,120.4
1138,2020-08-20 10:15:00,11333.15,52.51,75.49285714285715,Waiting,120.56
1139,2020-08-20 11:15:00,11336.9,55.22,76.345,Waiting,120.47
1140,2020-08-20 12:15:00,11332.1,52.13,76.56357142857142,Waiting,120.06
1141,2020-08-20 13:15:00,11310.5,39.26,73.31928571428571,Waiting,120.38
1142,2020-08-20 14:15:00,11310.4,34.85,69.45,Waiting,120.44
1143,2020-08-20 15:15:00,11312.2,34.83,65.575,Waiting,120.42
1144,2020-08-21 09:15:00,11385.1,41.31,62.09785714285714,Waiting,121.33
1145,2020-08-21 10:15:00,11390.65,44.48,59.11642857142857,Waiting,121.29
1146,2020-08-21 11:15:00,11396.25,44.13,56.12928571428572,Waiting,121.11
1147,2020-08-21 12:15:00,11395.65,41.92,52.872142857142855,Waiting,121.3
1148,2020-08-21 13:15:00,11400.4,40.91,49.23071428571428,Waiting,121.24
1149,2020-08-21 14:15:00,11369.05,42.63,46.72285714285715,Waiting,121.27
1150,2020-08-21 15:15:00,11371.6,42.15,44.18571428571429,Waiting,121.11
1151,2020-08-24 09:15:00,11444.2,74.58,45.77928571428571,Waiting,121.59
1152,2020-08-24 10:15:00,11430.8,70.23,47.045,Waiting,121.58
1153,2020-08-24 11:15:00,11449.05,71.92,48.23785714285714,Waiting,121.57
1154,2020-08-24 12:15:00,11478.55,76.1,49.95,Waiting,122.0
1155,2020-08-24 13:15:00,11475.3,81.43,52.96214285714286,Waiting,121.94
1156,2020-08-24 14:15:00,11467.3,79.04,56.11857142857143,Waiting,122.12
1157,2020-08-24 15:15:00,11466.45,78.66,59.24928571428571,Waiting,121.9
1158,2020-08-25 09:15:00,11498.0,74.78,61.64,Waiting,122.24
1159,2020-08-25 10:15:00,11465.3,64.64,63.08,Waiting,121.84
1160,2020-08-25 11:15:00,11483.7,66.33,64.66571428571429,Waiting,121.85
1161,2020-08-25 12:15:00,11475.7,64.55,66.28214285714286,Waiting,121.99
1162,2020-08-25 13:15:00,11439.45,56.37,67.38642857142858,Waiting,122.06
1163,2020-08-25 14:15:00,11470.35,66.54,69.0942857142857,Waiting,121.62
1164,2020-08-25 15:15:00,11472.25,66.47,70.83142857142857,Waiting,121.93
1165,2020-08-26 09:15:00,11465.65,54.48,69.39571428571429,Waiting,122.15
1166,2020-08-26 10:15:00,11482.45,60.63,68.71000000000001,Waiting,122.07
1167,2020-08-26 11:15:00,11477.75,56.26,67.59142857142857,Waiting,122.04
1168,2020-08-26 12:15:00,11493.7,53.51,65.97785714285715,Waiting,122.1
1169,2020-08-26 13:15:00,11509.7,57.52,64.27,Waiting,122.02
1170,2020-08-26 14:15:00,11551.25,66.01,63.33928571428572,Waiting,122.75
1171,2020-08-26 15:15:00,11549.6,65.81,62.42142857142858,Waiting,122.75
1172,2020-08-27 09:15:00,11596.7,67.72,61.91714285714285,Waiting,123.16
1173,2020-08-27 10:15:00,11596.2,76.57,62.76928571428572,Waiting,123.16
1174,2020-08-27 11:15:00,11601.9,75.3,63.41,Waiting,123.29
1175,2020-08-27 12:15:00,11581.4,71.48,63.905,Waiting,123.25
1176,2020-08-27 13:15:00,11580.0,83.27,65.82642857142856,Waiting,122.93
1177,2020-08-27 14:15:00,11555.6,70.82,66.13214285714285,Waiting,122.94
1178,2020-08-27 15:15:00,11559.25,71.07,66.46071428571427,Waiting,122.91
1179,2020-08-28 09:15:00,11603.75,78.25,68.15857142857142,Waiting,123.53
1180,2020-08-28 10:15:00,11635.2,79.48,69.505,Waiting,123.36
1181,2020-08-28 11:15:00,11662.25,82.78,71.39928571428571,Waiting,124.03
1182,2020-08-28 12:15:00,11632.6,73.53,72.8292857142857,Waiting,123.95
1183,2020-08-28 13:15:00,11654.15,74.02,74.00785714285713,Waiting,123.82
1184,2020-08-28 14:15:00,11643.7,67.15,74.08928571428571,Waiting,124.07
1185,2020-08-28 15:15:00,11647.6,68.03,74.24785714285714,Waiting,124.04
1186,2020-08-31 09:15:00,11753.05,73.68,74.67357142857144,Waiting,125.05
1187,2020-08-31 10:15:00,11654.75,56.84,73.26428571428572,Waiting,124.55
1188,2020-08-31 11:15:00,11578.7,47.67,71.29071428571429,Waiting,122.95
1189,2020-08-31 12:15:00,11511.05,43.55,69.29571428571428,Waiting,123.19
1190,2020-08-31 13:15:00,11430.4,38.03,66.06428571428572,Waiting,121.6
1191,2020-08-31 14:15:00,11402.4,37.81,63.70642857142857,Waiting,120.77
1192,2020-08-31 15:15:00,11387.5,36.57,61.24214285714286,Waiting,121.03
1193,2020-09-01 09:15:00,11444.4,37.78,58.35142857142858,Waiting,122.09
1194,2020-09-01 10:15:00,11412.2,32.92,55.02571428571429,Waiting,121.78
1195,2020-09-01 11:15:00,11467.4,35.69,51.66214285714286,Waiting,122.09
1196,2020-09-01 12:15:00,11537.65,43.42,49.51142857142857,Waiting,122.16
1197,2020-09-01 13:15:00,11486.1,38.82,46.99714285714286,Waiting,122.32
1198,2020-09-01 14:15:00,11477.4,38.91,44.98,Waiting,121.85
1199,2020-09-01 15:15:00,11470.25,38.22,42.85071428571429,Waiting,122.15
1200,2020-09-02 09:15:00,11471.05,28.25,39.605714285714285,Waiting,122.1
1201,2020-09-02 10:15:00,11468.55,33.15,37.91357142857142,,121.87
1202,2020-09-02 11:15:00,11474.75,39.23,37.31071428571429,,122.18
1203,2020-09-02 12:15:00,11472.8,45.41,37.44357142857143,,121.95
1204,2020-09-02 13:15:00,11506.05,60.24,39.03,,121.99
1205,2020-09-02 14:15:00,11529.8,67.44,41.146428571428565,,122.67
1206,2020-09-02 15:15:00,11535.0,70.74,43.58714285714286,,122.75
1207,2020-09-03 09:15:00,11561.15,67.97,45.74357142857143,,122.8
1208,2020-09-03 10:15:00,11557.25,74.46,48.71071428571429,,122.86
1209,2020-09-03 11:15:00,11519.5,59.33,50.39928571428571,,122.62
1210,2020-09-03 12:15:00,11552.55,53.08,51.08928571428572,,122.79
1211,2020-09-03 13:15:00,11541.65,63.8,52.87357142857143,,123.06
1212,2020-09-03 14:15:00,11525.95,61.66,54.498571428571424,,122.96
1213,2020-09-03 15:15:00,11527.45,64.12,56.34857142857143,,122.9
1214,2020-09-04 09:15:00,11402.95,39.56,57.15642857142857,,121.23
1215,2020-09-04 10:15:00,11404.4,40.14,57.65571428571428,,121.3
1216,2020-09-04 11:15:00,11398.85,38.31,57.59,,121.5
1217,2020-09-04 12:15:00,11435.5,44.81,57.54714285714285,,121.5
1218,2020-09-04 13:15:00,11394.65,34.82,55.73142857142857,,121.72
1219,2020-09-04 14:15:00,11343.25,26.36,52.79714285714285,Buy,120.88
1220,2020-09-04 15:15:00,11333.85,24.78,49.51428571428572,Hold,121.12
1221,2020-09-07 09:15:00,11314.65,18.54,45.98357142857143,Hold,120.29
1222,2020-09-07 10:15:00,11320.7,19.98,42.09214285714285,Hold,120.7
1223,2020-09-07 11:15:00,11322.3,22.44,39.457142857142856,Hold,120.98
1224,2020-09-07 12:15:00,11334.6,17.67,36.92785714285714,Hold,120.97
1225,2020-09-07 13:15:00,11344.2,20.6,33.84214285714286,Hold,121.1
1226,2020-09-07 14:15:00,11356.55,24.52,31.189285714285717,Hold,120.71
1227,2020-09-07 15:15:00,11355.05,24.07,28.32857142857143,Hold,121.27
1228,2020-09-08 09:15:00,11383.9,45.98,28.787142857142857,Hold,121.26
1229,2020-09-08 10:15:00,11406.4,50.39,29.51928571428571,Hold,121.8
1230,2020-09-08 11:15:00,11411.4,52.44,30.52857142857143,Hold,121.74
1231,2020-09-08 12:15:00,11411.8,44.64,30.516428571428573,Hold,121.99
1232,2020-09-08 13:15:00,11411.7,54.73,31.93857142857143,Hold,121.65
1233,2020-09-08 14:15:00,11325.4,45.85,33.330714285714286,Hold,121.29
1234,2020-09-08 15:15:00,11317.35,46.14,34.85642857142857,Hold,120.85
1235,2020-09-09 09:15:00,11240.5,36.34,36.127857142857145,Hold,120.1
1236,2020-09-09 10:15:00,11238.6,34.64,37.175,Hold,120.0
1237,2020-09-09 11:15:00,11196.8,29.59,37.68571428571429,Hold,119.84
1238,2020-09-09 12:15:00,11240.65,36.15,39.00571428571429,Hold,119.85
1239,2020-09-09 13:15:00,11233.25,33.53,39.92928571428571,Hold,120.16
1240,2020-09-09 14:15:00,11280.75,39.81,41.02142857142858,Hold,120.36
1241,2020-09-09 15:15:00,11278.0,39.68,42.13642857142857,Hold,120.34
1242,2020-09-10 09:15:00,11360.1,47.21,42.22428571428571,Hold,120.9
1243,2020-09-10 10:15:00,11404.7,49.81,42.18285714285714,Hold,121.3
1244,2020-09-10 11:15:00,11410.25,49.87,41.99928571428571,Hold,121.63
1245,2020-09-10 12:15:00,11399.15,48.62,42.28357142857143,Hold,121.7
1246,2020-09-10 13:15:00,11385.35,47.22,41.74714285714286,Hold,121.33
1247,2020-09-10 14:15:00,11452.55,63.99,43.04285714285714,Hold,121.75
1248,2020-09-10 15:15:00,11449.25,64.67,44.36642857142857,Hold,121.94
1249,2020-09-11 09:15:00,11457.65,78.48,47.37642857142857,Sell,121.82
1250,2020-09-11 10:15:00,11457.65,78.87,50.535714285714285,Waiting,121.95
1251,2020-09-11 11:15:00,11454.95,87.94,54.70357142857143,Waiting,121.82
1252,2020-09-11 12:15:00,11429.7,79.39,57.792142857142856,Waiting,121.99
1253,2020-09-11 13:15:00,11459.75,82.89,61.31785714285714,Waiting,121.78
1254,2020-09-11 14:15:00,11470.45,80.85,64.24928571428572,Waiting,121.99
1255,2020-09-11 15:15:00,11464.45,80.0,67.12928571428571,Waiting,122.13
1256,2020-09-14 09:15:00,11530.05,78.88,69.39142857142858,Waiting,122.82
1257,2020-09-14 10:15:00,11540.75,76.13,71.27142857142857,Waiting,122.92
1258,2020-09-14 11:15:00,11553.25,76.75,73.19142857142857,Waiting,123.0
1259,2020-09-14 12:15:00,11536.85,75.26,75.0942857142857,Waiting,123.04
1260,2020-09-14 13:15:00,11442.55,58.1,75.87142857142858,Waiting,122.78
1261,2020-09-14 14:15:00,11446.5,48.96,74.79785714285715,Waiting,121.95
1262,2020-09-14 15:15:00,11440.05,48.43,73.63785714285714,Waiting,122.03
1263,2020-09-15 09:15:00,11484.95,54.14,71.89928571428571,Waiting,122.5
1264,2020-09-15 10:15:00,11464.2,50.94,69.9042857142857,Waiting,122.26
1265,2020-09-15 11:15:00,11487.05,54.33,67.50357142857142,Waiting,122.55
1266,2020-09-15 12:15:00,11478.95,56.97,65.90214285714286,Waiting,122.62
1267,2020-09-15 13:15:00,11517.95,58.03,64.12642857142858,Waiting,122.62
1268,2020-09-15 14:15:00,11520.8,57.1,62.43,Waiting,122.9
1269,2020-09-15 15:15:00,11521.8,58.21,60.873571428571424,Waiting,123.06
1270,2020-09-16 09:15:00,11544.3,52.33,58.97714285714285,Waiting,122.94
1271,2020-09-16 10:15:00,11540.35,49.93,57.105714285714285,Waiting,123.13
1272,2020-09-16 11:15:00,11546.0,48.76,55.10642857142857,Waiting,123.1
1273,2020-09-16 12:15:00,11563.7,54.57,53.62857142857143,Waiting,123.24
1274,2020-09-16 13:15:00,11590.0,82.63,55.38071428571429,Waiting,123.42
1275,2020-09-16 14:15:00,11601.15,83.17,57.82428571428572,Waiting,123.66
1276,2020-09-16 15:15:00,11604.55,85.75,60.49,Waiting,123.71
1277,2020-09-17 09:15:00,11568.95,69.02,61.55285714285714,Waiting,123.12
1278,2020-09-17 10:15:00,11569.3,76.22,63.35857142857143,Waiting,123.25
1279,2020-09-17 11:15:00,11520.0,57.26,63.567857142857136,Waiting,122.72
1280,2020-09-17 12:15:00,11525.6,60.4,63.81285714285714,Waiting,122.6
1281,2020-09-17 13:15:00,11532.0,53.66,63.50071428571429,Waiting,122.65
1282,2020-09-17 14:15:00,11523.15,50.59,63.035714285714285,Waiting,122.9
1283,2020-09-17 15:15:00,11516.1,48.6,62.34928571428571,Waiting,122.72
1284,2020-09-18 09:15:00,11565.0,54.5,62.50428571428571,Waiting,123.1
1285,2020-09-18 10:15:00,11546.1,51.17,62.59285714285714,Waiting,123.08
1286,2020-09-18 11:15:00,11557.85,52.36,62.85,Waiting,123.16
1287,2020-09-18 12:15:00,11560.35,49.29,62.47285714285714,Waiting,123.11
1288,2020-09-18 13:15:00,11568.4,45.04,59.78785714285714,Waiting,123.28
1289,2020-09-18 14:15:00,11508.4,32.61,56.176428571428566,Waiting,122.38
1290,2020-09-18 15:15:00,11504.95,31.33,52.28928571428572,Waiting,122.62
1291,2020-09-21 09:15:00,11488.45,33.74,49.76928571428572,Waiting,122.51
1292,2020-09-21 10:15:00,11483.25,32.96,46.67928571428571,Waiting,122.64
1293,2020-09-21 11:15:00,11500.15,45.49,45.83857142857143,Waiting,122.41
1294,2020-09-21 12:15:00,11448.65,35.53,44.06214285714286,Waiting,122.0
1295,2020-09-21 13:15:00,11318.15,22.59,41.84285714285714,Waiting,121.46
1296,2020-09-21 14:15:00,11261.85,20.14,39.66785714285714,Buy,120.5
1297,2020-09-21 15:15:00,11250.55,19.94,37.62071428571429,Hold,119.92
1298,2020-09-22 09:15:00,11159.75,8.11,34.30714285714286,Hold,118.98
1299,2020-09-22 10:15:00,11137.3,8.05,31.22714285714286,Hold,119.14
1300,2020-09-22 11:15:00,11169.9,11.82,28.33142857142857,Hold,119.06
1301,2020-09-22 12:15:00,11188.0,14.45,25.842857142857145,Hold,119.2
1302,2020-09-22 13:15:00,11147.6,12.16,23.494285714285716,Hold,119.6
1303,2020-09-22 14:15:00,11161.5,15.98,22.30642857142857,Hold,118.7
1304,2020-09-22 15:15:00,11153.65,15.85,21.200714285714287,Hold,118.91
1305,2020-09-23 09:15:00,11195.8,22.9,20.426428571428573,Hold,119.56
1306,2020-09-23 10:15:00,11222.8,26.82,19.98785714285714,Hold,119.65
1307,2020-09-23 11:15:00,11138.75,21.27,18.25785714285714,Hold,119.6
1308,2020-09-23 12:15:00,11127.55,22.72,17.34285714285714,Hold,118.7
1309,2020-09-23 13:15:00,11054.95,25.2,17.529285714285717,Hold,118.12
1310,2020-09-23 14:15:00,11135.25,38.59,18.84714285714286,Hold,118.48
1311,2020-09-23 15:15:00,11131.85,39.15,20.219285714285714,Hold,118.95
1312,2020-09-24 09:15:00,10975.3,34.94,22.135714285714283,Hold,117.46
1313,2020-09-24 10:15:00,10929.0,33.63,23.96285714285714,Hold,116.93
1314,2020-09-24 11:15:00,10924.55,29.83,25.249285714285715,Hold,116.88
1315,2020-09-24 12:15:00,10941.9,29.74,26.34142857142857,Hold,116.58
1316,2020-09-24 13:15:00,10899.2,29.63,27.589285714285715,Hold,116.6
1317,2020-09-24 14:15:00,10800.45,24.01,28.162857142857145,Hold,116.3
1318,2020-09-24 15:15:00,10805.55,24.84,28.805,Hold,115.76
1319,2020-09-25 09:15:00,10885.2,28.71,29.22,Hold,116.71
1320,2020-09-25 10:15:00,10918.45,29.31,29.39785714285714,Hold,116.28
1321,2020-09-25 11:15:00,10976.7,38.59,30.635,Hold,116.57
1322,2020-09-25 12:15:00,10980.8,39.56,31.837857142857143,Hold,117.49
1323,2020-09-25 13:15:00,11024.7,47.76,33.449285714285715,Hold,117.2
1324,2020-09-25 14:15:00,11056.15,43.67,33.81214285714286,Hold,117.8
1325,2020-09-25 15:15:00,11050.25,43.5,34.12285714285714,Hold,117.87
1326,2020-09-28 09:15:00,11163.0,66.07,36.346428571428575,Hold,118.87
1327,2020-09-28 10:15:00,11195.4,73.37,39.185,Sell,119.1
1328,2020-09-28 11:15:00,11208.35,74.53,42.37785714285714,Waiting,119.4
1329,2020-09-28 12:15:00,11212.9,73.95,45.535714285714285,Waiting,119.3
1330,2020-09-28 13:15:00,11225.8,80.47,49.16714285714285,Waiting,119.52
1331,2020-09-28 14:15:00,11226.45,98.65,54.49857142857143,Waiting,119.64
1332,2020-09-28 15:15:00,11227.55,98.64,59.77,Waiting,119.75
1333,2020-09-29 09:15:00,11257.15,98.46,64.75214285714286,Waiting,120.25
1334,2020-09-29 10:15:00,11207.85,86.19,68.815,Waiting,120.02
1335,2020-09-29 11:15:00,11225.15,84.62,72.10285714285715,Waiting,120.01
1336,2020-09-29 12:15:00,11207.2,80.37,75.01785714285714,Waiting,119.7
1337,2020-09-29 13:15:00,11242.5,79.91,77.31428571428572,Waiting,119.74
1338,2020-09-29 14:15:00,11228.55,74.87,79.54285714285713,Waiting,120.24
1339,2020-09-29 15:15:00,11222.4,74.82,81.77999999999999,Waiting,119.94
1340,2020-09-30 09:15:00,11212.95,60.25,81.36428571428571,Waiting,119.56
1341,2020-09-30 10:15:00,11253.3,61.51,80.51714285714286,Waiting,119.86
1342,2020-09-30 11:15:00,11231.95,54.54,79.08928571428571,Waiting,119.48
1343,2020-09-30 12:15:00,11252.9,57.24,77.89571428571428,Waiting,119.9
1344,2020-09-30 13:15:00,11288.7,60.51,76.47,Waiting,119.84
1345,2020-09-30 14:15:00,11247.4,53.08,73.215,Waiting,119.84
1346,2020-09-30 15:15:00,11247.55,52.95,69.95142857142856,Waiting,119.93
1347,2020-10-01 09:15:00,11388.6,64.59,67.53214285714286,Waiting,121.03
1348,2020-10-01 10:15:00,11400.2,73.31,66.61214285714286,Waiting,121.31
1349,2020-10-01 11:15:00,11408.0,72.68,65.75928571428571,Waiting,121.5
1350,2020-10-01 12:15:00,11401.85,74.87,65.36642857142857,Waiting,121.57
1351,2020-10-01 13:15:00,11412.75,73.2,64.88714285714286,Waiting,121.5
1352,2020-10-01 14:15:00,11427.6,77.06,65.04357142857143,Waiting,121.27
1353,2020-10-01 15:15:00,11416.95,76.12,65.13642857142857,Waiting,121.61
1354,2020-10-05 09:15:00,11538.75,83.61,66.80499999999999,Waiting,122.75
1355,2020-10-05 10:15:00,11555.85,82.78,68.32428571428571,Waiting,122.73
1356,2020-10-05 11:15:00,11533.9,82.68,70.33428571428571,Waiting,122.62
1357,2020-10-05 12:15:00,11481.1,73.1,71.46714285714286,Waiting,122.47
1358,2020-10-05 13:15:00,11527.3,73.66,72.40642857142858,Waiting,122.22
1359,2020-10-05 14:15:00,11501.5,75.99,74.04285714285713,Waiting,122.54
1360,2020-10-05 15:15:00,11503.35,76.08,75.69500000000001,Waiting,122.38
1361,2020-10-06 09:15:00,11601.35,73.77,76.35071428571429,Waiting,123.25
1362,2020-10-06 10:15:00,11595.35,72.08,76.26285714285714,Waiting,123.35
1363,2020-10-06 11:15:00,11598.0,71.75,76.19642857142857,Waiting,123.13
1364,2020-10-06 12:15:00,11592.85,71.92,75.98571428571428,Waiting,123.15
1365,2020-10-06 13:15:00,11596.5,71.44,75.86,Waiting,123.19
1366,2020-10-06 14:15:00,11663.15,74.52,75.67857142857143,Waiting,123.7
1367,2020-10-06 15:15:00,11662.4,76.09,75.67642857142857,Waiting,124.03
1368,2020-10-07 09:15:00,11733.55,73.21,74.93357142857143,Waiting,124.19
1369,2020-10-07 10:15:00,11711.35,68.3,73.89928571428571,Waiting,124.75
1370,2020-10-07 11:15:00,11712.25,72.09,73.14285714285714,Waiting,124.68
1371,2020-10-07 12:15:00,11728.2,83.67,73.89785714285713,Waiting,124.86
1372,2020-10-07 13:15:00,11737.5,81.85,74.48285714285714,Waiting,124.67
1373,2020-10-07 14:15:00,11732.6,87.38,75.29642857142856,Waiting,124.98
1374,2020-10-07 15:15:00,11738.85,87.56,76.11642857142859,Waiting,124.89
1375,2020-10-08 09:15:00,11863.6,88.54,77.17142857142858,Waiting,126.15
1376,2020-10-08 10:15:00,11880.15,90.59,78.49357142857143,Waiting,126.17
1377,2020-10-08 11:15:00,11890.85,90.8,79.85428571428572,Waiting,126.33
1378,2020-10-08 12:15:00,11892.45,92.16,81.29999999999998,Waiting,126.3
1379,2020-10-08 13:15:00,11867.25,85.92,82.33428571428571,Waiting,126.41
1380,2020-10-08 14:15:00,11835.15,75.12,82.37714285714286,Waiting,125.62
1381,2020-10-08 15:15:00,11834.6,75.17,82.31142857142856,Waiting,125.91
1382,2020-10-09 09:15:00,11850.45,70.38,82.10928571428572,Waiting,125.84
1383,2020-10-09 10:15:00,11915.15,80.94,83.01214285714286,Waiting,126.35
1384,2020-10-09 11:15:00,11898.8,77.06,83.36714285714287,Waiting,126.68
1385,2020-10-09 12:15:00,11890.4,74.05,82.67999999999999,Waiting,126.5
1386,2020-10-09 13:15:00,11908.4,74.7,82.16928571428572,Waiting,126.34
1387,2020-10-09 14:15:00,11911.6,76.0,81.35642857142857,Waiting,126.91
1388,2020-10-09 15:15:00,11914.2,75.75,80.51285714285714,Waiting,126.99
1389,2020-10-12 09:15:00,11973.65,69.99,79.18785714285715,Waiting,127.62
1390,2020-10-12 10:15:00,11950.15,62.4,77.17428571428572,Waiting,127.26
1391,2020-10-12 11:15:00,11913.95,53.75,74.52785714285713,Waiting,127.25
1392,2020-10-12 12:15:00,11920.6,54.5,71.83785714285715,Waiting,127.33
1393,2020-10-12 13:15:00,11919.5,59.05,69.91857142857143,Waiting,126.74
1394,2020-10-12 14:15:00,11929.6,67.71,69.38928571428572,Waiting,126.85
1395,2020-10-12 15:15:00,11930.95,68.01,68.87785714285714,Waiting,126.96
1396,2020-10-13 09:15:00,11959.7,69.48,68.81357142857142,Waiting,127.2
1397,2020-10-13 10:15:00,11970.75,62.26,67.47928571428572,Waiting,127.46
1398,2020-10-13 11:15:00,11956.85,62.94,66.47071428571428,Waiting,127.28
1399,2020-10-13 12:15:00,11921.95,56.29,65.20214285714286,Waiting,127.0
1400,2020-10-13 13:15:00,11940.6,56.4,63.895,Waiting,127.04
1401,2020-10-13 14:15:00,11938.75,55.43,62.42571428571428,Waiting,127.12
1402,2020-10-13 15:15:00,11934.5,54.03,60.87428571428571,Waiting,126.96
1403,2020-10-14 09:15:00,11851.3,27.79,57.86,Waiting,126.02
1404,2020-10-14 10:15:00,11849.25,30.14,55.55571428571428,,126.17
1405,2020-10-14 11:15:00,11853.75,36.46,54.32071428571429,,125.95
1406,2020-10-14 12:15:00,11843.65,32.96,52.78214285714285,,126.35
1407,2020-10-14 13:15:00,11864.85,38.89,51.34214285714285,,126.12
1408,2020-10-14 14:15:00,11966.7,55.49,50.46928571428571,,126.97
1409,2020-10-14 15:15:00,11971.05,55.89,49.60357142857144,,127.42
1410,2020-10-15 09:15:00,11959.4,49.95,48.20857142857143,,127.1
1411,2020-10-15 10:15:00,11930.65,44.12,46.91285714285714,,127.28
1412,2020-10-15 11:15:00,11899.5,42.0,45.417142857142856,,126.94
1413,2020-10-15 12:15:00,11849.15,40.26,44.27214285714285,,127.0
1414,2020-10-15 13:15:00,11709.6,26.66,42.14785714285714,Buy,126.39
1415,2020-10-15 14:15:00,11665.75,24.57,39.94357142857143,Hold,125.23
1416,2020-10-15 15:15:00,11680.35,26.78,37.99714285714286,Hold,124.81
1417,2020-10-16 09:15:00,11732.4,38.48,38.760714285714286,Hold,125.3
1418,2020-10-16 10:15:00,11764.9,42.28,39.62785714285714,Hold,125.37
1419,2020-10-16 11:15:00,11738.2,39.84,39.86928571428571,Hold,125.11
1420,2020-10-16 12:15:00,11761.05,42.9,40.57928571428572,Hold,125.65
1421,2020-10-16 13:15:00,11766.3,41.29,40.75071428571429,Hold,125.42
1422,2020-10-16 14:15:00,11764.55,28.28,38.807142857142864,Hold,125.54
1423,2020-10-16 15:15:00,11762.45,27.48,36.77785714285714,Hold,125.62
1424,2020-10-19 09:15:00,11869.95,42.0,36.21,Hold,126.35
1425,2020-10-19 10:15:00,11852.8,42.89,36.12214285714286,Hold,126.86
1426,2020-10-19 11:15:00,11846.9,44.96,36.33357142857143,Hold,126.6
1427,2020-10-19 12:15:00,11857.55,50.87,37.09142857142857,Hold,126.64
1428,2020-10-19 13:15:00,11873.85,72.87,40.39214285714286,Sell,126.58
1429,2020-10-19 14:15:00,11877.8,83.21,44.58071428571429,Waiting,126.73
1430,2020-10-19 15:15:00,11873.05,81.14,48.46357142857143,Waiting,126.81
1431,2020-10-20 09:15:00,11908.35,80.06,51.43357142857143,Waiting,126.84
1432,2020-10-20 10:15:00,11932.05,79.44,54.087857142857146,Waiting,126.75
1433,2020-10-20 11:15:00,11939.0,88.02,57.52928571428572,Waiting,126.87
1434,2020-10-20 12:15:00,11914.3,78.81,60.09428571428571,Waiting,
1435,2020-10-20 13:15:00,11897.0,73.51,62.39571428571429,Waiting,
1436,2020-10-20 14:15:00,11900.5,74.3,65.68285714285715,Waiting,
1437,2020-10-20 15:15:00,11896.8,73.88,68.99714285714286,Waiting,
1438,2020-10-21 09:15:00,12006.05,74.04,71.28571428571429,Waiting,
1439,2020-10-21 10:15:00,11998.4,76.61,73.69428571428571,Waiting,
1440,2020-10-21 11:15:00,12012.55,79.39,76.15357142857144,Waiting,
1441,2020-10-21 12:15:00,11991.5,72.92,77.72857142857143,Waiting,127.6
1442,2020-10-21 13:15:00,11804.8,42.54,75.56214285714285,Waiting,126.39
1443,2020-10-21 14:15:00,11950.75,56.03,73.62071428571429,Waiting,126.06
1444,2020-10-21 15:15:00,11937.65,55.27,71.77285714285713,Waiting,126.98
1445,2020-10-22 09:15:00,11897.8,49.15,69.565,Waiting,126.57
1446,2020-10-22 10:15:00,11906.35,47.87,67.30999999999999,Waiting,126.46
1447,2020-10-22 11:15:00,11903.55,47.04,64.38285714285715,Waiting,126.6
1448,2020-10-22 12:15:00,11886.55,47.65,62.15714285714286,Waiting,126.23
1449,2020-10-22 13:15:00,11895.45,49.87,60.46857142857143,Waiting,126.33
1450,2020-10-22 14:15:00,11896.7,49.67,58.70928571428571,Waiting,126.23
1451,2020-10-22 15:15:00,11896.45,49.97,57.00142857142857,Waiting,126.73
1452,2020-10-23 09:15:00,11949.15,44.53,54.89357142857143,Waiting,127.19
1453,2020-10-23 10:15:00,11931.75,43.71,52.54357142857143,Waiting,127.14
1454,2020-10-23 11:15:00,11927.55,41.82,49.86,Waiting,126.96
1455,2020-10-23 12:15:00,11956.7,46.7,47.98714285714285,Waiting,127.11
1456,2020-10-23 13:15:00,11936.8,68.28,49.82571428571429,Waiting,127.12
1457,2020-10-23 14:15:00,11930.85,45.5,49.07357142857143,Waiting,127.32
1458,2020-10-23 15:15:00,11930.35,48.25,48.57214285714286,Waiting,126.9
1459,2020-10-26 09:15:00,11903.25,51.39,48.73214285714285,Waiting,126.65
1460,2020-10-26 10:15:00,11884.4,44.67,48.50357142857143,Waiting,126.67
1461,2020-10-26 11:15:00,11824.35,34.95,47.63999999999999,Waiting,126.2
1462,2020-10-26 12:15:00,11777.95,31.44,46.48214285714285,Waiting,125.86
1463,2020-10-26 13:15:00,11723.45,24.57,44.675,Waiting,125.85
1464,2020-10-26 14:15:00,11770.05,33.49,43.51928571428572,,125.62
1465,2020-10-26 15:15:00,11767.75,33.31,42.32928571428572,,125.81
1466,2020-10-27 09:15:00,11788.15,27.21,41.09214285714286,Buy,125.67
1467,2020-10-27 10:15:00,11804.9,32.01,40.25642857142857,Hold,125.9
1468,2020-10-27 11:15:00,11836.55,38.03,39.98571428571429,Hold,126.2
1469,2020-10-27 12:15:00,11852.55,35.81,39.20785714285714,Hold,126.2
1470,2020-10-27 13:15:00,11851.45,37.74,37.026428571428575,Hold,126.3
1471,2020-10-27 14:15:00,11884.4,43.81,36.90571428571429,Hold,126.62
1472,2020-10-27 15:15:00,11889.4,44.61,36.64571428571429,Hold,126.81
1473,2020-10-28 09:15:00,11890.2,48.15,36.41428571428572,Hold,126.92
1474,2020-10-28 10:15:00,11816.8,41.71,36.20285714285714,Hold,126.22
1475,2020-10-28 11:15:00,11839.9,52.1,37.42785714285714,Hold,126.32
1476,2020-10-28 12:15:00,11746.75,46.27,38.487142857142864,Hold,125.65
1477,2020-10-28 13:15:00,11731.95,51.12,40.38357142857144,Hold,125.31
1478,2020-10-28 14:15:00,11731.15,44.15,41.145,Hold,125.6
1479,2020-10-28 15:15:00,11729.6,44.24,41.925714285714285,Hold,125.4
1480,2020-10-29 09:15:00,11704.25,37.53,42.66285714285714,Hold,124.77
1481,2020-10-29 10:15:00,11690.7,32.86,42.72357142857143,Hold,124.7
1482,2020-10-29 11:15:00,11725.65,33.52,42.401428571428575,Hold,124.78
1483,2020-10-29 12:15:00,11649.0,24.37,41.58428571428572,Hold,125.07
1484,2020-10-29 13:15:00,11656.25,25.8,40.73142857142857,Hold,124.66
1485,2020-10-29 14:15:00,11679.0,23.87,39.30714285714286,Hold,124.63
1486,2020-10-29 15:15:00,11670.8,22.42,37.722142857142856,Hold,124.92
1487,2020-10-30 09:15:00,11739.25,33.73,36.69214285714286,Hold,125.35
1488,2020-10-30 10:15:00,11643.25,32.17,36.010714285714286,Hold,125.28
1489,2020-10-30 11:15:00,11578.05,25.23,34.09142857142857,Hold,123.74
1490,2020-10-30 12:15:00,11579.1,30.8,32.98642857142857,Hold,123.71
1491,2020-10-30 13:15:00,11615.05,37.23,31.99428571428572,Hold,124.1
1492,2020-10-30 14:15:00,11648.7,41.6,31.812142857142856,Hold,124.32
1493,2020-10-30 15:15:00,11642.4,41.2,31.595,Hold,124.57
1494,2020-11-02 10:15:00,11623.7,41.76,31.897142857142857,Hold,124.29
1495,2020-11-02 11:15:00,11604.65,41.29,32.49928571428571,Hold,124.12
1496,2020-11-02 12:15:00,11620.6,38.95,32.887142857142855,Hold,123.84
1497,2020-11-02 13:15:00,11648.8,49.98,34.71642857142857,Hold,123.94
1498,2020-11-02 14:15:00,11656.95,50.08,36.45071428571429,Hold,124.79
1499,2020-11-02 15:15:00,11669.15,48.82,38.23285714285714,Hold,124.37
1500,2020-11-03 09:15:00,11782.05,60.66,40.96428571428572,Hold,125.5
1501,2020-11-03 10:15:00,11783.5,54.87,42.47428571428571,Hold,125.77
1502,2020-11-03 11:15:00,11817.1,72.15,45.33,Sell,125.88
1503,2020-11-03 12:15:00,11817.85,86.57,49.71142857142858,Waiting,125.88
1504,2020-11-03 13:15:00,11802.75,82.7,53.41857142857142,Waiting,125.94
1505,2020-11-03 14:15:00,11815.4,81.44,56.57642857142857,Waiting,125.82
1506,2020-11-03 15:15:00,11813.5,78.72,59.22785714285715,Waiting,126.13
1507,2020-11-04 09:15:00,11861.95,83.36,62.23928571428571,Waiting,126.8
1508,2020-11-04 10:15:00,11859.7,87.75,65.52428571428571,Waiting,126.43
1509,2020-11-04 11:15:00,11894.1,94.13,69.29857142857144,Waiting,126.63
1510,2020-11-04 12:15:00,11815.6,74.97,71.87142857142857,Waiting,126.84
1511,2020-11-04 13:15:00,11853.55,75.58,73.7,Waiting,125.95
1512,2020-11-04 14:15:00,11910.55,78.23,75.71071428571429,Waiting,126.8
1513,2020-11-04 15:15:00,11908.5,77.26,77.74214285714285,Waiting,127.03
1514,2020-11-05 09:15:00,12071.35,79.59,79.0942857142857,Waiting,128.45
1515,2020-11-05 10:15:00,12074.45,79.66,80.865,Waiting,128.55
1516,2020-11-05 11:15:00,12080.0,78.42,81.31285714285714,Waiting,128.56
1517,2020-11-05 12:15:00,12105.6,79.52,80.8092857142857,Waiting,128.85
1518,2020-11-05 13:15:00,12083.3,78.36,80.49928571428572,Waiting,128.85
1519,2020-11-05 14:15:00,12122.25,79.46,80.35785714285714,Waiting,128.86
1520,2020-11-05 15:15:00,12120.3,79.45,80.41,Waiting,129.12
1521,2020-11-06 09:15:00,12196.15,80.48,80.2042857142857,Waiting,129.69
1522,2020-11-06 10:15:00,12179.75,78.45,79.53999999999999,Waiting,129.84
1523,2020-11-06 11:15:00,12203.9,78.05,78.39142857142858,Waiting,129.93
1524,2020-11-06 12:15:00,12250.75,91.8,79.59357142857142,Waiting,130.2
1525,2020-11-06 13:15:00,12253.05,91.19,80.70857142857143,Waiting,130.48
1526,2020-11-06 14:15:00,12265.25,90.3,81.57071428571429,Waiting,130.18
1527,2020-11-06 15:15:00,12263.55,90.37,82.50714285714287,Waiting,130.61
1528,2020-11-09 09:15:00,12434.1,90.54,83.28928571428571,Waiting,132.4
1529,2020-11-09 10:15:00,12406.2,85.12,83.67928571428573,Waiting,132.28
1530,2020-11-09 11:15:00,12375.45,79.7,83.77071428571428,Waiting,131.92
1531,2020-11-09 12:15:00,12402.6,79.76,83.78785714285713,Waiting,132.08
1532,2020-11-09 13:15:00,12436.5,84.59,84.23285714285714,Waiting,132.34
1533,2020-11-09 14:15:00,12465.65,84.29,84.57785714285716,Waiting,132.58
1534,2020-11-09 15:15:00,12461.05,83.84,84.89142857142858,Waiting,132.73
1535,2020-11-10 09:15:00,12556.05,84.43,85.17357142857144,Waiting,133.35
1536,2020-11-10 10:15:00,12576.7,87.67,85.83214285714287,Waiting,133.74
1537,2020-11-10 11:15:00,12571.6,86.21,86.415,Waiting,133.96
1538,2020-11-10 12:15:00,12615.2,86.12,86.00928571428572,Waiting,134.05
1539,2020-11-10 13:15:00,12532.85,73.93,84.77642857142858,Waiting,134.26
1540,2020-11-10 14:15:00,12625.3,77.08,83.83214285714287,Waiting,134.22
1541,2020-11-10 15:15:00,12631.1,77.47,82.91071428571429,Waiting,134.81
1542,2020-11-11 09:15:00,12737.8,75.1,81.80785714285715,Waiting,135.92
1543,2020-11-11 10:15:00,12628.3,66.17,80.45428571428572,Waiting,135.62
1544,2020-11-11 11:15:00,12664.2,70.87,79.82357142857144,Waiting,134.61
1545,2020-11-11 12:15:00,12630.1,66.28,78.8607142857143,Waiting,134.98
1546,2020-11-11 13:15:00,12717.45,68.67,77.72357142857142,Waiting,134.97
1547,2020-11-11 14:15:00,12746.75,68.68,76.60857142857142,Waiting,135.8
1548,2020-11-11 15:15:00,12749.15,69.2,75.56285714285714,Waiting,136.0
1549,2020-11-12 09:15:00,12699.45,60.17,73.83000000000001,Waiting,135.21
1550,2020-11-12 10:15:00,12675.75,57.0,71.6392857142857,Waiting,135.12
1551,2020-11-12 11:15:00,12684.6,57.94,69.62,Waiting,135.26
1552,2020-11-12 12:15:00,12680.1,54.82,67.38428571428571,Waiting,135.4
1553,2020-11-12 13:15:00,12686.4,62.87,66.5942857142857,Waiting,134.75
1554,2020-11-12 14:15:00,12692.85,56.62,65.13285714285715,Waiting,134.88
1555,2020-11-12 15:15:00,12690.8,55.89,63.59142857142857,Waiting,135.26
1556,2020-11-13 09:15:00,12652.0,40.23,61.10071428571428,Waiting,134.48
1557,2020-11-13 10:15:00,12700.65,59.57,60.62928571428572,Waiting,135.3
1558,2020-11-13 11:15:00,12690.15,53.68,59.401428571428575,Waiting,135.25
1559,2020-11-13 12:15:00,12691.1,59.55,58.92071428571429,Waiting,135.17
1560,2020-11-13 13:15:00,12703.7,47.19,57.38642857142857,Waiting,135.29
1561,2020-11-13 14:15:00,12722.2,44.75,55.67714285714286,Waiting,135.49
1562,2020-11-13 15:15:00,12719.95,43.76,53.86,Waiting,135.79
1563,2020-11-14 17:15:00,12823.35,71.55,54.67285714285715,Waiting,
1564,2020-11-14 18:15:00,12770.6,64.98,55.24285714285714,Waiting,136.34
1565,2020-11-14 19:15:00,12780.25,65.07,55.75214285714286,Waiting,136.4
1566,2020-11-17 09:15:00,12862.8,73.1,57.057857142857145,Waiting,137.4
1567,2020-11-17 10:15:00,12810.55,64.06,57.142857142857146,Waiting,137.05
1568,2020-11-17 11:15:00,12828.15,64.95,57.737857142857145,Waiting,137.2
1569,2020-11-17 12:15:00,12843.55,66.39,58.487857142857145,Waiting,137.18
1570,2020-11-17 13:15:00,12862.0,73.57,60.86928571428571,Waiting,137.39
1571,2020-11-17 14:15:00,12875.5,71.3,61.707142857142856,Waiting,137.18
1572,2020-11-17 15:15:00,12874.2,72.94,63.08285714285714,Waiting,137.39
1573,2020-11-18 09:15:00,12862.75,70.85,63.88999999999999,Waiting,137.26
1574,2020-11-18 10:15:00,12842.55,66.56,65.27357142857143,Waiting,137.26
1575,2020-11-18 11:15:00,12838.55,64.37,66.675,Waiting,137.01
1576,2020-11-18 12:15:00,12855.7,66.17,68.27571428571429,Waiting,136.96
1577,2020-11-18 13:15:00,12906.55,61.33,67.54571428571428,Waiting,137.26
1578,2020-11-18 14:15:00,12943.1,74.58,68.23142857142857,Waiting,137.7
1579,2020-11-18 15:15:00,12938.25,72.83,68.78571428571429,Waiting,137.9
1580,2020-11-19 09:15:00,12951.15,65.98,68.27714285714286,Waiting,137.8
1581,2020-11-19 10:15:00,12936.65,76.41,69.15928571428572,Waiting,137.81
1582,2020-11-19 11:15:00,12949.9,75.98,69.94714285714285,Waiting,137.93
1583,2020-11-19 12:15:00,12921.95,65.88,69.91071428571429,Waiting,137.92
1584,2020-11-19 13:15:00,12861.1,49.84,68.21571428571428,Waiting,137.46
1585,2020-11-19 14:15:00,12771.3,35.75,65.67642857142857,Waiting,136.78
1586,2020-11-19 15:15:00,12771.7,35.95,63.03428571428572,Waiting,136.25
1587,2020-11-20 09:15:00,12829.25,45.92,61.25357142857143,Waiting,136.66
1588,2020-11-20 10:15:00,12749.05,40.07,59.361428571428576,Waiting,136.25
1589,2020-11-20 11:15:00,12786.75,44.87,57.96857142857143,Waiting,135.98
1590,2020-11-20 12:15:00,12813.45,45.89,56.52,Waiting,135.96
1591,2020-11-20 13:15:00,12868.15,46.29,55.44571428571429,Waiting,136.52
1592,2020-11-20 14:15:00,12866.35,42.06,53.12285714285714,Waiting,137.03
1593,2020-11-20 15:15:00,12859.05,41.85,50.91,Waiting,137.0
1594,2020-11-23 09:15:00,12880.75,42.88,49.26,Waiting,137.28
1595,2020-11-23 10:15:00,12875.15,43.67,46.92142857142857,Waiting,137.05
1596,2020-11-23 11:15:00,12883.5,43.09,44.57214285714286,Waiting,137.26
1597,2020-11-23 12:15:00,12902.65,47.95,43.291428571428575,Waiting,137.5
1598,2020-11-23 13:15:00,12952.7,59.93,44.012142857142855,Waiting,137.85
1599,2020-11-23 14:15:00,12933.8,70.83,46.51785714285715,Waiting,137.85
1600,2020-11-23 15:15:00,12926.45,69.49,48.91357142857142,Waiting,137.76
1601,2020-11-24 09:15:00,13033.5,72.87,50.83857142857143,Waiting,138.56
1602,2020-11-24 10:15:00,13014.05,84.34,54.00071428571429,Waiting,138.8
1603,2020-11-24 11:15:00,13016.3,82.76,56.707142857142856,Waiting,138.73
1604,2020-11-24 12:15:00,13028.5,82.02,59.28785714285714,Waiting,138.68
1605,2020-11-24 13:15:00,13049.4,80.0,61.69571428571429,Waiting,138.9
1606,2020-11-24 14:15:00,13050.8,80.57,64.44642857142857,Waiting,139.16
1607,2020-11-24 15:15:00,13055.15,82.83,67.37357142857142,Waiting,139.38
1608,2020-11-25 09:15:00,13094.7,83.79,70.29571428571428,Waiting,139.97
1609,2020-11-25 10:15:00,12987.05,63.37,71.70285714285714,Waiting,139.02
1610,2020-11-25 11:15:00,12990.25,62.91,73.11857142857143,Waiting,138.71
1611,2020-11-25 12:15:00,13036.15,65.16,74.34785714285714,Waiting,139.1
1612,2020-11-25 13:15:00,12876.8,43.09,73.145,Waiting,139.08
1613,2020-11-25 14:15:00,12860.7,43.31,71.17928571428571,Waiting,137.55
1614,2020-11-25 15:15:00,12858.4,43.72,69.33857142857143,Waiting,137.39
1615,2020-11-26 09:15:00,12832.75,28.19,66.14714285714287,Waiting,137.23
1616,2020-11-26 10:15:00,12841.8,30.85,62.32642857142857,,137.3
1617,2020-11-26 11:15:00,12796.25,27.69,58.392857142857146,Buy,137.0
1618,2020-11-26 12:15:00,12903.3,39.35,55.345000000000006,Hold,136.95
1619,2020-11-26 13:15:00,12934.5,40.4,52.51642857142856,Hold,137.48
1620,2020-11-26 14:15:00,12988.35,45.2,49.99,Hold,137.71
1621,2020-11-26 15:15:00,12987.0,44.74,47.26928571428572,Hold,138.24
1622,2020-11-27 09:15:00,12976.45,40.44,44.17285714285714,Hold,138.24
1623,2020-11-27 10:15:00,12957.15,47.18,43.01642857142857,Hold,138.2
1624,2020-11-27 11:15:00,12983.15,49.36,42.04857142857144,Hold,138.33
1625,2020-11-27 12:15:00,12974.8,44.05,40.54071428571428,Hold,138.9
1626,2020-11-27 13:15:00,12982.1,64.48,42.06857142857143,Hold,138.61
1627,2020-11-27 14:15:00,12979.4,66.95,43.75714285714286,Hold,138.19
1628,2020-11-27 15:15:00,12968.95,65.42,45.307142857142864,Hold,138.38
1629,2020-12-01 09:15:00,13034.55,75.33,48.67428571428572,Sell,138.69
1630,2020-12-01 10:15:00,13080.3,77.41,52.0,Waiting,139.29
1631,2020-12-01 11:15:00,13075.95,85.51,56.13,Waiting,139.39
1632,2020-12-01 12:15:00,13086.1,80.78,59.08928571428572,Waiting,139.2
1633,2020-12-01 13:15:00,13117.2,80.78,61.97357142857144,Waiting,139.44
1634,2020-12-01 14:15:00,13107.15,73.48,63.99357142857143,Waiting,139.7
1635,2020-12-01 15:15:00,13109.05,74.07,66.08857142857143,Waiting,139.79
1636,2020-12-02 09:15:00,13080.2,69.08,68.13428571428572,Waiting,139.72
1637,2020-12-02 10:15:00,13089.0,75.22,70.13714285714285,Waiting,139.52
1638,2020-12-02 11:15:00,13080.3,69.9,71.60428571428572,Waiting,139.46
1639,2020-12-02 12:15:00,13031.6,59.99,72.74285714285715,Waiting,139.84
1640,2020-12-02 13:15:00,13010.15,54.7,72.04428571428572,Waiting,138.86
1641,2020-12-02 14:15:00,13121.2,67.42,72.07785714285714,Waiting,139.38
1642,2020-12-02 15:15:00,13113.75,67.93,72.25714285714285,Waiting,139.96
1643,2020-12-03 09:15:00,13158.95,66.22,71.60642857142857,Waiting,140.14
1644,2020-12-03 10:15:00,13162.55,62.05,70.50928571428571,Waiting,140.42
1645,2020-12-03 11:15:00,13141.35,59.13,68.625,Waiting,140.29
1646,2020-12-03 12:15:00,13130.1,56.12,66.86357142857143,Waiting,140.21
1647,2020-12-03 13:15:00,13141.0,53.51,64.91571428571429,Waiting,140.18
1648,2020-12-03 14:15:00,13138.45,54.72,63.57571428571429,Waiting,140.1
1649,2020-12-03 15:15:00,13133.9,53.72,62.12214285714286,Waiting,140.12
1650,2020-12-04 09:15:00,13228.8,68.56,62.085,Waiting,140.74
1651,2020-12-04 10:15:00,13231.9,68.11,61.57714285714286,Waiting,141.05
1652,2020-12-04 11:15:00,13208.8,65.71,61.27785714285715,Waiting,140.82
1653,2020-12-04 12:15:00,13200.2,72.85,62.19642857142857,Waiting,140.67
1654,2020-12-04 13:15:00,13196.6,76.56,63.75785714285714,Waiting,140.87
1655,2020-12-04 14:15:00,13256.6,72.57,64.12571428571428,Waiting,141.02
1656,2020-12-04 15:15:00,13258.55,74.58,64.60071428571429,Waiting,141.27
1657,2020-12-07 09:15:00,13296.25,73.92,65.15071428571427,Waiting,141.75
1658,2020-12-07 10:15:00,13288.9,71.73,65.84214285714286,Waiting,141.79
1659,2020-12-07 11:15:00,13322.55,79.88,67.32428571428571,Waiting,141.6
1660,2020-12-07 12:15:00,13332.65,83.53,69.28214285714286,Waiting,141.98
1661,2020-12-07 13:15:00,13313.4,77.77,71.015,Waiting,141.77
1662,2020-12-07 14:15:00,13358.25,81.16,72.90357142857142,Waiting,141.95
1663,2020-12-07 15:15:00,13355.75,81.63,74.89714285714285,Waiting,142.29
1664,2020-12-08 09:15:00,13422.75,80.05,75.71785714285714,Waiting,142.95
1665,2020-12-08 10:15:00,13380.2,70.47,75.88642857142858,Waiting,142.9
1666,2020-12-08 11:15:00,13344.95,68.18,76.06285714285714,Waiting,142.26
1667,2020-12-08 12:15:00,13380.5,72.46,76.035,Waiting,142.58
1668,2020-12-08 13:15:00,13397.05,74.19,75.86571428571428,Waiting,142.85
1669,2020-12-08 14:15:00,13388.5,68.18,75.55214285714285,Waiting,143.02
1670,2020-12-08 15:15:00,13392.95,68.4,75.11071428571428,Waiting,142.83
1671,2020-12-09 09:15:00,13480.7,72.2,74.98785714285714,Waiting,143.5
1672,2020-12-09 10:15:00,13488.45,74.0,75.15,Waiting,143.6
1673,2020-12-09 11:15:00,13482.7,70.65,74.49071428571429,Waiting,143.77
1674,2020-12-09 12:15:00,13491.1,70.52,73.56142857142856,Waiting,143.68
1675,2020-12-09 13:15:00,13542.05,77.36,73.53214285714286,Waiting,143.99
1676,2020-12-09 14:15:00,13532.7,72.81,72.93571428571428,Waiting,144.41
1677,2020-12-09 15:15:00,13529.1,72.6,72.29071428571429,Waiting,144.57
1678,2020-12-10 09:15:00,13415.75,49.19,70.08642857142857,Waiting,143.35
1679,2020-12-10 10:15:00,13451.8,58.46,69.22857142857143,Waiting,143.32
1680,2020-12-10 11:15:00,13418.6,58.74,68.55428571428571,Waiting,143.29
1681,2020-12-10 12:15:00,13434.9,56.77,67.43357142857143,Waiting,143.35
1682,2020-12-10 13:15:00,13416.9,52.46,65.88142857142857,Waiting,143.33
1683,2020-12-10 14:15:00,13471.25,59.21,65.24071428571429,Waiting,143.78
1684,2020-12-10 15:15:00,13478.3,59.44,64.60071428571429,Waiting,144.02
1685,2020-12-11 09:15:00,13556.6,58.58,63.62785714285714,Waiting,144.4
1686,2020-12-11 10:15:00,13553.25,57.4,62.44214285714286,Waiting,144.54
1687,2020-12-11 11:15:00,13547.0,57.33,61.49071428571428,Waiting,144.4
1688,2020-12-11 12:15:00,13547.4,56.54,60.49214285714286,Waiting,144.58
1689,2020-12-11 13:15:00,13446.75,40.08,57.82928571428572,Waiting,144.24
1690,2020-12-11 14:15:00,13518.05,48.65,56.10357142857142,Waiting,143.54
1691,2020-12-11 15:15:00,13513.85,48.6,54.38928571428571,Waiting,143.93
1692,2020-12-14 09:15:00,13542.8,63.86,55.43714285714286,Waiting,144.59
1693,2020-12-14 10:15:00,13524.7,58.28,55.42428571428571,Waiting,144.11
1694,2020-12-14 11:15:00,13521.45,62.53,55.695,Waiting,144.06
1695,2020-12-14 12:15:00,13536.4,62.41,56.09785714285714,Waiting,144.1
1696,2020-12-14 13:15:00,13543.45,65.89,57.05714285714286,Waiting,144.23
1697,2020-12-14 14:15:00,13562.25,62.55,57.29571428571428,Waiting,144.22
1698,2020-12-14 15:15:00,13558.15,61.1,57.41428571428571,Waiting,144.32
1699,2020-12-15 09:15:00,13463.45,37.61,55.916428571428575,Waiting,143.84
1700,2020-12-15 10:15:00,13469.8,38.99,54.60142857142857,Waiting,143.55
1701,2020-12-15 11:15:00,13516.65,46.38,53.81928571428572,Waiting,143.94
1702,2020-12-15 12:15:00,13538.05,48.94,53.276428571428575,Waiting,143.93
1703,2020-12-15 13:15:00,13569.45,66.52,55.165000000000006,Waiting,144.21
1704,2020-12-15 14:15:00,13571.75,58.88,55.89571428571429,Waiting,144.58
1705,2020-12-15 15:15:00,13567.85,58.94,56.63428571428572,Waiting,144.73
1706,2020-12-16 09:15:00,13631.6,63.18,56.58571428571429,Waiting,145.44
1707,2020-12-16 10:15:00,13643.65,67.98,57.27857142857143,Waiting,145.34
1708,2020-12-16 11:15:00,13650.05,69.25,57.75857142857143,Waiting,145.42
1709,2020-12-16 12:15:00,13642.7,66.28,58.035,Waiting,145.44
1710,2020-12-16 13:15:00,13685.55,69.62,58.30142857142857,Waiting,145.55
1711,2020-12-16 14:15:00,13685.35,67.91,58.684285714285714,Waiting,145.76
1712,2020-12-16 15:15:00,13682.7,68.2,59.191428571428574,Waiting,145.82
1713,2020-12-17 09:15:00,13712.4,94.91,63.28428571428572,Waiting,146.1
1714,2020-12-17 10:15:00,13723.05,94.99,67.28428571428572,Waiting,146.18
1715,2020-12-17 11:15:00,13728.05,94.12,70.69428571428571,Waiting,146.32
1716,2020-12-17 12:15:00,13741.2,93.91,73.90642857142858,Waiting,146.47
1717,2020-12-17 13:15:00,13766.15,93.73,75.85000000000001,Waiting,146.72
1718,2020-12-17 14:15:00,13744.85,85.49,77.75071428571428,Waiting,146.7
1719,2020-12-17 15:15:00,13740.7,85.4,79.64071428571428,Waiting,146.7
1720,2020-12-18 09:15:00,13695.05,64.03,79.70142857142858,Waiting,146.21
1721,2020-12-18 10:15:00,13708.3,64.22,79.43285714285716,Waiting,146.16
1722,2020-12-18 11:15:00,13704.75,62.19,78.92857142857143,Waiting,146.21
1723,2020-12-18 12:15:00,13704.3,64.16,78.77714285714286,Waiting,146.23
1724,2020-12-18 13:15:00,13751.45,64.86,78.43714285714285,Waiting,146.33
1725,2020-12-18 14:15:00,13761.75,66.47,78.3342857142857,Waiting,146.83
1726,2020-12-18 15:15:00,13760.55,66.89,78.24071428571429,Waiting,147.02
1727,2020-12-21 09:15:00,13755.65,60.52,75.78428571428572,Waiting,146.5
1728,2020-12-21 10:15:00,13729.25,51.4,72.67071428571428,Waiting,146.79
1729,2020-12-21 11:15:00,13726.95,49.75,69.50142857142858,Waiting,146.39
1730,2020-12-21 12:15:00,13671.4,36.63,65.41,Waiting,146.4
1731,2020-12-21 13:15:00,13582.75,21.77,60.27,Waiting,145.56
1732,2020-12-21 14:15:00,13338.9,12.92,55.08642857142858,Buy,142.92
1733,2020-12-21 15:15:00,13328.4,12.77,49.89857142857143,Hold,142.5
1734,2020-12-22 09:15:00,13301.4,13.21,46.26857142857143,Hold,141.55
1735,2020-12-22 10:15:00,13260.2,10.2,42.41,Hold,142.29
1736,2020-12-22 11:15:00,13241.65,9.94,38.67785714285714,Hold,141.45
1737,2020-12-22 12:15:00,13278.55,15.36,35.192142857142855,Hold,141.97
1738,2020-12-22 13:15:00,13427.8,27.42,32.517857142857146,Hold,142.8
1739,2020-12-22 14:15:00,13470.0,30.51,29.949285714285715,Hold,143.75
1740,2020-12-22 15:15:00,13466.3,30.41,27.34357142857143,Hold,143.75
1741,2020-12-23 09:15:00,13494.05,33.1,25.385,Hold,144.05
1742,2020-12-23 10:15:00,13523.45,36.75,24.33857142857143,Hold,144.36
1743,2020-12-23 11:15:00,13538.3,38.05,23.502857142857145,Hold,144.15
1744,2020-12-23 12:15:00,13540.0,41.07,23.82,Hold,144.59
1745,2020-12-23 13:15:00,13553.45,47.78,25.677857142857142,Hold,144.55
1746,2020-12-23 14:15:00,13605.2,78.44,30.357857142857146,Sell,144.81
1747,2020-12-23 15:15:00,13601.1,79.53,35.126428571428576,Waiting,145.12
1748,2020-12-24 09:15:00,13733.35,88.09,40.475,Waiting,146.17
1749,2020-12-24 10:15:00,13656.65,82.9,45.66785714285714,Waiting,146.19
1750,2020-12-24 11:15:00,13675.85,85.99,51.1,Waiting,145.75
1751,2020-12-24 12:15:00,13695.9,85.59,56.11642857142857,Waiting,146.11
1752,2020-12-24 13:15:00,13727.85,81.98,60.01357142857143,Waiting,146.35
1753,2020-12-24 14:15:00,13749.75,81.17,63.63214285714286,Waiting,146.57
1754,2020-12-24 15:15:00,13749.25,81.75,67.29928571428572,Waiting,146.52
1755,2020-12-28 09:15:00,13843.8,84.13,70.94428571428571,Waiting,147.52
1756,2020-12-28 10:15:00,13827.75,80.49,74.06857142857143,Waiting,147.33
1757,2020-12-28 11:15:00,13849.25,80.75,77.11857142857143,Waiting,147.43
1758,2020-12-28 12:15:00,13865.15,81.27,79.99000000000001,Waiting,147.74
1759,2020-12-28 13:15:00,13861.95,80.27,82.3107142857143,Waiting,147.8
1760,2021-01-01 09:15:00,14025.25,83.81,82.69428571428571,Waiting,149.52
1761,2021-01-01 10:15:00,14029.35,84.47,83.04714285714286,Waiting,149.66
1762,2021-01-01 11:15:00,14023.05,79.25,82.41571428571429,Waiting,149.64
1763,2021-01-01 12:15:00,14030.35,93.88,83.2,Waiting,149.73
1764,2021-01-01 13:15:00,14043.45,93.79,83.75714285714287,Waiting,149.7
1765,2021-01-01 14:15:00,14015.0,87.27,83.87714285714286,Waiting,149.67
1766,2021-01-01 15:15:00,14018.5,86.36,84.19000000000001,Waiting,149.6
1767,2021-01-04 09:15:00,14086.55,87.77,84.66142857142857,Waiting,150.4
1768,2021-01-04 10:15:00,14017.8,76.12,84.25928571428572,Waiting,150.39
1769,2021-01-04 11:15:00,14060.7,73.45,83.49642857142855,Waiting,150.1
1770,2021-01-04 12:15:00,14085.5,77.35,83.27214285714285,Waiting,150.2
1771,2021-01-04 13:15:00,14096.55,76.84,82.99285714285713,Waiting,150.48
1772,2021-01-04 14:15:00,14128.0,77.6,82.73071428571428,Waiting,150.61
1773,2021-01-04 15:15:00,14132.9,78.35,82.59357142857142,Waiting,150.71
1774,2021-01-05 09:15:00,14071.6,56.16,80.61857142857143,Waiting,150.2
1775,2021-01-05 10:15:00,14119.75,60.76,78.925,Waiting,150.08
1776,2021-01-05 11:15:00,14139.3,63.42,77.7942857142857,Waiting,150.5
1777,2021-01-05 12:15:00,14133.0,61.87,75.50785714285713,Waiting,150.76
1778,2021-01-05 13:15:00,14164.8,63.45,73.34071428571428,Waiting,150.66
1779,2021-01-05 14:15:00,14207.2,70.67,72.155,Waiting,150.9
1780,2021-01-05 15:15:00,14199.5,69.29,70.93571428571428,Waiting,151.21
1781,2021-01-06 09:15:00,14191.7,62.86,69.15642857142858,Waiting,151.26
1782,2021-01-06 10:15:00,14216.45,77.22,69.235,Waiting,151.49
1783,2021-01-06 11:15:00,14189.05,68.37,68.87214285714286,Waiting,151.53
1784,2021-01-06 12:15:00,14179.05,63.98,67.91714285714285,Waiting,151.6
1785,2021-01-06 13:15:00,14074.85,47.46,65.81857142857143,Waiting,151.25
1786,2021-01-06 14:15:00,14148.85,52.22,64.00571428571429,Waiting,151.2
1787,2021-01-06 15:15:00,14146.25,51.43,62.08285714285714,Waiting,151.22
1788,2021-01-07 09:15:00,14203.1,64.19,62.65642857142858,Waiting,151.9
1789,2021-01-07 10:15:00,14187.35,57.84,62.44785714285714,Waiting,151.64
1790,2021-01-07 11:15:00,14193.1,56.45,61.95,Waiting,151.64
1791,2021-01-07 12:15:00,14207.55,58.76,61.72785714285715,Waiting,151.93
1792,2021-01-07 13:15:00,14188.5,52.87,60.972142857142856,Waiting,151.54
1793,2021-01-07 14:15:00,14135.65,41.55,58.89214285714286,Waiting,151.71
1794,2021-01-07 15:15:00,14137.35,42.55,56.98214285714285,Waiting,151.54
1795,2021-01-08 09:15:00,14253.35,55.87,56.48285714285714,Waiting,151.9
1796,2021-01-08 10:15:00,14273.7,55.49,54.93071428571428,Waiting,152.29
1797,2021-01-08 11:15:00,14287.8,59.73,54.31357142857144,Waiting,152.2
1798,2021-01-08 12:15:00,14289.15,61.03,54.10285714285715,Waiting,152.39
1799,2021-01-08 13:15:00,14286.0,76.53,56.17928571428571,Waiting,152.19
1800,2021-01-08 14:15:00,14357.25,76.37,57.90428571428571,Waiting,152.6
1801,2021-01-08 15:15:00,14347.25,74.96,59.585,Waiting,152.88
1802,2021-01-11 10:15:00,14443.0,77.17,60.512142857142855,Waiting,153.82
1803,2021-01-11 11:15:00,14433.35,78.25,61.96999999999999,Waiting,153.76
1804,2021-01-11 12:15:00,14440.6,78.32,63.53214285714286,Waiting,154.06
1805,2021-01-11 13:15:00,14461.9,78.66,64.95357142857144,Waiting,154.15
1806,2021-01-11 14:15:00,14486.8,83.17,67.11785714285715,Waiting,154.3
1807,2021-01-11 15:15:00,14484.75,93.77,70.84785714285714,Waiting,154.5
1808,2021-01-12 09:15:00,14459.1,88.05,74.09785714285714,Waiting,154.4
1809,2021-01-12 10:15:00,14494.2,85.23,76.19500000000001,Waiting,154.35
1810,2021-01-12 11:15:00,14516.55,85.31,78.325,Waiting,154.51
1811,2021-01-12 12:15:00,14548.0,86.02,80.20285714285714,Waiting,154.9
1812,2021-01-12 13:15:00,14570.1,86.78,82.04214285714285,Waiting,155.32
1813,2021-01-12 14:15:00,14569.6,87.38,82.81714285714285,Waiting,155.32
1814,2021-01-12 15:15:00,14563.45,82.81,83.27714285714286,Waiting,155.32
1815,2021-01-13 09:15:00,14623.4,87.92,84.20285714285716,Waiting,156.08
1816,2021-01-13 10:15:00,14601.95,77.42,84.22071428571428,Waiting,155.76
1817,2021-01-13 11:15:00,14560.0,69.66,83.60714285714286,Waiting,155.44
1818,2021-01-13 12:15:00,14545.6,65.94,82.72285714285715,Waiting,155.55
1819,2021-01-13 13:15:00,14499.3,55.28,81.05285714285715,Waiting,155.14
1820,2021-01-13 14:15:00,14575.8,60.96,79.46642857142857,Waiting,155.26
1821,2021-01-13 15:15:00,14564.85,59.66,77.03,Waiting,155.6
1822,2021-01-14 09:15:00,14507.8,55.46,74.70214285714285,Waiting,154.77
1823,2021-01-14 10:15:00,14567.55,57.79,72.74214285714285,Waiting,155.14
1824,2021-01-14 11:15:00,14569.9,55.92,70.64285714285714,Waiting,155.42
1825,2021-01-14 12:15:00,14584.8,54.24,68.37285714285714,Waiting,155.5
1826,2021-01-14 13:15:00,14592.0,52.61,65.93214285714286,Waiting,155.51
1827,2021-01-14 14:15:00,14587.6,52.13,63.41428571428572,Waiting,155.62
1828,2021-01-14 15:15:00,14595.6,53.78,61.34071428571429,Waiting,155.76
1829,2021-01-15 09:15:00,14535.95,39.71,57.89714285714286,Waiting,154.81
1830,2021-01-15 10:15:00,14483.35,37.0,55.01,Waiting,154.99
1831,2021-01-15 11:15:00,14501.25,43.2,53.12,Waiting,154.82
1832,2021-01-15 12:15:00,14520.2,47.09,51.77357142857143,Waiting,155.1
1833,2021-01-15 13:15:00,14406.2,40.77,50.73714285714285,Waiting,155.02
1834,2021-01-15 14:15:00,14433.45,34.36,48.83714285714286,Waiting,154.14
1835,2021-01-15 15:15:00,14433.7,35.24,47.09285714285714,Waiting,154.11
1836,2021-01-18 09:15:00,14340.1,32.56,45.45714285714286,Waiting,153.28
1837,2021-01-18 10:15:00,14328.75,22.39,42.92857142857143,Waiting,152.8
1838,2021-01-18 11:15:00,14298.1,20.5,40.39857142857143,Buy,152.56
1839,2021-01-18 12:15:00,14315.5,20.93,38.01928571428572,Hold,152.77
1840,2021-01-18 13:15:00,14400.9,32.35,36.57214285714286,Hold,153.1
1841,2021-01-18 14:15:00,14287.0,26.91,34.770714285714284,Hold,153.22
1842,2021-01-18 15:15:00,14281.3,25.77,32.77,Hold,152.56
1843,2021-01-19 09:15:00,14412.5,41.43,32.892857142857146,Hold,153.76
1844,2021-01-19 10:15:00,14433.0,46.34,33.559999999999995,Hold,154.44
1845,2021-01-19 11:15:00,14468.85,47.71,33.88214285714286,Hold,154.45
1846,2021-01-19 12:15:00,14481.15,47.21,33.89071428571429,Hold,154.75
1847,2021-01-19 13:15:00,14495.75,57.46,35.082857142857144,Hold,155.0
1848,2021-01-19 14:15:00,14526.75,57.73,36.75214285714286,Hold,155.35
1849,2021-01-19 15:15:00,14521.15,57.18,38.31928571428572,Hold,155.6
1850,2021-01-20 09:15:00,14576.85,70.73,41.04571428571428,Sell,155.55
1851,2021-01-20 10:15:00,14611.7,73.79,44.71714285714286,Waiting,156.17
1852,2021-01-20 11:15:00,14606.95,77.15,48.76357142857143,Waiting,156.22
1853,2021-01-20 12:15:00,14602.25,75.78,52.68142857142857,Waiting,155.99
1854,2021-01-20 13:15:00,14631.85,73.08,55.59071428571429,Waiting,156.39
1855,2021-01-20 14:15:00,14643.85,94.79,60.43928571428571,Waiting,156.64
1856,2021-01-20 15:15:00,14644.7,96.18,65.46857142857144,Waiting,156.75
1857,2021-01-21 09:15:00,14727.3,95.64,69.3407142857143,Waiting,157.53
1858,2021-01-21 10:15:00,14741.25,95.55,72.85571428571428,Waiting,157.68
1859,2021-01-21 11:15:00,14734.45,92.94,76.08642857142857,Waiting,157.65
1860,2021-01-21 12:15:00,14740.85,92.8,79.34285714285714,Waiting,157.78
1861,2021-01-21 13:15:00,14699.9,80.96,81.02142857142857,Waiting,157.75
1862,2021-01-21 14:15:00,14586.45,57.24,80.98642857142859,Waiting,157.05
1863,2021-01-21 15:15:00,14590.35,58.43,81.07571428571428,Waiting,156.02
1864,2021-01-22 09:15:00,14601.25,53.34,79.83357142857143,Waiting,155.93
1865,2021-01-22 10:15:00,14499.35,37.02,77.20714285714287,Waiting,155.89
1866,2021-01-22 11:15:00,14503.25,37.99,74.41,Waiting,155.16
1867,2021-01-22 12:15:00,14401.25,31.01,71.21214285714287,Waiting,154.83
1868,2021-01-22 13:15:00,14402.1,27.05,67.92428571428572,Waiting,154.2
1869,2021-01-22 14:15:00,14362.95,23.38,62.82357142857143,Buy,154.52
1870,2021-01-22 15:15:00,14371.9,24.54,57.70642857142857,Hold,153.91
1871,2021-01-25 09:15:00,14376.45,11.67,51.70857142857143,Hold,153.41
1872,2021-01-25 10:15:00,14411.6,15.58,45.996428571428574,Hold,153.77
1873,2021-01-25 11:15:00,14356.45,14.15,40.36857142857143,Hold,153.66
1874,2021-01-25 12:15:00,14399.45,19.72,35.14857142857143,Hold,153.88
1875,2021-01-25 13:15:00,14316.7,18.36,30.677142857142854,Hold,153.69
1876,2021-01-25 14:15:00,14240.5,19.57,27.98642857142857,Hold,152.91
1877,2021-01-25 15:15:00,14238.9,18.96,25.16714285714286,Hold,152.46
1878,2021-01-27 09:15:00,14167.5,15.39,22.45642857142857,Hold,151.5
1879,2021-01-27 10:15:00,14146.75,17.68,21.075,Hold,151.16
1880,2021-01-27 11:15:00,14086.4,15.37,19.45928571428572,Hold,151.08
1881,2021-01-27 12:15:00,14066.7,17.8,18.51571428571429,Hold,150.76
1882,2021-01-27 13:15:00,13978.1,15.09,17.66142857142857,Hold,150.17
1883,2021-01-27 14:15:00,13965.3,15.78,17.11857142857143,Hold,149.16
1884,2021-01-27 15:15:00,13967.5,14.79,16.422142857142855,Hold,149.48
1885,2021-01-28 09:15:00,13866.4,11.98,16.444285714285716,Hold,148.45
1886,2021-01-28 10:15:00,13862.6,7.07,15.836428571428572,Hold,148.05
1887,2021-01-28 11:15:00,13811.9,7.12,15.334285714285716,Hold,148.29
1888,2021-01-28 12:15:00,13740.6,0.33,13.949285714285711,Hold,147.48
1889,2021-01-28 13:15:00,13802.15,9.93,13.347142857142858,Hold,148.02
1890,2021-01-28 14:15:00,13822.8,14.39,12.977142857142857,Hold,147.58
1891,2021-01-28 15:15:00,13817.55,14.3,12.644285714285717,Hold,147.99
1892,2021-01-29 09:15:00,13855.9,22.03,13.118571428571428,Hold,148.32
1893,2021-01-29 10:15:00,13869.9,24.85,13.630714285714287,Hold,147.95
1894,2021-01-29 11:15:00,13786.95,23.87,14.237857142857145,Hold,147.85
1895,2021-01-29 12:15:00,13767.8,23.89,14.672857142857143,Hold,147.72
1896,2021-01-29 13:15:00,13804.1,33.27,15.971428571428572,Hold,147.14
1897,2021-01-29 14:15:00,13625.6,25.23,16.646428571428572,Hold,147.86
1898,2021-01-29 15:15:00,13634.6,25.97,17.445,Hold,146.1
1899,2021-02-01 09:15:00,13746.65,41.49,19.552857142857142,Hold,146.44
1900,2021-02-01 10:15:00,13760.9,42.88,22.110714285714288,Hold,147.1
1901,2021-02-01 11:15:00,13807.45,49.69,25.15142857142857,Hold,147.95
1902,2021-02-01 12:15:00,14021.85,66.49,29.877142857142854,Hold,147.9
1903,2021-02-01 13:15:00,14145.9,68.77,34.08,Hold,151.45
1904,2021-02-01 14:15:00,14269.9,71.94,38.190714285714286,Sell,152.5
1905,2021-02-01 15:15:00,14281.2,72.62,42.35642857142857,Waiting,152.52
1906,2021-02-02 09:15:00,14657.45,79.41,46.455,Waiting,156.24
1907,2021-02-02 10:15:00,14588.2,75.33,50.06071428571429,Waiting,155.05
1908,2021-02-02 11:15:00,14589.25,80.02,54.07142857142857,Waiting,155.17
1909,2021-02-02 12:15:00,14609.4,81.47,58.184285714285714,Waiting,155.32
1910,2021-02-02 13:15:00,14646.75,81.49,61.62857142857143,Waiting,156.1
1911,2021-02-02 14:15:00,14642.9,93.72,66.52071428571428,Waiting,156.44
1912,2021-02-02 15:15:00,14647.85,93.7,71.35857142857142,Waiting,156.1
1913,2021-02-03 09:15:00,14753.6,93.66,75.08500000000001,Waiting,156.78
1914,2021-02-03 10:15:00,14791.55,93.79,78.72142857142856,Waiting,157.7
1915,2021-02-03 11:15:00,14811.0,93.64,81.86071428571428,Waiting,157.81
1916,2021-02-03 12:15:00,14848.35,92.48,83.71714285714286,Waiting,158.04
1917,2021-02-03 13:15:00,14820.4,88.47,85.12428571428572,Waiting,158.16
1918,2021-02-03 14:15:00,14792.85,83.52,85.95142857142856,Waiting,158.12
1919,2021-02-03 15:15:00,14789.95,82.96,86.69000000000001,Waiting,157.66
1920,2021-02-04 09:15:00,14749.95,60.62,85.34785714285714,Waiting,157.44
1921,2021-02-04 10:15:00,14784.45,74.49,85.28785714285713,Waiting,157.13
1922,2021-02-04 11:15:00,14821.8,76.6,85.04357142857143,Waiting,157.94
1923,2021-02-04 12:15:00,14831.7,76.04,84.6557142857143,Waiting,158.11
1924,2021-02-04 13:15:00,14903.3,77.82,84.39357142857143,Waiting,158.04
1925,2021-02-04 14:15:00,14885.0,75.46,83.08928571428571,Waiting,158.54
1926,2021-02-04 15:15:00,14895.65,75.75,81.80714285714285,Waiting,158.69
1927,2021-02-05 09:15:00,14946.45,72.62,80.30428571428571,Waiting,159.6
1928,2021-02-05 10:15:00,14940.25,68.85,78.52285714285715,Waiting,159.18
1929,2021-02-05 11:15:00,14981.75,70.5,76.86999999999999,Waiting,159.54
1930,2021-02-05 12:15:00,14914.55,57.41,74.365,Waiting,159.39
1931,2021-02-05 13:15:00,14946.2,63.97,72.615,Waiting,158.85
1932,2021-02-05 14:15:00,14918.65,63.97,71.21857142857142,Waiting,159.16
1933,2021-02-05 15:15:00,14924.25,64.83,69.92357142857142,Waiting,159.05
1934,2021-02-08 09:15:00,15103.25,79.85,71.29714285714286,Waiting,160.78
1935,2021-02-08 10:15:00,15114.8,79.04,71.62214285714286,Waiting,161.19
1936,2021-02-08 11:15:00,15091.2,74.27,71.45571428571428,Waiting,161.1
1937,2021-02-08 12:15:00,15124.55,75.31,71.40357142857142,Waiting,161.03
1938,2021-02-08 13:15:00,15138.15,72.56,71.02785714285714,Waiting,161.02
1939,2021-02-08 14:15:00,15116.2,72.05,70.78428571428572,Waiting,161.27
1940,2021-02-08 15:15:00,15115.8,71.42,70.475,Waiting,161.03
1941,2021-02-09 09:15:00,15168.55,71.53,70.39714285714287,Waiting,161.54
1942,2021-02-09 10:15:00,15219.15,74.89,70.82857142857144,Waiting,161.87
1943,2021-02-09 11:15:00,15222.35,73.05,71.01071428571429,Waiting,162.25
1944,2021-02-09 12:15:00,15236.3,84.32,72.93285714285715,Waiting,162.43
1945,2021-02-09 13:15:00,15243.25,83.45,74.32428571428571,Waiting,162.59
1946,2021-02-09 14:15:00,15115.05,68.03,74.61428571428571,Waiting,162.15
1947,2021-02-09 15:15:00,15109.3,66.98,74.76785714285714,Waiting,161.23
1948,2021-02-10 09:15:00,15077.15,46.72,72.40142857142857,Waiting,161.42
1949,2021-02-10 10:15:00,15069.25,44.22,69.91428571428571,Waiting,160.77
1950,2021-02-10 11:15:00,15096.0,50.6,68.22357142857143,Waiting,161.31
1951,2021-02-10 12:15:00,15074.95,43.56,65.95571428571428,Waiting,161.3
1952,2021-02-10 13:15:00,15042.25,38.14,63.497142857142855,Waiting,160.46
1953,2021-02-10 14:15:00,15106.55,48.92,61.845000000000006,Waiting,161.14
1954,2021-02-10 15:15:00,15106.5,48.96,60.24071428571428,Waiting,161.85
1955,2021-02-11 09:15:00,15148.9,47.75,58.54214285714285,Waiting,161.54
1956,2021-02-11 10:15:00,15126.8,38.67,55.955,Waiting,
1957,2021-02-11 11:15:00,15128.25,38.4,53.48,Waiting,
1958,2021-02-11 12:15:00,15135.8,37.42,50.13,Waiting,
1959,2021-02-11 13:15:00,15148.9,38.36,46.90928571428572,Waiting,
1960,2021-02-11 14:15:00,15173.55,59.69,46.31357142857144,Waiting,
1961,2021-02-11 15:15:00,15173.3,60.8,45.87214285714286,Waiting,
1962,2021-02-12 09:15:00,15192.95,70.39,47.56285714285714,Waiting,162.25
1963,2021-02-12 10:15:00,15238.0,76.28,49.85285714285715,Waiting,162.36
1964,2021-02-12 11:15:00,15198.75,65.4,50.91,Waiting,162.55
1965,2021-02-12 12:15:00,15221.75,71.88,52.932857142857145,Waiting,162.5
1966,2021-02-12 13:15:00,15117.05,59.18,54.43571428571429,Waiting,162.45
1967,2021-02-12 14:15:00,15162.15,57.16,55.02428571428571,Waiting,162.02
1968,2021-02-12 15:15:00,15163.3,57.29,55.61928571428572,Waiting,162.17
1969,2021-02-15 09:15:00,15289.1,64.83,56.83928571428572,Waiting,163.3
1970,2021-02-15 10:15:00,15314.9,69.74,59.05857142857143,Waiting,163.55
1971,2021-02-15 11:15:00,15304.3,68.13,61.18214285714286,Waiting,163.7
1972,2021-02-15 12:15:00,15319.25,68.6,63.40928571428572,Waiting,163.64
1973,2021-02-15 13:15:00,15297.45,64.8,65.29785714285714,Waiting,163.6
1974,2021-02-15 14:15:00,15317.25,64.46,65.63857142857142,Waiting,163.58
1975,2021-02-15 15:15:00,15314.7,64.16,65.87857142857142,Waiting,163.93
1976,2021-02-16 09:15:00,15393.2,67.94,65.70357142857144,Waiting,164.75
1977,2021-02-16 10:15:00,15383.1,63.87,64.81714285714285,Waiting,164.72
1978,2021-02-16 11:15:00,15354.0,65.13,64.79785714285714,Waiting,164.48
1979,2021-02-16 12:15:00,15275.3,54.71,63.57142857142856,Waiting,164.01
1980,2021-02-16 13:15:00,15276.9,67.17,64.14214285714286,Waiting,163.42
1981,2021-02-16 14:15:00,15312.4,66.48,64.80785714285715,Waiting,163.6
1982,2021-02-16 15:15:00,15313.45,66.47,65.46357142857143,Waiting,163.55
1983,2021-02-17 09:15:00,15240.55,43.98,63.97428571428571,Waiting,162.76
1984,2021-02-17 10:15:00,15291.55,47.27,62.36928571428571,Waiting,162.95
1985,2021-02-17 11:15:00,15286.4,47.88,60.92285714285714,Waiting,163.41
1986,2021-02-17 12:15:00,15229.2,40.32,58.90285714285714,Waiting,163.31
1987,2021-02-17 13:15:00,15229.5,42.34,57.29857142857144,Waiting,162.44
1988,2021-02-17 14:15:00,15218.15,38.61,55.45214285714286,Waiting,162.69
1989,2021-02-17 15:15:00,15208.9,38.02,53.585,Waiting,162.59
1990,2021-02-18 09:15:00,15226.45,28.1,50.739285714285714,Waiting,162.9
1991,2021-02-18 10:15:00,15218.8,28.28,48.19714285714286,Buy,163.12
1992,2021-02-18 11:15:00,15152.8,25.77,45.385714285714286,Hold,162.25
1993,2021-02-18 12:15:00,15135.95,30.28,43.64071428571429,Hold,161.79
1994,2021-02-18 13:15:00,15130.8,29.53,40.95214285714286,Hold,161.84
1995,2021-02-18 14:15:00,15113.45,20.63,37.67714285714286,Hold,162.26
1996,2021-02-18 15:15:00,15118.95,21.66,34.47642857142857,Hold,161.89
1997,2021-02-19 09:15:00,15101.9,25.87,33.182857142857145,Hold,161.42
1998,2021-02-19 10:15:00,15067.65,8.63,30.422857142857143,Hold,161.86
1999,2021-02-19 11:15:00,15082.1,13.5,27.967142857142857,Hold,161.48
2000,2021-02-19 12:15:00,15080.4,16.84,26.29,Hold,161.58
2001,2021-02-19 13:15:00,14912.5,9.57,23.949285714285715,Hold,161.02
2002,2021-02-19 14:15:00,15006.25,27.67,23.167857142857144,Hold,160.1
2003,2021-02-19 15:15:00,14981.75,26.8,22.36642857142857,Hold,160.42
2004,2021-02-22 09:15:00,14878.2,19.75,21.770000000000003,Hold,159.99
2005,2021-02-22 10:15:00,14858.25,19.34,21.131428571428568,Hold,159.29
2006,2021-02-22 11:15:00,14794.65,19.42,20.677857142857142,Hold,158.52
2007,2021-02-22 12:15:00,14777.35,19.4,19.900714285714283,Hold,158.48
2008,2021-02-22 13:15:00,14708.45,17.5,19.04142857142857,Hold,157.5
2009,2021-02-22 14:15:00,14681.95,17.26,18.80071428571429,Hold,157.7
2010,2021-02-22 15:15:00,14675.7,16.4,18.425,Hold,157.18
2011,2021-02-23 09:15:00,14754.95,25.97,18.432142857142857,Hold,157.5
2012,2021-02-23 10:15:00,14824.55,33.95,20.240714285714287,Hold,159.2
2013,2021-02-23 11:15:00,14726.45,28.85,21.337142857142855,Hold,158.02
2014,2021-02-23 12:15:00,14779.1,33.11,22.499285714285715,Hold,157.9
2015,2021-02-23 13:15:00,14738.6,38.63,24.575,Hold,158.2
2016,2021-02-23 14:15:00,14726.95,29.53,24.70785714285714,Hold,157.74
2017,2021-02-23 15:15:00,14707.8,29.77,24.920000000000005,Hold,157.59
2018,2021-02-24 09:15:00,14820.45,45.79,26.78,Hold,158.18
2019,2021-02-24 15:15:00,14765.45,43.57,28.510714285714283,Hold,
2020,2021-02-25 09:15:00,15118.15,66.01,31.83857142857143,Hold,162.05
2021,2021-02-25 10:15:00,15136.4,67.75,35.292142857142856,Hold,162.0
2022,2021-02-25 11:15:00,15083.7,68.86,38.96071428571429,Hold,161.6
2023,2021-02-25 12:15:00,15130.9,72.1,42.87785714285714,Sell,161.75
2024,2021-02-25 13:15:00,15139.75,72.79,46.90571428571429,Waiting,161.98
2025,2021-02-25 14:15:00,15095.7,67.33,49.86,Waiting,162.12
2026,2021-02-25 15:15:00,15097.35,64.91,52.07142857142857,Waiting,161.87
2027,2021-02-26 09:15:00,14877.6,57.29,54.10285714285715,Waiting,159.19
2028,2021-02-26 10:15:00,14744.45,48.45,55.19857142857144,Waiting,158.66
2029,2021-02-26 11:15:00,14608.8,44.65,55.62857142857143,Waiting,157.33
2030,2021-02-26 12:15:00,14591.15,44.43,56.692857142857136,Waiting,156.46
2031,2021-02-26 13:15:00,14688.1,49.24,58.08357142857143,Waiting,156.95
2032,2021-02-26 14:15:00,14548.3,39.72,57.65,Waiting,157.54
2033,2021-02-26 15:15:00,14529.15,40.82,57.45357142857142,Waiting,156.15
2034,2021-03-01 09:15:00,14735.1,33.21,55.11071428571428,Waiting,157.91
2035,2021-03-01 10:15:00,14786.5,35.1,52.77857142857143,Waiting,158.62
2036,2021-03-01 11:15:00,14708.95,34.37,50.315,Waiting,157.5
2037,2021-03-01 12:15:00,14727.65,32.77,47.50571428571429,Waiting,157.07
2038,2021-03-01 13:15:00,14749.9,33.53,44.701428571428565,Waiting,158.22
2039,2021-03-01 14:15:00,14761.25,35.47,42.425714285714285,Waiting,158.11
2040,2021-03-01 15:15:00,14761.55,35.39,40.317142857142855,Waiting,158.01
2041,2021-03-02 09:15:00,14920.95,51.99,39.93857142857143,Waiting,159.08
2042,2021-03-02 10:15:00,14809.95,53.07,40.26857142857143,Waiting,159.18
2043,2021-03-02 11:15:00,14835.2,61.83,41.49571428571429,Waiting,158.63
2044,2021-03-02 12:15:00,14810.25,61.36,42.705,Waiting,158.7
2045,2021-03-02 13:15:00,14856.95,59.24,43.419285714285714,Waiting,158.94
2046,2021-03-02 14:15:00,14932.8,72.62,45.76928571428572,Waiting,158.87
2047,2021-03-02 15:15:00,14919.1,73.09,48.07428571428572,Waiting,159.57
2048,2021-03-03 09:15:00,15036.85,69.95,50.69857142857143,Waiting,160.45
2049,2021-03-03 10:15:00,15064.6,68.98,53.11857142857144,Waiting,161.15
2050,2021-03-03 11:15:00,15109.0,78.6,56.27785714285715,Waiting,161.0
2051,2021-03-03 12:15:00,15123.5,78.47,59.54214285714285,Waiting,161.6
2052,2021-03-03 13:15:00,15130.45,77.99,62.71785714285714,Waiting,161.96
2053,2021-03-03 14:15:00,15248.45,80.97,65.96785714285714,Waiting,162.5
2054,2021-03-03 15:15:00,15245.6,80.67,69.20214285714285,Waiting,162.98
2055,2021-03-04 09:15:00,15065.5,58.93,69.69785714285715,Waiting,160.4
2056,2021-03-04 10:15:00,15134.25,71.13,70.98785714285715,Waiting,161.0
2057,2021-03-04 11:15:00,15134.75,70.16,71.58285714285714,Waiting,161.88
2058,2021-03-04 12:15:00,15193.9,74.69,72.535,Waiting,162.07
2059,2021-03-04 13:15:00,15157.3,69.58,73.27357142857143,Waiting,161.98
2060,2021-03-04 14:15:00,15083.7,59.87,72.36285714285714,Waiting,161.56
2061,2021-03-04 15:15:00,15080.75,60.72,71.47928571428572,Waiting,161.2
2062,2021-03-05 09:15:00,15063.9,52.07,70.20214285714285,Waiting,160.5
2063,2021-03-05 10:15:00,15005.25,45.66,68.53642857142857,Waiting,160.32
2064,2021-03-05 11:15:00,15007.0,42.05,65.92571428571428,Waiting,160.46
2065,2021-03-05 12:15:00,15009.45,40.94,63.245000000000005,Waiting,160.6
2066,2021-03-05 13:15:00,14890.45,33.81,60.08928571428572,Waiting,159.98
2067,2021-03-05 14:15:00,14954.9,28.66,56.35285714285714,Waiting,159.65
2068,2021-03-05 15:15:00,14938.1,28.09,52.597142857142856,Buy,159.66
2069,2021-03-08 09:15:00,15089.4,51.78,52.08642857142856,Hold,160.83
2070,2021-03-08 10:15:00,15024.7,41.81,49.99214285714286,Hold,160.35
2071,2021-03-08 11:15:00,15012.35,41.01,47.91,Hold,160.83
2072,2021-03-08 12:15:00,15006.95,35.09,45.08142857142857,Hold,160.51
2073,2021-03-08 13:15:00,14985.0,35.93,42.67785714285714,Hold,160.3
2074,2021-03-08 14:15:00,14963.65,39.28,41.207142857142856,Hold,161.0
2075,2021-03-08 15:15:00,14956.2,38.97,39.65357142857143,Hold,160.04
2076,2021-03-09 09:15:00,15054.05,49.24,39.451428571428565,Hold,161.24
2077,2021-03-09 10:15:00,15055.25,54.25,40.065,Hold,161.08
2078,2021-03-09 11:15:00,15058.15,54.34,40.942857142857136,Hold,161.44
2079,2021-03-09 12:15:00,14973.55,47.33,41.39928571428572,Hold,160.76
2080,2021-03-09 13:15:00,14985.45,58.42,43.15714285714285,Hold,160.04
2081,2021-03-09 14:15:00,15114.55,62.69,45.587857142857146,Hold,160.65
2082,2021-03-09 15:15:00,15098.4,62.76,48.06428571428573,Hold,161.47
2083,2021-03-10 09:15:00,15191.9,58.98,48.57857142857143,Hold,162.25
2084,2021-03-10 10:15:00,15150.15,61.46,49.98214285714285,Hold,161.94
2085,2021-03-10 11:15:00,15121.55,59.69,51.316428571428574,Hold,161.97
2086,2021-03-10 12:15:00,15163.55,63.04,53.31285714285714,Hold,161.97
2087,2021-03-10 13:15:00,15180.75,66.43,55.49142857142858,Hold,162.18
2088,2021-03-10 14:15:00,15176.1,68.35,57.567857142857136,Hold,162.38
2089,2021-03-10 15:15:00,15174.8,69.09,59.71928571428572,Hold,162.16
2090,2021-03-12 09:15:00,15288.45,69.92,61.19642857142857,Hold,163.33
2091,2021-03-12 10:15:00,15270.1,67.74,62.16,Hold,163.1
2092,2021-03-12 11:15:00,15254.1,65.83,62.980714285714285,Hold,163.22
2093,2021-03-12 12:15:00,15204.05,69.73,64.58071428571428,Hold,162.57
2094,2021-03-12 13:15:00,14994.45,50.58,64.02071428571428,Hold,161.0
2095,2021-03-12 14:15:00,15029.95,43.85,62.675,Hold,160.65
2096,2021-03-12 15:15:00,15030.95,44.99,61.40571428571428,Hold,160.63
2097,2021-03-15 09:15:00,14868.3,28.2,59.207142857142856,Hold,158.97
2098,2021-03-15 10:15:00,14812.0,27.66,56.79285714285714,Hold,159.1
2099,2021-03-15 11:15:00,14821.35,29.65,54.64714285714285,Hold,158.8
2100,2021-03-15 12:15:00,14765.45,23.51,51.82357142857143,Hold,158.37
2101,2021-03-15 13:15:00,14806.75,25.89,48.927857142857135,Hold,158.79
2102,2021-03-15 14:15:00,14924.65,35.86,46.60714285714285,Hold,159.28
2103,2021-03-15 15:15:00,14929.5,36.26,44.262142857142855,Hold,159.96
2104,2021-03-16 09:15:00,14984.75,31.79,41.53857142857144,Hold,160.13
2105,2021-03-16 10:15:00,15028.75,35.96,39.26857142857143,Hold,161.05
2106,2021-03-16 11:15:00,14990.1,35.04,37.06928571428572,Hold,160.2
2107,2021-03-16 12:15:00,14939.25,35.01,34.58928571428571,Hold,160.49
2108,2021-03-16 13:15:00,14913.5,44.21,34.13428571428572,Hold,159.89
2109,2021-03-16 14:15:00,14900.5,40.44,33.89071428571429,Hold,160.1
2110,2021-03-16 15:15:00,14910.45,41.21,33.620714285714286,Hold,159.79
2111,2021-03-17 09:15:00,14866.15,49.81,35.16428571428572,Hold,159.64
2112,2021-03-17 10:15:00,14874.8,56.04,37.19142857142857,Hold,159.21
2113,2021-03-17 11:15:00,14861.7,53.85,38.92,Hold,159.69
2114,2021-03-17 12:15:00,14830.15,56.48,41.275,Hold,159.14
2115,2021-03-17 13:15:00,14791.0,48.42,42.88428571428572,Hold,158.98
2116,2021-03-17 14:15:00,14698.85,26.04,42.182857142857145,Hold,158.37
2117,2021-03-17 15:15:00,14721.3,28.7,41.642857142857146,Hold,157.88
2118,2021-03-18 09:15:00,14807.85,32.99,41.72857142857142,Hold,159.05
2119,2021-03-18 10:15:00,14785.05,25.58,40.987142857142864,Hold,158.3
2120,2021-03-18 11:15:00,14825.95,33.62,40.885714285714286,Hold,158.5
2121,2021-03-18 12:15:00,14708.85,29.7,40.506428571428565,Hold,158.68
2122,2021-03-18 13:15:00,14506.0,22.63,38.965,Hold,156.76
2123,2021-03-18 14:15:00,14586.15,30.64,38.265,Hold,155.72
2124,2021-03-18 15:15:00,14557.85,28.76,37.37571428571429,Hold,156.12
2125,2021-03-19 09:15:00,14500.9,28.33,35.84142857142857,Hold,154.62
2126,2021-03-19 10:15:00,14615.55,36.34,34.434285714285714,Hold,155.68
2127,2021-03-19 11:15:00,14519.8,33.42,32.975,Hold,155.73
2128,2021-03-19 12:15:00,14578.8,38.13,31.664285714285715,Hold,155.9
2129,2021-03-19 13:15:00,14674.35,44.77,31.40357142857143,Hold,156.55
2130,2021-03-19 14:15:00,14747.7,52.23,33.27428571428572,Hold,157.76
2131,2021-03-19 15:15:00,14744.0,51.05,34.870714285714286,Hold,157.87
2132,2021-03-22 09:15:00,14731.8,46.21,35.815000000000005,Hold,157.4
2133,2021-03-22 10:15:00,14684.2,45.1,37.20928571428571,Hold,156.97
2134,2021-03-22 11:15:00,14681.0,42.68,37.85642857142857,Hold,156.84
2135,2021-03-22 12:15:00,14626.4,45.56,38.989285714285714,Hold,156.26
2136,2021-03-22 13:15:00,14693.55,61.84,41.79,Hold,156.74
2137,2021-03-22 14:15:00,14756.3,60.98,43.957142857142856,Hold,156.86
2138,2021-03-22 15:15:00,14736.4,61.65,46.30642857142857,Hold,157.55
2139,2021-03-23 09:15:00,14772.5,68.22,49.15571428571428,Hold,158.1
2140,2021-03-23 10:15:00,14801.95,64.11,51.13928571428571,Hold,157.9
2141,2021-03-23 11:15:00,14764.65,70.34,53.776428571428575,Sell,157.61
2142,2021-03-23 12:15:00,14789.0,68.53,55.94785714285714,Waiting,157.88
2143,2021-03-23 13:15:00,14815.85,64.19,57.335,Waiting,158.05
2144,2021-03-23 14:15:00,14817.4,58.17,57.75928571428572,Waiting,158.82
2145,2021-03-23 15:15:00,14814.75,58.31,58.27785714285715,Waiting,158.35
2146,2021-03-24 09:15:00,14668.85,44.37,58.146428571428565,Waiting,157.55
2147,2021-03-24 10:15:00,14628.35,44.94,58.135,Waiting,156.92
2148,2021-03-24 11:15:00,14631.9,45.56,58.34071428571429,Waiting,156.66
2149,2021-03-24 12:15:00,14616.7,49.05,58.59,Waiting,157.22
2150,2021-03-24 13:15:00,14636.6,43.89,57.307857142857145,Waiting,157.05
2151,2021-03-24 14:15:00,14549.6,28.92,55.017857142857146,Waiting,157.05
2152,2021-03-24 15:15:00,14549.4,30.13,52.76642857142856,,156.38
2153,2021-03-25 09:15:00,14436.4,19.3,49.27214285714286,Buy,155.02
2154,2021-03-25 10:15:00,14370.3,13.05,45.625,Hold,154.58
2155,2021-03-25 11:15:00,14315.1,12.66,41.505,Hold,154.43
2156,2021-03-25 12:15:00,14295.7,8.69,37.230714285714285,Hold,153.8
2157,2021-03-25 13:15:00,14400.7,19.25,34.020714285714284,Hold,154.65
2158,2021-03-25 14:15:00,14298.9,16.57,31.049285714285716,Hold,154.85
2159,2021-03-25 15:15:00,14324.9,19.34,28.265714285714285,Hold,153.86
2160,2021-03-26 09:15:00,14480.6,38.36,27.83642857142857,Hold,154.75
2161,2021-03-26 10:15:00,14481.85,40.48,27.517857142857142,Hold,155.38
2162,2021-03-26 11:15:00,14539.55,44.39,27.434285714285718,Hold,155.32
2163,2021-03-26 12:15:00,14528.85,44.64,27.119285714285716,Hold,155.27
2164,2021-03-26 13:15:00,14533.75,43.6,27.09857142857143,Hold,155.17
2165,2021-03-26 14:15:00,14496.15,46.46,28.351428571428567,Hold,155.28
2166,2021-03-26 15:15:00,14507.3,47.25,29.57428571428571,Hold,155.21
2167,2021-03-30 09:15:00,14741.05,67.19,32.995000000000005,Hold,156.83
2168,2021-03-30 10:15:00,14757.9,73.15,37.28785714285714,Sell,157.3
2169,2021-03-30 11:15:00,14722.3,74.91,41.73428571428571,Waiting,157.53
2170,2021-03-30 12:15:00,14761.8,77.83,46.67285714285715,Waiting,157.4
2171,2021-03-30 13:15:00,14851.2,77.41,50.82714285714286,Waiting,157.95
2172,2021-03-30 14:15:00,14849.55,88.15,55.94,Waiting,158.44
2173,2021-03-30 15:15:00,14845.1,87.15,60.78357142857143,Waiting,158.42
2174,2021-03-31 09:15:00,14747.2,70.75,63.097142857142856,Waiting,
2175,2021-03-31 10:15:00,14741.35,70.05,65.20928571428571,Waiting,
2176,2021-03-31 11:15:00,14734.65,66.37,66.7792857142857,Waiting,
2177,2021-03-31 12:15:00,14747.65,68.29,68.46857142857142,Waiting,
2178,2021-03-31 13:15:00,14740.25,67.19,70.15357142857144,Waiting,
2179,2021-03-31 14:15:00,14693.4,66.17,71.56142857142858,Waiting,
2180,2021-03-31 15:15:00,14690.7,65.24,72.84642857142858,Waiting,
2181,2021-04-01 09:15:00,14765.9,52.8,71.81857142857143,Waiting,
2182,2021-04-01 10:15:00,14727.75,46.75,69.93285714285715,Waiting,
2183,2021-04-01 11:15:00,14753.6,53.44,68.39928571428571,Waiting,
2184,2021-04-01 12:15:00,14791.7,53.3,66.64714285714285,Waiting,
2185,2021-04-01 13:15:00,14842.8,48.99,64.61714285714285,Waiting,
2186,2021-04-01 14:15:00,14875.55,52.91,62.10000000000001,Waiting,
2187,2021-04-01 15:15:00,14867.35,52.47,59.622857142857136,Waiting,
2188,2021-04-05 09:15:00,14574.45,36.6,57.18357142857143,Waiting,
2189,2021-04-05 10:15:00,14473.3,31.89,54.45785714285714,Waiting,
2190,2021-04-05 11:15:00,14537.5,37.64,52.40571428571428,Waiting,
2191,2021-04-05 12:15:00,14574.65,39.47,50.347142857142856,Waiting,
2192,2021-04-05 13:15:00,14647.0,44.74,48.74357142857143,Waiting,
2193,2021-04-05 14:15:00,14632.3,46.42,47.33285714285714,Waiting,
2194,2021-04-05 15:15:00,14637.8,46.91,46.02357142857143,Waiting,
2195,2021-04-06 09:15:00,14721.95,47.46,45.64214285714285,Waiting,
2196,2021-04-06 10:15:00,14751.65,51.39,45.97357142857144,Waiting,
2197,2021-04-06 11:15:00,14722.65,48.2,45.59928571428571,Waiting,
2198,2021-04-06 12:15:00,14691.4,44.13,44.94428571428572,Waiting,
2199,2021-04-06 13:15:00,14654.05,38.77,44.21428571428572,Waiting,
2200,2021-04-06 14:15:00,14680.75,38.33,43.17285714285714,Waiting,
2201,2021-04-06 15:15:00,14683.5,38.91,42.20428571428572,Waiting,
2202,2021-04-07 09:15:00,14786.4,66.59,44.346428571428575,Waiting,
2203,2021-04-07 10:15:00,14856.65,81.53,47.89214285714286,Waiting,
2204,2021-04-07 11:15:00,14858.25,79.41,50.87571428571429,Waiting,
2205,2021-04-07 12:15:00,14872.35,78.5,53.66357142857142,Waiting,
2206,2021-04-07 13:15:00,14834.1,69.16,55.40785714285715,Waiting,
2207,2021-04-07 14:15:00,14818.35,69.01,57.02142857142858,Waiting,
2208,2021-04-07 15:15:00,14819.05,68.71,58.57857142857142,Waiting,
2209,2021-04-08 09:15:00,14941.2,70.98,60.25857142857143,Waiting,
2210,2021-04-08 10:15:00,14940.0,69.07,61.52142857142858,Waiting,
2211,2021-04-08 11:15:00,14889.0,66.12,62.80142857142857,Waiting,
2212,2021-04-08 12:15:00,14932.2,72.81,64.85,Waiting,
2213,2021-04-08 13:15:00,14945.5,78.92,67.71785714285714,Waiting,
2214,2021-04-08 14:15:00,14866.65,66.72,69.74571428571429,Waiting,
2215,2021-04-08 15:15:00,14873.8,66.98,71.75071428571428,Waiting,
2216,2021-04-09 09:15:00,14906.25,62.23,71.43928571428572,Waiting,
2217,2021-04-09 10:15:00,14845.9,48.88,69.10714285714286,Waiting,
2218,2021-04-09 11:15:00,14853.25,49.49,66.97,Waiting,
2219,2021-04-09 12:15:00,14861.9,48.91,64.85642857142857,Waiting,
2220,2021-04-09 13:15:00,14822.6,48.81,63.40285714285714,Waiting,
2221,2021-04-09 14:15:00,14832.85,51.52,62.15357142857143,Waiting,
2222,2021-04-09 15:15:00,14834.85,51.66,60.93571428571429,Waiting,
2223,2021-04-12 09:15:00,14454.75,16.91,57.07357142857144,Waiting,
2224,2021-04-12 10:15:00,14427.05,16.33,53.30642857142857,Buy,
2225,2021-04-12 11:15:00,14322.25,15.25,49.67285714285714,Hold,
2226,2021-04-12 12:15:00,14320.25,10.48,45.22071428571429,Hold,
2227,2021-04-12 13:15:00,14317.7,8.89,40.21857142857142,Hold,
2228,2021-04-12 14:15:00,14301.6,9.68,36.14428571428572,Hold,
2229,2021-04-12 15:15:00,14310.8,9.95,32.07071428571429,Hold,
2230,2021-04-13 09:15:00,14442.75,21.11,29.13357142857143,Hold,
2231,2021-04-13 10:15:00,14355.4,20.43,27.10142857142857,Hold,
2232,2021-04-13 11:15:00,14324.25,19.0,24.923571428571428,Hold,
2233,2021-04-13 12:15:00,14331.4,18.85,22.77642857142857,Hold,
2234,2021-04-13 13:15:00,14463.95,31.02,21.505714285714284,Hold,
2235,2021-04-13 14:15:00,14509.25,33.49,20.217857142857145,Hold,
2236,2021-04-13 15:15:00,14504.8,33.2,18.899285714285718,Hold,
2237,2021-04-15 09:15:00,14453.85,49.93,21.257857142857144,Hold,
2238,2021-04-15 10:15:00,14367.15,45.79,23.362142857142857,Hold,
2239,2021-04-15 11:15:00,14429.9,58.03,26.417857142857144,Hold,
2240,2021-04-15 12:15:00,14426.3,57.89,29.804285714285715,Hold,
2241,2021-04-15 13:15:00,14514.35,62.98,33.667857142857144,Hold,
2242,2021-04-15 14:15:00,14587.7,67.56,37.80214285714286,Hold,
2243,2021-04-15 15:15:00,14581.45,66.67,41.85357142857142,Hold,
2244,2021-04-16 09:15:00,14654.4,64.06,44.92142857142858,Hold,
2245,2021-04-16 10:15:00,14671.25,73.15,48.68714285714286,Sell,
2246,2021-04-16 11:15:00,14644.7,73.65,52.59071428571429,Waiting,
2247,2021-04-16 12:15:00,14658.3,73.9,56.52285714285714,Waiting,
2248,2021-04-16 13:15:00,14653.3,67.02,59.09428571428571,Waiting,
2249,2021-04-16 14:15:00,14618.4,60.0,60.98785714285714,Waiting,
2250,2021-04-16 15:15:00,14617.85,60.43,62.932857142857145,Waiting,
2251,2021-04-19 09:15:00,14288.55,39.93,62.21857142857142,Waiting,
2252,2021-04-19 10:15:00,14308.2,46.09,62.24,Waiting,
2253,2021-04-19 11:15:00,14269.95,39.03,60.88285714285714,Waiting,
2254,2021-04-19 12:15:00,14315.05,42.78,59.80357142857144,Waiting,
2255,2021-04-19 13:15:00,14354.45,38.92,58.085,Waiting,
2256,2021-04-19 14:15:00,14361.9,32.78,55.60071428571428,Waiting,
2257,2021-04-19 15:15:00,14359.45,32.98,53.19428571428572,Waiting,
2258,2021-04-20 09:15:00,14444.9,34.24,51.06428571428571,Waiting,
2259,2021-04-20 10:15:00,14433.35,31.96,48.12214285714286,Waiting,
2260,2021-04-20 11:15:00,14397.2,31.5,45.111428571428576,Waiting,
2261,2021-04-20 12:15:00,14377.25,29.19,41.91785714285714,Waiting,
2262,2021-04-20 13:15:00,14369.3,29.06,39.20642857142857,Buy,
2263,2021-04-20 14:15:00,14314.95,28.25,36.93857142857143,Hold,
2264,2021-04-20 15:15:00,14296.4,27.54,34.589285714285715,Hold,
2265,2021-04-22 09:15:00,14244.4,44.96,34.94857142857143,Hold,
2266,2021-04-22 10:15:00,14253.85,43.65,34.77428571428572,Hold,
2267,2021-04-22 11:15:00,14322.5,55.73,35.96714285714285,Hold,
2268,2021-04-22 12:15:00,14345.35,53.47,36.730714285714285,Hold,
2269,2021-04-22 13:15:00,14399.4,54.99,37.87857142857143,Hold,
2270,2021-04-22 14:15:00,14406.3,54.93,39.46071428571429,Hold,
2271,2021-04-22 15:15:00,14406.15,55.21,41.04857142857144,Hold,
2272,2021-04-23 09:15:00,14392.9,43.08,41.68,Hold,
2273,2021-04-23 10:15:00,14449.2,51.88,43.10285714285714,Hold,
2274,2021-04-23 11:15:00,14429.05,53.94,44.705714285714286,Hold,
2275,2021-04-23 12:15:00,14396.7,52.33,46.35857142857143,Hold,
2276,2021-04-23 13:15:00,14351.05,47.99,47.71071428571428,Hold,
2277,2021-04-23 14:15:00,14341.3,53.21,49.49357142857143,Hold,
2278,2021-04-23 15:15:00,14341.35,55.74,51.50785714285714,Hold,
2279,2021-04-26 09:15:00,14522.9,76.72,53.776428571428575,Sell,
2280,2021-04-26 10:15:00,14538.15,76.98,56.15714285714286,Waiting,
2281,2021-04-26 11:15:00,14515.4,70.05,57.18,Waiting,
2282,2021-04-26 12:15:00,14498.15,66.07,58.08,Waiting,
2283,2021-04-26 13:15:00,14486.5,60.06,58.44214285714286,Waiting,
2284,2021-04-26 14:15:00,14480.0,58.52,58.69857142857143,Waiting,
2285,2021-04-26 15:15:00,14485.0,59.01,58.96999999999999,Waiting,
2286,2021-04-27 09:15:00,14566.55,67.17,60.69071428571429,Waiting,
2287,2021-04-27 10:15:00,14587.4,64.69,61.605714285714285,Waiting,
2288,2021-04-27 11:15:00,14624.85,70.08,62.75857142857143,Waiting,
2289,2021-04-27 12:15:00,14599.55,71.11,64.10000000000001,Waiting,
2290,2021-04-27 13:15:00,14632.55,80.08,66.39214285714286,Waiting,
2291,2021-04-27 14:15:00,14654.35,82.61,68.49214285714285,Waiting,
2292,2021-04-27 15:15:00,14653.05,82.39,70.39571428571428,Waiting,
2293,2021-04-28 09:15:00,14754.95,78.89,70.55071428571428,Waiting,
2294,2021-04-28 10:15:00,14776.0,79.19,70.70857142857143,Waiting,
2295,2021-04-28 11:15:00,14799.3,84.8,71.76214285714285,Waiting,
2296,2021-04-28 12:15:00,14866.55,90.23,73.48785714285714,Waiting,
2297,2021-04-28 13:15:00,14872.0,92.67,75.81714285714285,Waiting,
2298,2021-04-28 14:15:00,14865.05,92.58,78.25,Waiting,
2299,2021-04-28 15:15:00,14864.55,92.39,80.63428571428572,Waiting,
2300,2021-04-29 09:15:00,14923.4,91.99,82.40714285714284,Waiting,
2301,2021-04-29 10:15:00,14841.6,76.16,83.22642857142856,Waiting,
2302,2021-04-29 11:15:00,14904.3,77.34,83.74499999999999,Waiting,
2303,2021-04-29 12:15:00,14913.6,81.71,84.50214285714286,Waiting,
2304,2021-04-29 13:15:00,14899.7,78.06,84.35785714285714,Waiting,
2305,2021-04-29 14:15:00,14893.45,75.96,83.88285714285713,Waiting,
2306,2021-04-29 15:15:00,14894.9,76.25,83.4442857142857,Waiting,
2307,2021-04-30 09:15:00,14803.8,55.43,81.76857142857143,Waiting,
2308,2021-04-30 10:15:00,14811.8,54.1,79.97642857142857,Waiting,
2309,2021-04-30 11:15:00,14784.9,48.37,77.37428571428572,Waiting,
2310,2021-04-30 12:15:00,14761.65,36.77,73.55571428571429,Waiting,
2311,2021-04-30 13:15:00,14700.35,31.02,69.15214285714286,Waiting,
2312,2021-04-30 14:15:00,14630.9,27.26,64.48642857142856,Waiting,
2313,2021-04-30 15:15:00,14631.1,27.31,59.837857142857146,Buy,
2314,2021-05-03 09:15:00,14543.05,15.02,54.34,Hold,
2315,2021-05-03 10:15:00,14544.4,17.92,50.18,Hold,
2316,2021-05-03 11:15:00,14569.35,10.64,45.41571428571428,Hold,
2317,2021-05-03 12:15:00,14590.05,12.97,40.50571428571429,Hold,
2318,2021-05-03 13:15:00,14559.1,12.48,35.82142857142857,Hold,
2319,2021-05-03 14:15:00,14628.8,24.42,32.14,Hold,
2320,2021-05-03 15:15:00,14634.15,24.99,28.47857142857143,Hold,
2321,2021-05-04 09:15:00,14647.4,32.36,26.830714285714286,Hold,
2322,2021-05-04 10:15:00,14686.25,36.76,25.592142857142857,Hold,
2323,2021-05-04 11:15:00,14668.75,37.51,24.81642857142857,Hold,
2324,2021-05-04 12:15:00,14578.1,32.76,24.53,Hold,
2325,2021-05-04 13:15:00,14603.05,40.19,25.185,Hold,
2326,2021-05-04 14:15:00,14504.4,37.95,25.948571428571427,Hold,
2327,2021-05-04 15:15:00,14496.5,37.37,26.667142857142856,Hold,
2328,2021-05-05 09:15:00,14551.65,50.86,29.22714285714286,Hold,
2329,2021-05-05 10:15:00,14563.35,51.86,31.65142857142857,Hold,
2330,2021-05-05 11:15:00,14571.7,50.24,34.48,Hold,
2331,2021-05-05 12:15:00,14614.4,52.36,37.29357142857143,Hold,
2332,2021-05-05 13:15:00,14552.45,49.39,39.93,Hold,
2333,2021-05-05 14:15:00,14621.0,49.29,41.70642857142856,Hold,
2334,2021-05-05 15:15:00,14617.85,48.5,43.38571428571429,Hold,
2335,2021-05-06 09:15:00,14650.3,50.26,44.66428571428572,Hold,
2336,2021-05-06 10:15:00,14636.85,45.4,45.28142857142858,Hold,
2337,2021-05-06 11:15:00,14673.2,50.4,46.20214285714286,Hold,
2338,2021-05-06 12:15:00,14712.75,63.34,48.386428571428574,Hold,
2339,2021-05-06 13:15:00,14691.9,58.87,49.72071428571429,Hold,
2340,2021-05-06 14:15:00,14721.85,75.16,52.37857142857143,Sell,
2341,2021-05-06 15:15:00,14724.8,76.73,55.190000000000005,Waiting,
2342,2021-05-07 09:15:00,14834.1,79.35,57.22500000000001,Waiting,
2343,2021-05-07 10:15:00,14811.55,75.22,58.89357142857143,Waiting,
2344,2021-05-07 11:15:00,14791.05,71.75,60.43,Waiting,
2345,2021-05-07 12:15:00,14778.05,67.24,61.49285714285714,Waiting,
2346,2021-05-07 13:15:00,14834.0,80.04,63.68214285714286,Waiting,
2347,2021-05-07 14:15:00,14827.3,75.36,65.54428571428572,Waiting,
2348,2021-05-07 15:15:00,14823.15,75.18,67.45,Waiting,
2349,2021-05-10 09:15:00,14920.6,78.59,69.47357142857143,Waiting,
2350,2021-05-10 10:15:00,14932.6,81.38,72.04357142857143,Waiting,
2351,2021-05-10 11:15:00,14940.8,80.2,74.17214285714286,Waiting,
2352,2021-05-10 12:15:00,14934.7,77.09,75.1542857142857,Waiting,
2353,2021-05-10 13:15:00,14946.8,81.79,76.79142857142857,Waiting,
2354,2021-05-10 14:15:00,14941.2,79.13,77.075,Waiting,
2355,2021-05-10 15:15:00,14942.35,79.03,77.23928571428571,Waiting,
2356,2021-05-11 09:15:00,14845.85,51.62,75.25857142857144,Waiting,
2357,2021-05-11 10:15:00,14831.75,52.86,73.66142857142857,Waiting,
2358,2021-05-11 11:15:00,14883.45,62.01,72.96571428571428,Waiting,
2359,2021-05-11 12:15:00,14849.3,58.78,72.36142857142858,Waiting,
2360,2021-05-11 13:15:00,14831.0,49.59,70.18642857142856,Waiting,
2361,2021-05-11 14:15:00,14854.75,53.56,68.62928571428571,Waiting,
2362,2021-05-11 15:15:00,14850.75,53.58,67.08642857142857,Waiting,
2363,2021-05-12 09:15:00,14740.25,27.35,63.426428571428566,Waiting,
2364,2021-05-12 10:15:00,14712.5,23.41,59.285714285714285,Buy,
2365,2021-05-12 11:15:00,14758.5,29.82,55.68714285714286,Hold,
2366,2021-05-12 12:15:00,14775.1,32.73,52.51857142857143,Hold,
2367,2021-05-12 13:15:00,14745.15,29.0,48.74785714285714,Hold,
2368,2021-05-12 14:15:00,14707.9,27.2,45.03857142857144,Hold,
2369,2021-05-12 15:15:00,14696.5,26.45,41.28285714285714,Hold,
2370,2021-05-14 09:15:00,14685.15,31.6,39.85285714285714,Hold,
2371,2021-05-14 10:15:00,14663.35,31.06,38.29571428571428,Hold,
2372,2021-05-14 11:15:00,14623.1,19.94,35.29071428571429,Hold,
2373,2021-05-14 12:15:00,14666.5,29.34,33.18785714285714,Hold,
2374,2021-05-14 13:15:00,14659.75,30.12,31.79714285714286,Hold,
2375,2021-05-14 14:15:00,14672.65,28.32,29.99428571428572,Hold,
2376,2021-05-14 15:15:00,14677.8,29.46,28.27142857142857,Hold,
2377,2021-05-17 09:15:00,14808.15,57.7,30.439285714285717,Hold,
2378,2021-05-17 10:15:00,14802.75,60.78,33.10857142857143,Hold,
2379,2021-05-17 11:15:00,14827.9,58.73,35.17357142857143,Hold,
2380,2021-05-17 12:15:00,14836.95,57.93,36.97357142857143,Hold,
2381,2021-05-17 13:15:00,14871.4,66.0,39.61642857142857,Hold,
2382,2021-05-17 14:15:00,14921.15,76.19,43.11571428571428,Sell,
2383,2021-05-17 15:15:00,14923.15,78.49,46.83285714285715,Waiting,
2384,2021-05-18 09:15:00,15057.35,85.75,50.70071428571429,Waiting,
2385,2021-05-18 10:15:00,15126.25,90.77,54.96571428571429,Waiting,
2386,2021-05-18 11:15:00,15121.6,96.84,60.45857142857143,Waiting,
2387,2021-05-18 12:15:00,15101.2,92.69,64.98357142857142,Waiting,
2388,2021-05-18 13:15:00,15109.35,94.04,69.54928571428572,Waiting,
2389,2021-05-18 14:15:00,15104.6,92.99,74.16857142857144,Waiting,
2390,2021-05-18 15:15:00,15108.1,92.97,78.705,Waiting,
2391,2021-05-19 09:15:00,15102.05,89.04,80.94357142857143,Waiting,
2392,2021-05-19 10:15:00,15090.55,87.62,82.86071428571428,Waiting,
2393,2021-05-19 11:15:00,15120.15,87.76,84.9342857142857,Waiting,
2394,2021-05-19 12:15:00,15082.95,79.63,86.48428571428572,Waiting,
2395,2021-05-19 13:15:00,15036.6,69.34,86.72285714285714,Waiting,
2396,2021-05-19 14:15:00,15033.35,64.74,85.905,Waiting,
2397,2021-05-19 15:15:00,15030.15,64.02,84.87142857142858,Waiting,
2398,2021-05-20 09:15:00,15024.85,43.57,81.85857142857142,Waiting,
2399,2021-05-20 10:15:00,15013.2,21.09,76.88142857142859,Waiting,
2400,2021-05-20 11:15:00,15011.05,21.37,71.49071428571428,Buy,
2401,2021-05-20 12:15:00,14987.6,21.04,66.37285714285714,Hold,
2402,2021-05-20 13:15:00,14968.85,16.01,60.79928571428572,Hold,
2403,2021-05-20 14:15:00,14906.45,12.52,55.05142857142857,Hold,
2404,2021-05-20 15:15:00,14906.05,11.33,49.220000000000006,Hold,
2405,2021-05-21 09:15:00,15059.8,44.83,46.06214285714286,Hold,
2406,2021-05-21 10:15:00,15096.05,50.63,43.42,Hold,
2407,2021-05-21 11:15:00,15092.95,46.66,40.48428571428571,Hold,
2408,2021-05-21 12:15:00,15082.05,49.88,38.35928571428571,Hold,
2409,2021-05-21 13:15:00,15117.3,60.91,37.75714285714285,Hold,
2410,2021-05-21 14:15:00,15182.5,67.27,37.93785714285714,Hold,
2411,2021-05-21 15:15:00,15175.3,66.66,38.12642857142857,Hold,
2412,2021-05-24 09:15:00,15187.3,68.36,39.89714285714285,Hold,
2413,2021-05-24 10:15:00,15218.5,72.22,43.54928571428571,Sell,
2414,2021-05-24 11:15:00,15213.7,71.81,47.15214285714285,Waiting,
2415,2021-05-24 12:15:00,15219.4,75.93,51.07285714285714,Waiting,
2416,2021-05-24 13:15:00,15204.95,76.67,55.40571428571428,Waiting,
2417,2021-05-24 14:15:00,15203.2,88.85,60.85785714285714,Waiting,
2418,2021-05-24 15:15:00,15197.7,87.68,66.31142857142856,Waiting,
2419,2021-05-25 09:15:00,15261.0,83.92,69.10357142857143,Waiting,
2420,2021-05-25 10:15:00,15236.75,74.72,70.82428571428572,Waiting,
2421,2021-05-25 11:15:00,15250.4,76.67,72.96785714285714,Waiting,
2422,2021-05-25 12:15:00,15243.4,77.7,74.955,Waiting,
2423,2021-05-25 13:15:00,15176.5,59.17,74.8307142857143,Waiting,
2424,2021-05-25 14:15:00,15200.7,53.23,73.82785714285714,Waiting,
2425,2021-05-25 15:15:00,15208.45,55.87,73.05714285714286,Waiting,
2426,2021-05-26 09:15:00,15241.8,58.97,72.38642857142858,Waiting,
2427,2021-05-26 10:15:00,15301.25,62.46,71.68928571428572,Waiting,
2428,2021-05-26 11:15:00,15297.35,62.63,71.03357142857143,Waiting,
2429,2021-05-26 12:15:00,15289.55,60.53,69.93357142857143,Waiting,
2430,2021-05-26 13:15:00,15301.7,64.62,69.07285714285715,Waiting,
2431,2021-05-26 14:15:00,15302.8,65.08,67.375,Waiting,
2432,2021-05-26 15:15:00,15301.45,65.91,65.82,Waiting,
2433,2021-05-27 09:15:00,15314.4,59.68,64.08857142857143,Waiting,
2434,2021-05-27 10:15:00,15326.4,67.01,63.53785714285714,Waiting,
2435,2021-05-27 11:15:00,15351.75,68.41,62.94785714285714,Waiting,
2436,2021-05-27 12:15:00,15348.25,69.29,62.347142857142856,Waiting,
2437,2021-05-27 13:15:00,15302.25,75.06,63.48214285714285,Waiting,
2438,2021-05-27 14:15:00,15331.75,75.58,65.07857142857144,Waiting,
2439,2021-05-27 15:15:00,15337.85,75.42,66.475,Waiting,
2440,2021-05-28 09:15:00,15431.4,80.12,67.9857142857143,Waiting,
2441,2021-05-28 10:15:00,15401.65,67.61,68.35357142857143,Waiting,
2442,2021-05-28 11:15:00,15437.0,72.07,69.02785714285714,Waiting,
2443,2021-05-28 12:15:00,15435.55,73.54,69.95714285714287,Waiting,
2444,2021-05-28 13:15:00,15440.9,72.95,70.55214285714285,Waiting,
2445,2021-05-28 14:15:00,15437.2,71.97,71.04428571428572,Waiting,
2446,2021-05-28 15:15:00,15435.65,71.92,71.47357142857143,Waiting,
2447,2021-05-31 09:15:00,15496.9,75.75,72.62142857142858,Waiting,
2448,2021-05-31 10:15:00,15518.5,76.39,73.29142857142857,Waiting,
2449,2021-05-31 11:15:00,15536.95,75.93,73.82857142857144,Waiting,
2450,2021-05-31 12:15:00,15558.25,78.01,74.45142857142856,Waiting,
2451,2021-05-31 13:15:00,15569.7,89.29,75.46785714285714,Waiting,
2452,2021-05-31 14:15:00,15585.35,88.84,76.41499999999999,Waiting,
2453,2021-05-31 15:15:00,15582.8,87.92,77.30785714285715,Waiting,
2454,2021-06-01 09:15:00,15592.0,83.65,77.56000000000002,Waiting,
2455,2021-06-01 10:15:00,15556.35,81.64,78.56214285714286,Waiting,
2456,2021-06-01 11:15:00,15567.6,79.63,79.10214285714287,Waiting,
2457,2021-06-01 12:15:00,15575.85,80.88,79.62642857142859,Waiting,
2458,2021-06-01 13:15:00,15561.65,75.58,79.81428571428572,Waiting,
2459,2021-06-01 14:15:00,15575.0,78.04,80.24785714285714,Waiting,
2460,2021-06-01 15:15:00,15574.85,78.49,80.71714285714286,Waiting,
2461,2021-06-02 09:15:00,15508.4,52.3,79.04214285714285,Waiting,
2462,2021-06-02 10:15:00,15509.15,47.96,77.01142857142858,Waiting,
2463,2021-06-02 11:15:00,15486.55,39.18,74.38642857142858,Waiting,
2464,2021-06-02 12:15:00,15467.85,30.36,70.98285714285714,Waiting,
2465,2021-06-02 13:15:00,15495.85,35.04,67.10785714285714,Waiting,
2466,2021-06-02 14:15:00,15573.05,48.01,64.19142857142857,Waiting,
2467,2021-06-02 15:15:00,15576.2,48.93,61.40642857142857,Waiting,
2468,2021-06-03 09:15:00,15655.5,58.38,59.60142857142857,Waiting,
2469,2021-06-03 10:15:00,15645.05,62.54,58.237142857142864,Waiting,
2470,2021-06-03 11:15:00,15655.95,62.5,57.01357142857143,Waiting,
2471,2021-06-03 12:15:00,15633.35,57.82,55.36642857142857,Waiting,
2472,2021-06-03 13:15:00,15670.8,63.96,54.53642857142857,Waiting,
2473,2021-06-03 14:15:00,15695.65,64.99,53.60428571428572,Waiting,
2474,2021-06-03 15:15:00,15690.35,64.16,52.580714285714286,Waiting,
2475,2021-06-04 09:15:00,15728.6,79.01,54.48857142857143,Waiting,
2476,2021-06-04 10:15:00,15670.25,68.43,55.95071428571429,Waiting,
2477,2021-06-04 11:15:00,15664.0,71.09,58.23,Waiting,
2478,2021-06-04 12:15:00,15665.75,74.5,61.382857142857134,Waiting,
2479,2021-06-04 13:15:00,15662.25,71.94,64.01857142857143,Waiting,
2480,2021-06-04 14:15:00,15671.35,65.79,65.28857142857143,Waiting,
2481,2021-06-04 15:15:00,15670.25,65.21,66.45142857142858,Waiting,
2482,2021-06-07 09:15:00,15715.6,60.92,66.63285714285715,Waiting,
2483,2021-06-07 10:15:00,15736.25,65.98,66.87857142857142,Waiting,
2484,2021-06-07 11:15:00,15719.55,60.92,66.76571428571428,Waiting,
2485,2021-06-07 12:15:00,15735.4,67.94,67.48857142857143,Waiting,
2486,2021-06-07 13:15:00,15754.5,65.73,67.615,Waiting,
2487,2021-06-07 14:15:00,15752.55,61.7,67.38,Waiting,
2488,2021-06-07 15:15:00,15751.65,62.84,67.28571428571429,Waiting,
2489,2021-06-08 09:15:00,15695.15,43.49,64.74857142857142,Waiting,
2490,2021-06-08 10:15:00,15719.7,61.08,64.22357142857143,Waiting,
2491,2021-06-08 11:15:00,15713.6,61.12,63.511428571428574,Waiting,
2492,2021-06-08 12:15:00,15727.7,63.16,62.70142857142857,Waiting,
2493,2021-06-08 13:15:00,15732.25,64.8,62.19142857142857,Waiting,
2494,2021-06-08 14:15:00,15737.55,64.22,62.07928571428572,Waiting,
2495,2021-06-08 15:15:00,15740.1,64.92,62.05857142857143,Waiting,
2496,2021-06-09 09:15:00,15783.75,64.66,62.32571428571429,Waiting,
2497,2021-06-09 10:15:00,15782.85,60.95,61.96642857142857,Waiting,
2498,2021-06-09 11:15:00,15789.5,67.26,62.41928571428571,Waiting,
2499,2021-06-09 12:15:00,15660.35,38.12,60.28928571428571,Waiting,
2500,2021-06-09 13:15:00,15679.95,38.22,58.32428571428572,Waiting,
2501,2021-06-09 14:15:00,15638.9,34.02,56.34714285714285,Waiting,
2502,2021-06-09 15:15:00,15635.35,33.77,54.27071428571429,Waiting,
2503,2021-06-10 09:15:00,15693.25,49.74,54.71714285714285,Waiting,
2504,2021-06-10 10:15:00,15693.05,46.03,53.64214285714286,Waiting,
2505,2021-06-10 11:15:00,15724.1,51.46,52.95214285714285,Waiting,
2506,2021-06-10 12:15:00,15706.9,47.14,51.807857142857145,Waiting,
2507,2021-06-10 13:15:00,15727.55,49.38,50.70642857142858,Waiting,
2508,2021-06-10 14:15:00,15733.35,49.45,49.651428571428575,Waiting,
2509,2021-06-10 15:15:00,15737.75,49.69,48.56357142857144,Waiting,
2510,2021-06-11 09:15:00,15809.1,53.1,47.737857142857145,Waiting,
2511,2021-06-11 10:15:00,15813.35,53.69,47.21928571428572,Waiting,
2512,2021-06-11 11:15:00,15754.2,46.21,45.71571428571429,Waiting,
2513,2021-06-11 12:15:00,15793.25,67.71,47.82928571428572,Waiting,
2514,2021-06-11 13:15:00,15809.25,67.4,49.91357142857144,Waiting,
2515,2021-06-11 14:15:00,15799.5,73.6,52.74071428571428,Waiting,
2516,2021-06-11 15:15:00,15799.35,74.34,55.638571428571424,Waiting,
2517,2021-06-14 09:15:00,15733.25,55.8,56.07142857142857,Waiting,
2518,2021-06-14 10:15:00,15704.8,51.57,56.46714285714285,Waiting,
2519,2021-06-14 11:15:00,15719.8,49.4,56.32,Waiting,
2520,2021-06-14 12:15:00,15723.15,52.37,56.693571428571424,Waiting,
2521,2021-06-14 13:15:00,15798.95,58.96,57.37785714285714,Waiting,
2522,2021-06-14 14:15:00,15808.2,59.31,58.082142857142856,Waiting,
2523,2021-06-14 15:15:00,15811.85,59.23,58.763571428571424,Waiting,
2524,2021-06-15 09:15:00,15887.05,59.62,59.22928571428571,Waiting,
2525,2021-06-15 10:15:00,15883.75,58.71,59.587857142857146,Waiting,
2526,2021-06-15 11:15:00,15876.7,67.4,61.10142857142857,Waiting,
2527,2021-06-15 12:15:00,15887.4,64.54,60.875,Waiting,
2528,2021-06-15 13:15:00,15888.95,62.88,60.55214285714285,Waiting,
2529,2021-06-15 14:15:00,15877.0,62.44,59.755,Waiting,
2530,2021-06-15 15:15:00,15869.25,60.95,58.79857142857144,Waiting,
2531,2021-06-16 09:15:00,15826.1,65.68,59.50428571428572,Waiting,
2532,2021-06-16 10:15:00,15783.8,62.74,60.30214285714286,Waiting,
2533,2021-06-16 11:15:00,15787.65,61.35,61.15571428571429,Waiting,
2534,2021-06-16 12:15:00,15788.65,61.05,61.77571428571429,Waiting,
2535,2021-06-16 13:15:00,15814.3,53.12,61.35857142857143,Waiting,
2536,2021-06-16 14:15:00,15768.25,42.95,60.190000000000005,Waiting,
2537,2021-06-16 15:15:00,15767.55,42.09,58.96571428571429,Waiting,
2538,2021-06-17 09:15:00,15735.45,18.03,55.995000000000005,Waiting,
2539,2021-06-17 10:15:00,15743.35,20.96,53.29857142857143,Buy,
2540,2021-06-17 11:15:00,15710.5,18.93,49.83642857142858,Hold,
2541,2021-06-17 12:15:00,15725.6,20.25,46.67285714285715,Hold,
2542,2021-06-17 13:15:00,15654.65,15.68,43.30142857142857,Hold,
2543,2021-06-17 14:15:00,15704.55,27.26,40.78857142857142,Hold,
2544,2021-06-17 15:15:00,15691.4,26.88,38.355,Hold,
2545,2021-06-18 09:15:00,15622.2,25.18,35.46214285714286,Hold,
2546,2021-06-18 10:15:00,15538.6,22.88,32.615,Hold,
2547,2021-06-18 11:15:00,15558.4,25.5,30.054285714285715,Hold,
2548,2021-06-18 12:15:00,15584.3,29.27,27.78428571428572,Hold,
2549,2021-06-18 13:15:00,15625.15,31.38,26.231428571428573,Hold,
2550,2021-06-18 14:15:00,15683.2,41.82,26.150714285714287,Hold,
2551,2021-06-18 15:15:00,15683.35,41.9,26.13714285714286,Hold,
2552,2021-06-21 09:15:00,15596.65,37.91,27.557142857142857,Hold,
2553,2021-06-21 10:15:00,15603.05,37.75,28.756428571428568,Hold,
2554,2021-06-21 11:15:00,15605.4,40.31,30.283571428571427,Hold,
2555,2021-06-21 12:15:00,15687.75,46.89,32.18642857142857,Hold,
2556,2021-06-21 13:15:00,15715.1,55.34,35.019285714285715,Hold,
2557,2021-06-21 14:15:00,15744.65,53.68,36.90642857142857,Hold,
2558,2021-06-21 15:15:00,15746.5,55.16,38.92642857142857,Hold,
2559,2021-06-22 09:15:00,15884.4,71.75,42.252857142857145,Sell,
2560,2021-06-22 10:15:00,15863.95,80.14,46.34285714285715,Waiting,
2561,2021-06-22 11:15:00,15868.9,79.58,50.205714285714286,Waiting,
2562,2021-06-22 12:15:00,15847.05,75.23,53.48857142857143,Waiting,
2563,2021-06-22 13:15:00,15819.0,69.08,56.18142857142857,Waiting,
2564,2021-06-22 14:15:00,15777.9,59.64,57.45428571428572,Waiting,
2565,2021-06-22 15:15:00,15772.75,59.01,58.67642857142857,Waiting,
2566,2021-06-23 09:15:00,15752.6,68.16,60.83714285714285,Waiting,
2567,2021-06-23 10:15:00,15765.5,68.63,63.04285714285714,Waiting,
2568,2021-06-23 11:15:00,15758.25,67.34,64.97357142857143,Waiting,
2569,2021-06-23 12:15:00,15719.0,53.93,65.47642857142857,Waiting,
2570,2021-06-23 13:15:00,15748.6,54.19,65.39428571428572,Waiting,
2571,2021-06-23 14:15:00,15684.6,43.09,64.63785714285714,Waiting,
2572,2021-06-24 14:15:00,15793.95,54.38,64.58214285714286,Waiting,
2573,2021-06-24 15:15:00,15790.45,38.47,62.20499999999999,Waiting,
2574,2021-06-25 09:15:00,15796.55,41.43,59.44,Waiting,
2575,2021-06-25 10:15:00,15805.7,42.05,56.75928571428572,Waiting,
2576,2021-06-25 11:15:00,15828.95,47.73,54.795,Waiting,
2577,2021-06-25 12:15:00,15841.95,52.99,53.64571428571429,Waiting,
2578,2021-06-25 13:15:00,15862.35,61.63,53.78785714285714,Waiting,
2579,2021-06-25 14:15:00,15866.35,62.93,54.06785714285714,Waiting,
2580,2021-06-25 15:15:00,15860.35,65.49,53.87714285714286,Waiting,
2581,2021-06-28 09:15:00,15861.6,64.3,53.56785714285714,Waiting,
2582,2021-06-28 10:15:00,15826.2,59.33,52.99571428571429,Waiting,
2583,2021-06-28 11:15:00,15832.75,67.15,53.940000000000005,Waiting,
2584,2021-06-28 12:15:00,15844.05,65.24,54.72928571428572,Waiting,
2585,2021-06-28 13:15:00,15834.0,78.81,57.28071428571428,Waiting,
2586,2021-06-28 14:15:00,15812.6,55.44,57.35642857142857,Waiting,
2587,2021-06-28 15:15:00,15814.7,57.13,58.68928571428571,Waiting,
2588,2021-06-29 09:15:00,15768.3,43.28,58.82142857142857,Waiting,
2589,2021-06-29 10:15:00,15773.1,42.08,58.82357142857144,Waiting,
2590,2021-06-29 11:15:00,15744.25,29.98,57.55571428571428,Waiting,
2591,2021-06-29 12:15:00,15772.2,34.6,56.24214285714286,,
2592,2021-06-29 13:15:00,15765.65,27.26,53.78714285714285,Buy,
2593,2021-06-29 14:15:00,15744.4,23.47,50.96857142857142,Hold,
2594,2021-06-29 15:15:00,15748.45,25.45,48.10857142857143,Hold,
2595,2021-06-30 09:15:00,15806.2,40.26,46.39142857142857,Hold,
2596,2021-06-30 10:15:00,15833.7,51.36,45.82214285714287,Hold,
2597,2021-06-30 11:15:00,15831.85,49.83,44.585,Hold,
2598,2021-06-30 12:15:00,15817.75,45.21,43.15428571428571,Hold,
2599,2021-06-30 13:15:00,15787.05,42.05,40.52857142857143,Hold,
2600,2021-06-30 14:15:00,15713.95,35.78,39.12428571428571,Hold,
2601,2021-06-30 15:15:00,15721.5,36.78,37.67071428571428,Hold,
2602,2021-07-01 09:15:00,15716.65,41.69,37.55714285714286,Hold,
2603,2021-07-01 10:15:00,15709.65,39.87,37.39928571428572,Hold,
2604,2021-07-01 11:15:00,15698.75,42.29,38.27857142857143,Hold,
2605,2021-07-01 12:15:00,15714.35,39.77,38.64785714285714,Hold,
2606,2021-07-01 13:15:00,15709.3,39.98,39.55642857142857,Hold,
2607,2021-07-01 14:15:00,15677.35,38.52,40.631428571428565,Hold,
2608,2021-07-01 15:15:00,15680.0,38.22,41.54357142857143,Hold,
2609,2021-07-02 09:15:00,15684.4,24.33,40.40571428571429,Hold,
2610,2021-07-02 10:15:00,15661.95,13.01,37.666428571428575,Hold,
2611,2021-07-02 11:15:00,15679.1,19.14,35.47428571428571,Hold,
2612,2021-07-02 12:15:00,15699.4,26.67,34.15,Hold,
2613,2021-07-02 13:15:00,15687.3,28.78,33.20214285714285,Hold,
2614,2021-07-02 14:15:00,15722.05,52.06,34.365,Hold,
2615,2021-07-02 15:15:00,15722.2,50.18,35.32214285714286,Hold,
2616,2021-07-05 09:15:00,15815.95,67.85,37.190714285714286,Hold,
2617,2021-07-05 10:15:00,15824.0,70.47,39.37642857142857,Sell,
2618,2021-07-05 11:15:00,15828.9,73.82,41.62857142857143,Waiting,
2619,2021-07-05 12:15:00,15821.05,70.09,43.794285714285714,Waiting,
2620,2021-07-05 13:15:00,15828.7,72.27,46.10071428571428,Waiting,
2621,2021-07-05 14:15:00,15839.4,82.82,49.265,Waiting,
2622,2021-07-05 15:15:00,15834.35,80.96,52.317857142857136,Waiting,
2623,2021-07-06 09:15:00,15864.65,82.75,56.49071428571428,Waiting,
2624,2021-07-06 10:15:00,15881.85,90.74,62.04285714285714,Waiting,
2625,2021-07-06 11:15:00,15902.4,90.85,67.16499999999999,Waiting,
2626,2021-07-06 12:15:00,15888.45,85.41,71.36071428571428,Waiting,
2627,2021-07-06 13:15:00,15895.8,89.76,75.71642857142857,Waiting,
2628,2021-07-06 14:15:00,15806.2,63.27,76.51714285714286,Waiting,
2629,2021-07-06 15:15:00,15818.25,64.6,77.54714285714286,Waiting,
2630,2021-07-07 09:15:00,15812.5,49.28,76.22071428571428,Waiting,
2631,2021-07-07 10:15:00,15827.55,50.72,74.80999999999999,Waiting,
2632,2021-07-07 11:15:00,15831.6,50.55,73.14785714285713,Waiting,
2633,2021-07-07 12:15:00,15834.1,52.7,71.90571428571428,Waiting,
2634,2021-07-07 13:15:00,15854.6,55.09,70.67857142857143,Waiting,
2635,2021-07-07 14:15:00,15881.85,57.83,68.89357142857143,Waiting,
2636,2021-07-07 15:15:00,15879.65,58.44,67.285,Waiting,
2637,2021-07-08 09:15:00,15853.5,47.89,64.795,Waiting,
2638,2021-07-08 10:15:00,15833.55,40.95,61.23857142857143,Waiting,
2639,2021-07-08 11:15:00,15793.1,30.94,56.95928571428571,Waiting,
2640,2021-07-08 12:15:00,15753.9,28.44,52.89,Waiting,
2641,2021-07-08 13:15:00,15724.5,24.36,48.21857142857143,Buy,
2642,2021-07-08 14:15:00,15738.3,36.86,46.332142857142856,Hold,
2643,2021-07-08 15:15:00,15727.9,32.4,44.03214285714286,Hold,
2644,2021-07-09 09:15:00,15674.65,27.34,42.46500000000001,Hold,
2645,2021-07-09 10:15:00,15680.85,25.16,40.63928571428572,Hold,
2646,2021-07-09 11:15:00,15678.35,23.91,38.73642857142857,Hold,
2647,2021-07-09 12:15:00,15677.2,23.17,36.627142857142864,Hold,
2648,2021-07-09 13:15:00,15701.6,24.18,34.419285714285714,Hold,
2649,2021-07-09 14:15:00,15686.3,15.61,31.403571428571432,Hold,
2650,2021-07-09 15:15:00,15689.8,16.77,28.427142857142854,Hold,
2651,2021-07-12 09:15:00,15771.8,38.04,27.723571428571432,Hold,
2652,2021-07-12 10:15:00,15771.75,40.39,27.68357142857143,Hold,
2653,2021-07-12 11:15:00,15766.5,45.36,28.71357142857143,Hold,
2654,2021-07-12 12:15:00,15701.7,41.63,29.65571428571429,Hold,
2655,2021-07-12 13:15:00,15687.9,43.83,31.04642857142857,Hold,
2656,2021-07-12 14:15:00,15687.0,40.95,31.33857142857143,Hold,
2657,2021-07-12 15:15:00,15692.6,43.67,32.14357142857143,Hold,
2658,2021-07-13 09:15:00,15763.55,65.0,34.83357142857143,Hold,
2659,2021-07-13 10:15:00,15764.9,64.41,37.637142857142855,Hold,
2660,2021-07-13 11:15:00,15793.2,68.1,40.79357142857143,Hold,
2661,2021-07-13 12:15:00,15805.65,69.54,44.10571428571428,Hold,
2662,2021-07-13 13:15:00,15800.9,66.07,47.09785714285714,Hold,
2663,2021-07-13 14:15:00,15816.15,71.01,51.055,Sell,
2664,2021-07-13 15:15:00,15812.35,69.81,54.84357142857142,Waiting,
2665,2021-07-14 09:15:00,15787.65,53.15,55.92285714285715,Waiting,
2666,2021-07-14 10:15:00,15835.9,60.69,57.37285714285714,Waiting,
2667,2021-07-14 11:15:00,15837.05,61.92,58.555714285714295,Waiting,
2668,2021-07-14 12:15:00,15874.9,82.18,61.45214285714286,Waiting,
2669,2021-07-14 13:15:00,15854.85,80.32,64.05857142857143,Waiting,
2670,2021-07-14 14:15:00,15862.95,81.14,66.92928571428571,Waiting,
2671,2021-07-14 15:15:00,15853.95,78.21,69.39642857142857,Waiting,
2672,2021-07-15 09:15:00,15886.8,74.86,70.10071428571429,Waiting,
2673,2021-07-15 10:15:00,15932.5,78.68,71.12,Waiting,
2674,2021-07-15 11:15:00,15933.3,76.46,71.71714285714286,Waiting,
2675,2021-07-15 12:15:00,15932.4,75.03,72.10928571428572,Waiting,
2676,2021-07-15 13:15:00,15946.3,77.72,72.94142857142857,Waiting,
2677,2021-07-15 14:15:00,15920.3,69.07,72.80285714285715,Waiting,
2678,2021-07-15 15:15:00,15924.2,70.47,72.85000000000001,Waiting,
2679,2021-07-16 09:15:00,15927.4,77.77,74.60857142857142,Waiting,
2680,2021-07-16 10:15:00,15938.75,73.95,75.55571428571429,Waiting,
2681,2021-07-16 11:15:00,15909.15,64.82,75.76285714285713,Waiting,
2682,2021-07-16 12:15:00,15919.0,60.25,74.19642857142857,Waiting,
2683,2021-07-16 13:15:00,15904.45,61.83,72.87571428571428,Waiting,
2684,2021-07-16 14:15:00,15923.7,63.75,71.63357142857141,Waiting,
2685,2021-07-16 15:15:00,15923.4,66.37,70.78785714285713,Waiting,
2686,2021-07-19 09:15:00,15825.0,38.87,68.21714285714286,Waiting,
2687,2021-07-19 10:15:00,15821.05,26.38,64.48142857142857,Waiting,
2688,2021-07-19 11:15:00,15820.6,26.08,60.88285714285714,Buy,
2689,2021-07-19 12:15:00,15755.35,20.49,56.98714285714285,Hold,
2690,2021-07-19 13:15:00,15754.0,16.54,52.61714285714286,Hold,
2691,2021-07-19 14:15:00,15751.1,17.99,48.96857142857142,Hold,
2692,2021-07-19 15:15:00,15752.4,17.18,45.16214285714285,Hold,
2693,2021-07-20 09:15:00,15676.5,12.49,40.499285714285705,Hold,
2694,2021-07-20 10:15:00,15591.6,7.45,35.74928571428571,Hold,
2695,2021-07-20 11:15:00,15584.25,7.88,31.682142857142853,Hold,
2696,2021-07-20 12:15:00,15670.35,23.09,29.02785714285714,Hold,
2697,2021-07-20 13:15:00,15676.65,24.9,26.39,Hold,
2698,2021-07-20 14:15:00,15636.95,19.76,23.24785714285714,Hold,
2699,2021-07-20 15:15:00,15632.1,19.57,19.905,Hold,
2700,2021-07-22 09:15:00,15791.1,46.86,20.47571428571428,Hold,
2701,2021-07-22 10:15:00,15808.0,48.82,22.07857142857143,Hold,
2702,2021-07-22 11:15:00,15819.35,49.89,23.77928571428572,Hold,
2703,2021-07-22 12:15:00,15796.25,53.93,26.167857142857144,Hold,
2704,2021-07-22 13:15:00,15807.05,55.0,28.915,Hold,
2705,2021-07-22 14:15:00,15819.55,56.34,31.654285714285717,Hold,
2706,2021-07-22 15:15:00,15824.05,56.59,34.46928571428571,Hold,
2707,2021-07-23 09:15:00,15850.6,67.63,38.40785714285715,Hold,
2708,2021-07-23 10:15:00,15835.6,78.77,43.50214285714286,Sell,
2709,2021-07-23 11:15:00,15844.85,80.59,48.69571428571429,Waiting,
2710,2021-07-23 12:15:00,15876.15,77.73,52.59857142857143,Waiting,
2711,2021-07-23 13:15:00,15892.5,78.32,56.41428571428571,Waiting,
2712,2021-07-23 14:15:00,15860.6,79.95,60.71357142857143,Waiting,
2713,2021-07-23 15:15:00,15856.05,80.02,65.03142857142858,Waiting,
2714,2021-07-26 09:15:00,15870.8,67.42,66.5,Waiting,
2715,2021-07-26 10:15:00,15880.65,66.38,67.75428571428571,Waiting,
2716,2021-07-26 11:15:00,15849.8,56.31,68.21285714285715,Waiting,
2717,2021-07-26 12:15:00,15850.95,62.47,68.82285714285715,Waiting,
2718,2021-07-26 13:15:00,15852.1,60.74,69.23285714285714,Waiting,
2719,2021-07-26 14:15:00,15823.25,50.82,68.83857142857143,Waiting,
2720,2021-07-26 15:15:00,15824.45,50.09,68.37428571428572,Waiting,
2721,2021-07-27 09:15:00,15868.75,53.77,67.38428571428571,Waiting,
2722,2021-07-27 10:15:00,15850.1,52.97,65.54142857142857,Waiting,
2723,2021-07-27 11:15:00,15834.3,47.9,63.20642857142857,Waiting,
2724,2021-07-27 12:15:00,15715.15,26.22,59.527142857142856,Waiting,
2725,2021-07-27 13:15:00,15724.85,24.74,55.7,Buy,
2726,2021-07-27 14:15:00,15745.4,32.03,52.277142857142856,Hold,
2727,2021-07-27 15:15:00,15746.45,32.71,48.89785714285714,Hold,
2728,2021-07-28 09:15:00,15648.2,22.21,45.66857142857143,Hold,
2729,2021-07-28 10:15:00,15588.95,17.58,42.182857142857145,Hold,
2730,2021-07-28 11:15:00,15631.6,26.37,40.044285714285714,Hold,
2731,2021-07-28 12:15:00,15666.05,31.32,37.81928571428572,Hold,
2732,2021-07-28 13:15:00,15688.3,34.13,35.91857142857143,Hold,
2733,2021-07-28 14:15:00,15713.1,39.24,35.09142857142857,Hold,
2734,2021-07-28 15:15:00,15709.4,38.82,34.28642857142857,Hold,
2735,2021-07-29 09:15:00,15772.65,40.99,33.37357142857143,Hold,
2736,2021-07-29 10:15:00,15793.85,44.75,32.78642857142857,Hold,
2737,2021-07-29 11:15:00,15785.5,45.38,32.60642857142857,Hold,
2738,2021-07-29 12:15:00,15798.5,59.87,35.010000000000005,Hold,
2739,2021-07-29 13:15:00,15796.5,58.64,37.43142857142857,Hold,
2740,2021-07-29 14:15:00,15777.15,53.84,38.989285714285714,Hold,
2741,2021-07-29 15:15:00,15778.45,53.87,40.50071428571429,Hold,
2742,2021-08-02 09:15:00,15851.75,76.17,44.355,Sell,
2743,2021-08-02 10:15:00,15866.05,90.29,49.54857142857144,Waiting,
2744,2021-08-02 11:15:00,15875.2,89.24,54.03928571428572,Waiting,
2745,2021-08-02 12:15:00,15876.2,87.94,58.08357142857143,Waiting,
2746,2021-08-02 13:15:00,15883.55,87.25,61.87785714285714,Waiting,
2747,2021-08-02 14:15:00,15889.3,86.26,65.23642857142856,Waiting,
2748,2021-08-02 15:15:00,15885.15,86.1,68.61357142857143,Waiting,
2749,2021-08-03 09:15:00,15969.35,87.2,71.91428571428573,Waiting,
2750,2021-08-03 10:15:00,15972.1,86.24,74.87785714285714,Waiting,
2751,2021-08-03 11:15:00,16006.3,90.62,78.10928571428572,Waiting,
2752,2021-08-03 12:15:00,16036.55,91.18,80.34571428571428,Waiting,
2753,2021-08-03 13:15:00,16030.8,90.01,82.58642857142857,Waiting,
2754,2021-08-03 14:15:00,16125.7,97.31,85.69142857142856,Waiting,
2755,2021-08-03 15:15:00,16130.75,97.34,88.79642857142858,Waiting,
2756,2021-08-04 09:15:00,16251.75,97.64,90.33,Waiting,
2757,2021-08-04 10:15:00,16271.5,97.67,90.85714285714286,Waiting,
2758,2021-08-04 11:15:00,16257.4,94.42,91.22714285714288,Waiting,
2759,2021-08-04 12:15:00,16236.25,89.97,91.37214285714286,Waiting,
2760,2021-08-04 13:15:00,16266.6,90.46,91.60142857142856,Waiting,
2761,2021-08-04 14:15:00,16265.2,90.07,91.87357142857142,Waiting,
2762,2021-08-04 15:15:00,16258.8,89.64,92.12642857142858,Waiting,
2763,2021-08-05 09:15:00,16240.35,83.42,91.85642857142857,Waiting,
2764,2021-08-05 10:15:00,16239.0,83.02,91.62642857142858,Waiting,
2765,2021-08-05 11:15:00,16278.65,83.25,91.1,Waiting,
2766,2021-08-05 12:15:00,16328.65,84.02,90.58857142857144,Waiting,
2767,2021-08-05 13:15:00,16337.3,85.46,90.26357142857144,Waiting,
2768,2021-08-05 14:15:00,16283.45,70.16,88.32428571428571,Waiting,
2769,2021-08-05 15:15:00,16294.6,70.62,86.41571428571429,Waiting,
2770,2021-08-06 09:15:00,16317.25,60.96,83.7957142857143,Waiting,
2771,2021-08-06 10:15:00,16270.4,49.83,80.37857142857142,Waiting,
2772,2021-08-06 11:15:00,16279.7,53.47,77.45357142857142,Waiting,
2773,2021-08-06 12:15:00,16260.05,53.72,74.86428571428571,Waiting,
2774,2021-08-06 13:15:00,16259.0,48.69,71.88071428571428,Waiting,
2775,2021-08-06 14:15:00,16229.75,44.43,68.62071428571429,Waiting,
2776,2021-08-06 15:15:00,16238.2,46.78,65.55928571428572,Waiting,
2777,2021-08-09 09:15:00,16299.3,58.12,63.75214285714286,Waiting,
2778,2021-08-09 10:15:00,16289.45,56.79,61.87857142857143,Waiting,
2779,2021-08-09 11:15:00,16259.0,47.29,59.31,Waiting,
2780,2021-08-09 12:15:00,16241.65,36.8,55.93714285714286,Waiting,
2781,2021-08-09 13:15:00,16230.75,33.95,52.257857142857134,Waiting,
2782,2021-08-09 14:15:00,16259.9,46.17,50.544285714285714,Waiting,
2783,2021-08-09 15:15:00,16258.25,43.89,48.635,Waiting,
2784,2021-08-10 09:15:00,16320.35,50.46,47.885,Waiting,
2785,2021-08-10 10:15:00,16318.5,58.23,48.485,Waiting,
2786,2021-08-10 11:15:00,16351.15,61.33,49.04642857142857,Waiting,
2787,2021-08-10 12:15:00,16329.65,60.97,49.56428571428571,Waiting,
2788,2021-08-10 13:15:00,16207.85,44.16,49.24071428571428,Waiting,
2789,2021-08-10 14:15:00,16287.2,55.88,50.05857142857143,Waiting,
2790,2021-08-10 15:15:00,16280.1,54.3,50.59571428571428,Waiting,
2791,2021-08-11 09:15:00,16218.0,41.67,49.42071428571428,Waiting,
2792,2021-08-11 10:15:00,16181.9,39.54,48.18857142857143,Waiting,
2793,2021-08-11 11:15:00,16188.25,42.78,47.86642857142857,Waiting,
2794,2021-08-11 12:15:00,16232.1,49.08,48.74357142857143,Waiting,
2795,2021-08-11 13:15:00,16253.6,52.17,50.045,Waiting,
2796,2021-08-11 14:15:00,16282.2,52.12,50.46999999999999,Waiting,
2797,2021-08-11 15:15:00,16282.25,52.29,51.07,Waiting,
2798,2021-08-12 09:15:00,16326.95,50.65,51.08357142857143,Waiting,
2799,2021-08-12 10:15:00,16331.6,51.28,50.58714285714286,Waiting,
2800,2021-08-12 11:15:00,16348.2,49.7,49.75642857142857,Waiting,
2801,2021-08-12 12:15:00,16352.3,52.37,49.14214285714286,Waiting,
2802,2021-08-12 13:15:00,16348.8,69.66,50.96357142857143,Waiting,
2803,2021-08-12 14:15:00,16357.3,62.18,51.41357142857142,Waiting,
2804,2021-08-12 15:15:00,16364.4,64.65,52.15285714285715,Waiting,
2805,2021-08-13 09:15:00,16444.2,87.03,55.392857142857146,Waiting,
2806,2021-08-13 10:15:00,16471.65,98.82,59.62714285714286,Waiting,
2807,2021-08-13 11:15:00,16489.35,98.86,63.63285714285714,Waiting,
2808,2021-08-13 12:15:00,16489.85,98.68,67.17571428571429,Waiting,
2809,2021-08-13 13:15:00,16519.55,98.72,70.5007142857143,Waiting,
2810,2021-08-13 14:15:00,16524.45,98.6,73.82071428571429,Waiting,
2811,2021-08-13 15:15:00,16529.1,98.62,77.13,Waiting,
2812,2021-08-16 09:15:00,16535.9,98.38,80.53928571428573,Waiting,
2813,2021-08-16 10:15:00,16571.0,98.58,83.91785714285713,Waiting,
2814,2021-08-16 11:15:00,16567.7,97.08,87.30214285714285,Waiting,
2815,2021-08-16 12:15:00,16564.85,95.84,90.40714285714286,Waiting,
2816,2021-08-16 13:15:00,16567.15,97.33,92.3835714285714,Waiting,
2817,2021-08-16 14:15:00,16568.3,97.25,94.88857142857144,Waiting,
2818,2021-08-16 15:15:00,16563.05,94.85,97.04571428571428,Waiting,
2819,2021-08-17 09:15:00,16561.2,90.77,97.31285714285714,Waiting,
2820,2021-08-17 10:15:00,16577.15,89.96,96.68,Waiting,
2821,2021-08-17 11:15:00,16525.8,61.0,93.97571428571428,Waiting,
2822,2021-08-17 12:15:00,16530.9,62.06,91.36,Waiting,
2823,2021-08-17 13:15:00,16576.25,65.25,88.96928571428573,Waiting,
2824,2021-08-17 14:15:00,16622.0,71.51,87.03428571428572,Waiting,
2825,2021-08-17 15:15:00,16614.6,68.63,84.89214285714286,Waiting,
2826,2021-08-18 09:15:00,16696.55,76.37,83.32000000000001,Waiting,
2827,2021-08-18 10:15:00,16679.55,68.94,81.20285714285714,Waiting,
2828,2021-08-18 11:15:00,16640.15,61.23,78.64214285714286,Waiting,
2829,2021-08-18 12:15:00,16581.75,52.23,75.52714285714286,Waiting,
2830,2021-08-18 13:15:00,16563.85,49.58,72.11642857142857,Waiting,
2831,2021-08-18 14:15:00,16576.6,51.02,68.81428571428572,Waiting,
2832,2021-08-18 15:15:00,16568.85,50.71,65.66142857142857,Waiting,
2833,2021-08-20 09:15:00,16466.35,40.67,62.08285714285714,Waiting,
2834,2021-08-20 10:15:00,16416.4,35.19,58.17071428571429,Waiting,
2835,2021-08-20 11:15:00,16471.1,44.99,57.02714285714286,Waiting,
2836,2021-08-20 12:15:00,16440.6,42.1,55.60142857142857,Waiting,
2837,2021-08-20 13:15:00,16466.5,40.06,53.80214285714286,Waiting,
2838,2021-08-20 14:15:00,16460.55,34.23,51.13928571428572,Waiting,
2839,2021-08-20 15:15:00,16450.5,34.06,48.67,Waiting,
2840,2021-08-23 09:15:00,16501.25,29.8,45.34357142857143,Waiting,
2841,2021-08-23 10:15:00,16463.6,28.58,42.46071428571428,Buy,
2842,2021-08-23 11:15:00,16513.9,37.74,40.78285714285715,Hold,
2843,2021-08-23 12:15:00,16496.45,41.0,39.980714285714285,Hold,
2844,2021-08-23 13:15:00,16527.45,46.26,39.74357142857143,Hold,
2845,2021-08-23 14:15:00,16497.3,42.14,39.10928571428571,Hold,
2846,2021-08-23 15:15:00,16496.45,42.73,38.53928571428571,Hold,
2847,2021-08-24 09:15:00,16515.55,55.94,39.63,Hold,
2848,2021-08-24 10:15:00,16532.35,65.21,41.77428571428571,Hold,
2849,2021-08-24 11:15:00,16557.85,62.32,43.012142857142855,Hold,
2850,2021-08-24 12:15:00,16565.25,68.95,44.93,Hold,
2851,2021-08-24 13:15:00,16617.3,71.24,47.15714285714285,Sell,
2852,2021-08-24 14:15:00,16624.95,73.04,49.92928571428571,Waiting,
2853,2021-08-24 15:15:00,16624.6,75.09,52.86,Waiting,
2854,2021-08-25 09:15:00,16681.15,75.5,56.12428571428571,Waiting,
2855,2021-08-25 10:15:00,16680.85,84.43,60.11357142857143,Waiting,
2856,2021-08-25 11:15:00,16664.9,76.86,62.90785714285715,Waiting,
2857,2021-08-25 12:15:00,16667.2,82.1,65.84357142857144,Waiting,
2858,2021-08-25 13:15:00,16649.8,74.24,67.84214285714286,Waiting,
2859,2021-08-25 14:15:00,16629.4,77.23,70.34857142857143,Waiting,
2860,2021-08-25 15:15:00,16634.65,77.98,72.86642857142857,Waiting,
2861,2021-08-26 09:15:00,16667.65,79.15,74.52428571428571,Waiting,
2862,2021-08-26 10:15:00,16664.0,76.57,75.33571428571429,Waiting,
2863,2021-08-26 11:15:00,16650.75,69.72,75.86428571428571,Waiting,
2864,2021-08-26 12:15:00,16638.6,65.27,75.60142857142856,Waiting,
2865,2021-08-26 13:15:00,16641.35,56.3,74.53428571428572,Waiting,
2866,2021-08-26 14:15:00,16640.05,54.09,73.18071428571429,Waiting,
2867,2021-08-26 15:15:00,16636.9,53.28,71.62285714285714,Waiting,
2868,2021-08-27 09:15:00,16636.6,33.02,68.58857142857143,Waiting,
2869,2021-08-27 10:15:00,16667.2,45.77,65.82714285714286,Waiting,
2870,2021-08-27 11:15:00,16689.65,57.37,64.435,Waiting,
2871,2021-08-27 12:15:00,16699.3,59.16,62.79642857142857,Waiting,
2872,2021-08-27 13:15:00,16695.65,64.19,62.07857142857143,Waiting,
2873,2021-08-27 14:15:00,16711.65,76.17,62.002857142857145,Waiting,
2874,2021-08-27 15:15:00,16705.2,72.28,61.59571428571429,Waiting,
2875,2021-08-30 09:15:00,16850.45,83.78,61.92642857142857,Waiting,
2876,2021-08-30 10:15:00,16868.7,85.89,62.59214285714285,Waiting,
2877,2021-08-30 11:15:00,16862.3,88.0,63.89785714285714,Waiting,
2878,2021-08-30 12:15:00,16885.0,92.64,65.85285714285713,Waiting,
2879,2021-08-30 13:15:00,16896.9,92.87,68.465,Waiting,
2880,2021-08-30 14:15:00,16933.45,94.01,71.31642857142857,Waiting,
2881,2021-08-30 15:15:00,16931.05,94.23,74.24142857142859,Waiting,
2882,2021-08-31 09:15:00,16955.15,94.7,78.64714285714285,Waiting,
2883,2021-08-31 10:15:00,16969.4,94.44,82.12357142857142,Waiting,
2884,2021-08-31 11:15:00,16999.25,94.56,84.78,Waiting,
2885,2021-08-31 12:15:00,17044.65,95.07,87.34500000000001,Waiting,
2886,2021-08-31 13:15:00,17037.75,94.27,89.49357142857143,Waiting,
2887,2021-08-31 14:15:00,17142.35,95.34,90.86285714285714,Waiting,
2888,2021-08-31 15:15:00,17132.2,94.6,92.45714285714288,Waiting,
2889,2021-09-01 09:15:00,17199.9,93.56,93.1557142857143,Waiting,
2890,2021-09-01 10:15:00,17112.5,75.92,92.44357142857145,Waiting,
2891,2021-09-01 11:15:00,17099.55,74.88,91.50642857142856,Waiting,
2892,2021-09-01 12:15:00,17116.05,74.55,90.21428571428572,Waiting,
2893,2021-09-01 13:15:00,17118.4,74.02,88.86785714285713,Waiting,
2894,2021-09-01 14:15:00,17068.5,64.23,86.74071428571428,Waiting,
2895,2021-09-01 15:15:00,17076.25,65.13,84.66214285714285,Waiting,
2896,2021-09-02 09:15:00,17127.0,66.97,82.68142857142858,Waiting,
2897,2021-09-02 10:15:00,17150.8,67.58,80.76285714285714,Waiting,
2898,2021-09-02 11:15:00,17174.4,67.18,78.80714285714285,Waiting,
2899,2021-09-02 12:15:00,17189.6,65.11,76.66714285714285,Waiting,
2900,2021-09-02 13:15:00,17216.3,67.88,74.78214285714286,Waiting,
2901,2021-09-02 14:15:00,17231.45,60.87,72.32000000000001,Waiting,
2902,2021-09-02 15:15:00,17234.15,62.67,70.03928571428571,Waiting,
2903,2021-09-03 09:15:00,17300.45,62.54,67.82357142857143,Waiting,
2904,2021-09-03 10:15:00,17234.75,66.11,67.12285714285714,Waiting,
2905,2021-09-03 11:15:00,17270.45,71.25,66.86357142857143,Waiting,
2906,2021-09-03 12:15:00,17294.6,71.79,66.66642857142857,Waiting,
2907,2021-09-03 13:15:00,17269.6,67.48,66.19928571428571,Waiting,
2908,2021-09-03 14:15:00,17320.6,79.08,67.26,Waiting,
2909,2021-09-03 15:15:00,17323.6,78.85,68.24,Waiting,
2910,2021-09-06 09:15:00,17400.65,80.07,69.17571428571429,Waiting,
2911,2021-09-06 10:15:00,17365.6,73.03,69.565,Waiting,
2912,2021-09-06 11:15:00,17368.0,71.75,69.89142857142858,Waiting,
2913,2021-09-06 12:15:00,17390.35,72.19,70.39714285714285,Waiting,
2914,2021-09-06 13:15:00,17377.15,68.33,70.42928571428571,Waiting,
2915,2021-09-06 14:15:00,17375.4,66.92,70.86142857142856,Waiting,
2916,2021-09-06 15:15:00,17377.8,66.9,71.16357142857143,Waiting,
2917,2021-09-07 09:15:00,17310.9,51.23,70.35571428571428,Waiting,
2918,2021-09-07 10:15:00,17329.25,62.49,70.09714285714286,Waiting,
2919,2021-09-07 11:15:00,17384.25,64.31,69.60142857142857,Waiting,
2920,2021-09-07 12:15:00,17410.0,64.45,69.07714285714286,Waiting,
2921,2021-09-07 13:15:00,17410.2,68.78,69.17,Waiting,
2922,2021-09-07 14:15:00,17361.95,55.56,67.49,Waiting,
2923,2021-09-07 15:15:00,17362.1,55.22,65.80214285714285,Waiting,
2924,2021-09-08 09:15:00,17339.15,40.23,62.95642857142857,Waiting,
2925,2021-09-08 10:15:00,17368.2,50.42,61.34142857142857,Waiting,
2926,2021-09-08 11:15:00,17364.6,49.45,59.74857142857143,Waiting,
2927,2021-09-08 12:15:00,17262.25,33.57,56.99,Waiting,
2928,2021-09-08 13:15:00,17324.9,44.05,55.25571428571429,Waiting,
2929,2021-09-08 14:15:00,17351.2,47.39,53.86071428571429,Waiting,
2930,2021-09-08 15:15:00,17353.5,47.38,52.46642857142857,Waiting,
2931,2021-09-09 09:15:00,17324.7,51.62,52.49428571428571,Waiting,
2932,2021-09-09 10:15:00,17349.15,52.3,51.76642857142857,Waiting,
2933,2021-09-09 11:15:00,17347.45,45.14,50.39714285714285,Waiting,
2934,2021-09-09 12:15:00,17318.05,37.97,48.50571428571429,Waiting,
2935,2021-09-09 13:15:00,17344.2,41.91,46.58642857142858,Waiting,
2936,2021-09-09 14:15:00,17364.5,50.34,46.21357142857143,Waiting,
2937,2021-09-09 15:15:00,17369.25,50.93,45.90714285714286,Waiting,
2938,2021-09-13 09:15:00,17286.55,44.08,46.18214285714286,Waiting,
2939,2021-09-13 10:15:00,17316.15,44.15,45.73428571428571,Waiting,
2940,2021-09-13 11:15:00,17331.3,46.35,45.512857142857136,Waiting,
2941,2021-09-13 12:15:00,17361.15,62.87,47.60571428571428,Waiting,
2942,2021-09-13 13:15:00,17363.0,55.89,48.451428571428565,Waiting,
2943,2021-09-13 14:15:00,17357.7,51.08,48.715,Waiting,
2944,2021-09-13 15:15:00,17355.3,50.3,48.92357142857143,Waiting,
2945,2021-09-14 09:15:00,17416.8,63.74,49.78928571428571,Waiting,
2946,2021-09-14 10:15:00,17424.3,61.81,50.46857142857143,Waiting,
2947,2021-09-14 11:15:00,17410.1,59.47,51.49214285714287,Waiting,
2948,2021-09-14 12:15:00,17390.2,61.23,53.15357142857143,Waiting,
2949,2021-09-14 13:15:00,17391.1,57.92,54.29714285714287,Waiting,
2950,2021-09-14 14:15:00,17376.0,51.98,54.41428571428572,Waiting,
2951,2021-09-14 15:15:00,17380.0,51.85,54.48,Waiting,
2952,2021-09-15 09:15:00,17447.75,79.31,56.996428571428574,Waiting,
2953,2021-09-15 10:15:00,17452.25,77.23,59.35928571428571,Waiting,
2954,2021-09-15 11:15:00,17468.7,77.35,61.57357142857143,Waiting,
2955,2021-09-15 12:15:00,17494.2,76.95,62.57928571428572,Waiting,
2956,2021-09-15 13:15:00,17521.05,79.07,64.235,Waiting,
2957,2021-09-15 14:15:00,17513.5,78.42,66.18785714285714,Waiting,
2958,2021-09-15 15:15:00,17519.45,79.56,68.27785714285714,Waiting,
2959,2021-09-16 09:15:00,17559.2,77.82,69.28357142857143,Waiting,
2960,2021-09-16 10:15:00,17535.8,70.51,69.905,Waiting,
2961,2021-09-16 11:15:00,17579.1,78.08,71.23428571428572,Waiting,
2962,2021-09-16 12:15:00,17580.25,83.68,72.83785714285715,Waiting,
2963,2021-09-16 13:15:00,17609.15,85.15,74.78285714285714,Waiting,
2964,2021-09-16 14:15:00,17625.45,90.06,77.50285714285714,Waiting,
2965,2021-09-16 15:15:00,17629.5,90.06,80.23214285714286,Waiting,
2966,2021-09-17 09:15:00,17751.55,91.54,81.10571428571428,Waiting,
2967,2021-09-17 10:15:00,17756.45,91.55,82.12857142857145,Waiting,
2968,2021-09-17 11:15:00,17620.85,65.68,81.29499999999999,Waiting,
2969,2021-09-17 12:15:00,17652.65,66.12,80.52142857142857,Waiting,
2970,2021-09-17 13:15:00,17631.7,61.39,79.25857142857141,Waiting,
2971,2021-09-17 14:15:00,17581.8,56.47,77.69071428571428,Waiting,
2972,2021-09-17 15:15:00,17585.15,56.25,76.02571428571427,Waiting,
2973,2021-09-20 09:15:00,17548.45,48.97,73.965,Waiting,
2974,2021-09-20 10:15:00,17610.1,56.63,72.97357142857143,Waiting,
2975,2021-09-20 11:15:00,17511.9,44.54,70.57785714285714,Waiting,
2976,2021-09-20 12:15:00,17547.5,47.48,67.99214285714287,Waiting,
2977,2021-09-20 13:15:00,17470.25,40.05,64.77071428571428,Waiting,
2978,2021-09-20 14:15:00,17417.4,35.84,60.89785714285715,Waiting,
2979,2021-09-20 15:15:00,17396.9,34.52,56.93071428571428,Waiting,
2980,2021-09-21 09:15:00,17373.55,21.04,51.895,Waiting,
2981,2021-09-21 10:15:00,17345.6,19.6,46.75571428571429,Buy,
2982,2021-09-21 11:15:00,17381.55,29.23,44.152142857142856,Hold,
2983,2021-09-21 12:15:00,17454.3,33.92,41.85214285714285,Hold,
2984,2021-09-21 13:15:00,17483.0,38.1,40.18857142857143,Hold,
2985,2021-09-21 14:15:00,17548.25,47.38,39.53928571428572,Hold,
2986,2021-09-21 15:15:00,17562.0,48.22,38.96571428571429,Hold,
2987,2021-09-22 09:15:00,17603.55,54.2,39.33928571428572,Hold,
2988,2021-09-22 10:15:00,17580.1,47.57,38.69214285714286,Hold,
2989,2021-09-22 11:15:00,17566.1,55.09,39.44571428571429,Hold,
2990,2021-09-22 12:15:00,17596.85,54.67,39.95928571428572,Hold,
2991,2021-09-22 13:15:00,17594.0,63.64,41.64428571428572,Hold,
2992,2021-09-22 14:15:00,17535.6,62.87,43.575,Hold,
2993,2021-09-22 15:15:00,17546.65,66.65,45.870000000000005,Hold,
2994,2021-09-23 09:15:00,17725.9,79.09,50.01642857142857,Sell,
2995,2021-09-23 10:15:00,17731.15,83.07,54.55,Waiting,
2996,2021-09-23 11:15:00,17761.95,82.92,58.385000000000005,Waiting,
2997,2021-09-23 12:15:00,17761.1,80.32,61.69928571428572,Waiting,
2998,2021-09-23 13:15:00,17781.7,80.0,64.69214285714285,Waiting,
2999,2021-09-23 14:15:00,17832.8,79.42,66.98071428571428,Waiting,
3000,2021-09-23 15:15:00,17822.95,77.2,69.05071428571429,Waiting,
3001,2021-09-24 09:15:00,17877.35,77.79,70.73571428571428,Waiting,
3002,2021-09-24 10:15:00,17910.95,82.9,73.25928571428571,Waiting,
3003,2021-09-24 11:15:00,17880.2,80.23,75.05499999999999,Waiting,
3004,2021-09-24 12:15:00,17862.3,76.2,76.59285714285714,Waiting,
3005,2021-09-24 13:15:00,17850.4,74.86,77.39428571428572,Waiting,
3006,2021-09-24 14:15:00,17866.35,84.94,78.97071428571428,Waiting,
3007,2021-09-24 15:15:00,17853.2,82.24,80.08428571428571,Waiting,
3008,2021-09-27 09:15:00,17885.8,74.32,79.74357142857141,Waiting,
3009,2021-09-27 10:15:00,17844.15,65.48,78.48714285714286,Waiting,
3010,2021-09-27 11:15:00,17868.5,64.85,77.19642857142857,Waiting,
3011,2021-09-27 12:15:00,17886.45,66.68,76.22214285714287,Waiting,
3012,2021-09-27 13:15:00,17882.5,64.04,75.08214285714287,Waiting,
3013,2021-09-27 14:15:00,17860.75,54.24,73.28357142857143,Waiting,
3014,2021-09-27 15:15:00,17855.1,54.94,71.69357142857143,Waiting,
3015,2021-09-28 09:15:00,17877.3,49.99,69.70785714285715,Waiting,
3016,2021-09-28 10:15:00,17791.05,32.67,66.11999999999999,Waiting,
3017,2021-09-28 11:15:00,17731.75,30.18,62.545,Waiting,
3018,2021-09-28 12:15:00,17619.25,24.1,58.82357142857143,Waiting,
3019,2021-09-28 13:15:00,17615.5,24.52,55.22785714285715,Buy,
3020,2021-09-28 14:15:00,17769.7,41.94,52.15642857142857,Hold,
3021,2021-09-28 15:15:00,17748.6,41.39,49.23857142857143,Hold,
3022,2021-09-29 09:15:00,17663.6,33.16,46.29857142857144,Hold,
3023,2021-09-29 10:15:00,17654.4,34.87,44.11214285714285,Hold,
3024,2021-09-29 11:15:00,17652.6,32.15,41.776428571428575,Hold,
3025,2021-09-29 12:15:00,17698.6,35.15,39.52428571428572,Hold,
3026,2021-09-29 13:15:00,17736.8,39.08,37.74142857142857,Hold,
3027,2021-09-29 14:15:00,17701.35,38.29,36.60214285714285,Hold,
3028,2021-09-29 15:15:00,17711.3,39.5,35.49928571428571,Hold,
3029,2021-09-30 09:15:00,17703.1,37.02,34.57285714285714,Hold,
3030,2021-09-30 10:15:00,17690.45,41.58,35.20928571428571,Hold,
3031,2021-09-30 11:15:00,17729.8,49.83,36.612857142857145,Hold,
3032,2021-09-30 12:15:00,17652.85,53.1,38.68428571428571,Hold,
3033,2021-09-30 13:15:00,17636.0,51.85,40.63642857142857,Hold,
3034,2021-09-30 14:15:00,17629.3,32.77,39.98142857142857,Hold,
3035,2021-09-30 15:15:00,17618.15,33.59,39.42428571428571,Hold,
3036,2021-10-01 09:15:00,17486.15,30.04,39.20142857142857,Hold,
3037,2021-10-01 10:15:00,17528.45,36.81,39.34,Hold,
3038,2021-10-01 11:15:00,17475.3,33.24,39.41785714285714,Hold,
3039,2021-10-01 12:15:00,17503.7,30.94,39.11714285714287,Hold,
3040,2021-10-01 13:15:00,17525.25,28.62,38.370000000000005,Hold,
3041,2021-10-01 14:15:00,17530.45,31.6,37.89214285714286,Hold,
3042,2021-10-01 15:15:00,17532.05,30.35,37.23857142857143,Hold,
3043,2021-10-04 09:15:00,17712.4,50.74,38.21857142857143,Hold,
3044,2021-10-04 10:15:00,17727.0,52.9,39.027142857142856,Hold,
3045,2021-10-04 11:15:00,17694.4,47.16,38.83642857142858,Hold,
3046,2021-10-04 12:15:00,17676.55,52.1,38.765,Hold,
3047,2021-10-04 13:15:00,17699.45,55.56,39.03,Hold,
3048,2021-10-04 14:15:00,17697.85,56.06,40.69357142857143,Hold,
3049,2021-10-04 15:15:00,17691.25,56.52,42.33142857142857,Hold,
3050,2021-10-05 09:15:00,17683.55,72.62,45.37285714285714,Sell,
3051,2021-10-05 10:15:00,17686.25,69.88,47.735,Waiting,
3052,2021-10-05 11:15:00,17695.2,81.18,51.15928571428572,Waiting,
3053,2021-10-05 12:15:00,17756.35,82.78,54.862142857142864,Waiting,
3054,2021-10-05 13:15:00,17793.6,83.46,58.77928571428571,Waiting,
3055,2021-10-05 14:15:00,17827.6,84.56,62.56214285714286,Waiting,
3056,2021-10-05 15:15:00,17822.3,83.47,66.35642857142857,Waiting,
3057,2021-10-06 09:15:00,17831.95,72.74,67.92785714285715,Waiting,
3058,2021-10-06 10:15:00,17825.1,69.23,69.0942857142857,Waiting,
3059,2021-10-06 11:15:00,17863.9,82.43,71.61357142857143,Waiting,
3060,2021-10-06 12:15:00,17775.3,64.87,72.52571428571429,Waiting,
3061,2021-10-06 13:15:00,17761.25,59.56,72.81142857142858,Waiting,
3062,2021-10-06 14:15:00,17651.9,44.67,71.99785714285714,Waiting,
3063,2021-10-06 15:15:00,17646.0,44.74,71.15642857142858,Waiting,
3064,2021-10-07 09:15:00,17808.45,60.68,70.30357142857143,Waiting,
3065,2021-10-07 10:15:00,17802.9,59.92,69.59214285714286,Waiting,
3066,2021-10-07 11:15:00,17837.95,61.63,68.19571428571429,Waiting,
3067,2021-10-07 12:15:00,17847.75,58.12,66.4342857142857,Waiting,
3068,2021-10-07 13:15:00,17845.5,54.92,64.39571428571429,Waiting,
3069,2021-10-07 14:15:00,17790.75,46.64,61.68714285714286,Waiting,
3070,2021-10-07 15:15:00,17790.35,47.06,59.08642857142858,Waiting,
3071,2021-10-08 09:15:00,17894.7,54.92,57.81357142857143,Waiting,
3072,2021-10-08 10:15:00,17908.95,56.49,56.90357142857143,Waiting,
3073,2021-10-08 11:15:00,17863.95,50.0,54.58714285714286,Waiting,
3074,2021-10-08 12:15:00,17879.9,59.03,54.17,Waiting,
3075,2021-10-08 13:15:00,17917.7,62.98,54.41428571428572,Waiting,
3076,2021-10-08 14:15:00,17895.85,73.67,56.48571428571428,Waiting,
3077,2021-10-08 15:15:00,17895.2,74.43,58.60642857142857,Waiting,
3078,2021-10-11 09:15:00,17979.25,69.78,59.25642857142857,Waiting,
3079,2021-10-11 10:15:00,18016.0,73.02,60.19214285714286,Waiting,
3080,2021-10-11 11:15:00,17998.6,68.04,60.64999999999999,Waiting,
3081,2021-10-11 12:15:00,18013.3,68.39,61.38357142857144,Waiting,
3082,2021-10-11 13:15:00,18013.75,68.76,62.37214285714286,Waiting,
3083,2021-10-11 14:15:00,17951.05,67.57,63.86714285714286,Waiting,
3084,2021-10-11 15:15:00,17945.95,66.88,65.28285714285714,Waiting,
3085,2021-10-12 09:15:00,17961.7,59.0,65.57428571428571,Waiting,
3086,2021-10-12 10:15:00,17924.5,51.97,65.25142857142858,Waiting,
3087,2021-10-12 11:15:00,17902.8,55.22,65.62428571428572,Waiting,
3088,2021-10-12 12:15:00,17936.5,57.26,65.49785714285714,Waiting,
3089,2021-10-12 13:15:00,17964.25,56.13,65.00857142857143,Waiting,
3090,2021-10-12 14:15:00,17991.45,62.41,64.20428571428572,Waiting,
3091,2021-10-12 15:15:00,17991.95,62.57,63.35714285714285,Waiting,
3092,2021-10-13 09:15:00,18117.65,66.22,63.10285714285715,Waiting,
3093,2021-10-13 10:15:00,18139.1,64.96,62.527142857142856,Waiting,
3094,2021-10-13 11:15:00,18138.35,67.71,62.50357142857143,Waiting,
3095,2021-10-13 12:15:00,18170.1,69.04,62.55,Waiting,
3096,2021-10-13 13:15:00,18163.3,67.89,62.48785714285714,Waiting,
3097,2021-10-13 14:15:00,18167.3,80.09,63.38214285714286,Waiting,
3098,2021-10-13 15:15:00,18161.75,79.99,64.31857142857143,Waiting,
3099,2021-10-14 09:15:00,18275.45,84.27,66.12357142857142,Waiting,
3100,2021-10-14 10:15:00,18299.7,92.18,68.99571428571429,Waiting,
3101,2021-10-14 11:15:00,18309.95,96.98,71.97857142857143,Waiting,
3102,2021-10-14 12:15:00,18283.7,90.76,74.37142857142858,Waiting,
3103,2021-10-14 13:15:00,18308.75,90.7,76.84071428571428,Waiting,
3104,2021-10-14 14:15:00,18340.05,90.79,78.86785714285715,Waiting,
3105,2021-10-14 15:15:00,18338.55,90.46,80.86000000000001,Waiting,
3106,2021-10-18 09:15:00,18498.8,91.17,82.64214285714286,Waiting,
3107,2021-10-18 10:15:00,18494.15,89.8,84.41642857142857,Waiting,
3108,2021-10-18 11:15:00,18514.9,90.4,86.03714285714285,Waiting,
3109,2021-10-18 12:15:00,18492.15,85.23,87.19357142857143,Waiting,
3110,2021-10-18 13:15:00,18528.95,87.54,88.59714285714286,Waiting,
3111,2021-10-19 13:15:00,18515.15,85.01,88.94857142857143,Waiting,
3112,2021-10-19 14:15:00,18403.9,70.09,88.24142857142859,Waiting,
3113,2021-10-19 15:15:00,18418.75,64.22,86.8092857142857,Waiting,
3114,2021-10-20 09:15:00,18444.8,64.35,84.82142857142857,Waiting,
3115,2021-10-20 10:15:00,18400.1,58.35,82.06214285714285,Waiting,
3116,2021-10-20 11:15:00,18302.75,51.56,79.26214285714286,Waiting,
3117,2021-10-20 12:15:00,18345.7,52.94,76.56500000000001,Waiting,
3118,2021-10-20 13:15:00,18254.4,43.78,73.20714285714287,Waiting,
3119,2021-10-20 14:15:00,18259.8,44.32,69.91142857142857,Waiting,
3120,2021-10-20 15:15:00,18266.6,28.48,65.43357142857143,Waiting,
3121,2021-10-21 09:15:00,18245.5,27.63,60.99285714285714,Buy,
3122,2021-10-21 10:15:00,18131.6,20.47,55.99785714285714,Hold,
3123,2021-10-21 11:15:00,18163.55,25.04,51.69857142857143,Hold,
3124,2021-10-21 12:15:00,18139.2,19.82,46.861428571428576,Hold,
3125,2021-10-21 13:15:00,18076.65,18.43,42.10571428571428,Hold,
3126,2021-10-21 14:15:00,18168.3,32.55,39.42428571428572,Hold,
3127,2021-10-21 15:15:00,18178.1,32.04,37.12571428571429,Hold,
3128,2021-10-22 09:15:00,18278.4,38.82,35.302142857142854,Hold,
3129,2021-10-22 10:15:00,18263.85,40.46,34.02428571428572,Hold,
3130,2021-10-22 11:15:00,18145.6,39.31,33.14928571428572,Hold,
3131,2021-10-22 12:15:00,18083.0,32.59,31.695714285714285,Hold,
3132,2021-10-22 13:15:00,18142.05,42.22,31.58428571428571,Hold,
3133,2021-10-22 14:15:00,18122.85,40.7,31.325714285714287,Hold,
3134,2021-10-22 15:15:00,18114.9,39.71,32.127857142857145,Hold,
3135,2021-10-25 09:15:00,18008.3,35.58,32.69571428571428,Hold,
3136,2021-10-25 10:15:00,18116.6,49.08,34.739285714285714,Hold,
3137,2021-10-25 11:15:00,18153.45,49.39,36.47857142857143,Hold,
3138,2021-10-25 12:15:00,18146.3,50.44,38.66571428571428,Hold,
3139,2021-10-25 13:15:00,18098.8,51.4,41.02071428571429,Hold,
3140,2021-10-25 14:15:00,18120.95,46.71,42.03214285714285,Hold,
3141,2021-10-25 15:15:00,18125.4,46.31,43.05142857142857,Hold,
3142,2021-10-26 09:15:00,18234.35,46.96,43.632857142857134,Hold,
3143,2021-10-26 10:15:00,18163.0,43.54,43.85285714285715,Hold,
3144,2021-10-26 11:15:00,18159.95,51.08,44.693571428571424,Hold,
3145,2021-10-26 12:15:00,18163.8,56.66,46.41285714285714,Hold,
3146,2021-10-26 13:15:00,18246.85,58.31,47.56214285714286,Hold,
3147,2021-10-26 14:15:00,18263.25,61.19,49.02571428571429,Hold,
3148,2021-10-26 15:15:00,18268.4,62.28,50.637857142857136,Hold,
3149,2021-10-27 09:15:00,18298.25,76.45,53.55714285714286,Sell,
3150,2021-10-27 10:15:00,18310.4,71.44,55.15428571428571,Waiting,
3151,2021-10-27 11:15:00,18293.05,66.14,56.35071428571428,Waiting,
3152,2021-10-27 12:15:00,18310.7,68.56,57.645,Waiting,
3153,2021-10-27 13:15:00,18312.5,76.9,59.46642857142857,Waiting,
3154,2021-10-27 14:15:00,18227.2,61.54,60.52571428571429,Waiting,
3155,2021-10-27 15:15:00,18210.95,59.06,61.43642857142857,Waiting,
3156,2021-10-28 09:15:00,18092.45,35.27,60.60142857142858,Waiting,
3157,2021-10-28 10:15:00,18038.15,36.57,60.10357142857142,Waiting,
3158,2021-10-28 11:15:00,18023.35,35.66,59.002142857142864,Waiting,
3159,2021-10-28 12:15:00,18007.85,34.02,57.385,Waiting,
3160,2021-10-28 13:15:00,17950.1,17.94,54.50142857142857,Waiting,
3161,2021-10-28 14:15:00,17853.65,12.27,51.00714285714286,Buy,
3162,2021-10-28 15:15:00,17857.25,12.02,47.417142857142856,Hold,
3163,2021-10-29 09:15:00,17856.2,6.87,42.44714285714287,Hold,
3164,2021-10-29 10:15:00,17834.3,4.41,37.65928571428572,Hold,
3165,2021-10-29 11:15:00,17820.85,4.45,33.252857142857145,Hold,
3166,2021-10-29 12:15:00,17742.6,0.93,28.42214285714286,Hold,
3167,2021-10-29 13:15:00,17642.8,0.53,22.967142857142854,Hold,
3168,2021-10-29 14:15:00,17647.75,1.43,18.673571428571428,Hold,
3169,2021-10-29 15:15:00,17671.65,5.37,14.838571428571427,Hold,
3170,2021-11-01 09:15:00,17761.15,21.2,13.83357142857143,Hold,
3171,2021-11-01 10:15:00,17750.1,22.93,12.859285714285717,Hold,
3172,2021-11-01 11:15:00,17777.55,27.43,12.271428571428572,Hold,
3173,2021-11-01 12:15:00,17810.7,32.47,12.160714285714286,Hold,
3174,2021-11-01 13:15:00,17895.05,45.33,14.117142857142856,Hold,
3175,2021-11-01 14:15:00,17934.35,57.59,17.354285714285716,Hold,
3176,2021-11-01 15:15:00,17929.65,56.79,20.552142857142854,Hold,
3177,2021-11-02 09:15:00,17934.55,57.3,24.154285714285717,Hold,
3178,2021-11-02 10:15:00,17935.0,59.77,28.10857142857143,Hold,
3179,2021-11-02 11:15:00,17949.45,62.46,32.25214285714286,Hold,
3180,2021-11-02 12:15:00,17912.05,67.82,37.03,Hold,
3181,2021-11-02 13:15:00,17889.05,80.89,42.77,Sell,
3182,2021-11-02 14:15:00,17896.1,80.99,48.45285714285715,Waiting,
3183,2021-11-02 15:15:00,17888.95,78.3,53.66214285714285,Waiting,
3184,2021-11-03 09:15:00,17961.3,77.29,57.66857142857143,Waiting,
3185,2021-11-03 10:15:00,17976.0,80.49,61.78000000000001,Waiting,
3186,2021-11-03 11:15:00,17897.3,64.2,64.40642857142856,Waiting,
3187,2021-11-03 12:15:00,17808.85,49.81,65.645,Waiting,
3188,2021-11-03 13:15:00,17857.6,45.76,65.67571428571429,Waiting,
3189,2021-11-03 14:15:00,17820.5,37.04,64.20785714285714,Waiting,
3190,2021-11-03 15:15:00,17829.2,38.67,62.91357142857142,Waiting,
3191,2021-11-04 17:15:00,17935.05,50.05,62.39571428571429,Waiting,
3192,2021-11-04 18:15:00,17921.05,48.75,61.60857142857143,Waiting,
3193,2021-11-04 19:15:00,17916.8,47.02,60.50571428571429,Waiting,
3194,2021-11-08 09:15:00,17855.15,45.02,58.87714285714286,Waiting,
3195,2021-11-08 10:15:00,17918.1,52.37,56.84,Waiting,
3196,2021-11-08 11:15:00,17966.8,55.41,55.012857142857136,Waiting,
3197,2021-11-08 12:15:00,18038.5,60.42,53.73571428571429,Waiting,
3198,2021-11-08 13:15:00,18067.3,57.86,52.34785714285714,Waiting,
3199,2021-11-08 14:15:00,18064.0,56.64,50.64428571428572,Waiting,
3200,2021-11-08 15:15:00,18068.55,64.54,50.66857142857143,Waiting,
3201,2021-11-09 09:15:00,18055.1,73.97,52.39428571428572,Waiting,
3202,2021-11-09 10:15:00,18032.4,67.92,53.97714285714285,Waiting,
3203,2021-11-09 11:15:00,18043.05,74.12,56.62571428571429,Waiting,
3204,2021-11-09 12:15:00,18053.15,74.2,59.16357142857142,Waiting,
3205,2021-11-09 13:15:00,18018.05,60.59,59.916428571428575,Waiting,
3206,2021-11-09 14:15:00,18043.75,65.2,61.09142857142857,Waiting,
3207,2021-11-09 15:15:00,18044.25,65.94,62.44285714285714,Waiting,
3208,2021-11-10 09:15:00,17960.3,62.45,63.68785714285715,Waiting,
3209,2021-11-10 10:15:00,17966.0,56.56,63.987142857142864,Waiting,
3210,2021-11-10 11:15:00,17959.95,48.94,63.52500000000001,Waiting,
3211,2021-11-10 12:15:00,17984.35,40.15,62.07714285714286,Waiting,
3212,2021-11-10 13:15:00,18049.95,47.22,61.317142857142855,Waiting,
3213,2021-11-10 14:15:00,18010.85,42.35,60.29642857142857,Waiting,
3214,2021-11-10 15:15:00,18017.2,42.65,58.73285714285714,Waiting,
3215,2021-11-11 09:15:00,17878.1,31.37,55.69,Waiting,
3216,2021-11-11 10:15:00,17845.55,30.73,53.03357142857143,Waiting,
3217,2021-11-11 11:15:00,17849.0,29.69,49.86000000000001,Waiting,
3218,2021-11-11 12:15:00,17884.05,33.18,46.93,,
3219,2021-11-11 13:15:00,17819.85,31.36,44.84214285714285,,
3220,2021-11-11 14:15:00,17867.4,34.07,42.61857142857144,,
3221,2021-11-11 15:15:00,17873.6,34.74,40.39,,
3222,2021-11-12 09:15:00,17952.35,49.28,39.44928571428572,,
3223,2021-11-12 10:15:00,17939.3,47.62,38.81071428571429,,
3224,2021-11-12 11:15:00,17961.1,50.1,38.89357142857143,,
3225,2021-11-12 12:15:00,18020.2,52.93,39.806428571428576,,
3226,2021-11-12 13:15:00,18090.55,53.29,40.24,,
3227,2021-11-12 14:15:00,18096.85,57.37,41.31285714285714,,
3228,2021-11-12 15:15:00,18102.75,57.33,42.36142857142857,,
3229,2021-11-15 09:15:00,18157.65,78.0,45.69214285714286,,
3230,2021-11-15 10:15:00,18139.4,80.3,49.23285714285714,,
3231,2021-11-15 11:15:00,18105.1,74.83,52.45714285714286,,
3232,2021-11-15 12:15:00,18083.05,69.79,55.07214285714286,,
3233,2021-11-15 13:15:00,18135.45,82.15,58.7,,
3234,2021-11-15 14:15:00,18106.45,75.3,61.645,,
3235,2021-11-15 15:15:00,18109.45,75.14,64.5307142857143,,
3236,2021-11-16 09:15:00,18081.75,65.47,65.68714285714286,,
3237,2021-11-16 10:15:00,18037.0,60.86,66.63285714285715,,
3238,2021-11-16 11:15:00,18085.95,63.09,67.56071428571428,,
3239,2021-11-16 12:15:00,18117.8,60.85,68.12642857142858,,
3240,2021-11-16 13:15:00,18068.85,47.47,67.71071428571429,,
3241,2021-11-16 14:15:00,18002.3,40.32,66.49285714285715,,
3242,2021-11-16 15:15:00,17999.2,39.34,65.20785714285715,,
3243,2021-11-17 09:15:00,17974.75,29.91,61.77285714285715,Buy,
3244,2021-11-17 10:15:00,18003.8,35.45,58.56928571428572,Hold,
3245,2021-11-17 11:15:00,17955.35,34.41,55.682142857142864,Hold,
3246,2021-11-17 12:15:00,17984.2,39.85,53.54357142857143,Hold,
3247,2021-11-17 13:15:00,17969.1,31.51,49.92642857142857,Hold,
3248,2021-11-17 14:15:00,17894.9,28.63,46.59285714285715,Hold,
3249,2021-11-17 15:15:00,17898.65,28.74,43.27857142857143,Hold,
3250,2021-11-18 09:15:00,17794.25,24.89,40.38,Hold,
3251,2021-11-18 10:15:00,17764.8,25.57,37.85928571428572,Hold,
3252,2021-11-18 11:15:00,17719.9,16.91,34.56071428571429,Hold,
3253,2021-11-18 12:15:00,17745.65,15.98,31.35571428571428,Hold,
3254,2021-11-18 13:15:00,17803.65,26.15,29.832857142857144,Hold,
3255,2021-11-18 14:15:00,17752.65,26.9,28.874285714285715,Hold,
3256,2021-11-18 15:15:00,17764.8,28.67,28.112142857142857,Hold,
3257,2021-11-22 09:15:00,17634.45,24.04,27.692857142857143,Hold,
3258,2021-11-22 10:15:00,17549.3,18.06,26.450714285714287,Hold,
3259,2021-11-22 11:15:00,17455.95,16.99,25.20642857142857,Hold,
3260,2021-11-22 12:15:00,17490.7,17.63,23.619285714285716,Hold,
3261,2021-11-22 13:15:00,17395.8,15.96,22.50857142857143,Hold,
3262,2021-11-22 14:15:00,17395.5,17.5,21.71357142857143,Hold,
3263,2021-11-22 15:15:00,17416.55,19.31,21.04,Hold,
3264,2021-11-23 09:15:00,17338.95,19.99,20.69,Hold,
3265,2021-11-23 10:15:00,17384.6,25.47,20.68285714285714,Hold,
3266,2021-11-23 11:15:00,17455.2,33.47,21.865714285714283,Hold,
3267,2021-11-23 12:15:00,17435.75,30.49,22.902142857142856,Hold,
3268,2021-11-23 13:15:00,17528.7,33.42,23.42142857142857,Hold,
3269,2021-11-23 14:15:00,17504.8,34.55,23.967857142857145,Hold,
3270,2021-11-23 15:15:00,17503.35,33.48,24.311428571428568,Hold,
3271,2021-11-24 09:15:00,17529.85,42.39,25.622142857142855,Hold,
3272,2021-11-24 10:15:00,17590.1,53.08,28.12357142857143,Hold,
3273,2021-11-24 11:15:00,17572.05,59.88,31.187142857142856,Hold,
3274,2021-11-24 12:15:00,17582.75,58.17,34.082857142857144,Hold,
3275,2021-11-24 13:15:00,17532.25,63.15,37.45357142857143,Hold,
3276,2021-11-24 14:15:00,17413.8,51.44,39.87785714285714,Hold,
3277,2021-11-24 15:15:00,17415.05,49.88,42.06142857142857,Hold,
3278,2021-11-25 09:15:00,17399.75,55.48,44.596428571428575,Hold,
3279,2021-11-25 10:15:00,17466.25,57.09,46.855,Hold,
3280,2021-11-25 11:15:00,17527.05,56.35,48.48928571428571,Hold,
3281,2021-11-25 12:15:00,17516.95,57.29,50.40357142857143,Hold,
3282,2021-11-25 13:15:00,17508.7,47.88,51.43642857142857,Hold,
3283,2021-11-25 14:15:00,17529.75,52.66,52.73,Hold,
3284,2021-11-25 15:15:00,17536.25,53.47,54.15785714285715,Hold,
3285,2021-11-26 09:15:00,17249.8,30.93,53.33928571428572,Hold,
3286,2021-11-26 10:15:00,17165.55,22.0,51.11928571428571,Hold,
3287,2021-11-26 11:15:00,17148.75,22.04,48.416428571428575,Hold,
3288,2021-11-26 12:15:00,17177.35,23.84,45.96428571428572,Hold,
3289,2021-11-26 13:15:00,17127.7,23.86,43.15785714285714,Hold,
3290,2021-11-26 14:15:00,17018.65,24.16,41.20928571428572,Hold,
3291,2021-11-26 15:15:00,17026.45,24.8,39.41785714285714,Hold,
3292,2021-11-29 09:15:00,17086.35,30.79,37.65428571428571,Hold,
3293,2021-11-29 10:15:00,17094.4,25.45,35.394285714285715,Hold,
3294,2021-11-29 11:15:00,17154.55,25.38,33.18214285714286,Hold,
3295,2021-11-29 12:15:00,17089.3,23.66,30.78,Hold,
3296,2021-11-29 13:15:00,17128.35,27.43,29.319285714285712,Hold,
3297,2021-11-29 14:15:00,17053.55,23.44,27.232142857142858,Hold,
3298,2021-11-29 15:15:00,17053.95,22.91,25.049285714285716,Hold,
3299,2021-11-30 09:15:00,17259.0,50.57,26.452142857142857,Hold,
3300,2021-11-30 10:15:00,17145.05,48.78,28.365,Hold,
3301,2021-11-30 11:15:00,17079.35,46.09,30.082857142857144,Hold,
3302,2021-11-30 12:15:00,17088.9,44.91,31.58785714285714,Hold,
3303,2021-11-30 13:15:00,17148.75,51.2,33.54071428571429,Hold,
3304,2021-11-30 14:15:00,16982.45,48.07,35.24857142857143,Hold,
3305,2021-11-30 15:15:00,16983.2,47.67,36.88214285714286,Hold,
3306,2021-12-01 09:15:00,17109.45,51.16,38.33714285714286,Hold,
3307,2021-12-01 10:15:00,17196.15,54.74,40.42928571428571,Hold,
3308,2021-12-01 11:15:00,17167.65,50.63,42.23285714285714,Hold,
3309,2021-12-01 12:15:00,17152.35,53.18,44.34142857142857,Hold,
3310,2021-12-01 13:15:00,17089.9,48.11,45.818571428571424,Hold,
3311,2021-12-01 14:15:00,17166.95,55.57,48.11357142857143,Hold,
3312,2021-12-01 15:15:00,17166.9,55.55,50.445,Hold,
3313,2021-12-02 09:15:00,17286.8,51.49,50.510714285714286,Hold,
3314,2021-12-02 10:15:00,17285.45,58.56,51.20928571428572,Hold,
3315,2021-12-02 11:15:00,17279.1,63.14,52.42714285714286,Hold,
3316,2021-12-02 12:15:00,17320.5,64.62,53.835,Hold,
3317,2021-12-02 13:15:00,17317.9,61.51,54.57142857142857,Hold,
3318,2021-12-02 14:15:00,17404.1,82.19,57.00857142857143,Sell,
3319,2021-12-02 15:15:00,17401.65,81.87,59.451428571428565,Waiting,
3320,2021-12-03 09:15:00,17393.05,76.31,61.24785714285714,Waiting,
3321,2021-12-03 10:15:00,17406.55,72.59,62.52285714285714,Waiting,
3322,2021-12-03 11:15:00,17382.7,73.32,64.14357142857143,Waiting,
3323,2021-12-03 12:15:00,17289.55,62.73,64.82571428571428,Waiting,
3324,2021-12-03 13:15:00,17238.85,64.13,65.97,Waiting,
3325,2021-12-03 14:15:00,17197.0,53.05,65.78999999999999,Waiting,
3326,2021-12-03 15:15:00,17196.7,53.03,65.61,Waiting,
3327,2021-12-06 09:15:00,17144.55,33.24,64.30642857142857,Waiting,
3328,2021-12-06 10:15:00,17117.55,31.35,62.36285714285714,Waiting,
3329,2021-12-06 11:15:00,17056.95,27.98,59.85142857142857,Waiting,
3330,2021-12-06 12:15:00,17059.45,21.96,56.80428571428571,Buy,
3331,2021-12-06 13:15:00,16996.2,19.43,53.79857142857143,Hold,
3332,2021-12-06 14:15:00,16908.6,3.03,48.14428571428572,Hold,
3333,2021-12-06 15:15:00,16912.25,3.72,42.56214285714286,Hold,
3334,2021-12-07 09:15:00,17091.5,28.44,39.142857142857146,Hold,
3335,2021-12-07 10:15:00,17167.95,34.35,36.41142857142857,Hold,
3336,2021-12-07 11:15:00,17195.45,37.78,33.87285714285714,Hold,
3337,2021-12-07 12:15:00,17187.9,42.53,32.43,Hold,
3338,2021-12-07 13:15:00,17231.45,49.45,31.381428571428568,Hold,
3339,2021-12-07 14:15:00,17175.55,48.44,31.052142857142854,Hold,
3340,2021-12-07 15:15:00,17176.7,48.55,30.732142857142858,Hold,
3341,2021-12-08 09:15:00,17405.8,65.1,33.00785714285714,Hold,
3342,2021-12-08 10:15:00,17409.5,67.34,35.57857142857143,Hold,
3343,2021-12-08 11:15:00,17423.05,73.03,38.79642857142857,Sell,
3344,2021-12-08 12:15:00,17433.0,73.28,42.46214285714286,Waiting,
3345,2021-12-08 13:15:00,17453.9,80.12,46.79714285714287,Waiting,
3346,2021-12-08 14:15:00,17472.45,90.81,53.06714285714286,Waiting,
3347,2021-12-08 15:15:00,17469.75,90.41,59.25928571428572,Waiting,
3348,2021-12-09 09:15:00,17411.85,78.18,62.81214285714286,Waiting,
3349,2021-12-09 10:15:00,17429.6,75.66,65.76285714285714,Waiting,
3350,2021-12-09 11:15:00,17472.05,76.36,68.51857142857143,Waiting,
3351,2021-12-09 12:15:00,17530.9,79.77,71.17857142857143,Waiting,
3352,2021-12-09 13:15:00,17484.1,71.81,72.77571428571427,Waiting,
3353,2021-12-09 14:15:00,17517.0,80.69,75.07928571428572,Waiting,
3354,2021-12-09 15:15:00,17516.85,80.63,77.37071428571429,Waiting,
3355,2021-12-10 09:15:00,17442.95,54.64,76.62357142857142,Waiting,
3356,2021-12-10 10:15:00,17461.1,56.22,75.8292857142857,Waiting,
3357,2021-12-10 11:15:00,17443.1,52.39,74.355,Waiting,
3358,2021-12-10 12:15:00,17420.6,48.56,72.58928571428571,Waiting,
3359,2021-12-10 13:15:00,17462.15,50.91,70.50285714285714,Waiting,
3360,2021-12-10 14:15:00,17522.35,55.05,67.94857142857143,Waiting,
3361,2021-12-10 15:15:00,17511.3,54.14,65.35785714285714,Waiting,
3362,2021-12-13 09:15:00,17615.5,68.57,64.67142857142856,Waiting,
3363,2021-12-13 10:15:00,17567.4,61.9,63.68857142857143,Waiting,
3364,2021-12-13 11:15:00,17550.6,57.1,62.31285714285714,Waiting,
3365,2021-12-13 12:15:00,17393.65,39.46,59.43357142857143,Waiting,
3366,2021-12-13 13:15:00,17365.1,40.6,57.20428571428572,Waiting,
3367,2021-12-13 14:15:00,17366.1,37.45,54.11571428571428,Waiting,
3368,2021-12-13 15:15:00,17368.25,37.68,51.04785714285714,Waiting,
3369,2021-12-14 09:15:00,17279.2,36.76,49.77071428571429,Waiting,
3370,2021-12-14 10:15:00,17268.95,34.26,48.20214285714285,Waiting,
3371,2021-12-14 11:15:00,17339.7,42.2,47.47428571428571,Waiting,
3372,2021-12-14 12:15:00,17347.95,44.4,47.17714285714285,Waiting,
3373,2021-12-14 13:15:00,17296.6,37.43,46.21428571428572,Waiting,
3374,2021-12-14 14:15:00,17321.75,33.92,44.705,Waiting,
3375,2021-12-14 15:15:00,17324.9,34.86,43.32785714285715,Waiting,
3376,2021-12-15 09:15:00,17255.2,19.0,39.78714285714285,Waiting,
3377,2021-12-15 10:15:00,17224.9,19.6,36.76571428571429,Buy,
3378,2021-12-15 11:15:00,17247.25,23.34,34.35428571428572,Hold,
3379,2021-12-15 12:15:00,17240.3,31.7,33.8,Hold,
3380,2021-12-15 13:15:00,17282.9,40.51,33.79357142857143,Hold,
3381,2021-12-15 14:15:00,17220.8,35.3,33.64,Hold,
3382,2021-12-15 15:15:00,17221.4,35.09,33.455,Hold,
3383,2021-12-16 09:15:00,17267.4,48.69,34.30714285714286,Hold,
3384,2021-12-16 10:15:00,17280.75,51.3,35.52428571428571,Hold,
3385,2021-12-16 11:15:00,17220.85,36.55,35.120714285714286,Hold,
3386,2021-12-16 12:15:00,17247.45,39.08,34.74071428571428,Hold,
3387,2021-12-16 13:15:00,17222.8,41.49,35.03071428571429,Hold,
3388,2021-12-16 14:15:00,17236.85,39.95,35.46142857142857,Hold,
3389,2021-12-16 15:15:00,17248.4,41.12,35.90857142857143,Hold,
3390,2021-12-17 09:15:00,17105.8,35.17,37.06357142857143,Hold,
3391,2021-12-17 10:15:00,17037.3,32.69,37.99857142857143,Hold,
3392,2021-12-17 11:15:00,17011.05,28.36,38.35714285714285,Hold,
3393,2021-12-17 12:15:00,17049.55,33.48,38.48428571428571,Hold,
3394,2021-12-17 13:15:00,17075.45,31.5,37.84071428571429,Hold,
3395,2021-12-17 14:15:00,16981.55,29.81,37.44857142857143,Hold,
3396,2021-12-17 15:15:00,16985.2,30.16,37.09642857142857,Hold,
3397,2021-12-20 09:15:00,16600.9,14.31,34.64071428571429,Hold,
3398,2021-12-20 10:15:00,16593.05,12.96,31.902142857142856,Hold,
3399,2021-12-20 11:15:00,16546.7,13.15,30.23071428571429,Hold,
3400,2021-12-20 12:15:00,16444.85,9.46,28.115,Hold,
3401,2021-12-20 13:15:00,16524.0,16.55,26.333571428571428,Hold,
3402,2021-12-20 14:15:00,16619.1,22.56,25.091428571428573,Hold,
3403,2021-12-20 15:15:00,16614.2,21.66,23.70142857142857,Hold,
3404,2021-12-21 09:15:00,16810.7,37.42,23.862142857142857,Hold,
3405,2021-12-21 10:15:00,16881.3,43.36,24.624285714285715,Hold,
3406,2021-12-21 11:15:00,16926.75,46.47,25.91785714285714,Hold,
3407,2021-12-21 12:15:00,16887.85,43.23,26.61428571428572,Hold,
3408,2021-12-21 13:15:00,16792.95,38.82,27.13714285714286,Hold,
3409,2021-12-21 14:15:00,16776.6,41.36,27.962142857142855,Hold,
3410,2021-12-21 15:15:00,16770.85,40.98,28.735,Hold,
3411,2021-12-22 09:15:00,16884.0,65.44,32.387142857142855,Hold,
3412,2021-12-22 10:15:00,16868.25,64.88,36.09571428571429,Hold,
3413,2021-12-22 11:15:00,16878.15,68.66,40.06071428571428,Hold,
3414,2021-12-22 12:15:00,16875.05,77.25,44.90285714285714,Sell,
3415,2021-12-22 13:15:00,16877.5,74.8,49.06357142857143,Waiting,
3416,2021-12-22 14:15:00,16947.65,73.88,52.72928571428572,Waiting,
3417,2021-12-22 15:15:00,16955.45,74.7,56.517857142857146,Waiting,
3418,2021-12-23 09:15:00,17057.65,70.7,58.895,Waiting,
3419,2021-12-23 10:15:00,17040.85,64.7,60.419285714285714,Waiting,
3420,2021-12-23 11:15:00,17070.05,63.61,61.64357142857143,Waiting,
3421,2021-12-23 12:15:00,17085.9,69.67,63.53214285714286,Waiting,
3422,2021-12-23 13:15:00,17049.75,78.88,66.39357142857143,Waiting,
3423,2021-12-23 14:15:00,17087.5,83.36,69.39357142857143,Waiting,
3424,2021-12-23 15:15:00,17072.6,81.75,72.30571428571429,Waiting,
3425,2021-12-24 09:15:00,16944.7,56.2,71.64571428571428,Waiting,
3426,2021-12-24 10:15:00,16968.1,60.03,71.29928571428572,Waiting,
3427,2021-12-24 11:15:00,16988.2,60.84,70.74071428571428,Waiting,
3428,2021-12-24 12:15:00,16943.5,56.23,69.23928571428571,Waiting,
3429,2021-12-24 13:15:00,17041.3,62.7,68.375,Waiting,
3430,2021-12-24 14:15:00,17002.7,54.49,66.99,Waiting,
3431,2021-12-24 15:15:00,17003.75,53.98,65.51,Waiting,
3432,2021-12-27 09:15:00,16963.65,41.37,63.415000000000006,Waiting,
3433,2021-12-27 10:15:00,17011.65,47.46,62.18357142857143,Waiting,
3434,2021-12-27 11:15:00,17020.9,45.58,60.89571428571429,Waiting,
3435,2021-12-27 12:15:00,17040.45,45.94,59.20071428571429,Waiting,
3436,2021-12-27 13:15:00,17079.95,52.68,57.32928571428572,Waiting,
3437,2021-12-27 14:15:00,17087.45,50.0,54.94642857142857,Waiting,
3438,2021-12-27 15:15:00,17086.25,51.32,52.77285714285714,Waiting,
3439,2021-12-28 09:15:00,17208.0,75.69,54.165,Waiting,
3440,2021-12-28 10:15:00,17207.15,74.4,55.19142857142857,Waiting,
3441,2021-12-28 11:15:00,17238.5,74.97,56.20071428571429,Waiting,
3442,2021-12-28 12:15:00,17212.3,77.84,57.74428571428572,Waiting,
3443,2021-12-28 13:15:00,17234.45,73.73,58.53214285714286,Waiting,
3444,2021-12-28 14:15:00,17239.1,81.68,60.47428571428571,Waiting,
3445,2021-12-28 15:15:00,17233.25,80.37,62.35928571428571,Waiting,
3446,2021-12-29 09:15:00,17252.65,90.45,65.865,Waiting,
3447,2021-12-29 10:15:00,17221.7,80.88,68.25214285714286,Waiting,
3448,2021-12-29 11:15:00,17210.25,77.65,70.54285714285714,Waiting,
3449,2021-12-29 12:15:00,17230.1,77.67,72.80928571428572,Waiting,
3450,2021-12-29 13:15:00,17244.85,75.94,74.47071428571428,Waiting,
3451,2021-12-29 14:15:00,17217.9,69.33,75.85142857142857,Waiting,
3452,2021-12-29 15:15:00,17213.6,68.7,77.09285714285716,Waiting,
3453,2021-12-30 09:15:00,17247.6,57.84,75.81785714285715,Waiting,
3454,2021-12-30 10:15:00,17230.65,54.37,74.38714285714286,Waiting,
3455,2021-12-30 11:15:00,17232.55,48.76,72.515,Waiting,
3456,2021-12-30 12:15:00,17251.5,58.44,71.12928571428571,Waiting,
3457,2021-12-30 13:15:00,17222.65,47.53,69.25785714285715,Waiting,
3458,2021-12-30 14:15:00,17211.0,44.28,66.58642857142857,Waiting,
3459,2021-12-30 15:15:00,17203.95,44.07,63.99357142857143,Waiting,
3460,2021-12-31 09:15:00,17350.15,63.04,62.035714285714285,Waiting,
3461,2021-12-31 10:15:00,17351.2,68.83,61.175,Waiting,
3462,2021-12-31 11:15:00,17359.15,71.87,60.762142857142855,Waiting,
3463,2021-12-31 12:15:00,17396.85,73.27,60.44785714285714,Waiting,
3464,2021-12-31 13:15:00,17354.3,64.18,59.60785714285714,Waiting,
3465,2021-12-31 14:15:00,17351.4,68.44,59.54428571428572,Waiting,
3466,2021-12-31 15:15:00,17354.05,69.49,59.60071428571428,Waiting,
3467,2022-01-03 09:15:00,17499.45,76.69,60.94714285714286,Waiting,
3468,2022-01-03 10:15:00,17528.35,80.77,62.83285714285714,Waiting,
3469,2022-01-03 11:15:00,17523.7,79.93,65.0592857142857,Waiting,
3470,2022-01-03 12:15:00,17575.85,81.21,66.68571428571428,Waiting,
3471,2022-01-03 13:15:00,17611.5,86.93,69.5,Waiting,
3472,2022-01-03 14:15:00,17622.15,89.12,72.70285714285714,Waiting,
3473,2022-01-03 15:15:00,17625.7,90.4,76.01214285714286,Waiting,
3474,2022-01-04 09:15:00,17722.45,89.4,77.895,Waiting,
3475,2022-01-04 10:15:00,17691.45,83.86,78.96857142857142,Waiting,
3476,2022-01-04 11:15:00,17732.65,84.86,79.89642857142857,Waiting,
3477,2022-01-04 12:15:00,17712.4,80.44,80.40857142857143,Waiting,
3478,2022-01-04 13:15:00,17725.4,87.97,82.10785714285714,Waiting,
3479,2022-01-04 14:15:00,17798.2,89.99,83.64714285714285,Waiting,
3480,2022-01-04 15:15:00,17805.25,90.07,85.11714285714287,Waiting,
3481,2022-01-05 09:15:00,17845.7,87.8,85.91071428571429,Waiting,
3482,2022-01-05 10:15:00,17798.35,78.33,85.73642857142856,Waiting,
3483,2022-01-05 11:15:00,17863.05,81.62,85.85714285714286,Waiting,
3484,2022-01-05 12:15:00,17925.5,81.97,85.91142857142857,Waiting,
3485,2022-01-05 13:15:00,17912.05,78.64,85.31928571428571,Waiting,
3486,2022-01-05 14:15:00,17935.4,79.15,84.60714285714286,Waiting,
3487,2022-01-05 15:15:00,17925.25,77.53,83.68785714285715,Waiting,
3488,2022-01-06 09:15:00,17723.5,50.08,80.87928571428571,Waiting,
3489,2022-01-06 10:15:00,17679.6,49.1,78.39642857142857,Waiting,
3490,2022-01-06 11:15:00,17677.85,45.6,75.59214285714286,Waiting,
3491,2022-01-06 12:15:00,17711.85,49.96,73.41499999999999,Waiting,
3492,2022-01-06 13:15:00,17728.2,50.22,70.71857142857144,Waiting,
3493,2022-01-06 14:15:00,17739.85,44.96,67.50214285714286,Waiting,
3494,2022-01-06 15:15:00,17745.9,44.86,64.27285714285715,Waiting,
3495,2022-01-07 09:15:00,17885.1,52.91,61.78071428571428,Waiting,
3496,2022-01-07 10:15:00,17825.05,51.94,59.89571428571429,Waiting,
3497,2022-01-07 11:15:00,17794.6,44.77,57.26357142857143,Waiting,
3498,2022-01-07 12:15:00,17765.85,37.14,54.06142857142857,Waiting,
3499,2022-01-07 13:15:00,17749.55,36.97,51.085,Waiting,
3500,2022-01-07 14:15:00,17810.2,40.53,48.326428571428565,Waiting,
3501,2022-01-07 15:15:00,17812.7,41.39,45.745,Waiting,
3502,2022-01-10 09:15:00,17967.6,70.12,47.176428571428566,Waiting,
3503,2022-01-10 10:15:00,17961.8,74.82,49.01357142857143,Waiting,
3504,2022-01-10 11:15:00,17938.95,72.15,50.91,Waiting,
3505,2022-01-10 12:15:00,17963.35,71.68,52.46142857142858,Waiting,
3506,2022-01-10 13:15:00,17964.5,70.92,53.94,Waiting,
3507,2022-01-10 14:15:00,18004.7,72.32,55.89428571428572,Waiting,
3508,2022-01-10 15:15:00,18003.3,71.87,57.82357142857143,Waiting,
3509,2022-01-11 09:15:00,17991.95,61.6,58.44428571428572,Waiting,
3510,2022-01-11 10:15:00,18035.6,73.69,59.99785714285714,Waiting,
3511,2022-01-11 11:15:00,18028.55,77.79,62.35642857142857,Waiting,
3512,2022-01-11 12:15:00,18064.15,84.86,65.765,Waiting,
3513,2022-01-11 13:15:00,18065.55,88.27,69.42928571428571,Waiting,
3514,2022-01-11 14:15:00,18058.45,84.54,72.57285714285715,Waiting,
3515,2022-01-11 15:15:00,18055.75,83.8,75.60214285714287,Waiting,
3516,2022-01-12 09:15:00,18155.1,80.84,76.36785714285715,Waiting,
3517,2022-01-12 10:15:00,18196.6,84.56,77.06357142857144,Waiting,
3518,2022-01-12 11:15:00,18194.05,89.93,78.33357142857143,Waiting,
3519,2022-01-12 12:15:00,18185.3,86.53,79.39428571428572,Waiting,
3520,2022-01-12 13:15:00,18170.4,82.43,80.21642857142858,Waiting,
3521,2022-01-12 14:15:00,18215.1,82.67,80.95571428571428,Waiting,
3522,2022-01-12 15:15:00,18212.35,82.33,81.70285714285716,Waiting,
3523,2022-01-13 09:15:00,18197.0,81.32,83.11142857142856,Waiting,
3524,2022-01-13 10:15:00,18215.95,79.8,83.54785714285715,Waiting,
3525,2022-01-13 11:15:00,18250.1,83.59,83.96214285714284,Waiting,
3526,2022-01-13 12:15:00,18214.55,72.81,83.10142857142857,Waiting,
3527,2022-01-13 13:15:00,18216.85,72.88,82.00214285714286,Waiting,
3528,2022-01-13 14:15:00,18269.15,78.03,81.53714285714285,Waiting,
3529,2022-01-13 15:15:00,18257.8,76.28,81.0,Waiting,
3530,2022-01-14 09:15:00,18202.55,56.97,79.29499999999999,Waiting,
3531,2022-01-14 10:15:00,18185.95,48.31,76.7057142857143,Waiting,
3532,2022-01-14 11:15:00,18195.9,50.29,73.87428571428572,Waiting,
3533,2022-01-14 12:15:00,18218.45,54.92,71.61642857142857,Waiting,
3534,2022-01-14 13:15:00,18227.15,58.59,69.91357142857143,Waiting,
3535,2022-01-14 14:15:00,18255.0,56.36,68.03428571428572,Waiting,
3536,2022-01-14 15:15:00,18255.75,56.96,66.22214285714286,Waiting,
3537,2022-01-17 09:15:00,18288.5,63.91,64.97857142857143,Waiting,
3538,2022-01-17 10:15:00,18299.95,63.06,63.78285714285715,Waiting,
3539,2022-01-17 11:15:00,18295.5,57.78,61.93928571428571,Waiting,
3540,2022-01-17 12:15:00,18295.75,65.83,61.440714285714286,Waiting,
3541,2022-01-17 13:15:00,18298.35,65.87,60.94,Waiting,
3542,2022-01-17 14:15:00,18304.15,58.32,59.53214285714285,Waiting,
3543,2022-01-17 15:15:00,18308.1,62.4,58.54071428571429,Waiting,
3544,2022-01-18 09:15:00,18236.1,57.64,58.58857142857143,Waiting,
3545,2022-01-18 10:15:00,18235.7,62.23,59.58285714285715,Waiting,
3546,2022-01-18 11:15:00,18255.8,64.02,60.56357142857143,Waiting,
3547,2022-01-18 12:15:00,18310.25,68.7,61.54785714285714,Waiting,
3548,2022-01-18 13:15:00,18280.75,60.06,61.65285714285714,Waiting,
3549,2022-01-18 14:15:00,18096.55,31.26,59.86,Waiting,
3550,2022-01-18 15:15:00,18113.05,33.72,58.2,Waiting,
3551,2022-01-19 09:15:00,18038.7,23.98,55.34785714285715,Waiting,
3552,2022-01-19 10:15:00,17976.15,19.52,52.237857142857145,Buy,
3553,2022-01-19 11:15:00,17959.5,19.08,49.47357142857143,Hold,
3554,2022-01-19 12:15:00,17926.8,17.96,46.05428571428571,Hold,
3555,2022-01-19 13:15:00,17926.75,17.59,42.605714285714285,Hold,
3556,2022-01-19 14:15:00,17945.25,19.37,39.82357142857144,Hold,
3557,2022-01-19 15:15:00,17938.4,18.61,36.69571428571429,Hold,
3558,2022-01-20 09:15:00,17843.5,17.91,33.85785714285715,Hold,
3559,2022-01-20 10:15:00,17809.8,16.98,30.625714285714285,Hold,
3560,2022-01-20 11:15:00,17787.95,13.83,27.04071428571429,Hold,
3561,2022-01-20 12:15:00,17769.8,5.73,22.54285714285714,Hold,
3562,2022-01-20 13:15:00,17705.7,5.43,18.640714285714285,Hold,
3563,2022-01-20 14:15:00,17764.3,18.02,17.695,Hold,
3564,2022-01-20 15:15:00,17757.0,15.11,16.365714285714287,Hold,
3565,2022-01-21 09:15:00,17630.3,13.7,15.631428571428572,Hold,
3566,2022-01-21 10:15:00,17611.1,14.85,15.297857142857142,Hold,
3567,2022-01-21 11:15:00,17650.7,21.52,15.472142857142856,Hold,
3568,2022-01-21 12:15:00,17699.05,29.59,16.302857142857142,Hold,
3569,2022-01-21 13:15:00,17598.85,25.08,16.837857142857143,Hold,
3570,2022-01-21 14:15:00,17615.05,24.82,17.22714285714286,Hold,
3571,2022-01-21 15:15:00,17617.15,25.32,17.70642857142857,Hold,
3572,2022-01-24 09:15:00,17427.15,22.1,18.005714285714284,Hold,
3573,2022-01-24 10:15:00,17388.95,21.96,18.36142857142857,Hold,
3574,2022-01-24 11:15:00,17285.2,19.8,18.787857142857145,Hold,
3575,2022-01-24 12:15:00,17253.9,19.5,19.77142857142857,Hold,
3576,2022-01-24 13:15:00,17003.5,15.98,20.525,Hold,
3577,2022-01-24 14:15:00,17179.6,24.56,20.992142857142856,Hold,
3578,2022-01-24 15:15:00,17149.1,24.08,21.632857142857144,Hold,
3579,2022-01-25 09:15:00,17071.95,25.14,22.45,Hold,
3580,2022-01-25 10:15:00,17077.35,25.94,23.242142857142856,Hold,
3581,2022-01-25 11:15:00,17080.45,23.42,23.377857142857145,Hold,
3582,2022-01-25 12:15:00,17129.6,23.48,22.94142857142857,Hold,
3583,2022-01-25 13:15:00,17205.35,31.25,23.38214285714286,Hold,
3584,2022-01-25 14:15:00,17286.85,35.27,24.12857142857143,Hold,
3585,2022-01-25 15:15:00,17277.95,34.87,24.810714285714287,Hold,
3586,2022-01-27 09:15:00,17019.2,32.86,25.579285714285717,Hold,
3587,2022-01-27 10:15:00,16972.1,32.61,26.340000000000003,Hold,
3588,2022-01-27 11:15:00,16882.8,33.01,27.28357142857143,Hold,
3589,2022-01-27 12:15:00,17007.45,40.36,28.773571428571437,Hold,
3590,2022-01-27 13:15:00,17061.1,52.66,31.393571428571427,Hold,
3591,2022-01-27 14:15:00,17124.05,47.13,33.005714285714284,Hold,
3592,2022-01-27 15:15:00,17110.15,47.95,34.71071428571428,Hold,
3593,2022-01-28 09:15:00,17336.95,62.04,37.346428571428575,Hold,
3594,2022-01-28 10:15:00,17321.3,60.98,39.84928571428571,Hold,
3595,2022-01-28 11:15:00,17352.6,61.94,42.60071428571428,Hold,
3596,2022-01-28 12:15:00,17338.6,59.46,45.17071428571429,Hold,
3597,2022-01-28 13:15:00,17166.6,48.39,46.395,Hold,
3598,2022-01-28 14:15:00,17089.2,41.74,46.85714285714285,Hold,
3599,2022-01-28 15:15:00,17101.95,42.67,47.41428571428571,Hold,
3600,2022-01-31 09:15:00,17337.15,63.51,49.60357142857144,Hold,
3601,2022-01-31 10:15:00,17339.45,66.23,52.005,Hold,
3602,2022-01-31 11:15:00,17386.9,73.12,54.870000000000005,Sell,
3603,2022-01-31 12:15:00,17391.1,69.78,56.971428571428575,Waiting,
3604,2022-01-31 13:15:00,17379.3,67.15,58.00642857142857,Waiting,
3605,2022-01-31 14:15:00,17339.25,61.89,59.06071428571428,Waiting,
3606,2022-01-31 15:15:00,17339.85,62.88,60.127142857142864,Waiting,
3607,2022-02-01 09:15:00,17578.1,63.35,60.22071428571428,Waiting,
3608,2022-02-01 10:15:00,17567.15,63.68,60.41357142857144,Waiting,
3609,2022-02-01 11:15:00,17585.25,63.14,60.49928571428571,Waiting,
3610,2022-02-01 12:15:00,17278.0,47.43,59.63999999999999,Waiting,
3611,2022-02-01 13:15:00,17540.6,64.74,60.80785714285714,Waiting,
3612,2022-02-01 14:15:00,17562.3,69.5,62.79071428571428,Waiting,
3613,2022-02-01 15:15:00,17576.85,69.54,64.71000000000001,Waiting,
3614,2022-02-02 09:15:00,17723.45,67.15,64.97,Waiting,
3615,2022-02-02 10:15:00,17725.2,67.13,65.03428571428572,Waiting,
3616,2022-02-02 11:15:00,17746.6,66.35,64.55071428571429,Waiting,
3617,2022-02-02 12:15:00,17746.05,66.19,64.29428571428572,Waiting,
3618,2022-02-02 13:15:00,17774.45,67.76,64.33785714285715,Waiting,
3619,2022-02-02 14:15:00,17778.35,70.39,64.945,Waiting,
3620,2022-02-02 15:15:00,17780.0,70.42,65.48357142857142,Waiting,
3621,2022-02-03 09:15:00,17709.35,57.21,65.045,Waiting,
3622,2022-02-03 10:15:00,17703.55,57.54,64.60642857142857,Waiting,
3623,2022-02-03 11:15:00,17632.15,52.45,63.84285714285714,Waiting,
3624,2022-02-03 12:15:00,17666.95,78.36,66.05214285714285,Waiting,
3625,2022-02-03 13:15:00,17629.7,59.68,65.6907142857143,Waiting,
3626,2022-02-03 14:15:00,17569.65,50.74,64.35071428571429,Waiting,
3627,2022-02-03 15:15:00,17560.2,48.31,62.83428571428571,Waiting,
3628,2022-02-04 09:15:00,17545.95,25.44,59.855,Waiting,
3629,2022-02-04 10:15:00,17568.15,29.43,57.16214285714285,Buy,
3630,2022-02-04 11:15:00,17517.75,22.14,54.00428571428571,Hold,
3631,2022-02-04 12:15:00,17479.2,20.27,50.72428571428571,Hold,
3632,2022-02-04 13:15:00,17545.3,26.45,47.77357142857143,Hold,
3633,2022-02-04 14:15:00,17529.85,25.05,44.535,Hold,
3634,2022-02-04 15:15:00,17516.3,24.14,41.22928571428572,Hold,
3635,2022-02-07 09:15:00,17414.8,22.76,38.76857142857144,Hold,
3636,2022-02-07 10:15:00,17338.7,20.15,36.09785714285714,Hold,
3637,2022-02-07 11:15:00,17272.3,20.31,33.80214285714286,Hold,
3638,2022-02-07 12:15:00,17260.5,15.14,29.28642857142857,Hold,
3639,2022-02-07 13:15:00,17178.7,14.07,26.028571428571432,Hold,
3640,2022-02-07 14:15:00,17220.1,21.3,23.92571428571429,Hold,
3641,2022-02-07 15:15:00,17213.6,21.4,22.00357142857143,Hold,
3642,2022-02-08 09:15:00,17194.4,21.23,21.702857142857145,Hold,
3643,2022-02-08 10:15:00,17085.7,15.41,20.70142857142857,Hold,
3644,2022-02-08 11:15:00,17180.65,27.28,21.06857142857143,Hold,
3645,2022-02-08 12:15:00,17137.35,27.11,21.557142857142857,Hold,
3646,2022-02-08 13:15:00,17162.9,22.93,21.305714285714284,Hold,
3647,2022-02-08 14:15:00,17280.0,34.54,21.983571428571427,Hold,
3648,2022-02-08 15:15:00,17266.75,34.55,22.72714285714286,Hold,
3649,2022-02-09 09:15:00,17417.9,50.18,24.685714285714287,Hold,
3650,2022-02-09 10:15:00,17393.55,53.4,27.060714285714283,Hold,
3651,2022-02-10 10:15:00,17584.1,66.77,30.37928571428571,Hold,
3652,2022-02-10 11:15:00,17595.05,68.01,34.15571428571428,Hold,
3653,2022-02-10 12:15:00,17602.35,74.8,38.49357142857143,Sell,
3654,2022-02-10 13:15:00,17625.6,74.25,42.27571428571429,Waiting,
3655,2022-02-10 14:15:00,17599.55,72.55,45.92928571428571,Waiting,
3656,2022-02-10 15:15:00,17605.85,74.41,49.72785714285715,Waiting,
3657,2022-02-11 09:15:00,17329.3,62.05,53.05928571428571,Waiting,
3658,2022-02-11 10:15:00,17323.85,57.77,55.23714285714285,Waiting,
3659,2022-02-11 11:15:00,17355.3,61.99,57.72857142857142,Waiting,
3660,2022-02-11 12:15:00,17408.55,63.11,60.59857142857143,Waiting,
3661,2022-02-11 13:15:00,17379.35,55.85,62.12071428571428,Waiting,
3662,2022-02-11 14:15:00,17386.35,57.1,63.73142857142857,Waiting,
3663,2022-02-11 15:15:00,17374.75,46.93,63.49928571428571,Waiting,
3664,2022-02-14 09:15:00,17031.95,32.3,61.99214285714286,Waiting,
3665,2022-02-14 10:15:00,17031.8,16.78,58.42142857142857,Waiting,
3666,2022-02-14 11:15:00,17014.55,15.35,54.66,Buy,
3667,2022-02-14 12:15:00,17021.85,15.35,50.41357142857142,Hold,
3668,2022-02-14 13:15:00,16922.1,11.52,45.932857142857145,Hold,
3669,2022-02-14 14:15:00,16837.55,10.83,41.52428571428571,Hold,
3670,2022-02-14 15:15:00,16842.8,10.73,36.97571428571428,Hold,
3671,2022-02-15 09:15:00,16872.0,18.43,33.86,Hold,
3672,2022-02-15 10:15:00,16942.2,25.81,31.577142857142857,Hold,
3673,2022-02-15 11:15:00,17070.85,33.95,29.574285714285715,Hold,
3674,2022-02-15 12:15:00,17100.35,32.13,27.36142857142857,Hold,
3675,2022-02-15 13:15:00,17284.95,45.36,26.612142857142857,Hold,
3676,2022-02-15 14:15:00,17351.6,48.39,25.99,Hold,
3677,2022-02-15 15:15:00,17352.45,48.95,26.13428571428572,Hold,
3678,2022-02-16 09:15:00,17332.35,70.19,28.840714285714284,Sell,
3679,2022-02-16 10:15:00,17288.1,66.26,32.375,Waiting,
3680,2022-02-16 11:15:00,17335.2,69.6,36.25,Waiting,
3681,2022-02-16 12:15:00,17415.55,72.09,40.30285714285714,Waiting,
3682,2022-02-16 13:15:00,17458.45,82.15,45.34785714285714,Waiting,
3683,2022-02-16 14:15:00,17329.15,77.97,50.14357142857143,Waiting,
3684,2022-02-16 15:15:00,17322.2,77.22,54.892857142857146,Waiting,
3685,2022-02-17 09:15:00,17313.55,75.67,58.98142857142857,Waiting,
3686,2022-02-17 10:15:00,17363.95,75.1,62.502142857142864,Waiting,
3687,2022-02-17 11:15:00,17383.6,71.38,65.17571428571429,Waiting,
3688,2022-02-17 12:15:00,17382.6,70.08,67.88642857142857,Waiting,
3689,2022-02-17 13:15:00,17329.85,53.93,68.49857142857142,Waiting,
3690,2022-02-17 14:15:00,17284.15,43.87,68.17571428571429,Waiting,
3691,2022-02-17 15:15:00,17304.6,45.8,67.95071428571428,Waiting,
3692,2022-02-18 09:15:00,17298.05,46.92,66.28857142857143,Waiting,
3693,2022-02-18 10:15:00,17323.4,53.29,65.36214285714286,Waiting,
3694,2022-02-18 11:15:00,17343.45,50.81,64.02,Waiting,
3695,2022-02-18 12:15:00,17360.85,43.88,62.005,Waiting,
3696,2022-02-18 13:15:00,17307.5,33.5,58.53,Waiting,
3697,2022-02-18 14:15:00,17279.1,42.98,56.03071428571428,Waiting,
3698,2022-02-18 15:15:00,17276.3,43.49,53.62142857142857,Waiting,
3699,2022-02-21 09:15:00,17127.25,31.1,50.43785714285714,Waiting,
3700,2022-02-21 10:15:00,17225.15,37.16,47.72785714285714,Waiting,
3701,2022-02-21 11:15:00,17301.25,43.1,45.70785714285714,Waiting,
3702,2022-02-21 12:15:00,17345.1,47.07,44.06428571428573,Waiting,
3703,2022-02-21 13:15:00,17233.85,43.13,43.29285714285714,Waiting,
3704,2022-02-21 14:15:00,17195.9,43.61,43.27428571428571,Waiting,
3705,2022-02-21 15:15:00,17206.65,42.81,43.06071428571429,Waiting,
3706,2022-02-22 09:15:00,16923.35,30.43,41.88285714285714,Waiting,
3707,2022-02-22 10:15:00,16984.55,32.94,40.42928571428571,Waiting,
3708,2022-02-22 11:15:00,16967.45,31.02,39.01571428571429,Waiting,
3709,2022-02-22 12:15:00,16935.55,28.84,37.94142857142857,Waiting,
3710,2022-02-22 13:15:00,17077.85,39.5,38.37,,
3711,2022-02-22 14:15:00,17097.45,41.63,38.27357142857143,,
3712,2022-02-22 15:15:00,17092.2,41.54,38.13428571428572,,
3713,2022-02-23 09:15:00,17148.3,51.06,39.56,,
3714,2022-02-23 10:15:00,17166.25,46.78,40.24714285714286,,
3715,2022-02-23 11:15:00,17169.65,42.18,40.18142857142857,,
3716,2022-02-23 12:15:00,17163.6,38.71,39.58428571428571,,
3717,2022-02-23 13:15:00,17146.3,43.84,39.635,,
3718,2022-02-23 14:15:00,17046.7,40.33,39.40071428571429,,
3719,2022-02-23 15:15:00,17063.25,40.78,39.25571428571429,,
3720,2022-02-24 09:15:00,16534.35,30.99,39.29571428571429,,
3721,2022-02-24 10:15:00,16579.1,29.86,39.07571428571429,Buy,
3722,2022-02-24 11:15:00,16578.2,30.35,39.02785714285714,Hold,
3723,2022-02-24 12:15:00,16534.0,29.98,39.10928571428571,Hold,
3724,2022-02-24 13:15:00,16444.2,16.66,37.47785714285714,Hold,
3725,2022-02-24 14:15:00,16273.15,12.59,35.403571428571425,Hold,
3726,2022-02-24 15:15:00,16247.95,12.37,33.32,Hold,
3727,2022-02-25 09:15:00,16638.05,32.47,31.99214285714286,Hold,
3728,2022-02-25 10:15:00,16700.8,34.49,31.11428571428572,Hold,
3729,2022-02-25 11:15:00,16654.4,33.31,30.48071428571429,Hold,
3730,2022-02-25 12:15:00,16672.55,34.22,30.16,Hold,
3731,2022-02-25 13:15:00,16672.05,34.59,29.499285714285715,Hold,
3732,2022-02-25 14:15:00,16655.9,36.57,29.23071428571429,Hold,
3733,2022-02-25 15:15:00,16658.4,35.96,28.88642857142857,Hold,
3734,2022-02-28 09:15:00,16450.8,46.27,29.977857142857143,Hold,
3735,2022-02-28 10:15:00,16591.85,50.52,31.45357142857143,Hold,
3736,2022-02-28 11:15:00,16673.6,53.68,33.12,Hold,
3737,2022-02-28 12:15:00,16718.3,57.1,35.05714285714286,Hold,
3738,2022-02-28 13:15:00,16698.95,60.38,38.18,Hold,
3739,2022-02-28 14:15:00,16798.25,72.72,42.475,Sell,
3740,2022-02-28 15:15:00,16793.9,74.06,46.881428571428565,Waiting,
3741,2022-03-02 09:15:00,16591.65,47.55,47.95857142857143,Waiting,
3742,2022-03-02 10:15:00,16575.35,43.03,48.56857142857143,Waiting,
3743,2022-03-02 11:15:00,16511.65,42.22,49.205,Waiting,
3744,2022-03-02 12:15:00,16548.85,43.4,49.86071428571429,Waiting,
3745,2022-03-02 13:15:00,16526.6,42.41,50.419285714285714,Waiting,
3746,2022-03-02 14:15:00,16607.15,47.62,51.20857142857143,Waiting,
3747,2022-03-02 15:15:00,16605.95,47.43,52.02785714285715,Waiting,
3748,2022-03-03 09:15:00,16641.85,61.24,53.097142857142856,Waiting,
3749,2022-03-03 10:15:00,16650.7,54.1,53.35285714285714,Waiting,
3750,2022-03-03 11:15:00,16640.4,47.43,52.90642857142858,Waiting,
3751,2022-03-03 12:15:00,16521.5,36.34,51.42357142857144,Waiting,
3752,2022-03-03 13:15:00,16513.25,36.91,49.74714285714286,Waiting,
3753,2022-03-03 14:15:00,16526.2,28.16,46.56428571428571,Waiting,
3754,2022-03-03 15:15:00,16498.05,27.13,43.21214285714285,Buy,
3755,2022-03-04 09:15:00,16219.15,24.25,41.54785714285714,Hold,
3756,2022-03-04 10:15:00,16159.1,22.87,40.10785714285714,Hold,
3757,2022-03-04 11:15:00,16254.25,33.88,39.512142857142855,Hold,
3758,2022-03-04 12:15:00,16358.15,38.98,39.19642857142857,Hold,
3759,2022-03-04 13:15:00,16342.75,39.29,38.97357142857143,Hold,
3760,2022-03-04 14:15:00,16245.8,29.35,37.66857142857143,Hold,
3761,2022-03-04 15:15:00,16245.35,29.37,36.37857142857143,Hold,
3762,2022-03-07 09:15:00,15785.4,17.01,33.21928571428572,Hold,
3763,2022-03-07 10:15:00,15854.05,20.67,30.83142857142857,Hold,
3764,2022-03-07 11:15:00,15890.9,22.93,29.08142857142857,Hold,
3765,2022-03-07 12:15:00,15851.0,24.32,28.222857142857144,Hold,
3766,2022-03-07 13:15:00,15754.7,22.78,27.21357142857143,Hold,
3767,2022-03-07 14:15:00,15868.15,27.98,27.200714285714287,Hold,
3768,2022-03-07 15:15:00,15863.15,28.42,27.292857142857144,Hold,
3769,2022-03-08 09:15:00,15887.55,36.37,28.15857142857143,Hold,
3770,2022-03-08 10:15:00,15791.35,35.32,29.047857142857143,Hold,
3771,2022-03-08 11:15:00,15728.65,28.46,28.660714285714285,Hold,
3772,2022-03-08 12:15:00,15737.45,22.41,27.47714285714286,Hold,
3773,2022-03-08 13:15:00,15858.9,30.35,26.83857142857143,Hold,
3774,2022-03-08 14:15:00,16017.6,41.17,27.68285714285715,Hold,
3775,2022-03-08 15:15:00,16013.45,41.06,28.517857142857142,Hold,
3776,2022-03-09 09:15:00,16145.35,68.58,32.20142857142857,Hold,
3777,2022-03-09 10:15:00,16132.25,65.24,35.385,Hold,
3778,2022-03-09 11:15:00,16181.3,65.7,38.44,Hold,
3779,2022-03-09 12:15:00,16317.85,72.85,41.90642857142857,Sell,
3780,2022-03-09 13:15:00,16339.85,80.88,46.05642857142857,Waiting,
3781,2022-03-09 14:15:00,16349.65,78.53,49.66714285714285,Waiting,
3782,2022-03-09 15:15:00,16345.35,78.6,53.25142857142857,Waiting,
3783,2022-03-10 09:15:00,16716.9,84.84,56.71357142857143,Waiting,
3784,2022-03-10 10:15:00,16739.55,92.46,60.795,Waiting,
3785,2022-03-10 11:15:00,16694.2,93.91,65.47,Waiting,
3786,2022-03-10 12:15:00,16632.1,88.81,70.21285714285713,Waiting,
3787,2022-03-10 13:15:00,16524.55,79.23,73.70428571428572,Waiting,
3788,2022-03-10 14:15:00,16615.85,77.92,76.3292857142857,Waiting,
3789,2022-03-10 15:15:00,16594.9,76.72,78.87642857142858,Waiting,
3790,2022-03-11 09:15:00,16640.9,74.72,79.31500000000001,Waiting,
3791,2022-03-11 10:15:00,16606.85,73.19,79.88285714285715,Waiting,
3792,2022-03-11 11:15:00,16640.0,72.77,80.38785714285714,Waiting,
3793,2022-03-11 12:15:00,16586.75,64.55,79.79499999999999,Waiting,
3794,2022-03-11 13:15:00,16614.5,64.77,78.64428571428572,Waiting,
3795,2022-03-11 14:15:00,16628.3,64.92,77.67214285714286,Waiting,
3796,2022-03-11 15:15:00,16630.45,65.3,76.72214285714286,Waiting,
3797,2022-03-14 09:15:00,16679.0,46.89,74.01142857142857,Waiting,
3798,2022-03-14 10:15:00,16721.75,48.58,70.87714285714286,Waiting,
3799,2022-03-14 11:15:00,16730.6,53.07,67.96,Waiting,
3800,2022-03-14 12:15:00,16781.65,62.87,66.10714285714286,Waiting,
3801,2022-03-14 13:15:00,16811.15,78.48,66.05357142857143,Waiting,
3802,2022-03-14 14:15:00,16873.35,77.16,65.9992857142857,Waiting,
3803,2022-03-14 15:15:00,16871.3,80.37,66.26,Waiting,
3804,2022-03-15 09:15:00,16861.2,76.28,66.37142857142858,Waiting,
3805,2022-03-15 10:15:00,16852.85,81.26,66.94785714285715,Waiting,
3806,2022-03-15 11:15:00,16878.3,80.88,67.52714285714286,Waiting,
3807,2022-03-15 12:15:00,16736.55,65.79,67.61571428571429,Waiting,
3808,2022-03-15 13:15:00,16642.8,52.62,66.74785714285714,Waiting,
3809,2022-03-15 14:15:00,16668.1,53.61,65.94,Waiting,
3810,2022-03-15 15:15:00,16663.0,52.93,65.05642857142857,Waiting,
3811,2022-03-16 09:15:00,16855.1,62.61,66.17928571428571,Waiting,
3812,2022-03-16 10:15:00,16880.2,61.64,67.11214285714286,Waiting,
3813,2022-03-16 11:15:00,16913.7,62.98,67.82000000000001,Waiting,
3814,2022-03-16 12:15:00,16862.65,55.74,67.31071428571428,Waiting,
3815,2022-03-16 13:15:00,16878.7,54.88,65.625,Waiting,
3816,2022-03-16 14:15:00,16978.7,57.22,64.20071428571428,Waiting,
3817,2022-03-16 15:15:00,16975.35,57.12,62.540000000000006,Waiting,
3818,2022-03-17 09:15:00,17265.95,70.01,62.09214285714285,Waiting,
3819,2022-03-17 10:15:00,17262.75,70.37,61.31428571428571,Waiting,
3820,2022-03-17 11:15:00,17287.95,70.36,60.56285714285714,Waiting,
3821,2022-03-17 12:15:00,17302.8,82.2,61.735,Waiting,
3822,2022-03-17 13:15:00,17312.55,92.11,64.55571428571429,Waiting,
3823,2022-03-17 14:15:00,17273.05,87.37,66.96714285714286,Waiting,
3824,2022-03-17 15:15:00,17287.05,88.13,69.48142857142857,Waiting,
3825,2022-03-21 09:15:00,17232.75,77.75,70.56285714285714,Waiting,
3826,2022-03-21 10:15:00,17252.7,77.58,71.70142857142858,Waiting,
3827,2022-03-21 11:15:00,17222.8,73.01,72.41785714285714,Waiting,
3828,2022-03-21 12:15:00,17134.9,69.21,73.38,Waiting,
3829,2022-03-21 13:15:00,17170.9,70.05,74.46357142857143,Waiting,
3830,2022-03-21 14:15:00,17124.2,60.77,74.71714285714286,Waiting,
3831,2022-03-21 15:15:00,17117.6,60.48,74.95714285714287,Waiting,
3832,2022-03-22 09:15:00,17035.0,25.45,71.77428571428571,Waiting,
3833,2022-03-22 10:15:00,17061.55,29.63,68.86428571428571,Buy,
3834,2022-03-22 11:15:00,17030.85,24.25,65.57071428571429,Hold,
3835,2022-03-22 12:15:00,17231.0,44.76,62.89642857142858,Hold,
3836,2022-03-22 13:15:00,17293.35,48.7,59.79571428571428,Hold,
3837,2022-03-22 14:15:00,17316.8,53.03,57.34285714285715,Hold,
3838,2022-03-22 15:15:00,17315.5,52.01,54.76285714285715,Hold,
3839,2022-03-23 09:15:00,17359.5,59.08,53.42928571428571,Hold,
3840,2022-03-23 10:15:00,17324.3,55.02,51.817857142857136,Hold,
3841,2022-03-23 11:15:00,17284.05,54.23,50.47642857142857,Hold,
3842,2022-03-23 12:15:00,17259.6,59.44,49.77857142857143,Hold,
3843,2022-03-23 13:15:00,17247.85,56.05,48.77857142857143,Hold,
3844,2022-03-23 14:15:00,17254.55,60.93,48.790000000000006,Hold,
3845,2022-03-23 15:15:00,17245.65,60.7,48.80571428571428,Hold,
3846,2022-03-24 09:15:00,17254.9,70.94,52.055,Sell,
3847,2022-03-24 10:15:00,17272.55,70.44,54.96999999999999,Waiting,
3848,2022-03-24 11:15:00,17187.75,63.76,57.79214285714285,Waiting,
3849,2022-03-24 12:15:00,17153.4,40.41,57.48142857142857,Waiting,
3850,2022-03-24 13:15:00,17225.1,41.75,56.98500000000001,Waiting,
3851,2022-03-24 14:15:00,17224.75,38.22,55.92714285714285,Waiting,
3852,2022-03-24 15:15:00,17222.75,38.15,54.93714285714285,Waiting,
3853,2022-03-25 09:15:00,17191.4,27.81,52.70357142857143,Waiting,
3854,2022-03-25 10:15:00,17184.4,30.04,50.919285714285714,,
3855,2022-03-25 11:15:00,17125.9,28.56,49.08571428571429,Buy,
3856,2022-03-25 12:15:00,17144.6,34.16,47.28,Hold,
3857,2022-03-25 13:15:00,17104.35,31.67,45.53857142857142,Hold,
3858,2022-03-25 14:15:00,17134.8,35.58,43.72785714285714,Hold,
3859,2022-03-25 15:15:00,17153.0,39.09,42.184285714285714,Hold,
3860,2022-03-28 09:15:00,17045.7,29.98,39.25857142857143,Hold,
3861,2022-03-28 10:15:00,17043.4,27.41,36.185,Hold,
3862,2022-03-28 11:15:00,17051.05,34.11,34.067142857142855,Hold,
3863,2022-03-28 12:15:00,17216.65,55.63,35.15428571428571,Hold,
3864,2022-03-28 13:15:00,17171.9,45.02,35.38785714285714,Hold,
3865,2022-03-28 14:15:00,17221.25,49.7,36.20785714285714,Hold,
3866,2022-03-28 15:15:00,17222.0,49.94,37.05,Hold,
3867,2022-04-01 09:15:00,17526.85,69.6,40.035,Hold,
3868,2022-04-01 10:15:00,17548.55,70.92,42.955,Sell,
3869,2022-04-01 11:15:00,17524.85,73.87,46.19142857142857,Waiting,
3870,2022-04-01 12:15:00,17537.55,73.68,49.01428571428572,Waiting,
3871,2022-04-01 13:15:00,17583.55,78.68,52.37214285714286,Waiting,
3872,2022-04-01 14:15:00,17670.55,80.04,55.54785714285715,Waiting,
3873,2022-04-01 15:15:00,17670.45,79.61,58.44214285714286,Waiting,
3874,2022-04-04 09:15:00,18064.8,93.9,63.00785714285714,Waiting,
3875,2022-04-04 10:15:00,17975.05,87.32,67.28714285714285,Waiting,
3876,2022-04-04 11:15:00,17924.45,83.82,70.83785714285715,Waiting,
3877,2022-04-04 12:15:00,17975.2,82.24,72.73857142857143,Waiting,
3878,2022-04-04 13:15:00,17994.45,85.74,75.64714285714285,Waiting,
3879,2022-04-04 14:15:00,18059.2,85.92,78.23428571428572,Waiting,
3880,2022-04-04 15:15:00,18053.4,85.49,80.77357142857143,Waiting,
3881,2022-04-05 09:15:00,17996.85,75.46,81.19214285714285,Waiting,
3882,2022-04-05 10:15:00,18012.95,75.31,81.50571428571428,Waiting,
3883,2022-04-05 11:15:00,18023.35,77.57,81.77,Waiting,
3884,2022-04-05 12:15:00,18067.7,78.33,82.10214285714285,Waiting,
3885,2022-04-05 13:15:00,18013.05,72.74,81.67785714285712,Waiting,
3886,2022-04-05 14:15:00,17950.55,65.22,80.61928571428571,Waiting,
3887,2022-04-05 15:15:00,17957.4,65.48,79.61,Waiting,
3888,2022-04-06 09:15:00,17831.05,32.26,75.20714285714284,Waiting,
3889,2022-04-06 10:15:00,17827.1,37.09,71.61928571428571,Waiting,
3890,2022-04-06 11:15:00,17857.35,43.93,68.77,Waiting,
3891,2022-04-06 12:15:00,17840.2,36.99,65.53785714285713,Waiting,
3892,2022-04-06 13:15:00,17798.35,31.89,61.69142857142857,Waiting,
3893,2022-04-06 14:15:00,17811.1,24.66,57.315714285714286,Waiting,
3894,2022-04-06 15:15:00,17807.65,24.78,52.97928571428571,Buy,
3895,2022-04-07 09:15:00,17725.05,23.52,49.26928571428572,Hold,
3896,2022-04-07 10:15:00,17693.4,19.78,45.30285714285714,Hold,
3897,2022-04-07 11:15:00,17761.8,27.71,41.74142857142857,Hold,
3898,2022-04-07 12:15:00,17749.15,21.3,37.66785714285714,Hold,
3899,2022-04-07 13:15:00,17645.45,19.57,33.87,Hold,
3900,2022-04-07 14:15:00,17631.15,21.27,30.73071428571429,Hold,
3901,2022-04-07 15:15:00,17639.55,21.49,27.58857142857143,Hold,
3902,2022-04-08 09:15:00,17678.8,33.82,27.7,Hold,
3903,2022-04-08 10:15:00,17634.6,31.15,27.275714285714283,Hold,
3904,2022-04-08 11:15:00,17709.2,36.65,26.755714285714284,Hold,
3905,2022-04-08 12:15:00,17728.8,40.01,26.97142857142857,Hold,
3906,2022-04-08 13:15:00,17833.0,52.8,28.465,Hold,
3907,2022-04-08 14:15:00,17767.35,46.75,30.042857142857144,Hold,
3908,2022-04-08 15:15:00,17784.35,48.3,31.72285714285714,Hold,
3909,2022-04-11 09:15:00,17708.35,48.77,33.526428571428575,Hold,
3910,2022-04-11 10:15:00,17685.6,49.42,35.64357142857143,Hold,
3911,2022-04-11 11:15:00,17727.05,47.3,37.04285714285714,Hold,
3912,2022-04-11 12:15:00,17740.8,49.35,39.04642857142857,Hold,
3913,2022-04-11 13:15:00,17739.5,58.67,41.83928571428572,Hold,
3914,2022-04-11 14:15:00,17682.45,54.38,44.20428571428571,Hold,
3915,2022-04-11 15:15:00,17674.95,53.03,46.45714285714286,Hold,
3916,2022-04-12 09:15:00,17495.5,37.35,46.70928571428571,Hold,
3917,2022-04-12 10:15:00,17504.25,40.54,47.38,Hold,
3918,2022-04-12 11:15:00,17526.75,35.68,47.31071428571429,Hold,
3919,2022-04-12 12:15:00,17470.85,30.84,46.65571428571429,Hold,
3920,2022-04-12 13:15:00,17547.85,27.93,44.87928571428571,Hold,
3921,2022-04-12 14:15:00,17528.85,30.11,43.690714285714286,Hold,
3922,2022-04-12 15:15:00,17530.3,28.24,42.25785714285714,Hold,
3923,2022-04-13 09:15:00,17553.0,35.36,41.3,Hold,
3924,2022-04-13 10:15:00,17544.4,36.33,40.365,Hold,
3925,2022-04-13 11:15:00,17484.9,27.35,38.94,Hold,
3926,2022-04-13 12:15:00,17509.05,28.73,37.46714285714285,Hold,
3927,2022-04-13 13:15:00,17511.35,29.1,35.355,Hold,
3928,2022-04-13 14:15:00,17469.85,29.95,33.61,Hold,
3929,2022-04-13 15:15:00,17475.65,31.15,32.04714285714286,Hold,
3930,2022-04-18 09:15:00,17152.95,24.51,31.13,Hold,
3931,2022-04-18 10:15:00,17154.9,23.74,29.93,Hold,
3932,2022-04-18 11:15:00,17142.1,20.65,28.856428571428573,Hold,
3933,2022-04-18 12:15:00,17099.2,21.07,28.158571428571427,Hold,
3934,2022-04-18 13:15:00,17142.6,16.71,27.357142857142858,Hold,
3935,2022-04-18 14:15:00,17179.3,22.1,26.785,Hold,
3936,2022-04-18 15:15:00,17173.65,21.72,26.31928571428572,Hold,
3937,2022-04-19 09:15:00,17193.8,21.41,25.322857142857146,Hold,
3938,2022-04-19 10:15:00,17194.1,21.74,24.28071428571429,Hold,
3939,2022-04-19 11:15:00,17238.5,29.63,24.443571428571428,Hold,
3940,2022-04-19 12:15:00,17181.8,24.32,24.128571428571423,Hold,
3941,2022-04-19 13:15:00,17245.8,31.0,24.264285714285712,Hold,
3942,2022-04-19 14:15:00,16962.25,23.03,23.770000000000003,Hold,
3943,2022-04-19 15:15:00,16958.65,22.46,23.149285714285718,Hold,
3944,2022-04-20 09:15:00,17113.35,47.43,24.78642857142857,Hold,
3945,2022-04-20 10:15:00,17119.3,47.7,26.49785714285714,Hold,
3946,2022-04-20 11:15:00,17101.55,47.4,28.40857142857143,Hold,
3947,2022-04-20 12:15:00,17136.85,52.44,30.64928571428572,Hold,
3948,2022-04-20 13:15:00,17098.15,47.1,32.82,Hold,
3949,2022-04-20 14:15:00,17126.4,46.52,34.56428571428572,Hold,
3950,2022-04-20 15:15:00,17136.55,47.57,36.410714285714285,Hold,
3951,2022-04-21 09:15:00,17262.45,53.95,38.735,Hold,
3952,2022-04-21 10:15:00,17338.85,57.66,41.300714285714285,Hold,
3953,2022-04-21 11:15:00,17342.1,55.73,43.165000000000006,Hold,
3954,2022-04-21 12:15:00,17357.8,60.19,45.72714285714285,Hold,
3955,2022-04-21 13:15:00,17382.45,58.29,47.676428571428566,Hold,
3956,2022-04-21 14:15:00,17388.75,89.01,52.38928571428572,Sell,
3957,2022-04-21 15:15:00,17392.6,89.68,57.190714285714286,Waiting,
3958,2022-04-22 09:15:00,17228.25,60.32,58.111428571428576,Waiting,
3959,2022-04-22 10:15:00,17296.75,64.33,59.29928571428571,Waiting,
3960,2022-04-22 11:15:00,17289.75,65.47,60.59,Waiting,
3961,2022-04-22 12:15:00,17281.7,62.46,61.305714285714295,Waiting,
3962,2022-04-22 13:15:00,17218.95,59.98,62.22571428571429,Waiting,
3963,2022-04-22 14:15:00,17174.15,53.84,62.74857142857143,Waiting,
3964,2022-04-22 15:15:00,17171.95,52.88,63.12785714285714,Waiting,
3965,2022-04-25 09:15:00,17033.15,31.7,61.53857142857142,Waiting,
3966,2022-04-25 10:15:00,17002.95,21.06,58.92428571428571,Waiting,
3967,2022-04-25 11:15:00,16967.6,19.43,56.33142857142857,Buy,
3968,2022-04-25 12:15:00,16989.75,20.27,53.48,Hold,
3969,2022-04-25 13:15:00,16971.5,16.46,50.49214285714287,Hold,
3970,2022-04-25 14:15:00,16947.15,14.99,45.205000000000005,Hold,
3971,2022-04-25 15:15:00,16953.95,15.38,39.89785714285715,Hold,
3972,2022-04-26 09:15:00,17148.15,43.96,38.72928571428572,Hold,
3973,2022-04-26 10:15:00,17132.4,36.54,36.74428571428571,Hold,
3974,2022-04-26 11:15:00,17144.5,38.21,34.79714285714286,Hold,
3975,2022-04-26 12:15:00,17084.3,35.22,32.85142857142857,Hold,
3976,2022-04-26 13:15:00,17141.3,44.14,31.72,Hold,
3977,2022-04-26 14:15:00,17211.95,52.75,31.642142857142854,Hold,
3978,2022-04-26 15:15:00,17200.8,52.07,31.58428571428571,Hold,
3979,2022-04-27 09:15:00,17076.1,53.14,33.11571428571428,Hold,
3980,2022-04-27 10:15:00,17066.9,54.83,35.527857142857144,Hold,
3981,2022-04-27 11:15:00,17029.0,54.62,38.04142857142857,Hold,
3982,2022-04-27 12:15:00,16979.0,49.22,40.10928571428571,Hold,
3983,2022-04-27 13:15:00,17061.75,55.96,42.93071428571428,Hold,
3984,2022-04-27 14:15:00,17035.15,55.8,45.84571428571428,Hold,
3985,2022-04-27 15:15:00,17038.4,55.59,48.71785714285714,Hold,
3986,2022-04-28 09:15:00,17105.1,46.57,48.90428571428572,Hold,
3987,2022-04-28 10:15:00,17101.2,47.47,49.685,Hold,
3988,2022-04-28 11:15:00,17171.6,52.01,50.67071428571428,Hold,
3989,2022-04-28 12:15:00,17250.65,62.0,52.58357142857143,Hold,
3990,2022-04-28 13:15:00,17299.15,61.53,53.82571428571429,Hold,
3991,2022-04-28 14:15:00,17225.1,50.96,53.69785714285714,Hold,
3992,2022-04-28 15:15:00,17245.05,53.17,53.776428571428575,Hold,
3993,2022-04-29 09:15:00,17273.75,66.44,54.72642857142857,Hold,
3994,2022-04-29 10:15:00,17331.9,70.39,55.83785714285714,Sell,
3995,2022-04-29 11:15:00,17347.95,75.39,57.32142857142857,Waiting,
3996,2022-04-29 12:15:00,17369.15,82.55,59.70214285714286,Waiting,
3997,2022-04-29 13:15:00,17293.2,69.53,60.67142857142857,Waiting,
3998,2022-04-29 14:15:00,17072.05,52.34,60.42428571428572,Waiting,
3999,2022-04-29 15:15:00,17102.55,53.94,60.30642857142857,Waiting,
4000,2022-05-02 09:15:00,16985.25,43.07,60.05642857142857,Waiting,
4001,2022-05-02 10:15:00,16976.85,42.85,59.72642857142858,Waiting,
4002,2022-05-02 11:15:00,17024.35,41.3,58.96142857142858,Waiting,
4003,2022-05-02 12:15:00,17021.65,35.13,57.042142857142856,Waiting,
4004,2022-05-02 13:15:00,17014.05,30.45,54.82214285714286,Waiting,
4005,2022-05-02 14:15:00,17068.55,38.97,53.96571428571429,Waiting,
4006,2022-05-02 15:15:00,17069.1,37.25,52.82857142857142,Waiting,
4007,2022-05-04 09:15:00,17018.3,32.07,50.37357142857143,Waiting,
4008,2022-05-04 10:15:00,16939.55,23.23,47.005,Waiting,
4009,2022-05-04 11:15:00,16908.4,20.62,43.09285714285715,Buy,
4010,2022-05-04 12:15:00,16879.1,17.6,38.45357142857143,Hold,
4011,2022-05-04 13:15:00,16798.9,17.5,34.73714285714286,Hold,
4012,2022-05-04 14:15:00,16708.75,21.14,32.50857142857143,Hold,
4013,2022-05-04 15:15:00,16677.6,16.28,29.818571428571428,Hold,
4014,2022-05-05 09:15:00,16919.5,45.64,30.002142857142854,Hold,
4015,2022-05-05 10:15:00,16920.1,46.2,30.24142857142857,Hold,
4016,2022-05-05 11:15:00,16843.25,38.33,30.02928571428572,Hold,
4017,2022-05-05 12:15:00,16813.4,37.04,30.16571428571429,Hold,
4018,2022-05-05 13:15:00,16711.65,33.15,30.358571428571427,Hold,
4019,2022-05-05 14:15:00,16682.95,27.88,29.56642857142857,Hold,
4020,2022-05-05 15:15:00,16682.65,27.83,28.893571428571427,Hold,
4021,2022-05-06 09:15:00,16399.2,21.96,28.17142857142857,Hold,
4022,2022-05-06 10:15:00,16372.35,23.05,28.158571428571427,Hold,
4023,2022-05-06 11:15:00,16416.9,26.94,28.61,Hold,
4024,2022-05-06 12:15:00,16369.55,26.49,29.245,Hold,
4025,2022-05-06 13:15:00,16447.05,33.72,30.403571428571432,Hold,
4026,2022-05-06 14:15:00,16411.8,35.53,31.43142857142857,Hold,
4027,2022-05-06 15:15:00,16411.25,36.62,32.88428571428572,Hold,
4028,2022-05-09 09:15:00,16237.95,13.23,30.56928571428572,Hold,
4029,2022-05-09 10:15:00,16237.5,13.17,28.21,Hold,
4030,2022-05-09 11:15:00,16323.4,22.22,27.059285714285718,Hold,
4031,2022-05-09 12:15:00,16338.3,24.2,26.14214285714285,Hold,
4032,2022-05-09 13:15:00,16251.5,24.6,25.53142857142857,Hold,
4033,2022-05-09 14:15:00,16306.15,29.78,25.667142857142856,Hold,
4034,2022-05-09 15:15:00,16301.85,29.65,25.79714285714286,Hold,
4035,2022-05-10 09:15:00,16273.35,40.76,27.14,Hold,
4036,2022-05-10 10:15:00,16319.8,46.25,28.79714285714286,Hold,
4037,2022-05-10 11:15:00,16386.65,47.91,30.295,Hold,
4038,2022-05-10 12:15:00,16370.2,50.05,31.977857142857143,Hold,
4039,2022-05-10 13:15:00,16368.4,43.62,32.684999999999995,Hold,
4040,2022-05-10 14:15:00,16239.5,37.86,32.85142857142857,Hold,
4041,2022-05-10 15:15:00,16240.05,37.94,32.94571428571429,Hold,
4042,2022-05-11 09:15:00,16153.0,43.19,35.08571428571428,Hold,
4043,2022-05-11 10:15:00,16091.55,39.34,36.955,Hold,
4044,2022-05-11 11:15:00,16134.0,35.23,37.88428571428572,Hold,
4045,2022-05-11 12:15:00,16025.6,28.72,38.207142857142856,Hold,
4046,2022-05-11 13:15:00,16173.9,45.13,39.67357142857143,Hold,
4047,2022-05-11 14:15:00,16154.6,40.04,40.40642857142858,Hold,
4048,2022-05-11 15:15:00,16167.1,41.24,41.23428571428571,Hold,
4049,2022-05-12 09:15:00,15874.15,30.69,40.515,Hold,
4050,2022-05-12 10:15:00,15834.4,26.36,39.09428571428572,Hold,
4051,2022-05-12 11:15:00,15880.5,24.84,37.44642857142857,Hold,
4052,2022-05-12 12:15:00,15831.3,24.06,35.59,Hold,
4053,2022-05-12 13:15:00,15790.4,23.19,34.130714285714284,Hold,
4054,2022-05-12 14:15:00,15817.8,28.4,33.455,Hold,
4055,2022-05-12 15:15:00,15808.0,28.08,32.75071428571429,Hold,
4056,2022-05-13 09:15:00,15892.8,36.77,32.292142857142856,Hold,
4057,2022-05-13 10:15:00,16003.05,45.71,32.74714285714286,Hold,
4058,2022-05-13 11:15:00,16026.0,44.67,33.42142857142857,Hold,
4059,2022-05-13 12:15:00,16076.35,52.66,35.13142857142857,Hold,
4060,2022-05-13 13:15:00,15935.55,37.42,34.580714285714286,Hold,
4061,2022-05-13 14:15:00,15753.35,31.92,34.00071428571429,Hold,
4062,2022-05-13 15:15:00,15782.15,32.91,33.40571428571429,Hold,
4063,2022-05-16 09:15:00,15944.3,53.52,35.03642857142857,Hold,
4064,2022-05-16 10:15:00,15928.4,54.84,37.07071428571429,Hold,
4065,2022-05-16 11:15:00,15813.55,46.78,38.63785714285715,Hold,
4066,2022-05-16 12:15:00,15811.1,48.98,40.41785714285714,Hold,
4067,2022-05-16 13:15:00,15875.0,54.16,42.63,Hold,
4068,2022-05-16 14:15:00,15822.4,50.22,44.18857142857143,Hold,
4069,2022-05-16 15:15:00,15842.3,51.63,45.87071428571428,Hold,
4070,2022-05-17 09:15:00,15987.45,54.25,47.11928571428571,Hold,
4071,2022-05-17 10:15:00,16077.8,53.42,47.67,Hold,
4072,2022-05-17 11:15:00,16104.8,53.59,48.307142857142864,Hold,
4073,2022-05-17 12:15:00,16172.35,54.31,48.425,Hold,
4074,2022-05-17 13:15:00,16217.0,63.83,50.31142857142857,Hold,
4075,2022-05-17 14:15:00,16248.1,78.55,53.64214285714286,Sell,
4076,2022-05-17 15:15:00,16259.3,78.11,56.87071428571429,Waiting,
4077,2022-05-18 09:15:00,16339.8,75.78,58.46071428571428,Waiting,
4078,2022-05-18 10:15:00,16333.2,76.71,60.02285714285715,Waiting,
4079,2022-05-18 11:15:00,16331.95,90.24,63.12714285714286,Waiting,
4080,2022-05-18 12:15:00,16260.4,81.49,65.44928571428571,Waiting,
4081,2022-05-18 13:15:00,16263.75,79.78,67.2792857142857,Waiting,
4082,2022-05-18 14:15:00,16235.3,82.84,69.60928571428572,Waiting,
4083,2022-05-18 15:15:00,16240.3,82.43,71.80928571428572,Waiting,
4084,2022-05-19 09:15:00,15951.65,47.64,71.33714285714287,Waiting,
4085,2022-05-19 10:15:00,15927.65,39.13,70.31642857142857,Waiting,
4086,2022-05-19 11:15:00,15860.6,33.29,68.86642857142856,Waiting,
4087,2022-05-19 12:15:00,15823.55,25.1,66.78,Waiting,
4088,2022-05-19 13:15:00,15815.4,19.75,63.631428571428565,Buy,
4089,2022-05-19 14:15:00,15784.4,15.07,59.097142857142856,Hold,
4090,2022-05-19 15:15:00,15809.4,16.8,54.71785714285714,Hold,
4091,2022-05-20 09:15:00,16160.45,40.54,52.20071428571429,Hold,
4092,2022-05-20 10:15:00,16179.9,42.02,49.72285714285714,Hold,
4093,2022-05-20 11:15:00,16149.4,40.78,46.19,Hold,
4094,2022-05-20 12:15:00,16206.9,47.26,43.745000000000005,Hold,
4095,2022-05-20 13:15:00,16218.4,47.7,41.45357142857143,Hold,
4096,2022-05-20 14:15:00,16279.7,52.18,39.26357142857143,Hold,
4097,2022-05-20 15:15:00,16266.15,51.26,37.03714285714285,Hold,
4098,2022-05-23 09:15:00,16334.0,73.75,38.902142857142856,Sell,
4099,2022-05-23 10:15:00,16337.35,76.12,41.544285714285714,Waiting,
4100,2022-05-23 11:15:00,16377.55,84.12,45.175,Waiting,
4101,2022-05-23 12:15:00,16352.45,85.47,49.487142857142864,Waiting,
4102,2022-05-23 13:15:00,16264.3,77.19,53.59,Waiting,
4103,2022-05-23 14:15:00,16210.1,75.08,57.87642857142857,Waiting,
4104,2022-05-23 15:15:00,16214.7,74.47,61.99571428571429,Waiting,
4105,2022-05-24 09:15:00,16148.8,48.93,62.59499999999999,Waiting,
4106,2022-05-24 10:15:00,16152.9,47.44,62.98214285714285,Waiting,
4107,2022-05-24 11:15:00,16200.4,54.68,63.975,Waiting,
4108,2022-05-24 12:15:00,16162.95,45.81,63.871428571428574,Waiting,
4109,2022-05-24 13:15:00,16148.25,43.36,63.56142857142857,Waiting,
4110,2022-05-24 14:15:00,16112.9,33.39,62.21928571428572,Waiting,
4111,2022-05-24 15:15:00,16125.15,35.92,61.12357142857143,Waiting,
4112,2022-05-25 09:15:00,16134.2,27.39,57.81214285714286,Waiting,
4113,2022-05-25 10:15:00,16164.2,31.52,54.62642857142857,,
4114,2022-05-25 11:15:00,16076.65,20.84,50.10642857142857,Buy,
4115,2022-05-25 12:15:00,16070.3,21.62,45.54571428571428,Hold,
4116,2022-05-25 13:15:00,16083.1,28.52,42.06928571428572,Hold,
4117,2022-05-25 14:15:00,16027.45,28.42,38.736428571428576,Hold,
4118,2022-05-25 15:15:00,16025.8,27.53,35.38357142857143,Hold,
4119,2022-05-26 09:15:00,16021.1,32.22,34.19,Hold,
4120,2022-05-26 10:15:00,15928.2,24.92,32.58142857142857,Hold,
4121,2022-05-26 11:15:00,15942.75,18.95,30.02928571428572,Hold,
4122,2022-05-26 12:15:00,16095.7,43.66,29.875714285714288,Hold,
4123,2022-05-26 13:15:00,16081.1,43.67,29.897857142857145,Hold,
4124,2022-05-26 14:15:00,16173.0,55.12,31.45,Hold,
4125,2022-05-26 15:15:00,16170.15,53.9,32.73428571428572,Hold,
4126,2022-05-27 09:15:00,16280.0,60.75,35.11714285714286,Hold,
4127,2022-05-27 10:15:00,16253.3,56.6,36.90857142857143,Hold,
4128,2022-05-27 11:15:00,16237.4,63.32,39.94285714285714,Hold,
4129,2022-05-27 12:15:00,16317.05,68.23,43.27214285714286,Hold,
4130,2022-05-27 13:15:00,16339.35,68.67,46.14,Hold,
4131,2022-05-27 14:15:00,16346.2,75.01,49.46785714285714,Sell,
4132,2022-05-27 15:15:00,16352.45,75.44,52.89,Waiting,
4133,2022-05-30 09:15:00,16628.05,83.24,56.53428571428572,Waiting,
4134,2022-05-30 10:15:00,16687.6,93.17,61.40928571428572,Waiting,
4135,2022-05-30 11:15:00,16666.25,90.82,66.54285714285713,Waiting,
4136,2022-05-30 12:15:00,16670.2,88.96,69.77857142857142,Waiting,
4137,2022-05-30 13:15:00,16628.5,85.81,72.78857142857143,Waiting,
4138,2022-05-30 14:15:00,16658.9,84.56,74.89142857142858,Waiting,
4139,2022-05-30 15:15:00,16661.4,84.96,77.11,Waiting,
4140,2022-05-31 09:15:00,16591.9,73.55,78.02428571428572,Waiting,
4141,2022-05-31 10:15:00,16648.35,78.55,79.59214285714286,Waiting,
4142,2022-05-31 11:15:00,16658.0,80.67,80.83142857142856,Waiting,
4143,2022-05-31 12:15:00,16619.85,73.5,81.20785714285714,Waiting,
4144,2022-05-31 13:15:00,16670.9,74.63,81.63357142857141,Waiting,
4145,2022-05-31 14:15:00,16557.75,63.57,80.81642857142856,Waiting,
4146,2022-05-31 15:15:00,16584.55,64.51,80.03571428571429,Waiting,
4147,2022-06-01 09:15:00,16584.05,45.81,77.36214285714287,Waiting,
4148,2022-06-01 10:15:00,16587.9,39.37,73.51928571428572,Waiting,
4149,2022-06-01 11:15:00,16586.35,41.11,69.96857142857144,Waiting,
4150,2022-06-01 12:15:00,16542.6,36.95,66.25357142857142,Waiting,
4151,2022-06-01 13:15:00,16466.55,34.53,62.59071428571429,Waiting,
4152,2022-06-01 14:15:00,16529.9,38.41,59.294285714285714,Waiting,
4153,2022-06-01 15:15:00,16522.75,37.64,55.91428571428571,Waiting,
4154,2022-06-02 09:15:00,16536.2,44.48,53.837857142857146,Waiting,
4155,2022-06-02 10:15:00,16517.5,35.99,50.79785714285715,Waiting,
4156,2022-06-02 11:15:00,16549.2,38.88,47.81285714285714,Waiting,
4157,2022-06-02 12:15:00,16575.5,45.35,45.80214285714286,Waiting,
4158,2022-06-02 13:15:00,16627.05,45.41,43.715,Waiting,
4159,2022-06-02 14:15:00,16632.7,60.12,43.46857142857143,Waiting,
4160,2022-06-02 15:15:00,16628.0,56.24,42.87785714285714,Waiting,
4161,2022-06-03 09:15:00,16754.3,67.96,44.46,Waiting,
4162,2022-06-03 10:15:00,16732.75,64.73,46.271428571428565,Waiting,
4163,2022-06-03 11:15:00,16757.25,66.6,48.09214285714285,Waiting,
4164,2022-06-03 12:15:00,16717.65,67.14,50.24857142857143,Waiting,
4165,2022-06-03 13:15:00,16711.6,77.81,53.34,Waiting,
4166,2022-06-03 14:15:00,16577.0,54.6,54.496428571428574,Waiting,
4167,2022-06-03 15:15:00,16584.3,56.01,55.80857142857143,Waiting,
4168,2022-06-06 09:15:00,16498.65,46.79,55.97357142857143,Waiting,
4169,2022-06-06 10:15:00,16502.5,48.68,56.88,Waiting,
4170,2022-06-06 11:15:00,16559.25,50.85,57.735,Waiting,
4171,2022-06-06 12:15:00,16560.7,48.7,57.97428571428571,Waiting,
4172,2022-06-06 13:15:00,16604.8,48.02,58.160714285714285,Waiting,
4173,2022-06-06 14:15:00,16573.5,44.96,57.07785714285715,Waiting,
4174,2022-06-06 15:15:00,16569.55,45.02,56.276428571428575,Waiting,
4175,2022-06-07 09:15:00,16428.45,22.92,53.059285714285714,Waiting,
4176,2022-06-07 10:15:00,16374.0,21.74,49.98857142857143,Buy,
4177,2022-06-07 11:15:00,16382.2,19.67,46.636428571428574,Hold,
4178,2022-06-07 12:15:00,16395.95,22.85,43.47285714285714,Hold,
4179,2022-06-07 13:15:00,16380.75,22.5,39.52214285714285,Hold,
4180,2022-06-07 14:15:00,16418.25,34.27,38.07,Hold,
4181,2022-06-07 15:15:00,16416.35,33.18,36.43928571428572,Hold,
4182,2022-06-08 09:15:00,16376.05,36.49,35.70357142857143,Hold,
4183,2022-06-08 10:15:00,16430.35,42.85,35.287142857142854,Hold,
4184,2022-06-08 11:15:00,16476.35,41.6,34.626428571428576,Hold,
4185,2022-06-08 12:15:00,16401.3,35.95,33.715714285714284,Hold,
4186,2022-06-08 13:15:00,16345.45,27.6,32.25714285714286,Hold,
4187,2022-06-08 14:15:00,16361.5,31.19,31.273571428571437,Hold,
4188,2022-06-08 15:15:00,16356.25,31.12,30.28071428571429,Hold,
4189,2022-06-09 09:15:00,16306.35,37.11,31.294285714285717,Hold,
4190,2022-06-10 09:15:00,16263.7,38.06,32.46,Hold,
4191,2022-06-10 10:15:00,16274.8,38.45,33.80142857142857,Hold,
4192,2022-06-10 11:15:00,16254.25,34.98,34.667857142857144,Hold,
4193,2022-06-10 12:15:00,16214.8,33.27,35.43714285714286,Hold,
4194,2022-06-10 13:15:00,16190.15,26.39,34.87428571428571,Hold,
4195,2022-06-10 14:15:00,16211.9,29.67,34.62357142857143,Hold,
4196,2022-06-10 15:15:00,16201.8,31.57,34.27214285714286,Hold,
4197,2022-06-13 09:15:00,15777.55,11.26,32.01571428571429,Hold,
4198,2022-06-13 10:15:00,15806.8,9.46,29.72,Hold,
4199,2022-06-13 11:15:00,15794.65,10.24,27.88357142857143,Hold,
4200,2022-06-13 12:15:00,15756.35,10.48,26.660714285714285,Hold,
4201,2022-06-13 13:15:00,15693.15,7.84,24.99285714285714,Hold,
4202,2022-06-13 14:15:00,15767.85,15.87,23.90357142857143,Hold,
4203,2022-06-13 15:15:00,15774.4,17.51,22.50357142857143,Hold,
4204,2022-06-15 09:15:00,15744.45,17.79,21.055714285714284,Hold,
4205,2022-06-15 10:15:00,15707.9,15.91,19.445714285714285,Hold,
4206,2022-06-15 11:15:00,15738.85,19.39,18.33214285714286,Hold,
4207,2022-06-15 12:15:00,15769.7,23.29,17.619285714285713,Hold,
4208,2022-06-15 13:15:00,15742.8,23.23,17.39357142857143,Hold,
4209,2022-06-15 14:15:00,15692.8,19.95,16.699285714285715,Hold,
4210,2022-06-15 15:15:00,15692.15,20.17,15.885000000000002,Hold,
4211,2022-06-16 09:15:00,15757.1,47.93,18.504285714285714,Hold,
4212,2022-06-16 10:15:00,15695.1,39.42,20.64428571428571,Hold,
4213,2022-06-16 11:15:00,15573.35,32.64,22.24428571428572,Hold,
4214,2022-06-16 12:15:00,15468.25,29.54,23.60571428571428,Hold,
4215,2022-06-16 13:15:00,15401.35,29.39,25.145000000000003,Hold,
4216,2022-06-16 14:15:00,15359.0,19.73,25.420714285714286,Hold,
4217,2022-06-16 15:15:00,15360.6,19.14,25.53714285714286,Hold,
4218,2022-06-17 09:15:00,15291.8,18.09,25.55857142857143,Hold,
4219,2022-06-17 10:15:00,15307.35,20.91,25.91571428571429,Hold,
4220,2022-06-17 11:15:00,15269.1,16.24,25.69071428571428,Hold,
4221,2022-06-17 12:15:00,15268.45,12.34,24.90857142857143,Hold,
4222,2022-06-17 13:15:00,15313.25,18.57,24.575714285714287,Hold,
4223,2022-06-17 14:15:00,15263.95,18.59,24.478571428571428,Hold,
4224,2022-06-17 15:15:00,15293.5,21.99,24.608571428571427,Hold,
4225,2022-06-20 09:15:00,15299.25,14.91,22.25,Hold,
4226,2022-06-20 10:15:00,15294.55,16.34,20.60142857142857,Hold,
4227,2022-06-20 11:15:00,15330.55,26.16,20.138571428571428,Hold,
4228,2022-06-20 12:15:00,15319.3,32.07,20.319285714285712,Hold,
4229,2022-06-20 13:15:00,15301.8,36.4,20.82,Hold,
4230,2022-06-20 14:15:00,15353.05,49.21,22.925714285714285,Hold,
4231,2022-06-20 15:15:00,15350.15,48.61,25.03071428571429,Hold,
4232,2022-06-21 09:15:00,15556.3,75.75,29.14928571428572,Sell,
4233,2022-06-21 10:15:00,15591.95,76.66,33.13142857142857,Waiting,
4234,2022-06-21 11:15:00,15584.9,81.42,37.78714285714285,Waiting,
4235,2022-06-21 12:15:00,15677.05,84.39,42.93357142857143,Waiting,
4236,2022-06-21 13:15:00,15689.25,83.49,47.57071428571429,Waiting,
4237,2022-06-21 14:15:00,15637.7,83.15,52.18214285714286,Waiting,
4238,2022-06-21 15:15:00,15638.8,82.26,56.48714285714285,Waiting,
4239,2022-06-22 09:15:00,15445.0,60.08,59.71357142857143,Waiting,
4240,2022-06-22 10:15:00,15487.3,62.67,63.02285714285714,Waiting,
4241,2022-06-22 11:15:00,15465.6,59.04,65.37142857142858,Waiting,
4242,2022-06-22 12:15:00,15420.8,56.51,67.11714285714285,Waiting,
4243,2022-06-22 13:15:00,15446.55,59.18,68.74428571428571,Waiting,
4244,2022-06-22 14:15:00,15420.3,54.4,69.115,Waiting,
4245,2022-06-22 15:15:00,15413.3,54.11,69.50785714285715,Waiting,
4246,2022-06-23 09:15:00,15593.5,52.51,67.84785714285714,Waiting,
4247,2022-06-23 10:15:00,15612.95,51.45,66.04714285714286,Waiting,
4248,2022-06-23 11:15:00,15533.8,46.8,63.57428571428572,Waiting,
4249,2022-06-23 12:15:00,15386.3,32.95,59.9,Waiting,
4250,2022-06-23 13:15:00,15499.35,40.04,56.79642857142857,Waiting,
4251,2022-06-23 14:15:00,15561.5,46.05,54.14642857142858,Waiting,
4252,2022-06-23 15:15:00,15556.65,45.76,51.53928571428571,Waiting,
4253,2022-06-24 09:15:00,15688.4,63.43,51.77857142857143,Waiting,
4254,2022-06-24 10:15:00,15681.6,61.16,51.67071428571429,Waiting,
4255,2022-06-24 11:15:00,15629.7,59.11,51.67571428571428,Waiting,
4256,2022-06-24 12:15:00,15680.85,64.34,52.235,Waiting,
4257,2022-06-24 13:15:00,15706.35,64.33,52.60285714285715,Waiting,
4258,2022-06-24 14:15:00,15709.75,66.37,53.45785714285714,Waiting,
4259,2022-06-24 15:15:00,15699.25,66.11,54.315000000000005,Waiting,
4260,2022-06-27 09:15:00,15868.4,65.69,55.25642857142857,Waiting,
4261,2022-06-27 10:15:00,15871.8,65.05,56.22785714285715,Waiting,
4262,2022-06-27 11:15:00,15848.3,69.54,57.85214285714286,Waiting,
4263,2022-06-27 12:15:00,15889.15,86.02,61.642857142857146,Waiting,
4264,2022-06-27 13:15:00,15882.7,82.41,64.66928571428572,Waiting,
4265,2022-06-27 14:15:00,15835.75,73.8,66.65142857142857,Waiting,
4266,2022-06-27 15:15:00,15832.05,73.95,68.66499999999999,Waiting,
4267,2022-06-28 09:15:00,15718.9,52.74,67.90142857142857,Waiting,
4268,2022-06-28 10:15:00,15747.2,55.68,67.51,Waiting,
4269,2022-06-28 11:15:00,15797.1,64.53,67.89714285714287,Waiting,
4270,2022-06-28 12:15:00,15762.05,57.25,67.39071428571428,Waiting,
4271,2022-06-28 13:15:00,15793.55,57.71,66.91785714285714,Waiting,
4272,2022-06-28 14:15:00,15843.35,60.91,66.52785714285714,Waiting,
4273,2022-06-28 15:15:00,15850.2,62.4,66.26285714285714,Waiting,
4274,2022-06-29 09:15:00,15754.9,39.39,64.38428571428571,Waiting,
4275,2022-06-29 10:15:00,15769.2,40.6,62.637857142857136,Waiting,
4276,2022-06-29 11:15:00,15809.1,46.51,60.99285714285714,Waiting,
4277,2022-06-29 12:15:00,15829.55,44.5,58.027142857142856,Waiting,
4278,2022-06-29 13:15:00,15849.95,47.05,55.50142857142857,Waiting,
4279,2022-06-29 14:15:00,15790.25,46.0,53.51571428571428,Waiting,
4280,2022-06-29 15:15:00,15799.1,47.13,51.6,Waiting,
4281,2022-06-30 09:15:00,15836.55,61.82,52.24857142857143,Waiting,
4282,2022-06-30 10:15:00,15774.85,52.6,52.02857142857143,Waiting,
4283,2022-06-30 11:15:00,15755.85,45.88,50.69642857142857,Waiting,
4284,2022-06-30 12:15:00,15804.45,54.13,50.47357142857143,Waiting,
4285,2022-06-30 13:15:00,15845.15,54.93,50.27499999999999,Waiting,
4286,2022-06-30 14:15:00,15779.0,44.03,49.06928571428572,Waiting,
4287,2022-06-30 15:15:00,15780.25,43.45,47.71571428571429,Waiting,
4288,2022-07-01 09:15:00,15554.65,34.92,47.39642857142858,Waiting,
4289,2022-07-01 10:15:00,15626.55,40.12,47.362142857142864,Waiting,
4290,2022-07-01 11:15:00,15631.8,37.1,46.69,Waiting,
4291,2022-07-01 12:15:00,15683.4,39.82,46.355714285714285,Waiting,
4292,2022-07-01 13:15:00,15648.5,36.25,45.58428571428572,Waiting,
4293,2022-07-01 14:15:00,15746.7,47.18,45.66857142857143,Waiting,
4294,2022-07-01 15:15:00,15752.05,46.94,45.65500000000001,Waiting,
4295,2022-07-04 09:15:00,15672.35,39.86,44.08642857142858,Waiting,
4296,2022-07-04 10:15:00,15734.35,47.5,43.722142857142856,Waiting,
4297,2022-07-04 11:15:00,15763.6,50.47,44.05,Waiting,
4298,2022-07-04 12:15:00,15778.1,48.32,43.635,Waiting,
4299,2022-07-04 13:15:00,15774.75,45.3,42.94714285714286,Waiting,
4300,2022-07-04 14:15:00,15841.1,54.14,43.669285714285714,Waiting,
4301,2022-07-04 15:15:00,15835.35,53.66,44.39857142857143,Waiting,
4302,2022-07-05 09:15:00,15970.35,81.35,47.715,Waiting,
4303,2022-07-05 10:15:00,15984.8,79.58,50.53357142857142,Waiting,
4304,2022-07-05 11:15:00,16015.4,80.4,53.62642857142857,Waiting,
4305,2022-07-05 12:15:00,15974.8,73.5,56.03214285714285,Waiting,
4306,2022-07-05 13:15:00,15857.35,64.86,58.07571428571429,Waiting,
4307,2022-07-05 14:15:00,15814.35,55.23,58.65071428571429,Waiting,
4308,2022-07-05 15:15:00,15810.85,54.55,59.194285714285705,Waiting,
4309,2022-07-06 09:15:00,15880.05,66.35,61.08642857142856,Waiting,
4310,2022-07-06 10:15:00,15891.15,63.42,62.22357142857143,Waiting,
4311,2022-07-06 11:15:00,15883.2,60.63,62.94928571428572,Waiting,
4312,2022-07-06 12:15:00,16000.0,66.68,64.26071428571429,Waiting,
4313,2022-07-06 13:15:00,15918.5,59.67,65.28714285714287,Waiting,
4314,2022-07-06 14:15:00,15994.25,60.17,65.71785714285714,Waiting,
4315,2022-07-06 15:15:00,15989.8,60.28,66.19071428571428,Waiting,
4316,2022-07-07 09:15:00,16091.8,58.45,64.55499999999999,Waiting,
4317,2022-07-07 10:15:00,16093.65,57.71,62.99285714285715,Waiting,
4318,2022-07-07 11:15:00,16096.75,56.0,61.25000000000001,Waiting,
4319,2022-07-07 12:15:00,16109.15,60.33,60.309285714285714,Waiting,
4320,2022-07-07 13:15:00,16060.1,67.43,60.49285714285715,Waiting,
4321,2022-07-07 14:15:00,16127.4,75.83,61.96428571428572,Waiting,
4322,2022-07-07 15:15:00,16132.9,76.49,63.53142857142858,Waiting,
4323,2022-07-08 09:15:00,16196.45,76.27,64.24,Waiting,
4324,2022-07-08 10:15:00,16203.75,76.12,65.14714285714285,Waiting,
4325,2022-07-08 11:15:00,16180.3,74.19,66.11571428571429,Waiting,
4326,2022-07-08 12:15:00,16196.0,69.11,66.28928571428573,Waiting,
4327,2022-07-08 13:15:00,16189.25,80.9,67.80571428571429,Waiting,
4328,2022-07-08 14:15:00,16230.05,79.24,69.16785714285714,Waiting,
4329,2022-07-08 15:15:00,16220.6,78.27,70.45285714285714,Waiting,
4330,2022-07-11 09:15:00,16167.5,60.53,70.60142857142857,Waiting,
4331,2022-07-11 10:15:00,16160.35,59.15,70.7042857142857,Waiting,
4332,2022-07-11 11:15:00,16146.75,56.66,70.75142857142858,Waiting,
4333,2022-07-11 12:15:00,16169.75,57.86,70.575,Waiting,
4334,2022-07-11 13:15:00,16211.6,70.01,70.75928571428571,Waiting,
4335,2022-07-11 14:15:00,16218.05,64.27,69.93357142857143,Waiting,
4336,2022-07-11 15:15:00,16216.0,63.22,68.9857142857143,Waiting,
4337,2022-07-12 09:15:00,16142.2,41.64,66.51214285714286,Waiting,
4338,2022-07-12 10:15:00,16146.15,41.03,64.00571428571429,Waiting,
4339,2022-07-12 11:15:00,16122.8,41.04,61.637857142857136,Waiting,
4340,2022-07-12 12:15:00,16080.65,33.4,59.08714285714286,Waiting,
4341,2022-07-12 13:15:00,16134.95,43.13,56.38928571428572,Waiting,
4342,2022-07-12 14:15:00,16056.3,29.93,52.86714285714286,Waiting,
4343,2022-07-12 15:15:00,16058.3,30.92,49.485,,
4344,2022-07-13 09:15:00,16129.25,45.69,48.425,,
4345,2022-07-13 10:15:00,16077.5,41.51,47.165000000000006,,
4346,2022-07-13 11:15:00,16084.95,43.59,46.23142857142857,,
4347,2022-07-13 12:15:00,16001.75,34.5,44.56285714285714,,
4348,2022-07-13 13:15:00,15981.8,27.9,41.555,Buy,
4349,2022-07-13 14:15:00,15959.8,25.89,38.81357142857143,Hold,
4350,2022-07-13 15:15:00,15966.65,26.93,36.221428571428575,Hold,
4351,2022-07-14 09:15:00,16048.5,41.46,36.20857142857143,Hold,
4352,2022-07-14 10:15:00,16005.65,38.04,35.995,Hold,
4353,2022-07-14 11:15:00,15957.45,36.49,35.67,Hold,
4354,2022-07-14 12:15:00,15972.45,40.75,36.195,Hold,
4355,2022-07-14 13:15:00,15872.3,29.18,35.198571428571434,Hold,
4356,2022-07-14 14:15:00,15942.5,40.86,35.97928571428572,Hold,
4357,2022-07-14 15:15:00,15938.65,40.42,36.65785714285715,Hold,
4358,2022-07-15 09:15:00,15989.95,38.48,36.142857142857146,Hold,
4359,2022-07-15 10:15:00,15946.4,39.01,35.964285714285715,Hold,
4360,2022-07-15 11:15:00,15949.35,38.55,35.60428571428572,Hold,
4361,2022-07-15 12:15:00,15979.5,47.94,36.56428571428572,Hold,
4362,2022-07-15 13:15:00,15992.25,50.98,38.212857142857146,Hold,
4363,2022-07-15 14:15:00,16053.25,58.19,40.52,Hold,
4364,2022-07-15 15:15:00,16049.2,57.27,42.68714285714286,Hold,
4365,2022-07-18 09:15:00,16184.8,60.96,44.08,Hold,
4366,2022-07-18 10:15:00,16210.7,66.96,46.14571428571429,Hold,
4367,2022-07-18 11:15:00,16216.2,73.02,48.755,Sell,
4368,2022-07-18 12:15:00,16218.95,72.42,51.01714285714286,Waiting,
4369,2022-07-18 13:15:00,16232.5,88.89,55.28214285714285,Waiting,
4370,2022-07-18 14:15:00,16271.05,88.08,58.655,Waiting,
4371,2022-07-18 15:15:00,16278.5,89.06,62.12928571428571,Waiting,
4372,2022-07-19 09:15:00,16294.9,88.1,65.67357142857142,Waiting,
4373,2022-07-19 10:15:00,16323.2,98.95,69.955,Waiting,
4374,2022-07-19 11:15:00,16304.65,94.36,73.94142857142857,Waiting,
4375,2022-07-19 12:15:00,16272.55,86.41,76.6892857142857,Waiting,
4376,2022-07-19 13:15:00,16298.3,86.83,79.25,Waiting,
4377,2022-07-19 14:15:00,16350.55,86.55,81.27571428571427,Waiting,
4378,2022-07-19 15:15:00,16340.55,85.3,83.27785714285713,Waiting,
4379,2022-07-20 09:15:00,16542.45,87.34,85.16214285714285,Waiting,
4380,2022-07-20 10:15:00,16563.25,87.2,86.60785714285714,Waiting,
4381,2022-07-20 11:15:00,16557.45,85.99,87.53428571428572,Waiting,
4382,2022-07-20 12:15:00,16530.4,81.24,88.16428571428571,Waiting,
4383,2022-07-20 13:15:00,16547.05,81.36,87.62642857142858,Waiting,
4384,2022-07-20 14:15:00,16516.2,74.82,86.67928571428571,Waiting,
4385,2022-07-20 15:15:00,16520.85,74.68,85.65214285714286,Waiting,
4386,2022-07-21 09:15:00,16573.0,76.4,84.81642857142856,Waiting,
4387,2022-07-21 10:15:00,16569.15,74.48,83.06857142857143,Waiting,
4388,2022-07-21 11:15:00,16573.05,77.52,81.86571428571428,Waiting,
4389,2022-07-21 12:15:00,16542.7,77.8,81.25071428571428,Waiting,
4390,2022-07-21 13:15:00,16560.55,77.43,80.5792857142857,Waiting,
4391,2022-07-21 14:15:00,16611.85,77.38,79.92428571428572,Waiting,
4392,2022-07-21 15:15:00,16605.25,77.94,79.39857142857143,Waiting,
4393,2022-07-22 09:15:00,16629.0,64.64,77.77714285714285,Waiting,181.15
4394,2022-07-22 10:15:00,16638.25,63.2,76.06285714285714,Waiting,180.9
4395,2022-07-22 11:15:00,16680.5,69.2,74.86357142857142,Waiting,181.1
4396,2022-07-22 12:15:00,16680.4,75.55,74.45714285714287,Waiting,181.63
4397,2022-07-22 13:15:00,16727.8,77.87,74.20785714285715,Waiting,181.64
4398,2022-07-22 14:15:00,16729.05,86.12,75.015,Waiting,181.9
4399,2022-07-22 15:15:00,16719.45,83.14,75.61928571428572,Waiting,181.9
4400,2022-07-25 09:15:00,16622.25,57.14,74.24357142857141,Waiting,181.25
4401,2022-07-25 10:15:00,16568.15,49.87,72.4857142857143,Waiting,180.86
4402,2022-07-25 11:15:00,16589.1,51.95,70.6592857142857,Waiting,180.62
4403,2022-07-25 12:15:00,16619.7,59.34,69.34071428571428,Waiting,180.77
4404,2022-07-25 13:15:00,16647.95,60.34,68.12,Waiting,180.85
4405,2022-07-25 14:15:00,16632.6,52.68,66.35571428571428,Waiting,181.67
4406,2022-07-25 15:15:00,16631.0,53.37,64.60071428571429,Waiting,181.19
4407,2022-07-26 09:15:00,16512.1,37.74,62.67928571428571,Waiting,180.33
4408,2022-07-26 10:15:00,16504.45,35.92,60.730714285714285,Waiting,180.09
4409,2022-07-26 11:15:00,16536.9,34.57,58.25714285714286,Waiting,180.1
4410,2022-07-26 12:15:00,16552.0,36.64,55.47785714285714,Waiting,180.55
4411,2022-07-26 13:15:00,16538.95,28.83,51.975,Waiting,180.44
4412,2022-07-26 14:15:00,16482.7,25.42,47.63928571428571,Buy,180.06
4413,2022-07-26 15:15:00,16483.85,26.09,43.56428571428571,Hold,179.98
4414,2022-07-27 09:15:00,16523.2,38.61,42.24071428571428,Hold,179.65
4415,2022-07-27 10:15:00,16543.65,46.95,42.03214285714286,Hold,180.57
4416,2022-07-27 11:15:00,16568.5,47.46,41.71142857142858,Hold,180.85
4417,2022-07-27 12:15:00,16593.9,46.77,40.81357142857143,Hold,180.8
4418,2022-07-27 13:15:00,16582.0,41.4,39.46071428571429,Hold,181.2
4419,2022-07-27 14:15:00,16643.65,51.29,39.36142857142857,Hold,181.19
4420,2022-07-27 15:15:00,16641.8,51.26,39.21071428571428,Hold,181.63
4421,2022-07-28 09:15:00,16819.95,81.46,42.33357142857143,Sell,182.7
4422,2022-07-28 10:15:00,16877.1,84.58,45.809285714285714,Waiting,183.58
4423,2022-07-28 11:15:00,16893.85,84.12,49.34857142857143,Waiting,183.83
4424,2022-07-28 12:15:00,16913.5,84.26,52.75,Waiting,183.98
4425,2022-07-28 13:15:00,16920.6,86.58,56.875,Waiting,183.98
4426,2022-07-28 14:15:00,16936.3,97.14,61.99785714285714,Waiting,183.77
4427,2022-07-28 15:15:00,16929.6,95.8,66.97714285714285,Waiting,184.18
4428,2022-07-29 09:15:00,17109.3,96.74,71.12928571428571,Waiting,186.22
4429,2022-07-29 10:15:00,17098.75,94.98,74.55999999999999,Waiting,185.3
4430,2022-07-29 11:15:00,17101.5,94.79,77.9407142857143,Waiting,185.88
4431,2022-07-29 12:15:00,17106.2,94.6,81.35714285714286,Waiting,185.94
4432,2022-07-29 13:15:00,17079.15,92.17,84.98357142857142,Waiting,185.94
4433,2022-07-29 14:15:00,17159.8,92.42,87.92142857142856,Waiting,185.87
4434,2022-07-29 15:15:00,17158.25,92.46,90.86428571428571,Waiting,186.63
4435,2022-08-01 09:15:00,17272.95,91.58,91.58714285714284,Waiting,187.4
4436,2022-08-01 10:15:00,17266.0,89.32,91.92571428571428,Waiting,188.06
4437,2022-08-01 11:15:00,17261.7,88.15,92.21357142857144,Waiting,187.89
4438,2022-08-01 12:15:00,17286.6,88.28,92.50071428571428,Waiting,188.04
4439,2022-08-01 13:15:00,17309.7,88.65,92.64857142857144,Waiting,188.18
4440,2022-08-01 14:15:00,17334.9,88.87,92.05785714285716,Waiting,188.43
4441,2022-08-01 15:15:00,17340.05,90.14,91.65357142857144,Waiting,188.6
4442,2022-08-02 09:15:00,17226.3,63.14,89.25357142857145,Waiting,188.35
4443,2022-08-02 10:15:00,17254.9,66.85,87.24428571428572,Waiting,187.85
4444,2022-08-02 11:15:00,17292.4,69.16,85.41357142857144,Waiting,188.25
4445,2022-08-02 12:15:00,17263.95,65.11,83.30714285714285,Waiting,187.69
4446,2022-08-02 13:15:00,17322.35,71.98,81.865,Waiting,188.1
4447,2022-08-02 14:15:00,17364.8,69.9,80.25642857142859,Waiting,189.09
4448,2022-08-02 15:15:00,17345.45,67.57,78.47857142857143,Waiting,188.62
4449,2022-08-03 09:15:00,17300.1,52.93,75.71785714285714,Waiting,188.05
4450,2022-08-03 10:15:00,17236.85,47.2,72.70928571428571,Waiting,188.1
4451,2022-08-03 11:15:00,17248.35,48.73,69.89357142857143,Waiting,187.93
4452,2022-08-03 12:15:00,17287.9,50.12,67.16785714285714,Waiting,187.95
4453,2022-08-03 13:15:00,17305.4,49.6,64.37857142857142,Waiting,187.98
4454,2022-08-03 14:15:00,17401.15,55.46,61.99214285714286,Waiting,188.69
4455,2022-08-03 15:15:00,17388.15,53.91,59.40428571428571,Waiting,189.11
4456,2022-08-04 09:15:00,17434.3,69.02,59.82428571428572,Waiting,190.03
4457,2022-08-04 10:15:00,17397.25,62.82,59.53642857142857,Waiting,189.88
4458,2022-08-04 11:15:00,17307.3,51.23,58.25571428571429,Waiting,187.94
4459,2022-08-04 12:15:00,17313.4,54.22,57.47785714285715,Waiting,188.43
4460,2022-08-04 13:15:00,17285.3,46.66,55.669285714285714,Waiting,188.75
4461,2022-08-04 14:15:00,17377.4,51.04,54.32214285714286,Waiting,188.75
4462,2022-08-04 15:15:00,17382.0,53.1,53.28857142857142,Waiting,188.95
4463,2022-08-05 09:15:00,17432.05,61.09,53.871428571428574,Waiting,189.73
4464,2022-08-05 10:15:00,17466.95,70.32,55.52285714285714,Waiting,189.8
4465,2022-08-05 11:15:00,17451.1,67.76,56.88214285714285,Waiting,189.87
4466,2022-08-05 12:15:00,17408.3,60.49,57.622857142857136,Waiting,189.8
4467,2022-08-05 13:15:00,17380.45,56.42,58.11000000000001,Waiting,189.74
4468,2022-08-05 14:15:00,17398.45,49.73,57.70071428571429,Waiting,189.08
4469,2022-08-05 15:15:00,17397.5,50.95,57.489285714285714,Waiting,189.15
4470,2022-08-08 09:15:00,17439.3,50.51,56.16714285714285,Waiting,189.65
4471,2022-08-08 10:15:00,17457.5,56.39,55.70785714285714,Waiting,190.07
4472,2022-08-08 11:15:00,17503.05,72.93,57.25785714285714,Waiting,190.15
4473,2022-08-08 12:15:00,17520.3,73.62,58.64357142857143,Waiting,190.72
4474,2022-08-08 13:15:00,17526.4,78.98,60.95214285714286,Waiting,190.9
4475,2022-08-08 14:15:00,17522.95,72.23,62.46571428571429,Waiting,190.59
4476,2022-08-08 15:15:00,17525.1,72.02,63.81714285714286,Waiting,190.85
4477,2022-08-10 09:15:00,17502.95,61.94,63.87785714285714,Waiting,190.62
4478,2022-08-10 10:15:00,17509.2,57.87,62.98857142857143,Waiting,190.88
4479,2022-08-10 11:15:00,17509.0,61.46,62.53857142857144,Waiting,190.73
4480,2022-08-10 12:15:00,17498.35,70.41,63.24714285714286,Waiting,190.8
4481,2022-08-10 13:15:00,17531.25,83.42,65.17571428571428,Waiting,190.69
4482,2022-08-10 14:15:00,17537.65,82.52,67.51785714285714,Waiting,190.99
4483,2022-08-10 15:15:00,17534.75,81.78,69.72,Waiting,190.9
4484,2022-08-11 09:15:00,17673.2,87.41,72.35571428571428,Waiting,192.67
4485,2022-08-11 10:15:00,17680.95,86.98,74.54071428571429,Waiting,192.52
4486,2022-08-11 11:15:00,17659.9,78.25,74.92071428571428,Waiting,192.38
4487,2022-08-11 12:15:00,17671.75,77.81,75.22,Waiting,192.6
4488,2022-08-11 13:15:00,17644.35,70.09,74.58500000000001,Waiting,192.33
4489,2022-08-11 14:15:00,17652.95,71.76,74.55142857142857,Waiting,192.35
4490,2022-08-11 15:15:00,17659.0,72.12,74.55857142857143,Waiting,192.25
4491,2022-08-12 09:15:00,17678.3,79.25,75.795,Waiting,192.14
4492,2022-08-12 10:15:00,17683.0,79.14,77.31428571428572,Waiting,192.3
4493,2022-08-12 11:15:00,17685.0,79.33,78.59071428571428,Waiting,192.68
4494,2022-08-12 12:15:00,17700.35,83.15,79.5007142857143,Waiting,192.75
4495,2022-08-12 13:15:00,17709.2,81.7,79.37785714285714,Waiting,192.99
4496,2022-08-12 14:15:00,17695.65,77.45,79.01571428571428,Waiting,192.79
4497,2022-08-12 15:15:00,17698.15,78.43,78.77642857142858,Waiting,192.89
4498,2022-08-16 09:15:00,17816.5,76.81,78.01928571428572,Waiting,194.13
4499,2022-08-16 10:15:00,17830.95,77.37,77.33285714285715,Waiting,194.15
4500,2022-08-16 11:15:00,17797.7,74.07,77.03428571428572,Waiting,194.17
4501,2022-08-16 12:15:00,17777.1,67.86,76.32357142857143,Waiting,194.06
4502,2022-08-16 13:15:00,17794.75,76.37,76.77214285714285,Waiting,193.98
4503,2022-08-16 14:15:00,17830.35,78.41,77.24714285714286,Waiting,193.92
4504,2022-08-16 15:15:00,17825.25,76.71,77.575,Waiting,194.22
4505,2022-08-17 09:15:00,17909.6,80.73,77.68071428571429,Waiting,194.95
4506,2022-08-17 10:15:00,17931.95,81.6,77.85642857142857,Waiting,195.2
4507,2022-08-17 11:15:00,17931.05,81.32,77.99857142857142,Waiting,195.24
4508,2022-08-17 12:15:00,17934.8,80.75,77.82714285714285,Waiting,195.4
4509,2022-08-17 13:15:00,17924.05,78.04,77.5657142857143,Waiting,195.45
4510,2022-08-17 14:15:00,17946.15,81.98,77.88928571428572,Waiting,195.47
4511,2022-08-17 15:15:00,17944.25,81.46,78.10571428571428,Waiting,195.54
4512,2022-08-18 09:15:00,17940.4,72.4,77.7907142857143,Waiting,195.31
4513,2022-08-18 10:15:00,17903.9,62.21,76.70785714285714,Waiting,195.15
4514,2022-08-18 11:15:00,17870.05,62.09,75.85214285714287,Waiting,194.97
4515,2022-08-18 12:15:00,17900.9,70.0,76.005,Waiting,195.28
4516,2022-08-18 13:15:00,17915.2,69.67,75.52642857142857,Waiting,195.2
4517,2022-08-18 14:15:00,17957.3,70.3,74.94714285714285,Waiting,195.57
4518,2022-08-18 15:15:00,17956.5,71.28,74.5592857142857,Waiting,195.95
4519,2022-08-19 09:15:00,17962.8,61.55,73.1892857142857,Waiting,195.8
4520,2022-08-19 10:15:00,17879.4,40.98,70.28785714285715,Waiting,195.79
4521,2022-08-19 11:15:00,17806.4,32.85,66.82571428571428,Waiting,194.13
4522,2022-08-19 12:15:00,17810.55,32.93,63.41,Waiting,193.87
4523,2022-08-19 13:15:00,17763.4,29.93,59.97357142857143,Waiting,193.88
4524,2022-08-19 14:15:00,17765.0,26.15,55.98571428571429,Buy,194.05
4525,2022-08-19 15:15:00,17758.45,25.83,52.012142857142855,Hold,193.61
4526,2022-08-22 09:15:00,17580.25,17.77,48.11,Hold,191.98
4527,2022-08-22 10:15:00,17562.15,18.38,44.97928571428571,Hold,191.64
4528,2022-08-22 11:15:00,17573.85,21.42,42.07428571428572,Hold,191.75
4529,2022-08-22 12:15:00,17546.25,15.56,38.18571428571428,Hold,191.8
4530,2022-08-22 13:15:00,17541.15,13.02,34.13928571428571,Hold,191.45
4531,2022-08-22 14:15:00,17495.3,4.66,29.45071428571428,Hold,191.1
4532,2022-08-22 15:15:00,17490.7,4.63,24.69,Hold,190.99
4533,2022-08-23 09:15:00,17517.0,8.2,20.879285714285714,Hold,191.48
4534,2022-08-23 10:15:00,17431.5,8.17,18.535714285714285,Hold,190.69
4535,2022-08-23 11:15:00,17464.2,15.44,17.292142857142856,Hold,190.91
4536,2022-08-23 12:15:00,17547.25,27.06,16.872857142857143,Hold,191.07
4537,2022-08-23 13:15:00,17573.35,32.81,17.07857142857143,Hold,192.0
4538,2022-08-23 14:15:00,17571.1,32.49,17.53142857142857,Hold,192.08
4539,2022-08-23 15:15:00,17577.5,33.65,18.09,Hold,192.7
4540,2022-08-24 09:15:00,17564.4,47.96,20.24642857142857,Hold,191.4
4541,2022-08-24 10:15:00,17614.35,56.21,22.94857142857143,Hold,192.09
4542,2022-08-24 11:15:00,17566.35,49.18,24.93142857142857,Hold,192.47
4543,2022-08-24 12:15:00,17543.65,49.71,27.37071428571429,Hold,192.12
4544,2022-08-24 13:15:00,17560.25,52.06,30.15928571428572,Hold,192.09
4545,2022-08-24 14:15:00,17618.1,62.92,34.32071428571429,Hold,192.31
4546,2022-08-24 15:15:00,17604.95,61.81,38.405,Hold,192.65
4547,2022-08-25 09:15:00,17694.35,66.22,42.54928571428571,Hold,193.55
4548,2022-08-25 10:15:00,17676.85,75.62,47.36714285714286,Sell,193.15
4549,2022-08-25 11:15:00,17696.3,74.93,51.61642857142858,Waiting,193.0
4550,2022-08-25 12:15:00,17712.95,70.76,54.737857142857145,Waiting,193.37
4551,2022-08-25 13:15:00,17692.6,65.16,57.04857142857144,Waiting,193.57
4552,2022-08-25 14:15:00,17498.9,43.83,57.85857142857144,Waiting,193.06
4553,2022-08-25 15:15:00,17522.45,45.43,58.7,Waiting,191.78
4554,2022-08-26 09:15:00,17634.6,55.01,59.20357142857143,Waiting,192.9
4555,2022-08-26 10:15:00,17586.8,48.03,58.61928571428571,Waiting,192.58
4556,2022-08-26 11:15:00,17624.25,54.21,58.97857142857144,Waiting,192.54
4557,2022-08-26 12:15:00,17586.8,53.07,59.21857142857143,Waiting,192.74
4558,2022-08-26 13:15:00,17596.05,52.57,59.255,Waiting,192.3
4559,2022-08-26 14:15:00,17555.15,45.36,58.00071428571429,Waiting,192.15
4560,2022-08-26 15:15:00,17558.9,46.56,56.91142857142858,Waiting,191.97
4561,2022-08-29 09:15:00,17313.95,26.94,54.105714285714285,Waiting,189.0
4562,2022-08-29 10:15:00,17285.1,26.58,50.60285714285715,Buy,189.25
4563,2022-08-29 11:15:00,17327.45,28.53,47.28857142857142,Hold,189.5
4564,2022-08-29 12:15:00,17326.8,27.1,44.17,Hold,189.7
4565,2022-08-29 13:15:00,17358.0,30.41,41.68785714285714,Hold,189.71
4566,2022-08-29 14:15:00,17293.8,35.85,41.11785714285714,Hold,189.65
4567,2022-08-29 15:15:00,17312.9,35.45,40.40500000000001,Hold,189.44
4568,2022-08-30 09:15:00,17480.85,40.09,39.33928571428572,Hold,190.81
4569,2022-08-30 10:15:00,17542.7,47.21,39.28071428571428,Hold,191.43
4570,2022-08-30 11:15:00,17582.0,47.33,38.78928571428572,Hold,191.95
4571,2022-08-30 12:15:00,17635.45,53.01,38.785,Hold,192.39
4572,2022-08-30 13:15:00,17662.6,54.03,38.88928571428572,Hold,193.13
4573,2022-08-30 14:15:00,17762.8,61.73,40.05857142857143,Hold,193.33
4574,2022-08-30 15:15:00,17759.3,61.33,41.11357142857143,Hold,193.92
4575,2022-09-01 09:15:00,17660.75,73.49,44.43857142857143,Sell,192.65
4576,2022-09-01 10:15:00,17647.35,75.06,47.901428571428575,Waiting,192.99
4577,2022-09-01 11:15:00,17618.4,70.51,50.9,Waiting,192.76
4578,2022-09-01 12:15:00,17551.75,64.5,53.57142857142857,Waiting,192.3
4579,2022-09-01 13:15:00,17518.5,60.32,55.70785714285714,Waiting,191.74
4580,2022-09-01 14:15:00,17555.0,67.42,57.962857142857146,Waiting,191.95
4581,2022-09-01 15:15:00,17542.8,65.47,60.10714285714285,Waiting,192.15
4582,2022-09-02 09:15:00,17496.55,51.26,60.90500000000001,Waiting,191.7
4583,2022-09-02 10:15:00,17532.85,49.17,61.045,Waiting,191.69
4584,2022-09-02 11:15:00,17555.25,47.69,61.07071428571428,Waiting,191.7
4585,2022-09-02 12:15:00,17585.55,45.51,60.535,Waiting,191.85
4586,2022-09-02 13:15:00,17612.95,45.53,59.92785714285714,Waiting,191.99
4587,2022-09-02 14:15:00,17550.75,29.53,57.62785714285714,Waiting,191.94
4588,2022-09-02 15:15:00,17539.45,29.09,55.325,Buy,191.65
4589,2022-09-05 09:15:00,17648.15,48.82,53.56285714285714,Hold,192.73
4590,2022-09-05 10:15:00,17632.35,48.61,51.67357142857143,Hold,192.8
4591,2022-09-05 11:15:00,17660.0,53.87,50.485,Hold,192.72
4592,2022-09-05 12:15:00,17650.45,60.29,50.18428571428571,Hold,193.0
4593,2022-09-05 13:15:00,17669.4,66.21,50.605,Hold,192.6
4594,2022-09-05 14:15:00,17671.95,63.55,50.32857142857142,Hold,192.9
4595,2022-09-05 15:15:00,17665.8,64.45,50.25571428571429,Hold,192.94
4596,2022-09-06 09:15:00,17641.15,67.9,51.444285714285705,Hold,192.93
4597,2022-09-06 10:15:00,17667.45,67.09,52.72428571428571,Hold,192.12
4598,2022-09-06 11:15:00,17682.6,66.47,54.06571428571429,Hold,192.78
4599,2022-09-06 12:15:00,17694.0,64.75,55.440000000000005,Hold,193.15
4600,2022-09-06 13:15:00,17697.0,62.24,56.63357142857143,Hold,192.94
4601,2022-09-06 14:15:00,17653.05,65.73,59.21928571428571,Hold,192.47
4602,2022-09-06 15:15:00,17655.6,68.36,62.02428571428571,Hold,192.59
4603,2022-09-07 09:15:00,17579.0,37.84,61.24,Hold,191.66
4604,2022-09-07 10:15:00,17538.55,34.82,60.255,Hold,191.67
4605,2022-09-07 11:15:00,17614.6,43.65,59.525,Hold,191.66
4606,2022-09-07 12:15:00,17617.85,45.36,58.45857142857143,Hold,192.15
4607,2022-09-07 13:15:00,17628.95,44.11,56.88,Hold,192.4
4608,2022-09-07 14:15:00,17617.1,42.22,55.35642857142857,Hold,192.03
4609,2022-09-07 15:15:00,17624.4,44.15,53.90642857142858,Hold,192.48
4610,2022-09-08 09:15:00,17770.0,63.58,53.59785714285714,Hold,193.66
4611,2022-09-08 10:15:00,17746.15,58.34,52.97285714285714,Hold,193.37
4612,2022-09-08 11:15:00,17751.4,57.44,52.327857142857134,Hold,193.42
4613,2022-09-08 12:15:00,17723.2,53.05,51.49214285714286,Hold,193.5
4614,2022-09-08 13:15:00,17746.75,54.98,50.97357142857143,Hold,193.44
4615,2022-09-08 14:15:00,17796.35,64.18,50.862857142857145,Hold,193.74
4616,2022-09-08 15:15:00,17798.75,64.17,50.56357142857144,Hold,193.94
4617,2022-09-09 09:15:00,17894.3,80.09,53.58142857142857,Sell,194.91
4618,2022-09-09 10:15:00,17883.45,84.88,57.15714285714285,Waiting,195.15
4619,2022-09-09 11:15:00,17824.9,72.05,59.18571428571429,Waiting,194.98
4620,2022-09-09 12:15:00,17829.45,72.12,61.097142857142856,Waiting,194.95
4621,2022-09-09 13:15:00,17846.85,72.49,63.12428571428571,Waiting,194.41
4622,2022-09-09 14:15:00,17838.85,73.07,65.32785714285714,Waiting,194.8
4623,2022-09-09 15:15:00,17833.35,71.82,67.30428571428571,Waiting,194.66
4624,2022-09-12 09:15:00,17967.1,71.1,67.84142857142857,Waiting,195.45
4625,2022-09-12 10:15:00,17946.9,71.66,68.79285714285713,Waiting,195.7
4626,2022-09-12 11:15:00,17968.35,72.62,69.87714285714286,Waiting,195.76
4627,2022-09-12 12:15:00,17952.55,74.55,71.41285714285713,Waiting,195.92
4628,2022-09-12 13:15:00,17977.5,74.62,72.81571428571428,Waiting,195.65
4629,2022-09-12 14:15:00,17933.25,64.78,72.85857142857142,Waiting,195.78
4630,2022-09-12 15:15:00,17936.35,64.83,72.90571428571428,Waiting,195.59
4631,2022-09-13 09:15:00,18058.8,66.76,71.95357142857144,Waiting,196.72
4632,2022-09-13 10:15:00,18051.75,67.28,70.69642857142857,Waiting,196.67
4633,2022-09-13 11:15:00,18070.95,77.48,71.08428571428571,Waiting,196.9
4634,2022-09-13 12:15:00,18067.35,76.63,71.40642857142856,Waiting,196.99
4635,2022-09-13 13:15:00,18081.95,76.48,71.69142857142857,Waiting,196.93
4636,2022-09-13 14:15:00,18070.0,75.81,71.88714285714285,Waiting,196.96
4637,2022-09-13 15:15:00,18070.05,76.75,72.23928571428571,Waiting,197.05
4638,2022-09-14 09:15:00,17913.5,44.24,70.32071428571429,Waiting,195.45
4639,2022-09-14 10:15:00,17949.05,50.22,68.78928571428571,Waiting,195.36
4640,2022-09-14 11:15:00,18002.55,53.34,67.41214285714287,Waiting,195.81
4641,2022-09-14 12:15:00,18055.9,59.39,66.32928571428572,Waiting,196.56
4642,2022-09-14 13:15:00,18072.85,58.79,65.19857142857143,Waiting,196.66
4643,2022-09-14 14:15:00,17980.45,54.0,64.42857142857143,Waiting,197.0
4644,2022-09-14 15:15:00,18003.75,55.52,63.763571428571424,Waiting,196.27
4645,2022-09-15 09:15:00,17971.55,41.61,61.96714285714285,Waiting,196.54
4646,2022-09-15 10:15:00,17887.5,36.25,59.75071428571429,Waiting,195.4
4647,2022-09-15 11:15:00,17895.4,35.02,56.71785714285714,Waiting,195.7
4648,2022-09-15 12:15:00,17923.25,38.19,53.972142857142856,Waiting,195.58
4649,2022-09-15 13:15:00,17910.65,35.92,51.075,Waiting,195.31
4650,2022-09-15 14:15:00,17877.6,34.71,48.13928571428572,Waiting,196.39
4651,2022-09-15 15:15:00,17877.4,34.7,45.13571428571429,Waiting,195.91
4652,2022-09-16 09:15:00,17666.35,31.93,44.25642857142857,Waiting,194.25
4653,2022-09-16 10:15:00,17699.85,31.73,42.93571428571429,Waiting,193.55
4654,2022-09-16 11:15:00,17657.8,24.29,40.86071428571428,Waiting,193.5
4655,2022-09-16 12:15:00,17600.4,16.23,37.77785714285714,Buy,193.39
4656,2022-09-16 13:15:00,17531.2,12.73,34.487857142857145,Hold,192.37
4657,2022-09-16 14:15:00,17542.35,16.07,31.778571428571432,Hold,192.6
4658,2022-09-16 15:15:00,17530.85,12.69,28.719285714285714,Hold,191.9
4659,2022-09-19 09:15:00,17625.4,25.13,27.542142857142856,Hold,191.89
4660,2022-09-19 10:15:00,17650.4,31.39,27.195,Hold,192.98
4661,2022-09-19 11:15:00,17633.45,29.73,26.81714285714286,Hold,192.29
4662,2022-09-19 12:15:00,17617.15,25.88,25.937857142857144,Hold,192.71
4663,2022-09-19 13:15:00,17654.75,30.6,25.55785714285714,Hold,192.8
4664,2022-09-19 14:15:00,17620.8,30.56,25.26142857142857,Hold,192.84
4665,2022-09-19 15:15:00,17622.25,30.72,24.97714285714286,Hold,193.14
4666,2022-09-20 09:15:00,17855.3,63.82,27.255,Hold,194.54
4667,2022-09-20 10:15:00,17871.75,62.89,29.48071428571429,Hold,194.93
4668,2022-09-20 11:15:00,17882.8,67.7,32.58142857142857,Hold,194.98
4669,2022-09-20 12:15:00,17913.25,75.7,36.82928571428572,Sell,195.4
4670,2022-09-20 13:15:00,17883.95,81.01,41.70642857142857,Waiting,194.9
4671,2022-09-20 14:15:00,17804.55,70.58,45.6,Waiting,194.96
4672,2022-09-20 15:15:00,17816.25,72.39,49.864285714285714,Waiting,194.34
4673,2022-09-21 09:15:00,17794.15,64.94,52.70785714285714,Waiting,194.1
4674,2022-09-21 10:15:00,17805.0,64.04,55.040000000000006,Waiting,194.22
4675,2022-09-21 11:15:00,17690.5,54.4,56.80214285714286,Waiting,193.81
4676,2022-09-21 12:15:00,17712.1,57.27,59.044285714285714,Waiting,193.47
4677,2022-09-21 13:15:00,17785.6,59.49,61.10785714285714,Waiting,193.78
4678,2022-09-21 14:15:00,17716.75,56.62,62.96928571428572,Waiting,193.78
4679,2022-09-21 15:15:00,17718.35,56.63,64.82000000000001,Waiting,193.64
4680,2022-09-22 09:15:00,17665.45,32.56,62.58714285714286,Waiting,193.08
4681,2022-09-22 10:15:00,17625.95,28.34,60.11928571428571,Waiting,192.59
4682,2022-09-22 11:15:00,17558.3,23.99,56.99714285714286,Buy,192.43
4683,2022-09-22 12:15:00,17608.25,26.3,53.46857142857143,Hold,192.17
4684,2022-09-22 13:15:00,17690.0,36.06,50.25785714285714,Hold,193.29
4685,2022-09-22 14:15:00,17623.3,36.73,47.84,Hold,193.4
4686,2022-09-22 15:15:00,17629.8,36.25,45.25857142857143,Hold,193.1
4687,2022-09-23 09:15:00,17460.3,29.78,42.74714285714286,Hold,191.27
4688,2022-09-23 10:15:00,17440.3,28.15,40.18357142857143,Hold,190.91
4689,2022-09-23 11:15:00,17432.2,32.26,38.60214285714285,Hold,191.0
4690,2022-09-23 12:15:00,17391.65,28.55,36.550714285714285,Hold,190.43
4691,2022-09-23 13:15:00,17365.2,19.97,33.72785714285714,Hold,190.2
4692,2022-09-23 14:15:00,17322.5,20.75,31.165714285714284,Hold,189.81
4693,2022-09-23 15:15:00,17327.35,21.13,28.63,Hold,189.64
4694,2022-09-26 09:15:00,17046.6,15.81,27.43357142857143,Hold,186.85
4695,2022-09-26 10:15:00,16996.1,15.62,26.525,Hold,186.51
4696,2022-09-26 11:15:00,17065.1,23.12,26.462857142857143,Hold,186.25
4697,2022-09-26 12:15:00,17161.25,26.8,26.49857142857143,Hold,187.35
4698,2022-09-26 13:15:00,17070.35,18.15,25.219285714285714,Hold,187.25
4699,2022-09-26 14:15:00,17021.55,18.49,23.91642857142857,Hold,187.02
4700,2022-09-26 15:15:00,17016.3,17.83,22.60071428571428,Hold,186.46
4701,2022-09-27 09:15:00,17033.25,23.34,22.14071428571429,Hold,186.95
4702,2022-09-27 10:15:00,16946.3,21.54,21.668571428571425,Hold,186.5
4703,2022-09-27 11:15:00,17054.05,30.46,21.54,Hold,186.08
4704,2022-09-27 12:15:00,17083.35,33.88,21.920714285714286,Hold,186.09
4705,2022-09-27 13:15:00,17044.6,33.45,22.88357142857143,Hold,186.8
4706,2022-09-27 14:15:00,16999.3,33.36,23.78428571428572,Hold,185.8
4707,2022-09-27 15:15:00,17007.4,33.58,24.673571428571428,Hold,186.45
4708,2022-09-28 09:15:00,16959.55,44.13,26.696428571428573,Hold,184.86
4709,2022-09-28 10:15:00,16964.65,47.74,28.990714285714287,Hold,185.05
4710,2022-09-28 11:15:00,17022.05,46.86,30.68642857142857,Hold,185.89
4711,2022-09-28 12:15:00,16965.2,34.81,31.25857142857143,Hold,185.88
4712,2022-09-28 13:15:00,16942.85,38.95,32.74428571428572,Hold,185.5
4713,2022-09-28 14:15:00,16861.0,36.83,34.05428571428571,Hold,184.97
4714,2022-09-28 15:15:00,16858.6,37.01,35.42428571428572,Hold,184.47
4715,2022-09-29 09:15:00,16989.55,46.97,37.11214285714285,Hold,185.98
4716,2022-09-29 10:15:00,16929.1,48.76,39.056428571428576,Hold,185.41
4717,2022-09-29 11:15:00,16894.55,37.16,39.535,Hold,185.17
4718,2022-09-29 12:15:00,16816.25,30.07,39.262857142857136,Hold,184.72
4719,2022-09-29 13:15:00,16834.2,33.8,39.28785714285714,Hold,
4720,2022-09-29 14:15:00,16830.05,36.09,39.48285714285714,Hold,
4721,2022-09-29 15:15:00,16818.1,34.54,39.55142857142857,Hold,
4722,2022-09-30 09:15:00,16851.9,41.0,39.32785714285715,Hold,
4723,2022-09-30 10:15:00,16941.4,48.3,39.36785714285714,Hold,
4724,2022-09-30 11:15:00,16994.15,47.94,39.445,Hold,
4725,2022-09-30 12:15:00,17071.95,57.64,41.07571428571429,Hold,186.84
4726,2022-09-30 13:15:00,17162.65,64.33,42.88857142857143,Hold,187.0
4727,2022-09-30 14:15:00,17066.05,63.11,44.76571428571428,Hold,187.18
4728,2022-09-30 15:15:00,17094.35,64.59,46.73571428571428,Hold,187.19
4729,2022-10-03 09:15:00,16979.35,49.36,46.90642857142857,Hold,185.38
4730,2022-10-03 10:15:00,16979.8,53.46,47.24214285714286,Hold,185.27
4731,2022-10-03 11:15:00,17015.7,58.26,48.74928571428571,Hold,185.79
4732,2022-10-03 12:15:00,17020.65,65.49,51.27928571428572,Hold,185.12
4733,2022-10-03 13:15:00,16937.3,57.11,52.94428571428572,Hold,185.21
4734,2022-10-03 14:15:00,16891.25,53.99,54.22285714285714,Hold,184.36
4735,2022-10-03 15:15:00,16887.35,54.56,55.65285714285714,Hold,184.35
4736,2022-10-04 09:15:00,17223.25,67.5,57.54571428571428,Hold,187.3
4737,2022-10-04 10:15:00,17218.95,64.22,58.682857142857145,Hold,188.05
4738,2022-10-04 11:15:00,17237.15,62.91,59.75214285714286,Hold,187.7
4739,2022-10-04 12:15:00,17245.9,59.97,59.91857142857143,Hold,188.05
4740,2022-10-04 13:15:00,17258.9,56.06,59.327857142857134,Hold,188.09
4741,2022-10-04 14:15:00,17273.75,64.57,59.432142857142864,Hold,187.96
4742,2022-10-04 15:15:00,17274.3,63.13,59.32785714285715,Hold,188.41
4743,2022-10-06 09:15:00,17401.25,80.26,61.535,Sell,189.18
4744,2022-10-06 10:15:00,17399.65,80.06,63.435,Waiting,189.55
4745,2022-10-06 11:15:00,17384.25,77.19,64.78714285714285,Waiting,189.2
4746,2022-10-06 12:15:00,17397.1,77.45,65.64142857142858,Waiting,189.45
4747,2022-10-06 13:15:00,17356.35,82.58,67.46071428571429,Waiting,189.64
4748,2022-10-06 14:15:00,17331.1,85.34,69.7,Waiting,189.0
4749,2022-10-06 15:15:00,17331.8,85.9,71.93857142857142,Waiting,188.88
4750,2022-10-07 09:15:00,17292.1,60.66,71.45,Waiting,188.22
4751,2022-10-07 10:15:00,17267.3,57.04,70.93714285714286,Waiting,188.55
4752,2022-10-07 11:15:00,17230.35,49.06,69.94785714285715,Waiting,188.55
4753,2022-10-07 12:15:00,17265.15,52.48,69.41285714285713,Waiting,188.56
4754,2022-10-07 13:15:00,17284.55,53.25,69.21214285714287,Waiting,188.55
4755,2022-10-07 14:15:00,17307.1,54.15,68.46785714285714,Waiting,189.0
4756,2022-10-07 15:15:00,17314.65,54.93,67.88214285714285,Waiting,189.39
4757,2022-10-10 09:15:00,17085.9,19.15,63.51714285714286,Waiting,187.14
4758,2022-10-10 10:15:00,17125.75,25.07,59.58928571428572,Buy,187.05
4759,2022-10-10 11:15:00,17213.25,36.24,56.66428571428571,Hold,187.61
4760,2022-10-10 12:15:00,17235.45,37.19,53.78857142857142,Hold,188.45
4761,2022-10-10 13:15:00,17159.35,35.21,50.40500000000001,Hold,188.04
4762,2022-10-10 14:15:00,17253.2,44.7,47.50214285714286,Hold,188.01
4763,2022-10-10 15:15:00,17241.0,43.92,44.50357142857143,Hold,188.6
4764,2022-10-11 09:15:00,17175.25,42.43,43.20142857142857,Hold,187.91
4765,2022-10-11 10:15:00,17150.65,42.45,42.15928571428572,Hold,187.61
4766,2022-10-11 11:15:00,17201.35,48.15,42.09428571428572,Hold,187.91
4767,2022-10-11 12:15:00,17124.65,41.51,41.31071428571429,Hold,187.28
4768,2022-10-11 13:15:00,17135.35,40.89,40.42785714285714,Hold,187.42
4769,2022-10-11 14:15:00,16980.45,32.83,38.905,Hold,186.95
4770,2022-10-11 15:15:00,16983.55,32.52,37.30428571428571,Hold,185.87
4771,2022-10-12 09:15:00,17007.6,44.73,39.13142857142857,Hold,186.6
4772,2022-10-12 10:15:00,16995.55,40.89,40.26142857142857,Hold,186.08
4773,2022-10-12 11:15:00,17099.65,42.23,40.68928571428573,Hold,186.43
4774,2022-10-12 12:15:00,17048.05,37.68,40.72428571428571,Hold,186.5
4775,2022-10-12 13:15:00,17091.6,45.35,41.44857142857143,Hold,186.5
4776,2022-10-12 14:15:00,17124.85,40.38,41.14,Hold,187.1
4777,2022-10-12 15:15:00,17123.6,41.06,40.93571428571428,Hold,187.28
4778,2022-10-13 09:15:00,17029.05,39.33,40.71428571428572,Hold,186.59
4779,2022-10-13 10:15:00,17014.25,39.9,40.53214285714285,Hold,186.38
4780,2022-10-13 11:15:00,16995.05,33.98,39.52,Hold,185.86
4781,2022-10-13 12:15:00,17021.6,41.32,39.50642857142857,Hold,186.11
4782,2022-10-13 13:15:00,17022.85,40.37,39.46928571428572,Hold,186.0
4783,2022-10-13 14:15:00,17017.85,54.31,41.00357142857143,Hold,186.78
4784,2022-10-13 15:15:00,17014.35,53.54,42.505,Hold,186.35
4785,2022-10-14 09:15:00,17298.7,70.94,44.37714285714286,Sell,188.82
4786,2022-10-14 10:15:00,17296.25,71.94,46.59499999999999,Waiting,188.68
4787,2022-10-14 11:15:00,17344.4,69.44,48.53857142857142,Waiting,189.1
4788,2022-10-14 12:15:00,17289.45,69.07,50.78071428571428,Waiting,189.2
4789,2022-10-14 13:15:00,17256.3,63.23,52.05785714285714,Waiting,189.1
4790,2022-10-14 14:15:00,17180.5,54.18,53.04357142857143,Waiting,188.25
4791,2022-10-14 15:15:00,17185.7,54.64,54.01357142857143,Waiting,188.23
4792,2022-10-17 09:15:00,17219.25,65.64,55.892857142857146,Waiting,187.49
4793,2022-10-17 10:15:00,17263.7,69.56,58.01142857142857,Waiting,188.78
4794,2022-10-17 11:15:00,17271.95,72.1,60.73428571428571,Waiting,188.54
4795,2022-10-17 12:15:00,17298.1,72.08,62.93142857142857,Waiting,188.57
4796,2022-10-17 13:15:00,17292.2,71.35,65.14428571428572,Waiting,188.71
4797,2022-10-17 14:15:00,17298.05,72.18,66.42071428571428,Waiting,188.67
4798,2022-10-17 15:15:00,17311.8,73.17,67.82285714285715,Waiting,188.94
4799,2022-10-18 09:15:00,17503.6,68.65,67.65928571428572,Waiting,190.64
4800,2022-10-18 10:15:00,17483.1,66.46,67.26785714285714,Waiting,190.7
4801,2022-10-18 11:15:00,17508.2,65.04,66.95357142857144,Waiting,190.65
4802,2022-10-18 12:15:00,17490.2,69.78,67.00428571428571,Waiting,190.7
4803,2022-10-18 13:15:00,17471.2,71.78,67.615,Waiting,190.61
4804,2022-10-18 14:15:00,17483.65,85.25,69.83428571428571,Waiting,190.36
4805,2022-10-18 15:15:00,17486.95,85.19,72.01642857142858,Waiting,190.71
4806,2022-10-19 09:15:00,17571.8,86.77,73.52571428571427,Waiting,191.5
4807,2022-10-19 10:15:00,17579.35,85.67,74.67642857142857,Waiting,191.84
4808,2022-10-19 11:15:00,17547.45,79.55,75.20857142857143,Waiting,191.51
4809,2022-10-19 12:15:00,17517.5,73.35,75.29928571428572,Waiting,191.08
4810,2022-10-19 13:15:00,17546.45,75.79,75.61642857142859,Waiting,191.14
4811,2022-10-19 14:15:00,17509.35,70.15,75.47142857142856,Waiting,191.05
4812,2022-10-19 15:15:00,17512.25,69.52,75.21071428571429,Waiting,191.0
4813,2022-10-20 09:15:00,17473.1,45.77,73.57642857142856,Waiting,190.06
4814,2022-10-20 10:15:00,17480.3,49.6,72.37214285714286,Waiting,190.7
4815,2022-10-20 11:15:00,17476.1,45.08,70.94642857142857,Waiting,190.61
4816,2022-10-20 12:15:00,17506.2,52.36,69.70214285714285,Waiting,190.79
4817,2022-10-20 13:15:00,17506.15,55.47,68.53714285714285,Waiting,190.61
4818,2022-10-20 14:15:00,17567.2,61.34,66.82928571428572,Waiting,191.05
4819,2022-10-20 15:15:00,17563.95,60.46,65.06285714285714,Waiting,191.5
4820,2022-10-21 09:15:00,17649.8,60.56,63.190714285714286,Waiting,192.24
4821,2022-10-21 10:15:00,17634.45,57.31,61.165000000000006,Waiting,192.25
4822,2022-10-21 11:15:00,17654.7,64.68,60.10285714285714,Waiting,192.55
4823,2022-10-21 12:15:00,17651.75,69.84,59.85214285714286,Waiting,192.23
4824,2022-10-21 13:15:00,17572.15,53.3,58.24571428571428,Waiting,191.78
4825,2022-10-21 14:15:00,17571.0,58.73,57.43,Waiting,191.11
4826,2022-10-21 15:15:00,17576.3,59.01,56.67928571428571,Waiting,191.6
4827,2022-10-24 17:15:00,17736.35,77.63,58.955,Waiting,
4828,2022-10-24 18:15:00,17738.95,77.41,60.941428571428574,Waiting,193.3
4829,2022-10-24 19:15:00,17730.75,76.76,63.20428571428572,Waiting,193.17
4830,2022-10-25 09:15:00,17757.2,76.58,64.9342857142857,Waiting,193.36
4831,2022-10-25 10:15:00,17683.1,66.2,65.70071428571428,Waiting,193.0
4832,2022-10-25 11:15:00,17692.05,62.64,65.79357142857143,Waiting,192.7
4833,2022-10-25 12:15:00,17661.1,59.31,65.71142857142857,Waiting,192.66
4834,2022-10-25 13:15:00,17708.0,56.03,65.38785714285714,Waiting,192.95
4835,2022-10-25 14:15:00,17651.7,51.65,64.98357142857142,Waiting,193.05
4836,2022-10-25 15:15:00,17656.35,50.16,63.94642857142857,Waiting,192.48
4837,2022-10-27 09:15:00,17731.4,56.86,63.01928571428572,Waiting,193.83
4838,2022-10-27 10:15:00,17735.75,66.2,63.94071428571429,Waiting,193.28
4839,2022-10-27 11:15:00,17710.65,63.2,64.26,Waiting,193.29
4840,2022-10-27 12:15:00,17687.6,60.18,64.34357142857144,Waiting,193.18
4841,2022-10-27 13:15:00,17703.05,45.86,62.07428571428572,Waiting,193.12
4842,2022-10-27 14:15:00,17734.95,49.54,60.08357142857143,Waiting,192.7
4843,2022-10-27 15:15:00,17736.95,50.73,58.22428571428571,Waiting,193.52
4844,2022-10-28 09:15:00,17833.2,57.68,56.87428571428571,Waiting,194.22
4845,2022-10-28 10:15:00,17785.45,60.92,56.49714285714286,Waiting,194.17
4846,2022-10-28 11:15:00,17773.05,58.58,56.207142857142856,Waiting,193.91
4847,2022-10-28 12:15:00,17752.65,59.92,56.25071428571429,Waiting,193.75
4848,2022-10-28 13:15:00,17733.5,52.94,56.03,Waiting,193.78
4849,2022-10-28 14:15:00,17791.25,66.03,57.05714285714286,Waiting,193.7
4850,2022-10-28 15:15:00,17786.8,64.99,58.11642857142857,Waiting,194.0
4851,2022-10-31 09:15:00,17958.2,71.34,59.15071428571429,Waiting,195.76
4852,2022-10-31 10:15:00,17966.35,71.54,59.53214285714285,Waiting,195.65
4853,2022-10-31 11:15:00,17981.9,75.8,60.432142857142864,Waiting,195.93
4854,2022-10-31 12:15:00,17971.0,77.59,61.675714285714285,Waiting,196.05
4855,2022-10-31 13:15:00,17956.8,74.77,63.74071428571428,Waiting,195.91
4856,2022-10-31 14:15:00,18017.95,76.13,65.64,Waiting,195.96
4857,2022-10-31 15:15:00,18012.2,75.24,67.39071428571428,Waiting,196.45
4858,2022-11-01 09:15:00,18160.95,77.42,68.80071428571429,Waiting,197.64
4859,2022-11-01 10:15:00,18154.75,83.2,70.39214285714286,Waiting,198.1
4860,2022-11-01 11:15:00,18124.5,80.61,71.96571428571428,Waiting,197.85
4861,2022-11-01 12:15:00,18068.5,75.9,73.10714285714286,Waiting,197.71
4862,2022-11-01 13:15:00,18108.1,79.73,75.02071428571428,Waiting,197.6
4863,2022-11-01 14:15:00,18148.3,79.14,75.95714285714287,Waiting,197.6
4864,2022-11-01 15:15:00,18145.4,79.35,76.98285714285714,Waiting,198.04
4865,2022-11-02 09:15:00,18119.45,67.32,76.69571428571429,Waiting,197.92
4866,2022-11-02 10:15:00,18116.65,66.33,76.32357142857143,Waiting,197.73
4867,2022-11-02 11:15:00,18088.7,61.3,75.28785714285713,Waiting,197.5
4868,2022-11-02 12:15:00,18079.2,61.48,74.13714285714286,Waiting,197.27
4869,2022-11-02 13:15:00,18051.25,59.74,73.06357142857142,Waiting,197.18
4870,2022-11-02 14:15:00,18082.65,57.11,71.705,Waiting,197.35
4871,2022-11-02 15:15:00,18082.85,57.86,70.46357142857143,Waiting,197.45
4872,2022-11-03 09:15:00,18081.3,36.83,67.56428571428572,Waiting,197.05
4873,2022-11-03 10:15:00,18085.35,38.44,64.36714285714287,Waiting,197.67
4874,2022-11-03 11:15:00,18040.95,36.71,61.23142857142857,Waiting,197.26
4875,2022-11-03 12:15:00,18030.3,42.9,58.874285714285705,Waiting,197.08
4876,2022-11-03 13:15:00,18027.2,32.61,55.50857142857143,Waiting,197.3
4877,2022-11-03 14:15:00,18050.4,27.3,51.80571428571428,Waiting,197.1
4878,2022-11-03 15:15:00,18052.7,28.44,48.169285714285714,Buy,197.45
4879,2022-11-04 09:15:00,18034.0,29.43,45.462857142857146,Hold,197.28
4880,2022-11-04 10:15:00,18038.1,31.21,42.95428571428572,Hold,196.82
4881,2022-11-04 11:15:00,18046.3,38.8,41.347142857142856,Hold,197.15
4882,2022-11-04 12:15:00,18053.0,42.98,40.02571428571428,Hold,197.28
4883,2022-11-04 13:15:00,18056.6,51.65,39.44785714285714,Hold,197.37
4884,2022-11-04 14:15:00,18124.1,60.45,39.68642857142857,Hold,197.48
4885,2022-11-04 15:15:00,18117.15,58.37,39.72285714285714,Hold,198.0
4886,2022-11-07 09:15:00,18142.7,63.41,41.62142857142857,Hold,198.43
4887,2022-11-07 10:15:00,18144.25,63.0,43.37571428571429,Hold,198.17
4888,2022-11-07 11:15:00,18143.45,78.02,46.326428571428565,Sell,198.14
4889,2022-11-07 12:15:00,18110.05,69.39,48.21857142857142,Waiting,197.98
4890,2022-11-07 13:15:00,18126.55,72.68,51.080714285714286,Waiting,197.78
4891,2022-11-07 14:15:00,18202.25,77.96,54.69928571428572,Waiting,198.49
4892,2022-11-07 15:15:00,18202.8,77.82,58.22642857142857,Waiting,198.67
4893,2022-11-09 09:15:00,18222.95,84.83,62.18357142857143,Waiting,199.02
4894,2022-11-09 10:15:00,18189.4,75.16,65.32285714285715,Waiting,198.93
4895,2022-11-09 11:15:00,18174.65,70.89,67.615,Waiting,198.7
4896,2022-11-09 12:15:00,18184.0,71.14,69.62642857142858,Waiting,199.0
4897,2022-11-09 13:15:00,18206.7,72.81,71.13785714285714,Waiting,198.96
4898,2022-11-09 14:15:00,18172.45,58.17,70.975,Waiting,198.5
4899,2022-11-09 15:15:00,18157.0,56.55,70.845,Waiting,198.3
4900,2022-11-10 09:15:00,18025.15,35.68,68.86428571428571,Waiting,197.1
4901,2022-11-10 10:15:00,18035.25,37.0,67.00714285714285,Waiting,197.0
4902,2022-11-10 11:15:00,18013.45,35.23,63.95071428571429,Waiting,197.01
4903,2022-11-10 12:15:00,17994.55,36.43,61.596428571428575,Waiting,196.62
4904,2022-11-10 13:15:00,18001.95,35.04,58.90785714285714,Waiting,196.74
4905,2022-11-10 14:15:00,18027.4,26.13,55.205714285714286,Waiting,196.47
4906,2022-11-10 15:15:00,18028.2,26.18,51.51714285714286,Buy,196.95
4907,2022-11-11 09:15:00,18310.55,56.97,49.52714285714286,Hold,199.65
4908,2022-11-11 10:15:00,18310.0,60.12,48.452857142857134,Hold,199.52
4909,2022-11-11 11:15:00,18320.45,62.33,47.84142857142857,Hold,199.84
4910,2022-11-11 12:15:00,18324.9,62.01,47.18928571428571,Hold,200.02
4911,2022-11-11 13:15:00,18347.7,62.02,46.41857142857142,Hold,199.85
4912,2022-11-11 14:15:00,18349.4,65.97,46.97571428571428,Hold,200.15
4913,2022-11-11 15:15:00,18349.7,67.88,47.785,Hold,200.35
4914,2022-11-14 09:15:00,18351.2,89.9,51.65785714285714,Sell,200.64
4915,2022-11-14 10:15:00,18345.85,88.46,55.33357142857143,Waiting,200.29
4916,2022-11-14 11:15:00,18336.65,91.31,59.33928571428572,Waiting,200.3
4917,2022-11-14 12:15:00,18332.7,94.94,63.51857142857143,Waiting,200.29
4918,2022-11-14 13:15:00,18373.1,95.35,67.82642857142858,Waiting,200.49
4919,2022-11-14 14:15:00,18330.45,85.53,72.06928571428571,Waiting,200.49
4920,2022-11-14 15:15:00,18329.15,85.24,76.28785714285713,Waiting,200.25
4921,2022-11-15 09:15:00,18307.5,49.08,75.7242857142857,Waiting,200.22
4922,2022-11-15 10:15:00,18285.0,43.36,74.52714285714286,Waiting,200.0
4923,2022-11-15 11:15:00,18294.05,42.93,73.14142857142858,Waiting,200.01
4924,2022-11-15 12:15:00,18330.45,51.27,72.37428571428572,Waiting,200.28
4925,2022-11-15 13:15:00,18320.4,43.37,71.04214285714286,Waiting,200.49
4926,2022-11-15 14:15:00,18406.6,59.85,70.605,Waiting,200.28
4927,2022-11-15 15:15:00,18403.4,59.15,69.98142857142857,Waiting,201.16
4928,2022-11-16 09:15:00,18397.95,57.86,67.69285714285715,Waiting,200.49
4929,2022-11-16 10:15:00,18421.45,61.98,65.80142857142857,Waiting,200.99
4930,2022-11-16 11:15:00,18403.6,60.33,63.58857142857143,Waiting,201.14
4931,2022-11-16 12:15:00,18409.95,61.83,61.22357142857143,Waiting,200.98
4932,2022-11-16 13:15:00,18385.85,52.05,58.13071428571429,Waiting,201.12
4933,2022-11-16 14:15:00,18412.05,63.89,56.585,Waiting,200.4
4934,2022-11-16 15:15:00,18409.65,63.65,55.04285714285714,Waiting,200.89
4935,2022-11-17 09:15:00,18382.1,62.4,55.99428571428572,Waiting,200.63
4936,2022-11-17 10:15:00,18360.3,62.55,57.365,Waiting,200.66
4937,2022-11-17 11:15:00,18363.25,61.77,58.71071428571428,Waiting,200.52
4938,2022-11-17 12:15:00,18391.35,60.66,59.381428571428565,Waiting,200.79
4939,2022-11-17 13:15:00,18404.85,64.6,60.89785714285714,Waiting,200.9
4940,2022-11-17 14:15:00,18323.15,35.34,59.14714285714285,Waiting,200.8
4941,2022-11-17 15:15:00,18343.9,40.16,57.79071428571428,Waiting,200.1
4942,2022-11-18 09:15:00,18286.95,34.31,56.10857142857143,Waiting,200.05
4943,2022-11-18 10:15:00,18226.65,25.06,53.47142857142857,Waiting,199.53
4944,2022-11-18 11:15:00,18245.3,29.77,51.28857142857142,Buy,199.52
4945,2022-11-18 12:15:00,18254.75,30.32,49.03785714285714,Hold,199.5
4946,2022-11-18 13:15:00,18217.45,29.34,47.41571428571429,Hold,199.29
4947,2022-11-18 14:15:00,18322.55,40.8,45.76642857142857,Hold,199.75
4948,2022-11-18 15:15:00,18307.65,39.78,44.06142857142857,Hold,199.95
4949,2022-11-21 09:15:00,18179.05,33.08,41.96714285714285,Hold,198.51
4950,2022-11-21 10:15:00,18177.7,34.25,39.94571428571429,Hold,198.58
4951,2022-11-21 11:15:00,18162.45,33.04,37.89357142857143,Hold,198.79
4952,2022-11-21 12:15:00,18150.25,29.07,35.637142857142855,Hold,198.69
4953,2022-11-21 13:15:00,18155.5,28.04,33.02571428571428,Hold,198.6
4954,2022-11-21 14:15:00,18171.3,34.87,32.99214285714286,Hold,198.62
4955,2022-11-21 15:15:00,18159.95,31.32,32.36071428571429,Hold,198.6
4956,2022-11-22 09:15:00,18207.2,41.74,32.89142857142857,Hold,198.63
4957,2022-11-22 10:15:00,18206.7,47.64,34.504285714285714,Hold,198.94
4958,2022-11-22 11:15:00,18217.15,46.61,35.707142857142856,Hold,199.01
4959,2022-11-22 12:15:00,18205.9,44.14,36.69428571428572,Hold,199.1
4960,2022-11-22 13:15:00,18208.9,48.88,38.09,Hold,199.0
4961,2022-11-22 14:15:00,18249.45,38.5,37.925714285714285,Hold,198.9
4962,2022-11-22 15:15:00,18244.2,39.7,37.92,Hold,199.39
4963,2022-11-23 09:15:00,18270.1,72.17,40.71214285714286,Sell,199.66
4964,2022-11-23 10:15:00,18269.5,72.43,43.43928571428571,Waiting,199.56
4965,2022-11-23 11:15:00,18280.2,79.43,46.752857142857145,Waiting,199.67
4966,2022-11-23 12:15:00,18273.85,81.82,50.52071428571429,Waiting,199.69
4967,2022-11-23 13:15:00,18289.55,82.75,54.42857142857143,Waiting,199.68
4968,2022-11-23 14:15:00,18271.5,74.21,57.23857142857143,Waiting,199.85
4969,2022-11-23 15:15:00,18267.25,76.85,60.49071428571428,Waiting,199.42
4970,2022-11-24 09:15:00,18351.85,80.5,63.25928571428573,Waiting,200.19
4971,2022-11-24 10:15:00,18365.0,81.69,65.69142857142857,Waiting,200.45
4972,2022-11-24 11:15:00,18384.35,82.32,68.24214285714285,Waiting,200.59
4973,2022-11-24 12:15:00,18380.75,84.82,71.14785714285713,Waiting,200.63
4974,2022-11-24 13:15:00,18401.55,85.83,73.78714285714285,Waiting,200.56
4975,2022-11-24 14:15:00,18482.75,87.69,77.30071428571429,Waiting,200.78
4976,2022-11-24 15:15:00,18484.1,89.25,80.84,Waiting,202.19
4977,2022-11-25 09:15:00,18477.05,86.09,81.83428571428571,Waiting,201.6
4978,2022-11-25 10:15:00,18461.5,81.82,82.505,Waiting,201.9
4979,2022-11-25 11:15:00,18463.05,81.25,82.63499999999999,Waiting,201.77
4980,2022-11-25 12:15:00,18484.75,84.25,82.80857142857143,Waiting,201.94
4981,2022-11-25 13:15:00,18486.95,83.53,82.86428571428571,Waiting,202.1
4982,2022-11-25 14:15:00,18524.65,90.3,84.01357142857144,Waiting,202.2
4983,2022-11-25 15:15:00,18512.75,88.16,84.82142857142857,Waiting,202.3
4984,2022-11-28 09:15:00,18539.75,85.57,85.18357142857143,Waiting,202.6
4985,2022-11-28 10:15:00,18565.2,86.22,85.50714285714285,Waiting,203.05
4986,2022-11-28 11:15:00,18593.75,86.66,85.81714285714285,Waiting,203.29
4987,2022-11-28 12:15:00,18606.85,88.31,86.06642857142856,Waiting,203.26
4988,2022-11-28 13:15:00,18582.15,80.2,85.66428571428571,Waiting,203.49
4989,2022-11-28 14:15:00,18564.7,67.42,84.21642857142857,Waiting,203.27
4990,2022-11-28 15:15:00,18562.75,66.67,82.60357142857141,Waiting,203.01
4991,2022-11-29 09:15:00,18630.5,75.87,81.87357142857142,Waiting,203.64
4992,2022-11-29 10:15:00,18657.6,81.82,81.87357142857142,Waiting,203.65
4993,2022-11-29 11:15:00,18666.95,82.27,81.94642857142857,Waiting,203.93
4994,2022-11-29 12:15:00,18660.95,79.35,81.59642857142858,Waiting,203.99
4995,2022-11-29 13:15:00,18657.0,78.16,81.21285714285715,Waiting,204.01
4996,2022-11-29 14:15:00,18614.5,64.65,79.38071428571428,Waiting,203.62
4997,2022-11-29 15:15:00,18618.05,67.64,77.91499999999999,Waiting,203.4
4998,2022-11-30 09:15:00,18643.65,67.49,76.62357142857142,Waiting,203.74
4999,2022-11-30 10:15:00,18635.35,62.53,74.93142857142857,Waiting,203.59
5000,2022-11-30 11:15:00,18644.35,59.72,73.00714285714285,Waiting,203.83
5001,2022-11-30 12:15:00,18669.7,61.53,71.09428571428572,Waiting,203.92
5002,2022-11-30 13:15:00,18666.1,66.69,70.12928571428571,Waiting,204.0
5003,2022-11-30 14:15:00,18765.2,80.1,71.035,Waiting,204.24
5004,2022-11-30 15:15:00,18758.35,78.93,71.91071428571429,Waiting,204.87
5005,2022-12-01 09:15:00,18843.0,79.94,72.20142857142856,Waiting,205.96
5006,2022-12-01 10:15:00,18840.3,77.64,71.90285714285714,Waiting,205.79
5007,2022-12-01 11:15:00,18834.55,75.63,71.42857142857143,Waiting,205.83
5008,2022-12-01 12:15:00,18844.15,77.72,71.31214285714286,Waiting,205.9
5009,2022-12-01 13:15:00,18824.45,74.18,71.02785714285714,Waiting,205.68
5010,2022-12-01 14:15:00,18808.15,80.25,72.14214285714286,Waiting,205.69
5011,2022-12-01 15:15:00,18812.5,80.3,73.04642857142856,Waiting,205.5
5012,2022-12-02 09:15:00,18703.75,57.44,72.32857142857142,Waiting,204.64
5013,2022-12-02 10:15:00,18699.35,58.0,72.005,Waiting,204.6
5014,2022-12-02 11:15:00,18646.8,50.28,71.33071428571428,Waiting,204.23
5015,2022-12-02 12:15:00,18681.4,51.29,70.59928571428571,Waiting,204.25
5016,2022-12-02 13:15:00,18687.8,52.38,69.57714285714286,Waiting,204.33
5017,2022-12-02 14:15:00,18694.4,40.25,66.73071428571428,Waiting,204.7
5018,2022-12-02 15:15:00,18696.1,41.31,64.04357142857143,Waiting,205.0
5019,2022-12-05 09:15:00,18596.8,16.97,59.54571428571428,Waiting,204.36
5020,2022-12-05 10:15:00,18638.4,25.47,55.81928571428572,Buy,204.0
5021,2022-12-05 11:15:00,18667.65,30.82,52.61857142857144,Hold,204.34
5022,2022-12-05 12:15:00,18677.85,30.92,49.27571428571429,Hold,204.58
5023,2022-12-05 13:15:00,18649.4,30.31,46.14214285714286,Hold,204.1
5024,2022-12-05 14:15:00,18716.1,40.7,43.31714285714286,Hold,204.15
5025,2022-12-05 15:15:00,18701.05,38.98,40.36571428571428,Hold,204.53
5026,2022-12-06 09:15:00,18635.75,42.64,39.30857142857143,Hold,203.64
5027,2022-12-06 10:15:00,18607.1,40.52,38.06,Hold,204.14
5028,2022-12-06 11:15:00,18604.5,45.15,37.69357142857143,Hold,203.92
5029,2022-12-06 12:15:00,18615.15,41.97,37.02785714285714,Hold,203.75
5030,2022-12-06 13:15:00,18616.75,41.29,36.23571428571429,Hold,204.05
5031,2022-12-06 14:15:00,18651.55,45.08,36.580714285714286,Hold,203.9
5032,2022-12-06 15:15:00,18642.75,43.98,36.771428571428565,Hold,204.39
5033,2022-12-07 09:15:00,18661.7,58.95,39.77,Hold,204.09
5034,2022-12-07 10:15:00,18585.15,43.3,41.04357142857142,Hold,203.9
5035,2022-12-07 11:15:00,18594.4,40.3,41.72071428571429,Hold,203.38
5036,2022-12-07 12:15:00,18597.1,39.09,42.30428571428571,Hold,203.26
5037,2022-12-07 13:15:00,18570.55,39.29,42.94571428571429,Hold,203.33
5038,2022-12-07 14:15:00,18553.6,24.48,41.78714285714285,Hold,203.34
5039,2022-12-07 15:15:00,18560.5,27.35,40.95642857142857,Hold,202.73
5040,2022-12-08 09:15:00,18601.8,44.07,41.05857142857143,Hold,202.95
5041,2022-12-08 10:15:00,18576.7,44.62,41.35142857142857,Hold,202.98
5042,2022-12-08 11:15:00,18579.7,45.62,41.385,Hold,202.94
5043,2022-12-08 12:15:00,18584.4,44.45,41.56214285714285,Hold,202.95
5044,2022-12-08 13:15:00,18588.45,44.94,41.82285714285714,Hold,203.15
5045,2022-12-08 14:15:00,18613.1,42.87,41.665000000000006,Hold,203.35
5046,2022-12-08 15:15:00,18609.35,43.68,41.64357142857143,Hold,203.8
5047,2022-12-09 09:15:00,18611.05,39.75,40.27214285714285,Hold,203.93
5048,2022-12-09 10:15:00,18554.25,43.21,40.26571428571429,Hold,203.3
5049,2022-12-09 11:15:00,18564.9,43.55,40.497857142857136,Hold,203.18
5050,2022-12-09 12:15:00,18490.4,32.25,40.00928571428572,Hold,202.43
5051,2022-12-09 13:15:00,18449.3,30.76,39.4,Hold,202.35
5052,2022-12-09 14:15:00,18509.5,43.85,40.78357142857142,Hold,202.16
5053,2022-12-09 15:15:00,18496.6,41.23,41.775,Hold,202.48
5054,2022-12-12 09:15:00,18477.95,31.88,40.90428571428571,Hold,202.19
5055,2022-12-12 10:15:00,18512.55,40.87,40.63642857142857,Hold,202.75
5056,2022-12-12 11:15:00,18487.5,37.65,40.067142857142855,Hold,202.57
5057,2022-12-12 12:15:00,18481.2,36.24,39.480714285714285,Hold,202.54
5058,2022-12-12 13:15:00,18457.8,33.43,38.65857142857143,Hold,202.22
5059,2022-12-12 14:15:00,18497.2,35.83,38.15571428571428,Hold,202.1
5060,2022-12-12 15:15:00,18497.15,36.16,37.61857142857143,Hold,202.7
5061,2022-12-13 09:15:00,18525.35,40.08,37.64214285714286,Hold,202.76
5062,2022-12-13 10:15:00,18552.85,49.83,38.115,Hold,202.75
5063,2022-12-13 11:15:00,18586.5,52.54,38.75714285714286,Hold,203.37
5064,2022-12-13 12:15:00,18599.7,65.01,41.097142857142856,Hold,203.38
5065,2022-12-13 13:15:00,18575.95,68.26,43.77571428571429,Hold,203.46
5066,2022-12-13 14:15:00,18605.85,65.22,45.30214285714286,Hold,203.48
5067,2022-12-13 15:15:00,18608.0,68.21,47.22928571428571,Hold,203.8
5068,2022-12-14 09:15:00,18663.35,77.07,50.457142857142856,Sell,204.67
5069,2022-12-14 10:15:00,18679.75,75.78,52.95071428571429,Waiting,204.34
5070,2022-12-14 11:15:00,18687.45,82.57,56.15928571428572,Waiting,204.45
5071,2022-12-14 12:15:00,18679.55,82.14,59.43785714285714,Waiting,204.46
5072,2022-12-14 13:15:00,18634.4,76.73,62.53071428571429,Waiting,204.26
5073,2022-12-14 14:15:00,18667.1,76.25,65.41785714285713,Waiting,204.22
5074,2022-12-14 15:15:00,18660.3,74.69,68.17,Waiting,204.37
5075,2022-12-15 09:15:00,18565.1,55.0,69.23571428571428,Waiting,203.45
5076,2022-12-15 10:15:00,18578.8,53.38,69.48928571428571,Waiting,203.49
5077,2022-12-15 11:15:00,18548.15,44.96,68.94785714285715,Waiting,203.37
5078,2022-12-15 12:15:00,18521.8,40.11,67.16928571428572,Waiting,202.89
5079,2022-12-15 13:15:00,18521.0,42.59,65.33571428571427,Waiting,202.65
5080,2022-12-15 14:15:00,18406.8,28.13,62.68642857142856,Waiting,201.71
5081,2022-12-15 15:15:00,18414.9,29.06,59.89,Buy,201.75
5082,2022-12-16 09:15:00,18331.5,16.07,55.53285714285714,Hold,201.3
5083,2022-12-16 10:15:00,18314.55,12.7,51.027142857142856,Hold,200.59
5084,2022-12-16 11:15:00,18328.5,13.8,46.115,Hold,200.75
5085,2022-12-16 12:15:00,18376.45,21.72,41.79928571428571,Hold,201.59
5086,2022-12-16 13:15:00,18328.35,21.6,37.86142857142857,Hold,200.95
5087,2022-12-16 14:15:00,18260.35,14.58,33.45642857142857,Hold,200.47
5088,2022-12-16 15:15:00,18269.0,16.03,29.266428571428573,Hold,200.29
5089,2022-12-19 09:15:00,18333.55,28.77,27.392857142857142,Hold,200.54
5090,2022-12-19 10:15:00,18339.45,27.74,25.56142857142857,Hold,200.86
5091,2022-12-19 11:15:00,18375.15,34.06,24.782857142857143,Hold,201.05
5092,2022-12-19 12:15:00,18333.0,33.09,24.28142857142857,Hold,201.13
5093,2022-12-19 13:15:00,18366.95,36.98,23.880714285714284,Hold,201.12
5094,2022-12-19 14:15:00,18418.7,51.12,25.52285714285714,Hold,201.46
5095,2022-12-19 15:15:00,18420.45,50.53,27.05642857142857,Hold,201.65
5096,2022-12-20 09:15:00,18232.6,42.12,28.917142857142856,Hold,199.99
5097,2022-12-20 10:15:00,18228.15,42.97,31.079285714285717,Hold,199.73
5098,2022-12-20 11:15:00,18245.45,43.28,33.184999999999995,Hold,199.57
5099,2022-12-20 12:15:00,18261.0,40.14,34.50071428571429,Hold,200.27
5100,2022-12-20 13:15:00,18298.85,47.44,36.346428571428575,Hold,200.07
5101,2022-12-20 14:15:00,18399.6,61.45,39.69428571428572,Hold,200.85
5102,2022-12-20 15:15:00,18385.3,59.47,42.79714285714287,Hold,201.42
5103,2022-12-21 09:15:00,18398.55,55.78,44.72642857142857,Hold,201.48
5104,2022-12-21 10:15:00,18361.6,51.87,46.45,Hold,201.01
5105,2022-12-21 11:15:00,18329.05,46.1,47.31,Hold,201.22
5106,2022-12-21 12:15:00,18300.25,47.16,48.315,Hold,200.35
5107,2022-12-21 13:15:00,18223.65,38.44,48.419285714285714,Hold,200.16
5108,2022-12-21 14:15:00,18206.95,31.89,47.04571428571429,Hold,200.01
5109,2022-12-21 15:15:00,18199.1,31.27,45.67,Hold,199.69
5110,2022-12-22 09:15:00,18158.95,41.69,45.63928571428571,Hold,199.25
5111,2022-12-22 10:15:00,18142.55,40.59,45.46928571428572,Hold,198.67
5112,2022-12-22 11:15:00,18080.85,33.52,44.77214285714285,Hold,198.43
5113,2022-12-22 12:15:00,18113.8,35.76,44.45928571428571,Hold,198.12
5114,2022-12-22 13:15:00,18167.4,37.66,43.760714285714286,Hold,198.75
5115,2022-12-22 14:15:00,18142.9,21.87,40.93357142857143,Hold,198.48
5116,2022-12-22 15:15:00,18127.35,21.81,38.24357142857143,Hold,198.48
5117,2022-12-23 09:15:00,17958.1,14.11,35.26714285714285,Hold,197.45
5118,2022-12-23 10:15:00,17951.55,14.84,32.622142857142855,Hold,196.56
5119,2022-12-23 11:15:00,17906.5,14.53,30.367142857142856,Hold,196.01
5120,2022-12-23 12:15:00,17897.95,15.04,28.072857142857146,Hold,196.29
5121,2022-12-23 13:15:00,17834.85,15.4,26.42714285714285,Hold,195.66
5122,2022-12-23 14:15:00,17810.65,15.2,25.235,Hold,195.7
5123,2022-12-23 15:15:00,17806.8,15.31,24.095,Hold,195.7
5124,2022-12-26 09:15:00,17933.45,32.7,23.452857142857145,Hold,196.54
5125,2022-12-26 10:15:00,17951.7,35.4,23.082142857142856,Hold,196.51
5126,2022-12-26 11:15:00,18000.25,43.71,23.81,Hold,196.6
5127,2022-12-26 12:15:00,17990.5,40.01,24.11357142857143,Hold,196.55
5128,2022-12-26 13:15:00,18011.15,36.63,24.04,Hold,196.95
5129,2022-12-26 14:15:00,17994.85,37.15,25.131428571428568,Hold,197.36
5130,2022-12-26 15:15:00,18014.6,40.29,26.45142857142857,Hold,197.23
5131,2022-12-27 09:15:00,18005.25,55.61,29.41571428571429,Hold,197.0
5132,2022-12-27 10:15:00,18049.6,60.7,32.691428571428574,Hold,197.5
5133,2022-12-27 11:15:00,18054.85,67.72,36.49071428571428,Hold,197.6
5134,2022-12-27 12:15:00,18055.8,69.21,40.36,Hold,197.69
5135,2022-12-27 13:15:00,18122.2,84.68,45.30857142857143,Sell,197.9
5136,2022-12-27 14:15:00,18132.95,90.21,50.66642857142857,Waiting,198.44
5137,2022-12-27 15:15:00,18132.3,90.93,56.06785714285714,Waiting,198.0
5138,2022-12-28 09:15:00,18142.5,87.18,59.95928571428571,Waiting,197.98
5139,2022-12-28 10:15:00,18140.1,85.51,63.53857142857142,Waiting,197.87
5140,2022-12-28 11:15:00,18141.9,82.41,66.30285714285715,Waiting,197.94
5141,2022-12-28 12:15:00,18129.85,81.55,69.27,Waiting,198.05
5142,2022-12-28 13:15:00,18164.05,82.62,72.55499999999999,Waiting,198.05
5143,2022-12-28 14:15:00,18125.7,75.51,75.295,Waiting,198.27
5144,2022-12-28 15:15:00,18122.5,72.49,77.59500000000001,Waiting,198.04
5145,2022-12-29 09:15:00,18003.55,49.76,77.17714285714285,Waiting,196.9
5146,2022-12-29 10:15:00,18019.35,45.29,76.07642857142856,Waiting,197.2
5147,2022-12-29 11:15:00,18031.45,46.43,74.55571428571429,Waiting,197.57
5148,2022-12-29 12:15:00,18052.35,49.5,73.14785714285713,Waiting,197.29
5149,2022-12-29 13:15:00,18085.05,44.09,70.24857142857142,Waiting,197.58
5150,2022-12-29 14:15:00,18195.65,57.57,67.91714285714286,Waiting,198.29
5151,2022-12-29 15:15:00,18191.0,57.02,65.49499999999999,Waiting,198.91
5152,2022-12-30 09:15:00,18219.1,58.79,63.46714285714286,Waiting,199.36
5153,2022-12-30 10:15:00,18234.5,60.52,61.68214285714286,Waiting,199.39
5154,2022-12-30 11:15:00,18206.2,56.76,59.85,Waiting,198.89
5155,2022-12-30 12:15:00,18194.95,56.86,58.08642857142858,Waiting,199.17
5156,2022-12-30 13:15:00,18199.45,53.98,56.04071428571429,Waiting,198.75
5157,2022-12-30 14:15:00,18098.3,47.3,54.02571428571429,Waiting,198.58
5158,2022-12-30 15:15:00,18105.3,48.32,52.29928571428572,Waiting,198.18
5159,2023-01-02 09:15:00,18162.9,67.7,53.580714285714286,Waiting,198.45
5160,2023-01-02 10:15:00,18186.5,68.25,55.22071428571428,Waiting,199.08
5161,2023-01-02 11:15:00,18192.05,67.79,56.746428571428574,Waiting,199.26
5162,2023-01-02 12:15:00,18182.35,64.77,57.83714285714286,Waiting,198.95
5163,2023-01-02 13:15:00,18170.1,60.13,58.98285714285714,Waiting,199.12
5164,2023-01-02 14:15:00,18193.05,49.61,58.41428571428572,Waiting,198.91
5165,2023-01-02 15:15:00,18197.45,50.97,57.98214285714285,Waiting,199.53
5166,2023-01-03 09:15:00,18230.25,51.66,57.47285714285714,Waiting,199.25
5167,2023-01-03 10:15:00,18231.25,49.5,56.68571428571429,Waiting,199.58
5168,2023-01-03 11:15:00,18198.2,48.78,56.11571428571428,Waiting,199.74
5169,2023-01-03 12:15:00,18184.55,48.42,55.512857142857136,Waiting,199.07
5170,2023-01-03 13:15:00,18205.45,50.87,55.29071428571428,Waiting,199.39
5171,2023-01-03 14:15:00,18240.65,75.45,57.30142857142857,Waiting,199.68
5172,2023-01-03 15:15:00,18232.55,72.66,59.04,Waiting,199.77
5173,2023-01-04 09:15:00,18129.6,44.89,57.410714285714285,Waiting,199.03
5174,2023-01-04 10:15:00,18096.85,36.63,55.152142857142856,Waiting,198.74
5175,2023-01-04 11:15:00,18040.25,30.35,52.47785714285714,Waiting,198.35
5176,2023-01-04 12:15:00,18078.95,37.55,50.53357142857143,Waiting,197.8
5177,2023-01-04 13:15:00,18125.6,45.05,49.45642857142857,Waiting,198.25
5178,2023-01-04 14:15:00,18052.85,35.97,48.48214285714285,Waiting,198.02
5179,2023-01-04 15:15:00,18042.95,34.7,47.32,Waiting,197.67
5180,2023-01-05 09:15:00,18063.25,33.05,45.99071428571428,Waiting,197.7
5181,2023-01-05 10:15:00,18037.1,31.25,44.68714285714286,Waiting,197.6
5182,2023-01-05 11:15:00,17981.1,29.92,43.34,Waiting,197.1
5183,2023-01-05 12:15:00,17949.15,28.94,41.94857142857144,Buy,196.58
5184,2023-01-05 13:15:00,17912.35,24.5,40.065000000000005,Hold,196.2
5185,2023-01-05 14:15:00,17989.45,29.63,36.792142857142856,Hold,196.68
5186,2023-01-05 15:15:00,17992.15,30.34,33.769285714285715,Hold,197.28
5187,2023-01-06 09:15:00,17955.0,34.0,32.99142857142857,Hold,197.52
5188,2023-01-06 10:15:00,17913.7,33.47,32.76571428571428,Hold,196.4
5189,2023-01-06 11:15:00,17922.8,38.41,33.34142857142857,Hold,196.54
5190,2023-01-06 12:15:00,17830.4,27.82,32.64642857142857,Hold,195.91
5191,2023-01-06 13:15:00,17820.85,20.87,30.919285714285717,Hold,195.31
5192,2023-01-06 14:15:00,17869.85,31.68,30.61285714285714,Hold,195.42
5193,2023-01-06 15:15:00,17859.45,31.65,30.395000000000003,Hold,195.92
5194,2023-01-09 09:15:00,18059.65,49.74,31.587142857142855,Hold,197.48
5195,2023-01-09 10:15:00,18105.2,54.87,33.27428571428572,Hold,198.04
5196,2023-01-09 11:15:00,18130.2,61.16,35.505714285714284,Hold,198.56
5197,2023-01-09 12:15:00,18075.35,59.13,37.66214285714285,Hold,198.09
5198,2023-01-09 13:15:00,18053.25,60.42,40.22785714285715,Hold,197.5
5199,2023-01-09 14:15:00,18106.45,58.97,42.32357142857143,Hold,197.81
5200,2023-01-09 15:15:00,18101.2,58.32,44.32214285714286,Hold,198.15
5201,2023-01-10 09:15:00,17990.8,52.46,45.64071428571429,Hold,197.31
5202,2023-01-10 10:15:00,17954.6,52.83,47.02357142857142,Hold,196.7
5203,2023-01-10 11:15:00,17957.2,52.4,48.02285714285714,Hold,196.49
5204,2023-01-10 12:15:00,17890.25,54.33,49.916428571428575,Hold,196.17
5205,2023-01-10 13:15:00,17904.25,55.99,52.425,Hold,195.84
5206,2023-01-10 14:15:00,17921.85,53.91,54.012857142857136,Hold,195.65
5207,2023-01-10 15:15:00,17914.15,54.13,55.61857142857143,Hold,196.3
5208,2023-01-11 09:15:00,17957.05,39.83,54.910714285714285,Hold,195.79
5209,2023-01-11 10:15:00,17910.2,30.72,53.18571428571429,Hold,196.65
5210,2023-01-11 11:15:00,17904.55,26.8,50.73142857142857,Hold,195.84
5211,2023-01-11 12:15:00,17914.35,31.75,48.77571428571429,Hold,196.09
5212,2023-01-11 13:15:00,17876.05,30.63,46.64785714285715,Hold,196.3
5213,2023-01-11 14:15:00,17891.85,24.45,44.182142857142864,Hold,196.25
5214,2023-01-11 15:15:00,17895.7,25.45,41.83428571428571,Hold,196.04
5215,2023-01-12 09:15:00,17853.85,30.44,40.261428571428574,Hold,196.18
5216,2023-01-12 10:15:00,17800.85,29.04,38.56214285714286,Hold,195.38
5217,2023-01-12 11:15:00,17814.85,31.18,37.04642857142857,Hold,195.1
5218,2023-01-12 12:15:00,17824.15,39.69,36.00071428571429,Hold,195.27
5219,2023-01-12 13:15:00,17829.1,37.94,34.71142857142857,Hold,194.77
5220,2023-01-12 14:15:00,17858.35,40.18,33.730714285714285,Hold,195.3
5221,2023-01-12 15:15:00,17858.2,41.14,32.80285714285714,Hold,195.65
5222,2023-01-13 09:15:00,17785.0,25.13,31.752857142857145,Hold,194.85
5223,2023-01-13 10:15:00,17830.4,38.42,32.30285714285714,Hold,195.25
5224,2023-01-13 11:15:00,17851.1,42.57,33.42928571428571,Hold,195.19
5225,2023-01-13 12:15:00,17965.05,55.47,35.12357142857143,Hold,195.91
5226,2023-01-13 13:15:00,17989.75,62.63,37.40928571428572,Hold,197.01
5227,2023-01-13 14:15:00,17957.8,57.07,39.739285714285714,Hold,196.68
5228,2023-01-13 15:15:00,17956.6,56.57,41.96214285714286,Hold,196.52
5229,2023-01-16 09:15:00,17972.7,63.57,44.32857142857143,Hold,197.08
5230,2023-01-16 10:15:00,17956.5,69.41,47.21214285714285,Hold,196.97
5231,2023-01-16 11:15:00,17914.6,61.63,49.387142857142855,Hold,196.59
5232,2023-01-16 12:15:00,17920.6,61.33,50.932857142857145,Hold,196.1
5233,2023-01-16 13:15:00,17881.45,55.69,52.20071428571429,Hold,196.18
5234,2023-01-16 14:15:00,17894.85,54.11,53.19571428571429,Hold,195.89
5235,2023-01-16 15:15:00,17894.85,54.13,54.123571428571424,Hold,196.15
5236,2023-01-17 09:15:00,18004.9,72.87,57.53357142857142,Sell,196.6
5237,2023-01-17 10:15:00,17986.3,67.17,59.58714285714286,Waiting,197.13
5238,2023-01-17 11:15:00,18008.65,67.29,61.35285714285714,Waiting,197.05
5239,2023-01-17 12:15:00,17947.25,47.79,60.80428571428571,Waiting,196.82
5240,2023-01-17 13:15:00,17989.5,49.97,59.9,Waiting,196.79
5241,2023-01-17 14:15:00,18059.0,61.05,60.184285714285714,Waiting,197.04
5242,2023-01-17 15:15:00,18053.3,60.45,60.46142857142856,Waiting,197.5
5243,2023-01-18 09:15:00,18118.9,64.27,60.51142857142857,Waiting,197.94
5244,2023-01-18 10:15:00,18141.3,67.83,60.39857142857143,Waiting,198.15
5245,2023-01-18 11:15:00,18173.95,75.47,61.38714285714286,Waiting,198.58
5246,2023-01-18 12:15:00,18146.3,71.26,62.096428571428575,Waiting,198.55
5247,2023-01-18 13:15:00,18149.8,77.1,63.62571428571429,Waiting,198.74
5248,2023-01-18 14:15:00,18154.85,76.71,65.24,Waiting,198.67
5249,2023-01-18 15:15:00,18165.35,77.2,66.88785714285714,Waiting,198.65
5250,2023-01-19 09:15:00,18076.75,57.55,65.79357142857143,Waiting,197.92
5251,2023-01-19 10:15:00,18130.65,64.12,65.57571428571428,Waiting,198.29
5252,2023-01-19 11:15:00,18133.95,62.73,65.25,Waiting,198.64
5253,2023-01-19 12:15:00,18117.15,68.99,66.76428571428572,Waiting,198.63
5254,2023-01-19 13:15:00,18131.35,66.91,67.97428571428571,Waiting,198.58
5255,2023-01-19 14:15:00,18103.05,55.82,67.60071428571429,Waiting,198.19
5256,2023-01-19 15:15:00,18107.85,57.23,67.37071428571429,Waiting,198.39
5257,2023-01-20 09:15:00,18117.7,49.81,66.33785714285715,Waiting,197.85
5258,2023-01-20 10:15:00,18104.3,44.08,64.64142857142858,Waiting,198.31
5259,2023-01-20 11:15:00,18096.45,36.53,61.86,Waiting,198.27
5260,2023-01-20 12:15:00,18095.5,40.27,59.646428571428565,Waiting,198.08
5261,2023-01-20 13:15:00,18060.7,34.76,56.62214285714286,Waiting,198.16
5262,2023-01-20 14:15:00,18029.35,30.3,53.30714285714286,Waiting,197.58
5263,2023-01-20 15:15:00,18027.65,27.78,49.777142857142856,Waiting,197.44
5264,2023-01-23 09:15:00,18148.65,60.51,49.98857142857143,,198.35
5265,2023-01-23 10:15:00,18134.3,50.6,49.02285714285715,,
5266,2023-01-23 11:15:00,18112.75,46.7,47.87785714285714,,
5267,2023-01-23 12:15:00,18087.45,45.49,46.19928571428572,,
5268,2023-01-24 12:15:00,18131.9,50.08,44.99714285714286,,198.55
5269,2023-01-24 13:15:00,18108.85,50.82,44.63999999999999,,198.35
5270,2023-01-24 14:15:00,18124.2,52.24,44.28357142857143,,198.39
5271,2023-01-24 15:15:00,18118.3,50.08,44.30285714285714,,198.46
5272,2023-01-25 09:15:00,17943.6,34.62,43.627142857142864,,197.51
5273,2023-01-25 10:15:00,17935.3,34.59,43.48857142857143,,196.35
5274,2023-01-25 11:15:00,17901.0,32.51,42.934285714285714,,196.1
5275,2023-01-25 12:15:00,17910.25,35.82,43.01,,196.19
5276,2023-01-25 13:15:00,17935.0,41.0,43.77428571428572,,196.4
5277,2023-01-25 14:15:00,17896.5,38.31,44.526428571428575,,196.07
5278,2023-01-25 15:15:00,17891.95,21.11,41.71214285714286,Buy,196.5
5279,2023-01-27 09:15:00,17684.65,14.72,39.14928571428571,Hold,194.77
5280,2023-01-27 10:15:00,17680.65,15.14,36.895,Hold,194.34
5281,2023-01-27 11:15:00,17630.9,14.56,34.68571428571429,Hold,193.55
5282,2023-01-27 12:15:00,17578.65,7.57,31.649285714285718,Hold,192.65
5283,2023-01-27 13:15:00,17506.25,7.04,28.522142857142857,Hold,192.43
5284,2023-01-27 14:15:00,17611.6,17.61,26.048571428571428,Hold,192.05
5285,2023-01-27 15:15:00,17604.35,17.58,23.72714285714286,Hold,193.9
5286,2023-01-30 09:15:00,17618.5,24.28,22.988571428571426,Hold,193.5
5287,2023-01-30 10:15:00,17551.0,22.2,22.103571428571428,Hold,192.54
5288,2023-01-30 11:15:00,17594.6,28.13,21.790714285714284,Hold,192.37
5289,2023-01-30 12:15:00,17461.75,22.79,20.860000000000003,Hold,192.17
5290,2023-01-30 13:15:00,17536.85,27.24,19.877142857142854,Hold,191.42
5291,2023-01-30 14:15:00,17656.0,37.41,19.812857142857144,Hold,192.38
5292,2023-01-30 15:15:00,17648.95,37.31,20.97,Hold,193.38
5293,2023-01-31 09:15:00,17563.15,42.73,22.970714285714283,Hold,192.7
5294,2023-01-31 10:15:00,17585.45,44.43,25.062857142857144,Hold,193.0
5295,2023-01-31 11:15:00,17609.45,48.71,27.50214285714286,Hold,193.02
5296,2023-01-31 12:15:00,17645.8,54.13,30.827857142857145,Hold,193.35
5297,2023-01-31 13:15:00,17626.4,57.91,34.46142857142857,Hold,193.6
5298,2023-01-31 14:15:00,17685.0,55.15,37.142857142857146,Hold,193.24
5299,2023-01-31 15:15:00,17662.15,53.97,39.74214285714286,Hold,193.44
5300,2023-02-01 09:15:00,17788.3,60.1,42.300714285714285,Hold,194.4
5301,2023-02-01 10:15:00,17803.4,66.01,45.43,Hold,194.79
5302,2023-02-01 11:15:00,17752.95,59.96,47.70357142857143,Hold,194.84
5303,2023-02-01 12:15:00,17915.55,77.51,51.612142857142864,Sell,196.04
5304,2023-02-01 13:15:00,17688.4,57.76,53.792142857142856,Waiting,194.1
5305,2023-02-01 14:15:00,17634.6,48.83,54.60785714285714,Waiting,191.99
5306,2023-02-01 15:15:00,17616.3,48.23,55.387857142857136,Waiting,193.13
5307,2023-02-02 09:15:00,17573.2,50.57,55.94785714285714,Waiting,193.15
5308,2023-02-02 10:15:00,17596.75,50.64,56.39142857142857,Waiting,192.48
5309,2023-02-02 11:15:00,17619.45,50.57,56.52428571428571,Waiting,192.7
5310,2023-02-02 12:15:00,17553.25,44.91,55.86571428571428,Waiting,192.43
5311,2023-02-02 13:15:00,17543.75,45.41,54.97285714285714,Waiting,192.19
5312,2023-02-02 14:15:00,17610.85,45.92,54.31357142857143,Waiting,192.79
5313,2023-02-02 15:15:00,17610.4,47.08,53.82142857142857,Waiting,192.91
5314,2023-02-03 09:15:00,17676.05,43.2,52.614285714285714,Waiting,193.14
5315,2023-02-03 10:15:00,17626.6,39.72,50.73642857142857,Waiting,192.82
5316,2023-02-03 11:15:00,17677.1,45.59,49.71,Waiting,193.22
5317,2023-02-03 12:15:00,17707.3,35.69,46.72285714285714,Waiting,193.82
5318,2023-02-03 13:15:00,17747.8,55.49,46.56071428571429,Waiting,194.12
5319,2023-02-03 14:15:00,17854.3,68.5,47.96571428571429,Waiting,194.89
5320,2023-02-03 15:15:00,17854.05,70.65,49.56714285714286,Waiting,195.12
5321,2023-02-06 09:15:00,17774.15,66.41,50.69857142857143,Waiting,194.82
5322,2023-02-06 10:15:00,17718.8,59.47,51.32928571428572,Waiting,194.24
5323,2023-02-06 11:15:00,17728.4,58.63,51.905,Waiting,194.27
5324,2023-02-06 12:15:00,17721.75,64.74,53.32142857142857,Waiting,194.29
5325,2023-02-06 13:15:00,17773.25,68.7,54.985,Waiting,194.59
5326,2023-02-06 14:15:00,17761.75,63.52,56.24214285714287,Waiting,194.49
5327,2023-02-06 15:15:00,17764.6,63.76,57.43357142857143,Waiting,194.48
5328,2023-02-07 09:15:00,17750.8,57.35,58.444285714285705,Waiting,194.4
5329,2023-02-07 10:15:00,17767.45,64.8,60.23571428571429,Waiting,194.76
5330,2023-02-07 11:15:00,17723.95,55.0,60.90785714285715,Waiting,194.35
5331,2023-02-07 12:15:00,17654.65,44.82,61.56,Waiting,193.85
5332,2023-02-07 13:15:00,17729.0,48.26,61.04357142857142,Waiting,194.04
5333,2023-02-07 14:15:00,17720.0,34.88,58.64214285714285,Waiting,194.35
5334,2023-02-07 15:15:00,17721.5,35.12,56.10428571428571,Waiting,194.04
5335,2023-02-08 09:15:00,17861.7,58.66,55.550714285714285,Waiting,195.14
5336,2023-02-08 10:15:00,17840.7,62.93,55.79785714285714,Waiting,194.9
5337,2023-02-08 11:15:00,17851.75,63.04,56.11285714285714,Waiting,195.4
5338,2023-02-08 12:15:00,17851.8,63.95,56.05642857142857,Waiting,195.22
5339,2023-02-08 13:15:00,17885.95,62.55,55.61714285714286,Waiting,195.49
5340,2023-02-08 14:15:00,17871.2,62.1,55.51571428571428,Waiting,195.59
5341,2023-02-08 15:15:00,17871.7,61.91,55.38357142857142,Waiting,195.54
5342,2023-02-09 09:15:00,17855.8,61.62,55.68857142857143,Waiting,194.77
5343,2023-02-09 10:15:00,17865.5,61.02,55.41857142857143,Waiting,195.54
5344,2023-02-09 11:15:00,17833.6,62.65,55.965,Waiting,195.55
5345,2023-02-09 12:15:00,17831.25,74.1,58.05642857142857,Waiting,195.22
5346,2023-02-09 13:15:00,17899.85,73.69,59.87285714285714,Waiting,195.62
5347,2023-02-09 14:15:00,17893.55,74.24,62.684285714285714,Waiting,195.9
5348,2023-02-09 15:15:00,17893.45,74.11,65.46928571428572,Waiting,195.89
5349,2023-02-10 09:15:00,17829.3,44.22,64.43785714285714,Waiting,194.88
5350,2023-02-10 10:15:00,17866.7,54.38,63.82714285714286,Waiting,195.21
5351,2023-02-10 11:15:00,17823.75,45.74,62.59142857142857,Waiting,195.43
5352,2023-02-10 12:15:00,17822.7,45.59,61.28,Waiting,195.37
5353,2023-02-10 13:15:00,17850.55,44.53,59.99285714285715,Waiting,195.3
5354,2023-02-10 14:15:00,17861.8,48.53,59.02357142857143,Waiting,195.37
5355,2023-02-10 15:15:00,17856.5,47.66,58.00571428571429,Waiting,195.49
5356,2023-02-13 09:15:00,17746.25,36.93,56.24214285714286,Waiting,195.36
5357,2023-02-13 10:15:00,17790.15,41.69,54.86142857142857,Waiting,194.6
5358,2023-02-13 11:15:00,17746.85,40.67,53.29142857142857,Waiting,194.5
5359,2023-02-13 12:15:00,17769.35,43.62,51.114285714285714,Waiting,194.4
5360,2023-02-13 13:15:00,17768.7,34.27,48.29857142857143,Waiting,194.59
5361,2023-02-13 14:15:00,17765.05,34.49,45.45928571428571,Waiting,194.84
5362,2023-02-13 15:15:00,17770.9,35.41,42.695,Waiting,194.6
5363,2023-02-14 09:15:00,17837.05,50.92,43.17357142857143,Waiting,195.04
5364,2023-02-14 10:15:00,17853.2,48.32,42.74071428571428,Waiting,195.3
5365,2023-02-14 11:15:00,17897.35,59.15,43.69857142857144,Waiting,195.51
5366,2023-02-14 12:15:00,17916.6,61.17,44.81142857142857,Waiting,195.93
5367,2023-02-14 13:15:00,17941.9,60.94,45.98357142857143,Waiting,195.76
5368,2023-02-14 14:15:00,17924.85,57.44,46.62,Waiting,196.11
5369,2023-02-14 15:15:00,17929.85,58.67,47.40642857142858,Waiting,195.98
5370,2023-02-15 09:15:00,17923.75,77.82,50.32714285714286,Waiting,195.6
5371,2023-02-15 10:15:00,17940.75,75.78,52.762142857142855,Waiting,196.23
5372,2023-02-15 11:15:00,17915.2,80.68,55.620000000000005,Waiting,196.52
5373,2023-02-15 12:15:00,17923.8,79.65,58.19357142857143,Waiting,196.4
5374,2023-02-15 13:15:00,17935.95,80.75,61.51357142857143,Waiting,196.2
5375,2023-02-15 14:15:00,18015.1,85.98,65.19142857142857,Waiting,196.6
5376,2023-02-15 15:15:00,18015.85,85.77,68.78857142857143,Waiting,197.08
5377,2023-02-16 09:15:00,18108.65,86.8,71.35142857142857,Waiting,198.19
5378,2023-02-16 10:15:00,18114.3,86.42,74.07285714285715,Waiting,197.89
5379,2023-02-16 11:15:00,18089.35,78.29,75.44000000000001,Waiting,197.68
5380,2023-02-16 12:15:00,18083.9,75.7,76.47785714285715,Waiting,197.51
5381,2023-02-16 13:15:00,18082.7,73.36,77.365,Waiting,197.75
5382,2023-02-16 14:15:00,18034.1,66.41,78.00571428571428,Waiting,197.53
5383,2023-02-16 15:15:00,18035.85,66.08,78.535,Waiting,197.35
5384,2023-02-17 09:15:00,17976.45,56.88,77.03928571428571,Waiting,196.92
5385,2023-02-17 10:15:00,17985.0,55.91,75.62,Waiting,196.86
5386,2023-02-17 11:15:00,17974.05,58.17,74.01214285714286,Waiting,196.65
5387,2023-02-17 12:15:00,17921.05,49.66,71.86999999999999,Waiting,196.35
5388,2023-02-17 13:15:00,17910.15,46.8,69.44500000000001,Waiting,195.83
5389,2023-02-17 14:15:00,17949.45,40.96,66.22928571428572,Waiting,196.04
5390,2023-02-17 15:15:00,17944.2,40.26,62.97857142857144,Waiting,196.3
5391,2023-02-20 09:15:00,17959.05,24.19,58.50642857142857,Waiting,196.56
5392,2023-02-20 10:15:00,17964.75,24.2,54.06214285714286,Buy,196.64
5393,2023-02-20 11:15:00,17916.5,22.4,50.07,Hold,196.35
5394,2023-02-20 12:15:00,17903.5,21.87,46.225,Hold,196.06
5395,2023-02-20 13:15:00,17842.05,18.41,42.3,Hold,195.68
5396,2023-02-20 14:15:00,17843.85,21.53,39.09428571428571,Hold,195.53
5397,2023-02-20 15:15:00,17844.6,21.3,35.895714285714284,Hold,195.59
5398,2023-02-21 09:15:00,17904.05,39.14,34.628571428571426,Hold,195.78
5399,2023-02-21 10:15:00,17908.2,38.32,33.372142857142855,Hold,196.09
5400,2023-02-21 11:15:00,17862.9,34.7,31.695714285714285,Hold,195.75
5401,2023-02-21 12:15:00,17853.8,39.47,30.967857142857145,Hold,195.35
5402,2023-02-21 13:15:00,17870.75,43.94,30.763571428571428,Hold,195.84
5403,2023-02-21 14:15:00,17819.15,30.7,30.03071428571429,Hold,195.5
5404,2023-02-21 15:15:00,17826.7,32.72,29.492142857142856,Hold,195.26
5405,2023-02-22 09:15:00,17683.3,20.57,29.233571428571427,Hold,194.28
5406,2023-02-22 10:15:00,17670.05,19.04,28.865,Hold,193.58
5407,2023-02-22 11:15:00,17651.65,20.32,28.71642857142857,Hold,193.52
5408,2023-02-22 12:15:00,17608.85,19.05,28.515,Hold,193.14
5409,2023-02-22 13:15:00,17538.2,18.68,28.53428571428572,Hold,192.61
5410,2023-02-22 14:15:00,17557.7,21.55,28.535714285714285,Hold,192.73
5411,2023-02-22 15:15:00,17554.3,21.29,28.535,Hold,192.51
5412,2023-02-23 09:15:00,17582.15,16.04,26.885,Hold,191.64
5413,2023-02-23 10:15:00,17580.55,15.24,25.23642857142857,Hold,192.91
5414,2023-02-23 11:15:00,17552.25,15.81,23.88714285714286,Hold,192.71
5415,2023-02-23 12:15:00,17576.05,20.39,22.524285714285718,Hold,192.1
5416,2023-02-23 13:15:00,17569.1,17.14,20.61,Hold,192.47
5417,2023-02-23 14:15:00,17503.3,16.63,19.605,Hold,192.41
5418,2023-02-23 15:15:00,17511.25,16.7,18.460714285714285,Hold,192.18
5419,2023-02-24 09:15:00,17548.95,31.74,19.25857142857143,Hold,192.29
5420,2023-02-24 10:15:00,17519.45,30.4,20.07,Hold,192.29
5421,2023-02-24 11:15:00,17490.0,29.55,20.729285714285712,Hold,191.9
5422,2023-02-24 12:15:00,17431.55,28.43,21.399285714285718,Hold,191.51
5423,2023-02-24 13:15:00,17444.8,36.79,22.692857142857143,Hold,191.48
5424,2023-02-24 14:15:00,17474.15,38.5,23.90357142857143,Hold,191.4
5425,2023-02-24 15:15:00,17465.8,37.99,25.09642857142857,Hold,191.46
5426,2023-02-27 09:15:00,17306.4,22.42,25.552142857142854,Hold,190.88
5427,2023-02-27 10:15:00,17376.65,32.07,26.754285714285714,Hold,189.97
5428,2023-02-27 11:15:00,17329.05,31.01,27.84,Hold,190.57
5429,2023-02-27 12:15:00,17308.5,27.11,28.32,Hold,190.09
5430,2023-02-27 13:15:00,17354.2,32.76,29.435714285714287,Hold,190.05
5431,2023-02-27 14:15:00,17402.5,41.68,31.225,Hold,190.15
5432,2023-02-27 15:15:00,17392.7,40.25,32.90714285714286,Hold,190.56
5433,2023-02-28 09:15:00,17380.45,35.53,33.17785714285714,Hold,191.05
5434,2023-02-28 10:15:00,17375.05,37.06,33.653571428571425,Hold,190.41
5435,2023-02-28 11:15:00,17385.0,40.25,34.417857142857144,Hold,190.23
5436,2023-02-28 12:15:00,17348.6,41.97,35.385000000000005,Hold,190.3
5437,2023-02-28 13:15:00,17261.2,34.46,35.21857142857143,Hold,190.0
5438,2023-02-28 14:15:00,17313.55,36.92,35.105714285714285,Hold,189.51
5439,2023-02-28 15:15:00,17303.95,36.84,35.02357142857143,Hold,189.7
5440,2023-03-01 09:15:00,17404.15,58.79,37.62142857142857,Hold,190.84
5441,2023-03-01 10:15:00,17430.5,55.26,39.27785714285714,Hold,190.94
5442,2023-03-01 11:15:00,17407.8,58.09,41.21214285714286,Hold,191.05
5443,2023-03-01 12:15:00,17414.75,61.22,43.64857142857142,Hold,190.83
5444,2023-03-01 13:15:00,17442.9,59.73,45.575,Hold,190.99
5445,2023-03-01 14:15:00,17447.1,55.42,46.556428571428576,Hold,191.36
5446,2023-03-01 15:15:00,17450.9,57.17,47.765,Hold,191.28
5447,2023-03-02 09:15:00,17354.35,47.34,48.60857142857143,Hold,190.69
5448,2023-03-02 10:15:00,17376.1,50.1,49.540000000000006,Hold,190.62
5449,2023-03-02 11:15:00,17386.8,50.18,50.24928571428571,Hold,190.57
5450,2023-03-02 12:15:00,17350.6,50.2,50.83714285714286,Hold,190.57
5451,2023-03-02 13:15:00,17334.3,58.39,52.54642857142857,Hold,189.95
5452,2023-03-02 14:15:00,17329.4,52.04,53.62642857142857,Hold,190.07
5453,2023-03-02 15:15:00,17321.9,52.32,54.73214285714285,Hold,189.93
5454,2023-03-03 09:15:00,17512.65,61.38,54.917142857142856,Hold,191.26
5455,2023-03-03 10:15:00,17547.85,62.08,55.40428571428571,Hold,191.91
5456,2023-03-03 11:15:00,17570.55,66.76,56.02357142857142,Hold,192.44
5457,2023-03-03 12:15:00,17561.65,65.06,56.29785714285714,Hold,191.99
5458,2023-03-03 13:15:00,17609.75,66.44,56.77714285714286,Hold,192.47
5459,2023-03-03 14:15:00,17591.9,63.89,57.38214285714286,Hold,192.8
5460,2023-03-03 15:15:00,17594.35,63.8,57.855714285714285,Hold,192.51
5461,2023-03-06 09:15:00,17775.15,84.83,60.53357142857143,Sell,194.03
5462,2023-03-06 10:15:00,17779.35,84.37,62.98142857142857,Waiting,194.28
5463,2023-03-06 11:15:00,17779.6,84.09,65.40357142857142,Waiting,194.25
5464,2023-03-06 12:15:00,17770.5,88.24,68.12071428571429,Waiting,194.01
5465,2023-03-06 13:15:00,17723.25,83.53,69.91642857142857,Waiting,193.73
5466,2023-03-06 14:15:00,17709.35,82.26,72.075,Waiting,193.7
5467,2023-03-06 15:15:00,17711.45,83.38,74.29357142857143,Waiting,193.63
5468,2023-03-08 09:15:00,17697.2,72.67,75.10000000000001,Waiting,192.95
5469,2023-03-08 10:15:00,17682.2,67.36,75.47714285714287,Waiting,193.38
5470,2023-03-08 11:15:00,17650.75,60.14,75.00428571428571,Waiting,193.15
5471,2023-03-08 12:15:00,17670.95,63.43,74.88785714285714,Waiting,193.23
5472,2023-03-08 13:15:00,17708.65,62.47,74.60428571428572,Waiting,193.4
5473,2023-03-08 14:15:00,17756.6,69.3,74.99071428571428,Waiting,193.69
5474,2023-03-08 15:15:00,17754.4,68.77,75.34571428571428,Waiting,193.95
5475,2023-03-09 09:15:00,17675.3,34.62,71.75928571428571,Waiting,193.55
5476,2023-03-09 10:15:00,17703.55,39.13,68.52785714285714,Waiting,193.38
5477,2023-03-09 11:15:00,17680.65,36.68,65.14142857142858,Waiting,193.63
5478,2023-03-09 12:15:00,17658.2,35.4,61.36714285714286,Waiting,193.18
5479,2023-03-09 13:15:00,17627.65,37.01,58.04428571428571,Waiting,192.84
5480,2023-03-09 14:15:00,17586.4,34.45,54.62928571428571,Waiting,192.81
5481,2023-03-09 15:15:00,17589.6,34.63,51.14714285714285,Waiting,192.64
5482,2023-03-10 09:15:00,17392.65,23.71,47.65,Waiting,190.13
5483,2023-03-10 10:15:00,17418.2,27.62,44.81142857142857,Buy,190.9
5484,2023-03-10 11:15:00,17395.5,28.03,42.517857142857146,Hold,190.91
5485,2023-03-10 12:15:00,17417.85,28.3,40.00857142857143,Hold,190.85
5486,2023-03-10 13:15:00,17394.35,22.38,37.145,Hold,190.64
5487,2023-03-10 14:15:00,17409.9,17.69,33.45857142857143,Hold,190.64
5488,2023-03-10 15:15:00,17412.9,18.22,29.847857142857144,Hold,190.75
5489,2023-03-13 09:15:00,17455.6,28.07,29.38,Hold,190.89
5490,2023-03-13 10:15:00,17393.95,21.03,28.087142857142855,Hold,190.97
5491,2023-03-13 11:15:00,17342.1,19.95,26.892142857142854,Hold,190.3
5492,2023-03-13 12:15:00,17268.95,18.3,25.67071428571429,Hold,189.55
5493,2023-03-13 13:15:00,17190.3,16.97,24.23928571428571,Hold,188.9
5494,2023-03-13 14:15:00,17141.0,16.77,22.97642857142857,Hold,188.0
5495,2023-03-13 15:15:00,17154.3,18.0,21.78857142857143,Hold,188.12
5496,2023-03-14 09:15:00,17127.5,24.01,21.81,Hold,188.19
5497,2023-03-14 10:15:00,17055.6,17.42,21.08142857142857,Hold,187.54
5498,2023-03-14 11:15:00,17069.2,20.19,20.52142857142857,Hold,187.24
5499,2023-03-14 12:15:00,17036.5,15.81,19.629285714285714,Hold,187.65
5500,2023-03-14 13:15:00,17008.7,15.69,19.15142857142857,Hold,186.92
5501,2023-03-14 14:15:00,17059.45,20.66,19.36357142857143,Hold,186.95
5502,2023-03-14 15:15:00,17043.3,19.72,19.470714285714283,Hold,186.91
5503,2023-03-15 09:15:00,17155.7,27.95,19.46214285714285,Hold,187.95
5504,2023-03-15 10:15:00,17113.35,28.76,20.014285714285712,Hold,187.68
5505,2023-03-15 11:15:00,17097.1,30.4,20.760714285714283,Hold,188.01
5506,2023-03-15 12:15:00,17049.15,31.68,21.71642857142857,Hold,187.44
5507,2023-03-15 13:15:00,17047.7,36.36,23.10142857142857,Hold,187.25
5508,2023-03-15 14:15:00,16964.45,34.14,24.342142857142854,Hold,186.61
5509,2023-03-15 15:15:00,16972.15,33.47,25.447142857142858,Hold,186.1
5510,2023-03-16 09:15:00,16877.65,29.81,25.86142857142857,Hold,185.05
5511,2023-03-16 10:15:00,17027.85,48.01,28.04642857142857,Hold,186.29
5512,2023-03-16 11:15:00,16929.4,41.06,29.537142857142857,Hold,186.25
5513,2023-03-16 12:15:00,16972.15,45.94,31.689285714285717,Hold,185.6
5514,2023-03-16 13:15:00,17035.95,51.65,34.25785714285714,Hold,185.98
5515,2023-03-16 14:15:00,16976.9,45.06,36.00071428571429,Hold,186.74
5516,2023-03-16 15:15:00,16985.6,46.52,37.915,Hold,186.23
5517,2023-03-17 09:15:00,17081.0,45.4,39.16142857142857,Hold,187.12
5518,2023-03-17 10:15:00,17028.55,44.84,40.31,Hold,187.07
5519,2023-03-17 11:15:00,16985.85,43.44,41.24142857142857,Hold,186.5
5520,2023-03-17 12:15:00,16985.5,46.03,42.26642857142857,Hold,186.13
5521,2023-03-17 13:15:00,17058.2,50.6,43.28357142857142,Hold,186.5
5522,2023-03-17 14:15:00,17113.5,58.83,45.04714285714285,Hold,187.1
5523,2023-03-17 15:15:00,17100.05,57.53,46.76571428571429,Hold,187.42
5524,2023-03-20 09:15:00,16910.15,51.72,48.330714285714286,Hold,185.88
5525,2023-03-20 10:15:00,16945.25,45.02,48.11714285714286,Hold,185.39
5526,2023-03-20 11:15:00,16865.65,46.07,48.475,Hold,185.3
5527,2023-03-20 12:15:00,16869.75,43.37,48.291428571428575,Hold,185.12
5528,2023-03-20 13:15:00,16891.35,40.1,47.46642857142857,Hold,184.86
5529,2023-03-20 14:15:00,16987.3,50.68,47.86785714285714,Hold,185.59
5530,2023-03-20 15:15:00,16988.4,50.18,48.12928571428571,Hold,186.2
5531,2023-03-21 09:15:00,17066.05,48.99,48.385714285714286,Hold,186.76
5532,2023-03-21 10:15:00,17065.4,52.67,48.945,Hold,187.0
5533,2023-03-21 11:15:00,17030.95,53.31,49.65,Hold,186.91
5534,2023-03-21 12:15:00,17097.75,57.5,50.46928571428571,Hold,186.86
5535,2023-03-21 13:15:00,17088.4,52.2,50.58357142857143,Hold,187.1
5536,2023-03-21 14:15:00,17104.2,49.28,49.901428571428575,Hold,187.6
5537,2023-03-21 15:15:00,17107.5,50.59,49.40571428571429,Hold,187.46
5538,2023-03-22 09:15:00,17140.8,74.09,51.00357142857143,Sell,188.0
5539,2023-03-22 10:15:00,17129.85,70.3,52.809285714285714,Waiting,187.79
5540,2023-03-22 11:15:00,17138.5,85.56,55.63,Waiting,187.95
5541,2023-03-22 12:15:00,17134.65,84.55,58.57142857142857,Waiting,187.71
5542,2023-03-22 13:15:00,17142.05,83.95,61.70357142857143,Waiting,187.85
5543,2023-03-22 14:15:00,17160.25,79.67,63.77428571428572,Waiting,187.58
5544,2023-03-22 15:15:00,17151.9,77.37,65.71642857142858,Waiting,187.88
5545,2023-03-23 09:15:00,17136.7,64.95,66.85642857142857,Waiting,187.1
5546,2023-03-23 10:15:00,17136.35,65.03,67.73928571428571,Waiting,187.85
5547,2023-03-23 11:15:00,17168.0,79.39,69.60214285714287,Waiting,187.84
5548,2023-03-23 12:15:00,17176.7,72.55,70.67714285714285,Waiting,188.06
5549,2023-03-23 13:15:00,17129.5,59.65,71.20928571428571,Waiting,188.06
5550,2023-03-23 14:15:00,17070.1,43.35,70.78571428571429,Waiting,187.2
5551,2023-03-23 15:15:00,17076.9,44.12,70.32357142857143,Waiting,186.91
5552,2023-03-24 09:15:00,17064.15,33.99,67.45928571428571,Waiting,186.73
5553,2023-03-24 10:15:00,17061.9,35.28,64.95785714285714,Waiting,186.4
5554,2023-03-24 11:15:00,17082.5,38.46,61.59357142857143,Waiting,187.05
5555,2023-03-24 12:15:00,17080.55,38.77,58.32357142857143,Waiting,186.8
5556,2023-03-24 13:15:00,17024.55,29.7,54.44857142857144,Waiting,186.53
5557,2023-03-24 14:15:00,16954.5,19.85,50.175714285714285,Buy,186.21
5558,2023-03-24 15:15:00,16945.05,19.79,46.06285714285714,Hold,185.68
5559,2023-03-27 09:15:00,17030.55,37.14,44.07642857142857,Hold,186.55
5560,2023-03-27 10:15:00,16996.95,34.37,41.88642857142857,Hold,186.07
5561,2023-03-27 11:15:00,17034.65,35.25,38.73357142857143,Hold,186.56
5562,2023-03-27 12:15:00,17010.35,32.21,35.85214285714286,Hold,186.73
5563,2023-03-27 13:15:00,17039.85,40.04,34.45142857142857,Hold,186.45
5564,2023-03-27 14:15:00,16982.45,40.21,34.22714285714286,Hold,186.98
5565,2023-03-27 15:15:00,16985.7,39.74,33.91428571428572,Hold,186.18
5566,2023-03-28 09:15:00,16992.5,41.83,34.47428571428571,Hold,186.19
5567,2023-03-28 10:15:00,16945.85,37.98,34.667142857142856,Hold,185.85
5568,2023-03-28 11:15:00,16951.1,35.94,34.48714285714286,Hold,186.0
5569,2023-03-28 12:15:00,16979.85,39.81,34.56142857142857,Hold,185.87
5570,2023-03-28 13:15:00,16923.7,39.8,35.28285714285715,Hold,185.83
5571,2023-03-28 14:15:00,16943.2,48.73,37.34571428571429,Hold,185.59
5572,2023-03-28 15:15:00,16951.7,50.75,39.55714285714286,Hold,185.71
5573,2023-03-29 09:15:00,17016.45,48.33,40.35642857142857,Hold,186.15
5574,2023-03-29 10:15:00,16977.7,47.75,41.31214285714286,Hold,186.44
5575,2023-03-29 11:15:00,16952.0,40.05,41.655,Hold,185.72
5576,2023-03-29 12:15:00,16979.95,46.37,42.66642857142857,Hold,185.85
5577,2023-03-29 13:15:00,17045.35,50.6,43.42071428571428,Hold,186.2
5578,2023-03-29 14:15:00,17094.85,62.58,45.01857142857143,Hold,186.36
5579,2023-03-29 15:15:00,17080.7,60.38,46.49285714285714,Hold,187.09
5580,2023-03-31 09:15:00,17256.9,71.08,48.582142857142856,Sell,188.78
5581,2023-03-31 10:15:00,17245.5,75.31,51.24857142857143,Waiting,188.54
5582,2023-03-31 11:15:00,17278.7,76.42,54.13999999999999,Waiting,188.74
5583,2023-03-31 12:15:00,17316.65,76.77,56.78,Waiting,189.21
5584,2023-03-31 13:15:00,17360.8,85.42,60.03857142857144,Waiting,189.45
5585,2023-03-31 14:15:00,17363.2,85.0,62.62928571428572,Waiting,189.7
5586,2023-03-31 15:15:00,17359.75,84.29,65.025,Waiting,189.86
5587,2023-04-03 09:15:00,17367.9,82.64,67.47571428571429,Waiting,189.85
5588,2023-04-03 10:15:00,17324.3,81.9,69.91499999999999,Waiting,189.83
5589,2023-04-03 11:15:00,17351.65,86.68,73.24571428571429,Waiting,189.94
5590,2023-04-03 12:15:00,17348.25,85.39,76.03285714285714,Waiting,190.15
5591,2023-04-03 13:15:00,17371.75,84.11,78.42642857142857,Waiting,190.09
5592,2023-04-03 14:15:00,17404.1,83.52,79.92214285714286,Waiting,190.45
5593,2023-04-03 15:15:00,17398.05,85.02,81.68214285714285,Waiting,190.56
5594,2023-04-05 09:15:00,17491.65,81.68,82.43928571428572,Waiting,191.05
5595,2023-04-05 10:15:00,17485.95,82.95,82.98500000000001,Waiting,191.43
5596,2023-04-05 11:15:00,17509.85,82.51,83.42,Waiting,191.28
5597,2023-04-05 12:15:00,17537.45,81.98,83.79214285714286,Waiting,191.73
5598,2023-04-05 13:15:00,17536.8,79.17,83.34571428571428,Waiting,191.8
5599,2023-04-05 14:15:00,17552.55,80.05,82.99214285714285,Waiting,191.91
5600,2023-04-05 15:15:00,17557.05,81.21,82.77214285714285,Waiting,192.19
5601,2023-04-06 09:15:00,17588.5,82.5,82.76214285714285,Waiting,191.85
5602,2023-04-06 10:15:00,17618.25,95.15,83.70857142857143,Waiting,192.81
5603,2023-04-06 11:15:00,17602.3,89.89,83.93785714285715,Waiting,192.8
5604,2023-04-06 12:15:00,17618.45,91.33,84.36214285714287,Waiting,193.0
5605,2023-04-06 13:15:00,17575.6,79.44,84.02857142857144,Waiting,192.69
5606,2023-04-06 14:15:00,17591.35,78.4,83.66285714285713,Waiting,192.89
5607,2023-04-06 15:15:00,17599.15,80.34,83.32857142857144,Waiting,192.94
5608,2023-04-10 09:15:00,17630.0,75.75,82.905,Waiting,193.08
5609,2023-04-10 10:15:00,17640.0,78.22,82.56714285714284,Waiting,192.87
5610,2023-04-10 11:15:00,17672.1,78.85,82.30571428571429,Waiting,193.01
5611,2023-04-10 12:15:00,17667.5,75.19,81.82071428571429,Waiting,193.32
5612,2023-04-10 13:15:00,17626.5,65.03,80.8107142857143,Waiting,193.23
5613,2023-04-10 14:15:00,17621.3,61.94,79.51714285714286,Waiting,192.79
5614,2023-04-10 15:15:00,17624.05,61.71,78.12428571428572,Waiting,192.64
5615,2023-04-11 09:15:00,17741.55,70.56,77.27142857142857,Waiting,193.46
5616,2023-04-11 10:15:00,17704.25,61.32,74.855,Waiting,193.54
5617,2023-04-11 11:15:00,17675.65,59.35,72.67357142857142,Waiting,193.35
5618,2023-04-11 12:15:00,17667.6,56.39,70.17785714285715,Waiting,193.34
5619,2023-04-11 13:15:00,17713.65,67.81,69.34714285714286,Waiting,193.41
5620,2023-04-11 14:15:00,17728.15,67.71,68.58357142857143,Waiting,193.76
5621,2023-04-11 15:15:00,17722.3,66.02,67.56071428571428,Waiting,193.76
5622,2023-04-12 09:15:00,17751.55,65.88,66.85571428571428,Waiting,194.05
5623,2023-04-12 10:15:00,17754.35,65.22,65.92714285714285,Waiting,193.81
5624,2023-04-12 11:15:00,17761.75,62.78,64.7792857142857,Waiting,194.09
5625,2023-04-12 12:15:00,17792.35,66.56,64.16285714285713,Waiting,194.09
5626,2023-04-12 13:15:00,17807.05,75.75,64.92857142857143,Waiting,194.51
5627,2023-04-12 14:15:00,17811.9,77.21,66.01928571428572,Waiting,194.34
5628,2023-04-12 15:15:00,17812.4,77.07,67.11642857142856,Waiting,194.64
5629,2023-04-13 09:15:00,17792.4,60.15,66.37285714285714,Waiting,194.64
5630,2023-04-13 10:15:00,17747.6,58.4,66.16428571428571,Waiting,194.44
5631,2023-04-13 11:15:00,17746.6,65.4,66.59642857142858,Waiting,193.95
5632,2023-04-13 12:15:00,17750.0,68.25,67.44357142857143,Waiting,194.0
5633,2023-04-13 13:15:00,17780.6,65.92,67.30857142857143,Waiting,194.15
5634,2023-04-13 14:15:00,17836.55,71.53,67.58142857142857,Waiting,194.4
5635,2023-04-13 15:15:00,17828.0,70.77,67.92071428571428,Waiting,194.77
5636,2023-04-17 09:15:00,17610.3,34.05,65.64714285714285,Waiting,193.16
5637,2023-04-17 10:15:00,17640.95,37.95,63.69928571428572,Waiting,193.18
5638,2023-04-17 11:15:00,17657.2,39.1,62.00785714285714,Waiting,193.41
5639,2023-04-17 12:15:00,17671.25,36.92,59.89071428571429,Waiting,193.6
5640,2023-04-17 13:15:00,17688.2,37.23,57.13928571428572,Waiting,193.55
5641,2023-04-17 14:15:00,17711.3,39.6,54.45285714285715,Waiting,193.74
5642,2023-04-17 15:15:00,17706.85,39.17,51.74571428571429,Waiting,193.91
5643,2023-04-18 09:15:00,17670.35,37.89,50.15571428571428,Waiting,193.89
5644,2023-04-18 10:15:00,17681.8,43.01,49.05642857142857,Waiting,193.63
5645,2023-04-18 11:15:00,17682.15,43.14,47.46642857142857,Waiting,193.48
5646,2023-04-18 12:15:00,17690.1,43.69,45.71214285714286,Waiting,193.63
5647,2023-04-18 13:15:00,17636.4,35.51,43.540000000000006,Waiting,193.07
5648,2023-04-18 14:15:00,17656.1,30.44,40.605,Waiting,193.22
5649,2023-04-18 15:15:00,17660.15,31.63,37.80928571428571,Waiting,193.24
5650,2023-04-19 09:15:00,17628.95,53.45,39.195,Waiting,193.01
5651,2023-04-19 10:15:00,17649.6,51.66,40.17428571428571,Waiting,192.96
5652,2023-04-19 11:15:00,17654.25,49.41,40.910714285714285,Waiting,193.16
5653,2023-04-19 12:15:00,17633.65,42.64,41.31928571428572,Waiting,193.23
5654,2023-04-19 13:15:00,17595.55,33.24,41.03428571428572,Waiting,192.78
5655,2023-04-19 14:15:00,17628.6,35.56,40.74571428571428,Waiting,192.86
5656,2023-04-19 15:15:00,17618.75,34.9,40.440714285714286,Waiting,192.86
5657,2023-04-20 09:15:00,17628.2,42.04,40.737142857142864,Waiting,193.54
5658,2023-04-20 10:15:00,17610.95,36.91,40.30142857142857,Waiting,192.66
5659,2023-04-20 11:15:00,17620.55,38.99,40.005,Waiting,192.95
5660,2023-04-20 12:15:00,17597.85,34.34,39.33714285714286,Waiting,192.93
5661,2023-04-20 13:15:00,17594.75,41.46,39.762142857142855,Waiting,192.75
5662,2023-04-20 14:15:00,17634.2,45.85,40.862857142857145,Waiting,192.8
5663,2023-04-20 15:15:00,17624.45,43.37,41.70142857142857,Waiting,192.99
5664,2023-04-21 09:15:00,17617.65,47.69,41.29,Waiting,192.88
5665,2023-04-21 10:15:00,17609.25,41.33,40.55214285714286,Waiting,192.77
5666,2023-04-21 11:15:00,17595.35,37.83,39.725,Waiting,192.79
5667,2023-04-21 12:15:00,17561.05,35.8,39.23642857142857,Waiting,192.74
5668,2023-04-21 13:15:00,17599.85,50.84,40.49357142857143,Waiting,192.78
5669,2023-04-21 14:15:00,17632.5,50.76,41.57928571428572,Waiting,192.93
5670,2023-04-21 15:15:00,17624.05,51.04,42.73214285714285,Waiting,192.85
5671,2023-04-24 09:15:00,17633.15,50.97,43.37,Waiting,192.97
5672,2023-04-24 10:15:00,17638.8,55.74,44.715,Waiting,192.99
5673,2023-04-24 11:15:00,17637.35,53.58,45.75714285714285,Waiting,192.95
5674,2023-04-24 12:15:00,17687.0,67.05,48.09357142857143,Waiting,193.07
5675,2023-04-24 13:15:00,17716.75,71.17,50.21571428571429,Waiting,193.66
5676,2023-04-24 14:15:00,17747.75,70.3,51.96214285714286,Waiting,193.65
5677,2023-04-24 15:15:00,17743.4,71.69,53.985,Waiting,193.95
5678,2023-04-25 09:15:00,17753.85,74.51,55.90071428571429,Waiting,193.89
5679,2023-04-25 10:15:00,17774.9,78.51,58.55642857142857,Waiting,194.26
5680,2023-04-25 11:15:00,17776.9,82.58,61.75285714285714,Waiting,194.25
5681,2023-04-25 12:15:00,17777.5,94.18,65.92285714285715,Waiting,193.98
5682,2023-04-25 13:15:00,17791.2,93.52,68.97142857142858,Waiting,194.29
5683,2023-04-25 14:15:00,17776.45,85.64,71.46285714285715,Waiting,194.37
5684,2023-04-25 15:15:00,17769.25,86.17,73.97214285714287,Waiting,194.13
5685,2023-04-26 09:15:00,17751.55,78.28,75.92285714285715,Waiting,193.82
5686,2023-04-26 10:15:00,17774.05,79.9,77.64857142857143,Waiting,194.1
5687,2023-04-26 11:15:00,17778.9,80.83,79.59500000000001,Waiting,194.2
5688,2023-04-26 12:15:00,17781.3,75.86,80.22428571428573,Waiting,194.54
5689,2023-04-26 13:15:00,17794.7,73.49,80.39,Waiting,194.33
5690,2023-04-26 14:15:00,17816.4,71.91,80.50500000000001,Waiting,194.31
5691,2023-04-26 15:15:00,17813.6,72.63,80.57214285714285,Waiting,194.62
5692,2023-04-27 09:15:00,17832.8,74.09,80.54214285714286,Waiting,194.83
5693,2023-04-27 10:15:00,17827.2,67.62,79.76428571428572,Waiting,194.95
5694,2023-04-27 11:15:00,17848.35,71.32,78.96,Waiting,195.04
5695,2023-04-27 12:15:00,17852.0,71.83,77.36357142857143,Waiting,195.1
5696,2023-04-27 13:15:00,17884.4,74.62,76.01357142857144,Waiting,195.47
5697,2023-04-27 14:15:00,17920.95,84.23,75.91285714285713,Waiting,195.64
5698,2023-04-27 15:15:00,17915.05,84.75,75.81142857142858,Waiting,195.93
5699,2023-04-28 09:15:00,17889.2,81.58,76.04714285714286,Waiting,196.05
5700,2023-04-28 10:15:00,17946.2,84.1,76.34714285714286,Waiting,195.91
5701,2023-04-28 11:15:00,17963.9,84.87,76.63571428571429,Waiting,196.45
5702,2023-04-28 12:15:00,17973.3,85.26,77.30714285714285,Waiting,196.52
5703,2023-04-28 13:15:00,17981.8,84.99,78.12857142857142,Waiting,196.59
5704,2023-04-28 14:15:00,18064.05,87.76,79.26071428571429,Waiting,196.7
5705,2023-04-28 15:15:00,18065.0,88.55,80.39785714285713,Waiting,197.29
5706,2023-05-02 09:15:00,18164.65,90.81,81.59214285714286,Waiting,198.43
5707,2023-05-02 10:15:00,18136.5,86.04,82.90785714285714,Waiting,198.49
5708,2023-05-02 11:15:00,18163.45,86.23,83.97285714285714,Waiting,198.47
5709,2023-05-02 12:15:00,18171.0,86.35,85.01,Waiting,198.42
5710,2023-05-02 13:15:00,18168.15,84.67,85.72785714285713,Waiting,198.53
5711,2023-05-02 14:15:00,18142.95,77.9,85.2757142857143,Waiting,198.52
5712,2023-05-02 15:15:00,18147.65,79.32,84.88785714285714,Waiting,198.39
5713,2023-05-03 09:15:00,18083.75,72.37,84.23,Waiting,197.71
5714,2023-05-03 10:15:00,18078.9,67.34,83.03285714285714,Waiting,197.93
5715,2023-05-03 11:15:00,18069.55,64.11,81.55,Waiting,197.63
5716,2023-05-03 12:15:00,18078.85,64.11,80.03928571428571,Waiting,197.62
5717,2023-05-03 13:15:00,18069.0,61.61,78.36928571428571,Waiting,197.72
5718,2023-05-03 14:15:00,18098.0,55.27,76.04857142857144,Waiting,197.73
5719,2023-05-03 15:15:00,18089.85,53.77,73.56428571428572,Waiting,197.68
5720,2023-05-04 09:15:00,18126.25,42.79,70.13428571428572,Waiting,197.89
5721,2023-05-04 10:15:00,18152.4,53.01,67.775,Waiting,198.39
5722,2023-05-04 11:15:00,18153.9,48.0,65.04428571428572,Waiting,198.64
5723,2023-05-04 12:15:00,18179.4,51.64,62.565000000000005,Waiting,198.6
5724,2023-05-04 13:15:00,18180.65,52.45,60.263571428571424,Waiting,198.77
5725,2023-05-04 14:15:00,18263.15,69.24,59.645,Waiting,199.13
5726,2023-05-04 15:15:00,18255.8,67.16,58.77642857142858,Waiting,199.45
5727,2023-05-05 09:15:00,18199.85,68.9,58.52857142857143,Waiting,198.89
5728,2023-05-05 10:15:00,18160.7,61.98,58.14571428571429,Waiting,199.12
5729,2023-05-05 11:15:00,18137.1,59.5,57.816428571428574,Waiting,198.38
5730,2023-05-05 12:15:00,18153.7,60.31,57.545,Waiting,198.48
5731,2023-05-05 13:15:00,18140.75,59.8,57.41571428571428,Waiting,198.54
5732,2023-05-05 14:15:00,18071.95,46.79,56.81,Waiting,198.25
5733,2023-05-05 15:15:00,18069.0,47.4,56.355,Waiting,197.84
5734,2023-05-08 09:15:00,18193.75,56.9,57.36285714285714,Waiting,198.78
5735,2023-05-08 10:15:00,18233.55,58.07,57.72428571428571,Waiting,199.37
5736,2023-05-08 11:15:00,18269.9,60.79,58.637857142857136,Waiting,199.5
5737,2023-05-08 12:15:00,18270.35,58.87,59.15428571428571,Waiting,199.8
5738,2023-05-08 13:15:00,18274.3,59.09,59.62857142857143,Waiting,199.83
5739,2023-05-08 14:15:00,18266.1,50.33,58.27785714285714,Waiting,199.85
5740,2023-05-08 15:15:00,18264.4,50.99,57.12285714285714,Waiting,199.71
5741,2023-05-09 09:15:00,18331.2,64.72,56.82428571428572,Waiting,200.1
5742,2023-05-09 10:15:00,18330.55,70.84,57.457142857142856,Waiting,200.35
5743,2023-05-09 11:15:00,18328.25,74.74,58.54571428571428,Waiting,200.34
5744,2023-05-09 12:15:00,18292.85,67.18,59.03642857142857,Waiting,200.38
5745,2023-05-09 13:15:00,18260.85,64.16,59.34785714285714,Waiting,199.84
5746,2023-05-09 14:15:00,18268.35,77.07,61.510714285714286,Waiting,199.68
5747,2023-05-09 15:15:00,18265.95,77.18,63.637857142857136,Waiting,199.7
5748,2023-05-10 09:15:00,18226.3,55.87,63.56428571428571,Waiting,199.35
5749,2023-05-10 10:15:00,18256.6,54.31,63.29571428571428,Waiting,199.55
5750,2023-05-10 11:15:00,18276.1,51.24,62.61357142857143,Waiting,199.75
5751,2023-05-10 12:15:00,18292.4,54.13,62.275,Waiting,199.89
5752,2023-05-10 13:15:00,18288.55,52.67,61.81642857142857,Waiting,199.75
5753,2023-05-10 14:15:00,18319.4,59.22,62.45142857142857,Waiting,199.98
5754,2023-05-10 15:15:00,18315.1,58.69,63.00142857142857,Waiting,200.0
5755,2023-05-11 09:15:00,18323.2,48.28,61.82714285714286,Waiting,200.14
5756,2023-05-11 10:15:00,18326.55,49.15,60.27785714285714,Waiting,200.45
5757,2023-05-11 11:15:00,18307.5,45.89,58.21714285714285,Waiting,200.45
5758,2023-05-11 12:15:00,18320.25,55.96,57.41571428571429,Waiting,200.33
5759,2023-05-11 13:15:00,18321.75,65.27,57.495000000000005,Waiting,200.32
5760,2023-05-11 14:15:00,18298.95,57.13,56.07071428571429,Waiting,200.4
5761,2023-05-11 15:15:00,18297.0,57.25,54.64714285714286,Waiting,200.35
5762,2023-05-12 09:15:00,18244.2,53.94,54.50928571428572,Waiting,199.27
5763,2023-05-12 10:15:00,18285.0,55.97,54.62785714285714,Waiting,199.74
5764,2023-05-12 11:15:00,18277.8,50.38,54.56642857142857,Waiting,199.83
5765,2023-05-12 12:15:00,18301.2,51.89,54.40642857142857,Waiting,200.03
5766,2023-05-12 13:15:00,18329.15,57.9,54.78,Waiting,200.3
5767,2023-05-12 14:15:00,18315.9,49.27,54.06928571428572,Waiting,200.39
5768,2023-05-12 15:15:00,18314.8,49.94,53.44428571428572,Waiting,200.26
5769,2023-05-15 09:15:00,18383.45,60.16,54.29285714285714,Waiting,200.7
5770,2023-05-15 10:15:00,18397.85,61.59,55.18142857142857,Waiting,200.96
5771,2023-05-15 11:15:00,18420.0,68.1,56.767857142857146,Waiting,201.25
5772,2023-05-15 12:15:00,18433.8,68.21,57.642857142857146,Waiting,201.42
5773,2023-05-15 13:15:00,18451.9,69.82,57.96785714285714,Waiting,201.54
5774,2023-05-15 14:15:00,18390.0,62.39,58.34357142857142,Waiting,201.51
5775,2023-05-15 15:15:00,18398.85,63.6,58.79714285714285,Waiting,201.34
5776,2023-05-16 09:15:00,18401.65,74.27,60.24928571428571,Waiting,201.52
5777,2023-05-16 10:15:00,18379.15,65.38,60.92142857142857,Waiting,201.6
5778,2023-05-16 11:15:00,18357.9,62.51,61.78785714285714,Waiting,201.3
5779,2023-05-16 12:15:00,18363.85,60.35,62.39214285714286,Waiting,201.22
5780,2023-05-16 13:15:00,18341.15,52.02,61.972142857142856,Waiting,201.11
5781,2023-05-16 14:15:00,18283.2,45.22,61.68285714285714,Waiting,200.91
5782,2023-05-16 15:15:00,18286.5,45.89,61.39357142857143,Waiting,200.51
5783,2023-05-17 09:15:00,18268.75,30.45,59.27142857142858,Waiting,200.02
5784,2023-05-17 10:15:00,18231.0,23.66,56.56214285714286,Waiting,199.83
5785,2023-05-17 11:15:00,18147.7,13.97,52.69571428571429,Buy,199.42
5786,2023-05-17 12:15:00,18132.7,10.29,48.55857142857143,Hold,199.47
5787,2023-05-17 13:15:00,18138.8,7.35,44.096428571428575,Hold,199.08
5788,2023-05-17 14:15:00,18184.0,20.61,41.112142857142864,Hold,199.46
5789,2023-05-17 15:15:00,18181.75,18.43,37.885714285714286,Hold,199.76
5790,2023-05-18 09:15:00,18222.25,26.49,34.472857142857144,Hold,200.05
5791,2023-05-18 10:15:00,18242.45,31.98,32.08714285714286,Hold,199.81
5792,2023-05-18 11:15:00,18229.5,32.69,29.957142857142856,Hold,199.97
5793,2023-05-18 12:15:00,18191.75,28.63,27.69142857142857,Hold,199.52
5794,2023-05-18 13:15:00,18171.9,28.84,26.035714285714285,Hold,199.57
5795,2023-05-18 14:15:00,18135.2,30.45,24.98071428571428,Hold,199.28
5796,2023-05-18 15:15:00,18129.95,29.43,23.805,Hold,199.05
5797,2023-05-19 09:15:00,18082.5,27.3,23.58,Hold,198.85
5798,2023-05-19 10:15:00,18114.8,35.65,24.436428571428568,Hold,198.45
5799,2023-05-19 11:15:00,18137.9,48.58,26.90857142857143,Hold,199.11
5800,2023-05-19 12:15:00,18121.15,48.33,29.625714285714285,Hold,198.98
5801,2023-05-19 13:15:00,18164.7,53.37,32.91285714285714,Hold,199.03
5802,2023-05-19 14:15:00,18204.25,52.68,35.20357142857143,Hold,199.67
5803,2023-05-19 15:15:00,18203.4,52.87,37.66357142857142,Hold,199.82
5804,2023-05-22 09:15:00,18270.6,55.99,39.77071428571429,Hold,200.43
5805,2023-05-22 10:15:00,18296.95,56.65,41.53285714285714,Hold,200.47
5806,2023-05-22 11:15:00,18316.95,60.49,43.51857142857143,Hold,200.65
5807,2023-05-23 11:15:00,18406.45,72.92,46.682142857142864,Sell,201.53
5808,2023-05-23 12:15:00,18398.6,74.84,49.96785714285714,Waiting,201.58
5809,2023-05-23 13:15:00,18400.35,81.46,53.61142857142857,Waiting,201.5
5810,2023-05-23 14:15:00,18343.9,72.63,56.69714285714286,Waiting,201.4
5811,2023-05-23 15:15:00,18348.0,80.92,60.527142857142856,Waiting,201.02
5812,2023-05-24 09:15:00,18362.8,80.11,63.702857142857134,Waiting,200.89
5813,2023-05-24 10:15:00,18374.1,79.53,65.91357142857143,Waiting,201.17
5814,2023-05-24 11:15:00,18341.05,76.41,67.91928571428572,Waiting,201.15
5815,2023-05-24 12:15:00,18302.35,66.73,68.87357142857142,Waiting,200.64
5816,2023-05-24 13:15:00,18312.55,64.17,69.69428571428571,Waiting,200.74
5817,2023-05-24 14:15:00,18289.3,60.62,70.24785714285714,Waiting,200.3
5818,2023-05-24 15:15:00,18285.4,52.17,69.975,Waiting,200.24
5819,2023-05-25 09:15:00,18261.85,44.81,69.12928571428571,Waiting,200.21
5820,2023-05-25 10:15:00,18252.95,40.22,67.68142857142858,Waiting,199.9
5821,2023-05-25 11:15:00,18243.9,17.08,63.692857142857136,Waiting,199.8
5822,2023-05-25 12:15:00,18225.45,16.37,59.51642857142857,Buy,199.78
5823,2023-05-25 13:15:00,18241.1,20.66,55.17357142857143,Hold,199.59
5824,2023-05-25 14:15:00,18328.7,47.49,53.37785714285714,Hold,200.0
5825,2023-05-25 15:15:00,18321.15,45.61,50.855714285714285,Hold,200.7
5826,2023-05-26 09:15:00,18378.4,52.24,48.865,Hold,201.26
5827,2023-05-26 10:15:00,18413.85,55.33,47.13642857142857,Hold,201.5
5828,2023-05-26 11:15:00,18433.55,62.88,46.17,Hold,201.77
5829,2023-05-26 12:15:00,18434.55,70.56,46.443571428571424,Sell,201.95
5830,2023-05-26 13:15:00,18486.15,73.92,47.14,Waiting,202.03
5831,2023-05-26 14:15:00,18505.0,80.08,48.53,Waiting,202.46
5832,2023-05-26 15:15:00,18499.35,79.69,50.49571428571429,Waiting,202.85
5833,2023-05-29 09:15:00,18588.45,88.35,53.605714285714285,Waiting,204.01
5834,2023-05-29 10:15:00,18632.8,91.18,57.24571428571428,Waiting,204.32
5835,2023-05-29 11:15:00,18617.6,89.98,62.45285714285715,Waiting,204.3
5836,2023-05-29 12:15:00,18595.8,89.34,67.665,Waiting,204.2
5837,2023-05-29 13:15:00,18622.8,89.59,72.58857142857143,Waiting,204.3
5838,2023-05-29 14:15:00,18599.35,82.38,75.0807142857143,Waiting,204.19
5839,2023-05-29 15:15:00,18598.65,83.75,77.80499999999999,Waiting,204.14
5840,2023-05-30 09:15:00,18652.2,83.6,80.045,Waiting,204.49
5841,2023-05-30 10:15:00,18606.9,73.13,81.31642857142857,Waiting,204.39
5842,2023-05-30 11:15:00,18620.8,72.75,82.02142857142857,Waiting,204.18
5843,2023-05-30 12:15:00,18611.9,71.15,82.06357142857144,Waiting,204.09
5844,2023-05-30 13:15:00,18627.4,68.43,81.67142857142858,Waiting,204.31
5845,2023-05-30 14:15:00,18633.5,67.34,80.76142857142858,Waiting,204.39
5846,2023-05-30 15:15:00,18633.85,68.41,79.9557142857143,Waiting,204.36
5847,2023-05-31 09:15:00,18569.15,47.17,77.01428571428572,Waiting,203.63
5848,2023-05-31 10:15:00,18550.45,36.93,73.13928571428572,Waiting,203.63
5849,2023-05-31 11:15:00,18498.7,33.1,69.07642857142858,Waiting,203.55
5850,2023-05-31 12:15:00,18495.5,34.94,65.19071428571428,Waiting,203.4
5851,2023-05-31 13:15:00,18509.95,32.4,61.10571428571428,Waiting,203.5
5852,2023-05-31 14:15:00,18525.9,38.27,57.95499999999999,Waiting,203.59
5853,2023-05-31 15:15:00,18534.4,39.99,54.82928571428571,Waiting,203.66
5854,2023-06-01 09:15:00,18559.3,34.1,51.29357142857143,Waiting,203.89
5855,2023-06-01 10:15:00,18569.0,42.61,49.11357142857143,Waiting,203.85
5856,2023-06-01 11:15:00,18537.3,34.78,46.401428571428575,Waiting,203.8
5857,2023-06-01 12:15:00,18550.8,39.05,44.10857142857144,Waiting,203.39
5858,2023-06-01 13:15:00,18524.0,32.19,41.52,Waiting,203.25
5859,2023-06-01 14:15:00,18491.35,27.57,38.67928571428571,Waiting,202.95
5860,2023-06-01 15:15:00,18487.75,27.18,35.73428571428571,Buy,202.99
5861,2023-06-02 09:15:00,18492.3,35.22,34.880714285714284,Hold,203.9
5862,2023-06-02 10:15:00,18515.25,43.34,35.33857142857143,Hold,203.6
5863,2023-06-02 11:15:00,18528.15,56.53,37.01214285714286,Hold,203.68
5864,2023-06-02 12:15:00,18545.3,60.41,38.83142857142857,Hold,203.8
5865,2023-06-02 13:15:00,18540.8,56.73,40.56928571428572,Hold,204.0
5866,2023-06-02 14:15:00,18537.25,52.62,41.59428571428571,Hold,203.55
5867,2023-06-02 15:15:00,18534.1,49.93,42.30428571428571,Hold,203.84
5868,2023-06-05 09:15:00,18618.3,60.89,44.21785714285714,Hold,204.41
5869,2023-06-05 10:15:00,18631.5,61.39,45.55928571428571,Hold,204.55
5870,2023-06-05 11:15:00,18625.9,67.84,47.92071428571428,Hold,204.7
5871,2023-06-05 12:15:00,18606.55,60.97,49.486428571428576,Hold,204.66
5872,2023-06-05 13:15:00,18617.9,69.67,52.16357142857142,Hold,204.54
5873,2023-06-05 14:15:00,18593.25,72.08,55.34285714285715,Sell,204.64
5874,2023-06-05 15:15:00,18593.85,73.3,58.637142857142855,Waiting,204.28
5875,2023-06-06 09:15:00,18580.6,68.68,61.02714285714286,Waiting,204.42
5876,2023-06-06 10:15:00,18551.4,57.45,62.035,Waiting,203.9
5877,2023-06-06 11:15:00,18541.6,52.81,61.76928571428572,Waiting,203.5
5878,2023-06-06 12:15:00,18556.65,52.39,61.19642857142857,Waiting,203.69
5879,2023-06-06 13:15:00,18551.55,52.26,60.87714285714286,Waiting,203.8
5880,2023-06-06 14:15:00,18608.6,62.24,61.56428571428573,Waiting,203.78
5881,2023-06-06 15:15:00,18599.0,60.89,62.347142857142856,Waiting,204.04
5882,2023-06-07 09:15:00,18661.2,57.77,62.12428571428571,Waiting,204.6
5883,2023-06-07 10:15:00,18661.6,55.72,61.71928571428572,Waiting,204.74
5884,2023-06-07 11:15:00,18657.7,56.08,60.87928571428572,Waiting,204.65
5885,2023-06-07 12:15:00,18682.65,64.25,61.11357142857143,Waiting,204.83
5886,2023-06-07 13:15:00,18685.65,63.09,60.64357142857143,Waiting,204.94
5887,2023-06-07 14:15:00,18726.95,74.27,60.8,Waiting,205.22
5888,2023-06-07 15:15:00,18726.4,74.07,60.855,Waiting,205.34
5889,2023-06-08 09:15:00,18753.3,79.88,61.655,Waiting,205.6
5890,2023-06-08 10:15:00,18765.85,89.37,63.935,Waiting,205.81
5891,2023-06-08 11:15:00,18701.35,74.42,65.47857142857143,Waiting,205.5
5892,2023-06-08 12:15:00,18684.4,69.42,66.69500000000001,Waiting,204.99
5893,2023-06-08 13:15:00,18692.65,71.24,68.05071428571429,Waiting,205.05
5894,2023-06-08 14:15:00,18624.6,52.33,67.34285714285714,Waiting,205.0
5895,2023-06-08 15:15:00,18634.55,55.18,66.935,Waiting,204.51
5896,2023-06-09 09:15:00,18641.2,46.53,66.13214285714285,Waiting,204.34
5897,2023-06-09 10:15:00,18612.05,42.18,65.16499999999999,Waiting,204.5
5898,2023-06-09 11:15:00,18634.75,46.58,64.48642857142856,Waiting,204.49
5899,2023-06-09 12:15:00,18610.5,39.22,62.69857142857143,Waiting,204.35
5900,2023-06-09 13:15:00,18575.35,34.97,60.69,Waiting,204.15
5901,2023-06-09 14:15:00,18564.35,25.85,57.23142857142857,Waiting,204.06
5902,2023-06-09 15:15:00,18563.4,25.82,53.785,Buy,204.03
5903,2023-06-12 09:15:00,18578.35,23.09,49.72857142857142,Hold,204.17
5904,2023-06-12 10:15:00,18610.3,27.42,45.30357142857143,Hold,204.3
5905,2023-06-12 11:15:00,18605.9,33.22,42.36071428571429,Hold,204.57
5906,2023-06-12 12:15:00,18600.75,34.65,39.87714285714286,Hold,204.32
5907,2023-06-12 13:15:00,18620.65,37.33,37.455,Hold,204.55
5908,2023-06-12 14:15:00,18596.7,44.19,36.87357142857143,Hold,204.5
5909,2023-06-12 15:15:00,18601.5,42.97,36.00142857142857,Hold,204.46
5910,2023-06-13 09:15:00,18698.55,58.81,36.87857142857143,Hold,205.4
5911,2023-06-13 10:15:00,18707.5,65.64,38.55428571428571,Hold,205.38
5912,2023-06-13 11:15:00,18709.45,63.13,39.73642857142857,Hold,205.38
5913,2023-06-13 12:15:00,18712.6,69.39,41.89142857142857,Hold,205.32
5914,2023-06-13 13:15:00,18694.9,74.31,44.70142857142857,Sell,205.39
5915,2023-06-13 14:15:00,18719.35,79.89,48.56142857142857,Waiting,205.22
5916,2023-06-13 15:15:00,18716.15,79.2,52.37428571428571,Waiting,205.45
5917,2023-06-14 09:15:00,18707.55,75.31,56.10428571428572,Waiting,205.3
5918,2023-06-14 10:15:00,18726.4,73.98,59.43,Waiting,205.5
5919,2023-06-14 11:15:00,18743.95,77.04,62.56,Waiting,205.78
5920,2023-06-14 12:15:00,18757.6,79.73,65.78,Waiting,205.75
5921,2023-06-14 13:15:00,18766.05,78.81,68.74285714285715,Waiting,205.91
5922,2023-06-14 14:15:00,18758.4,84.26,71.605,Waiting,205.88
5923,2023-06-14 15:15:00,18755.9,83.03,74.46642857142857,Waiting,205.85
5924,2023-06-15 09:15:00,18776.4,74.77,75.60642857142857,Waiting,205.64
5925,2023-06-15 10:15:00,18762.3,66.88,75.69500000000001,Waiting,206.15
5926,2023-06-15 11:15:00,18727.1,54.51,75.07928571428572,Waiting,205.49
5927,2023-06-15 12:15:00,18723.3,52.73,73.88928571428572,Waiting,205.54
5928,2023-06-15 13:15:00,18705.8,52.78,72.35142857142857,Waiting,205.71
5929,2023-06-15 14:15:00,18682.65,40.58,69.54357142857143,Waiting,205.2
5930,2023-06-15 15:15:00,18688.1,42.88,66.94928571428571,Waiting,205.31
5931,2023-06-16 09:15:00,18765.05,60.84,65.91571428571429,Waiting,206.07
5932,2023-06-16 10:15:00,18762.3,57.2,64.71714285714286,Waiting,206.2
5933,2023-06-16 11:15:00,18765.2,54.53,63.10928571428571,Waiting,206.15
5934,2023-06-16 12:15:00,18764.4,51.53,61.095000000000006,Waiting,206.15
5935,2023-06-16 13:15:00,18789.85,54.99,59.39357142857143,Waiting,206.18
5936,2023-06-16 14:15:00,18823.0,62.23,57.82,Waiting,206.67
5937,2023-06-16 15:15:00,18826.0,63.24,56.40642857142858,Waiting,206.69
5938,2023-06-19 09:15:00,18827.05,60.33,55.375,Waiting,206.85
5939,2023-06-19 10:15:00,18779.25,53.04,54.386428571428574,Waiting,206.47
5940,2023-06-19 11:15:00,18780.45,60.89,54.84214285714286,Waiting,206.2
5941,2023-06-19 12:15:00,18759.25,56.85,55.136428571428574,Waiting,206.27
5942,2023-06-19 13:15:00,18734.1,55.24,55.31214285714287,Waiting,205.6
5943,2023-06-19 14:15:00,18760.5,64.25,57.00285714285714,Waiting,205.95
5944,2023-06-19 15:15:00,18755.45,62.34,58.392857142857146,Waiting,205.87
5945,2023-06-20 09:15:00,18695.55,36.42,56.64857142857143,Waiting,205.29
5946,2023-06-20 10:15:00,18699.9,37.88,55.26857142857143,Waiting,205.03
5947,2023-06-20 11:15:00,18717.25,41.18,54.315,Waiting,205.6
5948,2023-06-20 12:15:00,18743.45,46.48,53.95428571428572,Waiting,205.6
5949,2023-06-20 13:15:00,18752.5,43.35,53.12285714285714,Waiting,205.7
5950,2023-06-20 14:15:00,18820.4,49.59,52.21999999999999,Waiting,205.94
5951,2023-06-20 15:15:00,18816.7,48.53,51.169285714285714,Waiting,206.5
5952,2023-06-21 09:15:00,18869.5,55.77,50.84357142857143,Waiting,206.88
5953,2023-06-21 10:15:00,18800.9,52.78,50.825,Waiting,206.7
5954,2023-06-21 11:15:00,18830.15,55.96,50.47285714285714,Waiting,206.55
5955,2023-06-21 12:15:00,18853.4,61.24,50.78642857142857,Waiting,206.75
5956,2023-06-21 13:15:00,18865.25,66.17,51.567142857142855,Waiting,206.95
5957,2023-06-21 14:15:00,18861.15,63.13,51.487142857142864,Waiting,206.9
5958,2023-06-21 15:15:00,18856.85,63.25,51.55214285714286,Waiting,206.87
5959,2023-06-22 09:15:00,18862.75,75.44,54.33928571428572,Waiting,206.95
5960,2023-06-22 10:15:00,18852.3,72.77,56.83142857142857,Waiting,207.04
5961,2023-06-22 11:15:00,18812.25,63.29,58.410714285714285,Waiting,206.75
5962,2023-06-22 12:15:00,18803.3,58.8,59.29071428571429,Waiting,206.43
5963,2023-06-22 13:15:00,18835.95,61.47,60.585,Waiting,206.94
5964,2023-06-22 14:15:00,18766.4,42.61,60.08642857142856,Waiting,206.46
5965,2023-06-22 15:15:00,18771.25,43.8,59.74857142857143,Waiting,206.24
5966,2023-06-23 09:15:00,18690.5,27.31,57.71571428571429,Waiting,205.04
5967,2023-06-23 10:15:00,18708.4,36.55,56.55642857142857,,205.38
5968,2023-06-23 11:15:00,18717.0,32.49,54.88,,205.33
5969,2023-06-23 12:15:00,18718.0,27.5,52.46999999999999,Buy,205.86
5970,2023-06-23 13:15:00,18689.6,22.33,49.33857142857143,Hold,205.56
5971,2023-06-23 14:15:00,18666.85,21.09,46.33571428571429,Hold,205.35
5972,2023-06-23 15:15:00,18665.5,21.28,43.337857142857146,Hold,204.98
5973,2023-06-26 09:15:00,18672.05,21.43,39.48,Hold,205.4
5974,2023-06-26 10:15:00,18667.0,21.79,35.83857142857143,Hold,204.9
5975,2023-06-26 11:15:00,18685.5,29.35,33.41428571428572,Hold,205.22
5976,2023-06-26 12:15:00,18662.6,28.07,31.219285714285714,Hold,205.05
5977,2023-06-26 13:15:00,18666.15,20.89,28.32071428571428,Hold,204.95
5978,2023-06-26 14:15:00,18696.35,36.12,27.857142857142858,Hold,204.98
5979,2023-06-26 15:15:00,18691.2,34.16,27.16857142857143,Hold,205.17
5980,2023-06-27 09:15:00,18730.7,59.51,29.46857142857143,Hold,205.65
5981,2023-06-27 10:15:00,18722.3,53.44,30.675,Hold,205.64
5982,2023-06-27 11:15:00,18750.6,57.58,32.46714285714285,Hold,205.7
5983,2023-06-27 12:15:00,18742.95,55.47,34.465,Hold,205.83
5984,2023-06-27 13:15:00,18775.4,68.47,37.760714285714286,Hold,205.8
5985,2023-06-27 14:15:00,18824.8,80.5,42.00428571428571,Sell,206.0
5986,2023-06-27 15:15:00,18817.4,78.66,46.10285714285715,Waiting,206.46
5987,2023-06-28 09:15:00,18888.3,82.83,50.48857142857143,Waiting,207.2
5988,2023-06-28 10:15:00,18939.5,86.28,55.095000000000006,Waiting,207.58
5989,2023-06-28 11:15:00,18956.6,86.23,59.15785714285715,Waiting,208.0
5990,2023-06-28 12:15:00,18994.9,92.66,63.771428571428565,Waiting,208.06
5991,2023-06-28 13:15:00,18979.55,89.05,68.64,Waiting,208.49
5992,2023-06-28 14:15:00,18972.95,86.62,72.24714285714285,Waiting,208.25
5993,2023-06-28 15:15:00,18972.1,87.61,76.06499999999998,Waiting,208.18
5994,2023-06-30 09:15:00,19090.25,89.77,78.22642857142857,Waiting,209.75
5995,2023-06-30 10:15:00,19095.8,91.57,80.95,Waiting,209.6
5996,2023-06-30 11:15:00,19118.3,91.46,83.37,Waiting,209.75
5997,2023-06-30 12:15:00,19145.4,93.48,86.08500000000001,Waiting,210.1
5998,2023-06-30 13:15:00,19144.75,92.84,87.82571428571428,Waiting,210.08
5999,2023-06-30 14:15:00,19194.25,92.84,88.70714285714284,Waiting,210.4
6000,2023-06-30 15:15:00,19189.05,93.32,89.75428571428573,Waiting,210.61
6001,2023-07-03 09:15:00,19323.4,94.18,90.56499999999998,Waiting,212.07
6002,2023-07-03 10:15:00,19267.1,82.92,90.325,Waiting,212.08
6003,2023-07-03 11:15:00,19303.3,83.56,90.13428571428572,Waiting,211.8
6004,2023-07-03 12:15:00,19319.3,82.81,89.4307142857143,Waiting,212.15
6005,2023-07-03 13:15:00,19304.6,82.92,88.99285714285713,Waiting,212.1
6006,2023-07-03 14:15:00,19316.55,84.43,88.83642857142857,Waiting,212.25
6007,2023-07-03 15:15:00,19322.55,84.76,88.63285714285713,Waiting,212.3
6008,2023-07-04 09:15:00,19325.35,80.23,87.95142857142856,Waiting,212.34
6009,2023-07-04 10:15:00,19340.75,80.72,87.17642857142857,Waiting,212.26
6010,2023-07-04 11:15:00,19377.0,81.37,86.45571428571428,Waiting,212.36
6011,2023-07-04 12:15:00,19392.9,80.84,85.55285714285715,Waiting,212.9
6012,2023-07-04 13:15:00,19372.65,77.08,84.42714285714285,Waiting,213.15
6013,2023-07-04 14:15:00,19389.95,75.18,83.1657142857143,Waiting,212.89
6014,2023-07-04 15:15:00,19389.0,76.01,81.92928571428571,Waiting,213.06
6015,2023-07-05 09:15:00,19389.05,63.13,79.71142857142857,Waiting,212.78
6016,2023-07-05 10:15:00,19374.0,75.6,79.18857142857144,Waiting,212.81
6017,2023-07-05 11:15:00,19392.65,73.36,78.46000000000001,Waiting,212.88
6018,2023-07-05 12:15:00,19388.55,69.31,77.49571428571429,Waiting,212.9
6019,2023-07-05 13:15:00,19380.85,72.12,76.72428571428573,Waiting,212.84
6020,2023-07-05 14:15:00,19410.65,74.74,76.03214285714286,Waiting,212.63
6021,2023-07-05 15:15:00,19398.5,69.34,74.93071428571429,Waiting,212.92
6022,2023-07-06 09:15:00,19449.85,75.42,74.58714285714287,Waiting,212.97
6023,2023-07-06 10:15:00,19457.7,74.64,74.15285714285713,Waiting,213.45
6024,2023-07-06 11:15:00,19450.2,67.55,73.16571428571429,Waiting,213.61
6025,2023-07-06 12:15:00,19450.2,64.87,72.025,Waiting,213.43
6026,2023-07-06 13:15:00,19458.0,73.68,71.78214285714286,Waiting,213.51
6027,2023-07-06 14:15:00,19505.45,77.45,71.94428571428571,Waiting,213.85
6028,2023-07-06 15:15:00,19497.3,74.89,71.86428571428571,Waiting,213.96
6029,2023-07-07 09:15:00,19496.55,74.62,72.685,Waiting,213.89
6030,2023-07-07 10:15:00,19426.75,59.66,71.54642857142856,Waiting,213.59
6031,2023-07-07 11:15:00,19380.5,47.98,69.73357142857144,Waiting,213.02
6032,2023-07-07 12:15:00,19355.9,44.92,67.99142857142857,Waiting,212.68
6033,2023-07-07 13:15:00,19372.1,48.67,66.31642857142857,Waiting,212.78
6034,2023-07-07 14:15:00,19325.65,37.73,63.67285714285714,Waiting,213.32
6035,2023-07-07 15:15:00,19331.8,40.2,61.59142857142857,Waiting,212.72
6036,2023-07-10 09:15:00,19413.15,45.04,59.42142857142857,Waiting,213.0
6037,2023-07-10 10:15:00,19389.8,41.2,57.03285714285715,Waiting,213.4
6038,2023-07-10 11:15:00,19350.4,38.05,54.925714285714285,Waiting,212.78
6039,2023-07-10 12:15:00,19393.05,43.79,53.42000000000001,Waiting,212.8
6040,2023-07-10 13:15:00,19397.0,43.32,51.25142857142857,Waiting,213.0
6041,2023-07-10 14:15:00,19355.8,33.38,48.10357142857142,Waiting,212.61
6042,2023-07-10 15:15:00,19355.9,34.01,45.18357142857143,Waiting,212.64
6043,2023-07-11 09:15:00,19473.15,47.91,43.27571428571428,Waiting,213.6
6044,2023-07-11 10:15:00,19500.55,57.15,43.096428571428575,Waiting,213.86
6045,2023-07-11 11:15:00,19493.35,61.82,44.085,Waiting,213.96
6046,2023-07-11 12:15:00,19486.65,64.23,45.46428571428572,Waiting,213.89
6047,2023-07-11 13:15:00,19459.0,59.23,46.21857142857143,Waiting,213.85
6048,2023-07-11 14:15:00,19428.15,61.26,47.89928571428572,Waiting,213.55
6049,2023-07-11 15:15:00,19439.4,61.69,49.43428571428571,Waiting,213.45
6050,2023-07-12 09:15:00,19464.95,56.4,50.24571428571429,Waiting,213.75
6051,2023-07-12 10:15:00,19454.9,58.32,51.46857142857142,Waiting,213.71
6052,2023-07-12 11:15:00,19419.75,58.96,52.96214285714286,Waiting,213.52
6053,2023-07-12 12:15:00,19453.1,57.95,53.97357142857143,Waiting,213.5
6054,2023-07-12 13:15:00,19443.05,56.0,54.87928571428571,Waiting,213.68
6055,2023-07-12 14:15:00,19371.7,51.92,56.20357142857143,Waiting,213.55
6056,2023-07-12 15:15:00,19384.3,53.33,57.58357142857143,Waiting,213.25
6057,2023-07-13 09:15:00,19560.4,58.99,58.375,Waiting,214.25
6058,2023-07-13 10:15:00,19553.65,55.71,58.27214285714285,Waiting,214.66
6059,2023-07-13 11:15:00,19548.85,56.0,57.85642857142857,Waiting,214.7
6060,2023-07-13 12:15:00,19545.95,56.47,57.30214285714286,Waiting,214.64
6061,2023-07-13 13:15:00,19450.3,49.17,56.58357142857143,Waiting,214.4
6062,2023-07-13 14:15:00,19418.45,49.08,55.71357142857143,Waiting,213.64
6063,2023-07-13 15:15:00,19413.75,47.54,54.70285714285715,Waiting,213.69
6064,2023-07-14 09:15:00,19451.9,48.78,54.15857142857142,Waiting,214.09
6065,2023-07-14 10:15:00,19472.5,51.62,53.68,Waiting,214.0
6066,2023-07-14 11:15:00,19485.3,56.28,53.48857142857143,Waiting,214.04
6067,2023-07-14 12:15:00,19501.4,54.79,53.26285714285715,Waiting,214.08
6068,2023-07-14 13:15:00,19512.2,56.84,53.32285714285715,Waiting,214.16
6069,2023-07-14 14:15:00,19566.45,69.95,54.61071428571428,Waiting,214.15
6070,2023-07-14 15:15:00,19564.5,68.87,55.72071428571429,Waiting,214.83
6071,2023-07-17 09:15:00,19631.4,59.64,55.76714285714286,Waiting,215.18
6072,2023-07-17 10:15:00,19620.15,58.92,55.996428571428574,Waiting,215.42
6073,2023-07-17 11:15:00,19628.95,60.63,56.32714285714286,Waiting,215.53
6074,2023-07-17 12:15:00,19646.9,62.88,56.785,Waiting,215.6
6075,2023-07-17 13:15:00,19648.3,83.28,59.221428571428575,Waiting,215.94
6076,2023-07-17 14:15:00,19730.15,94.85,62.49071428571428,Waiting,216.2
6077,2023-07-17 15:15:00,19711.45,91.18,65.60785714285714,Waiting,216.53
6078,2023-07-18 09:15:00,19763.6,91.5,68.65928571428572,Waiting,216.89
6079,2023-07-18 10:15:00,19806.95,91.99,71.54285714285714,Waiting,217.12
6080,2023-07-18 11:15:00,19702.9,72.23,72.68214285714285,Waiting,216.8
6081,2023-07-18 12:15:00,19717.9,72.16,73.92285714285715,Waiting,216.95
6082,2023-07-18 13:15:00,19760.3,73.86,75.13857142857144,Waiting,216.9
6083,2023-07-18 14:15:00,19743.55,68.35,75.02428571428572,Waiting,216.87
6084,2023-07-18 15:15:00,19749.25,69.0,75.03357142857143,Waiting,217.02
6085,2023-07-19 09:15:00,19826.15,69.62,75.74642857142858,Waiting,217.49
6086,2023-07-19 10:15:00,19746.15,61.15,75.9057142857143,Waiting,217.41
6087,2023-07-19 11:15:00,19736.6,59.51,75.82571428571428,Waiting,217.1
6088,2023-07-19 12:15:00,19788.95,61.83,75.75071428571428,Waiting,217.4
6089,2023-07-19 13:15:00,19781.1,60.95,74.1557142857143,Waiting,217.41
6090,2023-07-19 14:15:00,19833.2,58.93,71.59,Waiting,217.12
6091,2023-07-19 15:15:00,19833.15,60.9,69.42714285714285,Waiting,217.97
6092,2023-07-20 09:15:00,19787.35,52.15,66.61642857142857,Waiting,217.4
6093,2023-07-20 10:15:00,19830.8,52.16,63.77142857142858,Waiting,217.65
6094,2023-07-20 11:15:00,19860.15,66.47,63.36,Waiting,217.82
6095,2023-07-20 12:15:00,19899.3,68.09,63.06928571428572,Waiting,218.28
6096,2023-07-20 13:15:00,19942.25,68.12,62.65928571428572,Waiting,218.57
6097,2023-07-20 14:15:00,19987.05,72.97,62.989285714285714,Waiting,219.05
6098,2023-07-20 15:15:00,19979.15,71.6,63.175,Waiting,219.51
6099,2023-07-21 09:15:00,19843.7,51.49,61.88,Waiting,218.15
6100,2023-07-21 10:15:00,19780.0,52.95,61.294285714285714,Waiting,218.18
6101,2023-07-21 11:15:00,19767.9,52.71,60.80857142857143,Waiting,217.9
6102,2023-07-21 12:15:00,19791.35,50.22,59.97928571428572,Waiting,217.62
6103,2023-07-21 13:15:00,19779.4,49.85,59.18642857142856,Waiting,218.1
6104,2023-07-21 14:15:00,19743.25,41.61,57.94928571428572,Waiting,217.59
6105,2023-07-21 15:15:00,19745.0,41.81,56.58571428571429,Waiting,217.48
6106,2023-07-24 09:15:00,19748.55,46.09,56.15285714285714,Waiting,217.15
6107,2023-07-24 10:15:00,19764.2,42.88,55.49,Waiting,217.88
6108,2023-07-24 11:15:00,19709.15,34.7,53.22071428571429,Waiting,217.18
6109,2023-07-24 12:15:00,19760.7,36.3,50.95,Waiting,217.32
6110,2023-07-24 13:15:00,19749.65,29.69,48.205,Waiting,217.54
6111,2023-07-24 14:15:00,19670.9,18.89,44.34214285714285,Buy,217.43
6112,2023-07-24 15:15:00,19672.35,19.42,40.61500000000001,Hold,216.73
6113,2023-07-25 09:15:00,19678.75,27.86,38.92714285714286,Hold,216.9
6114,2023-07-25 10:15:00,19673.15,33.01,37.50285714285714,Hold,216.7
6115,2023-07-25 11:15:00,19676.7,35.09,36.24428571428571,Hold,216.6
6116,2023-07-25 12:15:00,19667.25,28.74,34.71,Hold,216.81
6117,2023-07-25 13:15:00,19659.7,29.18,33.23357142857143,Hold,216.36
6118,2023-07-25 14:15:00,19674.65,37.12,32.91285714285714,Hold,216.75
6119,2023-07-25 15:15:00,19680.6,38.1,32.64785714285715,Hold,216.64
6120,2023-07-26 09:15:00,19815.7,58.35,33.52357142857143,Hold,217.35
6121,2023-07-26 10:15:00,19804.4,55.05,34.392857142857146,Hold,217.95
6122,2023-07-26 11:15:00,19812.4,64.72,36.53714285714285,Hold,217.82
6123,2023-07-26 12:15:00,19790.95,54.72,37.85285714285715,Hold,217.85
6124,2023-07-26 13:15:00,19792.7,56.92,39.79785714285714,Hold,217.93
6125,2023-07-26 14:15:00,19784.7,73.66,43.71,Sell,218.05
6126,2023-07-26 15:15:00,19778.3,71.58,47.43571428571428,Waiting,217.72
6127,2023-07-27 09:15:00,19806.65,73.92,50.72571428571429,Waiting,218.59
6128,2023-07-27 10:15:00,19780.6,68.66,53.27214285714286,Waiting,218.08
6129,2023-07-27 11:15:00,19740.05,59.75,55.03357142857143,Waiting,217.45
6130,2023-07-27 12:15:00,19731.25,59.87,57.25714285714286,Waiting,217.25
6131,2023-07-27 13:15:00,19695.95,55.15,59.11214285714285,Waiting,216.95
6132,2023-07-27 14:15:00,19664.7,48.65,59.93571428571429,Waiting,216.29
6133,2023-07-27 15:15:00,19659.9,47.18,60.58428571428572,Waiting,216.63
6134,2023-07-28 09:15:00,19618.5,13.94,57.41214285714285,Waiting,216.35
6135,2023-07-28 10:15:00,19607.7,13.96,54.47714285714286,Buy,216.26
6136,2023-07-28 11:15:00,19579.95,10.29,50.58928571428572,Hold,215.87
6137,2023-07-28 12:15:00,19607.75,19.36,48.06357142857143,Hold,215.75
6138,2023-07-28 13:15:00,19597.45,18.26,45.30214285714286,Hold,215.6
6139,2023-07-28 14:15:00,19651.8,31.22,42.27071428571429,Hold,215.87
6140,2023-07-28 15:15:00,19646.05,31.28,39.39214285714286,Hold,216.34
6141,2023-07-31 09:15:00,19672.95,31.0,36.32642857142857,Hold,216.48
6142,2023-07-31 10:15:00,19693.5,37.42,34.095,Hold,216.89
6143,2023-07-31 11:15:00,19707.6,44.93,33.03642857142857,Hold,217.33
6144,2023-07-31 12:15:00,19700.55,45.17,31.98642857142857,Hold,216.95
6145,2023-07-31 13:15:00,19703.6,51.34,31.714285714285715,Hold,217.3
6146,2023-07-31 14:15:00,19760.0,65.32,32.905,Hold,217.32
6147,2023-07-31 15:15:00,19753.8,65.03,34.18,Hold,217.58
6148,2023-08-01 09:15:00,19779.55,77.14,38.69428571428572,Sell,217.65
6149,2023-08-01 10:15:00,19730.4,68.31,42.576428571428565,Waiting,217.45
6150,2023-08-01 11:15:00,19729.3,74.21,47.14214285714286,Waiting,217.5
6151,2023-08-01 12:15:00,19738.0,72.51,50.93857142857143,Waiting,217.23
6152,2023-08-01 13:15:00,19737.55,75.06,54.99571428571429,Waiting,217.6
6153,2023-08-01 14:15:00,19736.15,68.62,57.667142857142856,Waiting,217.7
6154,2023-08-01 15:15:00,19733.55,69.58,60.40285714285714,Waiting,217.23
6155,2023-08-02 09:15:00,19610.7,40.25,61.06357142857143,Waiting,216.35
6156,2023-08-02 10:15:00,19555.05,30.47,60.56714285714286,Waiting,215.83
6157,2023-08-02 11:15:00,19540.55,26.46,59.24785714285714,Waiting,215.4
6158,2023-08-02 12:15:00,19512.05,24.95,57.80357142857143,Buy,215.64
6159,2023-08-02 13:15:00,19429.85,19.95,55.56142857142857,Hold,214.4
6160,2023-08-02 14:15:00,19542.6,28.76,52.95,Hold,214.45
6161,2023-08-02 15:15:00,19526.55,28.22,50.32071428571429,Hold,215.1
6162,2023-08-03 09:15:00,19479.8,22.38,46.40928571428572,Hold,214.9
6163,2023-08-03 10:15:00,19499.4,27.49,43.49357142857144,Hold,214.7
6164,2023-08-03 11:15:00,19458.55,25.51,40.015,Hold,214.69
6165,2023-08-03 12:15:00,19359.45,20.58,36.30571428571429,Hold,213.95
6166,2023-08-03 13:15:00,19310.9,19.14,32.31142857142857,Hold,213.22
6167,2023-08-03 14:15:00,19390.1,27.5,29.374285714285715,Hold,213.08
6168,2023-08-03 15:15:00,19381.65,27.3,26.354285714285712,Hold,213.56
6169,2023-08-04 09:15:00,19478.4,41.17,26.42,Hold,214.13
6170,2023-08-04 10:15:00,19471.65,44.04,27.389285714285712,Hold,214.5
6171,2023-08-04 11:15:00,19525.65,48.99,28.99857142857143,Hold,214.91
6172,2023-08-04 12:15:00,19514.95,50.2,30.80214285714285,Hold,214.88
6173,2023-08-04 13:15:00,19482.45,53.91,33.22785714285714,Hold,214.7
6174,2023-08-04 14:15:00,19530.9,49.04,34.676428571428566,Hold,214.82
6175,2023-08-04 15:15:00,19517.0,49.21,36.175714285714285,Hold,215.04
6176,2023-08-07 09:15:00,19565.35,57.05,38.652142857142856,Hold,215.5
6177,2023-08-07 10:15:00,19538.2,53.16,40.48571428571428,Hold,215.8
6178,2023-08-07 11:15:00,19535.25,56.65,42.71,Hold,215.5
6179,2023-08-07 12:15:00,19584.55,71.36,46.33714285714286,Sell,215.61
6180,2023-08-07 13:15:00,19585.7,78.65,50.587857142857146,Waiting,216.09
6181,2023-08-07 14:15:00,19598.1,75.19,53.99428571428571,Waiting,215.9
6182,2023-08-07 15:15:00,19597.3,76.61,57.51642857142857,Waiting,215.95
6183,2023-08-08 09:15:00,19590.5,67.78,59.41714285714285,Waiting,215.97
6184,2023-08-08 10:15:00,19560.85,63.19,60.785,Waiting,216.0
6185,2023-08-08 11:15:00,19575.5,58.34,61.45285714285715,Waiting,215.5
6186,2023-08-08 12:15:00,19579.55,61.06,62.22857142857142,Waiting,215.65
6187,2023-08-08 13:15:00,19576.6,67.93,63.23,Waiting,215.83
6188,2023-08-08 14:15:00,19566.1,57.84,63.85857142857143,Waiting,215.8
6189,2023-08-08 15:15:00,19570.85,62.5,64.80785714285715,Waiting,215.79
6190,2023-08-09 09:15:00,19508.8,37.66,63.42285714285715,Waiting,215.25
6191,2023-08-09 10:15:00,19480.2,37.42,62.29857142857143,Waiting,215.05
6192,2023-08-09 11:15:00,19489.05,40.23,61.12571428571429,Waiting,215.07
6193,2023-08-09 12:15:00,19505.65,30.64,58.21714285714286,Waiting,215.03
6194,2023-08-09 13:15:00,19527.95,37.16,55.25357142857143,Waiting,215.23
6195,2023-08-09 14:15:00,19639.0,56.32,53.90571428571429,Waiting,215.95
6196,2023-08-09 15:15:00,19632.55,55.35,52.38714285714286,Waiting,216.49
6197,2023-08-10 09:15:00,19617.8,54.05,51.40642857142858,Waiting,216.13
6198,2023-08-10 10:15:00,19534.6,46.64,50.22428571428571,Waiting,215.22
6199,2023-08-10 11:15:00,19551.15,46.9,49.40714285714285,Waiting,215.65
6200,2023-08-10 12:15:00,19585.0,50.65,48.66357142857142,Waiting,215.61
6201,2023-08-10 13:15:00,19543.75,46.44,47.12857142857143,Waiting,215.37
6202,2023-08-10 14:15:00,19545.95,47.77,46.40928571428572,Waiting,215.44
6203,2023-08-10 15:15:00,19543.1,46.92,45.29642857142858,Waiting,215.33
6204,2023-08-11 09:15:00,19459.6,44.79,45.80571428571428,Waiting,214.71
6205,2023-08-11 10:15:00,19463.95,48.19,46.575,Waiting,214.76
6206,2023-08-11 11:15:00,19449.95,45.68,46.96428571428572,Waiting,214.58
6207,2023-08-11 12:15:00,19482.2,47.5,48.16857142857143,Waiting,214.68
6208,2023-08-11 13:15:00,19470.7,43.75,48.63928571428572,Waiting,214.67
6209,2023-08-11 14:15:00,19415.85,22.21,46.202857142857134,Waiting,214.65
6210,2023-08-11 15:15:00,19428.3,24.94,44.03071428571428,Buy,214.4
6211,2023-08-14 09:15:00,19319.8,20.28,41.61857142857143,Hold,213.05
6212,2023-08-14 10:15:00,19316.45,24.12,40.01,Hold,213.17
6213,2023-08-14 11:15:00,19379.0,31.59,38.916428571428575,Hold,213.64
6214,2023-08-14 12:15:00,19362.15,25.26,37.10285714285715,Hold,213.62
6215,2023-08-14 13:15:00,19430.35,38.12,36.50857142857143,Hold,213.92
6216,2023-08-14 14:15:00,19430.95,37.92,35.805,Hold,214.25
6217,2023-08-14 15:15:00,19434.55,38.61,35.21142857142857,Hold,214.51
6218,2023-08-16 09:15:00,19377.95,40.92,34.934999999999995,Hold,213.66
6219,2023-08-16 10:15:00,19378.9,40.47,34.38357142857143,Hold,213.9
6220,2023-08-16 11:15:00,19387.2,42.88,34.18357142857143,Hold,213.71
6221,2023-08-16 12:15:00,19425.6,43.66,33.90928571428572,Hold,214.15
6222,2023-08-16 13:15:00,19422.9,44.54,33.96571428571429,Hold,214.35
6223,2023-08-16 14:15:00,19461.75,55.44,36.33928571428572,Hold,214.45
6224,2023-08-16 15:15:00,19465.0,54.45,38.44714285714286,Hold,214.57
6225,2023-08-17 09:15:00,19399.3,60.75,41.337857142857146,Hold,214.16
6226,2023-08-17 10:15:00,19400.45,61.42,44.00214285714286,Hold,214.21
6227,2023-08-17 11:15:00,19356.1,46.72,45.08285714285714,Hold,213.88
6228,2023-08-17 12:15:00,19329.95,45.51,46.52928571428571,Hold,213.57
6229,2023-08-17 13:15:00,19364.1,39.8,46.64928571428572,Hold,213.7
6230,2023-08-17 14:15:00,19362.2,39.46,46.75928571428572,Hold,213.85
6231,2023-08-17 15:15:00,19365.25,39.35,46.81214285714286,Hold,213.7
6232,2023-08-18 09:15:00,19266.35,34.83,46.37714285714286,Hold,212.89
6233,2023-08-18 10:15:00,19276.65,36.44,46.08928571428572,Hold,212.67
6234,2023-08-18 11:15:00,19304.55,39.58,45.85357142857144,Hold,213.0
6235,2023-08-18 12:15:00,19268.55,30.09,44.88428571428572,Hold,213.03
6236,2023-08-18 13:15:00,19353.8,42.76,44.75714285714286,Hold,212.68
6237,2023-08-18 14:15:00,19316.35,34.71,43.276428571428575,Hold,213.38
6238,2023-08-18 15:15:00,19310.15,33.82,41.80285714285714,Hold,213.0
6239,2023-08-21 09:15:00,19303.85,38.61,40.221428571428575,Hold,213.55
6240,2023-08-21 10:15:00,19374.4,47.33,39.215,Hold,213.47
6241,2023-08-21 11:15:00,19373.3,51.93,39.58714285714286,Hold,213.5
6242,2023-08-21 12:15:00,19403.25,58.16,40.49071428571428,Hold,213.52
6243,2023-08-21 13:15:00,19389.4,52.95,41.43,Hold,213.46
6244,2023-08-21 14:15:00,19397.8,54.09,42.475,Hold,213.43
6245,2023-08-21 15:15:00,19393.6,53.25,43.46785714285714,Hold,213.5
6246,2023-08-22 09:15:00,19400.6,69.49,45.943571428571424,Hold,213.93
6247,2023-08-22 10:15:00,19414.95,69.84,48.32928571428572,Hold,213.54
6248,2023-08-22 11:15:00,19431.8,68.85,50.42,Hold,213.6
6249,2023-08-22 12:15:00,19424.15,75.17,53.63999999999999,Sell,213.41
6250,2023-08-22 13:15:00,19413.95,62.85,55.075,Waiting,213.53
6251,2023-08-22 14:15:00,19391.45,67.14,57.39142857142857,Waiting,213.45
6252,2023-08-22 15:15:00,19396.45,69.8,59.96142857142856,Waiting,213.43
6253,2023-08-23 09:15:00,19388.3,69.22,62.14785714285714,Waiting,213.51
6254,2023-08-23 10:15:00,19408.5,60.06,63.057142857142864,Waiting,213.48
6255,2023-08-23 11:15:00,19421.95,63.38,63.875,Waiting,213.94
6256,2023-08-23 12:15:00,19439.45,60.69,64.05571428571429,Waiting,214.0
6257,2023-08-23 13:15:00,19461.1,70.24,65.29071428571429,Waiting,214.09
6258,2023-08-23 14:15:00,19442.75,62.02,65.85714285714286,Waiting,214.27
6259,2023-08-23 15:15:00,19444.0,63.69,66.60285714285715,Waiting,214.37
6260,2023-08-24 09:15:00,19562.1,77.35,67.16428571428571,Waiting,215.71
6261,2023-08-24 10:15:00,19487.05,60.13,66.4707142857143,Waiting,215.38
6262,2023-08-24 11:15:00,19457.9,53.54,65.37714285714286,Waiting,215.13
6263,2023-08-24 12:15:00,19430.2,50.78,63.635,Waiting,214.88
6264,2023-08-24 13:15:00,19440.75,53.45,62.96357142857143,Waiting,214.18
6265,2023-08-24 14:15:00,19397.05,50.68,61.78785714285714,Waiting,214.27
6266,2023-08-24 15:15:00,19386.7,48.83,60.290000000000006,Waiting,213.77
6267,2023-08-25 09:15:00,19305.0,41.48,58.30857142857143,Waiting,213.17
6268,2023-08-25 10:15:00,19265.45,35.92,56.58428571428571,Waiting,212.67
6269,2023-08-25 11:15:00,19283.6,36.51,54.665,Waiting,213.02
6270,2023-08-25 12:15:00,19294.3,35.66,52.87714285714286,Waiting,212.78
6271,2023-08-25 13:15:00,19273.65,31.44,50.105714285714285,Waiting,213.0
6272,2023-08-25 14:15:00,19263.15,31.94,47.957142857142856,Waiting,212.7
6273,2023-08-25 15:15:00,19265.8,32.13,45.702857142857134,Waiting,212.76
6274,2023-08-28 09:15:00,19291.6,16.7,41.37071428571429,Waiting,213.09
6275,2023-08-28 10:15:00,19316.55,26.06,38.93714285714285,Buy,213.12
6276,2023-08-28 11:15:00,19315.7,28.31,37.135,Hold,213.3
6277,2023-08-28 12:15:00,19333.5,34.79,35.99285714285714,Hold,213.3
6278,2023-08-28 13:15:00,19336.05,33.11,34.54,Hold,213.45
6279,2023-08-28 14:15:00,19300.85,34.04,33.35142857142857,Hold,213.09
6280,2023-08-28 15:15:00,19306.05,36.39,32.46285714285714,Hold,212.87
6281,2023-08-29 09:15:00,19340.25,57.09,33.57785714285715,Hold,213.32
6282,2023-08-29 10:15:00,19326.4,63.66,35.559285714285714,Hold,213.19
6283,2023-08-29 11:15:00,19345.1,63.75,37.505,Hold,213.1
6284,2023-08-29 12:15:00,19352.75,63.25,39.47571428571428,Hold,213.25
6285,2023-08-29 13:15:00,19330.4,62.77,41.71357142857143,Hold,213.3
6286,2023-08-29 14:15:00,19341.4,67.56,44.25785714285714,Hold,213.0
6287,2023-08-29 15:15:00,19342.65,67.36,46.77428571428572,Hold,213.16
6288,2023-08-30 09:15:00,19440.55,75.38,50.96571428571429,Sell,213.94
6289,2023-08-30 10:15:00,19447.7,73.79,54.375,Waiting,214.06
6290,2023-08-30 11:15:00,19448.05,74.05,57.64214285714286,Waiting,214.15
6291,2023-08-30 12:15:00,19443.95,71.12,60.23714285714285,Waiting,214.17
6292,2023-08-30 13:15:00,19412.85,63.24,62.38928571428571,Waiting,214.05
6293,2023-08-30 14:15:00,19344.5,56.75,64.01142857142857,Waiting,213.6
6294,2023-08-30 15:15:00,19347.45,56.45,65.44428571428571,Waiting,213.54
6295,2023-08-31 09:15:00,19347.3,51.23,65.02571428571429,Waiting,213.66
6296,2023-08-31 10:15:00,19313.55,47.91,63.90071428571429,Waiting,213.45
6297,2023-08-31 11:15:00,19305.25,43.28,62.43857142857143,Waiting,213.47
6298,2023-08-31 12:15:00,19279.4,38.34,60.65928571428572,Waiting,213.25
6299,2023-08-31 13:15:00,19284.1,42.2,59.190000000000005,Waiting,213.29
6300,2023-08-31 14:15:00,19280.55,39.49,57.185,Waiting,212.85
6301,2023-08-31 15:15:00,19253.8,35.89,54.93714285714286,Waiting,212.77
6302,2023-09-01 09:15:00,19304.5,24.59,51.30928571428571,Waiting,213.19
6303,2023-09-01 10:15:00,19327.95,28.92,48.10428571428572,Buy,213.32
6304,2023-09-01 11:15:00,19333.8,30.27,44.97714285714286,Hold,213.53
6305,2023-09-01 12:15:00,19391.15,42.3,42.91857142857143,Hold,213.74
6306,2023-09-01 13:15:00,19435.95,53.24,42.20428571428572,Hold,213.87
6307,2023-09-01 14:15:00,19435.15,65.69,42.84285714285715,Hold,214.28
6308,2023-09-01 15:15:00,19435.3,65.35,43.47857142857144,Hold,214.27
6309,2023-09-04 09:15:00,19458.05,67.94,44.67214285714285,Hold,214.96
6310,2023-09-04 10:15:00,19473.05,77.5,46.785714285714285,Sell,214.76
6311,2023-09-04 11:15:00,19490.25,80.95,49.47642857142858,Waiting,215.0
6312,2023-09-04 12:15:00,19512.85,89.48,53.12928571428571,Waiting,215.3
6313,2023-09-04 13:15:00,19508.05,87.86,56.39071428571428,Waiting,215.49
6314,2023-09-04 14:15:00,19530.45,89.72,59.97857142857142,Waiting,215.5
6315,2023-09-04 15:15:00,19528.8,97.5,64.37928571428571,Waiting,215.59
6316,2023-09-05 09:15:00,19580.75,97.51,69.58785714285715,Waiting,215.9
6317,2023-09-05 10:15:00,19577.9,96.26,74.39785714285713,Waiting,215.7
6318,2023-09-05 11:15:00,19568.6,92.91,78.87214285714286,Waiting,216.03
6319,2023-09-05 12:15:00,19555.65,85.89,81.98571428571428,Waiting,215.72
6320,2023-09-05 13:15:00,19550.7,80.3,83.91857142857144,Waiting,215.62
6321,2023-09-05 14:15:00,19577.0,83.01,85.1557142857143,Waiting,215.83
6322,2023-09-05 15:15:00,19574.9,82.2,86.35928571428572,Waiting,215.84
6323,2023-09-06 09:15:00,19573.25,79.43,87.17999999999999,Waiting,215.99
6324,2023-09-06 10:15:00,19570.9,76.73,87.125,Waiting,216.0
6325,2023-09-06 11:15:00,19552.05,66.73,86.10928571428572,Waiting,215.76
6326,2023-09-06 12:15:00,19509.75,49.24,83.235,Waiting,215.48
6327,2023-09-06 13:15:00,19506.0,49.5,80.495,Waiting,215.47
6328,2023-09-06 14:15:00,19615.25,64.61,78.70142857142858,Waiting,215.63
6329,2023-09-06 15:15:00,19611.05,64.05,76.31214285714286,Waiting,216.22
6330,2023-09-07 09:15:00,19592.4,52.25,73.07928571428572,Waiting,215.69
6331,2023-09-07 10:15:00,19638.0,59.94,70.485,Waiting,216.11
6332,2023-09-07 11:15:00,19613.85,57.14,67.92999999999999,Waiting,216.33
6333,2023-09-07 12:15:00,19618.35,60.16,66.09214285714286,Waiting,216.4
6334,2023-09-07 13:15:00,19672.6,67.03,65.14428571428572,Waiting,216.65
6335,2023-09-07 14:15:00,19712.9,68.27,64.09142857142858,Waiting,217.41
6336,2023-09-07 15:15:00,19727.05,69.81,63.20642857142857,Waiting,
6337,2023-09-08 09:15:00,19777.8,73.62,62.791428571428575,Waiting,
6338,2023-09-08 10:15:00,19746.8,69.05,62.24285714285715,Waiting,
6339,2023-09-08 11:15:00,19820.05,75.96,62.902142857142856,Waiting,
6340,2023-09-08 12:15:00,19810.4,81.09,65.17714285714285,Waiting,
6341,2023-09-08 13:15:00,19840.85,82.82,67.55714285714285,Waiting,
6342,2023-09-08 14:15:00,19817.25,73.79,68.21285714285715,Waiting,
6343,2023-09-08 15:15:00,19819.95,74.69,68.97285714285714,Waiting,218.41
6344,2023-09-11 09:15:00,19929.0,82.78,71.15357142857144,Waiting,219.24
6345,2023-09-11 10:15:00,19929.45,81.12,72.66642857142857,Waiting,219.6
6346,2023-09-12 10:15:00,20001.5,87.55,74.83857142857143,Waiting,219.99
6347,2023-09-12 11:15:00,20010.0,87.65,76.80214285714285,Waiting,220.68
6348,2023-09-12 12:15:00,19986.15,82.01,77.87214285714286,Waiting,219.94
6349,2023-09-12 13:15:00,20011.2,81.43,78.81214285714285,Waiting,220.29
6350,2023-09-12 14:15:00,19985.1,76.52,79.29142857142857,Waiting,220.5
6351,2023-09-12 15:15:00,19993.2,74.27,79.33785714285715,Waiting,220.19
6352,2023-09-13 09:15:00,19978.1,77.03,79.90785714285714,Waiting,220.09
6353,2023-09-13 10:15:00,20006.9,74.36,79.79357142857143,Waiting,220.4
6354,2023-09-13 11:15:00,20043.15,78.38,79.60000000000001,Waiting,221.05
6355,2023-09-13 12:15:00,20084.4,78.94,79.32285714285715,Waiting,221.45
6356,2023-09-13 13:15:00,20080.0,82.71,79.96000000000001,Waiting,221.35
6357,2023-09-13 14:15:00,20067.65,80.11,80.34714285714287,Waiting,221.64
6358,2023-09-13 15:15:00,20070.0,73.15,79.65928571428572,Waiting,221.43
6359,2023-09-14 09:15:00,20111.85,76.36,79.31928571428571,Waiting,222.24
6360,2023-09-14 10:15:00,20097.5,66.65,77.82642857142856,Waiting,221.68
6361,2023-09-14 11:15:00,20096.2,65.33,76.23214285714286,Waiting,221.65
6362,2023-09-14 12:15:00,20091.1,70.0,75.37428571428572,Waiting,221.69
6363,2023-09-14 13:15:00,20067.5,60.79,73.89999999999999,Waiting,221.24
6364,2023-09-14 14:15:00,20102.1,71.71,73.55642857142857,Waiting,221.23
6365,2023-09-14 15:15:00,20103.1,70.95,73.31928571428571,Waiting,221.53
6366,2023-09-15 09:15:00,20160.85,79.96,73.52857142857144,Waiting,222.17
6367,2023-09-15 10:15:00,20182.5,79.48,73.89428571428572,Waiting,222.16
6368,2023-09-15 11:15:00,20188.15,77.13,73.80499999999999,Waiting,222.38
6369,2023-09-15 12:15:00,20169.0,67.26,72.97071428571428,Waiting,222.3
6370,2023-09-15 13:15:00,20181.5,70.04,72.0657142857143,Waiting,222.26
6371,2023-09-15 14:15:00,20185.75,74.09,71.63571428571429,Waiting,222.72
6372,2023-09-15 15:15:00,20192.35,74.53,71.73428571428572,Waiting,222.57
6373,2023-09-18 09:15:00,20178.65,65.1,70.92999999999999,Waiting,222.35
6374,2023-09-18 10:15:00,20174.85,68.36,71.05214285714285,Waiting,222.11
6375,2023-09-18 11:15:00,20174.65,68.72,71.29428571428572,Waiting,222.52
6376,2023-09-18 12:15:00,20169.35,68.65,71.19785714285715,Waiting,222.37
6377,2023-09-18 13:15:00,20154.85,71.77,71.98214285714286,Waiting,222.21
6378,2023-09-18 14:15:00,20127.25,56.49,70.895,Waiting,222.19
6379,2023-09-18 15:15:00,20133.3,57.6,69.94142857142857,Waiting,221.92
6380,2023-09-20 09:15:00,19969.35,18.6,65.55857142857143,Waiting,220.7
6381,2023-09-20 10:15:00,19958.3,11.91,60.73214285714285,Buy,220.19
6382,2023-09-20 11:15:00,19956.3,10.12,55.94571428571429,Hold,220.16
6383,2023-09-20 12:15:00,19934.45,10.02,51.85714285714285,Hold,220.05
6384,2023-09-20 13:15:00,19908.0,5.5,47.247142857142855,Hold,219.81
6385,2023-09-20 14:15:00,19902.55,4.1,42.24785714285714,Hold,219.69
6386,2023-09-20 15:15:00,19901.4,2.0,37.067142857142855,Hold,219.6
6387,2023-09-21 09:15:00,19749.0,1.37,32.515,Hold,218.37
6388,2023-09-21 10:15:00,19785.25,8.92,28.26928571428572,Hold,217.65
6389,2023-09-21 11:15:00,19733.4,8.04,23.935,Hold,217.74
6390,2023-09-21 12:15:00,19745.0,10.13,19.755000000000003,Hold,217.76
6391,2023-09-21 13:15:00,19733.0,10.18,15.355714285714283,Hold,217.68
6392,2023-09-21 14:15:00,19747.0,13.16,12.260714285714286,Hold,217.64
6393,2023-09-21 15:15:00,19742.35,12.02,9.004999999999999,Hold,217.63
6394,2023-09-22 09:15:00,19684.2,15.13,8.757142857142858,Hold,217.6
6395,2023-09-22 10:15:00,19763.25,29.55,10.017142857142858,Hold,217.49
6396,2023-09-22 11:15:00,19782.5,32.41,11.609285714285711,Hold,217.68
6397,2023-09-22 12:15:00,19769.15,32.98,13.249285714285715,Hold,218.13
6398,2023-09-22 13:15:00,19709.5,30.87,15.061428571428571,Hold,217.25
6399,2023-09-22 14:15:00,19663.65,28.64,16.814285714285713,Hold,217.16
6400,2023-09-22 15:15:00,19674.25,30.03,18.81642857142857,Hold,216.81
6401,2023-09-25 09:15:00,19619.0,36.21,21.305,Hold,216.85
6402,2023-09-25 10:15:00,19612.1,30.42,22.840714285714288,Hold,216.5
6403,2023-09-25 11:15:00,19653.25,40.71,25.174285714285716,Hold,216.4
6404,2023-09-25 12:15:00,19714.5,46.83,27.795714285714286,Hold,217.36
6405,2023-09-25 13:15:00,19637.6,41.26,30.01571428571429,Hold,217.25
6406,2023-09-25 14:15:00,19679.8,44.15,32.22928571428572,Hold,216.56
6407,2023-09-25 15:15:00,19674.55,44.1,34.520714285714284,Hold,216.8
6408,2023-09-26 09:15:00,19692.3,50.76,37.065714285714286,Hold,216.87
6409,2023-09-26 10:15:00,19688.05,41.82,37.942142857142855,Hold,216.84
6410,2023-09-26 11:15:00,19681.9,38.73,38.39357142857143,Hold,216.87
6411,2023-09-26 12:15:00,19661.55,38.14,38.762142857142855,Hold,216.68
6412,2023-09-26 13:15:00,19673.95,45.62,39.815714285714286,Hold,216.85
6413,2023-09-26 14:15:00,19665.45,50.24,41.35857142857143,Hold,216.83
6414,2023-09-26 15:15:00,19664.7,48.67,42.690000000000005,Hold,216.57
6415,2023-09-27 09:15:00,19562.25,43.02,43.17642857142857,Hold,216.0
6416,2023-09-27 10:15:00,19627.4,51.65,44.69285714285714,Hold,215.76
6417,2023-09-27 11:15:00,19648.9,49.51,45.32142857142857,Hold,216.54
6418,2023-09-27 12:15:00,19683.35,46.27,45.28142857142857,Hold,216.5
6419,2023-09-27 13:15:00,19692.6,57.85,46.46642857142857,Hold,217.34
6420,2023-09-27 14:15:00,19709.35,54.55,47.20928571428571,Hold,217.38
6421,2023-09-27 15:15:00,19716.45,56.41,48.08857142857143,Hold,217.56
6422,2023-09-28 09:15:00,19732.2,56.14,48.47285714285714,Hold,217.15
6423,2023-09-28 10:15:00,19659.05,46.32,48.794285714285714,Hold,217.1
6424,2023-09-28 11:15:00,19629.8,43.75,49.15285714285714,Hold,216.62
6425,2023-09-28 12:15:00,19591.4,41.93,49.42357142857144,Hold,216.44
6426,2023-09-28 13:15:00,19551.4,36.75,48.790000000000006,Hold,216.31
6427,2023-09-28 14:15:00,19500.85,33.69,47.60785714285714,Hold,215.86
6428,2023-09-28 15:15:00,19523.55,36.59,46.745,Hold,215.77
6429,2023-09-29 09:15:00,19596.75,53.47,47.49142857142857,Hold,216.16
6430,2023-09-29 10:15:00,19608.2,47.84,47.21928571428571,Hold,216.4
6431,2023-09-29 11:15:00,19666.75,51.86,47.387142857142855,Hold,217.19
6432,2023-09-29 12:15:00,19667.6,48.24,47.52785714285714,Hold,217.17
6433,2023-09-29 13:15:00,19710.55,51.87,47.10071428571428,Hold,216.85
6434,2023-09-29 14:15:00,19623.8,42.23,46.22071428571429,Hold,217.35
6435,2023-09-29 15:15:00,19638.3,43.0,45.262857142857136,Hold,216.75
6436,2023-10-03 09:15:00,19488.65,32.4,43.567142857142855,Hold,215.6
6437,2023-10-03 10:15:00,19510.35,38.39,43.00071428571429,Hold,215.45
6438,2023-10-03 11:15:00,19522.85,41.43,42.835,Hold,215.57
6439,2023-10-03 12:15:00,19550.55,46.67,43.17357142857143,Hold,215.53
6440,2023-10-03 13:15:00,19518.85,47.31,43.92785714285714,Hold,215.65
6441,2023-10-03 14:15:00,19528.65,52.46,45.26857142857143,Hold,215.46
6442,2023-10-03 15:15:00,19528.75,50.48,46.260714285714286,Hold,215.57
6443,2023-10-04 09:15:00,19392.95,33.13,44.80785714285714,Hold,214.2
6444,2023-10-04 10:15:00,19420.25,34.84,43.87928571428572,Hold,214.35
6445,2023-10-04 11:15:00,19370.7,25.77,42.01571428571429,Hold,214.23
6446,2023-10-04 12:15:00,19357.0,25.1,40.362857142857145,Hold,213.84
6447,2023-10-04 13:15:00,19383.7,23.1,38.307857142857145,Hold,213.75
6448,2023-10-04 14:15:00,19444.55,34.59,37.76214285714286,Hold,214.2
6449,2023-10-04 15:15:00,19436.1,32.43,37.00714285714286,Hold,214.4
6450,2023-10-05 09:15:00,19525.05,53.54,38.51714285714286,Hold,215.49
6451,2023-10-05 10:15:00,19571.55,55.67,39.75142857142857,Hold,215.25
6452,2023-10-05 11:15:00,19554.8,52.94,40.57357142857144,Hold,215.72
6453,2023-10-05 12:15:00,19529.35,48.04,40.67142857142857,Hold,215.6
6454,2023-10-05 13:15:00,19551.6,53.08,41.08357142857143,Hold,215.67
6455,2023-10-05 14:15:00,19540.2,51.08,40.985,Hold,215.73
6456,2023-10-05 15:15:00,19545.75,51.58,41.06357142857143,Hold,215.53
6457,2023-10-06 09:15:00,19603.45,72.83,43.89928571428571,Sell,216.0
6458,2023-10-06 10:15:00,19642.45,73.5,46.660714285714285,Waiting,216.46
6459,2023-10-06 11:15:00,19624.75,78.81,50.44928571428572,Waiting,216.35
6460,2023-10-06 12:15:00,19648.4,82.31,54.535714285714285,Waiting,216.53
6461,2023-10-06 13:15:00,19664.8,81.9,58.73571428571429,Waiting,216.46
6462,2023-10-06 14:15:00,19660.25,78.06,61.84071428571429,Waiting,216.59
6463,2023-10-06 15:15:00,19653.5,78.41,65.125,Waiting,216.62
6464,2023-10-09 09:15:00,19574.7,56.67,65.34857142857143,Waiting,215.76
6465,2023-10-09 10:15:00,19558.2,48.05,64.80428571428571,Waiting,215.91
6466,2023-10-09 11:15:00,19551.65,49.53,64.56071428571428,Waiting,215.96
6467,2023-10-09 12:15:00,19510.55,47.3,64.50785714285715,Waiting,215.59
6468,2023-10-09 13:15:00,19513.2,44.15,63.87,Waiting,215.63
6469,2023-10-09 14:15:00,19512.7,45.67,63.48357142857143,Waiting,215.59
6470,2023-10-09 15:15:00,19512.35,44.65,62.98857142857143,Waiting,215.48
6471,2023-10-10 09:15:00,19617.7,51.98,61.499285714285705,Waiting,216.29
6472,2023-10-10 10:15:00,19622.8,46.99,59.605714285714285,Waiting,216.6
6473,2023-10-10 11:15:00,19652.45,54.1,57.84071428571429,Waiting,216.69
6474,2023-10-10 12:15:00,19676.5,54.15,55.82928571428572,Waiting,216.9
6475,2023-10-10 13:15:00,19696.05,54.58,53.87785714285714,Waiting,217.19
6476,2023-10-10 14:15:00,19688.3,54.07,52.16428571428572,Waiting,217.29
6477,2023-10-10 15:15:00,19689.85,55.35,50.51714285714286,Waiting,217.13
6478,2023-10-11 09:15:00,19810.4,80.92,52.24928571428571,Waiting,218.28
6479,2023-10-11 10:15:00,19808.35,84.1,54.82428571428572,Waiting,218.79
6480,2023-10-11 11:15:00,19809.85,85.69,57.40714285714286,Waiting,218.68
6481,2023-10-11 12:15:00,19814.85,96.73,60.93785714285714,Waiting,218.58
6482,2023-10-11 13:15:00,19803.2,93.34,64.45142857142858,Waiting,218.65
6483,2023-10-11 14:15:00,19809.85,93.6,67.875,Waiting,218.92
6484,2023-10-11 15:15:00,19811.35,93.73,71.38071428571428,Waiting,218.76
6485,2023-10-12 09:15:00,19794.95,85.04,73.74214285714287,Waiting,218.54
6486,2023-10-12 10:15:00,19824.45,86.35,76.55357142857143,Waiting,218.65
6487,2023-10-12 11:15:00,19819.85,83.17,78.63,Waiting,218.66
6488,2023-10-12 12:15:00,19802.3,75.59,80.16142857142857,Waiting,218.66
6489,2023-10-12 13:15:00,19803.05,73.57,81.51785714285714,Waiting,218.77
6490,2023-10-12 14:15:00,19799.2,74.85,83.00214285714286,Waiting,218.55
6491,2023-10-12 15:15:00,19794.0,72.97,84.26071428571427,Waiting,218.6
6492,2023-10-13 09:15:00,19692.55,21.62,80.025,Waiting,217.65
6493,2023-10-13 10:15:00,19678.85,20.47,75.48,Buy,217.43
6494,2023-10-13 11:15:00,19683.2,21.49,70.89428571428572,Hold,217.5
6495,2023-10-13 12:15:00,19743.95,37.24,66.645,Hold,217.7
6496,2023-10-13 13:15:00,19776.6,45.55,63.231428571428566,Hold,218.12
6497,2023-10-13 14:15:00,19755.6,41.34,59.49857142857143,Hold,218.43
6498,2023-10-13 15:15:00,19751.05,40.47,55.69428571428572,Hold,218.07
6499,2023-10-16 09:15:00,19749.3,42.43,52.65071428571428,Hold,217.65
6500,2023-10-16 10:15:00,19742.45,35.3,49.00428571428572,Hold,218.22
6501,2023-10-16 11:15:00,19762.0,40.16,45.93214285714286,Hold,218.28
6502,2023-10-16 12:15:00,19754.7,41.61,43.505,Hold,218.25
6503,2023-10-16 13:15:00,19754.2,41.38,41.205714285714286,Hold,218.14
6504,2023-10-16 14:15:00,19730.45,38.67,38.62142857142857,Hold,218.14
6505,2023-10-16 15:15:00,19731.75,39.61,36.23857142857143,Hold,217.9
6506,2023-10-17 09:15:00,19821.35,72.39,39.865,Sell,218.8
6507,2023-10-17 10:15:00,19834.55,77.12,43.91142857142857,Waiting,218.93
6508,2023-10-17 11:15:00,19833.65,76.52,47.84214285714285,Waiting,218.8
6509,2023-10-17 12:15:00,19841.6,71.15,50.26428571428571,Waiting,218.85
6510,2023-10-17 13:15:00,19782.3,51.11,50.66142857142857,Waiting,218.84
6511,2023-10-17 14:15:00,19810.4,60.36,52.02,Waiting,218.51
6512,2023-10-17 15:15:00,19811.5,61.57,53.527142857142856,Waiting,218.55
6513,2023-10-18 09:15:00,19832.7,64.86,55.12928571428571,Waiting,218.59
6514,2023-10-18 10:15:00,19724.9,47.7,56.015,Waiting,218.58
6515,2023-10-18 11:15:00,19700.8,42.07,56.15142857142856,Waiting,217.94
6516,2023-10-18 12:15:00,19709.65,44.19,56.33571428571429,Waiting,217.52
6517,2023-10-18 13:15:00,19719.45,45.62,56.63857142857143,Waiting,217.59
6518,2023-10-18 14:15:00,19672.05,43.06,56.95214285714285,Waiting,217.4
6519,2023-10-18 15:15:00,19671.1,42.78,57.17857142857143,Waiting,217.2
6520,2023-10-19 09:15:00,19575.4,21.16,53.51928571428572,Waiting,215.84
6521,2023-10-19 10:15:00,19574.85,18.61,49.34,Buy,216.06
6522,2023-10-19 11:15:00,19661.3,32.74,46.212857142857146,Hold,216.72
6523,2023-10-19 12:15:00,19643.7,30.56,43.31357142857143,Hold,216.97
6524,2023-10-19 13:15:00,19657.65,36.55,42.27357142857143,Hold,217.0
6525,2023-10-19 14:15:00,19622.1,30.01,40.105714285714285,Hold,216.7
6526,2023-10-19 15:15:00,19624.7,30.23,37.86714285714286,Hold,216.67
6527,2023-10-20 09:15:00,19570.6,24.07,34.95357142857143,Hold,216.16
6528,2023-10-20 10:15:00,19567.25,30.34,33.71357142857143,Hold,216.23
6529,2023-10-20 11:15:00,19546.95,30.63,32.89642857142857,Hold,215.94
6530,2023-10-20 12:15:00,19533.6,28.08,31.74571428571429,Hold,215.75
6531,2023-10-20 13:15:00,19541.05,27.66,30.462857142857143,Hold,215.85
6532,2023-10-20 14:15:00,19546.4,32.41,29.702142857142857,Hold,215.35
6533,2023-10-20 15:15:00,19542.65,32.16,28.94357142857143,Hold,215.3
6534,2023-10-23 09:15:00,19484.85,35.95,30.0,Hold,215.36
6535,2023-10-23 10:15:00,19484.85,36.01,31.24285714285714,Hold,214.74
6536,2023-10-23 11:15:00,19459.45,11.26,29.708571428571425,Hold,214.5
6537,2023-10-23 12:15:00,19432.8,10.89,28.303571428571427,Hold,214.64
6538,2023-10-23 13:15:00,19437.75,7.81,26.250714285714285,Hold,214.4
6539,2023-10-23 14:15:00,19272.7,5.22,24.48,Hold,214.27
6540,2023-10-23 15:15:00,19281.75,6.76,22.803571428571427,Hold,213.17
6541,2023-10-25 09:15:00,19315.3,16.05,22.23071428571429,Hold,213.5
6542,2023-10-25 10:15:00,19274.05,14.58,21.105,Hold,213.35
6543,2023-10-25 11:15:00,19228.4,13.74,19.898571428571422,Hold,212.42
6544,2023-10-25 12:15:00,19080.8,10.52,18.64428571428571,Hold,211.79
6545,2023-10-25 13:15:00,19174.35,22.2,18.254285714285714,Hold,211.34
6546,2023-10-25 14:15:00,19129.5,20.18,17.380714285714284,Hold,211.7
6547,2023-10-25 15:15:00,19122.15,20.08,16.517857142857142,Hold,211.48
6548,2023-10-26 09:15:00,18914.2,16.54,15.131428571428572,Hold,209.4
6549,2023-10-26 10:15:00,18861.9,15.59,13.672857142857142,Hold,209.0
6550,2023-10-26 11:15:00,18858.7,15.98,14.01,Hold,208.85
6551,2023-10-26 12:15:00,18891.65,19.57,14.63,Hold,208.71
6552,2023-10-26 13:15:00,18871.8,18.7,15.407857142857145,Hold,208.61
6553,2023-10-26 14:15:00,18859.55,22.51,16.642857142857142,Hold,208.81
6554,2023-10-26 15:15:00,18857.25,21.49,17.695,Hold,208.74
6555,2023-10-27 09:15:00,18992.15,30.9,18.755714285714284,Hold,209.98
6556,2023-10-27 10:15:00,19011.2,34.05,20.14642857142857,Hold,210.12
6557,2023-10-27 11:15:00,19048.8,38.99,21.95,Hold,210.35
6558,2023-10-27 12:15:00,19027.85,46.16,24.49571428571429,Hold,210.43
6559,2023-10-27 13:15:00,19059.3,40.82,25.825714285714287,Hold,210.6
6560,2023-10-27 14:15:00,19036.85,42.34,27.40857142857143,Hold,210.75
6561,2023-10-27 15:15:00,19047.25,43.84,29.10571428571428,Hold,210.57
6562,2023-10-30 09:15:00,19010.9,61.09,32.28785714285714,Hold,209.52
6563,2023-10-30 10:15:00,19075.6,73.83,36.44785714285714,Sell,210.5
6564,2023-10-30 11:15:00,19108.8,76.14,40.745000000000005,Waiting,211.2
6565,2023-10-30 12:15:00,19127.85,75.43,44.735,Waiting,211.24
6566,2023-10-30 13:15:00,19119.6,77.36,48.925,Waiting,211.22
6567,2023-10-30 14:15:00,19138.4,80.35,53.056428571428576,Waiting,211.41
6568,2023-10-30 15:15:00,19140.9,80.85,57.29642857142858,Waiting,211.52
6569,2023-10-31 09:15:00,19103.35,65.35,59.75714285714286,Waiting,211.58
6570,2023-10-31 10:15:00,19095.95,62.08,61.75928571428572,Waiting,210.81
6571,2023-10-31 11:15:00,19078.8,54.54,62.87,Waiting,211.0
6572,2023-10-31 12:15:00,19105.05,61.51,63.96642857142857,Waiting,210.92
6573,2023-10-31 13:15:00,19110.6,58.28,65.21357142857143,Waiting,211.18
6574,2023-10-31 14:15:00,19091.2,58.86,66.39357142857143,Waiting,211.45
6575,2023-10-31 15:15:00,19079.6,55.26,67.20928571428571,Waiting,210.98
6576,2023-11-01 09:15:00,19044.1,55.41,66.80357142857143,Waiting,210.95
6577,2023-11-01 10:15:00,19046.65,44.09,64.67928571428571,Waiting,210.52
6578,2023-11-01 11:15:00,19051.5,36.76,61.86642857142856,Waiting,210.57
6579,2023-11-01 12:15:00,19002.95,24.6,58.23571428571428,Waiting,210.51
6580,2023-11-01 13:15:00,19015.1,29.08,54.78714285714285,Buy,210.34
6581,2023-11-01 14:15:00,18990.6,21.08,50.55357142857143,Hold,210.15
6582,2023-11-01 15:15:00,18989.15,20.18,46.220000000000006,Hold,209.99
6583,2023-11-02 09:15:00,19124.6,53.02,45.33928571428572,Hold,211.92
6584,2023-11-02 10:15:00,19127.85,54.58,44.80357142857143,Hold,211.51
6585,2023-11-02 11:15:00,19079.2,50.05,44.48285714285714,Hold,211.15
6586,2023-11-02 12:15:00,19112.75,50.99,43.73142857142857,Hold,211.27
6587,2023-11-02 13:15:00,19125.8,51.93,43.27785714285715,Hold,211.39
6588,2023-11-02 14:15:00,19120.45,53.84,42.919285714285714,Hold,211.33
6589,2023-11-02 15:15:00,19133.25,57.03,43.04571428571429,Hold,211.64
6590,2023-11-03 09:15:00,19264.9,73.11,44.31,Sell,212.75
6591,2023-11-03 10:15:00,19268.5,73.16,46.386428571428574,Waiting,212.9
6592,2023-11-03 11:15:00,19245.65,69.54,48.72785714285715,Waiting,212.92
6593,2023-11-03 12:15:00,19253.9,77.48,52.505,Waiting,212.9
6594,2023-11-03 13:15:00,19254.95,76.92,55.92214285714285,Waiting,212.95
6595,2023-11-03 14:15:00,19227.85,76.48,59.87928571428571,Waiting,212.84
6596,2023-11-03 15:15:00,19230.6,76.87,63.92857142857143,Waiting,212.69
6597,2023-11-06 09:15:00,19354.85,76.28,65.59,Waiting,213.81
6598,2023-11-06 10:15:00,19332.05,72.31,66.85642857142857,Waiting,214.03
6599,2023-11-06 11:15:00,19346.9,81.58,69.10857142857144,Waiting,213.8
6600,2023-11-06 12:15:00,19355.8,80.44,71.21214285714287,Waiting,213.96
6601,2023-11-06 13:15:00,19374.0,80.69,73.26642857142858,Waiting,214.1
6602,2023-11-06 14:15:00,19416.5,83.52,75.38642857142858,Waiting,214.25
6603,2023-11-06 15:15:00,19411.75,82.12,77.17857142857143,Waiting,214.56
6604,2023-11-07 09:15:00,19366.2,64.58,76.56928571428571,Waiting,214.17
6605,2023-11-07 10:15:00,19392.85,66.78,76.11357142857142,Waiting,214.48
6606,2023-11-07 11:15:00,19352.45,63.76,75.70071428571428,Waiting,214.01
6607,2023-11-07 12:15:00,19366.8,64.32,74.76071428571429,Waiting,214.13
6608,2023-11-07 13:15:00,19401.15,67.1,74.0592857142857,Waiting,214.08
6609,2023-11-07 14:15:00,19398.05,71.1,73.675,Waiting,214.4
6610,2023-11-07 15:15:00,19406.7,71.51,73.29214285714285,Waiting,214.49
6611,2023-11-08 09:15:00,19427.2,61.84,72.26071428571429,Waiting,214.75
6612,2023-11-08 10:15:00,19408.2,62.62,71.56857142857143,Waiting,214.89
6613,2023-11-08 11:15:00,19439.6,64.56,70.35285714285713,Waiting,215.0
6614,2023-11-08 12:15:00,19448.05,64.51,69.215,Waiting,214.75
6615,2023-11-08 13:15:00,19441.4,61.0,67.80857142857143,Waiting,215.08
6616,2023-11-08 14:15:00,19449.3,56.04,65.84571428571428,Waiting,214.9
6617,2023-11-08 15:15:00,19443.5,55.82,63.96714285714285,Waiting,214.83
6618,2023-11-09 09:15:00,19447.65,67.6,64.18285714285715,Waiting,214.8
6619,2023-11-09 10:15:00,19431.7,58.8,63.61285714285714,Waiting,214.75
6620,2023-11-09 11:15:00,19445.35,73.96,64.34142857142857,Waiting,214.7
6621,2023-11-09 12:15:00,19430.8,66.49,64.49642857142858,Waiting,214.6
6622,2023-11-09 13:15:00,19421.6,56.05,63.707142857142856,Waiting,214.44
6623,2023-11-09 14:15:00,19393.1,48.73,62.10928571428571,Waiting,214.16
6624,2023-11-09 15:15:00,19395.3,46.97,60.35642857142857,Waiting,214.3
6625,2023-11-10 09:15:00,19349.1,31.72,58.20499999999999,Waiting,213.36
6626,2023-11-10 10:15:00,19359.95,38.26,56.46499999999999,Waiting,213.9
6627,2023-11-10 11:15:00,19385.05,36.3,54.44642857142857,Waiting,213.84
6628,2023-11-10 12:15:00,19391.5,35.66,52.385714285714286,Waiting,213.98
6629,2023-11-10 13:15:00,19391.75,36.99,50.67071428571428,Waiting,214.23
6630,2023-11-10 14:15:00,19425.4,44.48,49.845000000000006,Waiting,213.95
6631,2023-11-10 15:15:00,19425.35,45.69,49.12142857142857,Waiting,214.24
6632,2023-11-12 17:15:00,19547.25,65.16,48.94714285714286,Waiting,
6633,2023-11-12 18:15:00,19522.3,63.42,49.277142857142856,Waiting,215.25
6634,2023-11-12 19:15:00,19525.55,62.26,48.44142857142857,Waiting,215.16
6635,2023-11-13 09:15:00,19469.45,55.24,47.637857142857136,Waiting,214.5
6636,2023-11-13 10:15:00,19421.7,50.01,47.20642857142857,Waiting,214.45
6637,2023-11-13 11:15:00,19437.55,55.63,47.69928571428572,Waiting,214.45
6638,2023-11-13 12:15:00,19440.15,55.68,48.32142857142856,Waiting,214.5
6639,2023-11-13 13:15:00,19455.35,64.6,50.67,Waiting,214.6
6640,2023-11-13 14:15:00,19441.4,61.1,52.30142857142857,Waiting,214.77
6641,2023-11-13 15:15:00,19443.55,58.5,53.887142857142855,Waiting,214.55
6642,2023-11-15 09:15:00,19630.5,72.78,56.53857142857142,Waiting,216.4
6643,2023-11-15 10:15:00,19623.7,71.83,59.027142857142856,Waiting,216.55
6644,2023-11-15 11:15:00,19631.65,70.4,60.87857142857143,Waiting,216.43
6645,2023-11-15 12:15:00,19651.6,71.53,62.72428571428571,Waiting,216.64
6646,2023-11-15 13:15:00,19659.0,63.6,62.612857142857145,Waiting,216.8
6647,2023-11-15 14:15:00,19677.4,69.18,63.02428571428572,Waiting,216.85
6648,2023-11-15 15:15:00,19675.45,68.6,63.47714285714286,Waiting,216.97
6649,2023-11-16 09:15:00,19713.75,81.71,65.36785714285715,Waiting,217.25
6650,2023-11-16 10:15:00,19795.5,94.58,68.55142857142857,Waiting,217.51
6651,2023-11-16 11:15:00,19800.95,94.45,71.32428571428571,Waiting,218.25
6652,2023-11-16 12:15:00,19803.65,94.45,74.09357142857142,Waiting,218.44
6653,2023-11-16 13:15:00,19817.6,94.43,76.22428571428573,Waiting,218.4
6654,2023-11-16 14:15:00,19730.65,80.09,77.5807142857143,Waiting,219.05
6655,2023-11-16 15:15:00,19765.2,81.35,79.21285714285715,Waiting,218.16
6656,2023-11-17 09:15:00,19778.7,71.82,79.14428571428572,Waiting,218.25
6657,2023-11-17 10:15:00,19765.85,70.56,79.05357142857143,Waiting,218.4
6658,2023-11-17 11:15:00,19761.6,69.0,78.95357142857142,Waiting,218.28
6659,2023-11-17 12:15:00,19763.65,67.29,78.6507142857143,Waiting,218.35
6660,2023-11-17 13:15:00,19756.8,65.12,78.75928571428571,Waiting,218.19
6661,2023-11-17 14:15:00,19740.95,59.9,78.09642857142858,Waiting,217.99
6662,2023-11-17 15:15:00,19731.8,58.59,77.38142857142857,Waiting,218.02
6663,2023-11-20 09:15:00,19714.8,50.17,75.12857142857142,Waiting,217.77
6664,2023-11-20 10:15:00,19678.0,27.57,70.34214285714286,Waiting,217.93
6665,2023-11-20 11:15:00,19697.5,31.26,65.82857142857144,,217.25
6666,2023-11-20 12:15:00,19706.2,32.72,61.419285714285714,,217.33
6667,2023-11-20 13:15:00,19692.9,27.84,56.66285714285715,Buy,217.56
6668,2023-11-20 14:15:00,19690.65,39.83,53.78714285714285,Hold,217.4
6669,2023-11-20 15:15:00,19694.0,28.48,50.010714285714286,Hold,217.35
6670,2023-11-21 09:15:00,19766.95,47.39,48.26571428571429,Hold,218.44
6671,2023-11-21 10:15:00,19777.0,52.51,46.97642857142858,Hold,218.3
6672,2023-11-21 11:15:00,19797.75,57.58,46.160714285714285,Hold,218.36
6673,2023-11-21 12:15:00,19775.85,52.36,45.09428571428572,Hold,218.64
6674,2023-11-21 13:15:00,19794.8,57.02,44.51571428571429,Hold,218.46
6675,2023-11-21 14:15:00,19783.65,58.03,44.38214285714285,Hold,218.35
6676,2023-11-21 15:15:00,19783.4,60.04,44.48571428571429,Hold,218.39
6677,2023-11-22 09:15:00,19815.9,68.56,45.79928571428571,Hold,218.5
6678,2023-11-22 10:15:00,19798.9,73.93,49.11071428571429,Sell,218.55
6679,2023-11-22 11:15:00,19755.6,60.51,51.2,Waiting,218.42
6680,2023-11-22 12:15:00,19746.5,57.28,52.95428571428572,Waiting,217.9
6681,2023-11-22 13:15:00,19735.8,57.82,55.09571428571429,Waiting,217.9
6682,2023-11-22 14:15:00,19811.8,67.41,57.065714285714286,Waiting,218.48
6683,2023-11-22 15:15:00,19811.85,67.1,59.82428571428572,Waiting,218.53
6684,2023-11-23 09:15:00,19836.55,61.74,60.84928571428572,Waiting,219.09
6685,2023-11-23 10:15:00,19809.0,55.1,61.03428571428571,Waiting,218.48
6686,2023-11-23 11:15:00,19802.95,50.87,60.555,Waiting,218.6
6687,2023-11-23 12:15:00,19810.15,56.03,60.81714285714286,Waiting,218.6
6688,2023-11-23 13:15:00,19808.2,52.5,60.49428571428572,Waiting,218.65
6689,2023-11-23 14:15:00,19799.4,52.97,60.13285714285714,Waiting,218.67
6690,2023-11-23 15:15:00,19802.0,53.48,59.66428571428571,Waiting,218.56
6691,2023-11-24 09:15:00,19803.3,47.33,58.14785714285715,Waiting,218.55
6692,2023-11-24 10:15:00,19809.6,52.37,56.60785714285714,Waiting,218.6
6693,2023-11-24 11:15:00,19814.8,65.79,56.985,Waiting,218.61
6694,2023-11-24 12:15:00,19773.85,56.23,56.91,Waiting,218.57
6695,2023-11-24 13:15:00,19795.25,62.92,57.27428571428571,Waiting,218.52
6696,2023-11-24 14:15:00,19792.3,43.79,55.58714285714286,Waiting,218.5
6697,2023-11-24 15:15:00,19794.7,44.62,53.981428571428566,Waiting,218.48
6698,2023-11-28 09:15:00,19811.15,41.59,52.54214285714285,Waiting,218.67
6699,2023-11-28 10:15:00,19822.0,54.84,52.52357142857143,Waiting,218.84
6700,2023-11-28 11:15:00,19834.9,61.31,53.26928571428572,Waiting,218.85
6701,2023-11-28 12:15:00,19826.35,55.68,53.24428571428571,Waiting,218.85
6702,2023-11-28 13:15:00,19823.1,55.18,53.43571428571428,Waiting,218.8
6703,2023-11-28 14:15:00,19896.15,73.24,54.88357142857143,Waiting,219.25
6704,2023-11-28 15:15:00,19889.7,70.68,56.112142857142864,Waiting,219.56
6705,2023-11-29 09:15:00,20014.2,81.46,58.55,Waiting,220.6
6706,2023-11-29 10:15:00,20007.55,79.5,60.48785714285714,Waiting,220.8
6707,2023-11-29 11:15:00,20030.9,80.55,61.542142857142856,Waiting,221.0
6708,2023-11-29 12:15:00,20043.6,91.44,64.05714285714285,Waiting,221.13
6709,2023-11-29 13:15:00,20065.0,91.44,66.09428571428572,Waiting,221.31
6710,2023-11-29 14:15:00,20101.9,93.07,69.61428571428571,Waiting,221.54
6711,2023-11-29 15:15:00,20096.6,91.66,72.97428571428573,Waiting,221.66
6712,2023-11-30 09:15:00,20047.35,79.89,75.71000000000001,Waiting,221.95
6713,2023-11-30 10:15:00,20065.8,80.27,77.52642857142857,Waiting,221.6
6714,2023-11-30 11:15:00,20054.55,77.38,78.67428571428572,Waiting,221.2
6715,2023-11-30 12:15:00,20067.7,79.75,80.39357142857143,Waiting,221.33
6716,2023-11-30 13:15:00,20061.9,79.25,82.11285714285714,Waiting,221.69
6717,2023-11-30 14:15:00,20135.2,79.26,82.54285714285713,Waiting,221.96
6718,2023-11-30 15:15:00,20133.15,80.13,83.21785714285714,Waiting,222.13
6719,2023-12-01 09:15:00,20258.65,80.18,83.12642857142858,Waiting,223.0
6720,2023-12-01 10:15:00,20263.1,81.72,83.285,Waiting,223.51
6721,2023-12-01 11:15:00,20268.35,80.86,83.30714285714286,Waiting,223.7
6722,2023-12-01 12:15:00,20277.3,80.67,82.53785714285713,Waiting,223.66
6723,2023-12-01 13:15:00,20271.7,78.3,81.5992857142857,Waiting,223.64
6724,2023-12-01 14:15:00,20267.35,74.87,80.29928571428572,Waiting,223.56
6725,2023-12-01 15:15:00,20267.9,76.12,79.1892857142857,Waiting,223.75
6726,2023-12-04 09:15:00,20545.7,94.78,80.25285714285714,Waiting,227.02
6727,2023-12-04 10:15:00,20573.15,94.86,81.295,Waiting,226.97
6728,2023-12-04 11:15:00,20582.65,96.84,82.68499999999999,Waiting,227.25
6729,2023-12-04 12:15:00,20587.35,96.79,83.90214285714286,Waiting,227.54
6730,2023-12-04 13:15:00,20640.9,98.01,85.24214285714287,Waiting,227.84
6731,2023-12-04 14:15:00,20678.3,97.88,86.57214285714285,Waiting,228.0
6732,2023-12-04 15:15:00,20686.8,98.27,87.86785714285715,Waiting,228.18
6733,2023-12-05 09:15:00,20806.95,98.25,89.15857142857143,Waiting,229.1
6734,2023-12-05 10:15:00,20822.3,98.28,90.34142857142857,Waiting,229.8
6735,2023-12-05 11:15:00,20776.7,91.03,91.06785714285716,Waiting,228.95
6736,2023-12-05 12:15:00,20802.0,91.26,91.82428571428572,Waiting,229.2
6737,2023-12-05 13:15:00,20812.9,92.21,92.81785714285716,Waiting,229.78
6738,2023-12-05 14:15:00,20857.75,93.31,94.135,Waiting,229.74
6739,2023-12-05 15:15:00,20855.1,92.94,95.33642857142856,Waiting,230.06
6740,2023-12-06 09:15:00,20898.8,89.27,94.94285714285714,Waiting,230.95
6741,2023-12-06 10:15:00,20926.95,89.28,94.5442857142857,Waiting,230.81
6742,2023-12-06 11:15:00,20930.5,89.14,93.99428571428572,Waiting,231.2
6743,2023-12-06 12:15:00,20873.4,78.79,92.70857142857145,Waiting,230.7
6744,2023-12-06 13:15:00,20927.0,78.79,91.33571428571427,Waiting,230.64
6745,2023-12-06 14:15:00,20939.35,77.67,89.89214285714286,Waiting,231.04
6746,2023-12-06 15:15:00,20937.7,76.98,88.37142857142858,Waiting,230.94
6747,2023-12-07 09:15:00,20870.2,57.67,85.47285714285715,Waiting,230.29
6748,2023-12-07 10:15:00,20927.0,61.54,82.84857142857143,Waiting,230.95
6749,2023-12-07 11:15:00,20917.35,66.83,81.12,Waiting,231.0
6750,2023-12-07 12:15:00,20917.15,64.66,79.22000000000001,Waiting,231.09
6751,2023-12-07 13:15:00,20908.15,62.19,77.07571428571428,Waiting,230.93
6752,2023-12-07 14:15:00,20902.75,56.4,74.43928571428572,Waiting,230.7
6753,2023-12-07 15:15:00,20901.15,56.57,71.84142857142857,Waiting,230.83
6754,2023-12-08 09:15:00,20992.05,61.73,69.87428571428572,Waiting,231.33
6755,2023-12-08 10:15:00,20955.8,53.56,67.32285714285715,Waiting,231.69
6756,2023-12-08 11:15:00,20967.55,54.48,64.84714285714286,Waiting,231.42
6757,2023-12-08 12:15:00,20921.3,55.94,63.215,Waiting,231.09
6758,2023-12-08 13:15:00,20916.2,48.48,61.05,Waiting,230.4
6759,2023-12-08 14:15:00,20978.15,54.8,59.416428571428575,Waiting,231.02
6760,2023-12-08 15:15:00,20969.4,53.86,57.76499999999999,Waiting,231.36
6761,2023-12-11 09:15:00,21011.2,68.29,58.52357142857143,Waiting,231.62
6762,2023-12-11 10:15:00,21009.2,62.43,58.58714285714285,Waiting,231.44
6763,2023-12-11 11:15:00,20985.35,59.86,58.08928571428572,Waiting,231.74
6764,2023-12-11 12:15:00,20982.15,59.34,57.70928571428571,Waiting,231.36
6765,2023-12-11 13:15:00,20992.4,62.07,57.70071428571429,Waiting,231.7
6766,2023-12-11 14:15:00,21000.55,63.9,58.236428571428576,Waiting,231.65
6767,2023-12-11 15:15:00,20997.1,63.57,58.73642857142857,Waiting,231.79
6768,2023-12-12 09:15:00,21003.85,52.19,58.055,Waiting,232.11
6769,2023-12-12 10:15:00,21015.8,62.23,58.67428571428571,Waiting,231.88
6770,2023-12-12 11:15:00,21013.1,59.64,59.04285714285714,Waiting,231.74
6771,2023-12-12 12:15:00,20964.7,59.11,59.26928571428572,Waiting,231.65
6772,2023-12-12 13:15:00,20940.95,54.82,59.722142857142856,Waiting,231.45
6773,2023-12-12 14:15:00,20903.2,33.9,58.22928571428571,Waiting,230.78
6774,2023-12-12 15:15:00,20906.4,36.14,56.96357142857143,Waiting,230.96
6775,2023-12-13 09:15:00,20850.7,16.72,53.28,Waiting,230.86
6776,2023-12-13 10:15:00,20831.35,15.59,49.934285714285714,Buy,230.2
6777,2023-12-13 11:15:00,20784.3,14.31,46.68071428571428,Hold,230.0
6778,2023-12-13 12:15:00,20819.65,24.11,44.16428571428571,Hold,229.88
6779,2023-12-13 13:15:00,20884.25,35.31,42.252857142857145,Hold,230.58
6780,2023-12-13 14:15:00,20924.2,40.46,40.57857142857142,Hold,230.48
6781,2023-12-13 15:15:00,20926.35,41.13,38.97571428571428,Hold,231.15
6782,2023-12-14 09:15:00,21168.05,62.96,39.745000000000005,Hold,233.2
6783,2023-12-14 10:15:00,21164.15,61.86,39.71857142857142,Hold,233.28
6784,2023-12-14 11:15:00,21156.5,61.37,39.84214285714285,Hold,233.6
6785,2023-12-14 12:15:00,21177.85,67.66,40.45285714285715,Hold,233.7
6786,2023-12-14 13:15:00,21195.0,71.28,41.62857142857143,Sell,234.11
6787,2023-12-14 14:15:00,21172.45,73.15,44.432142857142864,Waiting,234.02
6788,2023-12-14 15:15:00,21182.7,73.47,47.09857142857143,Waiting,233.99
6789,2023-12-15 09:15:00,21326.7,85.16,51.987142857142864,Waiting,234.47
6790,2023-12-15 10:15:00,21312.35,85.79,57.00142857142857,Waiting,235.28
6791,2023-12-15 11:15:00,21311.1,92.06,62.555,Waiting,235.21
6792,2023-12-15 12:15:00,21321.55,91.73,67.385,Waiting,235.21
6793,2023-12-15 13:15:00,21330.65,90.89,71.355,Waiting,235.33
6794,2023-12-15 14:15:00,21457.45,92.14,75.04642857142858,Waiting,235.57
6795,2023-12-15 15:15:00,21456.65,92.0,78.67999999999999,Waiting,236.62
6796,2023-12-18 09:15:00,21459.7,87.14,80.40714285714286,Waiting,236.4
6797,2023-12-18 10:15:00,21469.95,88.32,82.29714285714286,Waiting,236.56
6798,2023-12-18 11:15:00,21460.3,87.88,84.1907142857143,Waiting,236.86
6799,2023-12-18 12:15:00,21417.6,78.38,84.95642857142856,Waiting,236.55
6800,2023-12-18 13:15:00,21434.8,78.39,85.46428571428571,Waiting,236.35
6801,2023-12-18 14:15:00,21419.75,79.8,85.93928571428572,Waiting,236.4
6802,2023-12-18 15:15:00,21418.65,79.08,86.34,Waiting,236.57
6803,2023-12-19 09:15:00,21351.8,53.82,84.10142857142856,Waiting,236.08
6804,2023-12-19 10:15:00,21399.8,62.07,82.40714285714286,Waiting,236.1
6805,2023-12-19 11:15:00,21435.8,65.71,80.525,Waiting,236.23
6806,2023-12-19 12:15:00,21461.9,67.01,78.75928571428572,Waiting,236.88
6807,2023-12-19 13:15:00,21481.05,67.79,77.10928571428572,Waiting,236.9
6808,2023-12-19 14:15:00,21453.75,49.43,74.05857142857143,Waiting,237.33
6809,2023-12-19 15:15:00,21453.1,49.45,71.01928571428572,Waiting,236.7
6810,2023-12-20 09:15:00,21555.95,61.38,69.17928571428571,Waiting,238.06
6811,2023-12-20 10:15:00,21565.05,61.28,67.24785714285714,Waiting,237.91
6812,2023-12-20 11:15:00,21528.7,57.63,65.08714285714287,Waiting,237.73
6813,2023-12-20 12:15:00,21472.4,55.93,63.48357142857143,Waiting,237.46
6814,2023-12-20 13:15:00,21283.65,38.07,60.60357142857144,Waiting,236.1
6815,2023-12-20 14:15:00,21142.35,31.75,57.17142857142857,Waiting,234.1
6816,2023-12-20 15:15:00,21150.15,32.49,53.84357142857143,Waiting,233.25
6817,2023-12-21 09:15:00,21123.95,34.3,52.44928571428572,Waiting,232.6
6818,2023-12-21 10:15:00,21157.65,32.98,50.371428571428574,Waiting,233.25
6819,2023-12-21 11:15:00,21180.05,31.68,47.94071428571429,Waiting,233.43
6820,2023-12-21 12:15:00,21250.85,35.79,45.71071428571429,Waiting,234.4
6821,2023-12-21 13:15:00,21216.85,32.56,43.194285714285705,Waiting,234.16
6822,2023-12-21 14:15:00,21257.5,37.27,42.32571428571429,Waiting,234.77
6823,2023-12-21 15:15:00,21255.05,37.18,41.44928571428572,Waiting,234.6
6824,2023-12-22 09:15:00,21350.65,36.59,39.67857142857143,Waiting,234.7
6825,2023-12-22 10:15:00,21368.9,37.34,37.96857142857143,Waiting,235.56
6826,2023-12-22 11:15:00,21362.85,38.86,36.62785714285714,Waiting,236.01
6827,2023-12-22 12:15:00,21328.35,40.03,35.49214285714286,Waiting,235.48
6828,2023-12-22 13:15:00,21308.25,52.22,36.502857142857145,Waiting,235.14
6829,2023-12-22 14:15:00,21354.3,73.11,39.457142857142856,Waiting,235.84
6830,2023-12-22 15:15:00,21349.4,71.86,42.26928571428572,Waiting,235.5
6831,2023-12-26 09:15:00,21413.35,79.33,45.48571428571429,Waiting,235.85
6832,2023-12-26 10:15:00,21456.65,79.72,48.82428571428572,Waiting,236.97
6833,2023-12-26 11:15:00,21464.3,79.11,52.21214285714285,Waiting,236.93
6834,2023-12-26 12:15:00,21438.8,71.22,54.74285714285714,Waiting,236.98
6835,2023-12-26 13:15:00,21430.1,75.53,57.81214285714286,Waiting,236.74
6836,2023-12-26 14:15:00,21438.65,73.49,60.39928571428571,Waiting,236.66
6837,2023-12-26 15:15:00,21441.35,74.14,63.03928571428571,Waiting,236.93
6838,2023-12-27 09:15:00,21559.65,75.58,65.82428571428571,Waiting,237.66
6839,2023-12-27 10:15:00,21578.15,75.6,68.55714285714285,Waiting,237.78
6840,2023-12-27 11:15:00,21582.85,77.0,71.28142857142858,Waiting,238.09
6841,2023-12-27 12:15:00,21533.7,74.33,73.73142857142857,Waiting,237.98
6842,2023-12-27 13:15:00,21558.35,79.31,75.66642857142857,Waiting,237.84
6843,2023-12-27 14:15:00,21668.5,82.02,76.30285714285715,Waiting,238.33
6844,2023-12-27 15:15:00,21654.75,80.56,76.92428571428572,Waiting,238.91
6845,2023-12-28 09:15:00,21697.4,79.7,76.95071428571428,Waiting,239.85
6846,2023-12-28 10:15:00,21727.7,79.13,76.90857142857143,Waiting,239.55
6847,2023-12-28 11:15:00,21728.65,78.82,76.88785714285714,Waiting,239.87
6848,2023-12-28 12:15:00,21767.3,84.82,77.85928571428572,Waiting,239.98
6849,2023-12-28 13:15:00,21751.25,83.52,78.42999999999999,Waiting,240.04
6850,2023-12-28 14:15:00,21781.3,84.23,79.19714285714285,Waiting,239.98
6851,2023-12-28 15:15:00,21778.7,83.7,79.88,Waiting,240.16
6852,2023-12-29 09:15:00,21683.3,62.95,78.97785714285715,Waiting,239.89
6853,2023-12-29 10:15:00,21720.05,64.31,78.17142857142858,Waiting,240.0
6854,2023-12-29 11:15:00,21737.9,65.23,77.33071428571428,Waiting,240.15
6855,2023-12-29 12:15:00,21738.75,72.26,77.18285714285715,Waiting,240.06
6856,2023-12-29 13:15:00,21692.2,63.87,76.08,Waiting,240.08
6857,2023-12-29 14:15:00,21716.3,56.03,74.22357142857143,Waiting,239.65
6858,2023-12-29 15:15:00,21731.4,59.63,72.72857142857143,Waiting,239.65
6859,2024-01-01 09:15:00,21709.65,51.62,70.72285714285714,Waiting,239.4
6860,2024-01-01 10:15:00,21741.25,51.79,68.77,Waiting,239.6
6861,2024-01-01 11:15:00,21742.5,51.83,66.84214285714286,Waiting,239.61
6862,2024-01-01 12:15:00,21737.95,45.74,64.05071428571429,Waiting,239.77
6863,2024-01-01 13:15:00,21792.65,55.4,62.042142857142856,Waiting,239.88
6864,2024-01-01 14:15:00,21725.3,43.34,59.121428571428574,Waiting,240.8
6865,2024-01-01 15:15:00,21741.9,45.76,56.41142857142857,Waiting,240.35
6866,2024-01-02 09:15:00,21661.75,47.43,55.30285714285714,Waiting,239.94
6867,2024-01-02 10:15:00,21588.4,35.56,53.24928571428571,Waiting,238.42
6868,2024-01-02 11:15:00,21612.4,36.41,51.190714285714286,Waiting,238.61
6869,2024-01-02 12:15:00,21613.9,36.5,48.63642857142857,Waiting,239.0
6870,2024-01-02 13:15:00,21662.35,46.79,47.41642857142857,Waiting,238.98
6871,2024-01-02 14:15:00,21661.05,43.75,46.53928571428571,Waiting,239.38
6872,2024-01-02 15:15:00,21665.8,42.4,45.30857142857143,Waiting,239.21
6873,2024-01-03 09:15:00,21586.4,37.4,44.29285714285714,Waiting,238.14
6874,2024-01-03 10:15:00,21567.55,31.76,42.862142857142864,Waiting,238.1
6875,2024-01-03 11:15:00,21569.15,31.81,41.43214285714286,Waiting,238.25
6876,2024-01-03 12:15:00,21571.7,32.48,40.485,Waiting,238.11
6877,2024-01-03 13:15:00,21572.05,23.75,38.22428571428571,Waiting,
6878,2024-01-03 14:15:00,21515.1,24.35,36.86785714285714,Buy,
6879,2024-01-03 15:15:00,21517.35,21.61,35.142857142857146,Hold,
6880,2024-01-04 09:15:00,21631.5,46.48,35.075,Hold,
6881,2024-01-04 10:15:00,21650.75,58.31,36.7,Hold,
6882,2024-01-04 11:15:00,21642.1,54.12,37.965,Hold,
6883,2024-01-04 12:15:00,21668.45,57.09,39.43571428571429,Hold,239.3
6884,2024-01-04 13:15:00,21654.7,48.91,39.58714285714286,Hold,239.31
6885,2024-01-05 13:15:00,21649.2,48.33,39.91428571428571,Hold,239.3
6886,2024-01-05 14:15:00,21715.1,55.93,40.88071428571429,Hold,239.29
6887,2024-01-05 15:15:00,21710.8,68.27,43.08571428571429,Hold,239.74
6888,2024-01-08 09:15:00,21692.85,68.45,45.70642857142857,Hold,239.09
6889,2024-01-08 10:15:00,21620.0,56.19,47.44785714285714,Hold,239.34
6890,2024-01-08 11:15:00,21585.8,51.59,48.81285714285714,Hold,238.92
6891,2024-01-08 12:15:00,21575.55,50.39,50.71571428571429,Hold,238.7
6892,2024-01-08 13:15:00,21586.9,58.83,53.17857142857143,Hold,238.35
6893,2024-01-08 14:15:00,21507.9,49.02,55.136428571428574,Hold,237.97
6894,2024-01-08 15:15:00,21513.0,34.17,54.25714285714286,Hold,237.68
6895,2024-01-09 09:15:00,21657.15,50.64,53.70928571428571,Hold,238.89
6896,2024-01-09 10:15:00,21694.9,55.0,53.77214285714285,Hold,239.57
6897,2024-01-09 11:15:00,21691.6,52.29,53.42928571428571,Hold,239.4
6898,2024-01-09 12:15:00,21706.8,55.14,53.87428571428571,Hold,239.34
6899,2024-01-09 13:15:00,21656.6,50.67,54.041428571428575,Hold,239.49
6900,2024-01-09 14:15:00,21543.2,35.65,52.59285714285714,Hold,237.94
6901,2024-01-09 15:15:00,21544.85,36.09,50.294285714285714,Hold,237.78
6902,2024-01-10 09:15:00,21542.7,37.07,48.05285714285714,Hold,237.66
6903,2024-01-10 10:15:00,21542.65,42.38,47.06642857142857,Hold,237.56
6904,2024-01-10 11:15:00,21522.1,43.55,46.49214285714286,Hold,237.6
6905,2024-01-10 12:15:00,21510.55,43.44,45.99571428571428,Hold,237.35
6906,2024-01-10 13:15:00,21531.95,44.56,44.97642857142858,Hold,237.05
6907,2024-01-10 14:15:00,21608.0,59.96,45.757857142857134,Hold,238.15
6908,2024-01-10 15:15:00,21618.7,60.4,47.63142857142857,Hold,238.76
6909,2024-01-11 09:15:00,21672.4,51.83,47.71642857142857,Hold,239.28
6910,2024-01-11 10:15:00,21655.3,45.01,47.00285714285714,Hold,239.08
6911,2024-01-11 11:15:00,21657.2,45.65,46.52857142857143,Hold,239.08
6912,2024-01-11 12:15:00,21673.85,45.85,45.865,Hold,238.99
6913,2024-01-11 13:15:00,21605.9,43.89,45.38071428571429,Hold,239.17
6914,2024-01-11 14:15:00,21646.45,65.1,47.48428571428571,Hold,238.76
6915,2024-01-11 15:15:00,21647.2,65.01,49.55,Hold,238.87
6916,2024-01-12 09:15:00,21804.5,76.38,52.35785714285714,Sell,239.71
6917,2024-01-12 10:15:00,21822.15,77.2,54.845000000000006,Waiting,240.75
6918,2024-01-12 11:15:00,21827.55,80.63,57.49357142857143,Waiting,240.85
6919,2024-01-12 12:15:00,21843.1,83.08,60.325,Waiting,240.95
6920,2024-01-12 13:15:00,21879.1,83.56,63.11071428571428,Waiting,241.47
6921,2024-01-12 14:15:00,21876.55,80.26,64.56071428571428,Waiting,241.99
6922,2024-01-12 15:15:00,21894.55,80.58,66.00214285714286,Waiting,241.73
6923,2024-01-15 09:15:00,22010.25,82.93,68.22357142857143,Waiting,243.21
6924,2024-01-15 10:15:00,22042.1,86.64,71.19714285714285,Waiting,243.03
6925,2024-01-15 11:15:00,22052.1,86.84,74.13928571428572,Waiting,243.2
6926,2024-01-15 12:15:00,22059.85,86.62,77.05142857142857,Waiting,243.39
6927,2024-01-15 13:15:00,22070.7,99.46,81.02071428571428,Waiting,243.46
6928,2024-01-15 14:15:00,22086.9,99.43,83.47285714285715,Waiting,243.51
6929,2024-01-15 15:15:00,22097.45,99.44,85.93214285714285,Waiting,244.07
6930,2024-01-16 09:15:00,22100.65,99.15,87.55857142857143,Waiting,243.34
6931,2024-01-16 10:15:00,22118.75,99.15,89.12642857142858,Waiting,243.82
6932,2024-01-16 11:15:00,22077.8,87.1,89.58857142857143,Waiting,243.6
6933,2024-01-16 12:15:00,22019.0,73.11,88.87642857142858,Waiting,243.47
6934,2024-01-16 13:15:00,22049.4,72.71,88.10142857142856,Waiting,242.84
6935,2024-01-16 14:15:00,22034.3,70.36,87.39428571428572,Waiting,243.02
6936,2024-01-16 15:15:00,22032.3,68.54,86.53428571428572,Waiting,243.24
6937,2024-01-17 09:15:00,21791.0,27.94,82.60642857142857,Waiting,241.08
6938,2024-01-17 10:15:00,21740.7,20.77,77.90142857142858,Buy,240.44
6939,2024-01-17 11:15:00,21675.45,17.0,72.91285714285715,Hold,239.82
6940,2024-01-17 12:15:00,21632.95,14.75,67.77928571428572,Hold,239.44
6941,2024-01-17 13:15:00,21657.1,16.58,61.85928571428571,Hold,239.35
6942,2024-01-17 14:15:00,21589.75,12.9,55.67857142857143,Hold,238.68
6943,2024-01-17 15:15:00,21571.95,11.2,49.37571428571429,Hold,238.38
6944,2024-01-18 09:15:00,21391.35,8.5,42.90071428571429,Hold,236.6
6945,2024-01-18 10:15:00,21484.25,15.87,36.95214285714285,Hold,236.94
6946,2024-01-18 11:15:00,21521.8,19.98,32.15785714285715,Hold,237.3
6947,2024-01-18 12:15:00,21452.5,19.75,28.34642857142857,Hold,237.3
6948,2024-01-18 13:15:00,21454.35,17.23,24.38357142857143,Hold,237.05
6949,2024-01-18 14:15:00,21458.3,17.89,20.635714285714283,Hold,237.5
6950,2024-01-18 15:15:00,21462.25,18.29,17.04642857142857,Hold,237.51
6951,2024-01-19 09:15:00,21639.0,40.89,17.97142857142857,Hold,239.14
6952,2024-01-19 10:15:00,21586.9,40.8,19.402142857142856,Hold,239.27
6953,2024-01-19 11:15:00,21588.4,44.36,21.356428571428573,Hold,238.75
6954,2024-01-19 12:15:00,21627.9,49.67,23.85071428571429,Hold,238.5
6955,2024-01-19 13:15:00,21589.0,45.66,25.927857142857142,Hold,239.05
6956,2024-01-19 14:15:00,21619.75,52.01,28.721428571428568,Hold,239.29
6957,2024-01-19 15:15:00,21622.4,53.44,31.738571428571426,Hold,239.15
6958,2024-01-20 09:15:00,21643.85,72.03,36.276428571428575,Sell,239.5
6959,2024-01-20 10:15:00,21665.8,68.08,40.00571428571429,Waiting,239.6
6960,2024-01-20 11:15:00,21648.05,63.09,43.085,Waiting,239.6
6961,2024-01-20 12:15:00,21653.25,74.0,46.96,Waiting,239.11
6962,2024-01-20 13:15:00,21609.6,66.87,50.50571428571429,Waiting,239.27
6963,2024-01-20 14:15:00,21578.2,62.3,53.67785714285714,Waiting,239.09
6964,2024-01-20 15:15:00,21571.8,61.18,56.74142857142857,Waiting,238.73
6965,2024-01-23 09:15:00,21658.65,52.46,57.56785714285714,Waiting,240.22
6966,2024-01-23 10:15:00,21557.55,46.73,57.99142857142857,Waiting,238.22
6967,2024-01-23 11:15:00,21389.3,33.83,57.239285714285714,Waiting,237.57
6968,2024-01-23 12:15:00,21353.25,27.57,55.660714285714285,Waiting,236.85
6969,2024-01-23 13:15:00,21311.75,27.46,54.36071428571428,Buy,236.0
6970,2024-01-23 14:15:00,21239.5,21.04,52.14857142857143,Hold,234.84
6971,2024-01-23 15:15:00,21238.8,20.7,49.81,Hold,234.87
6972,2024-01-24 09:15:00,21329.1,28.24,46.68214285714286,Hold,235.29
6973,2024-01-24 10:15:00,21372.3,30.29,43.98285714285715,Hold,236.5
6974,2024-01-24 11:15:00,21248.15,26.5,41.36928571428572,Hold,235.65
6975,2024-01-24 12:15:00,21300.85,30.39,38.25428571428572,Hold,234.92
6976,2024-01-24 13:15:00,21340.7,34.97,35.97571428571429,Hold,235.74
6977,2024-01-24 14:15:00,21456.05,43.76,34.651428571428575,Hold,236.88
6978,2024-01-24 15:15:00,21453.95,43.95,33.42071428571428,Hold,237.29
6979,2024-01-25 09:15:00,21368.95,35.11,32.18142857142857,Hold,236.66
6980,2024-01-25 10:15:00,21265.5,35.02,31.345,Hold,235.71
6981,2024-01-25 11:15:00,21296.4,44.45,32.103571428571435,Hold,235.91
6982,2024-01-25 12:15:00,21284.15,45.75,33.402142857142856,Hold,235.64
6983,2024-01-25 13:15:00,21279.75,47.94,34.865,Hold,235.49
6984,2024-01-25 14:15:00,21343.3,56.76,37.416428571428575,Hold,235.27
6985,2024-01-25 15:15:00,21352.6,57.33,40.03285714285715,Hold,236.15
6986,2024-01-29 09:15:00,21573.45,63.47,42.54928571428571,Hold,238.39
6987,2024-01-29 10:15:00,21634.7,64.18,44.970000000000006,Hold,238.7
6988,2024-01-29 11:15:00,21662.1,74.99,48.43357142857143,Sell,238.98
6989,2024-01-29 12:15:00,21705.05,74.69,51.59785714285714,Waiting,239.4
6990,2024-01-29 13:15:00,21721.0,73.93,54.38071428571429,Waiting,239.57
6991,2024-01-29 14:15:00,21741.55,70.4,56.28357142857143,Waiting,240.0
6992,2024-01-29 15:15:00,21737.6,70.21,58.15928571428572,Waiting,240.05
6993,2024-01-30 09:15:00,21762.95,80.68,61.41428571428572,Waiting,240.47
6994,2024-01-30 10:15:00,21681.4,83.53,64.87928571428571,Waiting,240.08
6995,2024-01-30 11:15:00,21710.4,83.48,67.66714285714286,Waiting,239.9
6996,2024-01-30 12:15:00,21675.85,80.57,70.15428571428572,Waiting,239.73
6997,2024-01-30 13:15:00,21665.75,79.86,72.4342857142857,Waiting,239.83
6998,2024-01-30 14:15:00,21527.35,62.76,72.86285714285715,Waiting,238.5
6999,2024-01-30 15:15:00,21522.1,61.82,73.18357142857143,Waiting,238.13
7000,2024-01-31 09:15:00,21604.45,52.68,72.41285714285715,Waiting,238.68
7001,2024-01-31 10:15:00,21658.2,52.06,71.54714285714286,Waiting,239.15
7002,2024-01-31 11:15:00,21716.8,54.54,70.08642857142857,Waiting,239.85
7003,2024-01-31 12:15:00,21692.75,48.95,68.24785714285714,Waiting,239.45
7004,2024-01-31 13:15:00,21685.8,46.94,66.32000000000001,Waiting,239.72
7005,2024-01-31 14:15:00,21727.95,48.86,64.78142857142856,Waiting,239.9
7006,2024-01-31 15:15:00,21725.7,49.0,63.26642857142857,Waiting,240.26
7007,2024-02-01 09:15:00,21783.9,51.67,61.19428571428572,Waiting,240.15
7008,2024-02-01 10:15:00,21783.25,59.32,59.465,Waiting,240.76
7009,2024-02-01 11:15:00,21738.5,52.5,57.25214285714286,Waiting,240.15
7010,2024-02-01 12:15:00,21730.15,55.07,55.43071428571428,Waiting,240.25
7011,2024-02-01 13:15:00,21722.25,55.29,53.675714285714285,Waiting,240.14
7012,2024-02-01 14:15:00,21681.45,67.67,54.02642857142856,Waiting,240.16
7013,2024-02-01 15:15:00,21697.45,69.63,54.58428571428572,Waiting,240.03
7014,2024-02-02 09:15:00,21937.85,77.56,56.36142857142857,Waiting,242.33
7015,2024-02-02 10:15:00,21989.65,77.49,58.17785714285714,Waiting,242.32
7016,2024-02-02 11:15:00,22058.8,77.88,59.845000000000006,Waiting,243.63
7017,2024-02-02 12:15:00,21846.3,59.57,60.60357142857142,Waiting,242.18
7018,2024-02-02 13:15:00,21892.8,62.3,61.70071428571429,Waiting,241.55
7019,2024-02-02 14:15:00,21855.7,57.64,62.32785714285715,Waiting,241.87
7020,2024-02-02 15:15:00,21853.8,57.66,62.94642857142857,Waiting,241.3
7021,2024-02-05 09:15:00,21926.95,58.41,63.427857142857135,Waiting,241.5
7022,2024-02-05 10:15:00,21919.35,57.93,63.32857142857143,Waiting,241.82
7023,2024-02-05 11:15:00,21923.35,61.31,63.95785714285714,Waiting,241.96
7024,2024-02-05 12:15:00,21936.8,62.57,64.49357142857143,Waiting,242.0
7025,2024-02-05 13:15:00,21911.25,61.25,64.91928571428572,Waiting,242.03
7026,2024-02-05 14:15:00,21771.5,54.8,64.0,Waiting,240.32
7027,2024-02-05 15:15:00,21771.7,54.02,62.88499999999999,Waiting,240.24
7028,2024-02-06 09:15:00,21853.6,44.49,60.52285714285714,Waiting,241.0
7029,2024-02-06 10:15:00,21850.2,40.26,57.86357142857143,Waiting,240.94
7030,2024-02-06 11:15:00,21898.15,38.44,55.04642857142857,Waiting,241.43
7031,2024-02-06 12:15:00,21905.45,56.04,54.794285714285714,Waiting,241.75
7032,2024-02-06 13:15:00,21914.9,52.44,54.09,Waiting,241.9
7033,2024-02-06 14:15:00,21919.45,57.59,54.08642857142858,Waiting,242.12
7034,2024-02-06 15:15:00,21929.4,58.83,54.17,Waiting,242.01
7035,2024-02-07 09:15:00,22009.8,59.51,54.24857142857143,Waiting,242.53
7036,2024-02-07 10:15:00,21963.25,54.63,54.012857142857136,Waiting,242.51
7037,2024-02-07 11:15:00,21887.7,46.74,52.972142857142856,Waiting,241.95
7038,2024-02-07 12:15:00,21906.7,47.27,51.87928571428571,Waiting,242.22
7039,2024-02-07 13:15:00,21962.2,54.38,51.38857142857143,Waiting,242.59
7040,2024-02-07 14:15:00,21933.55,67.23,52.276428571428575,Waiting,242.45
7041,2024-02-07 15:15:00,21930.5,66.78,53.18785714285714,Waiting,242.35
7042,2024-02-08 09:15:00,21939.65,60.74,54.34857142857144,Waiting,242.97
7043,2024-02-08 10:15:00,21737.0,40.56,54.370000000000005,Waiting,242.1
7044,2024-02-08 11:15:00,21804.05,42.4,54.65285714285714,Waiting,241.06
7045,2024-02-08 12:15:00,21807.85,42.07,53.65500000000001,Waiting,241.4
7046,2024-02-08 13:15:00,21727.75,36.36,52.50642857142857,Waiting,241.15
7047,2024-02-08 14:15:00,21714.75,35.26,50.91142857142857,Waiting,240.29
7048,2024-02-08 15:15:00,21717.95,34.63,49.182857142857145,Waiting,240.28
7049,2024-02-09 09:15:00,21749.65,29.64,47.04928571428572,Waiting,240.39
7050,2024-02-09 10:15:00,21679.5,28.59,45.18928571428573,Buy,240.12
7051,2024-02-09 11:15:00,21733.2,37.94,44.56071428571429,Hold,240.33
7052,2024-02-09 12:15:00,21753.3,38.05,43.90214285714286,Hold,240.56
7053,2024-02-09 13:15:00,21760.85,33.05,42.37857142857143,Hold,240.5
7054,2024-02-09 14:15:00,21782.8,37.16,40.230714285714285,Hold,240.75
7055,2024-02-09 15:15:00,21782.5,37.34,38.12785714285714,Hold,240.78
7056,2024-02-12 09:15:00,21690.25,31.32,36.026428571428575,Hold,240.82
7057,2024-02-12 10:15:00,21717.3,48.0,36.557857142857145,Hold,240.04
7058,2024-02-12 11:15:00,21637.2,33.48,35.92071428571428,Hold,240.15
7059,2024-02-12 12:15:00,21614.5,31.55,35.169285714285714,Hold,240.0
7060,2024-02-12 13:15:00,21688.35,46.19,35.871428571428574,Hold,239.63
7061,2024-02-12 14:15:00,21598.0,40.19,36.22357142857143,Hold,239.8
7062,2024-02-12 15:15:00,21616.05,41.64,36.72428571428571,Hold,239.32
7063,2024-02-13 09:15:00,21718.45,47.71,38.01499999999999,Hold,239.35
7064,2024-02-13 10:15:00,21764.35,56.46,40.00571428571429,Hold,240.17
7065,2024-02-13 11:15:00,21646.9,44.01,40.43928571428571,Hold,240.09
7066,2024-02-13 12:15:00,21686.05,45.45,40.96785714285714,Hold,239.54
7067,2024-02-13 13:15:00,21728.3,47.9,42.02857142857143,Hold,240.45
7068,2024-02-13 14:15:00,21753.9,48.14,42.81285714285714,Hold,240.3
7069,2024-02-13 15:15:00,21743.25,47.51,43.53928571428572,Hold,240.59
7070,2024-02-14 09:15:00,21620.4,45.73,44.56857142857143,Hold,238.65
7071,2024-02-14 10:15:00,21606.85,43.14,44.221428571428575,Hold,239.2
7072,2024-02-14 11:15:00,21619.15,48.78,45.31428571428571,Hold,239.22
7073,2024-02-14 12:15:00,21689.7,54.79,46.97428571428571,Hold,239.64
7074,2024-02-14 13:15:00,21718.95,52.07,47.39428571428572,Hold,239.73
7075,2024-02-14 14:15:00,21814.25,64.51,49.13142857142857,Hold,241.25
7076,2024-02-14 15:15:00,21840.05,64.87,50.79071428571429,Hold,241.55
7077,2024-02-15 09:15:00,21885.35,61.99,51.81071428571429,Hold,241.47
7078,2024-02-15 10:15:00,21868.5,57.81,51.90714285714285,Hold,241.89
7079,2024-02-15 11:15:00,21857.85,68.83,53.68,Hold,241.82
7080,2024-02-15 12:15:00,21861.25,66.71,55.19857142857144,Hold,241.53
7081,2024-02-15 13:15:00,21914.75,67.41,56.59214285714286,Hold,242.77
7082,2024-02-15 14:15:00,21909.8,65.14,57.80642857142857,Hold,242.25
7083,2024-02-15 15:15:00,21910.75,66.58,59.16857142857143,Hold,242.72
7084,2024-02-16 09:15:00,22036.7,90.95,62.39857142857143,Sell,243.28
7085,2024-02-16 10:15:00,22034.65,93.06,65.96428571428571,Waiting,243.76
7086,2024-02-16 11:15:00,22047.4,93.06,69.12714285714286,Waiting,243.49
7087,2024-02-16 12:15:00,22055.2,92.06,71.78928571428573,Waiting,243.87
7088,2024-02-16 13:15:00,22045.35,89.32,74.45,Waiting,243.95
7089,2024-02-16 14:15:00,22036.4,83.79,75.82714285714285,Waiting,244.1
7090,2024-02-16 15:15:00,22040.7,82.65,77.09714285714286,Waiting,243.99
7091,2024-02-19 09:15:00,22065.15,81.39,78.48285714285714,Waiting,244.15
7092,2024-02-19 10:15:00,22125.2,88.94,80.70642857142857,Waiting,244.54
7093,2024-02-19 11:15:00,22150.1,92.5,82.39714285714285,Waiting,245.19
7094,2024-02-19 12:15:00,22165.1,92.74,84.25642857142859,Waiting,245.32
7095,2024-02-19 13:15:00,22157.5,89.21,85.81357142857142,Waiting,245.29
7096,2024-02-19 14:15:00,22117.75,80.19,86.88857142857144,Waiting,245.57
7097,2024-02-19 15:15:00,22122.25,80.4,87.87571428571428,Waiting,245.04
7098,2024-02-20 09:15:00,22097.95,62.44,85.83928571428571,Waiting,244.92
7099,2024-02-20 10:15:00,22099.35,63.17,83.7042857142857,Waiting,244.6
7100,2024-02-20 11:15:00,22159.8,69.16,81.99714285714286,Waiting,244.98
7101,2024-02-20 12:15:00,22145.05,64.96,80.06142857142858,Waiting,245.46
7102,2024-02-20 13:15:00,22123.8,62.59,78.15214285714285,Waiting,245.39
7103,2024-02-20 14:15:00,22200.85,71.65,77.285,Waiting,244.94
7104,2024-02-20 15:15:00,22196.95,70.59,76.42357142857144,Waiting,245.37
7105,2024-02-21 09:15:00,22213.15,69.94,75.60571428571428,Waiting,245.95
7106,2024-02-21 10:15:00,22208.0,63.09,73.75928571428571,Waiting,245.41
7107,2024-02-21 11:15:00,22211.25,60.38,71.465,Waiting,245.75
7108,2024-02-21 12:15:00,22220.35,59.57,69.0957142857143,Waiting,245.81
7109,2024-02-21 13:15:00,22112.45,44.21,65.88142857142857,Waiting,245.75
7110,2024-02-21 14:15:00,22095.05,46.9,63.50357142857143,Waiting,243.8
7111,2024-02-21 15:15:00,22055.05,41.64,60.735,Waiting,243.87
7112,2024-02-22 09:15:00,21935.5,33.67,58.68,Waiting,244.17
7113,2024-02-22 10:15:00,21927.05,32.92,56.51928571428572,Waiting,243.18
7114,2024-02-22 11:15:00,21964.75,29.75,53.70428571428572,Waiting,243.36
7115,2024-02-22 12:15:00,21962.9,30.57,51.24785714285714,,243.4
7116,2024-02-22 13:15:00,22056.65,43.8,49.90571428571429,,243.89
7117,2024-02-22 14:15:00,22206.7,50.48,48.39357142857143,,244.69
7118,2024-02-22 15:15:00,22217.45,51.65,47.04071428571429,,245.79
7119,2024-02-23 09:15:00,22269.95,54.32,45.925,,246.18
7120,2024-02-23 10:15:00,22236.7,52.09,45.13928571428571,,246.06
7121,2024-02-23 11:15:00,22234.9,51.73,44.521428571428565,,246.25
7122,2024-02-23 12:15:00,22252.45,52.32,44.00357142857143,,246.22
7123,2024-02-23 13:15:00,22212.05,57.97,44.98642857142857,,245.85
7124,2024-02-23 14:15:00,22213.25,59.71,45.901428571428575,,246.04
7125,2024-02-23 15:15:00,22212.7,63.84,47.487142857142864,,245.69
7126,2024-02-26 09:15:00,22148.35,70.7,50.13214285714286,,245.47
7127,2024-02-26 10:15:00,22124.25,68.61,52.68142857142857,,244.7
7128,2024-02-26 11:15:00,22096.7,62.7,55.035,,244.8
7129,2024-02-26 12:15:00,22142.0,65.9,57.55857142857143,,244.66
7130,2024-02-26 13:15:00,22153.95,60.11,58.72357142857143,,244.98
7131,2024-02-26 14:15:00,22126.4,38.81,57.88999999999999,,245.0
7132,2024-02-26 15:15:00,22122.05,36.46,56.805,,244.87
7133,2024-02-27 09:15:00,22109.05,24.29,54.66,Buy,244.95
7134,2024-02-27 10:15:00,22145.1,35.49,53.47428571428571,Hold,244.85
7135,2024-02-27 11:15:00,22124.3,33.48,52.17071428571428,Hold,245.0
7136,2024-02-27 12:15:00,22205.95,44.17,51.58857142857143,Hold,244.87
7137,2024-02-27 13:15:00,22163.1,43.9,50.58357142857143,Hold,245.2
7138,2024-02-27 14:15:00,22203.9,48.94,49.81428571428571,Hold,245.25
7139,2024-02-27 15:15:00,22198.35,48.39,48.71071428571428,Hold,245.5
7140,2024-02-28 09:15:00,22219.0,58.78,47.85928571428572,Hold,245.51
7141,2024-02-28 10:15:00,22062.05,44.19,46.115,Hold,245.49
7142,2024-02-28 11:15:00,22038.3,44.5,44.815,Hold,244.06
7143,2024-02-28 12:15:00,21942.5,32.85,42.45428571428572,Hold,244.2
7144,2024-02-28 13:15:00,22044.85,41.88,41.152142857142856,Hold,243.91
7145,2024-02-28 14:15:00,21952.75,38.21,41.10928571428572,Hold,243.45
7146,2024-02-28 15:15:00,21951.15,38.36,41.245000000000005,Hold,243.07
7147,2024-02-29 09:15:00,21873.5,35.25,42.02785714285715,Hold,242.9
7148,2024-02-29 10:15:00,21967.85,39.66,42.32571428571429,Hold,242.79
7149,2024-02-29 11:15:00,21952.35,39.9,42.78428571428572,Hold,243.3
7150,2024-02-29 12:15:00,21969.95,35.02,42.13071428571429,Hold,243.31
7151,2024-02-29 13:15:00,21962.35,36.66,41.61357142857143,Hold,242.82
7152,2024-02-29 14:15:00,21996.7,36.11,40.69714285714286,Hold,242.95
7153,2024-02-29 15:15:00,21982.8,35.71,39.791428571428575,Hold,243.25
7154,2024-03-01 09:15:00,22196.95,48.84,39.08142857142857,Hold,244.98
7155,2024-03-01 10:15:00,22208.7,59.14,40.14928571428572,Hold,245.28
7156,2024-03-01 11:15:00,22286.45,64.49,41.57714285714286,Hold,246.12
7157,2024-03-01 12:15:00,22288.35,72.68,44.42214285714285,Sell,246.46
7158,2024-03-01 13:15:00,22330.6,70.34,46.455,Waiting,246.5
7159,2024-03-01 14:15:00,22329.1,80.76,49.49428571428571,Waiting,246.9
7160,2024-03-01 15:15:00,22338.75,81.26,52.55857142857143,Waiting,246.85
7161,2024-03-02 09:15:00,22395.0,93.57,56.72428571428571,Waiting,247.34
7162,2024-03-02 10:15:00,22395.0,92.36,60.48857142857143,Waiting,
7163,2024-03-02 11:15:00,22375.55,91.65,64.185,Waiting,247.3
7164,2024-03-02 12:15:00,22378.4,91.4,68.21214285714287,Waiting,247.31
7165,2024-03-04 09:15:00,22395.4,93.07,72.24142857142859,Waiting,247.59
7166,2024-03-04 10:15:00,22404.55,92.7,76.28357142857143,Waiting,247.99
7167,2024-03-04 11:15:00,22403.3,95.22,80.53428571428572,Waiting,247.89
7168,2024-03-04 12:15:00,22401.7,90.57,83.515,Waiting,248.04
7169,2024-03-04 13:15:00,22428.2,91.09,85.79714285714286,Waiting,248.03
7170,2024-03-04 14:15:00,22404.45,77.69,86.74,Waiting,248.03
7171,2024-03-04 15:15:00,22405.6,77.61,87.09214285714286,Waiting,247.83
7172,2024-03-05 09:15:00,22333.15,50.53,85.67714285714285,Waiting,247.59
7173,2024-03-05 10:15:00,22288.65,42.92,82.97428571428573,Waiting,247.09
7174,2024-03-05 11:15:00,22340.6,50.28,80.76142857142858,Waiting,247.37
7175,2024-03-05 12:15:00,22391.55,49.47,77.61142857142859,Waiting,247.25
7176,2024-03-05 13:15:00,22355.05,44.44,74.18857142857142,Waiting,247.6
7177,2024-03-05 14:15:00,22353.65,46.79,70.98428571428572,Waiting,247.41
7178,2024-03-05 15:15:00,22356.3,46.76,67.79571428571428,Waiting,247.34
7179,2024-03-06 09:15:00,22315.0,38.99,63.93285714285714,Waiting,247.5
7180,2024-03-06 10:15:00,22273.25,33.49,59.70357142857143,Waiting,246.81
7181,2024-03-06 11:15:00,22259.2,32.45,55.220000000000006,Waiting,246.29
7182,2024-03-06 12:15:00,22298.0,38.42,51.495,Waiting,246.64
7183,2024-03-06 13:15:00,22403.45,47.65,48.39214285714286,Waiting,247.05
7184,2024-03-06 14:15:00,22473.3,56.01,46.84357142857142,Waiting,248.52
7185,2024-03-06 15:15:00,22474.05,55.98,45.29857142857143,Waiting,248.62
7186,2024-03-07 09:15:00,22486.95,65.0,46.332142857142856,Waiting,248.5
7187,2024-03-07 10:15:00,22498.65,71.88,48.40071428571429,Waiting,248.2
7188,2024-03-07 11:15:00,22486.6,66.59,49.565714285714286,Waiting,248.66
7189,2024-03-07 12:15:00,22509.15,64.28,50.62357142857143,Waiting,248.77
7190,2024-03-07 13:15:00,22499.2,68.71,52.35714285714285,Waiting,248.84
7191,2024-03-07 14:15:00,22500.75,69.09,53.95,Waiting,248.66
7192,2024-03-07 15:15:00,22493.55,67.6,55.43857142857143,Waiting,248.67
7193,2024-03-11 09:15:00,22431.7,64.22,57.24071428571428,Waiting,248.67
7194,2024-03-11 10:15:00,22417.25,68.79,59.762142857142855,Waiting,248.44
7195,2024-03-11 11:15:00,22373.55,63.85,62.005,Waiting,248.26
7196,2024-03-11 12:15:00,22392.95,62.07,63.69428571428572,Waiting,248.32
7197,2024-03-11 13:15:00,22376.05,45.51,63.541428571428575,Waiting,248.22
7198,2024-03-11 14:15:00,22323.7,23.96,61.25214285714286,Waiting,248.03
7199,2024-03-11 15:15:00,22332.65,26.07,59.11571428571428,Buy,247.45
7200,2024-03-12 09:15:00,22437.75,43.65,57.59071428571429,Hold,248.24
7201,2024-03-12 10:15:00,22361.05,34.8,54.94214285714286,Hold,247.67
7202,2024-03-12 11:15:00,22359.55,35.63,52.730714285714285,Hold,247.44
7203,2024-03-12 12:15:00,22378.9,35.16,50.65071428571429,Hold,247.68
7204,2024-03-12 13:15:00,22369.45,35.2,48.25714285714285,Hold,247.76
7205,2024-03-12 14:15:00,22331.65,32.19,45.621428571428574,Hold,247.35
7206,2024-03-12 15:15:00,22335.7,33.26,43.16857142857143,Hold,247.42
7207,2024-03-13 09:15:00,22336.15,38.35,41.32071428571429,Hold,247.13
7208,2024-03-13 10:15:00,22239.0,31.92,38.68714285714286,Hold,247.21
7209,2024-03-13 11:15:00,22080.2,25.87,35.97428571428571,Hold,245.41
7210,2024-03-13 12:15:00,22109.55,27.07,33.47428571428571,Hold,244.8
7211,2024-03-13 13:15:00,22004.2,23.68,31.915,Hold,244.55
7212,2024-03-13 14:15:00,21969.85,24.3,31.939285714285717,Hold,243.06
7213,2024-03-13 15:15:00,21997.7,26.32,31.957142857142856,Hold,243.71
7214,2024-03-14 09:15:00,22010.75,15.3,29.932142857142857,Hold,243.69
7215,2024-03-14 10:15:00,22083.5,27.3,29.39642857142857,Hold,244.46
7216,2024-03-14 11:15:00,22174.9,36.83,29.482142857142858,Hold,245.6
7217,2024-03-14 12:15:00,22157.4,34.16,29.410714285714285,Hold,245.4
7218,2024-03-14 13:15:00,22102.0,32.06,29.18642857142857,Hold,245.17
7219,2024-03-14 14:15:00,22144.25,37.5,29.56571428571429,Hold,245.08
7220,2024-03-14 15:15:00,22146.65,37.36,29.858571428571427,Hold,245.39
7221,2024-03-15 09:15:00,22013.1,31.67,29.381428571428568,Hold,244.12
7222,2024-03-15 10:15:00,21954.5,33.12,29.467142857142857,Hold,243.05
7223,2024-03-15 11:15:00,21949.4,40.51,30.512857142857143,Hold,243.08
7224,2024-03-15 12:15:00,21994.05,41.8,31.565,Hold,242.76
7225,2024-03-15 13:15:00,22010.55,50.52,33.482142857142854,Hold,243.94
7226,2024-03-15 14:15:00,22009.2,53.38,35.559285714285714,Hold,243.55
7227,2024-03-15 15:15:00,22023.35,52.26,37.41214285714285,Hold,243.8
7228,2024-03-18 09:15:00,21977.2,47.21,39.69142857142857,Hold,243.09
7229,2024-03-18 10:15:00,21949.7,37.98,40.45428571428572,Hold,243.62
7230,2024-03-18 11:15:00,22034.1,37.19,40.48,Hold,243.48
7231,2024-03-18 12:15:00,22071.55,42.46,41.07285714285714,Hold,244.2
7232,2024-03-18 13:15:00,22062.4,46.22,42.08428571428571,Hold,244.16
7233,2024-03-18 14:15:00,22056.2,40.96,42.33142857142857,Hold,244.5
7234,2024-03-18 15:15:00,22055.7,40.63,42.565,Hold,243.98
7235,2024-03-19 09:15:00,21890.75,38.16,43.02857142857143,Hold,243.14
7236,2024-03-19 10:15:00,21861.8,40.48,43.55428571428571,Hold,242.29
7237,2024-03-19 11:15:00,21828.05,38.23,43.39142857142857,Hold,241.68
7238,2024-03-19 12:15:00,21858.95,36.54,43.01571428571429,Hold,242.1
7239,2024-03-19 13:15:00,21816.55,31.62,41.66571428571428,Hold,242.13
7240,2024-03-19 14:15:00,21811.5,31.4,40.09571428571428,Hold,242.0
7241,2024-03-19 15:15:00,21817.45,30.33,38.52928571428571,Hold,241.6
7242,2024-03-20 09:15:00,21765.05,29.97,37.29785714285714,Hold,242.22
7243,2024-03-20 10:15:00,21790.75,34.94,37.080714285714286,Hold,240.8
7244,2024-03-20 11:15:00,21834.45,29.5,36.53142857142857,Hold,241.85
7245,2024-03-20 12:15:00,21908.45,34.43,35.957857142857144,Hold,242.33
7246,2024-03-20 13:15:00,21855.35,31.76,34.925,Hold,242.39
7247,2024-03-20 14:15:00,21842.25,31.38,34.24071428571428,Hold,241.74
7248,2024-03-20 15:15:00,21839.1,31.23,33.56928571428571,Hold,241.58
7249,2024-03-21 09:15:00,22068.1,63.83,35.402857142857144,Hold,243.74
7250,2024-03-21 10:15:00,22073.95,67.16,37.30857142857143,Hold,244.03
7251,2024-03-21 11:15:00,21951.45,58.73,38.77285714285714,Hold,243.81
7252,2024-03-21 12:15:00,22003.6,59.93,40.44357142857143,Hold,243.52
7253,2024-03-21 13:15:00,21998.5,63.17,42.69714285714286,Hold,243.75
7254,2024-03-21 14:15:00,22028.4,65.16,45.10857142857143,Hold,243.67
7255,2024-03-21 15:15:00,22011.95,63.39,47.46999999999999,Hold,243.99
7256,2024-03-22 09:15:00,22030.9,69.19,50.271428571428565,Hold,243.27
7257,2024-03-22 10:15:00,22051.35,68.96,52.701428571428565,Hold,244.2
7258,2024-03-22 11:15:00,22076.55,68.1,55.45857142857143,Hold,244.73
7259,2024-03-22 12:15:00,22106.25,65.83,57.701428571428565,Hold,244.37
7260,2024-03-22 13:15:00,22105.0,71.79,60.56071428571428,Sell,244.6
7261,2024-03-22 14:15:00,22079.65,70.29,63.34,Waiting,245.18
7262,2024-03-22 15:15:00,22096.75,71.51,66.21714285714286,Waiting,244.74
7263,2024-03-26 09:15:00,22023.9,45.01,64.87285714285714,Waiting,243.88
7264,2024-03-26 10:15:00,22034.7,45.62,63.33428571428572,Waiting,244.11
7265,2024-03-26 11:15:00,22031.6,62.2,63.582142857142856,Waiting,244.18
7266,2024-03-26 12:15:00,22056.95,58.85,63.505,Waiting,244.14
7267,2024-03-26 13:15:00,22044.75,57.49,63.09928571428571,Waiting,244.12
7268,2024-03-26 14:15:00,22003.8,46.15,61.74142857142857,Waiting,243.94
7269,2024-03-26 15:15:00,22004.7,48.81,60.7,Waiting,243.79
7270,2024-03-27 09:15:00,22146.45,63.53,60.29571428571428,Waiting,244.49
7271,2024-03-27 10:15:00,22157.2,62.68,59.84714285714286,Waiting,245.1
7272,2024-03-27 11:15:00,22165.25,61.08,59.34571428571429,Waiting,244.99
7273,2024-03-27 12:15:00,22159.65,57.1,58.722142857142856,Waiting,244.93
7274,2024-03-27 13:15:00,22188.75,60.37,57.90642857142858,Waiting,245.09
7275,2024-03-27 14:15:00,22116.15,54.05,56.74642857142857,Waiting,245.17
7276,2024-03-27 15:15:00,22123.65,53.05,55.42785714285714,Waiting,244.96
7277,2024-03-28 09:15:00,22306.25,75.61,57.61357142857143,Waiting,245.99
7278,2024-03-28 10:15:00,22367.3,77.65,59.901428571428575,Waiting,246.77
7279,2024-03-28 11:15:00,22334.2,73.96,60.74142857142857,Waiting,247.14
7280,2024-03-28 12:15:00,22408.65,75.84,61.955,Waiting,247.62
7281,2024-03-28 13:15:00,22467.95,79.08,63.49714285714286,Waiting,247.6
7282,2024-03-28 14:15:00,22268.9,64.96,64.84071428571428,Waiting,248.6
7283,2024-03-28 15:15:00,22326.9,67.09,66.14642857142857,Waiting,246.96
7284,2024-04-01 09:15:00,22503.65,68.26,66.48428571428572,Waiting,248.7
7285,2024-04-01 10:15:00,22479.45,66.25,66.73928571428571,Waiting,248.91
7286,2024-04-01 11:15:00,22462.2,64.84,67.00785714285715,Waiting,248.5
7287,2024-04-01 12:15:00,22445.75,64.14,67.51071428571429,Waiting,248.32
7288,2024-04-01 13:15:00,22454.5,63.41,67.72785714285713,Waiting,248.16
7289,2024-04-01 14:15:00,22464.05,68.74,68.77714285714286,Waiting,247.81
7290,2024-04-01 15:15:00,22462.0,68.34,69.86928571428571,Waiting,248.19
7291,2024-04-02 09:15:00,22433.6,58.29,68.63214285714285,Waiting,248.55
7292,2024-04-02 10:15:00,22432.4,54.59,66.985,Waiting,248.2
7293,2024-04-02 11:15:00,22424.5,56.61,65.74571428571429,Waiting,248.39
7294,2024-04-02 12:15:00,22409.05,50.03,63.902142857142856,Waiting,248.3
7295,2024-04-02 13:15:00,22414.0,45.27,61.48714285714285,Waiting,248.4
7296,2024-04-02 14:15:00,22452.3,72.41,62.01928571428572,Waiting,248.47
7297,2024-04-02 15:15:00,22453.3,67.94,62.08,Waiting,248.65
7298,2024-04-03 09:15:00,22448.6,34.72,59.684285714285714,Waiting,247.86
7299,2024-04-03 10:15:00,22447.7,39.88,57.800714285714285,Waiting,248.42
7300,2024-04-03 11:15:00,22479.0,54.92,57.09214285714285,Waiting,248.78
7301,2024-04-03 12:15:00,22485.3,62.3,56.96071428571429,Waiting,249.29
7302,2024-04-03 13:15:00,22494.95,62.51,56.89642857142858,Waiting,249.26
7303,2024-04-03 14:15:00,22430.7,42.29,55.00714285714286,Waiting,248.74
7304,2024-04-03 15:15:00,22434.65,43.73,53.24928571428571,Waiting,248.59
7305,2024-04-04 09:15:00,22376.1,38.43,51.830714285714286,Waiting,248.94
7306,2024-04-04 10:15:00,22417.45,47.41,51.31785714285714,Waiting,248.39
7307,2024-04-04 11:15:00,22385.3,43.73,50.39785714285714,Waiting,247.84
7308,2024-04-04 12:15:00,22481.05,59.16,51.05,Waiting,248.65
7309,2024-04-04 13:15:00,22530.3,63.29,52.33714285714286,Waiting,249.5
7310,2024-04-04 14:15:00,22507.25,56.51,51.201428571428565,Waiting,249.66
7311,2024-04-04 15:15:00,22514.65,57.16,50.43142857142857,Waiting,249.23
7312,2024-04-05 09:15:00,22474.6,52.8,51.72285714285714,Waiting,248.8
7313,2024-04-05 10:15:00,22514.4,56.63,52.919285714285714,Waiting,249.1
7314,2024-04-05 11:15:00,22498.85,52.04,52.71357142857143,Waiting,249.14
7315,2024-04-05 12:15:00,22484.85,49.95,51.83142857142857,Waiting,249.18
7316,2024-04-05 13:15:00,22504.05,50.9,51.00214285714286,Waiting,249.16
7317,2024-04-05 14:15:00,22515.45,59.39,52.22357142857143,Waiting,249.15
7318,2024-04-05 15:15:00,22513.7,58.8,53.3,Waiting,249.05
7319,2024-04-08 09:15:00,22626.25,74.85,55.901428571428575,Waiting,250.0
7320,2024-04-08 10:15:00,22623.85,72.23,57.67428571428571,Waiting,249.95
7321,2024-04-08 11:15:00,22653.25,79.03,60.19571428571429,Waiting,250.2
7322,2024-04-08 12:15:00,22695.25,76.26,61.41714285714285,Waiting,250.5
7323,2024-04-08 13:15:00,22660.9,66.62,61.655,Waiting,250.57
7324,2024-04-08 14:15:00,22671.15,71.56,62.73,Waiting,250.79
7325,2024-04-08 15:15:00,22666.3,70.08,63.65285714285714,Waiting,250.75
7326,2024-04-09 09:15:00,22749.05,82.65,65.785,Waiting,251.3
7327,2024-04-09 10:15:00,22729.65,76.92,67.23428571428572,Waiting,251.65
7328,2024-04-09 11:15:00,22720.5,78.17,69.10071428571429,Waiting,251.62
7329,2024-04-09 12:15:00,22683.55,73.86,70.80857142857143,Waiting,251.0
7330,2024-04-09 13:15:00,22617.5,62.25,71.61928571428571,Waiting,250.66
7331,2024-04-09 14:15:00,22641.55,63.25,71.895,Waiting,250.65
7332,2024-04-09 15:15:00,22642.75,63.57,72.2357142857143,Waiting,250.74
7333,2024-04-10 09:15:00,22707.3,59.48,71.13785714285714,Waiting,251.34
7334,2024-04-10 10:15:00,22706.3,59.68,70.24142857142857,Waiting,251.18
7335,2024-04-10 11:15:00,22706.4,56.7,68.64642857142857,Waiting,250.8
7336,2024-04-10 12:15:00,22715.1,52.73,66.96571428571428,Waiting,251.09
7337,2024-04-10 13:15:00,22721.65,59.05,66.425,Waiting,251.26
7338,2024-04-10 14:15:00,22752.65,61.44,65.70214285714285,Waiting,251.49
7339,2024-04-10 15:15:00,22753.8,62.41,65.15428571428572,Waiting,251.57
7340,2024-04-12 09:15:00,22641.7,35.95,61.818571428571424,Waiting,250.56
7341,2024-04-12 10:15:00,22657.85,40.52,59.21857142857142,Waiting,250.91
7342,2024-04-12 11:15:00,22687.95,45.93,56.91571428571429,Waiting,251.15
7343,2024-04-12 12:15:00,22568.05,38.03,54.35642857142857,Waiting,250.23
7344,2024-04-12 13:15:00,22544.7,41.73,52.89071428571429,Waiting,250.1
7345,2024-04-12 14:15:00,22515.85,35.87,50.935,Waiting,249.74
7346,2024-04-12 15:15:00,22519.4,36.2,48.98,Waiting,249.56
7347,2024-04-15 09:15:00,22360.3,17.97,46.01499999999999,Waiting,247.02
7348,2024-04-15 10:15:00,22361.9,18.24,43.055,Buy,248.0
7349,2024-04-15 11:15:00,22398.85,23.44,40.67928571428571,Hold,248.0
7350,2024-04-15 12:15:00,22338.3,20.14,38.35142857142857,Hold,247.82
7351,2024-04-15 13:15:00,22334.15,19.17,35.50285714285714,Hold,247.5
7352,2024-04-15 14:15:00,22270.0,13.53,32.080714285714286,Hold,247.2
7353,2024-04-15 15:15:00,22272.5,13.7,28.60142857142857,Hold,246.87
7354,2024-04-16 09:15:00,22191.4,14.38,27.060714285714287,Hold,245.99
7355,2024-04-16 10:15:00,22201.05,13.49,25.13,Hold,245.9
7356,2024-04-16 11:15:00,22169.75,8.66,22.467857142857145,Hold,245.81
7357,2024-04-16 12:15:00,22100.65,9.42,20.424285714285716,Hold,245.18
7358,2024-04-16 13:15:00,22143.05,16.25,18.604285714285712,Hold,245.06
7359,2024-04-16 14:15:00,22168.9,20.69,17.52,Hold,245.24
7360,2024-04-16 15:15:00,22147.9,19.52,16.32857142857143,Hold,245.52
7361,2024-04-18 09:15:00,22178.15,31.05,17.262857142857143,Hold,245.96
7362,2024-04-18 10:15:00,22283.0,43.24,19.048571428571428,Hold,245.85
7363,2024-04-18 11:15:00,22292.15,40.4,20.26,Hold,246.52
7364,2024-04-18 12:15:00,22291.45,45.28,22.055714285714288,Hold,247.15
7365,2024-04-18 13:15:00,22137.85,34.8,23.172142857142852,Hold,244.9
7366,2024-04-18 14:15:00,21965.65,29.81,24.335,Hold,244.45
7367,2024-04-18 15:15:00,21995.85,32.3,25.663571428571423,Hold,243.94
7368,2024-04-19 09:15:00,21884.75,31.1,26.857857142857146,Hold,242.23
7369,2024-04-19 10:15:00,21870.7,29.75,28.01928571428572,Hold,242.43
7370,2024-04-19 11:15:00,21934.2,36.11,29.98,Hold,243.04
7371,2024-04-19 12:15:00,22044.9,46.87,32.654999999999994,Hold,244.06
7372,2024-04-19 13:15:00,22149.8,50.35,35.090714285714284,Hold,244.1
7373,2024-04-19 14:15:00,22162.3,49.65,37.15928571428572,Hold,245.02
7374,2024-04-19 15:15:00,22147.0,49.95,39.33285714285714,Hold,245.53
7375,2024-04-22 09:15:00,22246.55,53.41,40.93,Hold,246.24
7376,2024-04-22 10:15:00,22283.85,50.05,41.416428571428575,Hold,246.61
7377,2024-04-22 11:15:00,22285.25,49.63,42.07571428571429,Hold,246.95
7378,2024-04-22 12:15:00,22273.45,49.04,42.34428571428571,Hold,246.98
7379,2024-04-22 13:15:00,22292.0,59.6,44.11571428571428,Hold,246.9
7380,2024-04-22 14:15:00,22347.05,77.8,47.54357142857142,Sell,247.09
7381,2024-04-22 15:15:00,22336.4,75.55,50.63285714285714,Waiting,247.31
7382,2024-04-23 09:15:00,22417.65,91.86,54.97285714285714,Waiting,247.96
7383,2024-04-23 10:15:00,22381.4,88.77,59.18857142857143,Waiting,247.84
7384,2024-04-23 11:15:00,22420.8,88.34,62.919285714285714,Waiting,247.69
7385,2024-04-23 12:15:00,22382.45,80.02,65.28714285714285,Waiting,247.94
7386,2024-04-23 13:15:00,22396.45,76.16,67.13071428571429,Waiting,247.76
7387,2024-04-23 14:15:00,22377.5,72.52,68.7642857142857,Waiting,248.0
7388,2024-04-23 15:15:00,22368.0,73.41,70.44,Waiting,247.82
7389,2024-04-24 09:15:00,22435.1,71.45,71.72857142857143,Waiting,248.13
7390,2024-04-24 10:15:00,22459.25,70.57,73.19428571428571,Waiting,248.69
7391,2024-04-24 11:15:00,22459.95,70.52,74.68642857142856,Waiting,248.45
7392,2024-04-24 12:15:00,22448.9,70.64,76.22928571428572,Waiting,248.52
7393,2024-04-24 13:15:00,22449.4,69.34,76.925,Waiting,248.06
7394,2024-04-24 14:15:00,22401.75,56.85,75.42857142857143,Waiting,247.72
7395,2024-04-24 15:15:00,22402.4,58.47,74.20857142857143,Waiting,247.94
7396,2024-04-25 09:15:00,22457.15,55.44,71.60714285714286,Waiting,247.88
7397,2024-04-25 10:15:00,22434.75,57.64,69.38357142857143,Waiting,248.33
7398,2024-04-25 11:15:00,22396.7,46.54,66.39785714285713,Waiting,248.0
7399,2024-04-25 12:15:00,22452.15,59.55,64.93571428571428,Waiting,247.85
7400,2024-04-25 13:15:00,22577.25,68.99,64.42357142857142,Waiting,248.5
7401,2024-04-25 14:15:00,22570.25,70.77,64.29857142857142,Waiting,249.55
7402,2024-04-25 15:15:00,22570.35,72.25,64.21571428571428,Waiting,249.27
7403,2024-04-26 09:15:00,22538.15,62.28,63.56071428571429,Waiting,249.77
7404,2024-04-26 10:15:00,22515.9,56.78,62.57571428571429,Waiting,249.2
7405,2024-04-26 11:15:00,22524.75,57.61,61.65357142857143,Waiting,249.35
7406,2024-04-26 12:15:00,22509.95,57.1,60.68642857142857,Waiting,249.1
7407,2024-04-26 13:15:00,22445.25,49.58,59.27499999999999,Waiting,248.75
7408,2024-04-26 14:15:00,22408.25,50.67,58.83357142857143,Waiting,248.75
7409,2024-04-26 15:15:00,22419.95,51.78,58.355714285714285,Waiting,248.44
7410,2024-04-29 09:15:00,22480.6,52.34,58.13428571428572,Waiting,249.18
7411,2024-04-29 10:15:00,22536.85,59.56,58.271428571428565,Waiting,249.43
7412,2024-04-29 11:15:00,22558.7,65.64,59.635714285714286,Waiting,249.5
7413,2024-04-29 12:15:00,22575.8,62.89,59.87428571428571,Waiting,249.9
7414,2024-04-29 13:15:00,22611.15,54.35,58.82857142857143,Waiting,250.21
7415,2024-04-29 14:15:00,22653.05,59.75,58.041428571428575,Waiting,250.1
7416,2024-04-29 15:15:00,22643.4,58.41,57.05285714285714,Waiting,
7417,2024-04-30 09:15:00,22727.25,69.46,57.565714285714286,Waiting,
7418,2024-04-30 10:15:00,22734.3,73.2,58.73857142857143,Waiting,
7419,2024-04-30 11:15:00,22745.25,73.32,59.86071428571428,Waiting,
7420,2024-04-30 12:15:00,22714.7,70.95,60.85,Waiting,
7421,2024-04-30 13:15:00,22768.05,83.82,63.29571428571428,Waiting,
7422,2024-04-30 14:15:00,22603.55,66.15,64.40142857142857,Waiting,
7423,2024-04-30 15:15:00,22604.85,65.56,65.38571428571429,Waiting,250.06
7424,2024-05-02 13:15:00,22679.55,66.35,66.38642857142857,Waiting,250.96
7425,2024-05-02 14:15:00,22641.65,58.88,66.33785714285715,Waiting,250.7
7426,2024-05-02 15:15:00,22648.2,57.79,65.77714285714286,Waiting,250.84
7427,2024-05-03 09:15:00,22681.4,58.94,65.495,Waiting,251.9
7428,2024-05-03 10:15:00,22606.05,49.6,65.15571428571428,Waiting,250.59
7429,2024-05-03 11:15:00,22476.55,37.72,63.582142857142856,Waiting,249.36
7430,2024-05-03 12:15:00,22415.15,35.18,61.92285714285715,Waiting,249.7
7431,2024-05-03 13:15:00,22408.8,27.01,58.89071428571429,Waiting,247.95
7432,2024-05-03 14:15:00,22490.6,34.12,56.09928571428571,,248.54
7433,2024-05-03 15:15:00,22475.85,32.53,53.18571428571429,,248.75
7434,2024-05-06 09:15:00,22466.35,33.45,50.50714285714285,,249.2
7435,2024-05-06 10:15:00,22494.1,31.1,46.74142857142857,,249.03
7436,2024-05-06 11:15:00,22520.95,42.96,45.085,,248.96
7437,2024-05-06 12:15:00,22439.4,37.6,43.087857142857146,,248.8
7438,2024-05-06 13:15:00,22439.85,29.79,40.47642857142857,Buy,248.63
7439,2024-05-06 14:15:00,22441.0,31.96,38.55357142857143,Hold,248.24
7440,2024-05-06 15:15:00,22442.7,31.36,36.66571428571429,Hold,248.37
7441,2024-05-07 09:15:00,22398.6,24.85,34.230714285714285,Hold,248.55
7442,2024-05-07 10:15:00,22304.0,24.03,32.40428571428571,Hold,247.49
7443,2024-05-07 11:15:00,22279.65,29.33,31.805000000000003,Hold,246.84
7444,2024-05-07 12:15:00,22239.7,30.71,31.485714285714288,Hold,246.65
7445,2024-05-07 13:15:00,22320.55,41.66,32.53214285714286,Hold,247.18
7446,2024-05-07 14:15:00,22308.7,30.2,32.25214285714286,Hold,246.95
7447,2024-05-07 15:15:00,22302.5,30.78,32.12714285714286,Hold,247.11
7448,2024-05-08 09:15:00,22279.7,29.89,31.872857142857143,Hold,246.6
7449,2024-05-08 10:15:00,22235.0,23.07,31.299285714285716,Hold,246.11
7450,2024-05-08 11:15:00,22331.75,32.83,30.575714285714287,Hold,246.94
7451,2024-05-08 12:15:00,22336.8,39.19,30.689285714285717,Hold,247.47
7452,2024-05-08 13:15:00,22275.25,34.63,31.035,Hold,247.39
7453,2024-05-08 14:15:00,22301.95,37.61,31.43857142857143,Hold,247.12
7454,2024-05-08 15:15:00,22302.5,37.48,31.875714285714285,Hold,247.24
7455,2024-05-09 09:15:00,22194.4,33.64,32.503571428571426,Hold,246.52
7456,2024-05-09 10:15:00,22138.8,35.88,33.35,Hold,245.4
7457,2024-05-09 11:15:00,22165.95,40.33,34.135714285714286,Hold,245.64
7458,2024-05-09 12:15:00,22057.95,36.14,34.52357142857143,Hold,245.29
7459,2024-05-09 13:15:00,22061.75,27.64,33.52214285714286,Hold,244.41
7460,2024-05-09 14:15:00,21943.0,23.33,33.03142857142857,Hold,243.61
7461,2024-05-09 15:15:00,21957.5,25.14,32.628571428571426,Hold,243.49
7462,2024-05-10 09:15:00,22110.1,39.71,33.33,Hold,244.9
7463,2024-05-10 10:15:00,22056.3,39.27,34.48714285714286,Hold,245.2
7464,2024-05-10 11:15:00,22032.3,30.3,34.306428571428576,Hold,244.77
7465,2024-05-10 12:15:00,21992.5,28.34,33.53142857142857,Hold,244.46
7466,2024-05-10 13:15:00,22027.05,33.84,33.475,Hold,244.59
7467,2024-05-10 14:15:00,22054.6,33.91,33.21071428571428,Hold,244.6
7468,2024-05-10 15:15:00,22055.2,33.92,32.956428571428575,Hold,244.97
7469,2024-05-13 09:15:00,21886.1,31.42,32.79785714285715,Hold,242.68
7470,2024-05-13 10:15:00,21911.1,35.75,32.78857142857143,Hold,242.44
7471,2024-05-13 11:15:00,21985.4,39.33,32.71714285714286,Hold,243.85
7472,2024-05-13 12:15:00,22029.2,48.16,33.575714285714284,Hold,244.52
7473,2024-05-13 13:15:00,22103.05,52.42,35.34571428571429,Hold,243.99
7474,2024-05-13 14:15:00,22098.45,60.53,38.00285714285714,Hold,245.45
7475,2024-05-13 15:15:00,22104.05,60.05,40.496428571428574,Hold,245.16
7476,2024-05-14 09:15:00,22099.1,49.05,41.16357142857142,Hold,245.7
7477,2024-05-14 10:15:00,22178.9,60.09,42.65071428571429,Hold,245.79
7478,2024-05-14 11:15:00,22185.3,62.97,44.98428571428572,Hold,246.2
7479,2024-05-14 12:15:00,22220.45,69.47,47.92214285714285,Hold,246.32
7480,2024-05-14 13:15:00,22250.85,69.26,50.45214285714285,Hold,246.8
7481,2024-05-14 14:15:00,22222.05,64.38,52.62857142857143,Hold,246.8
7482,2024-05-14 15:15:00,22217.85,63.88,54.76857142857143,Hold,246.61
7483,2024-05-15 09:15:00,22189.6,84.09,58.53071428571428,Sell,247.1
7484,2024-05-15 10:15:00,22230.35,84.64,62.02285714285714,Waiting,246.09
7485,2024-05-15 11:15:00,22204.05,76.48,64.67642857142857,Waiting,246.3
7486,2024-05-15 12:15:00,22191.9,71.34,66.33214285714286,Waiting,246.49
7487,2024-05-15 13:15:00,22211.45,66.58,67.34357142857144,Waiting,246.31
7488,2024-05-15 14:15:00,22205.05,66.22,67.75,Waiting,246.49
7489,2024-05-15 15:15:00,22200.55,64.73,68.08428571428571,Waiting,246.42
7490,2024-05-16 09:15:00,22244.45,69.83,69.56857142857143,Waiting,246.96
7491,2024-05-16 10:15:00,22147.1,45.86,68.55214285714285,Waiting,246.56
7492,2024-05-16 11:15:00,22289.5,60.02,68.34142857142857,Waiting,246.3
7493,2024-05-16 12:15:00,22128.15,42.86,66.4407142857143,Waiting,246.24
7494,2024-05-16 13:15:00,22065.5,36.34,64.08928571428572,Waiting,245.1
7495,2024-05-16 14:15:00,22403.25,59.17,63.71714285714286,Waiting,246.69
7496,2024-05-16 15:15:00,22403.85,59.45,63.40071428571429,Waiting,248.18
7497,2024-05-17 09:15:00,22391.8,60.45,61.71214285714286,Waiting,247.86
7498,2024-05-17 10:15:00,22469.3,61.89,60.08714285714286,Waiting,248.59
7499,2024-05-17 11:15:00,22458.1,62.84,59.112857142857145,Waiting,248.84
7500,2024-05-17 12:15:00,22474.6,64.22,58.60428571428572,Waiting,248.79
7501,2024-05-17 13:15:00,22482.1,63.79,58.405,Waiting,248.84
7502,2024-05-17 14:15:00,22474.4,63.7,58.22500000000001,Waiting,248.83
7503,2024-05-17 15:15:00,22466.1,63.46,58.13428571428572,Waiting,248.73
7504,2024-05-18 09:15:00,22481.9,62.38,57.60214285714285,Waiting,249.1
7505,2024-05-18 10:15:00,22481.9,69.44,59.28642857142857,Waiting,
7506,2024-05-18 11:15:00,22506.75,64.61,59.614285714285714,Waiting,249.1
7507,2024-05-18 12:15:00,22502.0,81.84,62.39857142857143,Waiting,249.05
7508,2024-05-18 13:15:00,22502.0,91.61,66.34642857142856,Waiting,
7509,2024-05-21 09:15:00,22465.7,64.0,66.69142857142857,Waiting,249.09
7510,2024-05-21 10:15:00,22503.85,69.19,67.38714285714285,Waiting,249.0
7511,2024-05-21 11:15:00,22546.3,76.55,68.53714285714285,Waiting,249.5
7512,2024-05-21 12:15:00,22573.75,71.67,69.2357142857143,Waiting,249.98
7513,2024-05-21 13:15:00,22535.5,64.44,69.35,Waiting,249.92
7514,2024-05-21 14:15:00,22525.35,59.7,69.02714285714286,Waiting,249.91
7515,2024-05-21 15:15:00,22529.05,59.1,68.69214285714285,Waiting,249.74
7516,2024-05-22 09:15:00,22558.4,65.03,68.78714285714285,Waiting,249.57
7517,2024-05-22 10:15:00,22546.3,64.15,68.83642857142857,Waiting,249.98
7518,2024-05-22 11:15:00,22564.25,64.42,68.98214285714286,Waiting,249.99
7519,2024-05-22 12:15:00,22565.1,64.53,68.63142857142857,Waiting,249.91
7520,2024-05-22 13:15:00,22576.8,62.82,68.50357142857142,Waiting,250.25
7521,2024-05-22 14:15:00,22597.9,66.56,67.41214285714285,Waiting,250.33
7522,2024-05-22 15:15:00,22597.8,66.54,65.62142857142858,Waiting,250.36
7523,2024-05-23 09:15:00,22674.5,81.64,66.88142857142859,Waiting,251.25
7524,2024-05-23 10:15:00,22696.8,80.71,67.70428571428572,Waiting,251.12
7525,2024-05-23 11:15:00,22758.85,81.84,68.08214285714287,Waiting,251.75
7526,2024-05-23 12:15:00,22830.35,83.96,68.96000000000001,Waiting,252.74
7527,2024-05-23 13:15:00,22914.9,94.73,71.12357142857142,Waiting,252.86
7528,2024-05-23 14:15:00,22978.65,97.45,73.82000000000001,Waiting,253.78
7529,2024-05-23 15:15:00,22967.65,95.22,76.39999999999999,Waiting,254.29
7530,2024-05-24 09:15:00,22919.7,85.87,77.88857142857144,Waiting,254.4
7531,2024-05-24 10:15:00,22959.55,88.89,79.65571428571427,Waiting,254.54
7532,2024-05-24 11:15:00,22969.4,88.71,81.39071428571428,Waiting,254.9
7533,2024-05-24 12:15:00,22991.25,89.15,83.14928571428572,Waiting,254.9
7534,2024-05-24 13:15:00,23005.85,89.21,85.03428571428572,Waiting,255.24
7535,2024-05-24 14:15:00,22958.35,81.42,86.09571428571428,Waiting,255.3
7536,2024-05-24 15:15:00,22957.1,81.26,87.14714285714285,Waiting,254.98
7537,2024-05-27 09:15:00,22950.9,77.41,86.845,Waiting,255.33
7538,2024-05-27 10:15:00,22988.8,78.09,86.65785714285713,Waiting,255.58
7539,2024-05-27 11:15:00,23067.9,78.78,86.43928571428572,Waiting,255.66
7540,2024-05-27 12:15:00,23074.85,75.88,85.86214285714286,Waiting,256.5
7541,2024-05-27 13:15:00,23068.25,69.44,84.05571428571429,Waiting,256.37
7542,2024-05-27 14:15:00,22938.75,45.66,80.35642857142855,Waiting,255.81
7543,2024-05-27 15:15:00,22932.45,46.14,76.85071428571429,Waiting,254.72
7544,2024-05-28 09:15:00,22957.65,54.39,74.60214285714287,Waiting,254.92
7545,2024-05-28 10:15:00,22968.95,51.16,71.90714285714286,Waiting,255.25
7546,2024-05-28 11:15:00,22939.25,46.44,68.88785714285714,Waiting,255.05
7547,2024-05-28 12:15:00,22945.25,44.36,65.68857142857142,Waiting,254.5
7548,2024-05-28 13:15:00,22926.25,40.35,62.19857142857144,Waiting,254.68
7549,2024-05-28 14:15:00,22893.0,41.8,59.36857142857143,Waiting,254.34
7550,2024-05-28 15:15:00,22888.15,41.42,56.52285714285714,Waiting,254.2
7551,2024-05-29 09:15:00,22757.65,31.64,53.25357142857143,Waiting,253.48
7552,2024-05-29 10:15:00,22725.25,24.69,49.43928571428571,Waiting,252.75
7553,2024-05-29 11:15:00,22745.2,15.04,44.88642857142857,Buy,252.51
7554,2024-05-29 12:15:00,22764.8,17.3,40.70214285714286,Hold,252.81
7555,2024-05-29 13:15:00,22752.35,17.09,36.962857142857146,Hold,253.16
7556,2024-05-29 14:15:00,22711.3,20.96,35.19857142857143,Hold,252.48
7557,2024-05-29 15:15:00,22704.7,20.94,33.39857142857143,Hold,252.37
7558,2024-05-30 09:15:00,22558.5,11.09,30.305714285714288,Hold,251.13
7559,2024-05-30 10:15:00,22563.8,10.03,27.36785714285714,Hold,251.04
7560,2024-05-30 11:15:00,22567.45,11.34,24.860714285714288,Hold,250.57
7561,2024-05-30 12:15:00,22576.4,11.88,22.54071428571429,Hold,250.82
7562,2024-05-30 13:15:00,22522.6,11.08,20.45,Hold,250.57
7563,2024-05-30 14:15:00,22478.05,10.84,18.23857142857143,Hold,249.78
7564,2024-05-30 15:15:00,22488.65,12.71,16.187857142857144,Hold,250.35
7565,2024-05-31 09:15:00,22535.2,25.37,15.74,Hold,251.65
7566,2024-05-31 10:15:00,22528.7,26.92,15.899285714285714,Hold,250.67
7567,2024-05-31 11:15:00,22513.25,22.47,16.43,Hold,250.89
7568,2024-05-31 12:15:00,22535.35,22.93,16.83214285714286,Hold,250.45
7569,2024-05-31 13:15:00,22605.6,34.76,18.094285714285714,Hold,251.12
7570,2024-05-31 14:15:00,22523.55,32.04,18.88571428571429,Hold,250.46
7571,2024-05-31 15:15:00,22530.7,33.37,19.773571428571437,Hold,251.15
7572,2024-06-03 09:15:00,23197.1,80.6,24.738571428571426,Sell,256.9
7573,2024-06-03 10:15:00,23175.3,78.85,29.654285714285717,Waiting,257.35
7574,2024-06-03 11:15:00,23221.65,79.67,34.535,Waiting,257.8
7575,2024-06-03 12:15:00,23228.1,79.62,39.37357142857143,Waiting,258.28
7576,2024-06-03 13:15:00,23240.95,83.91,44.57571428571429,Waiting,258.04
7577,2024-06-03 14:15:00,23264.7,87.88,50.07857142857143,Waiting,258.35
7578,2024-06-03 15:15:00,23263.9,87.69,55.43428571428571,Waiting,258.14
7579,2024-06-04 09:15:00,22833.9,60.58,57.94928571428572,Waiting,251.29
7580,2024-06-04 10:15:00,22095.1,39.89,58.87571428571429,Waiting,250.73
7581,2024-06-04 11:15:00,21591.9,32.5,59.59214285714285,Waiting,247.75
7582,2024-06-04 12:15:00,21944.75,40.03,60.81357142857143,Waiting,247.0
7583,2024-06-04 13:15:00,22061.05,40.95,61.25571428571429,Waiting,251.54
7584,2024-06-04 14:15:00,21949.7,40.56,61.86428571428571,Waiting,251.25
7585,2024-06-04 15:15:00,21884.5,39.56,62.30642857142857,Waiting,250.48
7586,2024-06-05 09:15:00,22063.3,28.27,58.56857142857143,Waiting,244.82
7587,2024-06-05 10:15:00,22351.65,35.68,55.48500000000001,,246.22
7588,2024-06-05 11:15:00,22311.6,34.14,52.23285714285714,,250.5
7589,2024-06-05 12:15:00,22377.65,35.48,49.08,,250.75
7590,2024-06-05 13:15:00,22475.15,37.29,45.75,,250.14
7591,2024-06-05 14:15:00,22635.85,40.02,42.33142857142857,,251.05
7592,2024-06-05 15:15:00,22620.35,39.83,38.91285714285714,,251.3
7593,2024-06-06 09:15:00,22786.85,49.19,38.09928571428571,,252.4
7594,2024-06-06 10:15:00,22896.85,67.64,40.08142857142857,,253.52
7595,2024-06-06 11:15:00,22720.75,79.02,43.40428571428571,,253.05
7596,2024-06-06 12:15:00,22699.3,73.38,45.78642857142857,,252.1
7597,2024-06-06 13:15:00,22781.4,72.8,48.06142857142857,,253.5
7598,2024-06-06 14:15:00,22825.15,78.95,50.80357142857142,,252.18
7599,2024-06-06 15:15:00,22821.4,82.29,53.855714285714285,,252.98
7600,2024-06-07 09:15:00,22980.25,82.05,57.69714285714286,,254.35
7601,2024-06-07 10:15:00,23075.85,79.25,60.80928571428571,,255.4
7602,2024-06-07 11:15:00,23189.75,83.47,64.33285714285714,,256.3
7603,2024-06-07 12:15:00,23208.25,82.85,67.71642857142857,,256.92
7604,2024-06-07 13:15:00,23243.7,81.97,70.90785714285714,,257.31
7605,2024-06-07 14:15:00,23287.75,80.03,73.76571428571428,,257.65
7606,2024-06-07 15:15:00,23290.15,81.23,76.72285714285714,,258.42
7607,2024-06-10 09:15:00,23315.25,78.38,78.80785714285715,,258.69
7608,2024-06-10 10:15:00,23337.6,76.13,79.41428571428571,,258.7
7609,2024-06-10 11:15:00,23308.15,92.16,80.35285714285715,,258.85
7610,2024-06-10 12:15:00,23333.4,95.26,81.91571428571429,,258.75
7611,2024-06-10 13:15:00,23363.25,94.88,83.49285714285713,,259.0
7612,2024-06-10 14:15:00,23262.15,80.97,83.63714285714285,,258.38
7613,2024-06-10 15:15:00,23259.2,81.06,83.54928571428572,,257.94
7614,2024-06-11 09:15:00,23312.55,77.72,83.24,,258.08
7615,2024-06-11 10:15:00,23328.5,74.31,82.88714285714286,,258.8
7616,2024-06-11 11:15:00,23331.1,67.31,81.73285714285714,,258.81
7617,2024-06-11 12:15:00,23331.85,65.82,80.51642857142858,,258.9
7618,2024-06-11 13:15:00,23330.2,62.12,79.09857142857143,,259.43
7619,2024-06-11 14:15:00,23264.15,46.88,76.73071428571428,,259.18
7620,2024-06-11 15:15:00,23264.85,46.65,74.26071428571429,,258.8
7621,2024-06-12 09:15:00,23408.65,59.42,72.90642857142856,,259.23
7622,2024-06-12 10:15:00,23413.15,57.9,71.60428571428571,,259.9
7623,2024-06-12 11:15:00,23414.15,61.79,69.43499999999999,,259.7
7624,2024-06-12 12:15:00,23411.4,59.13,66.85428571428572,,259.62
7625,2024-06-12 13:15:00,23352.75,48.85,63.56642857142857,,259.6
7626,2024-06-12 14:15:00,23323.75,58.03,61.92785714285714,,259.33
7627,2024-06-12 15:15:00,23322.95,58.35,60.30571428571428,,259.39
7628,2024-06-13 09:15:00,23408.7,61.61,59.155,,259.8
7629,2024-06-13 10:15:00,23367.8,54.48,57.73857142857143,,259.83
7630,2024-06-13 11:15:00,23391.85,56.6,56.97357142857143,,259.68
7631,2024-06-13 12:15:00,23411.3,58.29,56.43571428571429,,259.85
7632,2024-06-13 13:15:00,23393.75,56.42,56.02857142857143,,259.96
7633,2024-06-13 14:15:00,23399.0,65.53,57.36071428571429,,260.15
7634,2024-06-13 15:15:00,23398.9,65.46,58.70428571428571,,260.3
7635,2024-06-14 09:15:00,23437.85,54.44,58.34857142857143,,259.81
7636,2024-06-14 10:15:00,23448.9,55.33,58.165,,260.4
7637,2024-06-14 11:15:00,23439.1,53.63,57.58214285714286,,260.32
7638,2024-06-14 12:15:00,23459.15,56.61,57.40214285714285,,260.38
7639,2024-06-14 13:15:00,23446.35,64.83,58.54357142857143,,260.2
7640,2024-06-14 14:15:00,23471.9,73.74,59.66571428571428,,260.35
7641,2024-06-14 15:15:00,23465.6,72.46,60.67357142857144,,260.65
7642,2024-06-18 09:15:00,23542.35,71.66,61.39142857142857,,261.59
7643,2024-06-18 10:15:00,23540.5,82.04,63.36,,261.65
7644,2024-06-18 11:15:00,23533.75,78.13,64.89785714285713,,261.74
7645,2024-06-18 12:15:00,23532.35,75.85,66.15214285714286,,261.51
7646,2024-06-18 13:15:00,23539.5,82.57,68.02,,261.54
7647,2024-06-18 14:15:00,23555.75,83.39,69.29571428571428,,261.45
7648,2024-06-18 15:15:00,23557.9,83.57,70.58928571428571,,261.56
7649,2024-06-19 09:15:00,23523.05,68.31,71.58,,261.72
7650,2024-06-19 10:15:00,23503.65,61.36,72.01071428571429,,260.79
7651,2024-06-19 11:15:00,23556.35,70.65,73.22642857142856,,261.4
7652,2024-06-19 12:15:00,23552.1,67.33,73.99214285714287,,261.84
7653,2024-06-19 13:15:00,23560.65,71.66,74.48,,261.51
7654,2024-06-19 14:15:00,23511.0,56.79,73.26928571428572,,262.36
7655,2024-06-19 15:15:00,23516.0,58.79,72.29285714285713,,261.38
7656,2024-06-20 09:15:00,23487.35,38.47,69.92214285714286,,261.35
7657,2024-06-20 10:15:00,23533.65,48.79,67.54714285714286,,261.2
7658,2024-06-20 11:15:00,23556.6,53.82,65.81071428571428,,261.55
7659,2024-06-20 12:15:00,23552.5,53.34,64.20285714285714,,261.4
7660,2024-06-20 13:15:00,23562.75,53.81,62.14857142857143,,262.05
7661,2024-06-20 14:15:00,23566.85,51.89,59.89857142857143,,261.84
7662,2024-06-20 15:15:00,23567.0,51.56,57.612142857142864,,261.72
7663,2024-06-21 09:15:00,23584.75,61.27,57.10928571428571,,262.01
7664,2024-06-21 10:15:00,23529.05,54.1,56.59071428571429,,261.81
7665,2024-06-21 11:15:00,23539.3,46.81,54.887857142857136,,261.82
7666,2024-06-21 12:15:00,23453.25,35.86,52.64,,260.92
7667,2024-06-21 13:15:00,23567.2,50.72,51.14428571428572,,260.79
7668,2024-06-21 14:15:00,23476.2,46.49,50.40857142857143,,260.7
7669,2024-06-21 15:15:00,23501.1,48.56,49.67785714285714,,260.87
7670,2024-06-24 09:15:00,23445.75,46.17,50.22785714285715,,259.8
7671,2024-06-24 10:15:00,23497.05,46.66,50.07571428571429,,260.72
7672,2024-06-24 11:15:00,23534.65,48.05,49.66357142857142,,261.27
7673,2024-06-24 12:15:00,23546.6,49.48,49.38785714285715,,261.25
7674,2024-06-24 13:15:00,23519.95,46.35,48.855,,261.69
7675,2024-06-24 14:15:00,23545.95,48.28,48.597142857142856,,261.57
7676,2024-06-24 15:15:00,23537.85,47.64,48.317142857142855,,261.66
7677,2024-06-25 09:15:00,23594.85,50.77,47.567142857142855,,262.19
7678,2024-06-25 10:15:00,23581.2,54.25,47.577857142857134,,262.08
7679,2024-06-25 11:15:00,23588.45,54.02,48.09285714285715,,262.19
7680,2024-06-25 12:15:00,23672.5,68.01,50.38928571428572,,262.59
7681,2024-06-25 13:15:00,23695.25,62.37,51.221428571428575,,262.78
7682,2024-06-25 14:15:00,23731.65,77.59,53.44285714285714,,263.21
7683,2024-06-25 15:15:00,23721.3,74.55,55.29928571428572,,263.59
7684,2024-06-26 09:15:00,23693.25,79.39,57.67214285714285,,263.49
7685,2024-06-26 10:15:00,23774.45,80.75,60.10714285714285,,263.58
7686,2024-06-26 11:15:00,23828.8,81.44,62.49214285714287,,264.49
7687,2024-06-26 12:15:00,23828.25,80.86,64.73357142857142,,264.84
7688,2024-06-26 13:15:00,23872.2,87.18,67.65,,264.83
7689,2024-06-26 14:15:00,23875.2,86.53,70.38214285714285,,265.09
7690,2024-06-26 15:15:00,23868.8,86.86,73.18357142857144,,265.01
7691,2024-06-27 09:15:00,23945.95,87.42,75.80142857142857,,264.99
7692,2024-06-27 10:15:00,23922.0,85.54,78.03642857142857,,265.0
7693,2024-06-27 11:15:00,24005.35,87.52,80.42928571428571,,265.95
7694,2024-06-27 12:15:00,23961.85,78.09,81.14928571428572,,266.26
7695,2024-06-27 13:15:00,23954.35,75.93,82.11785714285715,,265.95
7696,2024-06-27 14:15:00,24045.6,78.31,82.16928571428572,,266.2
7697,2024-06-27 15:15:00,24044.5,79.64,82.53285714285714,,266.95
7698,2024-06-28 09:15:00,24133.15,86.3,83.02642857142858,,268.15
7699,2024-06-28 10:15:00,24147.8,84.61,83.30214285714285,,268.3
7700,2024-06-28 11:15:00,24110.9,77.03,82.98714285714286,,268.43
7701,2024-06-28 12:15:00,24060.75,70.34,82.2357142857143,,267.54
7702,2024-06-28 13:15:00,24117.2,70.98,81.07857142857142,,267.9
7703,2024-06-28 14:15:00,23989.2,58.04,79.04357142857144,,268.18
7704,2024-06-28 15:15:00,24010.6,59.79,77.11,,267.48
7705,2024-07-01 09:15:00,24056.95,58.01,75.00928571428572,,268.0
7706,2024-07-01 10:15:00,24078.7,61.34,73.2807142857143,,268.17
7707,2024-07-01 11:15:00,24109.95,58.19,71.18571428571428,,268.39
7708,2024-07-01 12:15:00,24118.55,62.97,70.10571428571428,,268.28
7709,2024-07-01 13:15:00,24141.55,65.11,69.33285714285715,,268.7
7710,2024-07-01 14:15:00,24147.4,59.53,67.99142857142857,,268.4
7711,2024-07-01 15:15:00,24141.95,59.05,66.52071428571428,,268.3
7712,2024-07-02 09:15:00,24130.0,49.66,63.90357142857143,,268.43
7713,2024-07-02 10:15:00,24182.45,53.47,61.67928571428571,,268.96
7714,2024-07-02 11:15:00,24138.0,52.67,59.93928571428573,,268.8
7715,2024-07-02 12:15:00,24104.45,54.45,58.80428571428571,,268.64
7716,2024-07-02 13:15:00,24108.25,48.98,57.23285714285714,,268.84
7717,2024-07-02 14:15:00,24125.05,70.79,58.14357142857143,,268.95
7718,2024-07-02 15:15:00,24123.85,68.48,58.76428571428572,,269.03
7719,2024-07-03 09:15:00,24267.85,76.1,60.05642857142857,,270.2
7720,2024-07-03 10:15:00,24268.4,74.77,61.01571428571429,,270.2
7721,2024-07-03 11:15:00,24252.25,69.34,61.81214285714286,,270.09
7722,2024-07-03 12:15:00,24275.85,70.55,62.35357142857142,,270.23
7723,2024-07-03 13:15:00,24264.55,66.57,62.45785714285714,,270.29
7724,2024-07-03 14:15:00,24296.1,68.74,63.11571428571428,,270.09
7725,2024-07-03 15:15:00,24286.5,68.03,63.75714285714286,,270.23
7726,2024-07-04 09:15:00,24375.05,75.66,65.61428571428571,,271.1
7727,2024-07-04 10:15:00,24334.55,66.33,66.53285714285714,,271.0
7728,2024-07-04 11:15:00,24331.7,72.84,67.97357142857142,,270.91
7729,2024-07-04 12:15:00,24342.0,79.64,69.77285714285713,,270.9
7730,2024-07-04 13:15:00,24340.05,79.05,71.92071428571428,,270.85
7731,2024-07-04 14:15:00,24302.65,71.17,71.94785714285715,,270.7
7732,2024-07-04 15:15:00,24302.15,71.29,72.14857142857143,,270.53
7733,2024-07-05 09:15:00,24226.05,44.04,69.85857142857142,,269.92
7734,2024-07-05 10:15:00,24233.2,45.08,67.73785714285715,,270.14
7735,2024-07-05 11:15:00,24273.1,52.73,66.55142857142856,,270.56
7736,2024-07-05 12:15:00,24253.5,47.04,64.87214285714286,,270.45
7737,2024-07-05 13:15:00,24247.9,47.76,63.52857142857143,,270.29
7738,2024-07-05 14:15:00,24342.05,55.29,62.56785714285714,,270.02
7739,2024-07-05 15:15:00,24323.85,54.22,61.58142857142857,,270.53
7740,2024-07-08 09:15:00,24304.15,40.52,59.07142857142857,,269.97
7741,2024-07-08 10:15:00,24270.05,41.22,57.27785714285714,,270.2
7742,2024-07-08 11:15:00,24252.65,39.65,54.90714285714286,,270.0
7743,2024-07-08 12:15:00,24298.05,44.73,52.41357142857142,,269.89
7744,2024-07-08 13:15:00,24288.9,43.97,49.90785714285715,,269.89
7745,2024-07-08 14:15:00,24311.5,51.08,48.47285714285714,,270.0
7746,2024-07-08 15:15:00,24320.55,52.2,47.10928571428571,,270.04
7747,2024-07-09 09:15:00,24362.95,67.81,48.80714285714286,,270.81
7748,2024-07-09 10:15:00,24382.9,68.84,50.50428571428571,,270.75
7749,2024-07-09 11:15:00,24388.2,65.87,51.44285714285714,,270.98
7750,2024-07-09 12:15:00,24423.0,72.43,53.256428571428565,,270.99
7751,2024-07-09 13:15:00,24431.9,74.14,55.14071428571429,,271.29
7752,2024-07-09 14:15:00,24434.05,65.91,55.89928571428572,,271.33
7753,2024-07-09 15:15:00,24433.2,70.12,57.035,,271.38
7754,2024-07-10 09:15:00,24330.75,53.75,57.98,,271.11
7755,2024-07-10 10:15:00,24211.45,43.34,58.13142857142857,,269.22
7756,2024-07-10 11:15:00,24265.1,51.31,58.96428571428572,,269.71
7757,2024-07-10 12:15:00,24279.4,47.9,59.190714285714286,,270.52
7758,2024-07-10 13:15:00,24238.25,44.69,59.24214285714287,,270.44
7759,2024-07-10 14:15:00,24330.85,51.77,59.291428571428575,,270.84
7760,2024-07-10 15:15:00,24324.45,50.36,59.16,,270.92
7761,2024-07-11 09:15:00,24286.1,42.89,57.38,,270.75
7762,2024-07-11 10:15:00,24256.2,38.48,55.21142857142858,,270.2
7763,2024-07-11 11:15:00,24264.2,38.78,53.276428571428575,,270.4
7764,2024-07-11 12:15:00,24298.05,38.68,50.8657142857143,,270.57
7765,2024-07-11 13:15:00,24306.8,38.66,48.33142857142857,,270.5
7766,2024-07-11 14:15:00,24328.65,40.78,46.53642857142857,,270.84
7767,2024-07-11 15:15:00,24315.95,39.95,44.38142857142857,,270.75
7768,2024-07-12 09:15:00,24362.9,53.05,44.33142857142857,,271.43
7769,2024-07-12 10:15:00,24538.25,77.99,46.80642857142857,,271.03
7770,2024-07-12 11:15:00,24516.4,72.76,48.33857142857143,,272.2
7771,2024-07-12 12:15:00,24518.5,72.15,50.07071428571429,,272.25
7772,2024-07-12 13:15:00,24574.65,80.32,52.61571428571428,,272.45
7773,2024-07-12 14:15:00,24491.15,64.69,53.53857142857142,,272.65
7774,2024-07-12 15:15:00,24502.15,66.15,54.66642857142857,,271.94
7775,2024-07-15 09:15:00,24562.0,74.13,56.89785714285714,,272.71
7776,2024-07-15 10:15:00,24581.0,78.95,59.78857142857142,,273.4
7777,2024-07-15 11:15:00,24598.9,79.32,62.684285714285714,,273.39
7778,2024-07-15 12:15:00,24614.8,78.65,65.53928571428573,,273.34
7779,2024-07-15 13:15:00,24594.45,75.48,68.16928571428572,,273.33
7780,2024-07-15 14:15:00,24584.5,73.15,70.48142857142857,,273.23
7781,2024-07-15 15:15:00,24586.7,74.97,72.98285714285714,,273.09
7782,2024-07-16 09:15:00,24634.4,75.01,74.55142857142857,,273.65
7783,2024-07-16 10:15:00,24654.05,64.96,73.62071428571429,,273.85
7784,2024-07-16 11:15:00,24640.5,66.38,73.16499999999999,,274.1
7785,2024-07-16 12:15:00,24652.9,67.27,72.81642857142857,,274.0
7786,2024-07-16 13:15:00,24625.1,56.99,71.15,,273.74
7787,2024-07-16 14:15:00,24604.3,68.98,71.45642857142857,,273.5
7788,2024-07-16 15:15:00,24613.0,68.74,71.64142857142856,,273.55
7789,2024-07-18 09:15:00,24655.5,66.79,71.11714285714285,,273.22
7790,2024-07-18 10:15:00,24537.35,44.22,68.63642857142858,,273.9
7791,2024-07-18 11:15:00,24607.8,51.03,66.61571428571429,,272.5
7792,2024-07-18 12:15:00,24711.6,59.34,65.23642857142856,,273.7
7793,2024-07-18 13:15:00,24819.9,68.6,64.74499999999999,,274.5
7794,2024-07-18 14:15:00,24801.7,67.68,64.35428571428572,,275.65
7795,2024-07-18 15:15:00,24800.85,67.47,63.81857142857143,,275.51
7796,2024-07-19 09:15:00,24685.85,53.78,62.30214285714286,,275.1
7797,2024-07-19 10:15:00,24661.55,50.55,61.27285714285714,,274.48
7798,2024-07-19 11:15:00,24661.75,51.58,60.21571428571429,,274.03
7799,2024-07-19 12:15:00,24612.8,47.17,58.78,,273.6
7800,2024-07-19 13:15:00,24570.65,46.23,58.01142857142857,,273.69
7801,2024-07-19 14:15:00,24530.4,45.02,56.3,,273.76
7802,2024-07-19 15:15:00,24530.9,44.4,54.56142857142857,,273.29
7803,2024-07-22 09:15:00,24556.0,43.05,52.86571428571428,,272.9
7804,2024-07-22 10:15:00,24532.05,49.57,53.24785714285714,,273.64
7805,2024-07-22 11:15:00,24522.95,42.43,52.63357142857143,,273.29
7806,2024-07-22 12:15:00,24487.8,27.26,50.34214285714285,Buy,272.36
7807,2024-07-22 13:15:00,24498.25,9.2,46.09928571428571,Hold,272.84
7808,2024-07-22 14:15:00,24515.7,13.65,42.24,Hold,272.72
7809,2024-07-22 15:15:00,24509.25,13.46,38.38214285714286,Hold,272.45
7810,2024-07-23 09:15:00,24449.15,15.61,35.65571428571428,Hold,272.45
7811,2024-07-23 10:15:00,24542.55,35.6,34.587857142857146,Hold,272.5
7812,2024-07-23 11:15:00,24469.3,30.21,33.06142857142857,Hold,272.58
7813,2024-07-23 12:15:00,24279.65,23.43,31.365714285714287,Hold,271.37
7814,2024-07-23 13:15:00,24459.9,42.76,31.11785714285714,Hold,271.29
7815,2024-07-23 14:15:00,24460.65,45.19,31.13,Hold,273.0
7816,2024-07-23 15:15:00,24479.05,46.51,31.28071428571428,Hold,272.64
7817,2024-07-24 09:15:00,24441.15,42.41,31.235000000000003,Hold,271.97
7818,2024-07-24 10:15:00,24432.0,43.25,30.78357142857143,Hold,272.16
7819,2024-07-24 11:15:00,24379.85,40.88,30.672857142857143,Hold,271.8
7820,2024-07-24 12:15:00,24362.0,41.8,31.71142857142857,Hold,270.98
7821,2024-07-24 13:15:00,24324.45,39.06,33.84428571428571,Hold,271.57
7822,2024-07-24 14:15:00,24407.4,43.7,35.99071428571428,Hold,272.1
7823,2024-07-24 15:15:00,24413.5,44.43,38.202857142857134,Hold,271.89
7824,2024-07-25 09:15:00,24294.95,41.6,40.05928571428571,Hold,270.7
7825,2024-07-25 10:15:00,24324.2,37.21,40.17428571428572,Hold,271.0
7826,2024-07-25 11:15:00,24362.95,43.51,41.12428571428571,Hold,271.25
7827,2024-07-25 12:15:00,24382.3,57.91,43.58714285714285,Hold,271.3
7828,2024-07-25 13:15:00,24421.35,46.2,43.83285714285714,Hold,271.59
7829,2024-07-25 14:15:00,24397.5,44.05,43.75142857142857,Hold,271.66
7830,2024-07-25 15:15:00,24406.1,43.0,43.50071428571429,Hold,271.92
7831,2024-07-26 09:15:00,24578.7,60.49,44.792142857142856,Hold,273.09
7832,2024-07-26 10:15:00,24644.8,64.93,46.34071428571429,Hold,273.7
7833,2024-07-26 11:15:00,24639.0,69.45,48.38142857142857,Hold,274.01
7834,2024-07-26 12:15:00,24775.55,76.34,50.84857142857143,Sell,274.73
7835,2024-07-26 13:15:00,24797.8,80.75,53.82642857142857,Waiting,275.64
7836,2024-07-26 14:15:00,24849.05,79.92,56.41357142857142,Waiting,275.69
7837,2024-07-26 15:15:00,24834.85,78.23,58.82785714285715,Waiting,276.06
7838,2024-07-29 09:15:00,24878.35,93.47,62.53285714285715,Waiting,276.85
7839,2024-07-29 10:15:00,24938.15,93.75,66.57142857142857,Waiting,276.88
7840,2024-07-29 11:15:00,24905.5,89.0,69.82071428571429,Waiting,278.09
7841,2024-07-29 12:15:00,24833.05,80.1,71.4057142857143,Waiting,277.18
7842,2024-07-29 13:15:00,24798.05,75.3,73.48428571428572,Waiting,277.17
7843,2024-07-29 14:15:00,24823.3,78.54,75.94785714285715,Waiting,276.69
7844,2024-07-29 15:15:00,24836.1,78.66,78.495,Waiting,276.68
7845,2024-07-30 09:15:00,24851.65,73.01,79.38928571428572,Waiting,276.92
7846,2024-07-30 10:15:00,24926.7,73.41,79.995,Waiting,277.37
7847,2024-07-30 11:15:00,24936.3,74.53,80.35785714285714,Waiting,277.85
7848,2024-07-30 12:15:00,24936.95,67.17,79.70285714285714,Waiting,277.7
7849,2024-07-30 13:15:00,24929.15,64.42,78.53642857142857,Waiting,277.43
7850,2024-07-30 14:15:00,24847.5,49.84,76.38785714285713,Waiting,277.95
7851,2024-07-30 15:15:00,24857.3,52.33,74.53785714285713,Waiting,277.1
7852,2024-07-31 09:15:00,24940.1,55.93,71.85642857142857,Waiting,276.9
7853,2024-07-31 10:15:00,24923.0,48.42,68.61857142857143,Waiting,277.54
7854,2024-07-31 11:15:00,24936.3,53.36,66.07285714285715,Waiting,277.5
7855,2024-07-31 12:15:00,24937.05,63.43,64.88214285714285,Waiting,277.56
7856,2024-07-31 13:15:00,24926.3,67.67,64.33714285714287,Waiting,277.8
7857,2024-07-31 14:15:00,24945.8,67.15,63.52357142857142,Waiting,277.96
7858,2024-07-31 15:15:00,24951.15,66.45,62.651428571428575,Waiting,277.75
7859,2024-08-01 09:15:00,25037.05,72.07,62.58428571428572,Waiting,278.98
7860,2024-08-01 10:15:00,25033.45,65.31,62.00571428571429,Waiting,278.6
7861,2024-08-01 11:15:00,24989.95,57.01,60.75428571428571,Waiting,278.47
7862,2024-08-01 12:15:00,24999.35,57.98,60.09785714285714,Waiting,278.16
7863,2024-08-01 13:15:00,24981.95,56.59,59.53857142857144,Waiting,278.29
7864,2024-08-01 14:15:00,25018.25,74.02,61.26571428571429,Waiting,278.34
7865,2024-08-01 15:15:00,25010.9,71.76,62.65357142857143,Waiting,278.33
7866,2024-08-02 09:15:00,24778.9,33.95,61.08357142857143,Waiting,276.12
7867,2024-08-02 10:15:00,24805.05,38.46,60.37214285714286,Waiting,276.51
7868,2024-08-02 11:15:00,24788.7,35.65,59.10714285714285,Waiting,276.84
7869,2024-08-02 12:15:00,24770.5,34.34,57.02928571428571,Waiting,276.07
7870,2024-08-02 13:15:00,24770.55,35.05,54.69928571428572,Waiting,276.6
7871,2024-08-02 14:15:00,24727.9,29.98,52.044285714285714,Waiting,276.14
7872,2024-08-02 15:15:00,24717.7,28.74,49.35071428571428,Buy,275.69
7873,2024-08-05 09:15:00,24292.15,8.09,44.78071428571428,Hold,270.76
7874,2024-08-05 10:15:00,24020.75,6.22,40.56,Hold,270.09
7875,2024-08-05 11:15:00,24038.45,7.92,37.05357142857143,Hold,267.8
7876,2024-08-05 12:15:00,24021.6,7.05,33.41571428571429,Hold,267.88
7877,2024-08-05 13:15:00,24085.65,12.18,30.243571428571432,Hold,269.35
7878,2024-08-05 14:15:00,24048.85,9.11,25.607142857142858,Hold,269.8
7879,2024-08-05 15:15:00,24055.6,9.68,21.17285714285714,Hold,269.48
7880,2024-08-06 09:15:00,24282.85,28.98,20.817857142857143,Hold,270.79
7881,2024-08-06 10:15:00,24225.8,26.08,19.93357142857143,Hold,269.44
7882,2024-08-06 11:15:00,24235.55,27.03,19.317857142857143,Hold,270.24
7883,2024-08-06 12:15:00,24163.4,25.87,18.71285714285714,Hold,269.67
7884,2024-08-06 13:15:00,24022.9,23.27,17.87142857142857,Hold,268.56
7885,2024-08-06 14:15:00,23973.55,23.16,17.384285714285713,Hold,267.49
7886,2024-08-06 15:15:00,23992.55,24.36,17.071428571428573,Hold,267.61
7887,2024-08-07 09:15:00,24209.4,46.57,19.82,Hold,270.39
7888,2024-08-07 10:15:00,24247.65,61.67,23.78071428571429,Hold,271.14
7889,2024-08-07 11:15:00,24224.15,59.49,27.464285714285715,Hold,270.49
7890,2024-08-07 12:15:00,24232.2,60.86,31.30785714285714,Hold,270.33
7891,2024-08-07 13:15:00,24246.6,58.75,34.63428571428572,Hold,270.22
7892,2024-08-07 14:15:00,24309.95,63.8,38.54071428571428,Hold,270.78
7893,2024-08-07 15:15:00,24297.5,62.71,42.32857142857143,Hold,271.1
7894,2024-08-08 09:15:00,24161.15,42.93,43.325,Hold,270.25
7895,2024-08-08 10:15:00,24186.35,47.62,44.86357142857143,Hold,269.98
7896,2024-08-08 11:15:00,24306.6,53.78,46.77428571428572,Hold,269.9
7897,2024-08-08 12:15:00,24160.35,49.85,48.48714285714285,Hold,270.8
7898,2024-08-08 13:15:00,24154.6,57.49,50.93142857142857,Hold,269.65
7899,2024-08-08 14:15:00,24115.2,58.15,53.430714285714295,Hold,269.62
7900,2024-08-08 15:15:00,24117.0,57.3,55.78357142857143,Hold,269.33
7901,2024-08-09 09:15:00,24356.45,58.41,56.62928571428571,Hold,271.71
7902,2024-08-09 10:15:00,24345.2,55.76,56.207142857142856,Hold,271.47
7903,2024-08-09 11:15:00,24351.75,57.68,56.07785714285715,Hold,271.69
7904,2024-08-09 12:15:00,24351.4,57.24,55.81928571428572,Hold,271.29
7905,2024-08-09 13:15:00,24386.45,58.29,55.78642857142857,Hold,271.55
7906,2024-08-09 14:15:00,24371.05,53.84,55.075,Hold,271.6
7907,2024-08-09 15:15:00,24367.5,54.45,54.485,Hold,271.59
7908,2024-08-12 09:15:00,24252.15,55.94,55.41428571428572,Hold,270.78
7909,2024-08-12 10:15:00,24434.8,63.46,56.54571428571429,Hold,271.61
7910,2024-08-12 11:15:00,24388.1,54.8,56.61857142857143,Hold,272.43
7911,2024-08-12 12:15:00,24404.65,66.97,57.84142857142858,Hold,272.38
7912,2024-08-12 13:15:00,24435.3,68.85,58.65285714285714,Hold,272.25
7913,2024-08-12 14:15:00,24345.7,64.5,59.106428571428566,Hold,271.99
7914,2024-08-12 15:15:00,24347.0,64.48,59.61928571428571,Hold,271.44
7915,2024-08-13 09:15:00,24330.1,47.7,58.85428571428572,Hold,271.69
7916,2024-08-13 10:15:00,24313.35,47.24,58.24571428571429,Hold,271.26
7917,2024-08-13 11:15:00,24296.0,45.26,57.35857142857143,Hold,271.35
7918,2024-08-13 12:15:00,24238.1,41.23,56.215,Hold,270.63
7919,2024-08-13 13:15:00,24152.9,33.22,54.42428571428571,Hold,270.17
7920,2024-08-13 14:15:00,24122.9,32.54,52.90285714285714,Hold,269.52
7921,2024-08-13 15:15:00,24139.0,34.2,51.45642857142857,Hold,269.52
7922,2024-08-14 09:15:00,24147.65,41.52,50.42642857142857,Hold,269.36
7923,2024-08-14 10:15:00,24135.45,16.43,47.067142857142855,Hold,269.73
7924,2024-08-14 11:15:00,24164.8,23.94,44.862857142857145,Hold,269.48
7925,2024-08-14 12:15:00,24179.35,23.59,41.76428571428571,Hold,269.66
7926,2024-08-14 13:15:00,24170.75,17.3,38.08214285714286,Hold,269.76
7927,2024-08-14 14:15:00,24133.0,19.84,34.89214285714286,Hold,269.53
7928,2024-08-14 15:15:00,24143.75,21.93,31.852857142857143,Hold,269.34
7929,2024-08-16 09:15:00,24295.0,46.46,31.764285714285712,Hold,271.6
7930,2024-08-16 10:15:00,24234.35,42.69,31.439285714285717,Hold,270.75
7931,2024-08-16 11:15:00,24419.8,58.74,32.402142857142856,Hold,271.42
7932,2024-08-16 12:15:00,24442.8,65.2,34.114285714285714,Hold,272.34
7933,2024-08-16 13:15:00,24516.0,77.45,37.27357142857143,Sell,273.09
7934,2024-08-16 14:15:00,24554.35,82.2,40.82071428571429,Waiting,272.99
7935,2024-08-16 15:15:00,24541.15,80.15,44.10285714285715,Waiting,273.81
7936,2024-08-19 09:15:00,24580.45,81.02,46.92428571428572,Waiting,274.59
7937,2024-08-19 10:15:00,24543.95,78.29,51.34285714285714,Waiting,274.3
7938,2024-08-19 11:15:00,24570.0,78.19,55.21785714285714,Waiting,274.62
7939,2024-08-19 12:15:00,24590.45,78.37,59.13071428571429,Waiting,274.48
7940,2024-08-19 13:15:00,24572.35,77.36,63.42071428571428,Waiting,274.22
7941,2024-08-19 14:15:00,24571.45,81.45,67.82142857142857,Waiting,274.54
7942,2024-08-19 15:15:00,24572.65,81.19,72.05428571428571,Waiting,274.43
7943,2024-08-20 09:15:00,24722.6,81.15,74.53214285714286,Waiting,275.21
7944,2024-08-20 10:15:00,24707.5,86.92,77.69142857142857,Waiting,275.89
7945,2024-08-20 11:15:00,24708.95,81.65,79.32785714285714,Waiting,275.95
7946,2024-08-20 12:15:00,24727.1,81.46,80.48928571428571,Waiting,275.94
7947,2024-08-20 13:15:00,24719.45,76.33,80.40928571428572,Waiting,275.99
7948,2024-08-20 14:15:00,24698.1,69.46,79.49928571428572,Waiting,276.07
7949,2024-08-20 15:15:00,24698.85,72.09,78.92357142857142,Waiting,275.83
7950,2024-08-21 09:15:00,24712.75,69.95,78.13285714285713,Waiting,275.5
7951,2024-08-21 10:15:00,24693.5,73.79,77.81142857142858,Waiting,276.11
7952,2024-08-21 11:15:00,24724.0,74.16,77.52357142857143,Waiting,275.85
7953,2024-08-21 12:15:00,24727.8,72.74,77.12142857142858,Waiting,275.8
7954,2024-08-21 13:15:00,24739.85,78.29,77.18785714285715,Waiting,275.75
7955,2024-08-21 14:15:00,24767.05,80.34,77.10857142857142,Waiting,275.98
7956,2024-08-21 15:15:00,24770.2,80.46,77.05642857142857,Waiting,276.12
7957,2024-08-22 09:15:00,24813.75,70.92,76.32571428571428,Waiting,276.75
7958,2024-08-22 10:15:00,24824.15,77.36,75.64285714285714,Waiting,276.59
7959,2024-08-22 11:15:00,24832.65,78.09,75.38857142857144,Waiting,
7960,2024-08-22 12:15:00,24808.15,67.89,74.4192857142857,Waiting,
7961,2024-08-22 13:15:00,24832.0,73.18,74.19428571428571,Waiting,
7962,2024-08-22 14:15:00,24806.15,71.85,74.36500000000001,Waiting,
7963,2024-08-23 14:15:00,24822.7,73.54,74.46857142857142,Waiting,276.57
7964,2024-08-23 15:15:00,24823.15,72.12,74.62357142857142,Waiting,276.6
7965,2024-08-26 09:15:00,25008.35,87.88,75.63,Waiting,278.3
7966,2024-08-26 10:15:00,24982.35,81.43,76.14928571428572,Waiting,278.38
7967,2024-08-26 11:15:00,25001.05,82.08,76.81642857142857,Waiting,278.38
7968,2024-08-26 12:15:00,25026.55,82.62,77.12571428571428,Waiting,278.64
7969,2024-08-26 13:15:00,25009.75,78.29,76.97928571428572,Waiting,278.41
7970,2024-08-26 14:15:00,25007.9,77.79,76.78857142857143,Waiting,278.96
7971,2024-08-26 15:15:00,25010.6,75.44,77.11142857142856,Waiting,278.84
7972,2024-08-27 09:15:00,25013.55,74.96,76.94000000000001,Waiting,278.5
7973,2024-08-27 10:15:00,25037.85,75.96,76.78785714285713,Waiting,278.7
7974,2024-08-27 11:15:00,25045.6,81.37,77.75071428571428,Waiting,279.1
7975,2024-08-27 12:15:00,25059.05,80.84,78.29785714285715,Waiting,279.05
7976,2024-08-27 13:15:00,25052.65,85.36,79.26285714285714,Waiting,279.3
7977,2024-08-27 14:15:00,25024.6,78.03,79.58357142857143,Waiting,279.1
7978,2024-08-27 15:15:00,25017.75,76.55,79.89999999999999,Waiting,278.7
7979,2024-08-28 09:15:00,25010.95,50.69,77.24357142857143,Waiting,278.6
7980,2024-08-28 10:15:00,25038.85,64.87,76.06071428571428,Waiting,278.78
7981,2024-08-28 11:15:00,25086.8,69.56,75.16642857142857,Waiting,279.65
7982,2024-08-28 12:15:00,25101.8,68.02,74.12357142857142,Waiting,279.76
7983,2024-08-28 13:15:00,25121.3,76.38,73.98714285714286,Waiting,279.76
7984,2024-08-28 14:15:00,25050.45,57.59,72.54428571428572,Waiting,279.54
7985,2024-08-28 15:15:00,25052.35,57.46,71.26,Waiting,278.94
7986,2024-08-29 09:15:00,25097.4,63.03,70.40785714285714,Waiting,279.22
7987,2024-08-29 10:15:00,25098.05,60.1,69.275,Waiting,279.79
7988,2024-08-29 11:15:00,25088.05,57.07,67.53928571428573,Waiting,279.69
7989,2024-08-29 12:15:00,25153.45,63.4,66.29357142857143,Waiting,280.17
7990,2024-08-29 13:15:00,25077.05,52.89,63.97428571428571,Waiting,280.14
7991,2024-08-29 14:15:00,25130.05,61.79,62.81428571428571,Waiting,279.0
7992,2024-08-29 15:15:00,25151.95,64.51,61.95428571428571,Waiting,280.1
7993,2024-08-30 09:15:00,25218.85,69.9,63.32642857142857,Waiting,281.0
7994,2024-08-30 10:15:00,25239.1,69.45,63.65357142857143,Waiting,280.99
7995,2024-08-30 11:15:00,25246.3,66.82,63.45785714285714,Waiting,280.92
7996,2024-08-30 12:15:00,25242.25,65.17,63.25428571428571,Waiting,281.05
7997,2024-08-30 13:15:00,25246.2,63.96,62.36714285714286,Waiting,281.09
7998,2024-08-30 14:15:00,25242.4,75.23,63.627142857142864,Waiting,281.1
7999,2024-08-30 15:15:00,25235.9,73.83,64.79642857142856,Waiting,281.08
8000,2024-09-02 09:15:00,25305.2,75.38,65.67857142857143,Waiting,281.85
8001,2024-09-02 10:15:00,25315.4,75.95,66.81071428571428,Waiting,281.82
8002,2024-09-02 11:15:00,25300.5,75.07,68.09642857142856,Waiting,281.7
8003,2024-09-02 12:15:00,25255.7,62.68,68.045,Waiting,281.54
8004,2024-09-02 13:15:00,25275.75,78.65,69.885,Waiting,281.23
8005,2024-09-02 14:15:00,25280.1,75.16,70.84,Waiting,281.46
8006,2024-09-02 15:15:00,25278.7,72.83,71.43428571428572,Waiting,281.45
8007,2024-09-03 09:15:00,25265.25,60.35,70.75214285714286,Waiting,281.5
8008,2024-09-03 10:15:00,25243.85,51.05,69.43785714285714,Waiting,281.61
8009,2024-09-03 11:15:00,25259.45,52.81,68.43714285714286,Waiting,281.52
8010,2024-09-03 12:15:00,25282.7,58.0,67.925,Waiting,281.55
8011,2024-09-03 13:15:00,25272.05,54.98,67.28357142857143,Waiting,281.65
8012,2024-09-03 14:15:00,25276.3,56.52,65.94714285714285,Waiting,281.84
8013,2024-09-03 15:15:00,25279.85,58.55,64.85571428571428,Waiting,281.72
8014,2024-09-04 09:15:00,25152.45,25.77,61.31214285714286,Waiting,279.95
8015,2024-09-04 10:15:00,25128.7,21.61,57.43071428571428,Buy,279.75
8016,2024-09-04 11:15:00,25134.15,23.95,53.77928571428572,Hold,280.6
8017,2024-09-04 12:15:00,25153.2,32.54,51.62642857142857,Hold,280.77
8018,2024-09-04 13:15:00,25163.65,30.26,48.17,Hold,281.0
8019,2024-09-04 14:15:00,25210.1,39.27,45.60642857142857,Hold,281.13
8020,2024-09-04 15:15:00,25198.7,38.1,43.12571428571429,Hold,281.28
8021,2024-09-05 09:15:00,25207.0,41.2,41.75785714285714,Hold,281.46
8022,2024-09-05 10:15:00,25193.6,42.22,41.127142857142864,Hold,280.65
8023,2024-09-05 11:15:00,25188.9,38.7,40.11928571428571,Hold,280.55
8024,2024-09-05 12:15:00,25172.8,31.98,38.260714285714286,Hold,280.73
8025,2024-09-05 13:15:00,25173.6,33.32,36.71357142857143,Hold,280.67
8026,2024-09-05 14:15:00,25152.7,30.17,34.83142857142857,Hold,280.47
8027,2024-09-05 15:15:00,25145.1,28.66,32.69642857142858,Hold,280.43
8028,2024-09-06 09:15:00,24921.1,21.95,32.42357142857143,Hold,279.61
8029,2024-09-06 10:15:00,24867.0,20.44,32.34,Hold,278.33
8030,2024-09-06 11:15:00,24936.25,30.46,32.805,Hold,278.43
8031,2024-09-06 12:15:00,24862.0,24.08,32.200714285714284,Hold,278.1
8032,2024-09-06 13:15:00,24865.6,23.14,31.692142857142866,Hold,277.91
8033,2024-09-06 14:15:00,24853.05,15.73,30.010714285714283,Hold,277.6
8034,2024-09-06 15:15:00,24852.15,16.05,28.435714285714287,Hold,277.82
8035,2024-09-09 09:15:00,24826.5,13.95,26.48928571428571,Hold,277.35
8036,2024-09-09 10:15:00,24894.15,24.28,25.207857142857144,Hold,277.99
8037,2024-09-09 11:15:00,24851.95,22.81,24.072857142857146,Hold,277.73
8038,2024-09-09 12:15:00,24882.15,27.07,23.72214285714286,Hold,276.99
8039,2024-09-09 13:15:00,24893.45,28.25,23.360000000000003,Hold,277.4
8040,2024-09-09 14:15:00,24940.55,34.18,23.64642857142857,Hold,277.3
8041,2024-09-09 15:15:00,24936.4,34.35,24.05285714285714,Hold,277.68
8042,2024-09-10 09:15:00,24915.05,49.35,26.01,Hold,278.11
8043,2024-09-10 10:15:00,24981.55,62.02,28.98,Hold,277.95
8044,2024-09-10 11:15:00,25023.0,59.66,31.06571428571429,Hold,278.45
8045,2024-09-10 12:15:00,25098.55,76.27,34.79357142857143,Sell,279.15
8046,2024-09-10 13:15:00,25114.0,76.88,38.63214285714285,Waiting,279.95
8047,2024-09-10 14:15:00,25042.95,68.24,42.382857142857134,Waiting,279.28
8048,2024-09-10 15:15:00,25041.1,68.12,46.10214285714285,Waiting,279.2
8049,2024-09-11 09:15:00,25055.95,72.47,50.28214285714285,Waiting,279.21
8050,2024-09-11 10:15:00,25086.05,70.28,53.567857142857136,Waiting,279.4
8051,2024-09-11 11:15:00,25093.3,77.54,57.47714285714286,Waiting,279.29
8052,2024-09-11 12:15:00,25059.55,70.08,60.54928571428571,Waiting,279.5
8053,2024-09-11 13:15:00,24937.55,53.99,62.387857142857136,Waiting,279.01
8054,2024-09-11 14:15:00,24900.65,46.32,63.255,Waiting,277.78
8055,2024-09-11 15:15:00,24918.45,48.39,64.25785714285715,Waiting,277.54
8056,2024-09-12 09:15:00,25017.2,58.07,64.88071428571429,Waiting,279.28
8057,2024-09-12 10:15:00,25008.3,52.32,64.18785714285714,Waiting,279.0
8058,2024-09-12 11:15:00,25011.2,48.9,63.419285714285714,Waiting,279.2
8059,2024-09-12 12:15:00,24996.35,39.27,60.77642857142856,Waiting,279.32
8060,2024-09-12 13:15:00,25204.7,56.78,59.34071428571429,Waiting,279.21
8061,2024-09-12 14:15:00,25414.95,73.01,59.681428571428576,Waiting,281.2
8062,2024-09-12 15:15:00,25388.9,70.88,59.87857142857143,Waiting,282.71
8063,2024-09-13 09:15:00,25326.0,65.33,59.36857142857144,Waiting,282.3
8064,2024-09-13 10:15:00,25382.35,66.33,59.08642857142858,Waiting,282.95
8065,2024-09-13 11:15:00,25376.55,65.64,58.23642857142857,Waiting,283.4
8066,2024-09-13 12:15:00,25385.15,68.49,58.12285714285714,Waiting,283.55
8067,2024-09-13 13:15:00,25385.5,79.52,59.94642857142857,Waiting,283.08
8068,2024-09-13 14:15:00,25354.45,80.14,62.36214285714285,Waiting,283.4
8069,2024-09-13 15:15:00,25356.5,79.71,64.59928571428571,Waiting,283.19
8070,2024-09-16 09:15:00,25409.35,78.37,66.04928571428572,Waiting,283.75
8071,2024-09-16 10:15:00,25384.15,76.56,67.7807142857143,Waiting,283.69
8072,2024-09-16 11:15:00,25353.25,73.25,69.52,Waiting,283.28
8073,2024-09-16 12:15:00,25374.5,75.48,72.10642857142857,Waiting,283.41
8074,2024-09-16 13:15:00,25405.1,67.76,72.89071428571428,Waiting,283.7
8075,2024-09-16 14:15:00,25386.4,46.17,70.97357142857143,Waiting,283.5
8076,2024-09-16 15:15:00,25383.75,49.26,69.42928571428571,Waiting,283.27
8077,2024-09-17 09:15:00,25373.9,58.09,68.91214285714287,Waiting,283.32
8078,2024-09-17 10:15:00,25401.4,53.56,68.0,Waiting,283.35
8079,2024-09-17 11:15:00,25412.55,56.6,67.35428571428572,Waiting,283.79
8080,2024-09-17 12:15:00,25425.7,57.31,66.55571428571429,Waiting,283.84
8081,2024-09-17 13:15:00,25426.2,57.34,64.97142857142858,Waiting,283.9
8082,2024-09-17 14:15:00,25418.45,62.59,63.71785714285715,Waiting,283.95
8083,2024-09-17 15:15:00,25418.55,62.3,62.47428571428571,Waiting,283.89
8084,2024-09-18 09:15:00,25413.9,51.12,60.52785714285714,Waiting,283.55
8085,2024-09-18 10:15:00,25461.25,67.05,59.84857142857143,Waiting,283.68
8086,2024-09-18 11:15:00,25462.7,77.83,60.175714285714285,Waiting,283.76
8087,2024-09-18 12:15:00,25374.4,49.98,58.35428571428572,Waiting,283.93
8088,2024-09-18 13:15:00,25343.05,38.27,56.24785714285714,Waiting,282.94
8089,2024-09-18 14:15:00,25382.35,49.29,56.47071428571429,Waiting,283.04
8090,2024-09-18 15:15:00,25377.55,48.92,56.44642857142857,Waiting,283.36
8091,2024-09-19 09:15:00,25513.05,66.85,57.07214285714286,Waiting,285.59
8092,2024-09-19 10:15:00,25506.05,63.34,57.77071428571429,Waiting,284.7
8093,2024-09-19 11:15:00,25442.2,53.33,57.53714285714285,Waiting,283.9
8094,2024-09-19 12:15:00,25395.85,46.88,56.792142857142856,Waiting,284.3
8095,2024-09-19 13:15:00,25402.4,47.54,56.09214285714285,Waiting,283.77
8096,2024-09-19 14:15:00,25426.25,50.78,55.24857142857143,Waiting,283.79
8097,2024-09-19 15:15:00,25415.8,49.73,54.35071428571429,Waiting,283.92
8098,2024-09-20 09:15:00,25553.55,60.84,55.045,Waiting,283.98
8099,2024-09-20 10:15:00,25702.25,66.17,54.98214285714285,Waiting,285.85
8100,2024-09-20 11:15:00,25710.1,66.46,54.17,Waiting,286.01
8101,2024-09-20 12:15:00,25786.05,77.84,56.16,Waiting,286.4
8102,2024-09-20 13:15:00,25674.9,70.26,58.445,Waiting,284.85
8103,2024-09-20 14:15:00,25792.85,72.86,60.12857142857143,Waiting,285.83
8104,2024-09-20 15:15:00,25790.95,73.1,61.855714285714285,Waiting,287.1
8105,2024-09-23 09:15:00,25897.05,72.19,62.23714285714285,Waiting,288.34
8106,2024-09-23 10:15:00,25881.45,71.48,62.81857142857143,Waiting,288.17
8107,2024-09-23 11:15:00,25867.25,75.78,64.42214285714286,Waiting,288.24
8108,2024-09-23 12:15:00,25883.6,80.7,66.83785714285715,Waiting,288.12
8109,2024-09-23 13:15:00,25907.2,81.11,69.2357142857143,Waiting,288.44
8110,2024-09-23 14:15:00,25938.75,81.28,71.41428571428571,Waiting,289.66
8111,2024-09-23 15:15:00,25939.05,82.34,73.74357142857141,Waiting,289.34
8112,2024-09-24 09:15:00,25956.15,79.25,75.05857142857144,Waiting,289.3
8113,2024-09-24 10:15:00,25948.95,72.56,75.515,Waiting,289.41
8114,2024-09-24 11:15:00,25921.55,68.67,75.67285714285715,Waiting,289.16
8115,2024-09-24 12:15:00,25964.35,66.72,74.87857142857142,Waiting,289.47
8116,2024-09-24 13:15:00,25973.4,84.62,75.90428571428572,Waiting,289.63
8117,2024-09-24 14:15:00,25944.15,72.09,75.84928571428573,Waiting,289.67
8118,2024-09-24 15:15:00,25940.4,71.71,75.75,Waiting,289.3
8119,2024-09-25 09:15:00,25911.25,52.66,74.355,Waiting,289.24
8120,2024-09-25 10:15:00,25914.95,56.56,73.28928571428571,Waiting,289.15
8121,2024-09-25 11:15:00,25880.15,52.34,71.61500000000001,Waiting,289.26
8122,2024-09-25 12:15:00,25884.6,50.19,69.43571428571428,Waiting,289.14
8123,2024-09-25 13:15:00,25945.45,56.35,67.66714285714286,Waiting,289.35
8124,2024-09-25 14:15:00,26017.55,61.52,66.25571428571429,Waiting,289.6
8125,2024-09-25 15:15:00,26004.15,59.17,64.60071428571429,Waiting,290.09
8126,2024-09-26 09:15:00,26063.55,63.52,63.47714285714286,Waiting,290.13
8127,2024-09-26 10:15:00,26073.3,65.55,62.97642857142858,Waiting,290.29
8128,2024-09-26 11:15:00,26095.6,72.05,63.21785714285714,Waiting,290.27
8129,2024-09-26 12:15:00,26091.8,67.91,63.30285714285714,Waiting,290.57
8130,2024-09-26 13:15:00,26087.2,66.2,61.98714285714285,Waiting,290.5
8131,2024-09-26 14:15:00,26207.55,79.77,62.535714285714285,Waiting,291.6
8132,2024-09-26 15:15:00,26216.05,80.82,63.18642857142857,Waiting,291.55
8133,2024-09-27 09:15:00,26262.25,87.81,65.69714285714285,Waiting,292.25
8134,2024-09-27 10:15:00,26241.0,83.84,67.64571428571428,Waiting,292.39
8135,2024-09-27 11:15:00,26236.75,89.52,70.30142857142857,Waiting,292.2
8136,2024-09-27 12:15:00,26189.85,80.92,72.49642857142858,Waiting,292.01
8137,2024-09-27 13:15:00,26186.8,77.69,74.02071428571428,Waiting,292.1
8138,2024-09-27 14:15:00,26195.15,73.86,74.90214285714286,Waiting,292.14
8139,2024-09-27 15:15:00,26178.95,73.31,75.91214285714285,Waiting,291.97
8140,2024-09-30 09:15:00,25982.55,42.09,74.38142857142857,Waiting,290.4
8141,2024-09-30 10:15:00,25928.65,36.99,72.34142857142857,Waiting,289.93
8142,2024-09-30 11:15:00,25895.15,32.33,69.50428571428571,Waiting,289.23
8143,2024-09-30 12:15:00,25877.1,31.54,66.90642857142856,Waiting,289.28
8144,2024-09-30 13:15:00,25829.15,29.35,64.27428571428571,Waiting,288.79
8145,2024-09-30 14:15:00,25812.25,12.09,59.440000000000005,Buy,288.25
8146,2024-09-30 15:15:00,25810.85,10.61,54.425,Hold,288.38
8147,2024-10-01 09:15:00,25824.05,4.48,48.47285714285714,Hold,288.75
8148,2024-10-01 10:15:00,25745.75,4.0,42.77,Hold,287.74
8149,2024-10-01 11:15:00,25822.95,16.15,37.52928571428572,Hold,288.04
8150,2024-10-01 12:15:00,25793.85,16.64,32.93785714285714,Hold,287.75
8151,2024-10-01 13:15:00,25795.4,16.94,28.59857142857143,Hold,288.18
8152,2024-10-01 14:15:00,25788.05,15.56,24.434285714285718,Hold,287.95
8153,2024-10-01 15:15:00,25796.9,17.27,20.43142857142857,Hold,288.27
8154,2024-10-03 09:15:00,25528.9,15.38,18.523571428571422,Hold,286.32
8155,2024-10-03 10:15:00,25491.95,15.79,17.009285714285713,Hold,285.24
8156,2024-10-03 11:15:00,25391.2,14.29,15.720714285714283,Hold,284.14
8157,2024-10-03 12:15:00,25349.55,13.82,14.455,Hold,283.85
8158,2024-10-03 13:15:00,25276.55,13.37,13.313571428571429,Hold,282.63
8159,2024-10-03 14:15:00,25258.45,13.34,13.402857142857142,Hold,282.69
8160,2024-10-03 15:15:00,25250.1,13.22,13.589285714285714,Hold,282.69
8161,2024-10-04 09:15:00,25213.7,11.15,14.065714285714284,Hold,281.75
8162,2024-10-04 10:15:00,25332.6,25.0,15.565714285714288,Hold,282.34
8163,2024-10-04 11:15:00,25468.85,30.0,16.555,Hold,283.0
8164,2024-10-04 12:15:00,25114.4,21.94,16.93357142857143,Hold,281.69
8165,2024-10-04 13:15:00,25045.4,20.66,17.199285714285715,Hold,279.9
8166,2024-10-04 14:15:00,25020.95,20.38,17.54357142857143,Hold,279.53
8167,2024-10-04 15:15:00,25014.6,19.74,17.72,Hold,280.15
8168,2024-10-07 09:15:00,25058.8,28.01,18.62214285714285,Hold,280.19
8169,2024-10-07 10:15:00,24889.7,24.93,19.275,Hold,279.08
8170,2024-10-07 11:15:00,24925.85,29.52,20.36285714285714,Hold,278.89
8171,2024-10-07 12:15:00,24793.85,27.35,21.329285714285717,Hold,278.15
8172,2024-10-07 13:15:00,24763.1,28.33,22.39785714285714,Hold,276.53
8173,2024-10-07 14:15:00,24778.15,29.67,23.564285714285717,Hold,277.24
8174,2024-10-07 15:15:00,24795.75,30.92,24.82857142857143,Hold,278.01
8175,2024-10-08 09:15:00,24827.85,33.74,26.442142857142866,Hold,277.24
8176,2024-10-08 10:15:00,24937.9,33.24,27.03071428571429,Hold,278.51
8177,2024-10-08 11:15:00,24930.3,24.33,26.625714285714288,Hold,278.88
8178,2024-10-08 12:15:00,24975.15,40.58,27.957142857142856,Hold,278.3
8179,2024-10-08 13:15:00,25036.25,49.37,30.007857142857144,Hold,279.29
8180,2024-10-08 14:15:00,25010.95,49.32,32.075,Hold,278.9
8181,2024-10-08 15:15:00,25013.15,49.9,34.22928571428572,Hold,279.4
8182,2024-10-09 09:15:00,25171.0,56.67,36.276428571428575,Hold,280.22
8183,2024-10-09 10:15:00,25215.6,72.72,39.69,Sell,281.35
8184,2024-10-09 11:15:00,25117.75,62.32,42.03285714285715,Waiting,281.1
8185,2024-10-09 12:15:00,25104.35,73.51,45.33,Waiting,280.84
8186,2024-10-09 13:15:00,25109.55,77.29,48.82714285714285,Waiting,280.52
8187,2024-10-09 14:15:00,24971.15,62.73,51.18857142857143,Waiting,279.77
8188,2024-10-09 15:15:00,24981.95,62.39,53.43642857142857,Waiting,278.72
8189,2024-10-10 09:15:00,25116.95,66.92,55.806428571428576,Waiting,279.58
8190,2024-10-10 10:15:00,25025.05,55.21,57.37571428571429,Waiting,279.92
8191,2024-10-10 11:15:00,25032.5,56.11,59.64571428571429,Waiting,279.3
8192,2024-10-10 12:15:00,25035.4,53.79,60.58928571428572,Waiting,279.65
8193,2024-10-10 13:15:00,25021.3,49.0,60.56285714285715,Waiting,279.33
8194,2024-10-10 14:15:00,24998.55,49.17,60.55214285714286,Waiting,279.4
8195,2024-10-10 15:15:00,24998.45,49.01,60.48857142857143,Waiting,279.3
8196,2024-10-11 09:15:00,25022.25,37.77,59.138571428571424,Waiting,279.09
8197,2024-10-11 10:15:00,24952.5,29.23,56.03214285714286,Waiting,278.96
8198,2024-10-11 11:15:00,24945.55,34.13,54.01857142857143,,278.43
8199,2024-10-11 12:15:00,24961.3,36.87,51.401428571428575,,278.4
8200,2024-10-11 13:15:00,24953.35,35.74,48.43357142857143,,278.5
8201,2024-10-11 14:15:00,24962.75,49.0,47.45285714285715,,278.86
8202,2024-10-11 15:15:00,24964.25,47.84,46.41357142857144,,278.72
8203,2024-10-14 09:15:00,25100.15,47.95,45.05857142857143,,280.25
8204,2024-10-14 10:15:00,25101.5,61.96,45.54071428571429,,280.11
8205,2024-10-14 11:15:00,25154.6,66.71,46.29785714285715,,280.62
8206,2024-10-14 12:15:00,25105.45,58.51,46.635,,280.66
8207,2024-10-14 13:15:00,25133.5,63.18,47.64785714285714,,280.54
8208,2024-10-14 14:15:00,25123.2,65.09,48.785,,280.79
8209,2024-10-14 15:15:00,25127.95,65.5,49.962857142857146,,280.76
8210,2024-10-15 09:15:00,25055.3,53.54,51.08928571428572,,281.07
8211,2024-10-15 10:15:00,25072.5,64.49,53.60785714285714,,280.25
8212,2024-10-15 11:15:00,25072.15,65.54,55.85142857142858,,279.82
8213,2024-10-15 12:15:00,25025.35,57.3,57.31071428571429,,279.91
8214,2024-10-15 13:15:00,25046.9,60.35,59.06857142857143,,279.9
8215,2024-10-15 14:15:00,25052.65,60.02,59.855714285714285,,279.53
8216,2024-10-15 15:15:00,25057.35,60.31,60.746428571428574,,279.83
8217,2024-10-16 09:15:00,25059.5,43.61,60.43642857142857,,280.16
8218,2024-10-16 10:15:00,25015.1,38.03,58.72714285714286,,279.55
8219,2024-10-16 11:15:00,24948.05,22.45,55.565714285714286,Buy,278.6
8220,2024-10-16 12:15:00,24983.35,33.09,53.75,Hold,278.61
8221,2024-10-16 13:15:00,25014.1,33.59,51.636428571428574,Hold,278.95
8222,2024-10-16 14:15:00,24968.2,30.59,49.17214285714285,Hold,279.35
8223,2024-10-16 15:15:00,24971.3,30.3,46.65785714285715,Hold,278.5
8224,2024-10-17 09:15:00,24831.95,25.95,44.68714285714286,Hold,277.35
8225,2024-10-17 10:15:00,24790.95,21.16,41.59214285714286,Hold,277.6
8226,2024-10-17 11:15:00,24778.45,20.65,38.385714285714286,Hold,276.83
8227,2024-10-17 12:15:00,24786.75,24.17,36.019285714285715,Hold,276.8
8228,2024-10-17 13:15:00,24741.9,18.56,33.03428571428572,Hold,276.76
8229,2024-10-17 14:15:00,24759.35,20.48,30.21,Hold,276.48
8230,2024-10-17 15:15:00,24749.85,19.35,27.28428571428572,Hold,276.69
8231,2024-10-18 09:15:00,24671.2,16.42,25.342142857142857,Hold,275.44
8232,2024-10-18 10:15:00,24719.35,24.59,24.38214285714286,Hold,276.28
8233,2024-10-18 11:15:00,24785.5,36.01,25.35071428571429,Hold,276.85
8234,2024-10-18 12:15:00,24820.9,36.02,25.56,Hold,277.56
8235,2024-10-18 13:15:00,24871.0,38.08,25.880714285714284,Hold,277.76
8236,2024-10-18 14:15:00,24842.85,39.24,26.49857142857143,Hold,277.76
8237,2024-10-18 15:15:00,24854.05,40.08,27.197142857142858,Hold,277.53
8238,2024-10-21 09:15:00,24804.05,47.22,28.71642857142857,Hold,276.41
8239,2024-10-21 10:15:00,24808.6,51.9,30.91214285714286,Hold,277.03
8240,2024-10-21 11:15:00,24720.95,44.68,32.628571428571426,Hold,276.39
8241,2024-10-21 12:15:00,24751.7,46.88,34.25071428571429,Hold,276.12
8242,2024-10-21 13:15:00,24819.7,56.64,36.97071428571429,Hold,276.38
8243,2024-10-21 14:15:00,24791.25,52.67,39.27,Hold,276.9
8244,2024-10-21 15:15:00,24781.1,52.62,41.646428571428565,Hold,276.47
8245,2024-10-22 09:15:00,24757.85,57.99,44.61571428571428,Hold,277.2
8246,2024-10-22 10:15:00,24729.7,50.99,46.50142857142857,Hold,275.69
8247,2024-10-22 11:15:00,24653.7,37.61,46.61571428571428,Hold,275.31
8248,2024-10-22 12:15:00,24621.6,31.14,46.26714285714286,Hold,275.07
8249,2024-10-22 13:15:00,24632.55,25.64,45.37857142857143,Hold,274.65
8250,2024-10-22 14:15:00,24449.35,19.47,43.96642857142857,Hold,274.4
8251,2024-10-22 15:15:00,24472.1,20.89,42.59571428571429,Hold,273.56
8252,2024-10-23 09:15:00,24516.3,27.87,41.21357142857143,Hold,272.75
8253,2024-10-23 10:15:00,24557.75,31.74,39.77357142857143,Hold,273.82
8254,2024-10-23 11:15:00,24539.35,35.3,39.10357142857144,Hold,274.56
8255,2024-10-23 12:15:00,24547.2,32.81,38.09857142857143,Hold,274.4
8256,2024-10-23 13:15:00,24485.4,21.61,35.596428571428575,Hold,274.2
8257,2024-10-23 14:15:00,24427.2,20.57,33.30357142857143,Hold,273.03
8258,2024-10-23 15:15:00,24435.5,21.98,31.115,Hold,273.09
8259,2024-10-24 09:15:00,24445.7,24.14,28.697142857142858,Hold,272.27
8260,2024-10-24 10:15:00,24398.0,23.38,26.725,Hold,272.98
8261,2024-10-24 11:15:00,24402.8,27.27,25.98642857142857,Hold,272.87
8262,2024-10-24 12:15:00,24395.25,28.54,25.800714285714285,Hold,272.72
8263,2024-10-24 13:15:00,24386.3,26.56,25.86642857142857,Hold,272.57
8264,2024-10-24 14:15:00,24398.6,42.84,27.535714285714285,Hold,272.4
8265,2024-10-24 15:15:00,24399.4,39.07,28.83428571428572,Hold,272.12
8266,2024-10-25 09:15:00,24237.75,19.05,28.204285714285717,Hold,271.11
8267,2024-10-25 10:15:00,24169.0,9.27,26.599285714285717,Hold,270.1
8268,2024-10-25 11:15:00,24136.05,9.0,24.720714285714287,Hold,269.93
8269,2024-10-25 12:15:00,24126.25,7.37,22.90357142857143,Hold,269.5
8270,2024-10-25 13:15:00,24101.6,7.97,21.929285714285715,Hold,269.29
8271,2024-10-25 14:15:00,24172.3,22.83,22.090714285714284,Hold,269.35
8272,2024-10-25 15:15:00,24180.8,22.86,22.15357142857143,Hold,270.48
8273,2024-10-28 09:15:00,24291.8,36.5,23.03642857142857,Hold,270.0
8274,2024-10-28 10:15:00,24399.35,50.11,24.945714285714285,Hold,272.84
8275,2024-10-28 11:15:00,24480.5,55.5,26.962142857142855,Hold,272.98
8276,2024-10-28 12:15:00,24421.55,51.74,28.61928571428572,Hold,273.3
8277,2024-10-28 13:15:00,24382.4,49.75,30.275714285714287,Hold,272.78
8278,2024-10-28 14:15:00,24343.9,46.64,30.54714285714286,Hold,272.7
8279,2024-10-28 15:15:00,24339.15,46.32,31.065,Hold,271.97
8280,2024-10-29 09:15:00,24225.15,49.18,33.21714285714286,Hold,270.87
8281,2024-10-29 10:15:00,24192.15,51.58,36.239285714285714,Hold,270.34
8282,2024-10-29 11:15:00,24293.75,59.82,39.86928571428572,Hold,271.09
8283,2024-10-29 12:15:00,24323.3,61.97,43.76928571428572,Hold,271.81
8284,2024-10-29 13:15:00,24417.5,67.7,48.035714285714285,Hold,271.78
8285,2024-10-29 14:15:00,24474.25,67.18,51.20357142857142,Hold,273.09
8286,2024-10-29 15:15:00,24466.85,66.3,54.306428571428576,Hold,273.59
8287,2024-10-30 09:15:00,24418.6,57.78,55.826428571428565,Hold,272.93
8288,2024-10-30 10:15:00,24437.4,52.62,56.00571428571429,Hold,272.9
8289,2024-10-30 11:15:00,24439.45,46.83,55.386428571428574,Hold,273.44
8290,2024-10-30 12:15:00,24428.0,50.54,55.300714285714285,Hold,273.44
8291,2024-10-30 13:15:00,24323.5,45.57,55.002142857142864,Hold,272.53
8292,2024-10-30 14:15:00,24335.0,49.3,55.19214285714286,Hold,272.42
8293,2024-10-30 15:15:00,24340.85,50.13,55.46428571428572,Hold,272.16
8294,2024-10-31 09:15:00,24274.05,54.13,55.81785714285714,Hold,271.29
8295,2024-10-31 10:15:00,24253.15,55.26,56.080714285714286,Hold,271.36
8296,2024-10-31 11:15:00,24236.8,44.24,54.96785714285714,Hold,271.26
8297,2024-10-31 12:15:00,24214.35,38.82,53.31428571428573,Hold,270.75
8298,2024-10-31 13:15:00,24187.1,22.59,50.09214285714285,Hold,270.85
8299,2024-10-31 14:15:00,24210.7,15.96,46.43357142857143,Hold,270.67
8300,2024-10-31 15:15:00,24205.35,16.05,42.84428571428571,Hold,270.64
8301,2024-11-01 11:15:00,24205.35,18.35,40.02785714285714,Hold,
8302,2024-11-01 12:15:00,24205.35,13.52,37.235,Hold,
8303,2024-11-01 13:15:00,24205.35,12.96,34.815714285714286,Hold,
8304,2024-11-01 14:15:00,24205.35,13.45,32.16642857142857,Hold,
8305,2024-11-01 17:15:00,24348.75,53.68,32.745714285714286,Hold,
8306,2024-11-01 18:15:00,24305.4,46.06,32.51428571428571,Hold,272.34
8307,2024-11-04 09:15:00,23972.3,23.77,30.63142857142857,Hold,269.28
8308,2024-11-04 10:15:00,23847.25,21.95,28.332857142857144,Hold,267.6
8309,2024-11-04 11:15:00,23923.65,29.82,26.51571428571429,Hold,267.07
8310,2024-11-04 12:15:00,23905.7,29.76,25.481428571428573,Hold,267.33
8311,2024-11-04 13:15:00,23936.6,33.19,25.079285714285717,Hold,267.31
8312,2024-11-04 14:15:00,23997.1,38.95,26.24785714285714,Hold,268.0
8313,2024-11-04 15:15:00,23995.35,37.15,27.76142857142857,Hold,268.47
8314,2024-11-05 09:15:00,23969.7,36.27,29.205714285714286,Hold,267.96
8315,2024-11-05 10:15:00,23981.95,37.17,30.55,Hold,268.12
8316,2024-11-05 11:15:00,23874.5,33.08,31.947142857142858,Hold,266.98
8317,2024-11-05 12:15:00,23915.05,35.75,33.575,Hold,267.28
8318,2024-11-05 13:15:00,24163.55,48.35,36.06785714285714,Hold,269.09
8319,2024-11-05 14:15:00,24207.15,43.93,35.371428571428574,Hold,270.79
8320,2024-11-05 15:15:00,24213.3,45.92,35.36142857142857,Hold,270.79
8321,2024-11-06 09:15:00,24379.25,71.14,38.745,Sell,272.39
8322,2024-11-06 10:15:00,24369.05,80.77,42.94642857142857,Waiting,271.88
8323,2024-11-06 11:15:00,24423.25,80.26,46.54928571428572,Waiting,272.81
8324,2024-11-06 12:15:00,24457.25,82.77,50.33571428571429,Waiting,273.26
8325,2024-11-06 13:15:00,24484.7,82.7,53.872142857142855,Waiting,273.72
8326,2024-11-06 14:15:00,24471.65,80.01,56.805,Waiting,273.75
8327,2024-11-06 15:15:00,24484.05,80.49,59.90071428571429,Waiting,273.91
8328,2024-11-07 09:15:00,24221.4,62.12,61.747142857142855,Waiting,272.56
8329,2024-11-07 10:15:00,24233.35,62.11,63.52857142857143,Waiting,270.84
8330,2024-11-07 11:15:00,24197.35,66.7,65.92999999999999,Waiting,270.95
8331,2024-11-07 12:15:00,24219.95,66.07,68.09571428571428,Waiting,271.1
8332,2024-11-07 13:15:00,24216.0,53.72,68.47928571428572,Waiting,270.61
8333,2024-11-07 14:15:00,24198.55,49.37,68.86785714285715,Waiting,270.68
8334,2024-11-07 15:15:00,24199.35,48.96,69.08500000000001,Waiting,270.7
8335,2024-11-08 09:15:00,24201.8,32.57,66.33,Waiting,270.4
8336,2024-11-08 10:15:00,24168.95,31.19,62.78857142857144,Waiting,270.42
8337,2024-11-08 11:15:00,24119.45,21.18,58.568571428571424,Waiting,270.09
8338,2024-11-08 12:15:00,24169.1,23.45,54.33142857142857,Buy,270.13
8339,2024-11-08 13:15:00,24136.75,18.23,49.72642857142858,Hold,270.17
8340,2024-11-08 14:15:00,24156.05,21.51,45.54785714285715,Hold,270.38
8341,2024-11-08 15:15:00,24148.2,19.43,41.18642857142857,Hold,270.03
8342,2024-11-11 09:15:00,24123.15,34.24,39.195,Hold,270.04
8343,2024-11-11 10:15:00,24309.65,57.84,38.89,Hold,271.0
8344,2024-11-11 11:15:00,24253.6,55.55,38.09357142857142,Hold,272.0
8345,2024-11-11 12:15:00,24222.6,50.26,36.96428571428572,Hold,271.2
8346,2024-11-11 13:15:00,24107.5,41.33,36.07928571428572,Hold,270.09
8347,2024-11-11 14:15:00,24158.2,46.94,35.90571428571429,Hold,270.57
8348,2024-11-11 15:15:00,24141.3,45.7,35.67285714285715,Hold,269.96
8349,2024-11-12 09:15:00,24164.35,47.31,36.72571428571429,Hold,270.14
8350,2024-11-12 10:15:00,24140.5,47.93,37.92142857142857,Hold,269.95
8351,2024-11-12 11:15:00,24110.9,49.36,39.934285714285714,Hold,269.92
8352,2024-11-12 12:15:00,23993.9,38.07,40.97857142857142,Hold,269.0
8353,2024-11-12 13:15:00,23944.25,37.19,42.33285714285714,Hold,267.69
8354,2024-11-12 14:15:00,23870.8,32.3,43.10357142857142,Hold,267.94
8355,2024-11-12 15:15:00,23883.45,33.67,44.12071428571429,Hold,267.18
8356,2024-11-13 09:15:00,23694.55,28.01,43.675714285714285,Hold,265.86
8357,2024-11-13 10:15:00,23710.3,12.71,40.45214285714285,Hold,265.29
8358,2024-11-13 11:15:00,23684.2,13.2,37.42714285714286,Hold,265.09
8359,2024-11-13 12:15:00,23673.55,13.56,34.80571428571429,Hold,264.97
8360,2024-11-13 13:15:00,23656.15,15.58,32.96642857142857,Hold,264.91
8361,2024-11-13 14:15:00,23543.8,7.17,30.125714285714285,Hold,263.65
8362,2024-11-13 15:15:00,23559.05,9.32,27.527142857142856,Hold,263.64
8363,2024-11-14 09:15:00,23616.9,13.53,25.11428571428572,Hold,263.85
8364,2024-11-14 10:15:00,23490.9,11.9,22.540714285714284,Hold,264.0
8365,2024-11-14 11:15:00,23562.9,19.39,20.4,Hold,263.19
8366,2024-11-14 12:15:00,23549.95,21.94,19.24785714285714,Hold,263.29
8367,2024-11-14 13:15:00,23548.65,23.36,18.26,Hold,263.31
8368,2024-11-14 14:15:00,23540.15,25.6,17.78142857142857,Hold,263.49
8369,2024-11-14 15:15:00,23532.7,23.92,17.085,Hold,263.57
8370,2024-11-18 09:15:00,23450.0,28.41,17.11357142857143,Hold,261.51
8371,2024-11-18 10:15:00,23380.65,23.41,17.877857142857142,Hold,261.55
8372,2024-11-18 11:15:00,23477.55,35.04,19.437857142857144,Hold,262.22
8373,2024-11-18 12:15:00,23492.15,36.94,21.107857142857146,Hold,263.29
8374,2024-11-18 13:15:00,23484.7,37.48,22.67214285714286,Hold,262.56
8375,2024-11-18 14:15:00,23453.55,42.52,25.197142857142858,Hold,262.27
8376,2024-11-18 15:15:00,23453.8,41.06,27.464285714285715,Hold,262.47
8377,2024-11-19 09:15:00,23691.85,54.88,30.41785714285714,Hold,265.07
8378,2024-11-19 10:15:00,23736.25,67.86,34.415,Hold,265.3
8379,2024-11-19 11:15:00,23749.35,64.84,37.66142857142857,Hold,265.83
8380,2024-11-19 12:15:00,23760.0,66.78,40.864285714285714,Hold,265.55
8381,2024-11-19 13:15:00,23707.35,61.72,43.60428571428572,Hold,265.79
8382,2024-11-19 14:15:00,23492.55,47.31,45.155,Hold,265.19
8383,2024-11-19 15:15:00,23518.5,49.21,46.96142857142858,Hold,263.07
8384,2024-11-21 09:15:00,23308.75,43.14,48.013571428571424,Hold,261.0
8385,2024-11-21 10:15:00,23335.55,47.71,49.74928571428571,Hold,261.4
8386,2024-11-21 11:15:00,23350.75,42.99,50.31714285714286,Hold,261.25
8387,2024-11-21 12:15:00,23341.3,41.62,50.651428571428575,Hold,261.29
8388,2024-11-21 13:15:00,23337.4,41.78,50.95857142857143,Hold,261.2
8389,2024-11-21 14:15:00,23354.4,44.38,51.09142857142857,Hold,261.1
8390,2024-11-21 15:15:00,23349.9,44.14,51.31142857142857,Hold,261.29
8391,2024-11-22 09:15:00,23575.5,43.34,50.487142857142864,Hold,262.68
8392,2024-11-22 10:15:00,23537.5,38.54,48.392857142857146,Hold,263.24
8393,2024-11-22 11:15:00,23635.1,44.0,46.90428571428571,Hold,263.59
8394,2024-11-22 12:15:00,23701.2,47.08,45.49714285714286,Hold,264.62
8395,2024-11-22 13:15:00,23844.95,56.26,45.10714285714285,Hold,265.15
8396,2024-11-22 14:15:00,23920.1,72.3,46.89214285714286,Sell,266.34
8397,2024-11-22 15:15:00,23907.25,70.55,48.416428571428575,Waiting,266.86
8398,2024-11-25 09:15:00,24261.75,93.7,52.02785714285714,Waiting,271.0
8399,2024-11-25 10:15:00,24334.95,93.96,55.33142857142857,Waiting,271.4
8400,2024-11-25 11:15:00,24303.7,91.33,58.78428571428572,Waiting,271.23
8401,2024-11-25 12:15:00,24179.65,83.07,61.745,Waiting,271.19
8402,2024-11-25 13:15:00,24203.5,83.64,64.735,Waiting,270.11
8403,2024-11-25 14:15:00,24222.25,83.66,67.54071428571429,Waiting,270.73
8404,2024-11-25 15:15:00,24221.9,83.93,70.38285714285715,Waiting,270.73
8405,2024-11-26 09:15:00,24236.45,80.77,73.05642857142857,Waiting,271.02
8406,2024-11-26 10:15:00,24211.1,81.73,76.14142857142858,Waiting,270.43
8407,2024-11-26 11:15:00,24187.4,77.97,78.56785714285715,Waiting,270.6
8408,2024-11-26 12:15:00,24161.35,74.29,80.51142857142858,Waiting,270.0
8409,2024-11-26 13:15:00,24183.2,70.49,81.52785714285714,Waiting,270.07
8410,2024-11-26 14:15:00,24203.85,68.4,81.24928571428572,Waiting,270.69
8411,2024-11-26 15:15:00,24194.5,68.71,81.11785714285713,Waiting,270.54
8412,2024-11-27 09:15:00,24202.75,43.0,77.49642857142855,Waiting,270.1
8413,2024-11-27 10:15:00,24195.15,30.34,72.95214285714285,Waiting,270.65
8414,2024-11-27 11:15:00,24197.85,33.82,68.84428571428572,Waiting,270.82
8415,2024-11-27 12:15:00,24321.45,71.71,68.03285714285714,Waiting,271.66
8416,2024-11-27 13:15:00,24287.85,62.54,66.52571428571429,Waiting,272.17
8417,2024-11-27 14:15:00,24274.1,57.82,64.67999999999999,Waiting,271.6
8418,2024-11-27 15:15:00,24274.9,57.99,62.82714285714285,Waiting,271.54
8419,2024-11-28 09:15:00,24327.8,62.34,61.510714285714286,Waiting,271.6
8420,2024-11-28 10:15:00,24087.9,39.46,58.49142857142857,Waiting,269.94
8421,2024-11-28 11:15:00,24079.75,40.54,55.817857142857136,Waiting,269.17
8422,2024-11-28 12:15:00,23979.35,35.86,53.07285714285714,Waiting,268.88
8423,2024-11-28 13:15:00,23958.9,32.53,50.36142857142857,Waiting,268.36
8424,2024-11-28 14:15:00,23915.8,28.33,47.49928571428571,Waiting,267.75
8425,2024-11-28 15:15:00,23914.15,28.66,44.638571428571424,Buy,267.68
8426,2024-11-29 09:15:00,23969.0,33.39,43.95214285714285,Hold,268.64
8427,2024-11-29 10:15:00,24120.9,45.62,45.04357142857143,Hold,269.39
8428,2024-11-29 11:15:00,24120.2,45.41,45.871428571428574,Hold,269.35
8429,2024-11-29 12:15:00,24118.3,35.97,43.318571428571424,Hold,269.55
8430,2024-11-29 13:15:00,24107.5,37.14,41.50428571428571,Hold,270.0
8431,2024-11-29 14:15:00,24127.25,39.62,40.20428571428572,Hold,270.22
8432,2024-11-29 15:15:00,24131.1,39.88,38.910714285714285,Hold,269.88
8433,2024-12-02 09:15:00,24118.35,34.37,36.91285714285714,Hold,269.7
8434,2024-12-02 10:15:00,24130.8,54.85,38.012142857142855,Hold,269.7
8435,2024-12-02 11:15:00,24140.6,56.85,39.17714285714286,Hold,270.05
8436,2024-12-02 12:15:00,24162.2,75.01,41.97357142857143,Sell,270.3
8437,2024-12-02 13:15:00,24249.0,83.58,45.620000000000005,Waiting,270.4
8438,2024-12-02 14:15:00,24275.55,93.31,50.26142857142857,Waiting,271.42
8439,2024-12-02 15:15:00,24276.05,93.69,54.90642857142858,Waiting,271.38
8440,2024-12-03 09:15:00,24336.95,93.78,59.220000000000006,Waiting,271.77
8441,2024-12-03 10:15:00,24416.75,92.49,62.56785714285714,Waiting,272.9
8442,2024-12-03 11:15:00,24419.75,92.74,65.94857142857143,Waiting,272.99
8443,2024-12-03 12:15:00,24411.55,91.1,69.88642857142858,Waiting,272.93
8444,2024-12-03 13:15:00,24461.75,94.71,73.99857142857142,Waiting,273.04
8445,2024-12-03 14:15:00,24461.35,94.33,77.90642857142858,Waiting,273.05
8446,2024-12-03 15:15:00,24457.15,93.23,81.71714285714286,Waiting,272.98
8447,2024-12-04 09:15:00,24542.85,97.16,86.20214285714285,Waiting,274.0
8448,2024-12-04 10:15:00,24529.55,94.21,89.01357142857141,Waiting,273.77
8449,2024-12-04 11:15:00,24449.7,79.66,90.64285714285714,Waiting,273.86
8450,2024-12-04 12:15:00,24481.2,80.04,91.00214285714286,Waiting,272.91
8451,2024-12-04 13:15:00,24532.4,78.61,90.64714285714284,Waiting,273.69
8452,2024-12-04 14:15:00,24467.95,68.04,88.84214285714286,Waiting,273.5
8453,2024-12-04 15:15:00,24467.45,67.95,87.00357142857145,Waiting,273.43
8454,2024-12-05 09:15:00,24400.1,55.85,84.2942857142857,Waiting,273.51
8455,2024-12-05 10:15:00,24368.05,45.05,80.9057142857143,Waiting,272.98
8456,2024-12-05 11:15:00,24589.9,61.97,78.70785714285715,Waiting,272.29
8457,2024-12-05 12:15:00,24631.1,64.76,76.82642857142856,Waiting,274.75
8458,2024-12-05 13:15:00,24736.8,67.21,74.86214285714286,Waiting,275.29
8459,2024-12-05 14:15:00,24751.0,67.81,72.96785714285714,Waiting,277.07
8460,2024-12-05 15:15:00,24708.4,64.75,70.93357142857143,Waiting,275.92
8461,2024-12-06 09:15:00,24650.85,56.56,68.03357142857143,Waiting,275.99
8462,2024-12-06 10:15:00,24707.35,60.26,65.60857142857142,Waiting,276.34
8463,2024-12-06 11:15:00,24701.9,65.92,64.62714285714286,Waiting,275.91
8464,2024-12-06 12:15:00,24708.05,64.79,63.53785714285714,Waiting,275.98
8465,2024-12-06 13:15:00,24692.85,60.98,62.27857142857143,Waiting,275.99
8466,2024-12-06 14:15:00,24686.0,66.2,62.14714285714286,Waiting,275.95
8467,2024-12-06 15:15:00,24677.8,65.45,61.96857142857142,Waiting,275.88
8468,2024-12-09 09:15:00,24584.95,63.08,62.485,Waiting,275.3
8469,2024-12-09 10:15:00,24636.05,68.47,64.15785714285714,Waiting,274.92
8470,2024-12-09 11:15:00,24659.2,56.58,63.77285714285714,Waiting,275.69
8471,2024-12-09 12:15:00,24650.45,51.96,62.85857142857143,Waiting,275.22
8472,2024-12-09 13:15:00,24615.5,35.68,60.60642857142857,Waiting,275.38
8473,2024-12-09 14:15:00,24609.35,32.95,58.11642857142857,Waiting,275.16
8474,2024-12-09 15:15:00,24619.0,38.31,56.22785714285715,Waiting,275.14
8475,2024-12-10 09:15:00,24656.7,50.81,55.817142857142855,Waiting,275.5
8476,2024-12-10 10:15:00,24651.4,41.02,54.442857142857136,Waiting,275.15
8477,2024-12-10 11:15:00,24620.8,37.95,52.445,Waiting,275.45
8478,2024-12-10 12:15:00,24551.05,30.38,49.987142857142864,Waiting,274.59
8479,2024-12-10 13:15:00,24540.45,30.74,47.82714285714286,Waiting,274.48
8480,2024-12-10 14:15:00,24612.0,41.96,46.09571428571429,Waiting,274.55
8481,2024-12-10 15:15:00,24610.05,42.54,44.45928571428572,Waiting,274.68
8482,2024-12-11 09:15:00,24629.15,55.81,43.94,Waiting,274.97
8483,2024-12-11 10:15:00,24653.05,52.41,42.79285714285714,Waiting,275.38
8484,2024-12-11 11:15:00,24661.75,50.38,42.35000000000001,Waiting,275.67
8485,2024-12-11 12:15:00,24655.85,50.8,42.26714285714286,Waiting,275.38
8486,2024-12-11 13:15:00,24652.0,55.99,43.71785714285714,Waiting,275.4
8487,2024-12-11 14:15:00,24650.6,56.88,45.42714285714286,Waiting,275.02
8488,2024-12-11 15:15:00,24641.8,53.81,46.53428571428572,Waiting,274.97
8489,2024-12-12 09:15:00,24618.85,43.34,46.00071428571429,Waiting,275.35
8490,2024-12-12 10:15:00,24603.45,41.86,46.06071428571429,Waiting,274.75
8491,2024-12-12 11:15:00,24562.35,40.42,46.237142857142864,Waiting,274.6
8492,2024-12-12 12:15:00,24567.8,53.48,47.887142857142855,Waiting,274.36
8493,2024-12-12 13:15:00,24563.2,54.85,49.60928571428571,Waiting,274.44
8494,2024-12-12 14:15:00,24549.9,32.4,48.926428571428566,Waiting,274.19
8495,2024-12-12 15:15:00,24548.7,32.54,48.21214285714286,Waiting,274.1
8496,2024-12-13 09:15:00,24353.1,10.81,44.99785714285714,Waiting,272.23
8497,2024-12-13 10:15:00,24278.95,3.52,41.50571428571429,Buy,270.45
8498,2024-12-13 11:15:00,24560.45,42.5,40.942857142857136,Hold,271.86
8499,2024-12-13 12:15:00,24640.15,48.95,40.81071428571429,Hold,273.47
8500,2024-12-13 13:15:00,24727.75,54.55,40.70785714285714,Hold,275.5
8501,2024-12-13 14:15:00,24771.45,56.91,40.71,Hold,275.64
8502,2024-12-13 15:15:00,24768.3,57.28,40.95785714285714,Hold,276.08
