,datetime,open,high,low,close,volume
0,2019-12-18 09:15:00,128.5,128.5,124.94,125.4,3559
1,2019-12-18 09:45:00,125.39,125.4,125.15,125.28,2009
2,2019-12-18 10:15:00,125.3,125.34,125.08,125.34,1746
3,2019-12-18 10:45:00,125.34,125.5,125.12,125.13,579
4,2019-12-18 11:15:00,125.23,125.27,125.13,125.26,251
5,2019-12-18 11:45:00,125.27,125.45,125.14,125.31,1064
6,2019-12-18 12:15:00,125.3,125.81,125.3,125.75,16278
7,2019-12-18 12:45:00,125.75,125.85,125.43,125.82,406
8,2019-12-18 13:15:00,125.6,125.76,125.51,125.73,6698
9,2019-12-18 13:45:00,125.56,125.8,125.5,125.5,1001
10,2019-12-18 14:15:00,125.45,125.79,125.4,125.73,2196
11,2019-12-18 14:45:00,125.67,125.8,125.41,125.78,6690
12,2019-12-18 15:15:00,125.78,126.05,125.63,125.63,8915
13,2019-12-19 09:15:00,125.9,125.9,125.5,125.82,667
14,2019-12-19 09:45:00,125.6,125.85,125.35,125.85,392
15,2019-12-19 10:15:00,125.84,125.84,125.32,125.84,286
16,2019-12-19 10:45:00,125.87,126.0,125.85,126.0,811
17,2019-12-19 11:15:00,126.0,126.0,125.62,126.0,2336
18,2019-12-19 11:45:00,126.0,126.0,125.81,125.99,282
19,2019-12-19 12:15:00,126.0,126.0,125.95,125.99,415
20,2019-12-19 12:45:00,125.99,126.16,125.81,125.85,2877
21,2019-12-19 13:15:00,125.85,126.25,125.85,126.25,117
22,2019-12-19 13:45:00,126.25,126.36,125.85,125.95,964
23,2019-12-19 14:15:00,126.0,126.0,125.95,126.0,388
24,2019-12-19 14:45:00,126.0,126.38,126.0,126.38,1711
25,2019-12-19 15:15:00,126.38,126.38,126.0,126.3,821
26,2019-12-20 09:15:00,126.01,126.52,125.95,126.35,17550
27,2019-12-20 09:45:00,126.35,126.43,125.97,126.4,14235
28,2019-12-20 10:15:00,126.39,126.39,126.1,126.1,1526
29,2019-12-20 10:45:00,126.2,126.4,126.11,126.4,15097
30,2019-12-20 11:15:00,126.4,126.5,126.06,126.24,433954
31,2019-12-20 11:45:00,126.24,126.34,126.21,126.33,20488
32,2019-12-20 12:15:00,126.34,126.5,126.2,126.49,21771
33,2019-12-20 12:45:00,126.45,126.7,126.45,126.62,14533
34,2019-12-20 13:15:00,126.62,126.66,126.38,126.65,36444
35,2019-12-20 13:45:00,126.5,126.66,126.5,126.65,1868
36,2019-12-20 14:15:00,126.7,126.7,126.0,126.28,429248
37,2019-12-20 14:45:00,126.23,126.34,126.02,126.23,11891
38,2019-12-20 15:15:00,126.23,126.23,125.9,125.9,861
39,2019-12-23 09:15:00,126.25,126.39,126.0,126.0,2024
40,2019-12-23 09:45:00,126.2,126.33,126.02,126.11,1549
41,2019-12-23 10:15:00,126.25,126.34,126.1,126.32,1694
42,2019-12-23 10:45:00,126.32,126.34,126.07,126.34,1878
43,2019-12-23 11:15:00,126.35,126.35,126.09,126.34,578
44,2019-12-23 11:45:00,126.34,126.34,126.3,126.3,1463
45,2019-12-23 12:15:00,126.3,126.47,126.3,126.45,3923
46,2019-12-23 12:45:00,126.45,126.45,126.0,126.0,2540
47,2019-12-23 13:15:00,126.19,126.2,125.8,125.94,3001
48,2019-12-23 13:45:00,125.94,125.94,125.76,125.76,10057
49,2019-12-23 14:15:00,125.76,125.93,125.76,125.93,196
50,2019-12-23 14:45:00,125.93,126.24,125.87,126.04,14114
51,2019-12-23 15:15:00,126.24,126.25,125.99,126.25,1593
52,2019-12-24 09:15:00,126.24,126.39,126.02,126.39,1427
53,2019-12-24 09:45:00,126.39,126.39,126.15,126.18,5611
54,2019-12-24 10:15:00,126.15,126.24,126.15,126.2,860
55,2019-12-24 10:45:00,126.2,126.23,126.0,126.0,4268
56,2019-12-24 11:15:00,126.0,126.27,126.0,126.2,18913
57,2019-12-24 11:45:00,126.18,126.27,126.12,126.18,24519
58,2019-12-24 12:15:00,126.18,126.25,126.0,126.25,24261
59,2019-12-24 12:45:00,126.28,126.36,126.25,126.25,6621
60,2019-12-24 13:15:00,126.35,126.35,126.25,126.25,132
61,2019-12-24 13:45:00,126.26,126.5,126.26,126.5,19443
62,2019-12-24 14:15:00,126.5,126.5,126.25,126.3,50693
63,2019-12-24 14:45:00,126.25,126.25,126.1,126.11,5184
64,2019-12-24 15:15:00,126.16,126.16,125.86,126.14,5975
65,2019-12-26 09:15:00,125.99,126.0,125.56,125.88,2723
66,2019-12-26 09:45:00,125.87,126.0,125.55,125.9,1147
67,2019-12-26 10:15:00,125.61,125.9,125.61,125.8,2290
68,2019-12-26 10:45:00,125.8,125.8,125.61,125.77,2321
69,2019-12-26 11:15:00,125.77,125.77,125.6,125.76,6114
70,2019-12-26 11:45:00,125.76,125.76,125.55,125.73,1503
71,2019-12-26 12:15:00,125.73,125.83,125.58,125.8,13785
72,2019-12-26 12:45:00,125.81,125.81,125.55,125.66,3457
73,2019-12-26 13:15:00,125.66,125.71,125.51,125.63,1856
74,2019-12-26 13:45:00,125.63,125.65,125.55,125.58,1235
75,2019-12-26 14:15:00,125.55,125.72,125.5,125.61,3003
76,2019-12-26 14:45:00,125.6,125.61,125.15,125.22,11134
77,2019-12-26 15:15:00,125.23,125.25,125.15,125.25,6420
78,2019-12-27 09:15:00,125.5,125.62,124.86,125.62,4912
79,2019-12-27 09:45:00,125.62,125.74,125.36,125.7,9328
80,2019-12-27 10:15:00,125.71,126.0,125.46,126.0,8644
81,2019-12-27 10:45:00,125.85,126.0,125.7,125.96,633
82,2019-12-27 11:15:00,126.0,126.0,125.87,126.0,12723
83,2019-12-27 11:45:00,125.96,126.13,125.96,126.13,6790
84,2019-12-27 12:15:00,126.13,126.13,126.08,126.09,883
85,2019-12-27 12:45:00,126.09,126.15,126.0,126.04,2939
86,2019-12-27 13:15:00,126.13,126.15,126.05,126.11,812
87,2019-12-27 13:45:00,126.15,126.24,126.0,126.0,6931
88,2019-12-27 14:15:00,126.0,126.19,125.86,126.01,2571
89,2019-12-27 14:45:00,125.89,126.25,125.88,126.2,6411
90,2019-12-27 15:15:00,126.25,126.25,126.17,126.25,876
91,2019-12-30 09:15:00,126.13,126.6,126.08,126.36,3586
92,2019-12-30 09:45:00,126.36,126.5,126.36,126.5,345
93,2019-12-30 10:15:00,126.37,126.61,126.36,126.36,2864
94,2019-12-30 10:45:00,126.36,126.58,126.02,126.02,25461
95,2019-12-30 11:15:00,126.31,126.31,125.75,125.75,8367
96,2019-12-30 11:45:00,125.75,126.02,125.65,125.65,3129
97,2019-12-30 12:15:00,125.65,126.11,125.6,125.95,1842
98,2019-12-30 12:45:00,125.99,126.22,125.84,126.15,3517
99,2019-12-30 13:15:00,126.21,126.3,125.92,126.19,26031
100,2019-12-30 13:45:00,126.16,126.16,126.0,126.16,3001
101,2019-12-30 14:15:00,126.16,126.16,126.0,126.0,276
102,2019-12-30 14:45:00,126.16,126.16,126.0,126.15,964
103,2019-12-30 15:15:00,126.15,126.15,126.0,126.14,360
104,2019-12-31 09:15:00,127.0,127.0,126.0,126.0,5836
105,2019-12-31 09:45:00,125.94,126.03,125.8,125.8,3431
106,2019-12-31 10:15:00,125.8,126.1,125.55,126.05,317428
107,2019-12-31 10:45:00,126.09,126.09,125.8,125.84,16946
108,2019-12-31 11:15:00,125.84,126.01,125.79,126.01,596
109,2019-12-31 11:45:00,126.0,126.3,126.0,126.2,3295
110,2019-12-31 12:15:00,126.16,126.16,125.96,126.14,4328
111,2019-12-31 12:45:00,126.13,126.15,126.12,126.14,218
112,2019-12-31 13:15:00,126.1,126.16,126.1,126.16,1556
113,2019-12-31 13:45:00,126.22,126.22,126.1,126.2,4718
114,2019-12-31 14:15:00,126.16,126.16,126.0,126.07,3534
115,2019-12-31 14:45:00,126.08,126.2,125.85,125.96,40008
116,2019-12-31 15:15:00,125.97,126.04,125.63,125.7,2384
117,2020-01-01 09:15:00,125.81,126.07,125.8,125.93,2329
118,2020-01-01 09:45:00,125.84,125.89,125.75,125.75,2338
119,2020-01-01 10:15:00,125.81,125.89,125.52,125.52,1942
120,2020-01-01 10:45:00,125.52,125.77,125.52,125.74,2804
121,2020-01-01 11:15:00,125.77,125.78,125.6,125.75,544
122,2020-01-01 11:45:00,125.73,125.82,125.7,125.79,5825
123,2020-01-01 12:15:00,125.85,125.85,125.61,125.73,5629
124,2020-01-01 12:45:00,125.73,125.84,125.65,125.65,14090
125,2020-01-01 13:15:00,125.66,125.72,125.6,125.69,4494
126,2020-01-01 13:45:00,125.72,125.8,125.66,125.73,4601
127,2020-01-01 14:15:00,125.69,125.69,125.6,125.67,4648
128,2020-01-01 14:45:00,125.71,125.75,125.6,125.62,17252
129,2020-01-01 15:15:00,125.75,125.78,125.6,125.6,1243
130,2020-01-02 09:15:00,126.0,126.18,125.61,126.09,16678
131,2020-01-02 09:45:00,125.98,126.12,125.78,126.1,3512
132,2020-01-02 10:15:00,126.17,126.31,125.81,126.0,1795
133,2020-01-02 10:45:00,126.0,126.3,126.0,126.27,1521
134,2020-01-02 11:15:00,126.32,126.38,126.3,126.3,2042
135,2020-01-02 11:45:00,126.36,126.44,126.15,126.44,1535
136,2020-01-02 12:15:00,126.44,126.44,126.19,126.43,1885
137,2020-01-02 12:45:00,126.2,126.45,126.19,126.45,2120
138,2020-01-02 13:15:00,126.45,126.5,126.45,126.5,826
139,2020-01-02 13:45:00,126.49,126.58,126.49,126.54,422
140,2020-01-02 14:15:00,126.58,126.7,126.5,126.7,6124
141,2020-01-02 14:45:00,126.7,126.73,126.23,126.73,2413
142,2020-01-02 15:15:00,126.73,126.73,126.4,126.73,1449
143,2020-01-03 09:15:00,128.9,129.0,122.0,126.24,7022
144,2020-01-03 09:45:00,126.2,126.3,125.76,126.3,7532
145,2020-01-03 10:15:00,126.3,126.35,126.05,126.33,3281
146,2020-01-03 10:45:00,126.29,126.33,126.01,126.19,955
147,2020-01-03 11:15:00,126.27,126.34,126.03,126.03,387
148,2020-01-03 11:45:00,126.02,126.21,126.02,126.14,17669
149,2020-01-03 12:15:00,126.13,126.23,126.09,126.23,1256
150,2020-01-03 12:45:00,126.23,126.32,126.09,126.32,25765
151,2020-01-03 13:15:00,126.25,126.28,126.2,126.27,2334
152,2020-01-03 13:45:00,126.16,126.24,126.11,126.2,122398
153,2020-01-03 14:15:00,126.14,126.21,126.02,126.06,8203
154,2020-01-03 14:45:00,126.06,126.24,125.8,126.23,50846
155,2020-01-03 15:15:00,126.28,126.28,125.86,126.21,1941
156,2020-01-06 09:15:00,126.15,126.15,124.31,124.71,35512
157,2020-01-06 09:45:00,124.71,124.84,124.47,124.73,19168
158,2020-01-06 10:15:00,124.73,124.79,124.6,124.71,7304
159,2020-01-06 10:45:00,124.71,124.71,124.51,124.54,4549
160,2020-01-06 11:15:00,124.55,124.59,124.2,124.3,14677
161,2020-01-06 11:45:00,124.3,124.32,124.12,124.22,11712
162,2020-01-06 12:15:00,124.22,124.32,124.1,124.2,14089
163,2020-01-06 12:45:00,124.19,124.29,124.05,124.22,25954
164,2020-01-06 13:15:00,124.22,124.22,124.06,124.19,6513
165,2020-01-06 13:45:00,124.22,124.23,123.95,123.98,20642
166,2020-01-06 14:15:00,123.97,124.2,123.62,123.8,99918
167,2020-01-06 14:45:00,123.91,124.18,123.8,123.94,11835
168,2020-01-06 15:15:00,124.19,124.26,123.81,124.26,4579
169,2020-01-07 09:15:00,125.0,125.32,124.65,125.32,8696
170,2020-01-07 09:45:00,125.31,125.31,124.88,125.06,3491
171,2020-01-07 10:15:00,125.15,125.16,124.95,125.06,5503
172,2020-01-07 10:45:00,125.06,125.06,124.49,124.49,7260
173,2020-01-07 11:15:00,124.49,124.7,124.49,124.7,601
174,2020-01-07 11:45:00,124.68,124.71,124.4,124.71,1110
175,2020-01-07 12:15:00,124.65,124.67,124.56,124.61,10266
176,2020-01-07 12:45:00,124.61,124.82,124.02,124.02,9982
177,2020-01-07 13:15:00,124.15,124.15,123.81,123.84,53331
178,2020-01-07 13:45:00,124.13,124.29,124.0,124.17,3423
179,2020-01-07 14:15:00,124.2,124.33,124.02,124.19,3604
180,2020-01-07 14:45:00,124.17,124.33,124.1,124.33,2479
181,2020-01-07 15:15:00,124.35,124.48,124.16,124.45,3999
182,2020-01-08 09:15:00,121.45,124.0,121.45,123.8,6975
183,2020-01-08 09:45:00,123.9,124.0,123.63,123.73,6506
184,2020-01-08 10:15:00,123.77,123.99,123.7,123.7,3763
185,2020-01-08 10:45:00,123.66,123.78,123.48,123.51,10198
186,2020-01-08 11:15:00,123.45,123.54,123.37,123.47,6503
187,2020-01-08 11:45:00,123.43,123.54,123.32,123.51,4598
188,2020-01-08 12:15:00,123.45,123.88,123.45,123.85,1542
189,2020-01-08 12:45:00,123.71,123.94,123.55,123.55,4216
190,2020-01-08 13:15:00,123.76,123.79,123.61,123.75,1176
191,2020-01-08 13:45:00,123.73,124.01,123.69,124.01,918
192,2020-01-08 14:15:00,123.85,123.87,123.69,123.85,415
193,2020-01-08 14:45:00,123.97,124.15,123.8,124.05,8291
194,2020-01-08 15:15:00,124.03,124.11,123.9,123.9,979
195,2020-01-09 09:15:00,124.71,125.43,124.71,125.39,11343
196,2020-01-09 09:45:00,125.38,125.38,125.11,125.38,1643
197,2020-01-09 10:15:00,125.38,125.68,125.1,125.68,4164
198,2020-01-09 10:45:00,125.68,125.68,125.22,125.48,358
199,2020-01-09 11:15:00,125.58,125.58,125.24,125.3,970
200,2020-01-09 11:45:00,125.34,125.55,125.34,125.42,637
201,2020-01-09 12:15:00,125.55,125.73,125.42,125.6,1876
202,2020-01-09 12:45:00,125.6,125.88,125.4,125.4,26903
203,2020-01-09 13:15:00,125.67,125.76,125.51,125.6,737
204,2020-01-09 13:45:00,125.7,125.7,125.47,125.56,525
205,2020-01-09 14:15:00,125.56,125.71,125.51,125.68,1128
206,2020-01-09 14:45:00,125.55,125.79,125.55,125.68,1374
207,2020-01-09 15:15:00,125.57,125.65,125.41,125.65,24704
208,2020-01-10 09:15:00,128.0,128.0,125.61,125.78,23686
209,2020-01-10 09:45:00,125.78,126.19,125.74,126.15,13590
210,2020-01-10 10:15:00,126.15,126.35,126.09,126.3,2331
211,2020-01-10 10:45:00,126.3,126.39,126.26,126.38,1307
212,2020-01-10 11:15:00,126.38,126.69,126.35,126.68,13281
213,2020-01-10 11:45:00,126.68,126.7,126.25,126.65,23057
214,2020-01-10 12:15:00,126.65,126.81,126.52,126.78,21019
215,2020-01-10 12:45:00,126.75,126.8,126.41,126.69,9774
216,2020-01-10 13:15:00,126.69,126.76,126.25,126.55,20604
217,2020-01-10 13:45:00,126.55,126.63,126.1,126.44,13431
218,2020-01-10 14:15:00,126.38,126.51,126.0,126.47,7788
219,2020-01-10 14:45:00,126.05,126.38,125.85,126.38,5482
220,2020-01-10 15:15:00,126.38,126.55,126.0,126.5,1010
221,2020-01-13 09:15:00,126.99,127.2,126.48,126.62,8676
222,2020-01-13 09:45:00,126.59,127.12,126.59,127.0,2476
223,2020-01-13 10:15:00,127.0,127.15,126.7,127.1,2095
224,2020-01-13 10:45:00,127.0,127.11,126.77,127.0,3863
225,2020-01-13 11:15:00,126.85,127.19,126.72,127.0,7531
226,2020-01-13 11:45:00,127.0,127.13,126.72,126.9,2981
227,2020-01-13 12:15:00,126.76,127.12,126.72,127.12,7004
228,2020-01-13 12:45:00,127.12,127.25,127.0,127.0,6910
229,2020-01-13 13:15:00,127.06,127.1,126.65,127.04,4127
230,2020-01-13 13:45:00,127.01,127.09,126.96,126.96,1555
231,2020-01-13 14:15:00,126.88,127.1,126.88,127.0,659
232,2020-01-13 14:45:00,127.1,127.25,127.01,127.23,1521
233,2020-01-13 15:15:00,127.11,127.22,127.1,127.22,2302
234,2020-01-14 09:15:00,127.2,127.31,126.6,127.27,8039
235,2020-01-14 09:45:00,127.23,127.26,127.0,127.22,3894
236,2020-01-14 10:15:00,127.02,127.3,127.0,127.17,1606
237,2020-01-14 10:45:00,127.18,127.27,127.01,127.01,9946
238,2020-01-14 11:15:00,127.26,127.26,127.01,127.23,889
239,2020-01-14 11:45:00,127.17,127.23,127.0,127.02,1252
240,2020-01-14 12:15:00,127.06,127.3,127.06,127.25,675
241,2020-01-14 12:45:00,127.25,127.31,127.13,127.13,53027
242,2020-01-14 13:15:00,127.11,127.3,127.11,127.3,432
243,2020-01-14 13:45:00,127.28,127.29,127.16,127.24,1056
244,2020-01-14 14:15:00,127.15,127.34,127.15,127.34,3256
245,2020-01-14 14:45:00,127.4,127.7,127.4,127.59,1957
246,2020-01-14 15:15:00,127.48,127.59,127.37,127.37,972
247,2020-01-15 09:15:00,128.9,128.9,126.61,127.0,1887
248,2020-01-15 09:45:00,126.97,126.97,126.61,126.79,1993
249,2020-01-15 10:15:00,126.81,126.91,126.61,126.66,2527
250,2020-01-15 10:45:00,126.66,126.95,126.66,126.95,641
251,2020-01-15 11:15:00,127.0,127.0,126.72,126.9,1574
252,2020-01-15 11:45:00,126.9,126.99,126.8,126.8,1917
253,2020-01-15 12:15:00,126.8,126.91,126.75,126.88,42729
254,2020-01-15 12:45:00,126.89,126.94,126.87,126.9,7594
255,2020-01-15 13:15:00,126.81,126.9,126.71,126.72,5027
256,2020-01-15 13:45:00,126.73,127.0,126.63,126.97,36693
257,2020-01-15 14:15:00,126.97,127.13,126.77,127.1,27019
258,2020-01-15 14:45:00,127.1,127.53,127.02,127.45,32480
259,2020-01-15 15:15:00,127.45,127.6,127.07,127.4,45447
260,2020-01-16 09:15:00,128.9,128.9,127.05,127.21,1969
261,2020-01-16 09:45:00,127.21,127.54,127.21,127.53,2592
262,2020-01-16 10:15:00,127.49,127.54,127.32,127.45,4345
263,2020-01-16 10:45:00,127.45,127.48,127.0,127.0,1807
264,2020-01-16 11:15:00,127.0,127.25,127.0,127.07,1409
265,2020-01-16 11:45:00,127.07,127.29,127.02,127.23,1402
266,2020-01-16 12:15:00,127.23,127.38,127.05,127.32,1843
267,2020-01-16 12:45:00,127.32,127.49,127.13,127.49,1077
268,2020-01-16 13:15:00,127.5,127.53,127.45,127.49,4956
269,2020-01-16 13:45:00,127.33,127.55,127.33,127.55,2560
270,2020-01-16 14:15:00,127.55,127.55,127.41,127.47,1507
271,2020-01-16 14:45:00,127.48,127.54,127.05,127.05,47197
272,2020-01-16 15:15:00,127.05,127.05,127.0,127.05,2359
273,2020-01-17 09:15:00,127.04,127.37,126.74,127.18,2089
274,2020-01-17 09:45:00,127.05,127.35,127.05,127.35,2995
275,2020-01-17 10:15:00,127.4,127.4,127.07,127.37,52809
276,2020-01-17 10:45:00,127.13,127.35,127.1,127.11,3939
277,2020-01-17 11:15:00,127.3,127.3,127.0,127.0,23811
278,2020-01-17 11:45:00,127.0,127.11,127.0,127.04,8430
279,2020-01-17 12:15:00,127.1,127.3,127.01,127.2,6218
280,2020-01-17 12:45:00,127.2,127.3,127.04,127.04,15099
281,2020-01-17 13:15:00,127.32,127.34,127.1,127.1,7739
282,2020-01-17 13:45:00,127.1,127.3,127.06,127.06,2277
283,2020-01-17 14:15:00,127.22,127.25,127.07,127.25,9027
284,2020-01-17 14:45:00,127.2,127.4,127.2,127.28,1802
285,2020-01-17 15:15:00,127.1,127.27,127.04,127.25,4530
286,2020-01-20 09:15:00,128.0,128.0,127.0,127.11,2441
287,2020-01-20 09:45:00,127.13,127.13,126.71,126.82,4829
288,2020-01-20 10:15:00,126.85,126.89,126.25,126.7,12825
289,2020-01-20 10:45:00,126.78,126.93,126.58,126.85,43160
290,2020-01-20 11:15:00,126.89,126.91,126.71,126.9,334
291,2020-01-20 11:45:00,126.89,126.96,126.72,126.75,3309
292,2020-01-20 12:15:00,126.97,126.97,126.87,126.87,475
293,2020-01-20 12:45:00,126.84,126.84,126.45,126.45,8663
294,2020-01-20 13:15:00,126.42,126.59,126.31,126.32,1754
295,2020-01-20 13:45:00,126.54,126.56,126.45,126.45,1187
296,2020-01-20 14:15:00,126.49,126.49,126.3,126.36,5387
297,2020-01-20 14:45:00,126.36,126.36,126.01,126.18,2169
298,2020-01-20 15:15:00,126.19,126.35,126.0,126.34,8534
299,2020-01-21 09:15:00,127.45,127.45,125.25,126.0,9703
300,2020-01-21 09:45:00,126.0,126.09,125.76,125.98,2104
301,2020-01-21 10:15:00,125.94,125.94,125.6,125.79,1701
302,2020-01-21 10:45:00,125.52,125.79,125.5,125.79,3754
303,2020-01-21 11:15:00,125.79,125.9,125.6,125.9,1409
304,2020-01-21 11:45:00,125.93,126.02,125.8,125.8,6647
305,2020-01-21 12:15:00,125.88,125.88,125.75,125.75,1167
306,2020-01-21 12:45:00,125.75,125.9,125.7,125.88,8441
307,2020-01-21 13:15:00,125.87,125.95,125.75,125.81,25119
308,2020-01-21 13:45:00,125.81,125.9,125.65,125.74,29091
309,2020-01-21 14:15:00,125.74,125.95,125.53,125.89,29142
310,2020-01-21 14:45:00,125.88,125.97,125.69,125.74,30967
311,2020-01-21 15:15:00,125.62,125.78,125.61,125.72,10779
312,2020-01-22 09:15:00,127.0,127.0,125.62,125.79,4736
313,2020-01-22 09:45:00,125.79,125.85,125.51,125.65,6175
314,2020-01-22 10:15:00,125.65,125.68,125.01,125.34,3977
315,2020-01-22 10:45:00,125.34,125.47,125.27,125.32,6257
316,2020-01-22 11:15:00,125.26,125.32,125.22,125.22,3161
317,2020-01-22 11:45:00,125.22,125.22,125.1,125.1,7247
318,2020-01-22 12:15:00,125.12,125.3,125.07,125.27,5455
319,2020-01-22 12:45:00,125.26,125.35,125.1,125.2,1693
320,2020-01-22 13:15:00,125.2,125.3,125.16,125.17,8366
321,2020-01-22 13:45:00,125.12,125.2,124.8,124.96,9156
322,2020-01-22 14:15:00,124.95,124.97,124.51,124.88,8502
323,2020-01-22 14:45:00,124.88,125.14,124.8,124.99,2142
324,2020-01-22 15:15:00,124.99,125.0,124.8,125.0,4841
325,2020-01-23 09:15:00,124.99,125.55,124.7,125.55,14211
326,2020-01-23 09:45:00,125.2,125.52,125.2,125.48,764
327,2020-01-23 10:15:00,125.48,125.51,125.24,125.24,1681
328,2020-01-23 10:45:00,125.25,125.25,124.96,124.96,1719
329,2020-01-23 11:15:00,124.99,125.18,124.82,125.18,4609
330,2020-01-23 11:45:00,125.16,125.19,125.0,125.16,411
331,2020-01-23 12:15:00,125.28,125.57,125.03,125.5,22742
332,2020-01-23 12:45:00,125.5,125.58,125.37,125.58,6525
333,2020-01-23 13:15:00,125.74,125.74,125.47,125.47,681
334,2020-01-23 13:45:00,125.47,125.66,125.47,125.53,262
335,2020-01-23 14:15:00,125.54,125.67,125.54,125.54,280
336,2020-01-23 14:45:00,125.56,125.77,125.51,125.77,8951
337,2020-01-23 15:15:00,125.67,125.67,125.32,125.62,1452
338,2020-01-24 09:15:00,125.41,126.0,125.05,126.0,4852
339,2020-01-24 09:45:00,126.0,126.04,125.66,125.99,5341
340,2020-01-24 10:15:00,125.89,126.32,125.89,126.11,18220
341,2020-01-24 10:45:00,126.11,126.28,125.82,126.21,1312
342,2020-01-24 11:15:00,126.21,126.21,126.05,126.18,429
343,2020-01-24 11:45:00,126.05,126.23,126.05,126.2,7485
344,2020-01-24 12:15:00,126.17,126.26,126.14,126.23,1643
345,2020-01-24 12:45:00,126.23,126.38,126.2,126.37,2856
346,2020-01-24 13:15:00,126.39,126.5,126.3,126.3,874
347,2020-01-24 13:45:00,126.48,126.61,126.24,126.58,992
348,2020-01-24 14:15:00,126.58,126.63,126.27,126.32,25204
349,2020-01-24 14:45:00,126.57,126.61,126.26,126.38,11076
350,2020-01-24 15:15:00,126.39,126.39,126.3,126.3,1707
351,2020-01-27 09:15:00,128.5,128.5,125.0,125.9,26692
352,2020-01-27 09:45:00,125.9,126.0,125.5,125.99,26033
353,2020-01-27 10:15:00,125.99,126.06,125.76,125.91,2905
354,2020-01-27 10:45:00,125.91,125.91,125.63,125.8,1615
355,2020-01-27 11:15:00,125.87,125.89,125.75,125.81,1602
356,2020-01-27 11:45:00,125.88,125.93,125.84,125.9,8116
357,2020-01-27 12:15:00,125.87,125.96,125.8,125.92,78737
358,2020-01-27 12:45:00,125.9,125.9,125.7,125.7,2004
359,2020-01-27 13:15:00,125.75,125.76,125.5,125.64,1100
360,2020-01-27 13:45:00,125.67,125.78,125.61,125.66,11969
361,2020-01-27 14:15:00,125.7,125.76,125.43,125.54,21229
362,2020-01-27 14:45:00,125.5,125.5,125.3,125.33,4669
363,2020-01-27 15:15:00,125.33,125.34,125.15,125.28,14235
364,2020-01-28 09:15:00,122.8,125.4,120.3,125.35,4115
365,2020-01-28 09:45:00,125.2,125.5,125.01,125.24,55916
366,2020-01-28 10:15:00,125.24,125.29,125.03,125.03,2273
367,2020-01-28 10:45:00,125.2,125.35,125.03,125.09,1394
368,2020-01-28 11:15:00,125.02,125.22,125.02,125.1,952
369,2020-01-28 11:45:00,125.1,125.2,125.08,125.1,1075
370,2020-01-28 12:15:00,125.36,125.36,125.02,125.23,16781
371,2020-01-28 12:45:00,125.14,125.39,125.08,125.39,1025
372,2020-01-28 13:15:00,125.35,125.35,125.1,125.15,2210
373,2020-01-28 13:45:00,125.15,125.18,124.68,124.68,6775
374,2020-01-28 14:15:00,124.73,124.76,124.5,124.6,6412
375,2020-01-28 14:45:00,124.6,124.69,124.3,124.69,15537
376,2020-01-28 15:15:00,124.73,124.74,124.5,124.68,7290
377,2020-01-29 09:15:00,125.5,125.5,124.7,125.0,2612
378,2020-01-29 09:45:00,125.15,125.35,125.0,125.01,3662
379,2020-01-29 10:15:00,125.19,125.21,124.7,125.1,1335
380,2020-01-29 10:45:00,125.0,125.09,124.84,125.0,352
381,2020-01-29 11:15:00,125.0,125.1,124.82,125.0,11348
382,2020-01-29 11:45:00,124.95,125.14,124.95,125.0,135
383,2020-01-29 12:15:00,125.0,125.09,124.78,125.0,2305
384,2020-01-29 12:45:00,125.0,125.0,124.88,124.98,817
385,2020-01-29 13:15:00,124.98,124.98,124.65,124.65,1948
386,2020-01-29 13:45:00,124.97,125.25,124.96,125.1,11979
387,2020-01-29 14:15:00,125.51,125.51,125.0,125.0,14988
388,2020-01-29 14:45:00,125.0,125.01,124.85,125.0,1467
389,2020-01-29 15:15:00,125.0,125.04,124.85,125.04,3376
390,2020-01-30 09:15:00,124.58,124.85,124.2,124.41,4266
391,2020-01-30 09:45:00,124.45,124.61,124.35,124.4,2318
392,2020-01-30 10:15:00,124.4,124.57,124.35,124.49,18638
393,2020-01-30 10:45:00,124.5,124.6,124.37,124.49,19285
394,2020-01-30 11:15:00,124.5,124.6,124.39,124.58,18284
395,2020-01-30 11:45:00,124.58,124.66,124.22,124.48,22644
396,2020-01-30 12:15:00,124.47,124.56,124.38,124.5,39091
397,2020-01-30 12:45:00,124.51,124.53,124.3,124.44,25391
398,2020-01-30 13:15:00,124.44,124.62,124.3,124.5,19088
399,2020-01-30 13:45:00,124.5,124.5,124.03,124.03,87965
400,2020-01-30 14:15:00,124.03,124.25,124.03,124.25,23074
401,2020-01-30 14:45:00,124.25,124.42,124.16,124.21,5704
402,2020-01-30 15:15:00,124.21,124.22,124.1,124.15,6077
403,2020-01-31 09:15:00,129.2,129.2,124.0,124.35,5411
404,2020-01-31 09:45:00,124.32,124.42,124.01,124.25,1125
405,2020-01-31 10:15:00,124.0,124.35,124.0,124.19,15735
406,2020-01-31 10:45:00,124.1,124.14,123.8,123.9,12407
407,2020-01-31 11:15:00,123.88,123.92,123.5,123.5,16254
408,2020-01-31 11:45:00,123.5,123.67,123.5,123.59,32633
409,2020-01-31 12:15:00,123.61,123.96,123.5,123.92,15544
410,2020-01-31 12:45:00,123.92,124.05,123.81,123.84,8304
411,2020-01-31 13:15:00,123.89,124.19,123.85,124.19,5389
412,2020-01-31 13:45:00,124.15,124.23,123.92,124.08,2733
413,2020-01-31 14:15:00,124.23,124.48,124.23,124.33,21147
414,2020-01-31 14:45:00,124.22,124.22,123.66,123.96,41805
415,2020-01-31 15:15:00,123.9,124.07,123.81,124.07,3676
416,2020-02-03 09:15:00,121.89,122.25,120.1,120.53,67978
417,2020-02-03 09:45:00,120.64,121.35,120.42,121.34,26661
418,2020-02-03 10:15:00,121.36,121.5,121.13,121.29,22020
419,2020-02-03 10:45:00,121.39,121.74,121.26,121.45,6160
420,2020-02-03 11:15:00,121.45,121.45,120.63,121.0,23063
421,2020-02-03 11:45:00,121.02,121.06,120.61,120.82,118789
422,2020-02-03 12:15:00,120.74,120.94,120.61,120.9,9979
423,2020-02-03 12:45:00,120.89,121.25,120.85,121.08,91645
424,2020-02-03 13:15:00,121.19,121.41,121.01,121.27,85637
425,2020-02-03 13:45:00,121.25,121.25,120.75,120.75,6348
426,2020-02-03 14:15:00,120.75,121.3,120.75,121.29,4571
427,2020-02-03 14:45:00,121.25,121.51,121.11,121.28,4575
428,2020-02-03 15:15:00,121.25,121.49,120.85,121.49,16079
429,2020-02-04 09:15:00,123.6,126.0,120.81,122.03,18129
430,2020-02-04 09:45:00,121.7,122.4,121.62,122.02,144786
431,2020-02-04 10:15:00,122.43,122.7,122.36,122.56,10734
432,2020-02-04 10:45:00,122.78,123.01,122.56,122.91,8300
433,2020-02-04 11:15:00,122.94,123.25,122.94,123.25,6353
434,2020-02-04 11:45:00,123.42,123.42,123.0,123.24,2135
435,2020-02-04 12:15:00,123.05,123.25,123.05,123.23,2534
436,2020-02-04 12:45:00,123.25,123.25,123.06,123.25,1200
437,2020-02-04 13:15:00,123.1,123.25,123.0,123.23,14080
438,2020-02-04 13:45:00,122.97,123.24,122.94,123.0,947
439,2020-02-04 14:15:00,123.25,123.25,123.2,123.23,1211
440,2020-02-04 14:45:00,123.05,123.24,122.94,123.23,1495
441,2020-02-04 15:15:00,123.23,123.25,122.96,123.0,18567
442,2020-02-05 09:15:00,124.0,124.0,123.0,123.6,2872
443,2020-02-05 09:45:00,123.6,124.13,123.6,124.0,5818
444,2020-02-05 10:15:00,124.03,124.03,124.0,124.03,1140
445,2020-02-05 10:45:00,124.0,124.03,123.9,124.02,785
446,2020-02-05 11:15:00,124.02,124.02,123.6,123.8,20585
447,2020-02-05 11:45:00,123.8,124.0,123.5,123.51,16182
448,2020-02-05 12:15:00,123.41,123.99,123.41,123.51,11199
449,2020-02-05 12:45:00,123.99,123.99,123.53,123.86,1333
450,2020-02-05 13:15:00,123.86,123.86,123.53,123.86,7464
451,2020-02-05 13:45:00,123.75,124.15,123.75,124.15,8485
452,2020-02-05 14:15:00,124.15,124.65,124.11,124.58,8547
453,2020-02-05 14:45:00,124.54,124.59,124.25,124.48,848
454,2020-02-05 15:15:00,124.65,124.65,124.12,124.6,2478
455,2020-02-06 09:15:00,124.8,124.98,124.58,124.85,1074
456,2020-02-06 09:45:00,124.78,125.26,124.69,125.11,24750
457,2020-02-06 10:15:00,125.0,125.17,124.73,125.09,17760
458,2020-02-06 10:45:00,125.03,125.03,124.71,124.96,1393
459,2020-02-06 11:15:00,124.71,124.96,124.55,124.69,653
460,2020-02-06 11:45:00,125.0,125.43,124.78,124.91,2108
461,2020-02-06 12:15:00,125.29,125.46,124.86,125.46,1566
462,2020-02-06 12:45:00,125.46,125.55,125.3,125.37,40750
463,2020-02-06 13:15:00,125.47,125.5,125.3,125.4,8905
464,2020-02-06 13:45:00,125.4,125.5,124.88,125.2,7077
465,2020-02-06 14:15:00,125.19,125.39,125.02,125.3,52393
466,2020-02-06 14:45:00,125.3,125.43,125.06,125.32,58549
467,2020-02-06 15:15:00,125.32,125.37,125.09,125.35,26876
468,2020-02-07 09:15:00,125.5,125.5,124.36,124.79,3704
469,2020-02-07 09:45:00,124.6,125.07,124.6,124.83,7932
470,2020-02-07 10:15:00,124.84,125.02,124.8,124.8,3943
471,2020-02-07 10:45:00,124.8,124.97,124.8,124.91,1223
472,2020-02-07 11:15:00,124.9,124.9,124.68,124.77,10178
473,2020-02-07 11:45:00,124.77,124.83,124.61,124.71,1198
474,2020-02-07 12:15:00,124.69,124.91,124.65,124.91,2244
475,2020-02-07 12:45:00,124.89,125.0,124.8,124.89,3608
476,2020-02-07 13:15:00,124.87,124.87,124.61,124.61,8046
477,2020-02-07 13:45:00,124.61,124.77,124.6,124.65,721
478,2020-02-07 14:15:00,124.75,124.92,124.62,124.89,8000
479,2020-02-07 14:45:00,124.89,124.89,124.65,124.87,608
480,2020-02-07 15:15:00,124.65,124.83,124.65,124.77,5726
481,2020-02-10 09:15:00,125.45,125.45,124.1,124.32,4468
482,2020-02-10 09:45:00,124.34,124.34,123.93,124.07,5610
483,2020-02-10 10:15:00,124.0,124.01,123.75,123.87,2497
484,2020-02-10 10:45:00,123.85,124.05,123.76,124.0,6869
485,2020-02-10 11:15:00,124.01,124.01,123.86,123.93,2310
486,2020-02-10 11:45:00,123.93,124.13,123.85,124.01,1695
487,2020-02-10 12:15:00,124.12,124.21,124.0,124.03,1837
488,2020-02-10 12:45:00,124.03,124.15,124.0,124.0,3786
489,2020-02-10 13:15:00,123.99,124.08,123.99,124.08,27145
490,2020-02-10 13:45:00,124.06,124.16,123.91,124.02,59401
491,2020-02-10 14:15:00,124.02,124.09,123.91,124.01,71622
492,2020-02-10 14:45:00,124.01,124.27,123.9,124.01,75712
493,2020-02-10 15:15:00,124.25,124.36,124.01,124.35,44206
494,2020-02-11 09:15:00,124.43,125.48,124.43,125.32,7487
495,2020-02-11 09:45:00,125.05,125.38,125.01,125.15,2890
496,2020-02-11 10:15:00,125.29,125.35,125.15,125.15,2897
497,2020-02-11 10:45:00,125.25,125.25,125.15,125.25,1269
498,2020-02-11 11:15:00,125.25,125.25,125.24,125.24,448
499,2020-02-11 11:45:00,125.24,125.24,125.04,125.04,1835
500,2020-02-11 12:15:00,124.73,125.24,124.71,125.24,1488
501,2020-02-11 12:45:00,125.24,125.24,124.93,125.24,559
502,2020-02-11 13:15:00,125.24,125.24,125.0,125.24,14656
503,2020-02-11 13:45:00,124.98,125.25,124.97,125.02,2690
504,2020-02-11 14:15:00,125.01,125.15,124.93,125.05,13616
505,2020-02-11 14:45:00,124.83,125.08,124.83,124.87,4828
506,2020-02-11 15:15:00,124.87,125.02,124.87,125.02,1928
507,2020-02-12 09:15:00,126.0,126.0,124.95,125.5,8473
508,2020-02-12 09:45:00,125.42,125.6,125.35,125.6,7390
509,2020-02-12 10:15:00,125.52,125.65,125.49,125.65,5754
510,2020-02-12 10:45:00,125.53,125.65,125.47,125.5,1634
511,2020-02-12 11:15:00,125.5,125.62,125.5,125.62,461
512,2020-02-12 11:45:00,125.62,125.62,125.5,125.5,415
513,2020-02-12 12:15:00,125.5,125.5,125.45,125.5,2244
514,2020-02-12 12:45:00,125.5,125.75,125.45,125.46,19504
515,2020-02-12 13:15:00,125.69,125.74,125.49,125.67,1880
516,2020-02-12 13:45:00,125.6,125.88,125.5,125.8,6698
517,2020-02-12 14:15:00,125.62,125.78,125.6,125.6,49
518,2020-02-12 14:45:00,125.53,125.71,125.53,125.71,577
519,2020-02-12 15:15:00,125.72,125.8,125.5,125.8,3083
520,2020-02-13 09:15:00,125.8,125.8,125.12,125.4,10049
521,2020-02-13 09:45:00,125.08,125.45,125.08,125.45,4832
522,2020-02-13 10:15:00,125.39,125.4,125.0,125.3,2303
523,2020-02-13 10:45:00,125.3,125.39,125.3,125.35,135
524,2020-02-13 11:15:00,125.4,125.4,125.35,125.35,220
525,2020-02-13 11:45:00,125.35,125.35,125.2,125.3,1308
526,2020-02-13 12:15:00,125.28,125.3,125.2,125.28,8953
527,2020-02-13 12:45:00,125.28,125.3,125.2,125.3,3250
528,2020-02-13 13:15:00,125.41,125.5,125.22,125.41,27085
529,2020-02-13 13:45:00,125.4,125.47,125.29,125.44,32404
530,2020-02-13 14:15:00,125.44,125.66,125.33,125.62,46413
531,2020-02-13 14:45:00,125.62,125.74,125.5,125.71,62157
532,2020-02-13 15:15:00,125.73,125.78,125.59,125.6,4761
533,2020-02-14 09:15:00,125.8,126.24,125.7,126.0,3414
534,2020-02-14 09:45:00,126.0,126.0,125.75,125.75,1720
535,2020-02-14 10:15:00,125.75,125.95,125.7,125.72,49514
536,2020-02-14 10:45:00,125.86,125.88,125.0,125.27,343952
537,2020-02-14 11:15:00,125.2,125.79,125.12,125.79,60415
538,2020-02-14 11:45:00,125.5,125.64,125.3,125.55,482
539,2020-02-14 12:15:00,125.55,125.55,125.3,125.51,951
540,2020-02-14 12:45:00,125.49,125.55,125.3,125.5,616
541,2020-02-14 13:15:00,125.46,125.46,125.2,125.2,939
542,2020-02-14 13:45:00,125.28,125.44,125.28,125.4,1775
543,2020-02-14 14:15:00,125.44,125.44,124.98,124.98,11130
544,2020-02-14 14:45:00,124.94,125.24,124.91,125.2,10263
545,2020-02-14 15:15:00,125.2,125.28,124.9,125.21,7071
546,2020-02-17 09:15:00,127.7,127.7,124.12,124.57,13851
547,2020-02-17 09:45:00,125.0,125.13,124.53,125.01,25662
548,2020-02-17 10:15:00,125.01,125.13,124.68,125.03,21690
549,2020-02-17 10:45:00,124.78,125.09,124.71,125.03,1812
550,2020-02-17 11:15:00,125.07,125.07,124.85,124.85,8173
551,2020-02-17 11:45:00,124.93,124.93,124.8,124.87,32110
552,2020-02-17 12:15:00,124.87,124.87,124.55,124.66,10788
553,2020-02-17 12:45:00,124.64,124.65,124.49,124.58,22863
554,2020-02-17 13:15:00,124.58,124.64,124.43,124.43,18914
555,2020-02-17 13:45:00,124.65,124.65,124.43,124.43,2895
556,2020-02-17 14:15:00,124.45,124.53,124.13,124.3,2694
557,2020-02-17 14:45:00,124.47,124.66,124.2,124.43,10537
558,2020-02-17 15:15:00,124.41,124.5,124.27,124.48,6677
559,2020-02-18 09:15:00,124.0,124.0,123.5,123.5,21988
560,2020-02-18 09:45:00,123.52,123.72,123.41,123.67,22898
561,2020-02-18 10:15:00,123.69,123.69,123.52,123.52,14037
562,2020-02-18 10:45:00,123.52,123.61,123.32,123.33,61953
563,2020-02-18 11:15:00,123.33,123.37,123.16,123.35,70622
564,2020-02-18 11:45:00,123.35,123.38,123.2,123.26,30230
565,2020-02-18 12:15:00,123.26,123.27,123.08,123.22,30156
566,2020-02-18 12:45:00,123.22,123.38,123.1,123.33,23528
567,2020-02-18 13:15:00,123.33,123.33,123.11,123.2,27872
568,2020-02-18 13:45:00,123.18,123.38,123.1,123.35,3260
569,2020-02-18 14:15:00,123.34,123.54,123.34,123.5,4705
570,2020-02-18 14:45:00,123.48,124.01,123.4,123.9,14060
571,2020-02-18 15:15:00,123.9,124.08,123.72,124.0,5038
572,2020-02-19 09:15:00,124.3,124.75,124.09,124.7,2181
573,2020-02-19 09:45:00,124.67,124.69,124.3,124.63,3837
574,2020-02-19 10:15:00,124.63,124.63,124.3,124.3,673
575,2020-02-19 10:45:00,124.33,124.66,124.33,124.45,493
576,2020-02-19 11:15:00,124.2,124.7,124.2,124.7,2410
577,2020-02-19 11:45:00,124.7,124.73,124.22,124.72,3062
578,2020-02-19 12:15:00,124.5,124.85,124.5,124.84,504
579,2020-02-19 12:45:00,124.85,125.14,124.85,125.12,5816
580,2020-02-19 13:15:00,125.1,125.1,124.61,124.61,1369
581,2020-02-19 13:45:00,124.86,124.98,124.62,124.98,517
582,2020-02-19 14:15:00,124.9,124.99,124.63,124.99,316
583,2020-02-19 14:45:00,124.69,125.17,124.65,125.1,1932
584,2020-02-19 15:15:00,125.19,125.29,124.75,124.75,2513
585,2020-02-20 09:15:00,123.0,125.15,123.0,124.8,3264
586,2020-02-20 09:45:00,124.8,125.07,124.8,125.07,1408
587,2020-02-20 10:15:00,125.1,125.23,124.72,124.8,1182
588,2020-02-20 10:45:00,125.14,125.19,124.83,124.84,1507
589,2020-02-20 11:15:00,125.09,125.1,124.9,125.1,3564
590,2020-02-20 11:45:00,125.1,125.19,124.91,124.91,1059
591,2020-02-20 12:15:00,125.18,125.45,124.93,125.41,20935
592,2020-02-20 12:45:00,125.32,125.41,125.04,125.04,2766
593,2020-02-20 13:15:00,125.34,125.34,125.04,125.05,1428
594,2020-02-20 13:45:00,125.2,125.21,125.0,125.0,6832
595,2020-02-20 14:15:00,125.17,125.26,125.06,125.06,13216
596,2020-02-20 14:45:00,125.06,125.06,124.69,124.82,16350
597,2020-02-20 15:15:00,124.85,124.88,124.6,124.79,3452
598,2020-02-24 09:15:00,125.6,129.0,123.0,123.49,27197
599,2020-02-24 09:45:00,123.51,123.52,123.32,123.49,8923
600,2020-02-24 10:15:00,123.48,123.5,123.33,123.36,22929
601,2020-02-24 10:45:00,123.36,123.57,123.35,123.5,22048
602,2020-02-24 11:15:00,123.51,123.58,123.32,123.57,20421
603,2020-02-24 11:45:00,123.57,123.71,123.4,123.57,21208
604,2020-02-24 12:15:00,123.56,123.69,123.4,123.48,51056
605,2020-02-24 12:45:00,123.48,123.54,123.4,123.45,19368
606,2020-02-24 13:15:00,123.44,123.47,123.11,123.16,34200
607,2020-02-24 13:45:00,123.16,123.26,123.05,123.1,29548
608,2020-02-24 14:15:00,123.1,123.1,122.56,122.64,42033
609,2020-02-24 14:45:00,122.6,122.76,122.27,122.38,59422
610,2020-02-24 15:15:00,122.4,122.62,122.22,122.42,33258
611,2020-02-25 09:15:00,125.0,126.09,122.2,122.3,21822
612,2020-02-25 09:45:00,122.3,122.58,122.0,122.46,15618
613,2020-02-25 10:15:00,122.47,122.57,122.04,122.23,3910
614,2020-02-25 10:45:00,122.32,122.35,122.04,122.26,3137
615,2020-02-25 11:15:00,122.35,122.35,122.3,122.35,1367
616,2020-02-25 11:45:00,122.35,122.5,122.26,122.5,2729
617,2020-02-25 12:15:00,122.47,122.7,122.35,122.5,9235
618,2020-02-25 12:45:00,122.48,122.49,122.25,122.28,9563
619,2020-02-25 13:15:00,122.28,122.52,122.25,122.36,6059
620,2020-02-25 13:45:00,122.25,122.35,121.94,121.99,11009
621,2020-02-25 14:15:00,122.02,122.36,121.92,122.04,8488
622,2020-02-25 14:45:00,122.27,122.27,121.9,122.15,97185
623,2020-02-25 15:15:00,122.2,122.2,122.1,122.15,9037
624,2020-02-26 09:15:00,122.5,122.5,120.7,121.04,19954
625,2020-02-26 09:45:00,121.09,121.12,120.9,121.06,20311
626,2020-02-26 10:15:00,121.05,121.15,121.0,121.06,5602
627,2020-02-26 10:45:00,121.06,121.06,120.82,120.91,7420
628,2020-02-26 11:15:00,120.91,121.07,120.86,121.07,7014
629,2020-02-26 11:45:00,121.03,121.16,120.9,121.1,70964
630,2020-02-26 12:15:00,121.16,121.29,120.91,121.25,240427
631,2020-02-26 12:45:00,121.3,121.44,121.15,121.37,29317
632,2020-02-26 13:15:00,121.31,121.75,121.31,121.75,4642
633,2020-02-26 13:45:00,121.75,121.75,121.2,121.2,4419
634,2020-02-26 14:15:00,121.1,121.25,120.4,120.62,61942
635,2020-02-26 14:45:00,120.67,120.99,120.59,120.76,54676
636,2020-02-26 15:15:00,120.95,120.96,120.75,120.91,109749
637,2020-02-27 09:15:00,120.57,120.57,119.8,119.8,63581
638,2020-02-27 09:45:00,119.8,119.96,119.4,119.51,20981
639,2020-02-27 10:15:00,119.4,119.66,119.2,119.41,20476
640,2020-02-27 10:45:00,119.43,119.62,119.24,119.51,20007
641,2020-02-27 11:15:00,119.52,119.66,119.52,119.57,6079
642,2020-02-27 11:45:00,119.6,119.65,119.5,119.6,55583
643,2020-02-27 12:15:00,119.65,119.85,119.5,119.5,50066
644,2020-02-27 12:45:00,119.81,120.09,119.65,119.98,8397
645,2020-02-27 13:15:00,119.98,120.2,119.76,119.87,4421
646,2020-02-27 13:45:00,119.92,120.05,119.7,119.89,18006
647,2020-02-27 14:15:00,119.84,120.03,119.67,119.99,12190
648,2020-02-27 14:45:00,120.0,120.37,119.88,120.37,17184
649,2020-02-27 15:15:00,120.36,120.48,120.15,120.26,20206
650,2020-02-28 09:15:00,123.9,123.99,116.8,116.92,304750
651,2020-02-28 09:45:00,117.0,117.05,115.95,116.35,387674
652,2020-02-28 10:15:00,116.37,116.69,116.16,116.57,45131
653,2020-02-28 10:45:00,116.56,116.98,116.35,116.9,95537
654,2020-02-28 11:15:00,116.87,117.18,116.76,117.12,61769
655,2020-02-28 11:45:00,117.18,117.29,116.83,117.26,55052
656,2020-02-28 12:15:00,117.23,118.34,116.85,118.15,79535
657,2020-02-28 12:45:00,118.1,118.25,116.62,116.65,416836
658,2020-02-28 13:15:00,116.65,117.61,116.65,117.01,351905
659,2020-02-28 13:45:00,117.02,117.12,116.73,116.83,73528
660,2020-02-28 14:15:00,116.78,117.3,116.58,117.21,414335
661,2020-02-28 14:45:00,117.21,117.39,116.17,116.85,373170
662,2020-02-28 15:15:00,116.85,117.85,116.6,117.85,55664
663,2020-03-02 09:15:00,117.35,118.99,117.0,117.25,60653
664,2020-03-02 09:45:00,117.25,117.69,117.0,117.5,32475
665,2020-03-02 10:15:00,117.42,117.75,117.25,117.68,191398
666,2020-03-02 10:45:00,117.67,117.8,117.38,117.7,4087
667,2020-03-02 11:15:00,117.75,117.8,117.35,117.41,72258
668,2020-03-02 11:45:00,117.62,118.12,117.43,117.99,52924
669,2020-03-02 12:15:00,118.02,118.2,118.02,118.06,57362
670,2020-03-02 12:45:00,118.06,118.29,117.47,117.82,169765
671,2020-03-02 13:15:00,118.5,118.69,117.65,117.8,411432
672,2020-03-02 13:45:00,117.96,118.0,117.61,118.0,280800
673,2020-03-02 14:15:00,117.95,117.95,116.91,117.0,276674
674,2020-03-02 14:45:00,117.0,117.06,115.55,115.8,230895
675,2020-03-02 15:15:00,115.99,116.9,115.55,116.47,24478
676,2020-03-03 09:15:00,117.9,117.9,116.17,116.87,46137
677,2020-03-03 09:45:00,116.9,117.05,116.05,116.55,69318
678,2020-03-03 10:15:00,116.56,116.62,115.75,116.0,18607
679,2020-03-03 10:45:00,116.0,116.31,115.65,116.04,5561
680,2020-03-03 11:15:00,116.15,116.19,115.92,116.16,161703
681,2020-03-03 11:45:00,116.1,116.44,115.75,115.75,103045
682,2020-03-03 12:15:00,115.85,116.46,115.81,116.44,276373
683,2020-03-03 12:45:00,116.44,116.5,115.8,115.99,47463
684,2020-03-03 13:15:00,115.93,116.33,115.67,116.33,11202
685,2020-03-03 13:45:00,116.26,116.86,116.26,116.78,10010
686,2020-03-03 14:15:00,116.57,117.2,116.25,117.18,8716
687,2020-03-03 14:45:00,117.05,117.05,116.63,116.93,13566
688,2020-03-03 15:15:00,116.95,117.21,116.88,117.19,10996
689,2020-03-04 09:15:00,116.94,117.3,116.02,116.8,4691
690,2020-03-04 09:45:00,116.85,116.89,116.54,116.84,14767
691,2020-03-04 10:15:00,116.78,116.78,116.0,116.47,317527
692,2020-03-04 10:45:00,116.49,116.5,115.9,115.9,15853
693,2020-03-05 10:45:00,116.8,117.32,116.8,117.0,6674
694,2020-03-05 11:15:00,117.01,117.5,117.0,117.05,1397
695,2020-03-05 11:45:00,117.46,117.48,117.0,117.4,2182
696,2020-03-05 12:15:00,117.4,117.54,117.11,117.36,2573
697,2020-03-05 12:45:00,117.39,117.6,117.13,117.59,1218
698,2020-03-05 13:15:00,117.51,117.51,117.1,117.1,3421
699,2020-03-05 13:45:00,117.01,117.01,116.7,116.86,6652
700,2020-03-05 14:15:00,116.99,117.0,116.46,116.5,2776
701,2020-03-05 14:45:00,116.69,116.99,116.5,116.55,8892
702,2020-03-05 15:15:00,116.56,116.59,116.35,116.42,12812
703,2020-03-06 09:15:00,115.55,115.55,112.5,114.26,140608
704,2020-03-06 09:45:00,114.26,115.05,114.0,114.37,64426
705,2020-03-06 10:15:00,114.3,114.3,113.6,113.6,60577
706,2020-03-06 10:45:00,113.6,113.6,113.45,113.5,91781
707,2020-03-06 11:15:00,113.5,114.0,113.47,113.8,11296
708,2020-03-06 11:45:00,113.8,113.8,113.4,113.46,33241
709,2020-03-06 12:15:00,113.5,113.5,113.31,113.45,76332
710,2020-03-06 12:45:00,113.45,113.97,113.45,113.88,42384
711,2020-03-06 13:15:00,113.88,114.0,113.65,113.85,27888
712,2020-03-06 13:45:00,113.85,114.36,113.7,114.3,78905
713,2020-03-06 14:15:00,114.3,114.69,113.55,113.6,221372
714,2020-03-06 14:45:00,113.6,114.68,113.6,114.33,65346
715,2020-03-06 15:15:00,114.4,114.49,113.75,114.21,31404
716,2020-03-09 09:15:00,114.21,114.21,110.8,111.0,156535
717,2020-03-09 09:45:00,111.0,112.3,110.35,110.5,92961
718,2020-03-09 10:15:00,110.5,110.5,109.25,109.6,255442
719,2020-03-09 10:45:00,109.6,110.0,109.25,109.3,153637
720,2020-03-09 11:15:00,109.3,109.73,108.49,108.55,438137
721,2020-03-09 11:45:00,108.55,108.85,108.49,108.85,1049530
722,2020-03-09 12:15:00,108.85,109.2,108.74,109.0,538340
723,2020-03-09 12:45:00,108.93,109.2,107.38,107.69,682336
724,2020-03-09 13:15:00,107.66,107.8,106.25,107.4,511771
725,2020-03-09 13:45:00,107.4,108.34,107.2,108.0,199193
726,2020-03-09 14:15:00,108.13,108.72,107.8,108.7,479443
727,2020-03-09 14:45:00,108.76,109.1,108.3,108.81,392506
728,2020-03-09 15:15:00,109.0,109.0,108.11,108.52,142656
729,2020-03-11 09:15:00,108.8,111.29,106.0,108.5,104732
730,2020-03-11 09:45:00,108.29,108.75,108.12,108.3,70849
731,2020-03-11 10:15:00,108.29,108.62,107.3,107.65,534292
732,2020-03-11 10:45:00,107.59,108.05,107.3,107.7,318901
733,2020-03-11 11:15:00,107.7,108.1,107.55,108.0,203550
734,2020-03-11 11:45:00,108.08,108.7,107.89,108.36,74201
735,2020-03-11 12:15:00,108.36,108.77,108.12,108.5,26272
736,2020-03-11 12:45:00,108.8,109.0,108.35,108.5,86154
737,2020-03-11 13:15:00,108.8,109.03,108.26,108.95,558274
738,2020-03-11 13:45:00,108.93,108.93,107.9,108.35,149318
739,2020-03-11 14:15:00,108.4,108.99,108.4,108.85,32705
740,2020-03-11 14:45:00,108.8,108.97,108.25,108.26,17474
741,2020-03-11 15:15:00,108.44,108.67,108.04,108.6,88125
742,2020-03-12 09:15:00,104.0,104.96,103.5,104.0,194166
743,2020-03-12 09:45:00,104.0,104.0,102.9,103.25,205706
744,2020-03-12 10:15:00,103.25,103.25,102.5,102.75,290642
745,2020-03-12 10:45:00,102.65,102.78,100.8,102.0,547733
746,2020-03-12 11:15:00,102.0,103.21,100.95,102.14,303140
747,2020-03-12 11:45:00,100.7,104.0,100.51,101.0,647412
748,2020-03-12 12:15:00,101.0,102.15,101.0,101.8,228237
749,2020-03-12 12:45:00,101.95,102.39,101.35,101.45,211749
750,2020-03-12 13:15:00,101.65,102.2,101.56,102.2,68266
751,2020-03-12 13:45:00,102.25,102.68,101.2,101.95,325776
752,2020-03-12 14:15:00,101.99,102.18,100.17,101.22,1057456
753,2020-03-12 14:45:00,101.01,102.39,99.05,101.99,439539
754,2020-03-12 15:15:00,101.99,102.0,99.45,100.8,311120
755,2020-03-13 09:15:00,100.0,101.01,88.1,92.1,177648
756,2020-03-13 10:15:00,99.99,106.0,93.01,103.0,136594
757,2020-03-13 10:45:00,103.0,106.0,102.62,103.5,93171
758,2020-03-13 11:15:00,103.5,104.48,101.9,102.27,65800
759,2020-03-13 11:45:00,101.86,103.97,101.76,103.7,76832
760,2020-03-13 12:15:00,103.3,104.98,102.0,104.91,52379
761,2020-03-13 12:45:00,103.52,105.8,103.52,105.1,35803
762,2020-03-13 13:15:00,105.25,105.6,103.5,104.0,86640
763,2020-03-13 13:45:00,104.0,104.98,103.25,104.65,35051
764,2020-03-13 14:15:00,104.08,104.6,104.0,104.5,34069
765,2020-03-13 14:45:00,104.5,105.5,104.0,105.25,84492
766,2020-03-13 15:15:00,105.25,105.9,105.01,105.75,37649
767,2020-03-16 09:15:00,107.1,108.09,102.0,102.11,102449
768,2020-03-16 09:45:00,102.2,102.98,102.0,102.75,76615
769,2020-03-16 10:15:00,102.75,104.1,102.2,103.89,51858
770,2020-03-16 10:45:00,103.0,104.49,103.0,104.0,37637
771,2020-03-16 11:15:00,104.0,104.9,104.0,104.24,18651
772,2020-03-16 11:45:00,104.24,104.25,103.34,104.0,55662
773,2020-03-16 12:15:00,104.19,104.89,104.0,104.8,18671
774,2020-03-16 12:45:00,104.74,105.0,104.0,104.43,18072
775,2020-03-16 13:15:00,104.4,104.48,103.0,104.0,42537
776,2020-03-16 13:45:00,104.2,104.2,103.53,104.0,24006
777,2020-03-16 14:15:00,104.59,104.59,103.0,103.94,47723
778,2020-03-16 14:45:00,104.0,109.9,103.3,109.9,58480
779,2020-03-16 15:15:00,109.9,109.9,104.0,106.2,43857
780,2020-03-17 09:15:00,106.84,108.0,94.02,98.0,416411
781,2020-03-17 09:45:00,98.0,99.25,97.25,97.76,142172
782,2020-03-17 10:15:00,97.76,98.96,97.2,97.65,138495
783,2020-03-17 10:45:00,97.65,97.96,96.51,96.98,264953
784,2020-03-17 11:15:00,96.98,97.15,95.77,96.65,176792
785,2020-03-17 11:45:00,96.21,97.22,96.21,96.8,15339
786,2020-03-17 12:15:00,96.9,97.35,96.2,97.01,45724
787,2020-03-17 12:45:00,97.01,97.8,96.69,97.64,71726
788,2020-03-17 13:15:00,97.64,97.66,96.87,97.2,22781
789,2020-03-17 13:45:00,97.2,97.2,95.6,96.3,96496
790,2020-03-17 14:15:00,96.28,96.95,95.5,96.31,139798
791,2020-03-17 14:45:00,96.31,96.31,95.3,95.67,308666
792,2020-03-17 15:15:00,95.77,96.98,95.3,96.51,36082
793,2020-03-18 09:15:00,97.04,97.07,94.5,95.0,105847
794,2020-03-18 09:45:00,95.0,95.09,92.6,92.75,95411
795,2020-03-18 10:15:00,92.7,94.0,92.55,93.44,129015
796,2020-03-18 10:45:00,93.16,93.32,92.1,92.44,245806
797,2020-03-18 11:15:00,92.44,92.5,91.5,91.5,70728
798,2020-03-18 11:45:00,91.5,91.85,90.0,90.1,165484
799,2020-03-18 12:15:00,90.1,90.89,89.7,90.0,153880
800,2020-03-18 12:45:00,89.91,90.8,89.6,90.0,82529
801,2020-03-18 13:15:00,90.0,90.87,89.75,90.68,94787
802,2020-03-18 13:45:00,90.25,91.2,89.8,90.0,52398
803,2020-03-18 14:15:00,90.11,90.71,89.61,90.55,56314
804,2020-03-18 14:45:00,90.55,92.95,89.73,91.31,108052
805,2020-03-18 15:15:00,91.69,93.4,90.22,91.87,179623
806,2020-03-19 09:15:00,92.2,92.2,83.0,83.7,528003
807,2020-03-19 09:45:00,83.7,84.8,83.05,84.4,305996
808,2020-03-19 10:15:00,84.2,85.48,83.5,83.87,400882
809,2020-03-19 10:45:00,83.87,87.8,83.7,87.76,155256
810,2020-03-19 11:15:00,87.8,87.8,85.64,86.9,111230
811,2020-03-19 11:45:00,86.9,87.0,85.11,85.94,96611
812,2020-03-19 12:15:00,85.95,87.0,85.5,86.12,104550
813,2020-03-19 12:45:00,86.12,87.69,86.0,86.96,77015
814,2020-03-19 13:15:00,86.96,87.01,84.94,85.46,275758
815,2020-03-19 13:45:00,85.46,87.25,85.25,87.25,318420
816,2020-03-19 14:15:00,87.25,87.88,83.21,86.25,992252
817,2020-03-19 14:45:00,86.5,87.0,84.0,84.45,1314833
818,2020-03-19 15:15:00,84.4,86.05,83.4,83.96,1496060
819,2020-03-20 09:15:00,87.3,91.5,84.55,84.55,101980
820,2020-03-20 09:45:00,85.0,86.75,84.17,86.7,65557
821,2020-03-20 10:15:00,86.75,86.75,85.93,86.16,28693
822,2020-03-20 10:45:00,85.9,86.56,85.2,86.25,35055
823,2020-03-20 11:15:00,86.3,87.04,86.2,87.04,45535
824,2020-03-20 11:45:00,87.09,88.0,87.0,88.0,42296
825,2020-03-20 12:15:00,88.0,89.69,87.9,88.94,65771
826,2020-03-20 12:45:00,88.9,89.99,88.57,89.5,26606
827,2020-03-20 13:15:00,89.5,91.48,89.2,91.0,77936
828,2020-03-20 13:45:00,91.0,91.78,87.85,88.0,73777
829,2020-03-20 14:15:00,87.85,88.55,87.01,88.55,160015
830,2020-03-20 14:45:00,88.55,90.18,88.55,90.0,72543
831,2020-03-20 15:15:00,89.95,90.75,89.91,90.0,21936
832,2020-03-23 09:15:00,89.5,89.5,83.0,86.99,101718
833,2020-03-23 09:45:00,86.5,102.03,84.01,84.5,86624
834,2020-03-23 10:45:00,84.26,102.03,79.0,84.21,179255
835,2020-03-23 11:15:00,84.94,85.94,82.5,83.81,197880
836,2020-03-23 11:45:00,84.0,84.16,82.79,83.15,117656
837,2020-03-23 12:15:00,82.85,84.0,82.41,83.5,37482
838,2020-03-23 12:45:00,83.5,85.0,83.17,84.95,65138
839,2020-03-23 13:15:00,84.95,84.95,83.11,83.92,337989
840,2020-03-23 13:45:00,83.9,84.05,83.1,83.3,88606
841,2020-03-23 14:15:00,83.2,84.49,83.0,84.24,90642
842,2020-03-23 14:45:00,84.24,84.99,83.3,83.9,55349
843,2020-03-23 15:15:00,83.9,85.0,83.5,83.95,57387
844,2020-03-24 09:15:00,86.0,91.0,82.5,84.0,99844
845,2020-03-24 09:45:00,84.0,85.7,84.0,84.99,25091
846,2020-03-24 10:15:00,84.89,85.85,84.5,85.85,31735
847,2020-03-24 10:45:00,85.0,89.0,85.0,86.01,35798
848,2020-03-24 11:15:00,86.95,87.8,85.0,87.45,53540
849,2020-03-24 11:45:00,87.33,88.5,86.5,87.4,23452
850,2020-03-24 12:15:00,87.45,90.0,87.4,89.45,34807
851,2020-03-24 12:45:00,89.83,90.0,89.0,90.0,38884
852,2020-03-24 13:15:00,90.0,90.4,89.0,89.9,24055
853,2020-03-24 13:45:00,89.68,89.9,88.0,88.95,30081
854,2020-03-24 14:15:00,88.95,89.3,88.5,89.0,128294
855,2020-03-24 14:45:00,89.0,89.2,88.5,89.0,169498
856,2020-03-24 15:15:00,89.0,89.7,88.1,89.0,79548
857,2020-03-25 09:15:00,88.0,94.06,87.0,89.01,46081
858,2020-03-25 09:45:00,89.04,90.48,89.0,89.99,11597
859,2020-03-25 10:15:00,89.92,90.55,89.1,89.49,24683
860,2020-03-25 10:45:00,89.49,91.0,89.0,90.0,22204
861,2020-03-25 11:15:00,90.2,91.05,90.01,91.0,10924
862,2020-03-25 11:45:00,91.0,91.0,90.83,90.95,24202
863,2020-03-25 12:15:00,90.95,90.96,90.8,90.96,20586
864,2020-03-25 12:45:00,90.96,92.35,90.8,91.5,32487
865,2020-03-25 13:15:00,91.5,91.58,89.58,90.0,23639
866,2020-03-25 13:45:00,90.0,90.25,89.75,90.2,89925
867,2020-03-25 14:15:00,90.2,90.5,89.61,90.0,73762
868,2020-03-25 14:45:00,90.0,90.0,89.9,89.91,76461
869,2020-03-25 15:15:00,89.99,90.0,86.93,89.4,81672
870,2020-03-26 09:15:00,91.0,92.0,87.2,90.12,71396
871,2020-03-26 09:45:00,90.18,92.4,90.18,91.77,90588
872,2020-03-26 10:15:00,91.77,91.95,91.08,91.69,67876
873,2020-03-26 10:45:00,91.7,91.7,91.01,91.41,56301
874,2020-03-26 11:15:00,91.41,91.45,90.61,90.95,39182
875,2020-03-26 11:45:00,90.95,91.0,90.5,91.0,51634
876,2020-03-26 12:15:00,91.0,91.0,90.68,90.94,48256
877,2020-03-26 12:45:00,91.0,91.84,90.8,91.56,237650
878,2020-03-26 13:15:00,91.75,92.0,89.49,89.64,90350
879,2020-03-26 13:45:00,89.8,89.8,88.0,88.24,91617
880,2020-03-26 14:15:00,88.24,89.85,87.95,89.2,135287
881,2020-03-26 14:45:00,89.2,90.37,89.2,90.0,43610
882,2020-03-26 15:15:00,90.0,90.01,89.5,90.0,84971
883,2020-03-27 09:15:00,91.7,93.5,90.05,93.45,89088
884,2020-03-27 09:45:00,93.3,93.49,92.0,92.2,51001
885,2020-03-27 10:15:00,92.0,93.0,91.55,92.25,63031
886,2020-03-27 10:45:00,92.24,92.99,90.55,90.84,24882
887,2020-03-27 11:15:00,90.82,92.55,90.25,91.44,26744
888,2020-03-27 11:45:00,91.0,91.8,90.55,91.49,13794
889,2020-03-27 12:15:00,91.48,91.76,91.1,91.5,15759
890,2020-03-27 12:45:00,91.5,91.5,90.3,91.4,32098
891,2020-03-27 13:15:00,91.0,91.75,90.5,91.75,32666
892,2020-03-27 13:45:00,91.73,92.0,90.8,91.98,5319
893,2020-03-27 14:15:00,91.83,92.59,91.3,91.8,12558
894,2020-03-27 14:45:00,91.8,92.0,91.25,91.6,21372
895,2020-03-27 15:15:00,91.74,91.99,91.25,91.99,15972
896,2020-03-30 09:15:00,89.8,89.8,87.0,88.0,194703
897,2020-03-30 09:45:00,87.97,88.73,87.8,88.34,47190
898,2020-03-30 10:15:00,88.35,89.75,88.1,89.5,52220
899,2020-03-30 10:45:00,89.49,89.96,88.8,88.9,44709
900,2020-03-30 11:15:00,88.95,89.25,88.45,88.89,30377
901,2020-03-30 11:45:00,88.88,88.88,88.0,88.32,19665
902,2020-03-30 12:15:00,88.35,88.75,87.91,88.18,38330
903,2020-03-30 12:45:00,88.18,88.34,87.83,88.17,34875
904,2020-03-30 13:15:00,88.15,88.5,87.85,88.25,20237
905,2020-03-30 13:45:00,88.21,88.49,87.7,88.35,30820
906,2020-03-30 14:15:00,88.34,88.35,87.5,87.65,46240
907,2020-03-30 14:45:00,87.64,88.09,87.1,87.79,90972
908,2020-03-30 15:15:00,87.79,88.12,87.51,88.0,31704
909,2020-03-31 09:15:00,88.6,90.0,88.25,88.3,52393
910,2020-03-31 09:45:00,88.3,88.79,88.3,88.48,17593
911,2020-03-31 10:15:00,88.52,88.85,88.43,88.69,23469
912,2020-03-31 10:45:00,88.75,88.78,88.5,88.7,25265
913,2020-03-31 11:15:00,90.0,90.0,88.71,89.25,37351
914,2020-03-31 11:45:00,89.3,89.88,89.21,89.61,16907
915,2020-03-31 12:15:00,89.7,90.5,88.95,89.89,68280
916,2020-03-31 12:45:00,89.89,90.52,89.5,89.98,28259
917,2020-03-31 13:15:00,89.98,90.12,89.75,89.9,4422
918,2020-03-31 13:45:00,89.85,90.35,89.7,90.16,39019
919,2020-03-31 14:15:00,90.25,91.0,89.9,90.24,71991
920,2020-03-31 14:45:00,90.25,90.25,89.41,89.67,42232
921,2020-03-31 15:15:00,89.58,89.58,89.0,89.4,43830
922,2020-04-01 09:15:00,92.1,94.8,88.25,88.49,42931
923,2020-04-01 09:45:00,88.4,89.0,88.25,88.9,66796
924,2020-04-01 10:15:00,88.85,88.95,88.5,88.71,15900
925,2020-04-01 10:45:00,88.55,88.71,88.36,88.5,55462
926,2020-04-01 11:15:00,88.49,88.63,88.3,88.6,14381
927,2020-04-01 11:45:00,88.6,88.7,88.45,88.66,4818
928,2020-04-01 12:15:00,89.0,89.11,88.34,88.99,17926
929,2020-04-01 12:45:00,88.99,90.0,88.99,89.25,22506
930,2020-04-01 13:15:00,89.36,89.38,88.99,89.2,62747
931,2020-04-01 13:45:00,89.2,89.2,88.9,89.0,32831
932,2020-04-01 14:15:00,89.0,89.2,88.89,89.2,38011
933,2020-04-01 14:45:00,89.2,89.2,88.89,89.2,43068
934,2020-04-01 15:15:00,89.2,89.2,88.86,89.1,32727
935,2020-04-03 09:15:00,90.95,90.95,85.8,86.28,166121
936,2020-04-03 09:45:00,86.3,86.8,86.16,86.49,23020
937,2020-04-03 10:15:00,86.5,86.8,85.0,85.2,177534
938,2020-04-03 10:45:00,85.16,85.39,84.85,85.29,104091
939,2020-04-03 11:15:00,85.39,85.6,85.13,85.21,34931
940,2020-04-03 11:45:00,85.38,85.55,85.07,85.46,34413
941,2020-04-03 12:15:00,85.46,85.55,85.1,85.15,26141
942,2020-04-03 12:45:00,85.15,85.55,85.0,85.55,51103
943,2020-04-03 13:15:00,85.5,86.16,85.2,85.9,79718
944,2020-04-03 13:45:00,85.9,86.1,84.8,85.4,53867
945,2020-04-03 14:15:00,85.35,85.4,84.75,85.02,39673
946,2020-04-03 14:45:00,85.03,85.35,84.71,85.1,56056
947,2020-04-03 15:15:00,85.13,85.35,85.07,85.35,35867
948,2020-04-07 09:15:00,88.6,88.6,87.2,87.92,63564
949,2020-04-07 09:45:00,88.05,88.25,87.0,87.79,44732
950,2020-04-07 10:15:00,87.79,88.0,87.06,87.95,19971
951,2020-04-07 10:45:00,87.99,88.3,86.0,88.29,69920
952,2020-04-07 11:15:00,88.27,89.02,88.1,88.99,35339
953,2020-04-07 11:45:00,89.0,89.0,88.56,88.75,36039
954,2020-04-07 12:15:00,88.73,89.06,88.7,89.06,27056
955,2020-04-07 12:45:00,89.1,89.5,88.95,89.5,35568
956,2020-04-07 13:15:00,89.3,89.85,89.16,89.84,26737
957,2020-04-07 13:45:00,89.75,91.07,89.71,90.49,49171
958,2020-04-07 14:15:00,90.43,90.97,90.3,90.95,16849
959,2020-04-07 14:45:00,90.65,91.5,90.12,91.0,49374
960,2020-04-07 15:15:00,91.0,91.0,90.5,90.79,14345
961,2020-04-08 09:15:00,90.65,91.48,89.1,91.48,39131
962,2020-04-08 09:45:00,91.49,92.49,91.48,92.41,74808
963,2020-04-08 10:15:00,92.4,93.5,92.4,93.0,114856
964,2020-04-08 10:45:00,93.1,93.2,92.2,92.76,91092
965,2020-04-08 11:15:00,92.76,93.0,91.14,91.2,58437
966,2020-04-08 11:45:00,91.6,91.89,90.01,91.15,77640
967,2020-04-08 12:15:00,91.3,91.78,90.94,91.12,28327
968,2020-04-08 12:45:00,91.09,91.26,90.4,91.12,23519
969,2020-04-08 13:15:00,91.0,91.0,90.62,90.88,35201
970,2020-04-08 13:45:00,90.88,90.88,90.0,90.26,45099
971,2020-04-08 14:15:00,90.3,90.5,90.01,90.5,7119
972,2020-04-08 14:45:00,90.5,90.9,90.0,90.43,60015
973,2020-04-08 15:15:00,90.25,90.48,90.0,90.3,59381
974,2020-04-09 09:15:00,92.0,92.56,91.61,92.43,33768
975,2020-04-09 09:45:00,92.43,92.9,92.2,92.51,17887
976,2020-04-09 10:15:00,92.73,92.77,92.4,92.6,8136
977,2020-04-09 10:45:00,92.5,92.6,91.5,92.17,37399
978,2020-04-09 11:15:00,92.02,92.6,91.8,92.59,28382
979,2020-04-09 11:45:00,92.59,92.89,92.45,92.5,13773
980,2020-04-09 12:15:00,92.5,92.95,92.15,92.8,62878
981,2020-04-09 12:45:00,92.8,93.2,92.6,93.15,382269
982,2020-04-09 13:15:00,93.0,93.2,92.66,93.0,156966
983,2020-04-09 13:45:00,92.65,93.1,92.5,92.8,91720
984,2020-04-09 14:15:00,92.98,93.1,92.35,92.61,33237
985,2020-04-09 14:45:00,92.9,93.4,92.53,93.35,134349
986,2020-04-09 15:15:00,93.35,93.41,92.85,93.19,39268
987,2020-04-13 09:15:00,95.0,95.0,91.75,91.9,72368
988,2020-04-13 09:45:00,91.81,92.1,91.4,91.85,123979
989,2020-04-13 10:15:00,91.8,92.43,91.5,92.02,75916
990,2020-04-13 10:45:00,92.0,92.5,92.0,92.2,52595
991,2020-04-13 11:15:00,92.2,92.85,92.1,92.75,40695
992,2020-04-13 11:45:00,92.6,93.2,92.5,92.6,55375
993,2020-04-13 12:15:00,92.69,92.99,92.35,92.74,27761
994,2020-04-13 12:45:00,92.68,92.73,92.2,92.2,17195
995,2020-04-13 13:15:00,92.21,92.45,91.6,92.19,60216
996,2020-04-13 13:45:00,92.15,92.86,91.77,92.0,45691
997,2020-04-13 14:15:00,92.0,92.71,91.85,92.64,23451
998,2020-04-13 14:45:00,92.64,93.19,92.4,93.0,59307
999,2020-04-13 15:15:00,92.9,92.9,92.63,92.71,16288
1000,2020-04-15 09:15:00,95.0,95.0,93.6,94.1,40216
1001,2020-04-15 09:45:00,94.13,94.79,94.01,94.69,65335
1002,2020-04-15 10:15:00,94.68,95.0,94.46,95.0,26814
1003,2020-04-15 10:45:00,95.0,95.3,94.36,94.54,29781
1004,2020-04-15 11:15:00,94.57,94.76,94.3,94.5,40084
1005,2020-04-15 11:45:00,94.5,94.54,94.25,94.5,32109
1006,2020-04-15 12:15:00,94.5,94.67,94.4,94.46,12004
1007,2020-04-15 12:45:00,94.59,94.59,94.05,94.29,29625
1008,2020-04-15 13:15:00,94.29,94.33,93.37,93.87,26766
1009,2020-04-15 13:45:00,93.68,93.68,92.1,92.1,63986
1010,2020-04-15 14:15:00,91.85,92.49,91.11,92.19,45260
1011,2020-04-15 14:45:00,92.2,92.43,91.85,92.04,24601
1012,2020-04-15 15:15:00,92.15,92.5,91.77,92.26,41793
1013,2020-04-16 09:15:00,92.15,92.25,90.55,91.85,31534
1014,2020-04-16 09:45:00,91.85,92.09,91.35,91.5,34487
1015,2020-04-16 10:15:00,91.59,92.15,91.59,91.88,12597
1016,2020-04-16 10:45:00,91.88,92.16,91.55,92.15,10727
1017,2020-04-16 11:15:00,92.14,92.6,92.01,92.55,26403
1018,2020-04-16 11:45:00,92.55,92.99,92.3,92.89,8947
1019,2020-04-16 12:15:00,92.87,92.99,92.51,92.88,9545
1020,2020-04-16 12:45:00,92.88,92.9,92.51,92.75,5767
1021,2020-04-16 13:15:00,92.73,92.89,92.63,92.68,6840
1022,2020-04-16 13:45:00,92.74,92.8,92.43,92.6,3449
1023,2020-04-16 14:15:00,92.61,92.98,92.53,92.89,41040
1024,2020-04-16 14:45:00,92.8,92.94,92.21,92.69,17570
1025,2020-04-16 15:15:00,92.69,93.22,92.52,93.1,28918
1026,2020-04-17 09:15:00,96.5,97.65,92.82,95.2,89622
1027,2020-04-17 09:45:00,95.2,95.37,94.39,94.52,49845
1028,2020-04-17 10:15:00,94.95,94.99,93.91,94.25,129505
1029,2020-04-17 10:45:00,94.25,94.5,93.71,94.37,239616
1030,2020-04-17 11:15:00,94.3,94.6,93.9,93.99,18909
1031,2020-04-17 11:45:00,93.9,93.97,93.21,93.75,13403
1032,2020-04-17 12:15:00,93.54,93.9,93.5,93.9,15655
1033,2020-04-17 12:45:00,93.9,94.28,93.7,93.7,12481
1034,2020-04-17 13:15:00,93.77,93.99,93.46,93.95,16834
1035,2020-04-17 13:45:00,93.9,94.23,93.81,94.2,25610
1036,2020-04-17 14:15:00,94.23,94.69,93.9,94.55,63145
1037,2020-04-17 14:45:00,94.5,95.25,94.5,95.24,31324
1038,2020-04-17 15:15:00,95.24,95.69,95.12,95.5,19092
1039,2020-04-20 09:15:00,96.0,99.0,94.79,94.92,112652
1040,2020-04-20 09:45:00,94.81,95.3,94.7,94.87,45762
1041,2020-04-20 10:15:00,94.99,95.49,94.79,95.21,22511
1042,2020-04-20 10:45:00,95.2,95.49,95.08,95.33,14407
1043,2020-04-20 11:15:00,95.33,95.33,94.5,94.65,54142
1044,2020-04-20 11:45:00,94.61,95.0,94.6,94.95,20369
1045,2020-04-20 12:15:00,94.81,95.11,94.65,94.8,17111
1046,2020-04-20 12:45:00,94.8,94.99,94.55,94.95,16814
1047,2020-04-20 13:15:00,94.96,95.23,94.8,94.8,21039
1048,2020-04-20 13:45:00,94.96,95.29,94.82,95.26,21470
1049,2020-04-20 14:15:00,95.26,95.5,95.17,95.34,18156
1050,2020-04-20 14:45:00,95.16,95.28,94.61,94.99,25149
1051,2020-04-20 15:15:00,94.99,95.0,94.72,94.77,18251
1052,2020-04-21 09:15:00,95.0,95.0,92.24,92.6,46300
1053,2020-04-21 09:45:00,92.6,92.9,92.55,92.65,32264
1054,2020-04-21 10:15:00,92.6,92.8,92.55,92.7,23207
1055,2020-04-21 10:45:00,92.77,92.9,92.56,92.75,12676
1056,2020-04-21 11:15:00,92.71,92.8,92.6,92.7,18729
1057,2020-04-21 11:45:00,92.72,92.9,92.4,92.7,19496
1058,2020-04-21 12:15:00,92.77,92.77,92.1,92.25,33695
1059,2020-04-21 12:45:00,92.32,92.35,91.75,92.15,118324
1060,2020-04-21 13:15:00,91.9,92.23,91.86,92.23,15579
1061,2020-04-21 13:45:00,92.2,92.22,92.01,92.2,6782
1062,2020-04-21 14:15:00,92.16,92.8,92.15,92.18,23884
1063,2020-04-21 14:45:00,92.14,92.45,92.0,92.41,19781
1064,2020-04-21 15:15:00,92.4,92.51,92.0,92.29,25024
1065,2020-04-22 09:15:00,92.5,92.5,91.71,91.71,24145
1066,2020-04-22 09:45:00,91.9,92.25,91.75,92.19,19762
1067,2020-04-22 10:15:00,92.18,93.04,92.05,92.8,23901
1068,2020-04-22 10:45:00,92.94,93.44,92.61,93.1,14855
1069,2020-04-22 11:15:00,93.17,93.5,93.14,93.24,3712
1070,2020-04-22 11:45:00,93.29,93.49,93.26,93.45,22530
1071,2020-04-22 12:15:00,93.45,93.84,93.33,93.78,4407
1072,2020-04-22 12:45:00,93.77,93.99,93.53,93.77,5298
1073,2020-04-22 13:15:00,93.78,93.9,93.4,93.6,11692
1074,2020-04-22 13:45:00,93.6,94.6,93.31,94.09,60748
1075,2020-04-22 14:15:00,94.0,94.77,93.95,94.77,40798
1076,2020-04-22 14:45:00,94.77,94.85,94.2,94.5,21116
1077,2020-04-22 15:15:00,94.47,94.62,94.4,94.42,7688
1078,2020-04-23 09:15:00,94.8,97.4,94.32,94.77,28601
1079,2020-04-23 09:45:00,94.82,95.39,94.82,95.3,12813
1080,2020-04-23 10:15:00,95.05,95.6,95.05,95.57,19486
1081,2020-04-23 10:45:00,95.57,95.6,94.65,94.9,65913
1082,2020-04-23 11:15:00,94.9,95.5,94.73,95.5,79614
1083,2020-04-23 11:45:00,95.5,95.69,95.4,95.62,21521
1084,2020-04-23 12:15:00,95.55,95.75,95.43,95.72,7717
1085,2020-04-23 12:45:00,95.69,95.73,95.2,95.3,18839
1086,2020-04-23 13:15:00,95.17,95.3,95.0,95.21,56211
1087,2020-04-23 13:45:00,95.21,95.63,95.2,95.63,12873
1088,2020-04-23 14:15:00,95.63,95.65,95.28,95.65,12504
1089,2020-04-23 14:45:00,95.7,95.8,95.52,95.74,15924
1090,2020-04-23 15:15:00,95.74,95.8,95.55,95.71,12209
1091,2020-04-24 09:15:00,95.0,95.29,93.65,94.33,22138
1092,2020-04-24 09:45:00,94.18,94.79,94.14,94.44,10144
1093,2020-04-24 10:15:00,94.36,94.59,94.2,94.3,8231
1094,2020-04-24 10:45:00,94.21,94.5,94.21,94.5,2895
1095,2020-04-24 11:15:00,94.5,94.57,94.26,94.26,5506
1096,2020-04-24 11:45:00,94.45,94.66,94.25,94.66,6806
1097,2020-04-24 12:15:00,94.65,95.34,94.51,95.25,19458
1098,2020-04-24 12:45:00,95.25,95.25,94.82,95.18,6045
1099,2020-04-24 13:15:00,95.18,95.77,94.93,95.5,211175
1100,2020-04-24 13:45:00,95.5,95.6,94.8,94.81,12162
1101,2020-04-24 14:15:00,94.82,94.95,94.5,94.79,37968
1102,2020-04-24 14:45:00,94.87,94.94,94.43,94.5,50447
1103,2020-04-24 15:15:00,94.48,94.65,94.3,94.5,20707
1104,2020-04-27 09:15:00,97.4,99.0,95.0,95.74,33189
1105,2020-04-27 09:45:00,95.74,95.74,95.25,95.6,191631
1106,2020-04-27 10:15:00,95.59,95.89,95.5,95.8,35477
1107,2020-04-27 10:45:00,95.8,95.85,95.5,95.69,22319
1108,2020-04-27 11:15:00,95.65,95.99,95.5,95.72,312516
1109,2020-04-27 11:45:00,95.89,95.98,95.54,95.97,126010
1110,2020-04-27 12:15:00,95.96,96.0,95.71,95.95,15285
1111,2020-04-27 12:45:00,96.0,96.2,95.75,95.91,38173
1112,2020-04-27 13:15:00,96.18,96.18,95.75,95.91,5159
1113,2020-04-27 13:45:00,95.9,95.93,95.6,95.86,8582
1114,2020-04-27 14:15:00,95.7,95.87,95.51,95.56,17668
1115,2020-04-27 14:45:00,95.56,95.78,95.5,95.6,14989
1116,2020-04-27 15:15:00,95.6,95.65,95.45,95.55,11825
1117,2020-04-28 09:15:00,95.7,96.53,95.45,95.7,41377
1118,2020-04-28 09:45:00,95.7,95.89,95.21,95.65,23748
1119,2020-04-28 10:15:00,95.65,95.79,95.35,95.79,10079
1120,2020-04-28 10:45:00,95.78,95.78,95.53,95.71,1589
1121,2020-04-28 11:15:00,95.71,95.92,95.67,95.75,3458
1122,2020-04-28 11:45:00,95.75,95.9,95.6,95.66,4432
1123,2020-04-28 12:15:00,95.7,95.99,95.4,95.98,8084
1124,2020-04-28 12:45:00,95.98,96.0,95.63,96.0,4225
1125,2020-04-28 13:15:00,96.0,96.2,95.9,96.09,2748
1126,2020-04-28 13:45:00,96.0,96.18,96.0,96.18,1520
1127,2020-04-28 14:15:00,96.18,96.18,96.05,96.09,3903
1128,2020-04-28 14:45:00,96.04,96.53,96.04,96.4,18799
1129,2020-04-28 15:15:00,96.5,96.99,96.3,96.48,27199
1130,2020-04-29 09:15:00,96.5,97.3,96.38,97.08,16974
1131,2020-04-29 09:45:00,97.0,97.29,96.96,97.02,15124
1132,2020-04-29 10:15:00,97.14,97.26,97.01,97.25,7705
1133,2020-04-29 10:45:00,97.5,97.56,97.25,97.27,51484
1134,2020-04-29 11:15:00,97.49,97.59,97.31,97.31,32484
1135,2020-04-29 11:45:00,97.29,97.5,97.29,97.48,10253
1136,2020-04-29 12:15:00,97.48,97.62,97.36,97.62,22001
1137,2020-04-29 12:45:00,97.62,97.7,97.47,97.6,8120
1138,2020-04-29 13:15:00,97.47,97.68,97.4,97.5,5383
1139,2020-04-29 13:45:00,97.44,97.8,97.4,97.8,6368
1140,2020-04-29 14:15:00,97.8,98.55,97.75,98.55,85388
1141,2020-04-29 14:45:00,98.5,99.03,98.41,98.5,19331
1142,2020-04-29 15:15:00,98.5,98.55,98.01,98.41,15690
1143,2020-04-30 09:15:00,99.5,100.79,99.5,100.51,71730
1144,2020-04-30 09:45:00,100.66,100.9,100.47,100.81,27244
1145,2020-04-30 10:15:00,100.89,101.0,100.62,100.82,86146
1146,2020-04-30 10:45:00,101.0,101.1,100.67,101.05,57216
1147,2020-04-30 11:15:00,101.0,101.02,100.75,100.77,297221
1148,2020-04-30 11:45:00,100.75,101.22,100.73,101.18,313900
1149,2020-04-30 12:15:00,101.18,101.4,100.8,101.0,38602
1150,2020-04-30 12:45:00,101.0,101.08,100.34,100.7,33620
1151,2020-04-30 13:15:00,100.74,100.79,100.34,100.52,16369
1152,2020-04-30 13:45:00,100.34,100.78,100.28,100.5,30184
1153,2020-04-30 14:15:00,100.5,100.63,100.16,100.52,70116
1154,2020-04-30 14:45:00,100.53,100.97,100.0,100.95,45655
1155,2020-04-30 15:15:00,101.0,101.0,100.5,100.5,37991
1156,2020-05-04 09:15:00,94.0,99.0,94.0,96.66,158452
1157,2020-05-04 09:45:00,96.9,97.0,96.31,96.45,68481
1158,2020-05-04 10:15:00,96.5,96.75,96.36,96.69,24547
1159,2020-05-04 10:45:00,96.6,96.99,96.58,96.9,103147
1160,2020-05-04 11:15:00,96.9,96.93,96.46,96.64,44019
1161,2020-05-04 11:45:00,96.8,97.0,96.63,96.94,36230
1162,2020-05-04 12:15:00,96.9,97.12,96.73,97.03,20544
1163,2020-05-04 12:45:00,97.0,97.02,96.66,96.81,16842
1164,2020-05-04 13:15:00,96.86,96.99,96.65,96.78,27457
1165,2020-05-04 13:45:00,96.78,96.78,96.3,96.4,71200
1166,2020-05-04 14:15:00,96.4,96.45,95.25,95.25,120948
1167,2020-05-04 14:45:00,95.25,95.73,95.2,95.73,234695
1168,2020-05-04 15:15:00,95.73,96.24,95.66,96.24,18172
1169,2020-05-05 09:15:00,97.5,97.9,96.5,97.15,42230
1170,2020-05-05 09:45:00,97.15,97.15,96.57,96.85,41046
1171,2020-05-05 10:15:00,96.83,97.0,96.6,96.7,16290
1172,2020-05-05 10:45:00,96.7,96.82,96.68,96.8,40870
1173,2020-05-05 11:15:00,96.8,96.8,96.42,96.6,16467
1174,2020-05-05 11:45:00,96.43,96.6,96.2,96.44,3692
1175,2020-05-05 12:15:00,96.43,96.43,95.8,96.33,18902
1176,2020-05-05 12:45:00,96.33,96.79,96.1,96.6,12166
1177,2020-05-05 13:15:00,96.6,96.81,96.39,96.81,10094
1178,2020-05-05 13:45:00,96.51,96.78,96.21,96.21,6793
1179,2020-05-05 14:15:00,96.31,96.31,95.5,95.65,34406
1180,2020-05-05 14:45:00,95.53,95.7,95.0,95.08,78845
1181,2020-05-05 15:15:00,95.07,95.2,95.0,95.19,21514
1182,2020-05-06 09:15:00,95.14,95.14,94.27,94.45,24319
1183,2020-05-06 09:45:00,94.45,95.65,94.32,95.6,25497
1184,2020-05-06 10:15:00,95.6,96.19,95.5,95.66,42669
1185,2020-05-06 10:45:00,95.88,96.19,95.6,95.92,42673
1186,2020-05-06 11:15:00,96.05,96.06,95.5,95.5,11053
1187,2020-05-06 11:45:00,95.5,96.11,95.5,95.88,11111
1188,2020-05-06 12:15:00,95.89,96.1,95.5,95.95,10693
1189,2020-05-06 12:45:00,95.9,95.98,95.4,95.4,22472
1190,2020-05-06 13:15:00,95.35,95.89,95.21,95.73,12908
1191,2020-05-06 13:45:00,95.71,95.9,95.4,95.4,12226
1192,2020-05-06 14:15:00,95.4,95.49,94.51,94.99,256189
1193,2020-05-06 14:45:00,94.83,95.48,94.71,95.3,19490
1194,2020-05-06 15:15:00,95.3,95.8,95.18,95.46,15648
1195,2020-05-07 09:15:00,95.4,95.46,94.53,94.71,26002
1196,2020-05-07 09:45:00,94.98,95.51,94.95,95.12,8473
1197,2020-05-07 10:15:00,95.19,95.25,94.8,94.85,13716
1198,2020-05-07 10:45:00,94.85,95.12,94.76,94.86,12803
1199,2020-05-07 11:15:00,94.86,95.1,94.85,95.0,20356
1200,2020-05-07 11:45:00,95.0,95.0,94.77,94.85,4666
1201,2020-05-07 12:15:00,94.8,95.15,94.67,95.15,7170
1202,2020-05-07 12:45:00,95.12,95.2,94.87,95.05,6678
1203,2020-05-07 13:15:00,95.05,95.18,94.63,94.74,6758
1204,2020-05-07 13:45:00,94.64,94.94,94.64,94.72,2525
1205,2020-05-07 14:15:00,94.74,95.07,94.72,94.97,5010
1206,2020-05-07 14:45:00,94.9,95.04,94.8,95.01,7862
1207,2020-05-07 15:15:00,94.95,95.1,94.86,95.01,10433
1208,2020-05-08 09:15:00,97.8,100.7,95.8,96.1,44338
1209,2020-05-08 09:45:00,96.1,96.1,95.71,96.04,20801
1210,2020-05-08 10:15:00,96.04,96.19,95.86,96.1,44273
1211,2020-05-08 10:45:00,96.06,96.25,95.85,96.15,28272
1212,2020-05-08 11:15:00,96.24,96.34,96.07,96.3,13251
1213,2020-05-08 11:45:00,96.23,96.26,96.0,96.02,3668
1214,2020-05-08 12:15:00,96.01,96.14,95.82,96.12,8169
1215,2020-05-08 12:45:00,96.09,96.09,95.84,96.0,3314
1216,2020-05-08 13:15:00,95.95,96.11,95.83,96.0,14460
1217,2020-05-08 13:45:00,96.0,96.0,95.65,95.77,19947
1218,2020-05-08 14:15:00,95.7,95.72,95.35,95.52,7282
1219,2020-05-08 14:45:00,95.5,95.51,95.25,95.25,9440
1220,2020-05-08 15:15:00,95.3,95.6,95.3,95.6,4275
1221,2020-05-11 09:15:00,99.2,106.9,96.07,97.2,50968
1222,2020-05-11 09:45:00,97.2,97.32,96.85,96.96,16736
1223,2020-05-11 10:15:00,96.9,96.94,96.6,96.6,8521
1224,2020-05-11 10:45:00,96.6,96.74,96.45,96.5,11072
1225,2020-05-11 11:15:00,96.56,96.68,96.15,96.23,6521
1226,2020-05-11 11:45:00,96.31,96.37,96.1,96.25,3788
1227,2020-05-11 12:15:00,96.35,96.52,96.15,96.4,22141
1228,2020-05-11 12:45:00,96.36,96.57,96.25,96.55,3825
1229,2020-05-11 13:15:00,96.57,96.59,96.3,96.31,4078
1230,2020-05-11 13:45:00,96.36,96.38,95.99,95.99,19437
1231,2020-05-11 14:15:00,95.95,96.16,95.74,95.74,11335
1232,2020-05-11 14:45:00,95.71,95.8,95.25,95.35,13279
1233,2020-05-11 15:15:00,95.4,95.62,95.35,95.62,9860
1234,2020-05-12 09:15:00,95.25,95.25,94.25,94.36,27484
1235,2020-05-12 09:45:00,94.38,94.38,93.55,94.03,85875
1236,2020-05-12 10:15:00,94.12,94.3,93.9,94.0,18326
1237,2020-05-12 10:45:00,93.96,94.0,93.8,94.0,65380
1238,2020-05-12 11:15:00,93.96,94.0,93.5,93.6,26177
1239,2020-05-12 11:45:00,93.62,93.93,93.54,93.93,36374
1240,2020-05-12 12:15:00,93.9,94.05,93.72,93.87,16176
1241,2020-05-12 12:45:00,93.84,94.39,93.81,94.08,17504
1242,2020-05-12 13:15:00,94.23,94.29,93.8,94.05,8839
1243,2020-05-12 13:45:00,94.22,94.37,94.05,94.28,7028
1244,2020-05-12 14:15:00,94.28,95.26,94.28,95.24,22593
1245,2020-05-12 14:45:00,95.21,95.6,94.83,94.83,17284
1246,2020-05-12 15:15:00,94.8,95.15,94.75,95.15,57099
1247,2020-05-13 09:15:00,98.9,100.9,97.0,97.2,141531
1248,2020-05-13 09:45:00,97.19,97.48,96.29,97.0,75698
1249,2020-05-13 10:15:00,97.0,97.41,96.64,97.41,51721
1250,2020-05-13 10:45:00,97.39,97.4,97.05,97.35,6967
1251,2020-05-13 11:15:00,97.35,97.4,97.07,97.31,6040
1252,2020-05-13 11:45:00,97.31,97.38,97.05,97.3,5364
1253,2020-05-13 12:15:00,97.3,97.32,96.9,96.9,32703
1254,2020-05-13 12:45:00,96.9,97.06,96.6,96.86,12759
1255,2020-05-13 13:15:00,96.78,97.18,96.72,97.14,27050
1256,2020-05-13 13:45:00,97.14,97.4,96.9,96.9,8876
1257,2020-05-13 14:15:00,96.93,97.24,96.9,97.03,3148
1258,2020-05-13 14:45:00,97.0,97.02,96.67,96.93,20843
1259,2020-05-13 15:15:00,96.95,97.1,96.92,97.02,62607
1260,2020-05-14 09:15:00,96.0,96.0,94.2,95.87,16969
1261,2020-05-14 09:45:00,95.88,95.89,95.02,95.5,54999
1262,2020-05-14 10:15:00,95.48,95.5,95.1,95.15,8733
1263,2020-05-14 10:45:00,95.15,95.29,95.11,95.15,9591
1264,2020-05-14 11:15:00,95.23,95.23,94.93,95.0,28496
1265,2020-05-14 11:45:00,95.0,95.15,94.97,95.1,14023
1266,2020-05-14 12:15:00,95.1,95.19,95.0,95.15,4885
1267,2020-05-14 12:45:00,95.15,95.32,95.11,95.2,9878
1268,2020-05-14 13:15:00,95.25,95.25,94.64,94.9,32929
1269,2020-05-14 13:45:00,94.9,94.9,94.35,94.43,20627
1270,2020-05-14 14:15:00,94.48,94.53,94.23,94.4,19729
1271,2020-05-14 14:45:00,94.4,94.48,94.2,94.47,70654
1272,2020-05-14 15:15:00,94.47,94.7,94.35,94.7,24872
1273,2020-05-15 09:15:00,95.0,95.0,93.78,94.17,30884
1274,2020-05-15 09:45:00,94.19,94.26,93.5,93.84,11658
1275,2020-05-15 10:15:00,93.85,93.93,93.5,93.53,11288
1276,2020-05-15 10:45:00,93.6,93.77,93.5,93.69,14314
1277,2020-05-15 11:15:00,93.63,93.73,93.5,93.5,23322
1278,2020-05-15 11:45:00,93.5,93.79,93.5,93.6,17078
1279,2020-05-15 12:15:00,93.6,94.0,93.56,93.96,11109
1280,2020-05-15 12:45:00,93.95,94.14,93.83,93.9,13883
1281,2020-05-15 13:15:00,93.87,94.14,93.75,94.0,3814
1282,2020-05-15 13:45:00,93.99,94.3,93.99,94.3,18848
1283,2020-05-15 14:15:00,94.47,94.66,94.09,94.46,12108
1284,2020-05-15 14:45:00,94.39,94.55,94.15,94.33,11945
1285,2020-05-15 15:15:00,94.34,94.39,94.25,94.25,12003
1286,2020-05-18 09:15:00,95.0,96.0,92.5,92.5,55702
1287,2020-05-18 09:45:00,92.47,92.66,91.91,92.5,56964
1288,2020-05-18 10:15:00,92.49,94.48,92.31,92.52,158014
1289,2020-05-18 10:45:00,92.52,92.52,91.75,91.99,79968
1290,2020-05-18 11:15:00,91.96,92.29,91.8,92.08,57529
1291,2020-05-18 11:45:00,92.05,92.26,92.02,92.08,11249
1292,2020-05-18 12:15:00,92.08,92.3,91.83,92.27,28511
1293,2020-05-18 12:45:00,92.26,92.29,91.8,91.92,58958
1294,2020-05-18 13:15:00,92.07,92.08,91.6,91.94,22736
1295,2020-05-18 13:45:00,92.01,92.5,91.9,92.4,25380
1296,2020-05-18 14:15:00,92.39,92.39,91.86,92.0,43404
1297,2020-05-18 14:45:00,91.91,92.06,91.41,91.65,86069
1298,2020-05-18 15:15:00,91.65,91.76,91.25,91.76,34676
1299,2020-05-19 09:15:00,88.8,93.8,87.9,92.43,32878
1300,2020-05-19 09:45:00,92.43,92.99,92.4,92.69,7517
1301,2020-05-19 10:15:00,92.8,93.4,92.8,93.3,9377
1302,2020-05-19 10:45:00,93.3,93.36,92.49,92.71,14382
1303,2020-05-19 11:15:00,92.71,93.03,92.6,92.99,4033
1304,2020-05-19 11:45:00,92.98,93.2,92.68,92.99,14436
1305,2020-05-19 12:15:00,93.0,93.08,92.83,92.83,20288
1306,2020-05-19 12:45:00,92.93,93.08,92.4,92.63,4963
1307,2020-05-19 13:15:00,92.6,92.69,92.03,92.26,5467
1308,2020-05-19 13:45:00,92.18,92.28,91.79,91.79,12666
1309,2020-05-19 14:15:00,91.88,92.21,91.8,91.8,9729
1310,2020-05-19 14:45:00,92.09,92.15,91.61,91.94,17355
1311,2020-05-19 15:15:00,91.8,92.17,91.8,92.1,20868
1312,2020-05-20 09:15:00,92.0,92.73,91.77,92.64,12613
1313,2020-05-20 09:45:00,92.64,92.95,92.57,92.68,4929
1314,2020-05-20 10:15:00,92.69,92.69,92.36,92.67,7577
1315,2020-05-20 10:45:00,92.59,92.66,92.23,92.34,11900
1316,2020-05-20 11:15:00,92.3,92.61,92.3,92.49,3301
1317,2020-05-20 11:45:00,92.47,92.5,92.3,92.47,647
1318,2020-05-20 12:15:00,92.46,92.64,92.36,92.6,1675
1319,2020-05-20 12:45:00,92.65,92.67,92.3,92.54,2639
1320,2020-05-20 13:15:00,92.51,92.51,92.19,92.49,3723
1321,2020-05-20 13:45:00,92.49,93.1,92.25,93.1,6682
1322,2020-05-20 14:15:00,93.1,93.3,92.8,93.03,2725
1323,2020-05-20 14:45:00,93.29,93.4,93.01,93.4,2346
1324,2020-05-20 15:15:00,93.4,94.2,93.28,94.2,20992
1325,2020-05-21 09:15:00,93.75,94.09,93.45,94.05,7167
1326,2020-05-21 09:45:00,94.09,94.1,93.84,93.93,5396
1327,2020-05-21 10:15:00,93.93,94.1,93.76,94.08,7587
1328,2020-05-21 10:45:00,94.08,94.2,93.92,94.13,19086
1329,2020-05-21 11:15:00,94.2,94.28,94.0,94.24,3816
1330,2020-05-21 11:45:00,94.22,94.22,94.0,94.09,3742
1331,2020-05-21 12:15:00,94.1,94.17,93.94,93.98,2002
1332,2020-05-21 12:45:00,93.98,94.4,93.79,94.34,9265
1333,2020-05-21 13:15:00,94.34,94.45,94.02,94.29,35538
1334,2020-05-21 13:45:00,94.29,94.29,93.8,93.8,4516
1335,2020-05-21 14:15:00,94.0,94.0,93.21,93.5,25988
1336,2020-05-21 14:45:00,93.5,93.82,93.5,93.8,6328
1337,2020-05-21 15:15:00,93.58,93.78,93.36,93.59,12993
1338,2020-05-22 09:15:00,93.55,93.74,93.0,93.73,5582
1339,2020-05-22 09:45:00,93.69,94.0,93.36,93.4,16745
1340,2020-05-22 10:15:00,93.4,93.64,92.48,92.7,14197
1341,2020-05-22 10:45:00,92.8,92.95,92.55,92.95,9078
1342,2020-05-22 11:15:00,92.98,93.23,92.74,93.1,6082
1343,2020-05-22 11:45:00,93.0,93.15,92.6,92.78,7956
1344,2020-05-22 12:15:00,92.75,93.0,92.7,92.7,1311
1345,2020-05-22 12:45:00,92.7,93.0,92.55,92.83,14939
1346,2020-05-22 13:15:00,92.81,92.91,92.51,92.66,20648
1347,2020-05-22 13:45:00,92.7,93.41,92.7,93.0,35086
1348,2020-05-22 14:15:00,93.02,93.4,93.0,93.38,16080
1349,2020-05-22 14:45:00,93.36,93.45,93.05,93.45,9627
1350,2020-05-22 15:15:00,93.45,93.8,93.21,93.8,116308
1351,2020-05-26 09:15:00,93.55,94.6,93.55,94.38,16936
1352,2020-05-26 09:45:00,94.39,94.5,94.22,94.39,5436
1353,2020-05-26 10:15:00,94.24,94.46,94.15,94.16,3257
1354,2020-05-26 10:45:00,94.14,94.2,94.0,94.11,5912
1355,2020-05-26 11:15:00,94.09,94.09,93.7,93.7,11919
1356,2020-05-26 11:45:00,93.71,94.05,93.71,94.05,12687
1357,2020-05-26 12:15:00,94.09,94.09,93.87,94.01,2481
1358,2020-05-26 12:45:00,94.07,94.15,93.62,93.62,5757
1359,2020-05-26 13:15:00,93.62,93.62,93.21,93.41,8319
1360,2020-05-26 13:45:00,93.4,93.5,92.8,92.97,8542
1361,2020-05-26 14:15:00,92.96,93.27,92.8,93.27,4309
1362,2020-05-26 14:45:00,93.29,93.51,92.88,92.92,27173
1363,2020-05-26 15:15:00,92.92,93.49,92.85,93.49,5101
1364,2020-05-27 09:15:00,93.7,93.7,92.8,92.99,12071
1365,2020-05-27 09:45:00,92.99,93.39,92.8,93.15,7485
1366,2020-05-27 10:15:00,93.3,93.7,93.1,93.7,2203
1367,2020-05-27 10:45:00,93.75,93.86,93.55,93.77,5204
1368,2020-05-27 11:15:00,93.77,93.77,93.56,93.7,2018
1369,2020-05-27 11:45:00,93.73,94.0,93.62,93.79,6459
1370,2020-05-27 12:15:00,93.84,94.3,93.84,94.3,11225
1371,2020-05-27 12:45:00,94.3,94.4,93.83,94.35,13638
1372,2020-05-27 13:15:00,94.38,94.85,94.21,94.76,19583
1373,2020-05-27 13:45:00,94.76,95.6,94.63,95.12,65372
1374,2020-05-27 14:15:00,95.12,95.34,95.0,95.07,40059
1375,2020-05-27 14:45:00,95.07,95.79,95.07,95.7,33747
1376,2020-05-27 15:15:00,95.7,95.85,95.58,95.74,22594
1377,2020-05-28 09:15:00,96.6,96.6,95.69,96.58,38141
1378,2020-05-28 09:45:00,96.52,96.69,96.32,96.69,42519
1379,2020-05-28 10:15:00,96.69,96.8,96.52,96.79,13954
1380,2020-05-28 10:45:00,96.77,97.25,96.67,97.22,20352
1381,2020-05-28 11:15:00,97.25,97.34,97.01,97.22,12627
1382,2020-05-28 11:45:00,97.25,97.32,96.8,97.24,15419
1383,2020-05-28 12:15:00,97.24,97.35,97.05,97.14,22269
1384,2020-05-28 12:45:00,97.11,97.11,96.78,96.84,10911
1385,2020-05-28 13:15:00,97.0,97.45,96.93,97.45,26405
1386,2020-05-28 13:45:00,97.43,97.43,96.89,96.9,7781
1387,2020-05-28 14:15:00,97.02,97.24,97.0,97.11,3551
1388,2020-05-28 14:45:00,97.11,97.35,97.04,97.29,43342
1389,2020-05-28 15:15:00,97.32,97.53,97.32,97.32,37833
1390,2020-05-29 09:15:00,97.0,97.25,96.62,97.05,9881
1391,2020-05-29 09:45:00,97.0,97.4,96.74,97.35,11140
1392,2020-05-29 10:15:00,97.13,97.75,97.13,97.55,14298
1393,2020-05-29 10:45:00,97.58,97.68,97.31,97.55,1756
1394,2020-05-29 11:15:00,97.57,97.77,97.51,97.57,3261
1395,2020-05-29 11:45:00,97.51,97.51,97.15,97.34,3006
1396,2020-05-29 12:15:00,97.3,97.47,97.22,97.3,13693
1397,2020-05-29 12:45:00,97.3,97.5,97.25,97.41,3042
1398,2020-05-29 13:15:00,97.4,97.57,97.22,97.57,5945
1399,2020-05-29 13:45:00,97.6,98.1,97.51,97.92,33132
1400,2020-05-29 14:15:00,97.92,98.03,97.66,98.0,64157
1401,2020-05-29 14:45:00,98.01,98.58,97.98,98.46,34856
1402,2020-05-29 15:15:00,98.46,98.54,97.89,97.89,8879
1403,2020-06-01 09:15:00,99.5,101.13,99.46,101.0,97128
1404,2020-06-01 09:45:00,101.0,101.47,100.83,101.02,36217
1405,2020-06-01 10:15:00,101.23,101.33,100.95,101.3,18507
1406,2020-06-01 10:45:00,101.18,101.5,101.18,101.35,12568
1407,2020-06-01 11:15:00,101.35,101.5,101.25,101.4,77485
1408,2020-06-01 11:45:00,101.45,102.0,101.36,101.71,52018
1409,2020-06-01 12:15:00,101.85,102.25,101.5,101.76,28610
1410,2020-06-01 12:45:00,101.78,102.06,101.5,101.75,33664
1411,2020-06-01 13:15:00,101.75,102.05,101.06,101.18,17292
1412,2020-06-01 13:45:00,101.11,101.2,100.67,101.14,56452
1413,2020-06-01 14:15:00,101.05,101.35,100.57,100.57,25603
1414,2020-06-01 14:45:00,100.75,101.3,100.75,101.26,37009
1415,2020-06-01 15:15:00,101.26,101.39,101.0,101.1,32124
1416,2020-06-02 09:15:00,101.32,102.0,100.61,101.94,127371
1417,2020-06-02 09:45:00,101.94,102.0,101.5,101.5,10518
1418,2020-06-02 10:15:00,101.5,101.66,101.25,101.65,11064
1419,2020-06-02 10:45:00,101.65,101.84,101.5,101.65,9703
1420,2020-06-02 11:15:00,101.59,101.8,101.5,101.7,44902
1421,2020-06-02 11:45:00,101.7,101.89,101.51,101.74,134521
1422,2020-06-02 12:15:00,101.81,102.15,101.68,102.15,30809
1423,2020-06-02 12:45:00,102.15,102.5,102.0,102.17,22243
1424,2020-06-02 13:15:00,102.14,102.3,101.82,102.09,24682
1425,2020-06-02 13:45:00,102.15,102.6,102.12,102.54,16475
1426,2020-06-02 14:15:00,102.4,102.55,102.16,102.4,15982
1427,2020-06-02 14:45:00,102.4,102.55,102.3,102.45,11283
1428,2020-06-02 15:15:00,102.44,103.0,102.44,102.95,12145
1429,2020-06-03 09:15:00,104.75,104.75,103.6,104.0,37409
1430,2020-06-03 09:45:00,104.0,104.04,103.5,103.83,28308
1431,2020-06-03 10:15:00,103.83,103.99,103.75,103.95,11265
1432,2020-06-03 10:45:00,103.93,104.0,103.64,103.88,35144
1433,2020-06-03 11:15:00,103.88,103.95,103.67,103.95,15606
1434,2020-06-03 11:45:00,103.97,104.2,103.75,104.18,15608
1435,2020-06-03 12:15:00,104.18,104.18,103.82,103.9,5746
1436,2020-06-03 12:45:00,103.9,104.0,103.7,103.83,25501
1437,2020-06-03 13:15:00,103.8,104.15,103.79,104.14,115127
1438,2020-06-03 13:45:00,103.92,104.4,103.89,104.2,28916
1439,2020-06-03 14:15:00,104.2,104.5,104.14,104.16,36887
1440,2020-06-03 14:45:00,104.03,104.15,103.04,103.33,76220
1441,2020-06-03 15:15:00,103.0,103.45,103.0,103.27,11231
1442,2020-06-04 09:15:00,103.3,103.9,103.0,103.18,32179
1443,2020-06-04 09:45:00,103.06,103.49,103.06,103.26,31487
1444,2020-06-04 10:15:00,103.28,103.67,103.28,103.55,24554
1445,2020-06-04 10:45:00,103.55,103.58,103.17,103.2,20015
1446,2020-06-04 11:15:00,103.34,103.34,103.0,103.1,10284
1447,2020-06-04 11:45:00,103.1,103.1,102.53,102.65,7685
1448,2020-06-04 12:15:00,102.64,102.84,102.2,102.38,25183
1449,2020-06-04 12:45:00,102.5,102.54,102.24,102.45,11443
1450,2020-06-04 13:15:00,102.45,103.0,102.1,103.0,185300
1451,2020-06-04 13:45:00,102.9,103.1,102.71,102.74,165940
1452,2020-06-04 14:15:00,103.05,103.1,102.65,102.99,11667
1453,2020-06-04 14:45:00,102.8,103.0,102.79,103.0,8521
1454,2020-06-04 15:15:00,103.0,103.31,102.95,103.31,14644
1455,2020-06-05 09:15:00,103.2,105.12,103.2,104.4,83185
1456,2020-06-05 09:45:00,104.42,104.42,103.66,103.71,23978
1457,2020-06-05 10:15:00,103.9,103.9,103.25,103.32,50225
1458,2020-06-05 10:45:00,103.5,103.86,103.3,103.86,11937
1459,2020-06-05 11:15:00,103.86,103.92,103.55,103.72,2003
1460,2020-06-05 11:45:00,103.72,103.92,103.56,103.88,111239
1461,2020-06-05 12:15:00,103.88,103.95,103.57,103.94,3460
1462,2020-06-05 12:45:00,103.9,103.97,103.75,103.76,3913
1463,2020-06-05 13:15:00,103.88,104.23,103.84,104.1,7859
1464,2020-06-05 13:45:00,104.1,104.4,104.1,104.4,13600
1465,2020-06-05 14:15:00,104.39,104.39,103.99,104.05,9203
1466,2020-06-05 14:45:00,104.19,104.4,103.99,104.1,9688
1467,2020-06-05 15:15:00,104.2,104.4,103.99,104.25,33004
1468,2020-06-08 09:15:00,104.0,105.98,104.0,105.65,56852
1469,2020-06-08 09:45:00,105.5,106.1,105.41,105.9,196707
1470,2020-06-08 10:15:00,106.0,106.65,105.8,106.44,175623
1471,2020-06-08 10:45:00,106.45,106.71,106.1,106.7,122952
1472,2020-06-08 11:15:00,106.7,106.99,106.26,106.4,158675
1473,2020-06-08 11:45:00,106.42,106.86,106.22,106.32,30070
1474,2020-06-08 12:15:00,106.32,106.47,105.51,105.51,78428
1475,2020-06-08 12:45:00,105.51,105.83,105.1,105.25,24949
1476,2020-06-08 13:15:00,105.25,105.63,104.87,105.22,25510
1477,2020-06-08 13:45:00,105.06,105.55,104.86,104.96,22090
1478,2020-06-08 14:15:00,104.96,105.28,104.54,105.13,24131
1479,2020-06-08 14:45:00,105.0,105.18,104.67,104.85,27848
1480,2020-06-08 15:15:00,104.9,105.49,104.9,105.2,26757
1481,2020-06-09 09:15:00,104.19,105.83,100.8,105.16,15989
1482,2020-06-09 09:45:00,105.16,106.0,105.02,105.9,9506
1483,2020-06-09 10:15:00,105.97,106.24,105.95,106.1,15472
1484,2020-06-09 10:45:00,106.1,106.13,105.95,106.12,7753
1485,2020-06-09 11:15:00,106.12,106.12,106.01,106.1,3229
1486,2020-06-09 11:45:00,106.09,106.25,105.85,106.14,11851
1487,2020-06-09 12:15:00,106.03,106.03,105.56,105.87,11048
1488,2020-06-09 12:45:00,105.86,105.86,105.11,105.11,7660
1489,2020-06-09 13:15:00,105.15,105.38,104.6,104.8,22981
1490,2020-06-09 13:45:00,104.96,104.97,104.42,104.45,14219
1491,2020-06-09 14:15:00,104.4,104.56,103.8,103.94,16280
1492,2020-06-09 14:45:00,103.81,104.07,103.5,103.9,19670
1493,2020-06-09 15:15:00,104.0,104.0,103.76,103.85,23975
1494,2020-06-10 09:15:00,105.0,105.0,103.91,104.29,17406
1495,2020-06-10 09:45:00,104.15,104.19,103.61,103.97,63688
1496,2020-06-10 10:15:00,103.97,104.45,103.97,104.34,11302
1497,2020-06-10 10:45:00,104.34,104.46,104.2,104.35,6390
1498,2020-06-10 11:15:00,104.43,104.46,103.77,104.0,34712
1499,2020-06-10 11:45:00,104.0,104.15,103.53,103.84,47262
1500,2020-06-10 12:15:00,103.84,104.25,103.8,104.23,10286
1501,2020-06-10 12:45:00,104.26,104.45,104.0,104.15,6158
1502,2020-06-10 13:15:00,104.28,104.34,103.95,104.09,2631
1503,2020-06-10 13:45:00,103.97,104.3,103.95,104.25,1741
1504,2020-06-10 14:15:00,104.24,104.24,103.8,103.8,8471
1505,2020-06-10 14:45:00,103.93,104.19,103.69,104.19,14605
1506,2020-06-10 15:15:00,104.19,104.61,104.08,104.08,70830
1507,2020-06-11 09:15:00,103.73,103.96,103.26,103.89,8319
1508,2020-06-11 09:45:00,103.89,103.95,103.64,103.8,4997
1509,2020-06-11 10:15:00,103.9,103.96,103.6,103.6,11480
1510,2020-06-11 10:45:00,103.62,103.62,103.32,103.33,10190
1511,2020-06-11 11:15:00,103.32,103.44,103.02,103.29,10866
1512,2020-06-11 11:45:00,103.29,103.44,103.2,103.32,4005
1513,2020-06-11 12:15:00,103.33,103.33,102.85,102.95,26422
1514,2020-06-11 12:45:00,102.97,103.31,102.91,103.18,11571
1515,2020-06-11 13:15:00,103.17,103.34,102.86,102.87,14805
1516,2020-06-11 13:45:00,102.9,103.0,102.36,102.4,71315
1517,2020-06-11 14:15:00,102.65,102.65,102.0,102.18,19842
1518,2020-06-11 14:45:00,102.18,102.46,102.05,102.16,15738
1519,2020-06-11 15:15:00,102.17,102.3,102.01,102.25,9161
1520,2020-06-12 09:15:00,100.5,101.75,96.5,100.12,122206
1521,2020-06-12 09:45:00,100.19,100.19,99.31,99.5,188233
1522,2020-06-12 10:15:00,99.5,100.19,99.3,100.13,538443
1523,2020-06-12 10:45:00,100.1,100.3,99.85,99.86,68051
1524,2020-06-12 11:15:00,99.98,100.84,99.95,100.7,23705
1525,2020-06-12 11:45:00,100.66,100.66,100.2,100.3,239174
1526,2020-06-12 12:15:00,100.3,100.55,100.0,100.5,40533
1527,2020-06-12 12:45:00,100.5,100.87,100.19,100.35,13892
1528,2020-06-12 13:15:00,100.47,101.0,100.47,100.92,41369
1529,2020-06-12 13:45:00,100.85,101.8,100.77,101.44,35544
1530,2020-06-12 14:15:00,101.52,102.07,101.5,101.85,37280
1531,2020-06-12 14:45:00,101.86,102.65,101.86,102.55,10713
1532,2020-06-12 15:15:00,102.6,102.6,102.13,102.39,21235
1533,2020-06-15 09:15:00,102.04,102.37,101.5,101.85,128848
1534,2020-06-15 09:45:00,101.73,101.99,101.57,101.7,16358
1535,2020-06-15 10:15:00,101.62,101.65,100.8,101.14,18442
1536,2020-06-15 10:45:00,101.28,101.31,100.7,100.74,27632
1537,2020-06-15 11:15:00,100.8,100.8,100.5,100.79,15266
1538,2020-06-15 11:45:00,100.79,100.89,100.3,100.45,23453
1539,2020-06-15 12:15:00,100.45,100.72,100.31,100.72,21456
1540,2020-06-15 12:45:00,100.72,100.89,100.45,100.7,14141
1541,2020-06-15 13:15:00,100.79,101.35,100.6,100.98,16137
1542,2020-06-15 13:45:00,101.04,101.48,100.95,101.16,4667
1543,2020-06-15 14:15:00,101.35,101.65,101.0,101.28,7518
1544,2020-06-15 14:45:00,101.43,101.74,101.1,101.29,63096
1545,2020-06-15 15:15:00,101.29,101.65,101.06,101.38,24347
1546,2020-06-16 09:15:00,105.39,105.39,102.69,103.0,50884
1547,2020-06-16 09:45:00,102.75,102.98,102.7,102.8,3686
1548,2020-06-16 10:15:00,102.8,103.2,102.76,103.0,5633
1549,2020-06-16 10:45:00,103.0,103.15,102.95,102.99,8982
1550,2020-06-16 11:15:00,102.99,103.1,102.69,102.71,7568
1551,2020-06-16 11:45:00,102.69,102.9,102.5,102.5,18824
1552,2020-06-16 12:15:00,102.45,102.47,102.05,102.32,14467
1553,2020-06-16 12:45:00,102.29,102.74,101.43,101.75,33992
1554,2020-06-16 13:15:00,101.6,101.65,100.24,101.0,27579
1555,2020-06-16 13:45:00,101.18,101.79,101.05,101.67,113798
1556,2020-06-16 14:15:00,101.67,102.4,101.5,102.0,18553
1557,2020-06-16 14:45:00,102.0,102.38,102.0,102.14,10834
1558,2020-06-16 15:15:00,102.01,102.39,102.0,102.3,4284
1559,2020-06-17 09:15:00,100.25,102.49,96.6,102.11,28404
1560,2020-06-17 09:45:00,102.13,102.49,102.0,102.32,4050
1561,2020-06-17 10:15:00,102.2,102.44,101.66,101.89,3791
1562,2020-06-17 10:45:00,101.75,102.1,101.68,101.99,1624
1563,2020-06-17 11:15:00,101.99,102.17,101.88,102.0,896
1564,2020-06-17 11:45:00,101.88,102.49,101.88,102.24,6274
1565,2020-06-17 12:15:00,102.3,102.65,102.26,102.64,5012
1566,2020-06-17 12:45:00,102.63,102.65,102.41,102.65,7662
1567,2020-06-17 13:15:00,102.69,103.26,102.35,102.52,13298
1568,2020-06-17 13:45:00,102.7,102.79,102.4,102.4,6073
1569,2020-06-17 14:15:00,102.29,102.6,102.25,102.46,3237
1570,2020-06-17 14:45:00,102.35,102.35,101.58,101.59,25108
1571,2020-06-17 15:15:00,101.8,102.09,101.6,102.01,830
1572,2020-06-18 09:15:00,101.71,102.12,101.5,102.03,4228
1573,2020-06-18 09:45:00,101.99,102.25,101.51,101.8,6528
1574,2020-06-18 10:15:00,102.0,102.2,101.82,101.97,5233
1575,2020-06-18 10:45:00,101.83,102.19,101.81,102.15,3372
1576,2020-06-18 11:15:00,101.9,102.2,101.83,102.19,770
1577,2020-06-18 11:45:00,102.2,102.73,102.0,102.73,5101
1578,2020-06-18 12:15:00,102.7,102.85,102.36,102.83,5040
1579,2020-06-18 12:45:00,102.83,102.9,102.57,102.62,7237
1580,2020-06-18 13:15:00,102.62,103.13,102.62,103.13,12427
1581,2020-06-18 13:45:00,103.13,103.5,103.0,103.5,5991
1582,2020-06-18 14:15:00,103.55,103.92,103.39,103.39,11293
1583,2020-06-18 14:45:00,103.43,103.72,102.0,103.39,38772
1584,2020-06-18 15:15:00,103.59,103.81,103.39,103.8,13618
1585,2020-06-19 09:15:00,103.94,104.32,103.75,103.83,34034
1586,2020-06-19 09:45:00,103.83,104.25,103.83,104.2,16580
1587,2020-06-19 10:15:00,104.2,104.35,104.06,104.3,70721
1588,2020-06-19 10:45:00,104.3,104.4,104.08,104.4,4831
1589,2020-06-19 11:15:00,104.4,104.9,104.4,104.81,23113
1590,2020-06-19 11:45:00,104.9,105.1,104.73,105.0,18856
1591,2020-06-19 12:15:00,105.0,105.15,104.78,105.15,6463
1592,2020-06-19 12:45:00,105.15,105.15,104.55,104.86,5332
1593,2020-06-19 13:15:00,104.85,105.21,104.8,104.8,40263
1594,2020-06-19 13:45:00,105.01,105.15,104.7,104.8,7992
1595,2020-06-19 14:15:00,104.79,105.5,104.79,105.5,40069
1596,2020-06-19 14:45:00,105.5,105.8,105.33,105.5,43023
1597,2020-06-19 15:15:00,105.55,105.65,105.48,105.49,8926
1598,2020-06-22 09:15:00,108.49,108.49,104.8,106.72,31651
1599,2020-06-22 09:45:00,106.75,107.0,106.4,106.47,20621
1600,2020-06-22 10:15:00,106.22,106.7,106.2,106.25,17540
1601,2020-06-22 10:45:00,106.04,106.35,106.0,106.29,19008
1602,2020-06-22 11:15:00,106.13,106.34,106.0,106.29,24543
1603,2020-06-22 11:45:00,106.0,106.2,106.0,106.15,7138
1604,2020-06-22 12:15:00,106.15,106.5,106.15,106.4,13861
1605,2020-06-22 12:45:00,106.5,106.86,106.42,106.65,14837
1606,2020-06-22 13:15:00,106.65,106.86,106.51,106.77,31708
1607,2020-06-22 13:45:00,106.68,107.0,106.61,106.85,5435
1608,2020-06-22 14:15:00,106.85,107.0,106.75,106.91,9118
1609,2020-06-22 14:45:00,106.9,106.9,106.04,106.2,23135
1610,2020-06-22 15:15:00,106.26,106.57,106.16,106.57,14531
1611,2020-06-23 09:15:00,105.25,107.96,105.25,106.65,22971
1612,2020-06-23 09:45:00,106.7,107.0,106.5,107.0,12077
1613,2020-06-23 10:15:00,107.0,107.1,106.92,107.06,3317
1614,2020-06-23 10:45:00,107.09,107.09,106.76,107.04,942
1615,2020-06-23 11:15:00,107.04,107.04,106.7,107.0,3940
1616,2020-06-23 11:45:00,106.78,107.09,106.78,107.07,32123
1617,2020-06-23 12:15:00,107.05,107.15,106.9,107.14,7743
1618,2020-06-23 12:45:00,107.14,107.6,107.14,107.3,7246
1619,2020-06-23 13:15:00,107.25,107.7,107.2,107.21,23552
1620,2020-06-23 13:45:00,107.2,107.47,107.07,107.21,5215
1621,2020-06-23 14:15:00,107.14,107.69,107.14,107.6,15357
1622,2020-06-23 14:45:00,107.6,107.89,107.6,107.81,14210
1623,2020-06-23 15:15:00,107.77,107.9,107.68,107.89,138891
1624,2020-06-24 09:15:00,108.0,108.2,107.81,108.09,31765
1625,2020-06-24 09:45:00,108.09,108.2,107.88,108.2,18317
1626,2020-06-24 10:15:00,108.3,108.5,108.03,108.12,76141
1627,2020-06-24 10:45:00,108.14,108.14,107.5,107.66,16164
1628,2020-06-24 11:15:00,107.7,107.83,107.46,107.5,12627
1629,2020-06-24 11:45:00,107.5,107.85,107.45,107.58,31502
1630,2020-06-24 12:15:00,107.54,108.3,107.45,108.08,51072
1631,2020-06-24 12:45:00,108.05,108.36,107.45,107.45,38598
1632,2020-06-24 13:15:00,107.45,107.71,106.66,106.75,61110
1633,2020-06-24 13:45:00,106.75,107.35,106.5,107.12,81407
1634,2020-06-24 14:15:00,107.11,107.23,106.55,106.65,12121
1635,2020-06-24 14:45:00,106.65,106.65,106.05,106.16,36210
1636,2020-06-24 15:15:00,106.16,106.3,106.0,106.28,5517
1637,2020-06-25 09:15:00,104.33,105.98,102.8,105.85,32394
1638,2020-06-25 09:45:00,105.75,106.15,105.75,105.95,18058
1639,2020-06-25 10:15:00,105.95,106.57,105.73,106.3,93392
1640,2020-06-25 10:45:00,106.25,106.59,105.99,106.52,51366
1641,2020-06-25 11:15:00,106.59,106.71,106.42,106.42,4624
1642,2020-06-25 11:45:00,106.4,106.5,105.8,106.01,5185
1643,2020-06-25 12:15:00,105.9,105.9,105.42,105.51,5995
1644,2020-06-25 12:45:00,105.48,105.72,105.29,105.55,4899
1645,2020-06-25 13:15:00,105.67,106.15,105.21,106.05,11454
1646,2020-06-25 13:45:00,106.15,106.5,106.01,106.38,3423
1647,2020-06-25 14:15:00,106.32,106.63,106.28,106.49,3420
1648,2020-06-25 14:45:00,106.37,106.46,106.0,106.19,5260
1649,2020-06-25 15:15:00,106.07,106.29,106.05,106.2,15855
1650,2020-06-26 09:15:00,106.82,107.1,106.35,106.9,6357
1651,2020-06-26 09:45:00,106.73,107.16,106.7,106.94,129957
1652,2020-06-26 10:15:00,106.89,106.89,106.35,106.54,3853
1653,2020-06-26 10:45:00,106.56,106.75,106.25,106.7,1183
1654,2020-06-26 11:15:00,106.69,106.75,106.41,106.5,4134
1655,2020-06-26 11:45:00,106.5,106.76,106.47,106.6,3037
1656,2020-06-26 12:15:00,106.74,106.8,106.3,106.3,3138
1657,2020-06-26 12:45:00,106.3,106.62,106.21,106.46,5061
1658,2020-06-26 13:15:00,106.45,106.71,106.17,106.28,3351
1659,2020-06-26 13:45:00,106.28,106.53,106.26,106.48,2894
1660,2020-06-26 14:15:00,106.48,106.99,106.41,106.52,27541
1661,2020-06-26 14:45:00,106.69,107.02,106.42,107.02,13638
1662,2020-06-26 15:15:00,107.02,107.23,106.8,107.2,5558
1663,2020-06-29 09:15:00,106.37,106.43,105.8,105.92,20905
1664,2020-06-29 09:45:00,105.92,105.93,105.64,105.75,23676
1665,2020-06-29 10:15:00,105.75,105.9,105.69,105.74,4400
1666,2020-06-29 10:45:00,105.93,105.93,105.65,105.76,8135
1667,2020-06-29 11:15:00,105.7,105.75,105.4,105.62,23339
1668,2020-06-29 11:45:00,105.63,105.78,105.6,105.7,8478
1669,2020-06-29 12:15:00,105.7,106.04,105.63,106.04,7005
1670,2020-06-29 12:45:00,106.16,106.2,105.97,106.06,4273
1671,2020-06-29 13:15:00,106.02,106.02,105.6,105.64,7497
1672,2020-06-29 13:45:00,105.64,105.94,105.57,105.88,14670
1673,2020-06-29 14:15:00,105.66,106.14,105.5,106.0,18675
1674,2020-06-29 14:45:00,106.0,106.2,105.74,106.2,10369
1675,2020-06-29 15:15:00,106.2,106.5,106.07,106.29,15395
1676,2020-06-30 09:15:00,107.8,112.7,106.5,106.88,13927
1677,2020-06-30 09:45:00,106.8,106.92,106.57,106.7,11837
1678,2020-06-30 10:15:00,106.84,106.84,106.4,106.71,8699
1679,2020-06-30 10:45:00,106.71,106.79,106.62,106.66,1927
1680,2020-06-30 11:15:00,106.78,106.78,106.4,106.46,2393
1681,2020-06-30 11:45:00,106.42,106.48,106.25,106.4,28151
1682,2020-06-30 12:15:00,106.42,106.64,106.3,106.3,6467
1683,2020-06-30 12:45:00,106.3,106.62,106.3,106.54,9007
1684,2020-06-30 13:15:00,106.54,106.69,106.54,106.55,850
1685,2020-06-30 13:45:00,106.6,106.74,106.5,106.62,8839
1686,2020-06-30 14:15:00,106.51,106.51,105.75,105.94,17317
1687,2020-06-30 14:45:00,105.94,106.1,105.85,106.0,10759
1688,2020-06-30 15:15:00,106.0,106.2,105.94,106.01,5342
1689,2020-07-01 09:15:00,107.0,107.0,105.73,106.55,4377
1690,2020-07-01 09:45:00,106.5,106.84,106.45,106.8,5747
1691,2020-07-01 10:15:00,106.72,106.78,106.61,106.65,1079
1692,2020-07-01 10:45:00,106.65,106.75,106.42,106.75,15218
1693,2020-07-02 10:45:00,108.13,108.27,108.05,108.09,9933
1694,2020-07-02 11:15:00,108.09,108.35,108.0,108.35,8087
1695,2020-07-02 11:45:00,108.4,108.75,108.3,108.74,15169
1696,2020-07-02 12:15:00,108.8,108.82,108.56,108.82,5093
1697,2020-07-02 12:45:00,108.85,108.85,108.62,108.62,5003
1698,2020-07-02 13:15:00,108.68,108.85,108.53,108.8,39762
1699,2020-07-02 13:45:00,108.79,108.92,108.79,108.85,15326
1700,2020-07-02 14:15:00,108.92,108.92,108.82,108.83,4621
1701,2020-07-02 14:45:00,108.83,108.9,108.58,108.58,16601
1702,2020-07-02 15:15:00,108.54,108.78,108.39,108.52,15041
1703,2020-07-03 09:15:00,109.0,109.29,108.85,108.85,19605
1704,2020-07-03 09:45:00,108.85,109.04,108.78,108.98,21415
1705,2020-07-03 10:15:00,108.98,109.11,108.86,109.0,10026
1706,2020-07-03 10:45:00,109.0,109.11,108.85,108.9,22314
1707,2020-07-03 11:15:00,108.99,109.11,108.82,109.11,4715
1708,2020-07-03 11:45:00,109.2,109.37,109.19,109.2,34185
1709,2020-07-03 12:15:00,109.2,109.5,109.1,109.2,44007
1710,2020-07-03 12:45:00,109.2,109.2,108.86,109.04,29522
1711,2020-07-03 13:15:00,108.99,109.14,108.66,108.72,129753
1712,2020-07-03 13:45:00,108.72,109.11,108.6,108.6,197446
1713,2020-07-03 14:15:00,108.6,109.1,108.4,108.89,253512
1714,2020-07-03 14:45:00,108.95,109.2,108.89,109.2,211712
1715,2020-07-03 15:15:00,109.0,109.25,108.9,109.2,20946
1716,2020-07-06 09:15:00,112.3,112.3,109.69,110.36,49220
1717,2020-07-06 09:45:00,110.36,110.6,110.3,110.45,34919
1718,2020-07-06 10:15:00,110.45,110.55,110.36,110.36,109572
1719,2020-07-06 10:45:00,110.36,110.6,110.3,110.59,133870
1720,2020-07-06 11:15:00,110.55,110.8,110.55,110.8,19415
1721,2020-07-06 11:45:00,110.8,110.9,110.73,110.8,7330
1722,2020-07-06 12:15:00,110.75,110.9,110.75,110.85,6256
1723,2020-07-06 12:45:00,110.9,111.5,110.9,111.2,56304
1724,2020-07-06 13:15:00,111.2,111.38,111.1,111.36,10013
1725,2020-07-06 13:45:00,111.35,111.35,111.0,111.11,34838
1726,2020-07-06 14:15:00,111.11,111.2,110.81,110.81,16662
1727,2020-07-06 14:45:00,110.85,111.0,110.75,110.86,12217
1728,2020-07-06 15:15:00,111.0,111.05,110.68,110.9,19610
1729,2020-07-07 09:15:00,112.5,112.5,110.76,110.9,17467
1730,2020-07-07 09:45:00,110.9,111.0,110.6,110.8,284025
1731,2020-07-07 10:15:00,110.89,111.0,110.7,110.76,7121
1732,2020-07-07 10:45:00,110.76,110.9,110.5,110.6,3518
1733,2020-07-07 11:15:00,110.58,110.58,110.1,110.28,2991
1734,2020-07-07 11:45:00,110.24,110.67,110.15,110.58,25490
1735,2020-07-07 12:15:00,110.58,110.85,110.58,110.78,7773
1736,2020-07-07 12:45:00,110.78,110.9,110.6,110.83,4543
1737,2020-07-07 13:15:00,110.74,110.99,110.74,110.9,13360
1738,2020-07-07 13:45:00,110.96,110.96,110.68,110.8,123958
1739,2020-07-07 14:15:00,110.9,111.0,110.85,110.9,5496
1740,2020-07-07 14:45:00,110.93,111.4,110.9,111.05,48087
1741,2020-07-07 15:15:00,111.08,111.3,110.9,110.9,9612
1742,2020-07-08 09:15:00,111.0,111.78,111.0,111.63,26442
1743,2020-07-08 09:45:00,111.48,111.57,110.98,111.01,52259
1744,2020-07-08 10:15:00,110.98,111.34,110.95,111.34,6311
1745,2020-07-08 10:45:00,111.34,111.34,111.15,111.15,7442
1746,2020-07-08 11:15:00,111.28,111.34,110.92,111.0,6864
1747,2020-07-08 11:45:00,110.94,111.2,110.94,111.2,3450
1748,2020-07-08 12:15:00,110.97,111.34,110.97,111.34,24660
1749,2020-07-08 12:45:00,111.34,111.34,111.18,111.2,2210
1750,2020-07-08 13:15:00,111.2,111.34,111.1,111.34,8129
1751,2020-07-08 13:45:00,111.35,111.54,111.31,111.53,9437
1752,2020-07-08 14:15:00,111.53,111.53,110.7,110.7,25215
1753,2020-07-08 14:45:00,110.65,110.65,110.45,110.45,5913
1754,2020-07-08 15:15:00,110.45,110.45,109.92,110.25,14274
1755,2020-07-09 09:15:00,110.5,110.85,110.5,110.75,17305
1756,2020-07-09 09:45:00,110.75,111.0,110.7,111.0,7347
1757,2020-07-09 10:15:00,111.0,111.15,110.94,110.94,6337
1758,2020-07-09 10:45:00,111.12,111.14,110.92,111.08,3084
1759,2020-07-09 11:15:00,111.04,111.2,110.95,111.02,17250
1760,2020-07-09 11:45:00,111.02,111.22,110.96,111.1,3329
1761,2020-07-09 12:15:00,111.15,111.38,111.07,111.34,18455
1762,2020-07-09 12:45:00,111.34,111.4,110.92,111.04,7978
1763,2020-07-09 13:15:00,111.08,111.5,111.06,111.37,7525
1764,2020-07-09 13:45:00,111.42,111.5,111.12,111.35,12557
1765,2020-07-09 14:15:00,111.38,111.5,111.28,111.48,3744
1766,2020-07-09 14:45:00,111.48,111.64,111.36,111.5,7525
1767,2020-07-09 15:15:00,111.5,111.7,111.49,111.56,5419
1768,2020-07-10 09:15:00,111.12,111.37,111.06,111.2,7798
1769,2020-07-10 09:45:00,111.2,111.46,111.2,111.35,26389
1770,2020-07-10 10:15:00,111.4,111.4,110.85,110.98,9950
1771,2020-07-10 10:45:00,110.89,111.02,110.73,110.75,18372
1772,2020-07-10 11:15:00,110.85,111.0,110.75,110.99,10388
1773,2020-07-10 11:45:00,110.99,110.99,110.8,110.82,4313
1774,2020-07-10 12:15:00,110.81,110.9,110.6,110.9,8493
1775,2020-07-10 12:45:00,110.9,111.15,110.89,111.01,7411
1776,2020-07-10 13:15:00,111.02,111.35,110.96,111.35,6632
1777,2020-07-10 13:45:00,111.33,111.33,111.0,111.0,1853
1778,2020-07-10 14:15:00,111.1,111.2,110.9,111.0,10007
1779,2020-07-10 14:45:00,111.15,111.4,111.08,111.36,12422
1780,2020-07-10 15:15:00,111.36,111.54,111.26,111.36,9318
1781,2020-07-13 09:15:00,114.0,114.0,111.51,112.14,11024
1782,2020-07-13 09:45:00,112.14,112.2,111.85,112.06,26340
1783,2020-07-13 10:15:00,112.06,112.09,111.82,111.91,3602
1784,2020-07-13 10:45:00,112.0,112.2,111.7,111.88,3404
1785,2020-07-13 11:15:00,111.84,111.96,111.74,111.84,13057
1786,2020-07-13 11:45:00,111.74,111.84,111.5,111.78,6206
1787,2020-07-13 12:15:00,111.75,111.99,111.7,111.7,7308
1788,2020-07-13 12:45:00,111.65,111.84,111.4,111.78,7456
1789,2020-07-13 13:15:00,111.65,111.82,111.35,111.35,9818
1790,2020-07-13 13:45:00,111.35,111.54,111.32,111.54,3230
1791,2020-07-13 14:15:00,111.5,111.59,111.4,111.45,5852
1792,2020-07-13 14:45:00,111.6,111.7,111.46,111.52,10584
1793,2020-07-13 15:15:00,111.7,111.7,111.52,111.55,2527
1794,2020-07-14 09:15:00,110.5,111.2,110.5,110.78,6167
1795,2020-07-14 09:45:00,110.83,110.83,110.46,110.78,6613
1796,2020-07-14 10:15:00,110.78,110.78,110.42,110.46,6115
1797,2020-07-14 10:45:00,110.46,110.5,109.73,110.06,21968
1798,2020-07-14 11:15:00,110.06,110.4,109.61,110.4,18762
1799,2020-07-14 11:45:00,110.41,110.41,110.06,110.14,12855
1800,2020-07-14 12:15:00,110.1,110.23,109.82,110.02,8431
1801,2020-07-14 12:45:00,109.99,109.99,109.4,109.4,10590
1802,2020-07-14 13:15:00,109.4,110.11,109.39,109.99,22956
1803,2020-07-14 13:45:00,110.05,110.14,109.9,110.0,5219
1804,2020-07-14 14:15:00,110.15,110.15,109.66,109.66,16242
1805,2020-07-14 14:45:00,109.73,109.95,109.53,109.58,24980
1806,2020-07-14 15:15:00,109.63,109.9,109.55,109.9,16105
1807,2020-07-15 09:15:00,109.79,110.62,109.0,110.6,14478
1808,2020-07-15 09:45:00,110.52,110.9,110.5,110.9,12684
1809,2020-07-15 10:15:00,110.9,111.25,110.9,111.24,15197
1810,2020-07-15 10:45:00,111.24,111.44,111.13,111.44,4979
1811,2020-07-15 11:15:00,111.45,111.65,111.36,111.48,5052
1812,2020-07-15 11:45:00,111.39,111.5,111.06,111.28,11322
1813,2020-07-15 12:15:00,111.47,111.47,111.06,111.2,7888
1814,2020-07-15 12:45:00,111.2,111.5,111.13,111.49,4288
1815,2020-07-15 13:15:00,111.49,111.5,111.16,111.38,6833
1816,2020-07-15 13:45:00,111.31,111.49,111.13,111.16,6599
1817,2020-07-15 14:15:00,111.16,111.16,110.3,110.36,17188
1818,2020-07-15 14:45:00,110.5,110.5,109.4,109.51,12816
1819,2020-07-15 15:15:00,109.78,110.05,109.5,110.05,6335
1820,2020-07-16 09:15:00,112.99,115.47,109.04,109.74,19530
1821,2020-07-16 09:45:00,109.74,110.12,109.72,110.02,8323
1822,2020-07-16 10:15:00,109.8,110.25,109.8,110.0,1272
1823,2020-07-16 10:45:00,110.24,110.29,109.77,110.1,188051
1824,2020-07-16 11:15:00,109.92,110.26,109.92,110.2,2935
1825,2020-07-16 11:45:00,110.27,110.3,110.09,110.18,10209
1826,2020-07-16 12:15:00,110.12,110.35,110.02,110.12,4533
1827,2020-07-16 12:45:00,110.29,110.42,110.1,110.29,9006
1828,2020-07-16 13:15:00,110.23,110.5,110.06,110.4,1546
1829,2020-07-16 13:45:00,110.39,110.5,110.2,110.2,3200
1830,2020-07-16 14:15:00,110.2,110.5,110.2,110.26,9809
1831,2020-07-16 14:45:00,110.3,111.13,110.3,111.01,10083
1832,2020-07-16 15:15:00,110.98,110.98,110.7,110.7,2328
1833,2020-07-17 09:15:00,111.0,111.5,111.0,111.48,2681
1834,2020-07-17 09:45:00,111.36,111.5,111.36,111.44,7052
1835,2020-07-17 10:15:00,111.49,111.6,111.49,111.52,10855
1836,2020-07-17 10:45:00,111.58,111.59,111.28,111.28,15644
1837,2020-07-17 11:15:00,111.5,111.72,111.29,111.42,44974
1838,2020-07-17 11:45:00,111.42,111.42,111.29,111.41,46327
1839,2020-07-17 12:15:00,111.41,111.5,111.28,111.5,10406
1840,2020-07-17 12:45:00,111.5,111.54,111.26,111.5,8223
1841,2020-07-17 13:15:00,111.5,111.5,111.27,111.35,1572
1842,2020-07-17 13:45:00,111.35,111.7,111.35,111.63,2566
1843,2020-07-17 14:15:00,111.7,112.0,111.56,112.0,7620
1844,2020-07-17 14:45:00,112.0,112.24,111.9,112.24,32097
1845,2020-07-17 15:15:00,112.24,112.8,112.18,112.5,30402
1846,2020-07-20 09:15:00,111.64,113.99,111.64,113.2,15885
1847,2020-07-20 09:45:00,113.18,113.5,112.99,113.46,16702
1848,2020-07-20 10:15:00,113.4,113.4,113.0,113.1,14228
1849,2020-07-20 10:45:00,113.1,113.14,113.0,113.14,2610
1850,2020-07-20 11:15:00,113.14,113.14,112.9,113.0,11958
1851,2020-07-20 11:45:00,113.1,113.19,112.91,113.18,65216
1852,2020-07-20 12:15:00,113.13,113.22,113.01,113.15,9302
1853,2020-07-20 12:45:00,113.1,113.28,113.1,113.25,3596
1854,2020-07-20 13:15:00,113.11,113.4,113.0,113.08,29600
1855,2020-07-20 13:45:00,113.08,113.5,112.96,113.5,7057
1856,2020-07-20 14:15:00,113.5,113.6,113.18,113.51,6389
1857,2020-07-20 14:45:00,113.59,113.59,113.28,113.53,9285
1858,2020-07-20 15:15:00,113.56,113.6,113.44,113.51,21250
1859,2020-07-21 09:15:00,114.0,114.85,114.0,114.77,62673
1860,2020-07-21 09:45:00,114.75,114.8,114.5,114.55,34537
1861,2020-07-21 10:15:00,114.55,114.8,114.53,114.62,24931
1862,2020-07-21 10:45:00,114.58,114.96,114.52,114.7,31682
1863,2020-07-21 11:15:00,114.7,114.8,114.49,114.8,11973
1864,2020-07-21 11:45:00,114.79,114.79,114.61,114.79,13738
1865,2020-07-21 12:15:00,114.79,115.0,114.7,114.94,20098
1866,2020-07-21 12:45:00,114.94,115.08,114.77,114.92,10239
1867,2020-07-21 13:15:00,114.99,114.99,114.8,114.94,3111
1868,2020-07-21 13:45:00,114.94,114.94,114.76,114.76,2293
1869,2020-07-21 14:15:00,114.89,115.42,114.89,115.42,27898
1870,2020-07-21 14:45:00,115.42,115.8,115.0,115.8,165787
1871,2020-07-21 15:15:00,115.81,115.86,115.05,115.85,116864
1872,2020-07-22 09:15:00,116.27,116.27,114.6,114.9,45389
1873,2020-07-22 09:45:00,114.9,115.44,114.9,115.22,21538
1874,2020-07-22 10:15:00,115.35,115.45,115.17,115.28,5593
1875,2020-07-22 10:45:00,115.4,115.55,115.14,115.52,11953
1876,2020-07-22 11:15:00,115.55,115.68,115.5,115.65,10911
1877,2020-07-22 11:45:00,115.45,115.65,115.45,115.48,4340
1878,2020-07-22 12:15:00,115.64,115.66,115.49,115.64,2347
1879,2020-07-22 12:45:00,115.55,116.0,115.38,115.38,15217
1880,2020-07-22 13:15:00,115.25,115.25,114.8,114.82,3653
1881,2020-07-22 13:45:00,115.05,115.15,114.8,114.8,2404
1882,2020-07-22 14:15:00,114.84,114.88,114.5,114.6,10665
1883,2020-07-22 14:45:00,114.58,115.32,114.5,115.28,9137
1884,2020-07-22 15:15:00,115.28,115.5,115.0,115.0,22615
1885,2020-07-23 09:15:00,116.94,116.94,114.57,115.5,12677
1886,2020-07-23 09:45:00,115.66,115.69,115.45,115.45,12467
1887,2020-07-23 10:15:00,115.48,115.5,115.45,115.5,4739
1888,2020-07-23 10:45:00,115.5,115.5,115.42,115.5,16480
1889,2020-07-23 11:15:00,115.5,115.8,115.5,115.8,4185
1890,2020-07-23 11:45:00,115.8,115.82,115.4,115.47,59316
1891,2020-07-23 12:15:00,115.75,115.78,115.55,115.78,3325
1892,2020-07-23 12:45:00,115.8,115.8,115.5,115.5,11750
1893,2020-07-23 13:15:00,115.48,115.6,115.4,115.6,95104
1894,2020-07-23 13:45:00,115.6,115.75,115.5,115.75,3662
1895,2020-07-23 14:15:00,115.75,115.75,115.36,115.45,7086
1896,2020-07-23 14:45:00,115.5,115.7,115.47,115.65,927
1897,2020-07-23 15:15:00,115.64,115.79,115.52,115.71,8349
1898,2020-07-24 09:15:00,115.5,115.5,108.7,114.95,45877
1899,2020-07-24 09:45:00,114.95,115.08,114.86,114.92,24698
1900,2020-07-24 10:15:00,115.0,115.0,114.6,114.6,9949
1901,2020-07-24 10:45:00,114.58,115.09,114.4,115.09,22402
1902,2020-07-24 11:15:00,114.47,115.04,114.44,114.8,4009
1903,2020-07-24 11:45:00,114.78,114.96,114.66,114.83,5018
1904,2020-07-24 12:15:00,114.88,115.08,114.71,114.99,19605
1905,2020-07-24 12:45:00,114.94,114.99,114.71,114.71,3748
1906,2020-07-24 13:15:00,114.9,114.9,114.71,114.78,1739
1907,2020-07-24 13:45:00,114.78,115.31,114.76,115.31,6713
1908,2020-07-24 14:15:00,115.43,115.65,115.24,115.39,6032
1909,2020-07-24 14:45:00,115.39,115.65,115.24,115.61,15401
1910,2020-07-24 15:15:00,115.63,115.9,115.3,115.89,4975
1911,2020-07-27 09:15:00,117.27,117.27,114.8,114.83,22065
1912,2020-07-27 09:45:00,114.83,114.99,114.48,114.78,27223
1913,2020-07-27 10:15:00,114.78,115.02,114.78,114.9,2390
1914,2020-07-27 10:45:00,114.96,114.96,114.59,114.91,6530
1915,2020-07-27 11:15:00,114.91,114.94,114.5,114.77,10423
1916,2020-07-27 11:45:00,114.76,115.05,114.76,115.05,4182
1917,2020-07-27 12:15:00,115.0,115.25,115.0,115.25,5824
1918,2020-07-27 12:45:00,115.25,115.25,115.01,115.23,4333
1919,2020-07-27 13:15:00,115.23,115.23,114.7,115.0,23620
1920,2020-07-27 13:45:00,115.03,115.25,115.03,115.19,6901
1921,2020-07-27 14:15:00,115.25,115.25,115.04,115.12,4699
1922,2020-07-27 14:45:00,115.12,115.22,115.0,115.19,15874
1923,2020-07-27 15:15:00,115.0,115.0,114.61,114.99,12073
1924,2020-07-28 09:15:00,115.3,115.55,115.0,115.46,31768
1925,2020-07-28 09:45:00,115.45,115.5,115.14,115.43,28824
1926,2020-07-28 10:15:00,115.3,115.35,115.08,115.27,1937
1927,2020-07-28 10:45:00,115.14,115.48,115.11,115.47,9802
1928,2020-07-28 11:15:00,115.24,115.49,115.22,115.35,2585
1929,2020-07-28 11:45:00,115.2,115.75,115.2,115.75,13742
1930,2020-07-28 12:15:00,115.75,115.96,115.6,115.9,74560
1931,2020-07-28 12:45:00,115.9,116.0,115.69,115.88,14958
1932,2020-07-28 13:15:00,115.88,115.9,115.7,115.82,221318
1933,2020-07-28 13:45:00,115.7,116.09,115.62,115.88,67190
1934,2020-07-28 14:15:00,116.0,116.38,115.97,116.38,23298
1935,2020-07-28 14:45:00,116.38,116.49,116.2,116.46,17835
1936,2020-07-28 15:15:00,116.34,116.4,116.2,116.3,30784
1937,2020-07-29 09:15:00,116.0,116.65,116.0,116.39,11684
1938,2020-07-29 09:45:00,116.34,116.39,116.16,116.22,7147
1939,2020-07-29 10:15:00,116.15,116.22,115.75,116.1,9117
1940,2020-07-29 10:45:00,116.0,116.1,116.0,116.05,37236
1941,2020-07-29 11:15:00,116.1,116.4,116.02,116.4,9183
1942,2020-07-29 11:45:00,116.34,116.5,116.15,116.15,9655
1943,2020-07-29 12:15:00,116.15,116.38,116.0,116.1,16829
1944,2020-07-29 12:45:00,116.1,116.2,115.82,116.15,10156
1945,2020-07-29 13:15:00,116.09,116.2,115.79,115.85,9342
1946,2020-07-29 13:45:00,115.85,116.01,115.5,115.5,146531
1947,2020-07-29 14:15:00,115.5,115.71,115.29,115.29,16570
1948,2020-07-29 14:45:00,115.2,115.85,115.2,115.85,22797
1949,2020-07-29 15:15:00,115.85,115.99,115.51,115.84,2827
1950,2020-07-30 09:15:00,116.0,116.37,115.35,116.1,5589
1951,2020-07-30 09:45:00,116.1,116.25,116.02,116.1,3617
1952,2020-07-30 10:15:00,116.25,116.35,116.11,116.26,9261
1953,2020-07-30 10:45:00,116.29,116.32,116.17,116.32,4860
1954,2020-07-30 11:15:00,116.26,116.4,116.26,116.39,11220
1955,2020-07-30 11:45:00,116.34,116.35,116.25,116.25,49729
1956,2020-07-30 12:15:00,116.25,116.25,116.0,116.18,5239
1957,2020-07-30 12:45:00,116.0,116.0,115.4,115.56,6848
1958,2020-07-30 13:15:00,115.36,115.5,115.25,115.5,7707
1959,2020-07-30 13:45:00,115.49,115.49,114.9,114.9,5722
1960,2020-07-30 14:15:00,114.9,115.18,114.55,114.99,29136
1961,2020-07-30 14:45:00,115.02,115.15,114.5,114.95,15782
1962,2020-07-30 15:15:00,114.55,115.0,114.5,115.0,3456
1963,2020-07-31 09:15:00,121.6,121.6,107.8,115.38,43579
1964,2020-07-31 09:45:00,115.06,115.52,114.48,114.9,20090
1965,2020-07-31 10:15:00,114.9,115.25,114.66,115.18,16080
1966,2020-07-31 10:45:00,115.18,115.25,114.72,115.0,544
1967,2020-07-31 11:15:00,115.07,115.07,114.5,114.78,2042
1968,2020-07-31 11:45:00,114.64,115.09,114.53,114.98,1790
1969,2020-07-31 12:15:00,115.0,115.0,114.66,114.79,2834
1970,2020-07-31 12:45:00,114.71,115.0,114.6,114.6,3220
1971,2020-07-31 13:15:00,114.61,114.82,114.4,114.42,49609
1972,2020-07-31 13:45:00,114.45,115.0,114.2,115.0,4460
1973,2020-07-31 14:15:00,115.0,115.0,114.51,114.81,10328
1974,2020-07-31 14:45:00,114.69,114.87,114.52,114.74,7675
1975,2020-07-31 15:15:00,114.71,114.84,114.6,114.84,6965
1976,2020-08-03 09:15:00,115.0,115.0,113.53,113.9,16463
1977,2020-08-03 09:45:00,113.89,113.89,113.36,113.53,22829
1978,2020-08-03 10:15:00,113.38,113.85,113.38,113.7,13370
1979,2020-08-03 10:45:00,113.7,113.81,113.64,113.7,4750
1980,2020-08-03 11:15:00,113.7,113.76,113.6,113.73,7413
1981,2020-08-03 11:45:00,113.79,113.79,113.6,113.67,46615
1982,2020-08-03 12:15:00,113.7,113.73,113.05,113.05,10271
1983,2020-08-03 12:45:00,113.05,113.38,113.03,113.25,27404
1984,2020-08-03 13:15:00,113.25,113.4,113.1,113.2,14733
1985,2020-08-03 13:45:00,113.28,113.3,112.79,113.0,14279
1986,2020-08-03 14:15:00,113.1,113.26,113.0,113.02,26995
1987,2020-08-03 14:45:00,113.0,113.1,112.75,112.92,15118
1988,2020-08-03 15:15:00,112.8,113.25,112.63,113.25,13211
1989,2020-08-04 09:15:00,113.5,113.62,113.0,113.22,9669
1990,2020-08-04 09:45:00,113.3,113.78,113.3,113.78,14797
1991,2020-08-04 10:15:00,113.78,114.0,113.6,113.98,5667
1992,2020-08-04 10:45:00,113.98,114.0,113.63,113.73,34393
1993,2020-08-04 11:15:00,113.73,114.02,113.69,114.02,75465
1994,2020-08-04 11:45:00,114.02,114.16,113.82,114.16,16945
1995,2020-08-04 12:15:00,114.16,114.24,113.9,114.1,129268
1996,2020-08-04 12:45:00,114.02,114.22,113.94,114.12,7225
1997,2020-08-04 13:15:00,114.1,114.2,113.8,113.92,2534
1998,2020-08-04 13:45:00,113.96,114.06,113.84,113.94,2558
1999,2020-08-04 14:15:00,113.94,114.4,113.94,114.39,8498
2000,2020-08-04 14:45:00,114.32,114.4,114.29,114.34,118197
2001,2020-08-04 15:15:00,114.4,114.75,114.35,114.75,20325
2002,2020-08-05 09:15:00,112.0,115.58,112.0,115.45,10949
2003,2020-08-05 09:45:00,115.55,115.8,115.32,115.66,32975
2004,2020-08-05 10:15:00,115.66,115.85,115.45,115.68,2572
2005,2020-08-05 10:45:00,115.69,115.74,115.45,115.73,3653
2006,2020-08-05 11:15:00,115.7,115.72,115.04,115.04,3505
2007,2020-08-05 11:45:00,115.0,115.06,114.5,114.6,12234
2008,2020-08-05 12:15:00,114.81,115.14,114.76,115.13,14474
2009,2020-08-05 12:45:00,115.13,115.13,114.72,114.72,21447
2010,2020-08-05 13:15:00,114.55,114.88,114.55,114.6,51025
2011,2020-08-05 13:45:00,114.68,114.68,114.32,114.6,23054
2012,2020-08-05 14:15:00,114.6,114.7,114.6,114.7,20717
2013,2020-08-05 14:45:00,114.68,114.68,114.46,114.48,5133
2014,2020-08-05 15:15:00,114.45,114.6,114.41,114.6,10313
2015,2020-08-06 09:15:00,115.19,115.22,114.86,115.1,8530
2016,2020-08-06 09:45:00,115.1,115.25,115.06,115.2,2562
2017,2020-08-06 10:15:00,115.24,115.4,115.12,115.4,4187
2018,2020-08-06 10:45:00,115.16,115.32,115.12,115.12,66104
2019,2020-08-06 11:15:00,115.1,115.3,115.08,115.21,4351
2020,2020-08-06 11:45:00,115.21,115.45,115.05,115.2,18539
2021,2020-08-06 12:15:00,115.45,115.7,115.3,115.69,17796
2022,2020-08-06 12:45:00,115.69,116.0,115.69,115.87,35969
2023,2020-08-06 13:15:00,115.94,115.96,115.7,115.7,13119
2024,2020-08-06 13:45:00,115.7,115.74,115.48,115.68,7133
2025,2020-08-06 14:15:00,115.46,115.49,114.85,115.28,18683
2026,2020-08-06 14:45:00,115.37,115.5,115.1,115.45,5255
2027,2020-08-06 15:15:00,115.45,115.6,115.44,115.5,10968
2028,2020-08-07 09:15:00,115.41,115.6,114.8,115.49,2884
2029,2020-08-07 09:45:00,115.53,115.68,115.35,115.6,7861
2030,2020-08-07 10:15:00,115.5,115.53,115.25,115.26,7727
2031,2020-08-07 10:45:00,115.35,115.46,115.21,115.46,12506
2032,2020-08-07 11:15:00,115.46,115.62,115.2,115.2,4791
2033,2020-08-07 11:45:00,115.48,115.8,115.3,115.63,6628
2034,2020-08-07 12:15:00,115.66,115.72,115.16,115.41,16432
2035,2020-08-07 12:45:00,115.41,115.5,115.37,115.5,3605
2036,2020-08-07 13:15:00,115.38,115.65,115.38,115.65,11501
2037,2020-08-07 13:45:00,115.63,115.63,115.34,115.45,15693
2038,2020-08-07 14:15:00,115.5,115.75,115.37,115.65,1688
2039,2020-08-07 14:45:00,115.77,115.8,115.5,115.77,4146
2040,2020-08-07 15:15:00,115.71,115.77,115.48,115.73,2364
2041,2020-08-10 09:15:00,116.0,116.75,115.88,116.75,32371
2042,2020-08-10 09:45:00,116.74,116.74,116.5,116.59,12673
2043,2020-08-10 10:15:00,116.59,116.59,116.39,116.53,15549
2044,2020-08-10 10:45:00,116.53,116.71,116.53,116.7,9083
2045,2020-08-10 11:15:00,116.7,116.93,116.69,116.93,13049
2046,2020-08-10 11:45:00,116.8,116.8,116.72,116.78,1862
2047,2020-08-10 12:15:00,116.76,116.82,116.6,116.81,16725
2048,2020-08-10 12:45:00,116.78,116.84,116.58,116.78,5239
2049,2020-08-10 13:15:00,116.8,116.84,116.55,116.56,4986
2050,2020-08-10 13:45:00,116.56,116.69,116.0,116.32,8556
2051,2020-08-10 14:15:00,116.12,116.52,116.12,116.5,1936
2052,2020-08-10 14:45:00,116.5,116.6,116.32,116.47,3984
2053,2020-08-10 15:15:00,116.32,116.59,116.3,116.44,3115
2054,2020-08-11 09:15:00,114.75,117.35,114.75,117.1,55927
2055,2020-08-11 09:45:00,117.1,117.2,116.95,116.96,9685
2056,2020-08-11 10:15:00,116.95,117.2,116.95,117.18,10431
2057,2020-08-11 10:45:00,117.16,117.16,116.8,116.83,4241
2058,2020-08-11 11:15:00,116.82,116.98,116.72,116.98,20876
2059,2020-08-11 11:45:00,116.96,116.96,116.7,116.7,4258
2060,2020-08-11 12:15:00,116.8,116.8,116.55,116.8,3494
2061,2020-08-11 12:45:00,116.8,117.05,116.8,117.0,6773
2062,2020-08-11 13:15:00,117.0,117.1,116.96,117.0,4672
2063,2020-08-11 13:45:00,117.1,117.15,117.06,117.1,5076
2064,2020-08-11 14:15:00,117.16,117.18,116.91,117.1,6291
2065,2020-08-11 14:45:00,117.0,117.1,116.78,116.98,1374
2066,2020-08-11 15:15:00,116.98,117.03,116.65,116.9,5701
2067,2020-08-12 09:15:00,116.82,116.82,115.8,116.35,50162
2068,2020-08-12 09:45:00,116.4,116.4,116.22,116.29,4931
2069,2020-08-12 10:15:00,116.33,116.36,116.12,116.25,8022
2070,2020-08-12 10:45:00,116.24,116.62,116.12,116.6,7670
2071,2020-08-12 11:15:00,116.6,116.73,116.5,116.72,2765
2072,2020-08-12 11:45:00,116.54,116.71,116.54,116.64,2997
2073,2020-08-12 12:15:00,116.64,116.65,116.5,116.58,17754
2074,2020-08-12 12:45:00,116.58,116.7,116.55,116.58,33094
2075,2020-08-12 13:15:00,116.58,116.7,116.5,116.5,2723
2076,2020-08-12 13:45:00,116.56,116.7,116.5,116.5,717
2077,2020-08-12 14:15:00,116.5,116.93,116.46,116.93,8632
2078,2020-08-12 14:45:00,116.9,117.0,116.51,116.75,44605
2079,2020-08-12 15:15:00,116.7,116.75,116.47,116.55,1999
2080,2020-08-13 09:15:00,117.09,117.23,116.75,117.0,12236
2081,2020-08-13 09:45:00,117.1,117.25,116.98,117.0,28624
2082,2020-08-13 10:15:00,117.0,117.18,117.0,117.03,17032
2083,2020-08-13 10:45:00,117.18,117.18,117.04,117.18,990
2084,2020-08-13 11:15:00,117.0,117.17,116.77,116.77,2785
2085,2020-08-13 11:45:00,116.76,116.87,116.75,116.77,998
2086,2020-08-13 12:15:00,116.75,116.82,116.5,116.82,10202
2087,2020-08-13 12:45:00,116.81,116.92,116.58,116.86,1814
2088,2020-08-13 13:15:00,116.64,116.86,116.64,116.7,816
2089,2020-08-13 13:45:00,116.7,116.98,116.7,116.9,3329
2090,2020-08-13 14:15:00,116.9,117.0,116.8,116.89,3711
2091,2020-08-13 14:45:00,116.88,116.96,116.54,116.86,9674
2092,2020-08-13 15:15:00,116.52,117.0,116.52,116.99,2453
2093,2020-08-14 09:15:00,116.91,117.31,116.91,117.18,19911
2094,2020-08-14 09:45:00,117.01,117.15,117.01,117.05,5447
2095,2020-08-14 10:15:00,117.09,117.09,116.8,116.8,14391
2096,2020-08-14 10:45:00,116.9,117.1,116.71,116.86,12288
2097,2020-08-14 11:15:00,117.06,117.06,116.85,116.85,411
2098,2020-08-14 11:45:00,116.98,117.15,116.86,117.15,13856
2099,2020-08-14 12:15:00,117.15,117.27,117.08,117.2,8469
2100,2020-08-14 12:45:00,117.2,117.2,117.0,117.0,4226
2101,2020-08-14 13:15:00,117.01,117.01,116.36,116.36,13060
2102,2020-08-14 13:45:00,116.35,116.35,115.8,116.05,52028
2103,2020-08-14 14:15:00,115.98,115.98,115.21,115.81,34191
2104,2020-08-14 14:45:00,115.81,115.99,115.7,115.9,13537
2105,2020-08-14 15:15:00,115.9,116.1,115.86,115.91,3904
2106,2020-08-17 09:15:00,116.2,116.95,115.55,115.55,16609
2107,2020-08-17 09:45:00,115.55,116.14,115.55,116.14,27245
2108,2020-08-17 10:15:00,116.14,116.14,115.78,116.0,26145
2109,2020-08-17 10:45:00,116.0,116.16,115.78,115.95,2465
2110,2020-08-17 11:15:00,115.94,115.94,115.75,115.85,1445
2111,2020-08-17 11:45:00,115.75,116.06,115.68,116.06,5729
2112,2020-08-17 12:15:00,116.06,116.06,115.84,116.0,3245
2113,2020-08-17 12:45:00,116.0,116.0,115.74,115.8,20925
2114,2020-08-17 13:15:00,115.8,115.98,115.65,115.94,26373
2115,2020-08-17 13:45:00,115.93,116.0,115.74,115.76,25500
2116,2020-08-17 14:15:00,115.6,115.94,115.45,115.94,9968
2117,2020-08-17 14:45:00,115.97,116.22,115.73,116.2,29540
2118,2020-08-17 15:15:00,116.19,116.33,116.0,116.12,3320
2119,2020-08-18 09:15:00,115.97,116.79,115.97,116.79,13960
2120,2020-08-18 09:45:00,116.8,116.8,116.65,116.75,2934
2121,2020-08-18 10:15:00,116.79,116.98,116.76,116.88,4071
2122,2020-08-18 10:45:00,116.91,116.94,116.8,116.9,24642
2123,2020-08-18 11:15:00,116.95,117.0,116.78,116.85,13800
2124,2020-08-18 11:45:00,116.91,116.93,116.64,116.78,5841
2125,2020-08-18 12:15:00,116.78,116.91,116.7,116.7,2315
2126,2020-08-18 12:45:00,116.84,116.99,116.76,116.95,1603
2127,2020-08-18 13:15:00,116.97,116.98,116.9,116.95,3808
2128,2020-08-18 13:45:00,116.98,117.36,116.9,117.36,8613
2129,2020-08-18 14:15:00,117.4,117.49,117.3,117.4,9916
2130,2020-08-18 14:45:00,117.36,117.59,117.35,117.38,22703
2131,2020-08-18 15:15:00,117.32,117.55,117.32,117.39,40649
2132,2020-08-19 09:15:00,117.7,118.0,117.45,117.95,7506
2133,2020-08-19 09:45:00,117.99,118.0,117.78,117.83,8185
2134,2020-08-19 10:15:00,117.83,118.0,117.81,118.0,1722
2135,2020-08-19 10:45:00,118.0,118.05,117.91,118.0,5039
2136,2020-08-19 11:15:00,117.96,117.98,117.78,117.94,9175
2137,2020-08-19 11:45:00,117.95,117.97,117.94,117.95,2088
2138,2020-08-19 12:15:00,117.97,117.99,117.95,117.98,1061
2139,2020-08-19 12:45:00,117.98,118.1,117.95,118.0,3213
2140,2020-08-19 13:15:00,118.0,118.1,117.95,118.0,1299
2141,2020-08-19 13:45:00,118.0,118.3,117.95,118.1,8564
2142,2020-08-19 14:15:00,118.1,118.1,118.05,118.1,1130
2143,2020-08-19 14:45:00,118.1,118.18,117.8,117.8,15698
2144,2020-08-19 15:15:00,117.8,118.0,117.55,117.91,816
2145,2020-08-20 09:15:00,117.91,118.9,116.7,116.96,10545
2146,2020-08-20 09:45:00,116.96,117.0,116.88,116.98,6248
2147,2020-08-20 10:15:00,116.98,117.18,116.91,117.18,623
2148,2020-08-20 10:45:00,117.12,117.16,116.9,116.9,1476
2149,2020-08-20 11:15:00,117.0,117.0,116.9,116.99,1384
2150,2020-08-20 11:45:00,117.0,117.17,116.92,117.17,4984
2151,2020-08-20 12:15:00,117.08,117.2,116.74,116.89,7291
2152,2020-08-20 12:45:00,116.89,116.9,116.68,116.9,38725
2153,2020-08-20 13:15:00,117.08,117.3,116.82,116.82,58901
2154,2020-08-20 13:45:00,116.8,116.85,116.46,116.79,108415
2155,2020-08-20 14:15:00,116.79,116.96,116.66,116.9,77032
2156,2020-08-20 14:45:00,116.96,116.99,116.88,116.88,1471
2157,2020-08-20 15:15:00,116.85,116.86,116.72,116.72,10482
2158,2020-08-21 09:15:00,117.0,117.99,117.0,117.93,8346
2159,2020-08-21 09:45:00,117.76,117.9,117.6,117.8,6446
2160,2020-08-21 10:15:00,117.8,117.94,117.7,117.71,3043
2161,2020-08-21 10:45:00,117.92,117.93,117.65,117.75,1067
2162,2020-08-21 11:15:00,117.91,117.91,117.6,117.6,1535
2163,2020-08-21 11:45:00,117.65,117.73,117.51,117.62,4116
2164,2020-08-21 12:15:00,117.62,117.76,117.59,117.76,26176
2165,2020-08-21 12:45:00,117.76,117.76,117.66,117.73,5546
2166,2020-08-21 13:15:00,117.73,117.77,117.62,117.75,5362
2167,2020-08-21 13:45:00,117.62,117.75,117.59,117.65,7896
2168,2020-08-21 14:15:00,117.65,117.76,117.65,117.76,650
2169,2020-08-21 14:45:00,117.76,117.77,117.63,117.64,7794
2170,2020-08-21 15:15:00,117.65,117.79,117.38,117.38,4589
2171,2020-08-24 09:15:00,118.2,118.28,117.82,117.95,22835
2172,2020-08-24 09:45:00,118.0,118.1,117.82,118.1,15446
2173,2020-08-24 10:15:00,118.22,118.34,118.08,118.23,6114
2174,2020-08-24 10:45:00,118.12,118.44,118.1,118.44,56441
2175,2020-08-24 11:15:00,118.44,118.55,118.31,118.45,22295
2176,2020-08-24 11:45:00,118.45,118.55,118.32,118.5,2970
2177,2020-08-24 12:15:00,118.56,119.1,118.54,119.1,36025
2178,2020-08-24 12:45:00,119.1,119.18,118.46,118.72,59730
2179,2020-08-24 13:15:00,118.72,118.78,118.52,118.71,2747
2180,2020-08-24 13:45:00,118.72,118.76,118.42,118.54,55305
2181,2020-08-24 14:15:00,118.7,118.74,118.55,118.7,1250
2182,2020-08-24 14:45:00,118.65,118.65,118.4,118.43,9133
2183,2020-08-24 15:15:00,118.44,118.64,118.26,118.26,6918
2184,2020-08-25 09:15:00,125.6,125.6,118.66,118.75,10165
2185,2020-08-25 09:45:00,118.68,118.86,118.6,118.62,13374
2186,2020-08-25 10:15:00,118.64,118.78,118.12,118.3,4650
2187,2020-08-25 10:45:00,118.28,118.5,118.0,118.48,39779
2188,2020-08-25 11:15:00,118.46,118.5,118.25,118.4,5003
2189,2020-08-25 11:45:00,118.5,118.68,118.4,118.66,4224
2190,2020-08-25 12:15:00,118.54,118.74,118.5,118.74,3006
2191,2020-08-25 12:45:00,118.7,118.86,118.64,118.86,1757
2192,2020-08-25 13:15:00,118.88,118.9,118.6,118.8,359
2193,2020-08-25 13:45:00,118.6,118.79,118.52,118.52,6381
2194,2020-08-25 14:15:00,118.5,118.5,118.28,118.29,2516
2195,2020-08-25 14:45:00,118.28,118.5,118.19,118.4,21329
2196,2020-08-25 15:15:00,118.4,118.68,118.35,118.4,14205
2197,2020-08-26 09:15:00,118.45,118.88,118.45,118.8,6597
2198,2020-08-26 09:45:00,118.65,118.66,118.42,118.6,2832
2199,2020-08-26 10:15:00,118.62,118.65,118.52,118.64,3068
2200,2020-08-26 10:45:00,118.6,118.65,118.5,118.5,6356
2201,2020-08-26 11:15:00,118.46,118.65,118.44,118.65,14860
2202,2020-08-26 11:45:00,118.64,118.64,118.56,118.63,376
2203,2020-08-26 12:15:00,118.68,118.7,118.56,118.68,4978
2204,2020-08-26 12:45:00,118.68,118.7,118.62,118.62,12455
2205,2020-08-26 13:15:00,118.7,118.75,118.64,118.75,5101
2206,2020-08-26 13:45:00,118.75,118.98,118.75,118.98,41281
2207,2020-08-26 14:15:00,118.9,119.19,118.9,119.11,23273
2208,2020-08-26 14:45:00,119.15,119.27,119.06,119.26,12745
2209,2020-08-26 15:15:00,119.26,119.37,119.23,119.35,4963
2210,2020-08-27 09:15:00,126.4,126.4,119.33,119.69,12533
2211,2020-08-27 09:45:00,119.69,119.72,119.56,119.59,6464
2212,2020-08-27 10:15:00,119.74,119.75,119.58,119.75,8161
2213,2020-08-27 10:45:00,119.75,119.75,119.5,119.7,14135
2214,2020-08-27 11:15:00,119.75,119.75,119.67,119.67,3390
2215,2020-08-27 11:45:00,119.67,119.74,119.65,119.74,1301
2216,2020-08-27 12:15:00,119.66,119.8,119.62,119.77,9324
2217,2020-08-27 12:45:00,119.77,119.89,119.66,119.74,2074
2218,2020-08-27 13:15:00,119.65,119.74,119.5,119.5,3906
2219,2020-08-27 13:45:00,119.48,119.64,119.42,119.6,2396
2220,2020-08-27 14:15:00,119.52,119.58,119.41,119.41,3371
2221,2020-08-27 14:45:00,119.41,119.64,119.41,119.5,4300
2222,2020-08-27 15:15:00,119.57,119.6,119.45,119.47,2512
2223,2020-08-28 09:15:00,125.0,125.0,119.75,119.87,38798
2224,2020-08-28 09:45:00,119.99,119.99,119.8,119.88,2998
2225,2020-08-28 10:15:00,119.88,119.98,119.75,119.95,55276
2226,2020-08-28 10:45:00,119.82,120.0,119.82,119.95,697
2227,2020-08-28 11:15:00,119.98,120.45,119.98,120.4,4088
2228,2020-08-28 11:45:00,120.45,120.6,120.3,120.52,4743
2229,2020-08-28 12:15:00,120.4,120.52,120.25,120.29,4151
2230,2020-08-28 12:45:00,120.29,120.29,120.03,120.05,13634
2231,2020-08-28 13:15:00,120.05,120.14,120.0,120.11,7515
2232,2020-08-28 13:45:00,120.11,120.25,120.05,120.16,4562
2233,2020-08-28 14:15:00,120.14,120.45,120.14,120.3,2642
2234,2020-08-28 14:45:00,120.28,120.44,120.28,120.33,1236
2235,2020-08-28 15:15:00,120.49,120.5,120.03,120.26,21925
2236,2020-08-31 09:15:00,127.5,127.5,121.0,121.34,30712
2237,2020-08-31 09:45:00,121.28,121.53,121.22,121.4,24871
2238,2020-08-31 10:15:00,121.4,121.4,121.0,121.15,31377
2239,2020-08-31 10:45:00,121.11,121.11,120.5,120.5,28738
2240,2020-08-31 11:15:00,120.5,120.72,119.3,119.3,50226
2241,2020-08-31 11:45:00,119.3,119.76,118.98,119.47,14345
2242,2020-08-31 12:15:00,119.47,119.95,119.28,119.58,21971
2243,2020-08-31 12:45:00,119.75,119.75,119.0,119.1,14830
2244,2020-08-31 13:15:00,119.1,119.1,118.25,118.35,22160
2245,2020-08-31 13:45:00,118.35,118.77,118.3,118.64,18317
2246,2020-08-31 14:15:00,118.45,118.45,117.5,117.62,16932
2247,2020-08-31 14:45:00,117.62,118.34,117.55,118.25,39245
2248,2020-08-31 15:15:00,118.39,118.5,117.7,117.81,17297
2249,2020-09-01 09:15:00,125.2,125.2,117.75,119.15,22840
2250,2020-09-01 09:45:00,119.25,119.25,117.74,118.41,54159
2251,2020-09-01 10:15:00,118.58,118.6,118.04,118.49,25460
2252,2020-09-01 10:45:00,118.54,118.7,118.12,118.12,11159
2253,2020-09-01 11:15:00,118.22,118.95,118.0,118.69,11325
2254,2020-09-01 11:45:00,118.69,118.69,118.2,118.55,22631
2255,2020-09-01 12:15:00,118.54,118.82,118.14,118.6,4098
2256,2020-09-01 12:45:00,118.72,119.3,118.62,119.3,19526
2257,2020-09-01 13:15:00,119.25,119.28,118.82,118.97,7723
2258,2020-09-01 13:45:00,118.92,119.24,118.5,119.12,25141
2259,2020-09-01 14:15:00,119.12,119.18,118.2,118.65,30557
2260,2020-09-01 14:45:00,118.68,118.92,118.59,118.92,15906
2261,2020-09-01 15:15:00,118.84,119.06,118.84,118.93,1326
2262,2020-09-02 09:15:00,122.5,123.4,118.31,118.73,16383
2263,2020-09-02 09:45:00,118.81,119.16,118.79,118.9,13991
2264,2020-09-02 10:15:00,118.88,119.04,118.26,118.26,7712
2265,2020-09-02 10:45:00,118.26,118.84,118.26,118.7,887
2266,2020-09-02 11:15:00,118.91,119.0,118.75,119.0,4564
2267,2020-09-02 11:45:00,119.0,119.0,118.8,118.96,1052
2268,2020-09-02 12:15:00,118.95,118.95,118.6,118.94,2905
2269,2020-09-02 12:45:00,118.96,118.96,118.66,118.94,3194
2270,2020-09-02 13:15:00,118.79,118.79,118.66,118.7,1797
2271,2020-09-02 13:45:00,118.78,119.13,118.78,119.05,24473
2272,2020-09-02 14:15:00,119.1,119.52,119.1,119.4,15422
2273,2020-09-02 14:45:00,119.4,119.6,119.28,119.48,2406
2274,2020-09-02 15:15:00,119.55,119.7,119.4,119.5,3724
2275,2020-09-03 09:15:00,119.53,119.8,119.16,119.46,8134
2276,2020-09-03 09:45:00,119.35,119.5,119.18,119.49,2538
2277,2020-09-03 10:15:00,119.49,119.52,119.32,119.46,2673
2278,2020-09-03 10:45:00,119.32,119.56,119.24,119.4,6810
2279,2020-09-03 11:15:00,119.4,119.45,119.08,119.08,3340
2280,2020-09-03 11:45:00,119.1,119.32,119.0,119.15,2028
2281,2020-09-03 12:15:00,119.05,119.28,118.96,119.25,13764
2282,2020-09-03 12:45:00,119.25,119.64,119.19,119.57,17889
2283,2020-09-03 13:15:00,119.6,119.6,119.3,119.44,796
2284,2020-09-03 13:45:00,119.41,119.42,119.41,119.41,1530
2285,2020-09-03 14:15:00,119.41,119.41,119.16,119.2,1932
2286,2020-09-03 14:45:00,119.31,119.42,119.2,119.21,3228
2287,2020-09-03 15:15:00,119.21,119.42,119.21,119.21,268
2288,2020-09-04 09:15:00,118.0,118.0,117.44,117.88,30200
2289,2020-09-04 09:45:00,117.88,118.13,117.88,118.1,7640
2290,2020-09-04 10:15:00,118.2,118.2,118.0,118.02,10250
2291,2020-09-04 10:45:00,118.01,118.32,117.95,118.32,3395
2292,2020-09-04 11:15:00,118.32,118.34,118.15,118.27,1893
2293,2020-09-04 11:45:00,118.27,118.29,118.15,118.24,5293
2294,2020-09-04 12:15:00,118.24,118.34,118.06,118.26,15382
2295,2020-09-04 12:45:00,118.28,118.6,118.25,118.6,5120
2296,2020-09-04 13:15:00,118.6,118.75,118.39,118.39,2339
2297,2020-09-04 13:45:00,118.49,118.58,118.2,118.26,14879
2298,2020-09-04 14:15:00,118.17,118.35,117.51,117.6,13479
2299,2020-09-04 14:45:00,117.6,117.61,117.16,117.16,38466
2300,2020-09-04 15:15:00,117.16,117.81,117.16,117.8,6962
2301,2020-09-07 09:15:00,118.0,118.0,116.56,116.85,24272
2302,2020-09-07 09:45:00,116.83,117.1,116.7,117.1,16273
2303,2020-09-07 10:15:00,117.12,117.12,116.7,116.99,55645
2304,2020-09-07 10:45:00,116.98,117.12,116.85,117.01,13559
2305,2020-09-07 11:15:00,117.02,117.22,116.98,117.1,56289
2306,2020-09-07 11:45:00,117.1,117.1,116.89,117.04,3633
2307,2020-09-07 12:15:00,117.04,117.1,116.85,116.9,24832
2308,2020-09-07 12:45:00,116.9,116.99,116.81,116.99,27061
2309,2020-09-07 13:15:00,117.0,117.23,117.0,117.22,29379
2310,2020-09-07 13:45:00,117.18,117.53,117.0,117.39,23164
2311,2020-09-07 14:15:00,117.4,117.43,116.75,117.06,24005
2312,2020-09-07 14:45:00,117.06,117.5,116.96,117.5,23875
2313,2020-09-07 15:15:00,117.55,117.97,117.3,117.78,8240
2314,2020-09-08 09:15:00,117.32,117.56,117.22,117.54,10386
2315,2020-09-08 09:45:00,117.62,117.7,117.34,117.67,3431
2316,2020-09-08 10:15:00,117.71,117.94,117.71,117.94,151
2317,2020-09-08 10:45:00,117.95,118.08,117.86,117.92,3206
2318,2020-09-08 11:15:00,118.0,118.0,117.85,117.88,527
2319,2020-09-08 11:45:00,117.88,118.18,117.85,118.1,8522
2320,2020-09-08 12:15:00,118.12,118.22,117.89,118.22,1794
2321,2020-09-08 12:45:00,118.22,118.28,117.98,118.1,2286
2322,2020-09-08 13:15:00,118.1,118.1,117.7,117.75,13981
2323,2020-09-08 13:45:00,117.72,117.92,117.7,117.92,773
2324,2020-09-08 14:15:00,117.84,117.84,117.3,117.47,27435
2325,2020-09-08 14:45:00,117.47,117.48,116.9,117.15,3744
2326,2020-09-08 15:15:00,117.12,117.18,116.75,116.93,4757
2327,2020-09-09 09:15:00,116.27,116.6,116.13,116.56,170005
2328,2020-09-09 09:45:00,116.5,116.55,116.12,116.39,19814
2329,2020-09-09 10:15:00,116.39,116.56,116.26,116.56,23132
2330,2020-09-09 10:45:00,116.56,116.67,116.3,116.35,18242
2331,2020-09-09 11:15:00,116.49,116.54,116.3,116.37,4289
2332,2020-09-09 11:45:00,116.3,116.37,116.0,116.0,11378
2333,2020-09-09 12:15:00,116.0,116.4,115.96,116.4,16427
2334,2020-09-09 12:45:00,116.38,116.5,116.0,116.22,38542
2335,2020-09-09 13:15:00,116.28,116.54,116.22,116.46,4594
2336,2020-09-09 13:45:00,116.46,116.55,116.26,116.26,4011
2337,2020-09-09 14:15:00,116.28,116.7,116.2,116.7,2969
2338,2020-09-09 14:45:00,116.7,116.8,116.45,116.8,5420
2339,2020-09-09 15:15:00,116.88,116.9,116.8,116.9,2481
2340,2020-09-10 09:15:00,117.3,117.52,117.0,117.25,21175
2341,2020-09-10 09:45:00,117.16,117.42,117.16,117.39,8026
2342,2020-09-10 10:15:00,117.39,117.55,117.2,117.55,1249
2343,2020-09-10 10:45:00,117.55,117.89,117.55,117.8,2519
2344,2020-09-10 11:15:00,117.8,117.9,117.7,117.8,203407
2345,2020-09-10 11:45:00,117.8,117.9,117.79,117.8,100527
2346,2020-09-10 12:15:00,117.8,118.14,117.7,118.14,118887
2347,2020-09-10 12:45:00,118.14,118.14,117.6,117.69,5912
2348,2020-09-10 13:15:00,117.6,117.72,117.4,117.68,409
2349,2020-09-10 13:45:00,117.53,117.7,117.36,117.63,1645
2350,2020-09-10 14:15:00,117.6,117.94,117.6,117.82,1075
2351,2020-09-10 14:45:00,117.85,118.15,117.82,118.13,13619
2352,2020-09-10 15:15:00,118.2,118.34,118.1,118.34,16208
2353,2020-09-11 09:15:00,117.9,118.53,117.9,118.0,35310
2354,2020-09-11 09:45:00,118.24,118.28,117.98,118.16,17908
2355,2020-09-11 10:15:00,118.2,118.28,118.08,118.22,672
2356,2020-09-11 10:45:00,118.19,118.5,118.16,118.16,3383
2357,2020-09-11 11:15:00,118.25,118.3,118.0,118.11,5410
2358,2020-09-11 11:45:00,118.2,118.29,117.96,118.29,12489
2359,2020-09-11 12:15:00,118.3,118.37,118.19,118.28,1185
2360,2020-09-11 12:45:00,118.32,118.39,117.9,117.9,11863
2361,2020-09-11 13:15:00,117.9,118.09,117.82,118.04,28637
2362,2020-09-11 13:45:00,118.06,118.26,117.91,118.18,783
2363,2020-09-11 14:15:00,118.29,118.3,118.06,118.16,557
2364,2020-09-11 14:45:00,118.12,118.44,118.12,118.34,6069
2365,2020-09-11 15:15:00,118.35,118.46,118.28,118.46,6436
2366,2020-09-14 09:15:00,122.45,122.45,118.6,119.12,13069
2367,2020-09-14 09:45:00,119.02,119.22,119.0,119.0,6865
2368,2020-09-14 10:15:00,119.0,119.19,119.0,119.14,11475
2369,2020-09-14 10:45:00,119.19,119.19,119.14,119.14,331
2370,2020-09-14 11:15:00,119.15,119.6,119.14,119.5,53182
2371,2020-09-14 11:45:00,119.5,119.5,119.31,119.31,3392
2372,2020-09-14 12:15:00,119.31,119.49,119.2,119.25,5504
2373,2020-09-14 12:45:00,119.25,119.38,119.14,119.25,4091
2374,2020-09-14 13:15:00,119.25,119.25,118.9,118.9,2059
2375,2020-09-14 13:45:00,119.04,119.08,118.25,118.46,8850
2376,2020-09-14 14:15:00,118.46,118.46,118.0,118.15,4761
2377,2020-09-14 14:45:00,118.15,118.84,118.15,118.4,7872
2378,2020-09-14 15:15:00,118.5,118.5,118.04,118.34,2742
2379,2020-09-15 09:15:00,118.8,118.92,118.57,118.7,6342
2380,2020-09-15 09:45:00,118.7,119.0,118.64,118.74,4945
2381,2020-09-15 10:15:00,119.0,119.0,118.72,118.78,634
2382,2020-09-15 10:45:00,118.78,118.78,118.44,118.72,2125
2383,2020-09-15 11:15:00,118.7,118.9,118.55,118.78,1834
2384,2020-09-15 11:45:00,118.8,119.0,118.8,119.0,1594
2385,2020-09-15 12:15:00,118.74,118.93,118.69,118.89,5857
2386,2020-09-15 12:45:00,118.9,119.0,118.5,118.5,8805
2387,2020-09-15 13:15:00,118.67,118.84,118.65,118.84,167
2388,2020-09-15 13:45:00,118.9,119.0,118.86,118.99,348
2389,2020-09-15 14:15:00,118.95,119.15,118.95,119.15,2373
2390,2020-09-15 14:45:00,119.15,119.18,119.1,119.1,2717
2391,2020-09-15 15:15:00,119.1,119.13,118.99,119.05,2350
2392,2020-09-16 09:15:00,120.0,120.0,118.86,119.29,16340
2393,2020-09-16 09:45:00,119.25,119.3,119.16,119.16,2777
2394,2020-09-16 10:15:00,119.16,119.4,119.16,119.4,2659
2395,2020-09-16 10:45:00,119.4,119.4,119.31,119.4,488
2396,2020-09-16 11:15:00,119.4,119.4,119.16,119.24,1253
2397,2020-09-16 11:45:00,119.2,119.25,119.12,119.14,1437
2398,2020-09-16 12:15:00,119.14,119.38,119.14,119.38,4883
2399,2020-09-16 12:45:00,119.38,119.72,119.3,119.61,5241
2400,2020-09-16 13:15:00,119.52,119.61,119.49,119.55,1053
2401,2020-09-16 13:45:00,119.6,119.73,119.59,119.7,267
2402,2020-09-16 14:15:00,119.6,119.8,119.59,119.7,168677
2403,2020-09-16 14:45:00,119.66,120.0,119.63,119.88,33982
2404,2020-09-16 15:15:00,119.82,119.98,119.59,119.85,5389
2405,2020-09-17 09:15:00,119.62,119.62,118.9,119.39,9712
2406,2020-09-17 09:45:00,119.4,119.6,119.4,119.58,727
2407,2020-09-17 10:15:00,119.58,119.62,119.35,119.54,5349
2408,2020-09-17 10:45:00,119.46,119.63,119.4,119.48,2018
2409,2020-09-17 11:15:00,119.31,119.48,119.26,119.26,1750
2410,2020-09-17 11:45:00,119.2,119.2,118.83,118.98,7919
2411,2020-09-17 12:15:00,118.98,119.13,118.9,119.12,3935
2412,2020-09-17 12:45:00,119.12,119.28,119.0,119.0,3769
2413,2020-09-17 13:15:00,119.09,119.2,119.0,119.1,5608
2414,2020-09-17 13:45:00,119.1,119.28,119.1,119.2,3828
2415,2020-09-17 14:15:00,119.13,119.42,119.13,119.34,4862
2416,2020-09-17 14:45:00,119.34,119.34,119.0,119.28,4226
2417,2020-09-17 15:15:00,119.28,119.41,119.09,119.41,228
2418,2020-09-18 09:15:00,119.59,119.83,119.34,119.51,5940
2419,2020-09-18 09:45:00,119.55,119.65,119.46,119.46,4344
2420,2020-09-18 10:15:00,119.45,119.52,119.26,119.52,4588
2421,2020-09-18 10:45:00,119.5,119.52,119.2,119.2,2847
2422,2020-09-18 11:15:00,119.39,119.45,119.27,119.45,450
2423,2020-09-18 11:45:00,119.4,119.49,119.36,119.49,323
2424,2020-09-18 12:15:00,119.49,119.5,119.48,119.5,3725
2425,2020-09-18 12:45:00,119.5,119.5,119.42,119.42,4017
2426,2020-09-18 13:15:00,119.37,119.5,119.36,119.4,275
2427,2020-09-18 13:45:00,119.52,119.8,119.52,119.8,9003
2428,2020-09-18 14:15:00,119.8,119.8,118.29,118.73,29190
2429,2020-09-18 14:45:00,118.73,119.28,118.6,119.25,2440
2430,2020-09-18 15:15:00,119.33,119.4,119.0,119.19,2809
2431,2020-09-21 09:15:00,119.5,119.5,118.0,118.89,7262
2432,2020-09-21 09:45:00,118.81,118.9,118.57,118.9,2925
2433,2020-09-21 10:15:00,118.81,119.0,118.78,118.82,194092
2434,2020-09-21 10:45:00,118.8,118.93,118.7,118.76,34697
2435,2020-09-21 11:15:00,118.76,118.8,118.51,118.66,92327
2436,2020-09-21 11:45:00,118.66,118.98,118.57,118.9,11340
2437,2020-09-21 12:15:00,118.75,118.85,118.24,118.58,6137
2438,2020-09-21 12:45:00,118.56,118.68,118.32,118.48,3651
2439,2020-09-21 13:15:00,118.42,118.42,117.9,118.0,106240
2440,2020-09-21 13:45:00,117.76,117.95,117.2,117.33,31304
2441,2020-09-21 14:15:00,117.33,117.33,116.7,117.27,63287
2442,2020-09-21 14:45:00,117.27,117.27,116.61,116.7,78602
2443,2020-09-21 15:15:00,116.7,116.73,116.3,116.38,17385
2444,2020-09-22 09:15:00,120.0,120.0,115.3,115.79,52268
2445,2020-09-22 09:45:00,115.73,115.99,115.06,115.7,26402
2446,2020-09-22 10:15:00,115.7,116.16,115.65,116.07,21051
2447,2020-09-22 10:45:00,116.03,116.04,115.13,115.32,102134
2448,2020-09-22 11:15:00,115.32,115.68,115.21,115.68,2558
2449,2020-09-22 11:45:00,115.69,115.81,115.5,115.7,9890
2450,2020-09-22 12:15:00,115.68,115.75,115.45,115.75,7509
2451,2020-09-22 12:45:00,115.75,116.0,115.66,115.85,3650
2452,2020-09-22 13:15:00,115.8,116.18,115.78,116.18,1467
2453,2020-09-22 13:45:00,116.18,116.42,115.49,115.49,44911
2454,2020-09-22 14:15:00,115.45,115.69,115.21,115.36,14484
2455,2020-09-22 14:45:00,115.39,115.63,115.24,115.63,12097
2456,2020-09-22 15:15:00,115.63,115.84,115.5,115.84,2327
2457,2020-09-23 09:15:00,122.5,122.5,115.84,116.26,20667
2458,2020-09-23 09:45:00,116.1,116.23,115.78,115.99,9349
2459,2020-09-23 10:15:00,116.08,116.3,116.08,116.3,769
2460,2020-09-23 10:45:00,116.27,116.36,116.17,116.24,14118
2461,2020-09-23 11:15:00,116.27,116.3,116.04,116.09,767
2462,2020-09-23 11:45:00,116.15,116.15,115.33,115.4,9000
2463,2020-09-23 12:15:00,115.39,115.61,115.06,115.16,6733
2464,2020-09-23 12:45:00,115.1,115.55,114.8,115.24,9810
2465,2020-09-23 13:15:00,115.3,115.3,114.58,114.58,22014
2466,2020-09-23 13:45:00,114.58,114.68,114.25,114.53,16578
2467,2020-09-23 14:15:00,114.5,115.2,114.43,114.75,19223
2468,2020-09-23 14:45:00,114.93,115.48,114.8,115.3,54293
2469,2020-09-23 15:15:00,115.17,115.39,115.06,115.39,4132
2470,2020-09-24 09:15:00,132.5,132.5,113.5,113.9,21205
2471,2020-09-24 09:45:00,113.86,113.96,113.56,113.71,15115
2472,2020-09-24 10:15:00,113.71,113.74,113.29,113.41,17550
2473,2020-09-24 10:45:00,113.44,113.44,112.9,113.12,120375
2474,2020-09-24 11:15:00,113.12,113.37,112.86,113.22,22687
2475,2020-09-24 11:45:00,113.21,113.21,112.82,113.0,8148
2476,2020-09-24 12:15:00,113.0,113.18,112.8,113.0,40071
2477,2020-09-24 12:45:00,113.05,113.3,112.92,113.27,16254
2478,2020-09-24 13:15:00,113.31,113.38,112.9,113.0,16321
2479,2020-09-24 13:45:00,113.0,113.0,112.65,112.87,16007
2480,2020-09-24 14:15:00,112.87,113.0,112.32,112.55,30631
2481,2020-09-24 14:45:00,112.55,112.66,112.05,112.09,73800
2482,2020-09-24 15:15:00,112.09,112.5,112.01,112.5,23354
2483,2020-09-25 09:15:00,114.5,114.5,112.65,113.2,18045
2484,2020-09-25 09:45:00,113.2,113.34,112.63,112.7,24419
2485,2020-09-25 10:15:00,112.7,113.21,112.52,112.88,5856
2486,2020-09-25 10:45:00,112.85,113.27,112.81,113.23,12959
2487,2020-09-25 11:15:00,113.26,113.48,113.1,113.24,5426
2488,2020-09-25 11:45:00,113.27,113.74,113.2,113.74,8484
2489,2020-09-25 12:15:00,113.78,114.1,113.69,114.07,12111
2490,2020-09-25 12:45:00,114.05,114.15,113.9,113.92,10660
2491,2020-09-25 13:15:00,113.9,114.14,113.7,113.78,4333
2492,2020-09-25 13:45:00,113.78,114.35,113.65,114.3,4781
2493,2020-09-25 14:15:00,114.45,114.74,114.34,114.7,28285
2494,2020-09-25 14:45:00,114.66,114.76,114.45,114.66,5430
2495,2020-09-25 15:15:00,114.6,114.6,114.4,114.5,19531
2496,2020-09-28 09:15:00,118.0,120.0,114.87,115.4,11043
2497,2020-09-28 09:45:00,115.4,115.58,115.11,115.57,11144
2498,2020-09-28 10:15:00,115.57,115.87,115.41,115.74,63670
2499,2020-09-28 10:45:00,115.78,116.06,115.78,116.06,29612
2500,2020-09-28 11:15:00,115.8,116.06,115.8,116.05,2805
2501,2020-09-28 11:45:00,116.0,116.15,115.68,115.9,16426
2502,2020-09-28 12:15:00,116.02,116.09,115.83,115.93,3223
2503,2020-09-28 12:45:00,115.93,116.3,115.88,116.17,6908
2504,2020-09-28 13:15:00,116.17,116.21,115.91,116.12,8152
2505,2020-09-28 13:45:00,116.12,116.23,116.05,116.23,4708
2506,2020-09-28 14:15:00,116.22,116.23,116.05,116.1,4190
2507,2020-09-28 14:45:00,116.32,116.35,116.05,116.35,2895
2508,2020-09-28 15:15:00,116.34,116.35,116.1,116.35,1647
2509,2020-09-29 09:15:00,116.5,116.89,116.5,116.5,19337
2510,2020-09-29 09:45:00,116.5,116.88,116.18,116.39,5558
2511,2020-09-29 10:15:00,116.3,116.69,116.28,116.45,4193
2512,2020-09-29 10:45:00,116.44,116.44,115.98,116.0,7565
2513,2020-09-29 11:15:00,115.98,116.39,115.79,116.23,4668
2514,2020-09-29 11:45:00,116.38,116.38,116.08,116.18,5476
2515,2020-09-29 12:15:00,116.18,116.25,116.0,116.06,734
2516,2020-09-29 12:45:00,116.06,116.19,115.8,116.14,2043
2517,2020-09-29 13:15:00,116.09,116.09,115.64,116.0,9991
2518,2020-09-29 13:45:00,116.0,116.4,115.97,116.11,4287
2519,2020-09-29 14:15:00,116.33,116.66,116.33,116.61,1349
2520,2020-09-29 14:45:00,116.45,116.49,115.98,116.03,1320
2521,2020-09-29 15:15:00,116.03,116.38,116.0,116.0,2180
2522,2020-09-30 09:15:00,116.15,116.33,116.0,116.2,1765
2523,2020-09-30 09:45:00,116.1,116.1,115.74,115.9,11163
2524,2020-09-30 10:15:00,115.9,116.6,115.86,116.25,48230
2525,2020-09-30 10:45:00,116.19,116.49,116.15,116.2,22043
2526,2020-09-30 11:15:00,116.27,116.27,115.95,115.95,5686
2527,2020-09-30 11:45:00,115.92,116.1,115.9,116.1,496
2528,2020-09-30 12:15:00,116.05,116.39,115.98,116.38,3010
2529,2020-09-30 12:45:00,116.38,116.4,116.24,116.36,2895
2530,2020-09-30 13:15:00,116.37,116.4,116.16,116.24,1030
2531,2020-09-30 13:45:00,116.39,116.5,116.34,116.45,6257
2532,2020-09-30 14:15:00,116.5,116.58,116.36,116.41,10061
2533,2020-09-30 14:45:00,116.32,116.39,116.25,116.27,2731
2534,2020-09-30 15:15:00,116.27,116.41,116.25,116.27,3806
2535,2020-10-01 09:15:00,117.0,117.5,117.0,117.49,17240
2536,2020-10-01 09:45:00,117.48,117.76,117.33,117.57,18461
2537,2020-10-01 10:15:00,117.57,117.7,117.57,117.7,2001
2538,2020-10-01 10:45:00,117.65,117.72,117.65,117.72,2378
2539,2020-10-01 11:15:00,117.72,117.9,117.66,117.9,9231
2540,2020-10-01 11:45:00,117.95,118.0,117.83,117.83,1364
2541,2020-10-01 12:15:00,117.99,118.0,117.74,118.0,5371
2542,2020-10-01 12:45:00,118.0,118.0,117.68,117.95,6827
2543,2020-10-01 13:15:00,117.95,117.95,117.74,117.81,4761
2544,2020-10-01 13:45:00,117.85,117.95,117.66,117.95,7379
2545,2020-10-01 14:15:00,117.9,117.95,117.73,117.8,2933
2546,2020-10-01 14:45:00,117.71,117.9,117.58,117.9,79560
2547,2020-10-01 15:15:00,117.95,118.0,117.64,117.64,2790
2548,2020-10-05 09:15:00,118.25,119.17,118.19,119.15,64094
2549,2020-10-05 09:45:00,119.15,119.17,119.0,119.11,7958
2550,2020-10-05 10:15:00,119.08,119.11,118.95,119.11,143105
2551,2020-10-05 10:45:00,119.07,119.44,118.98,119.18,36426
2552,2020-10-05 11:15:00,119.18,119.4,118.79,118.97,23379
2553,2020-10-05 11:45:00,118.97,119.1,118.75,118.97,21676
2554,2020-10-05 12:15:00,118.97,119.1,118.73,118.79,19036
2555,2020-10-05 12:45:00,118.76,119.1,118.49,118.5,23332
2556,2020-10-05 13:15:00,118.5,118.85,118.17,118.84,22679
2557,2020-10-05 13:45:00,118.62,119.25,118.54,118.9,32821
2558,2020-10-05 14:15:00,118.91,119.18,118.74,118.89,36365
2559,2020-10-05 14:45:00,118.82,119.04,118.64,118.71,24105
2560,2020-10-05 15:15:00,118.71,118.8,118.62,118.8,3222
2561,2020-10-06 09:15:00,118.8,119.6,118.8,119.57,136103
2562,2020-10-06 09:45:00,119.6,119.79,119.48,119.75,33966
2563,2020-10-06 10:15:00,119.75,119.8,119.64,119.73,1460
2564,2020-10-06 10:45:00,119.76,119.76,119.42,119.54,1568
2565,2020-10-06 11:15:00,119.56,119.65,119.56,119.58,825
2566,2020-10-06 11:45:00,119.56,119.69,119.53,119.62,40150
2567,2020-10-06 12:15:00,119.68,119.8,119.51,119.76,32357
2568,2020-10-06 12:45:00,119.75,119.75,119.51,119.6,4599
2569,2020-10-06 13:15:00,119.56,119.62,119.47,119.47,1129
2570,2020-10-06 13:45:00,119.6,119.75,119.6,119.74,10075
2571,2020-10-06 14:15:00,119.67,120.2,119.67,120.15,57089
2572,2020-10-06 14:45:00,120.1,120.41,120.1,120.41,20310
2573,2020-10-06 15:15:00,120.42,120.46,120.29,120.4,11167
2574,2020-10-07 09:15:00,120.5,120.7,120.04,120.5,17618
2575,2020-10-07 09:45:00,120.7,121.2,120.7,121.16,15925
2576,2020-10-07 10:15:00,121.16,121.2,121.05,121.05,237776
2577,2020-10-07 10:45:00,121.06,121.18,120.85,120.85,145986
2578,2020-10-07 11:15:00,120.82,121.0,120.68,120.94,8933
2579,2020-10-07 11:45:00,121.0,121.08,120.94,121.08,7670
2580,2020-10-07 12:15:00,121.02,121.15,121.02,121.15,3547
2581,2020-10-07 12:45:00,121.18,121.25,121.03,121.15,7526
2582,2020-10-07 13:15:00,121.15,121.25,121.02,121.02,7842
2583,2020-10-07 13:45:00,121.02,121.25,121.01,121.1,9007
2584,2020-10-07 14:15:00,121.1,121.46,121.1,121.45,11046
2585,2020-10-07 14:45:00,121.45,121.45,120.98,121.3,24274
2586,2020-10-07 15:15:00,121.15,121.33,121.15,121.2,3337
2587,2020-10-08 09:15:00,121.5,122.47,121.5,122.47,60802
2588,2020-10-08 09:45:00,122.5,122.53,122.35,122.44,24615
2589,2020-10-08 10:15:00,122.37,122.6,122.36,122.6,15136
2590,2020-10-08 10:45:00,122.46,122.57,122.43,122.55,5433
2591,2020-10-08 11:15:00,122.5,122.69,122.5,122.54,22106
2592,2020-10-08 11:45:00,122.6,122.66,122.5,122.66,8522
2593,2020-10-08 12:15:00,122.62,122.66,122.46,122.5,165780
2594,2020-10-08 12:45:00,122.5,122.7,122.5,122.63,39389
2595,2020-10-08 13:15:00,122.63,122.72,122.55,122.63,35323
2596,2020-10-08 13:45:00,122.63,122.73,122.1,122.35,32523
2597,2020-10-08 14:15:00,122.35,122.4,121.6,121.86,79993
2598,2020-10-08 14:45:00,121.86,122.26,121.63,122.19,197960
2599,2020-10-08 15:15:00,122.25,122.29,122.08,122.19,9891
2600,2020-10-09 09:15:00,123.0,123.0,122.1,122.15,7492
2601,2020-10-09 09:45:00,122.13,122.64,122.02,122.5,28125
2602,2020-10-09 10:15:00,122.5,122.7,122.35,122.7,20378
2603,2020-10-09 10:45:00,122.69,123.18,122.64,123.18,89093
2604,2020-10-09 11:15:00,123.1,123.27,122.9,123.06,22673
2605,2020-10-09 11:45:00,123.06,123.15,122.88,122.88,84084
2606,2020-10-09 12:15:00,122.85,123.0,122.76,122.9,6558
2607,2020-10-09 12:45:00,122.9,123.2,122.9,123.01,4872
2608,2020-10-09 13:15:00,122.95,123.01,122.62,122.62,2810
2609,2020-10-09 13:45:00,122.7,122.8,122.59,122.8,4206
2610,2020-10-09 14:15:00,123.0,123.07,122.89,123.01,2753
2611,2020-10-09 14:45:00,122.97,123.08,122.81,122.95,2926
2612,2020-10-09 15:15:00,122.93,123.2,122.91,123.1,4379
2613,2020-10-12 09:15:00,124.74,124.74,123.5,123.84,119625
2614,2020-10-12 09:45:00,123.82,123.92,123.5,123.6,28368
2615,2020-10-12 10:15:00,123.6,123.71,123.41,123.55,4784
2616,2020-10-12 10:45:00,123.55,123.66,123.2,123.41,12066
2617,2020-10-12 11:15:00,123.38,123.49,123.28,123.32,767
2618,2020-10-12 11:45:00,123.32,123.51,123.1,123.16,2001
2619,2020-10-12 12:15:00,123.12,123.54,122.96,123.5,47788
2620,2020-10-12 12:45:00,123.51,123.51,123.0,123.08,3845
2621,2020-10-12 13:15:00,123.02,123.02,122.61,122.7,11817
2622,2020-10-12 13:45:00,122.76,123.34,122.76,123.17,21684
2623,2020-10-12 14:15:00,123.06,123.11,122.85,123.1,16825
2624,2020-10-12 14:45:00,123.2,123.29,123.02,123.19,2725
2625,2020-10-12 15:15:00,123.25,123.32,123.18,123.31,1165
2626,2020-10-13 09:15:00,123.24,123.4,122.78,123.4,7128
2627,2020-10-13 09:45:00,123.5,123.5,123.24,123.25,21486
2628,2020-10-13 10:15:00,123.44,123.55,123.36,123.55,2949
2629,2020-10-13 10:45:00,123.7,123.7,123.5,123.6,1205
2630,2020-10-13 11:15:00,123.54,123.64,123.43,123.53,15645
2631,2020-10-13 11:45:00,123.53,123.7,123.43,123.55,6262
2632,2020-10-13 12:15:00,123.4,123.4,123.14,123.29,1833
2633,2020-10-13 12:45:00,123.25,123.25,122.93,123.1,5742
2634,2020-10-13 13:15:00,123.15,123.33,123.07,123.32,1439
2635,2020-10-13 13:45:00,123.1,123.26,122.96,123.26,694
2636,2020-10-13 14:15:00,123.35,123.46,123.06,123.31,17921
2637,2020-10-13 14:45:00,123.16,123.4,123.16,123.32,8647
2638,2020-10-13 15:15:00,123.17,123.41,123.06,123.28,4247
2639,2020-10-14 09:15:00,122.5,123.0,122.25,122.46,9273
2640,2020-10-14 09:45:00,122.46,122.55,122.2,122.48,6285
2641,2020-10-14 10:15:00,122.48,122.5,122.25,122.29,1417
2642,2020-10-14 10:45:00,122.4,122.5,122.22,122.22,2222
2643,2020-10-14 11:15:00,122.48,122.64,122.28,122.59,23329
2644,2020-10-14 11:45:00,122.4,122.66,122.4,122.56,1007
2645,2020-10-14 12:15:00,122.55,122.82,122.5,122.8,2028
2646,2020-10-14 12:45:00,122.8,122.8,122.68,122.68,956
2647,2020-10-14 13:15:00,122.67,122.68,122.46,122.46,3925
2648,2020-10-14 13:45:00,122.59,122.59,122.37,122.44,16845
2649,2020-10-14 14:15:00,122.5,123.19,122.46,123.09,35904
2650,2020-10-14 14:45:00,123.22,123.64,123.12,123.58,5308
2651,2020-10-14 15:15:00,123.58,124.0,123.51,123.8,49234
2652,2020-10-15 09:15:00,120.1,123.78,118.0,123.25,5925
2653,2020-10-15 09:45:00,123.25,123.8,123.25,123.64,5710
2654,2020-10-15 10:15:00,123.54,123.6,123.22,123.27,22839
2655,2020-10-15 10:45:00,123.26,123.33,123.16,123.32,3475
2656,2020-10-15 11:15:00,123.14,123.36,122.88,122.88,1787
2657,2020-10-15 11:45:00,122.8,123.0,122.75,123.0,1164
2658,2020-10-15 12:15:00,122.99,123.04,122.85,123.0,3860
2659,2020-10-15 12:45:00,123.0,123.03,122.55,122.74,5632
2660,2020-10-15 13:15:00,122.7,122.76,122.38,122.62,6246
2661,2020-10-15 13:45:00,122.62,122.62,121.16,121.19,16763
2662,2020-10-15 14:15:00,121.1,121.82,121.1,121.57,7506
2663,2020-10-15 14:45:00,121.57,121.76,121.01,121.01,33873
2664,2020-10-15 15:15:00,121.05,121.25,121.0,121.2,16932
2665,2020-10-16 09:15:00,121.2,122.0,121.2,121.56,4773
2666,2020-10-16 09:45:00,121.55,121.55,121.0,121.5,6824
2667,2020-10-16 10:15:00,121.54,121.69,121.5,121.67,10935
2668,2020-10-16 10:45:00,121.72,121.94,121.67,121.83,9328
2669,2020-10-16 11:15:00,121.84,121.85,121.3,121.46,6846
2670,2020-10-16 11:45:00,121.2,121.85,121.2,121.83,1352
2671,2020-10-16 12:15:00,121.75,121.86,121.3,121.85,2934
2672,2020-10-16 12:45:00,121.85,121.91,121.62,121.9,2890
2673,2020-10-16 13:15:00,121.91,121.91,121.62,121.62,2247
2674,2020-10-16 13:45:00,121.75,121.9,121.63,121.9,348
2675,2020-10-16 14:15:00,121.91,121.91,121.7,121.8,591
2676,2020-10-16 14:45:00,121.8,122.0,121.8,122.0,9089
2677,2020-10-16 15:15:00,122.0,122.0,121.9,122.0,1371
2678,2020-10-19 09:15:00,122.5,122.65,122.14,122.3,4234
2679,2020-10-19 09:45:00,122.4,122.71,122.4,122.6,3607
2680,2020-10-19 10:15:00,122.55,123.17,122.55,123.0,20915
2681,2020-10-19 10:45:00,122.78,122.86,122.44,122.54,3296
2682,2020-10-19 11:15:00,122.62,122.95,122.5,122.78,3626
2683,2020-10-19 11:45:00,122.78,122.83,122.5,122.77,274
2684,2020-10-19 12:15:00,122.51,122.77,122.5,122.5,802
2685,2020-10-19 12:45:00,122.75,122.86,122.44,122.85,6319
2686,2020-10-19 13:15:00,122.86,122.9,122.24,122.49,80860
2687,2020-10-19 13:45:00,122.49,122.59,122.3,122.59,80490
2688,2020-10-19 14:15:00,122.54,122.7,122.35,122.49,84744
2689,2020-10-19 14:45:00,122.46,122.59,122.42,122.56,103135
2690,2020-10-19 15:15:00,122.56,122.67,122.48,122.52,15464
2691,2020-10-20 09:15:00,122.35,123.02,122.25,122.98,22972
2692,2020-10-20 09:45:00,122.92,122.95,122.73,122.94,24260
2693,2020-10-21 09:45:00,123.97,124.15,123.85,123.92,20904
2694,2020-10-21 10:15:00,123.93,123.93,123.86,123.9,3857
2695,2020-10-21 10:45:00,123.91,123.95,123.85,123.85,4562
2696,2020-10-21 11:15:00,123.81,123.88,123.68,123.73,6104
2697,2020-10-21 11:45:00,123.73,124.0,123.73,124.0,28859
2698,2020-10-21 12:15:00,123.96,124.1,123.88,124.0,10904
2699,2020-10-21 12:45:00,124.0,124.0,123.8,123.9,1668
2700,2020-10-21 13:15:00,123.8,123.8,122.6,122.93,20173
2701,2020-10-21 13:45:00,122.85,122.86,122.22,122.22,14136
2702,2020-10-21 14:15:00,122.25,122.5,121.9,122.35,22558
2703,2020-10-21 14:45:00,122.35,123.36,122.35,123.35,9117
2704,2020-10-21 15:15:00,123.34,123.43,123.3,123.4,8210
2705,2020-10-22 09:15:00,123.12,123.12,122.6,122.87,2262
2706,2020-10-22 09:45:00,122.83,123.22,122.79,123.0,5599
2707,2020-10-22 10:15:00,123.15,123.15,122.86,122.95,950
2708,2020-10-22 10:45:00,122.95,123.2,122.95,123.02,1762
2709,2020-10-22 11:15:00,123.2,123.2,122.95,122.95,981
2710,2020-10-22 11:45:00,123.14,123.22,123.0,123.22,3397
2711,2020-10-22 12:15:00,123.21,123.21,122.68,122.8,2954
2712,2020-10-22 12:45:00,122.8,123.28,122.76,123.28,9513
2713,2020-10-22 13:15:00,123.24,123.3,123.0,123.11,8214
2714,2020-10-22 13:45:00,123.0,123.35,122.95,123.35,2727
2715,2020-10-22 14:15:00,123.35,123.35,122.61,122.71,9776
2716,2020-10-22 14:45:00,122.62,123.1,122.62,123.1,1225
2717,2020-10-22 15:15:00,123.1,123.4,123.05,123.16,6569
2718,2020-10-23 09:15:00,123.5,123.86,123.34,123.49,3102
2719,2020-10-23 09:45:00,123.49,123.6,123.26,123.6,6847
2720,2020-10-23 10:15:00,123.34,123.6,123.12,123.12,16899
2721,2020-10-23 10:45:00,123.21,123.53,123.1,123.1,3948
2722,2020-10-23 11:15:00,123.1,123.38,123.1,123.38,6530
2723,2020-10-23 11:45:00,123.32,123.33,123.11,123.3,2066
2724,2020-10-23 12:15:00,123.27,123.5,123.24,123.47,5478
2725,2020-10-23 12:45:00,123.47,123.65,123.4,123.56,4622
2726,2020-10-23 13:15:00,123.56,123.65,123.56,123.6,3740
2727,2020-10-23 13:45:00,123.5,123.65,123.34,123.56,12225
2728,2020-10-23 14:15:00,123.54,123.57,123.44,123.57,4124
2729,2020-10-23 14:45:00,123.57,123.57,123.22,123.22,6565
2730,2020-10-23 15:15:00,123.27,123.3,123.19,123.3,858
2731,2020-10-26 09:15:00,123.87,123.87,122.98,123.0,9441
2732,2020-10-26 09:45:00,123.08,123.21,123.0,123.15,845
2733,2020-10-26 10:15:00,123.21,123.4,123.04,123.36,4741
2734,2020-10-26 10:45:00,123.07,123.4,123.07,123.25,2910
2735,2020-10-26 11:15:00,123.19,123.19,122.71,122.75,12138
2736,2020-10-26 11:45:00,122.75,122.79,122.5,122.62,2786
2737,2020-10-26 12:15:00,122.51,122.61,122.31,122.44,11287
2738,2020-10-26 12:45:00,122.4,122.45,121.95,122.24,30782
2739,2020-10-26 13:15:00,122.24,122.38,122.1,122.32,4174
2740,2020-10-26 13:45:00,122.24,122.35,121.65,121.8,11966
2741,2020-10-26 14:15:00,121.72,122.0,121.68,121.98,17389
2742,2020-10-26 14:45:00,122.16,122.2,122.0,122.16,3662
2743,2020-10-26 15:15:00,122.24,122.32,122.2,122.22,6666
2744,2020-10-27 09:15:00,122.15,122.24,121.44,121.74,6374
2745,2020-10-27 09:45:00,122.0,122.38,122.0,122.26,5180
2746,2020-10-27 10:15:00,122.2,122.44,122.0,122.18,660
2747,2020-10-27 10:45:00,122.44,122.48,122.16,122.25,591
2748,2020-10-27 11:15:00,122.47,122.47,122.25,122.25,1098
2749,2020-10-27 11:45:00,122.35,122.4,122.25,122.33,16151
2750,2020-10-27 12:15:00,122.27,122.4,122.14,122.3,77778
2751,2020-10-27 12:45:00,122.33,122.5,122.1,122.5,6515
2752,2020-10-27 13:15:00,122.5,122.65,122.33,122.33,9641
2753,2020-10-27 13:45:00,122.38,122.47,122.35,122.37,4602
2754,2020-10-27 14:15:00,122.47,122.9,122.47,122.64,7359
2755,2020-10-27 14:45:00,122.72,123.0,122.72,122.99,8612
2756,2020-10-27 15:15:00,122.94,122.97,122.71,122.91,6329
2757,2020-10-28 09:15:00,122.0,123.22,122.0,122.91,2812
2758,2020-10-28 09:45:00,122.96,123.09,122.6,122.9,2027
2759,2020-10-28 10:15:00,122.9,122.98,122.4,122.4,3437
2760,2020-10-28 10:45:00,122.4,122.44,122.3,122.3,1490
2761,2020-10-28 11:15:00,122.39,122.55,122.26,122.4,1106
2762,2020-10-28 11:45:00,122.3,122.56,122.3,122.5,180
2763,2020-10-28 12:15:00,122.47,122.5,121.62,121.82,13661
2764,2020-10-28 12:45:00,121.82,121.89,121.75,121.81,5336
2765,2020-10-28 13:15:00,121.81,122.17,121.72,121.72,7874
2766,2020-10-28 13:45:00,121.72,121.77,121.42,121.72,15225
2767,2020-10-28 14:15:00,121.77,121.99,121.62,121.95,3890
2768,2020-10-28 14:45:00,121.93,122.03,121.56,121.77,17314
2769,2020-10-28 15:15:00,121.9,121.94,121.4,121.94,3433
2770,2020-10-29 09:15:00,121.0,121.0,120.04,120.65,17641
2771,2020-10-29 09:45:00,120.51,121.22,120.51,121.06,55668
2772,2020-10-29 10:15:00,121.2,121.2,120.71,120.97,6199
2773,2020-10-29 10:45:00,120.95,121.1,120.82,120.95,789
2774,2020-10-29 11:15:00,121.05,121.05,120.8,120.96,11767
2775,2020-10-29 11:45:00,120.94,121.45,120.91,121.45,12037
2776,2020-10-29 12:15:00,121.26,121.44,121.1,121.34,4852
2777,2020-10-29 12:45:00,121.32,121.38,120.82,120.82,8616
2778,2020-10-29 13:15:00,120.82,121.2,120.6,120.85,11023
2779,2020-10-29 13:45:00,120.81,120.97,120.6,120.89,9594
2780,2020-10-29 14:15:00,120.85,120.93,120.6,120.93,9204
2781,2020-10-29 14:45:00,121.03,121.28,120.74,121.0,23798
2782,2020-10-29 15:15:00,121.0,121.0,120.75,121.0,7948
2783,2020-10-30 09:15:00,121.77,121.77,120.3,121.45,1298
2784,2020-10-30 09:45:00,121.36,121.5,121.34,121.5,655
2785,2020-10-30 10:15:00,121.5,121.6,121.34,121.45,1575
2786,2020-10-30 10:45:00,121.31,121.42,120.75,120.9,9083
2787,2020-10-30 11:15:00,120.8,121.04,120.3,120.3,34233
2788,2020-10-30 11:45:00,120.2,120.4,120.0,120.26,6089
2789,2020-10-30 12:15:00,120.26,120.38,120.06,120.18,4195
2790,2020-10-30 12:45:00,120.18,120.38,119.88,120.28,19292
2791,2020-10-30 13:15:00,120.37,120.6,120.28,120.6,1784
2792,2020-10-30 13:45:00,120.68,120.89,120.45,120.6,1478
2793,2020-10-30 14:15:00,120.77,120.84,120.46,120.8,1554
2794,2020-10-30 14:45:00,120.75,120.97,120.59,120.95,10149
2795,2020-10-30 15:15:00,120.95,121.05,120.92,121.0,3322
2796,2020-11-02 09:15:00,121.47,121.5,120.0,120.25,6147
2797,2020-11-02 09:45:00,120.47,120.47,120.05,120.25,8860
2798,2020-11-02 10:15:00,120.26,120.73,120.16,120.72,9206
2799,2020-11-02 10:45:00,120.72,120.74,120.16,120.7,9257
2800,2020-11-02 11:15:00,120.7,120.83,120.31,120.8,7734
2801,2020-11-02 11:45:00,120.76,120.81,120.49,120.61,392
2802,2020-11-02 12:15:00,120.5,120.57,120.3,120.5,4528
2803,2020-11-02 12:45:00,120.5,120.7,120.3,120.64,8719
2804,2020-11-02 13:15:00,120.68,120.84,120.3,120.57,15931
2805,2020-11-02 13:45:00,120.57,121.19,120.5,121.11,22141
2806,2020-11-02 14:15:00,121.07,121.79,121.01,121.58,14664
2807,2020-11-02 14:45:00,121.71,121.71,121.15,121.15,56408
2808,2020-11-02 15:15:00,121.0,121.12,120.8,121.0,858
2809,2020-11-03 09:15:00,121.45,122.36,121.45,122.3,6003
2810,2020-11-03 09:45:00,122.0,122.2,121.9,122.15,14309
2811,2020-11-03 10:15:00,122.15,122.25,122.02,122.25,4114
2812,2020-11-03 10:45:00,122.25,122.35,122.1,122.2,2373
2813,2020-11-03 11:15:00,122.1,122.31,122.08,122.3,1644
2814,2020-11-03 11:45:00,122.3,122.35,122.16,122.35,7240
2815,2020-11-03 12:15:00,122.3,122.5,122.11,122.49,8161
2816,2020-11-03 12:45:00,122.49,122.5,122.32,122.32,5583
2817,2020-11-03 13:15:00,122.32,122.44,122.14,122.37,15867
2818,2020-11-03 13:45:00,122.5,122.5,122.31,122.38,1853
2819,2020-11-03 14:15:00,122.35,122.52,122.1,122.42,16569
2820,2020-11-03 14:45:00,122.55,122.58,122.34,122.45,16902
2821,2020-11-03 15:15:00,122.5,122.5,122.35,122.5,1793
2822,2020-11-04 09:15:00,122.9,123.3,122.5,123.3,4700
2823,2020-11-04 09:45:00,123.3,123.37,123.2,123.2,9218
2824,2020-11-04 10:15:00,123.1,123.1,122.7,122.9,6660
2825,2020-11-04 10:45:00,122.81,122.95,122.75,122.84,2322
2826,2020-11-04 11:15:00,122.95,122.95,122.7,122.95,1946
2827,2020-11-04 11:45:00,123.0,123.2,122.94,123.12,2410
2828,2020-11-04 12:15:00,123.2,123.29,123.05,123.29,9555
2829,2020-11-04 12:45:00,123.29,123.3,122.3,122.3,13121
2830,2020-11-04 13:15:00,122.3,122.72,122.06,122.48,5527
2831,2020-11-04 13:45:00,122.48,123.06,122.48,123.05,2551
2832,2020-11-04 14:15:00,123.05,123.68,122.88,123.25,10601
2833,2020-11-04 14:45:00,122.93,123.72,122.93,123.51,45299
2834,2020-11-04 15:15:00,123.22,123.6,123.2,123.2,3744
2835,2020-11-05 09:15:00,134.6,134.6,123.0,124.8,43678
2836,2020-11-05 09:45:00,124.84,125.0,124.59,124.8,31371
2837,2020-11-05 10:15:00,124.8,125.2,124.8,124.8,13043
2838,2020-11-05 10:45:00,124.8,124.99,124.7,124.89,2152
2839,2020-11-05 11:15:00,124.86,125.0,124.8,124.81,2214
2840,2020-11-05 11:45:00,124.84,124.9,124.8,124.84,1079
2841,2020-11-05 12:15:00,124.89,125.28,124.85,125.27,12124
2842,2020-11-05 12:45:00,125.26,125.39,125.02,125.28,10947
2843,2020-11-05 13:15:00,125.26,125.4,125.09,125.09,4864
2844,2020-11-05 13:45:00,125.09,125.25,125.09,125.16,512
2845,2020-11-05 14:15:00,125.16,125.5,125.16,125.27,3169
2846,2020-11-05 14:45:00,125.24,125.6,125.24,125.6,13348
2847,2020-11-05 15:15:00,125.38,125.58,125.38,125.4,7399
2848,2020-11-06 09:15:00,136.7,136.7,117.9,125.91,16071
2849,2020-11-06 09:45:00,125.86,126.3,125.86,126.16,28696
2850,2020-11-06 10:15:00,126.15,126.15,126.0,126.06,5845
2851,2020-11-06 10:45:00,126.0,126.0,125.68,125.97,31200
2852,2020-11-06 11:15:00,126.0,126.15,125.85,126.13,2576
2853,2020-11-06 11:45:00,126.13,126.2,126.01,126.2,4326
2854,2020-11-06 12:15:00,126.18,126.56,126.18,126.5,28495
2855,2020-11-06 12:45:00,126.5,126.86,126.4,126.69,12164
2856,2020-11-06 13:15:00,126.74,126.75,126.58,126.63,23119
2857,2020-11-06 13:45:00,126.63,126.9,126.63,126.85,3345
2858,2020-11-06 14:15:00,126.67,126.8,126.19,126.5,4386
2859,2020-11-06 14:45:00,126.39,126.88,126.39,126.88,56565
2860,2020-11-06 15:15:00,126.84,126.97,126.68,126.68,8778
2861,2020-11-09 09:15:00,128.0,128.75,126.1,128.6,38547
2862,2020-11-09 09:45:00,128.6,128.75,128.44,128.7,27186
2863,2020-11-09 10:15:00,128.6,128.7,128.36,128.5,21462
2864,2020-11-09 10:45:00,128.29,128.5,128.19,128.19,18409
2865,2020-11-09 11:15:00,128.47,128.47,128.1,128.1,7183
2866,2020-11-09 11:45:00,128.26,128.3,128.1,128.16,1929
2867,2020-11-09 12:15:00,128.1,128.3,128.07,128.19,4093
2868,2020-11-09 12:45:00,128.3,128.46,128.07,128.4,12734
2869,2020-11-09 13:15:00,128.4,128.5,128.26,128.45,6394
2870,2020-11-09 13:45:00,128.5,129.15,128.43,128.76,173403
2871,2020-11-09 14:15:00,128.76,128.99,128.67,128.78,146417
2872,2020-11-09 14:45:00,128.78,129.02,128.66,128.95,54442
2873,2020-11-09 15:15:00,128.95,129.33,128.87,128.9,12964
2874,2020-11-10 09:15:00,128.96,130.0,128.96,129.52,16687
2875,2020-11-10 09:45:00,129.6,130.0,129.52,130.0,10446
2876,2020-11-10 10:15:00,130.0,130.38,129.76,130.01,15281
2877,2020-11-10 10:45:00,130.01,130.35,129.95,130.35,11502
2878,2020-11-10 11:15:00,130.2,130.35,129.86,129.9,77853
2879,2020-11-10 11:45:00,129.86,130.16,129.75,130.03,438440
2880,2020-11-10 12:15:00,130.16,130.22,129.9,130.22,2334
2881,2020-11-10 12:45:00,130.22,130.5,130.08,130.4,21149
2882,2020-11-10 13:15:00,130.31,130.4,130.15,130.29,10999
2883,2020-11-10 13:45:00,130.37,130.5,129.7,129.7,7297
2884,2020-11-10 14:15:00,129.6,130.3,129.6,130.3,5709
2885,2020-11-10 14:45:00,130.36,130.7,130.27,130.51,23299
2886,2020-11-10 15:15:00,130.51,130.98,130.51,130.96,3866
2887,2020-11-11 09:15:00,130.62,132.4,129.55,131.96,59883
2888,2020-11-11 09:45:00,131.99,131.99,131.61,131.7,15538
2889,2020-11-11 10:15:00,131.78,131.78,131.5,131.53,22458
2890,2020-11-11 10:45:00,131.61,131.73,130.8,130.8,25431
2891,2020-11-11 11:15:00,130.8,130.91,130.25,130.49,37424
2892,2020-11-11 11:45:00,130.75,131.0,130.18,131.0,9968
2893,2020-11-11 12:15:00,131.0,131.0,130.55,131.0,3454
2894,2020-11-11 12:45:00,131.0,131.0,130.7,130.74,8764
2895,2020-11-11 13:15:00,130.7,130.86,130.08,130.86,59499
2896,2020-11-11 13:45:00,130.91,131.67,130.7,131.54,11397
2897,2020-11-11 14:15:00,131.44,131.85,131.44,131.7,21485
2898,2020-11-11 14:45:00,131.78,132.04,131.66,131.78,24818
2899,2020-11-11 15:15:00,131.89,132.02,131.8,131.8,3118
2900,2020-11-12 09:15:00,131.24,131.95,131.21,131.26,6867
2901,2020-11-12 09:45:00,131.26,131.58,131.16,131.3,32083
2902,2020-11-12 10:15:00,131.44,131.48,131.05,131.19,11596
2903,2020-11-12 10:45:00,131.04,131.34,131.04,131.27,274661
2904,2020-11-12 11:15:00,131.24,131.25,131.2,131.24,240116
2905,2020-11-12 11:45:00,131.44,131.44,131.2,131.27,2857
2906,2020-11-12 12:15:00,131.27,131.62,131.2,131.61,32239
2907,2020-11-12 12:45:00,131.61,131.64,131.23,131.28,5968
2908,2020-11-12 13:15:00,131.3,131.3,130.88,130.98,52737
2909,2020-11-12 13:45:00,130.87,131.48,130.79,131.4,104641
2910,2020-11-12 14:15:00,131.4,131.4,130.8,131.11,202354
2911,2020-11-12 14:45:00,131.11,131.39,130.97,131.39,5138
2912,2020-11-12 15:15:00,131.3,131.4,131.21,131.35,6150
2913,2020-11-13 09:15:00,130.5,131.13,130.5,130.7,2325
2914,2020-11-13 09:45:00,130.82,130.97,130.6,130.85,7981
2915,2020-11-13 10:15:00,130.85,132.0,130.85,131.41,8591
2916,2020-11-13 10:45:00,131.61,131.65,131.29,131.4,13480
2917,2020-11-13 11:15:00,131.24,131.4,131.09,131.22,1814
2918,2020-11-13 11:45:00,131.39,131.4,131.16,131.4,586
2919,2020-11-13 12:15:00,131.22,131.32,131.05,131.26,1530
2920,2020-11-13 12:45:00,131.25,131.4,131.0,131.4,3465
2921,2020-11-13 13:15:00,131.26,131.4,131.13,131.13,2831
2922,2020-11-13 13:45:00,131.22,131.5,131.11,131.42,5634
2923,2020-11-13 14:15:00,131.42,131.5,131.31,131.5,2304
2924,2020-11-13 14:45:00,131.37,131.76,131.37,131.56,97775
2925,2020-11-13 15:15:00,131.63,131.89,131.6,131.65,6759
2926,2020-11-14 18:15:00,143.6,143.6,132.0,132.5,33323
2927,2020-11-14 18:45:00,132.5,132.85,132.23,132.6,17650
2928,2020-11-17 09:15:00,133.0,134.25,132.66,133.42,9303
2929,2020-11-17 09:45:00,133.4,133.4,133.16,133.29,7619
2930,2020-11-17 10:15:00,133.19,133.54,133.04,133.13,854418
2931,2020-11-17 10:45:00,133.04,133.34,133.03,133.2,7407
2932,2020-11-17 11:15:00,133.17,133.24,132.96,133.24,17635
2933,2020-11-17 11:45:00,133.24,133.3,133.1,133.3,2497
2934,2020-11-17 12:15:00,133.3,133.44,133.0,133.34,2114
2935,2020-11-17 12:45:00,133.36,133.54,133.3,133.31,3469
2936,2020-11-17 13:15:00,133.43,133.7,133.31,133.7,5660
2937,2020-11-17 13:45:00,133.7,133.7,133.44,133.65,2391
2938,2020-11-17 14:15:00,133.65,133.7,133.3,133.51,17206
2939,2020-11-17 14:45:00,133.31,133.7,133.31,133.51,9476
2940,2020-11-17 15:15:00,133.64,133.7,133.48,133.7,5836
2941,2020-11-18 09:15:00,141.5,141.5,133.2,133.4,14752
2942,2020-11-18 09:45:00,133.4,133.5,133.4,133.43,5694
2943,2020-11-18 10:15:00,133.45,133.69,133.42,133.56,4240
2944,2020-11-18 10:45:00,133.56,133.73,133.4,133.4,17712
2945,2020-11-18 11:15:00,133.4,133.4,133.22,133.4,5595
2946,2020-11-18 11:45:00,133.45,133.45,133.3,133.3,4290
2947,2020-11-18 12:15:00,133.29,133.5,133.25,133.3,3350
2948,2020-11-18 12:45:00,133.3,133.68,133.25,133.62,3023
2949,2020-11-18 13:15:00,133.48,133.72,133.43,133.55,935
2950,2020-11-18 13:45:00,133.72,134.12,133.72,133.86,6509
2951,2020-11-18 14:15:00,133.86,134.0,133.8,133.92,2649
2952,2020-11-18 14:45:00,133.92,134.0,133.82,134.0,29944
2953,2020-11-18 15:15:00,134.0,134.4,134.0,134.4,1072
2954,2020-11-19 09:15:00,142.1,142.1,133.36,133.9,6293
2955,2020-11-19 09:45:00,134.0,134.19,133.74,134.14,3532
2956,2020-11-19 10:15:00,134.05,134.08,133.74,133.94,13649
2957,2020-11-19 10:45:00,133.8,134.02,133.8,133.84,1467
2958,2020-11-19 11:15:00,133.84,134.1,133.84,133.98,951
2959,2020-11-19 11:45:00,133.98,134.2,133.82,133.94,4205
2960,2020-11-19 12:15:00,133.9,134.5,133.9,134.09,10340
2961,2020-11-19 12:45:00,134.35,134.36,133.7,133.9,8720
2962,2020-11-19 13:15:00,133.79,133.9,133.68,133.68,1104
2963,2020-11-19 13:45:00,133.7,133.7,133.05,133.16,202185
2964,2020-11-19 14:15:00,133.0,133.04,132.27,133.04,23939
2965,2020-11-19 14:45:00,133.08,133.08,132.38,132.45,37050
2966,2020-11-19 15:15:00,132.49,132.57,132.25,132.45,4205
2967,2020-11-20 09:15:00,132.7,133.34,132.5,132.98,4761
2968,2020-11-20 09:45:00,133.0,133.1,132.78,133.0,3020
2969,2020-11-20 10:15:00,133.0,133.4,132.91,132.91,16305
2970,2020-11-20 10:45:00,132.97,133.01,132.55,132.55,2164
2971,2020-11-20 11:15:00,132.53,132.53,131.86,132.24,20211
2972,2020-11-20 11:45:00,131.94,132.5,131.85,132.5,2791
2973,2020-11-20 12:15:00,132.5,132.6,132.14,132.38,2872
2974,2020-11-20 12:45:00,132.4,132.99,132.3,132.92,3776
2975,2020-11-20 13:15:00,132.91,132.91,132.54,132.75,535
2976,2020-11-20 13:45:00,132.8,133.45,132.8,133.3,5572
2977,2020-11-20 14:15:00,133.3,133.4,133.1,133.16,1798
2978,2020-11-20 14:45:00,133.16,133.48,133.1,133.43,11944
2979,2020-11-20 15:15:00,133.5,133.5,132.82,133.0,3818
2980,2020-11-23 09:15:00,129.4,134.6,125.4,133.54,8465
2981,2020-11-23 09:45:00,133.5,133.76,132.97,133.32,247559
2982,2020-11-23 10:15:00,133.2,133.56,133.0,133.06,62141
2983,2020-11-23 10:45:00,133.11,133.56,132.76,133.15,74402
2984,2020-11-23 11:15:00,133.39,133.75,133.28,133.52,10220
2985,2020-11-23 11:45:00,133.52,133.75,133.25,133.36,16115
2986,2020-11-23 12:15:00,133.5,133.75,133.34,133.73,19525
2987,2020-11-23 12:45:00,133.56,133.75,133.36,133.58,17728
2988,2020-11-23 13:15:00,133.44,134.0,133.4,133.88,13333
2989,2020-11-23 13:45:00,134.0,134.2,133.84,133.97,17396
2990,2020-11-23 14:15:00,134.18,134.2,133.9,133.9,6453
2991,2020-11-23 14:45:00,133.93,134.15,133.8,133.81,10748
2992,2020-11-23 15:15:00,133.78,134.0,133.78,134.0,1896
2993,2020-11-24 09:15:00,134.0,134.8,133.88,134.64,12344
2994,2020-11-24 09:45:00,134.64,135.0,134.64,134.8,8034
2995,2020-11-24 10:15:00,134.98,135.0,134.76,134.76,4594
2996,2020-11-24 10:45:00,134.79,134.9,134.7,134.7,2986
2997,2020-11-24 11:15:00,134.7,134.88,134.7,134.71,2662
2998,2020-11-24 11:45:00,134.71,134.88,134.71,134.86,287
2999,2020-11-24 12:15:00,134.86,134.98,134.75,134.93,17346
3000,2020-11-24 12:45:00,134.93,135.0,134.79,134.84,20699
3001,2020-11-24 13:15:00,135.0,135.0,134.78,135.0,1727
3002,2020-11-24 13:45:00,134.88,135.01,134.88,134.97,16658
3003,2020-11-24 14:15:00,135.0,135.18,134.96,135.14,406453
3004,2020-11-24 14:45:00,135.14,135.15,134.96,135.0,17877
3005,2020-11-24 15:15:00,134.98,135.2,134.98,135.13,11366
3006,2020-11-25 09:15:00,135.5,135.89,135.1,135.68,9919
3007,2020-11-25 09:45:00,135.88,135.89,135.6,135.68,11969
3008,2020-11-25 10:15:00,135.7,135.71,134.96,134.96,16159
3009,2020-11-25 10:45:00,134.8,135.14,134.64,134.64,25890
3010,2020-11-25 11:15:00,134.73,134.92,134.5,134.7,4306
3011,2020-11-25 11:45:00,134.6,134.83,134.5,134.8,3836
3012,2020-11-25 12:15:00,134.8,134.95,134.54,134.95,4987
3013,2020-11-25 12:45:00,134.95,135.1,134.78,135.0,4100
3014,2020-11-25 13:15:00,134.96,135.1,134.75,134.75,2183
3015,2020-11-25 13:45:00,134.8,134.96,133.31,133.66,13089
3016,2020-11-25 14:15:00,133.5,133.9,133.46,133.55,13936
3017,2020-11-25 14:45:00,133.6,133.71,133.3,133.46,20000
3018,2020-11-25 15:15:00,133.46,133.67,133.45,133.45,3457
3019,2020-11-26 09:15:00,133.65,134.05,133.25,133.25,6868
3020,2020-11-26 09:45:00,133.25,133.25,133.0,133.05,4305
3021,2020-11-26 10:15:00,133.25,133.45,132.92,133.38,7459
3022,2020-11-26 10:45:00,133.46,133.46,133.16,133.2,3490
3023,2020-11-26 11:15:00,133.14,133.34,133.11,133.34,1974
3024,2020-11-26 11:45:00,133.4,133.48,132.78,132.9,32193
3025,2020-11-26 12:15:00,132.8,133.43,132.8,133.43,3224
3026,2020-11-26 12:45:00,133.21,134.0,133.21,133.64,2775
3027,2020-11-26 13:15:00,133.96,133.98,133.65,133.69,6199
3028,2020-11-26 13:45:00,133.75,133.99,133.36,133.95,13136
3029,2020-11-26 14:15:00,133.96,133.96,133.86,133.95,3642
3030,2020-11-26 14:45:00,133.99,134.75,133.82,134.75,30814
3031,2020-11-26 15:15:00,134.7,135.0,134.6,135.0,13974
3032,2020-11-27 09:15:00,135.0,135.22,134.49,134.91,18084
3033,2020-11-27 09:45:00,134.76,135.16,134.54,134.54,4105
3034,2020-11-27 10:15:00,134.8,135.0,134.68,134.84,2590
3035,2020-11-27 10:45:00,134.68,134.92,134.54,134.76,2446
3036,2020-11-27 11:15:00,134.76,134.8,134.5,134.8,5272
3037,2020-11-27 11:45:00,134.78,134.98,134.76,134.92,1138
3038,2020-11-27 12:15:00,134.9,135.14,134.9,135.0,33143
3039,2020-11-27 12:45:00,135.0,135.0,134.72,134.83,21966
3040,2020-11-27 13:15:00,134.7,134.86,134.26,134.86,13427
3041,2020-11-27 13:45:00,134.68,134.86,134.48,134.59,1499
3042,2020-11-27 14:15:00,134.5,134.88,134.4,134.5,110368
3043,2020-11-27 14:45:00,134.5,134.82,134.25,134.75,20144
3044,2020-11-27 15:15:00,134.75,134.76,134.25,134.39,7660
3045,2020-12-01 09:15:00,138.8,140.0,134.0,134.87,9745
3046,2020-12-01 09:45:00,134.67,135.0,134.67,134.93,8045
3047,2020-12-01 10:15:00,134.92,135.2,134.82,135.2,44516
3048,2020-12-01 10:45:00,135.2,135.47,135.2,135.47,10992
3049,2020-12-01 11:15:00,135.48,135.49,135.29,135.33,1814
3050,2020-12-01 11:45:00,135.48,135.55,135.37,135.38,5237
3051,2020-12-01 12:15:00,135.4,135.55,135.25,135.34,3837
3052,2020-12-01 12:45:00,135.34,135.55,135.27,135.54,13377
3053,2020-12-01 13:15:00,135.54,135.55,135.16,135.5,11630
3054,2020-12-01 13:45:00,135.4,135.85,135.4,135.85,14587
3055,2020-12-01 14:15:00,135.85,135.85,135.62,135.62,3021
3056,2020-12-01 14:45:00,135.65,135.89,135.65,135.8,5882
3057,2020-12-01 15:15:00,135.8,135.8,135.59,135.59,3885
3058,2020-12-02 09:15:00,135.67,135.94,135.2,135.57,7813
3059,2020-12-02 09:45:00,135.61,135.68,135.18,135.48,16427
3060,2020-12-02 10:15:00,135.48,135.58,135.3,135.41,16815
3061,2020-12-02 10:45:00,135.47,135.61,135.4,135.57,2544
3062,2020-12-02 11:15:00,135.57,135.58,135.32,135.48,2855
3063,2020-12-02 11:45:00,135.42,135.48,135.35,135.45,536
3064,2020-12-02 12:15:00,135.45,135.84,135.45,135.81,1933
3065,2020-12-02 12:45:00,135.8,135.8,135.06,135.06,4559
3066,2020-12-02 13:15:00,135.05,135.19,134.68,134.88,6983
3067,2020-12-02 13:45:00,134.86,135.06,134.6,134.89,4939
3068,2020-12-02 14:15:00,134.89,135.33,134.76,135.33,11358
3069,2020-12-02 14:45:00,135.63,135.9,135.22,135.9,21017
3070,2020-12-02 15:15:00,135.9,135.9,135.53,135.8,2848
3071,2020-12-03 09:15:00,136.74,143.9,135.78,136.18,7980
3072,2020-12-03 09:45:00,136.2,136.33,136.04,136.24,4093
3073,2020-12-03 10:15:00,136.12,136.5,136.08,136.4,34459
3074,2020-12-03 10:45:00,136.25,136.46,136.1,136.33,5163
3075,2020-12-03 11:15:00,136.35,136.35,136.12,136.16,2632
3076,2020-12-03 11:45:00,136.2,136.27,136.08,136.2,9551
3077,2020-12-03 12:15:00,136.07,136.2,135.9,136.19,3755
3078,2020-12-03 12:45:00,136.12,136.19,135.96,136.05,3587
3079,2020-12-03 13:15:00,136.01,136.22,135.88,136.08,5196
3080,2020-12-03 13:45:00,135.94,136.26,135.94,136.17,4613
3081,2020-12-03 14:15:00,136.17,136.22,135.82,136.2,3757
3082,2020-12-03 14:45:00,135.99,136.35,135.99,136.23,16750
3083,2020-12-03 15:15:00,136.23,136.25,136.1,136.1,6138
3084,2020-12-04 09:15:00,138.5,138.5,136.35,136.6,3007
3085,2020-12-04 09:45:00,136.6,137.0,136.52,136.89,9832
3086,2020-12-04 10:15:00,136.89,137.14,136.89,137.14,13003
3087,2020-12-04 10:45:00,137.1,137.26,137.04,137.1,4027
3088,2020-12-04 11:15:00,137.12,137.12,136.68,136.88,4145
3089,2020-12-04 11:45:00,136.89,137.0,136.79,136.94,411
3090,2020-12-04 12:15:00,136.79,136.98,136.68,136.76,2123
3091,2020-12-04 12:45:00,136.76,136.8,136.4,136.8,5573
3092,2020-12-04 13:15:00,136.79,137.0,136.66,136.86,8175
3093,2020-12-04 13:45:00,136.89,137.0,136.69,136.74,2885
3094,2020-12-04 14:15:00,136.98,137.0,136.69,137.0,8154
3095,2020-12-04 14:45:00,137.12,137.41,137.04,137.36,3898
3096,2020-12-04 15:15:00,137.41,137.66,137.4,137.66,5569
3097,2020-12-07 09:15:00,137.89,149.8,137.05,137.79,165157
3098,2020-12-07 09:45:00,137.8,137.8,137.6,137.7,9263
3099,2020-12-07 10:15:00,137.74,137.76,137.4,137.76,7984
3100,2020-12-07 10:45:00,137.76,137.76,137.41,137.45,477007
3101,2020-12-07 11:15:00,137.69,137.76,137.45,137.7,4060
3102,2020-12-07 11:45:00,137.72,137.9,137.61,137.75,10059
3103,2020-12-07 12:15:00,137.9,138.0,137.7,137.85,5975
3104,2020-12-07 12:45:00,137.86,138.23,137.85,138.14,67513
3105,2020-12-07 13:15:00,138.16,138.26,137.7,137.7,3293
3106,2020-12-07 13:45:00,137.8,138.1,137.62,137.8,5585
3107,2020-12-07 14:15:00,137.8,138.0,137.8,137.9,8926
3108,2020-12-07 14:45:00,137.9,138.39,137.9,138.15,4421
3109,2020-12-07 15:15:00,138.15,138.15,138.0,138.0,5334
3110,2020-12-08 09:15:00,146.4,146.4,137.86,138.71,10558
3111,2020-12-08 09:45:00,138.75,138.98,138.74,138.93,2635
3112,2020-12-08 10:15:00,138.96,139.06,138.84,138.9,3438
3113,2020-12-08 10:45:00,138.8,138.92,138.35,138.39,4694
3114,2020-12-08 11:15:00,138.39,138.62,138.0,138.3,15404
3115,2020-12-08 11:45:00,138.3,138.47,137.99,138.22,78551
3116,2020-12-08 12:15:00,138.2,138.51,137.93,138.5,4113
3117,2020-12-08 12:45:00,138.53,138.71,138.39,138.4,2428
3118,2020-12-08 13:15:00,138.43,138.73,138.43,138.56,10692
3119,2020-12-08 13:45:00,138.74,138.87,138.59,138.75,6916
3120,2020-12-08 14:15:00,138.9,139.0,138.8,138.95,3361
3121,2020-12-08 14:45:00,138.97,138.97,138.7,138.8,3642
3122,2020-12-08 15:15:00,138.72,138.75,138.46,138.7,2210
3123,2020-12-09 09:15:00,139.0,139.7,139.0,139.44,11502
3124,2020-12-09 09:45:00,139.48,139.48,139.37,139.44,6494
3125,2020-12-09 10:15:00,139.44,139.62,139.44,139.47,33210
3126,2020-12-09 10:45:00,139.5,139.69,139.47,139.69,4285
3127,2020-12-09 11:15:00,139.69,139.7,139.47,139.7,8634
3128,2020-12-09 11:45:00,139.7,139.7,139.49,139.49,15134
3129,2020-12-09 12:15:00,139.59,139.64,139.41,139.5,3234
3130,2020-12-09 12:45:00,139.5,139.76,139.45,139.52,9707
3131,2020-12-09 13:15:00,139.7,139.93,139.6,139.76,3090
3132,2020-12-09 13:45:00,139.89,140.1,139.73,140.07,47116
3133,2020-12-09 14:15:00,140.09,140.2,140.01,140.15,3984
3134,2020-12-09 14:45:00,140.15,140.15,139.86,140.01,57426
3135,2020-12-09 15:15:00,140.0,140.2,139.92,140.2,1961
3136,2020-12-10 09:15:00,140.0,140.0,138.95,139.1,55802
3137,2020-12-10 09:45:00,138.9,139.04,138.73,138.94,6507
3138,2020-12-10 10:15:00,138.8,139.11,138.8,139.11,5568
3139,2020-12-10 10:45:00,139.06,139.24,138.98,139.23,4140
3140,2020-12-10 11:15:00,139.23,139.24,138.89,138.92,8569
3141,2020-12-10 11:45:00,138.94,138.99,138.78,138.86,87947
3142,2020-12-10 12:15:00,138.86,139.0,138.76,138.99,6736
3143,2020-12-10 12:45:00,139.0,139.16,138.91,139.14,3385
3144,2020-12-10 13:15:00,139.16,139.23,138.8,138.93,2008
3145,2020-12-10 13:45:00,138.85,139.14,138.84,138.98,2183
3146,2020-12-10 14:15:00,138.95,139.5,138.9,139.45,2955
3147,2020-12-10 14:45:00,139.5,139.7,139.37,139.6,5130
3148,2020-12-10 15:15:00,139.6,139.65,139.41,139.65,1767
3149,2020-12-11 09:15:00,139.92,140.28,139.69,140.14,13759
3150,2020-12-11 09:45:00,140.11,140.33,140.11,140.28,13080
3151,2020-12-11 10:15:00,140.28,140.41,140.28,140.28,5387
3152,2020-12-11 10:45:00,140.4,140.4,140.13,140.35,4053
3153,2020-12-11 11:15:00,140.35,140.35,140.04,140.15,52399
3154,2020-12-11 11:45:00,140.17,140.24,140.03,140.24,10642
3155,2020-12-11 12:15:00,140.24,140.4,140.1,140.4,2304
3156,2020-12-11 12:45:00,140.4,140.45,140.2,140.34,5751
3157,2020-12-11 13:15:00,140.33,140.33,140.0,140.0,746
3158,2020-12-11 13:45:00,140.0,140.18,139.3,139.3,4585
3159,2020-12-11 14:15:00,139.23,139.64,138.8,139.43,5040
3160,2020-12-11 14:45:00,139.42,139.92,139.37,139.81,13862
3161,2020-12-11 15:15:00,139.85,139.95,139.65,139.65,8993
3162,2020-12-14 09:15:00,148.2,148.2,139.86,140.67,8276
3163,2020-12-14 09:45:00,140.67,140.67,140.16,140.25,3465
3164,2020-12-14 10:15:00,140.28,140.37,139.99,139.99,10681
3165,2020-12-14 10:45:00,139.99,140.1,139.88,139.88,3951
3166,2020-12-14 11:15:00,140.0,140.33,139.88,140.33,19717
3167,2020-12-14 11:45:00,139.95,140.27,139.94,140.0,1790
3168,2020-12-14 12:15:00,140.0,140.35,139.93,140.35,4025
3169,2020-12-14 12:45:00,140.35,140.35,139.7,140.0,23885
3170,2020-12-14 13:15:00,140.35,140.44,140.0,140.03,8019
3171,2020-12-14 13:45:00,140.21,140.33,140.04,140.16,858
3172,2020-12-14 14:15:00,140.34,140.5,140.15,140.29,1937
3173,2020-12-14 14:45:00,140.49,140.49,140.25,140.33,3274
3174,2020-12-14 15:15:00,140.4,140.44,140.2,140.2,2488
3175,2020-12-15 09:15:00,140.84,143.85,139.61,139.67,5862
3176,2020-12-15 09:45:00,139.83,139.89,139.41,139.54,5308
3177,2020-12-15 10:15:00,139.54,139.75,139.41,139.6,4811
3178,2020-12-15 10:45:00,139.6,139.82,139.51,139.78,7057
3179,2020-12-15 11:15:00,139.61,139.9,139.61,139.9,9571
3180,2020-12-15 11:45:00,139.9,139.99,139.6,139.83,2840
3181,2020-12-15 12:15:00,139.99,140.1,139.83,140.0,3198
3182,2020-12-15 12:45:00,140.0,140.35,139.88,140.19,9855
3183,2020-12-15 13:15:00,140.19,140.43,140.12,140.35,1802
3184,2020-12-15 13:45:00,140.22,140.7,140.09,140.52,27941
3185,2020-12-15 14:15:00,140.7,140.7,140.57,140.63,1365
3186,2020-12-15 14:45:00,140.63,140.75,140.57,140.6,8850
3187,2020-12-15 15:15:00,140.6,140.72,140.33,140.65,10559
3188,2020-12-16 09:15:00,149.1,149.1,140.76,141.17,3857
3189,2020-12-16 09:45:00,141.17,141.39,141.16,141.3,10791
3190,2020-12-16 10:15:00,141.2,141.39,141.15,141.39,1593
3191,2020-12-16 10:45:00,141.18,141.45,141.15,141.45,2223
3192,2020-12-16 11:15:00,141.43,141.43,141.14,141.3,7266
3193,2020-12-16 11:45:00,141.3,141.46,141.22,141.46,2431
3194,2020-12-16 12:15:00,141.3,141.46,141.05,141.28,2568
3195,2020-12-16 12:45:00,141.27,141.32,141.0,141.32,6442
3196,2020-12-16 13:15:00,141.18,141.44,141.18,141.44,2259
3197,2020-12-16 13:45:00,141.38,141.7,141.37,141.7,5774
3198,2020-12-16 14:15:00,141.7,141.76,141.47,141.71,7730
3199,2020-12-16 14:45:00,141.71,141.8,141.53,141.78,10328
3200,2020-12-16 15:15:00,141.75,141.9,141.5,141.87,10687
3201,2020-12-17 09:15:00,150.2,150.2,141.58,141.85,13492
3202,2020-12-17 09:45:00,141.85,142.2,141.85,142.14,16171
3203,2020-12-17 10:15:00,142.14,142.17,141.8,142.12,22849
3204,2020-12-17 10:45:00,141.86,142.18,141.86,142.1,2863
3205,2020-12-17 11:15:00,142.1,142.1,142.0,142.02,1152
3206,2020-12-17 11:45:00,142.1,142.22,142.0,142.05,4222
3207,2020-12-17 12:15:00,142.05,142.41,142.05,142.4,2567
3208,2020-12-17 12:45:00,142.38,142.38,142.01,142.14,10008
3209,2020-12-17 13:15:00,142.2,142.5,142.18,142.37,2319
3210,2020-12-17 13:45:00,142.5,142.53,142.37,142.52,1762
3211,2020-12-17 14:15:00,142.45,142.45,142.39,142.4,14745
3212,2020-12-17 14:45:00,142.43,142.58,142.4,142.46,69442
3213,2020-12-17 15:15:00,142.5,142.81,142.5,142.75,37642
3214,2020-12-18 09:15:00,142.99,143.0,141.58,141.9,15966
3215,2020-12-18 09:45:00,141.9,142.15,141.8,142.02,29243
3216,2020-12-18 10:15:00,142.15,142.31,142.1,142.31,101400
3217,2020-12-18 10:45:00,142.16,142.56,142.16,142.48,218097
3218,2020-12-18 11:15:00,142.48,142.56,142.39,142.43,105629
3219,2020-12-18 11:45:00,142.4,142.56,142.36,142.56,151217
3220,2020-12-18 12:15:00,142.48,142.54,142.21,142.38,101479
3221,2020-12-18 12:45:00,142.38,142.5,142.31,142.46,4522
3222,2020-12-18 13:15:00,142.46,142.7,142.41,142.66,885
3223,2020-12-18 13:45:00,142.66,142.94,142.45,142.67,36451
3224,2020-12-18 14:15:00,142.99,143.0,142.61,142.99,2378
3225,2020-12-18 14:45:00,142.99,143.0,142.71,143.0,3169
3226,2020-12-18 15:15:00,142.98,143.03,142.83,142.83,19786
3227,2020-12-21 09:15:00,143.5,143.5,141.82,142.11,16662
3228,2020-12-21 09:45:00,142.35,142.86,142.02,142.75,8094
3229,2020-12-21 10:15:00,142.75,142.85,142.52,142.77,4152
3230,2020-12-21 10:45:00,142.77,142.97,142.5,142.52,7672
3231,2020-12-21 11:15:00,142.6,142.6,142.41,142.43,6006
3232,2020-12-21 11:45:00,142.44,142.57,142.43,142.45,660
3233,2020-12-21 12:15:00,142.57,142.57,142.4,142.47,1986
3234,2020-12-21 12:45:00,142.46,142.54,141.75,142.09,10870
3235,2020-12-21 13:15:00,142.09,142.13,141.5,141.72,6154
3236,2020-12-21 13:45:00,141.7,141.72,140.86,141.18,38154
3237,2020-12-21 14:15:00,140.95,141.0,136.4,138.71,82802
3238,2020-12-21 14:45:00,138.99,139.25,137.44,138.73,55757
3239,2020-12-21 15:15:00,138.73,138.77,138.0,138.3,27073
3240,2020-12-22 09:15:00,150.9,150.9,131.6,137.2,68917
3241,2020-12-22 09:45:00,137.2,138.26,136.77,138.02,20569
3242,2020-12-22 10:15:00,138.0,138.22,137.86,138.0,21407
3243,2020-12-22 10:45:00,137.9,138.2,137.55,137.9,8432
3244,2020-12-22 11:15:00,137.87,137.87,137.39,137.53,8484
3245,2020-12-22 11:45:00,137.57,137.87,137.41,137.5,6279
3246,2020-12-22 12:15:00,137.46,137.65,137.24,137.65,7136
3247,2020-12-22 12:45:00,137.86,138.19,137.54,137.56,6793
3248,2020-12-22 13:15:00,137.77,138.3,137.76,138.3,15531
3249,2020-12-22 13:45:00,138.3,139.25,138.28,139.25,3415
3250,2020-12-22 14:15:00,138.93,139.5,138.93,139.28,5155
3251,2020-12-22 14:45:00,139.39,139.69,139.15,139.52,29581
3252,2020-12-22 15:15:00,139.5,139.85,139.28,139.55,7268
3253,2020-12-23 09:15:00,139.35,139.91,138.98,139.81,6696
3254,2020-12-23 09:45:00,139.7,139.95,139.7,139.78,5939
3255,2020-12-23 10:15:00,139.78,140.16,139.62,140.09,8747
3256,2020-12-23 10:45:00,140.08,140.17,139.9,140.09,4738
3257,2020-12-23 11:15:00,140.0,140.2,140.0,140.17,12113
3258,2020-12-23 11:45:00,140.17,140.36,140.07,140.36,1579
3259,2020-12-23 12:15:00,140.36,140.59,140.32,140.59,10299
3260,2020-12-23 12:45:00,140.59,140.69,140.0,140.1,31520
3261,2020-12-23 13:15:00,140.24,140.35,140.03,140.34,5894
3262,2020-12-23 13:45:00,140.3,140.44,140.2,140.38,1742
3263,2020-12-23 14:15:00,140.21,140.53,140.21,140.53,2556
3264,2020-12-23 14:45:00,140.53,141.03,140.5,141.0,15204
3265,2020-12-23 15:15:00,141.0,141.13,140.7,141.0,11107
3266,2020-12-24 09:15:00,141.25,142.05,141.0,141.9,6378
3267,2020-12-24 09:45:00,141.9,142.48,141.9,142.48,5550
3268,2020-12-24 10:15:00,142.48,142.5,142.04,142.2,4175
3269,2020-12-24 10:45:00,142.2,142.2,141.9,141.97,90451
3270,2020-12-24 11:15:00,141.88,142.07,141.46,141.9,161411
3271,2020-12-24 11:45:00,141.99,141.99,141.78,141.99,4114
3272,2020-12-24 12:15:00,141.88,142.33,141.88,142.33,24146
3273,2020-12-24 12:45:00,142.33,142.42,142.01,142.11,3396
3274,2020-12-24 13:15:00,142.28,142.59,142.04,142.59,7423
3275,2020-12-24 13:45:00,142.59,142.65,142.33,142.49,2068
3276,2020-12-24 14:15:00,142.49,142.9,142.4,142.77,29936
3277,2020-12-24 14:45:00,142.8,143.0,142.7,142.9,23767
3278,2020-12-24 15:15:00,142.7,142.9,142.63,142.78,3161
3279,2020-12-28 09:15:00,147.0,151.0,143.0,143.54,12598
3280,2020-12-28 09:45:00,143.7,143.78,143.42,143.68,17652
3281,2020-12-28 10:15:00,143.68,143.72,143.5,143.6,3219
3282,2020-12-28 10:45:00,143.6,143.76,143.48,143.67,4254
3283,2020-12-28 11:15:00,143.68,143.8,143.46,143.73,12206
3284,2020-12-28 11:45:00,143.57,143.85,143.57,143.85,2127
3285,2020-12-28 12:15:00,143.85,144.0,143.71,144.0,2368
3286,2020-12-28 12:45:00,144.0,144.0,143.74,143.99,5282
3287,2020-12-28 13:15:00,143.99,144.0,143.69,143.97,9107
3288,2020-12-28 13:45:00,143.8,144.0,143.69,143.8,2816
3289,2020-12-28 14:15:00,143.94,143.96,143.73,143.96,6550
3290,2020-12-28 14:45:00,143.93,144.0,143.9,144.0,2891
3291,2020-12-28 15:15:00,143.91,144.0,143.79,144.0,2890
3292,2020-12-29 09:15:00,145.14,145.14,143.96,144.46,17550
3293,2020-12-29 09:45:00,144.51,144.82,144.51,144.6,8957
3294,2020-12-29 10:15:00,144.6,144.6,144.4,144.4,6862
3295,2020-12-29 10:45:00,144.5,144.5,143.84,144.12,5389
3296,2020-12-29 11:15:00,144.25,144.41,143.91,144.0,18683
3297,2020-12-29 11:45:00,143.94,144.26,143.94,144.11,1582
3298,2020-12-29 12:15:00,144.11,144.25,144.11,144.11,1210
3299,2020-12-29 12:45:00,144.21,144.63,144.11,144.34,2934
3300,2020-12-29 13:15:00,144.34,144.62,144.3,144.35,9202
3301,2020-12-29 13:45:00,144.39,144.39,144.15,144.28,3311
3302,2020-12-29 14:15:00,144.28,144.38,144.15,144.15,6735
3303,2020-12-29 14:45:00,144.15,144.7,144.15,144.35,15966
3304,2020-12-29 15:15:00,144.7,144.7,144.31,144.31,766
3305,2020-12-30 09:15:00,145.0,145.01,144.02,144.4,9143
3306,2020-12-30 09:45:00,144.39,144.5,144.3,144.5,8173
3307,2020-12-30 10:15:00,144.52,144.52,144.3,144.4,9407
3308,2020-12-30 10:45:00,144.4,144.7,144.3,144.69,3290
3309,2020-12-30 11:15:00,144.65,144.7,144.45,144.62,7211
3310,2020-12-30 11:45:00,144.45,144.62,144.38,144.48,740
3311,2020-12-30 12:15:00,144.48,144.48,143.91,144.11,30489
3312,2020-12-30 12:45:00,144.11,144.46,144.0,144.41,3762
3313,2020-12-30 13:15:00,144.43,144.62,144.21,144.61,1113
3314,2020-12-30 13:45:00,144.6,144.8,144.41,144.76,2242
3315,2020-12-30 14:15:00,144.75,144.92,144.66,144.91,8509
3316,2020-12-30 14:45:00,144.95,145.38,144.71,145.03,349890
3317,2020-12-30 15:15:00,144.97,145.15,144.92,144.99,3670
3318,2020-12-31 09:15:00,144.81,145.31,144.46,145.0,14439
3319,2020-12-31 09:45:00,145.0,145.22,145.0,145.18,6221
3320,2020-12-31 10:15:00,145.18,145.18,144.95,145.03,33517
3321,2020-12-31 10:45:00,145.14,145.14,144.81,144.81,3183
3322,2020-12-31 11:15:00,144.95,144.95,144.8,144.8,5513
3323,2020-12-31 11:45:00,144.9,144.97,144.73,144.97,2416
3324,2020-12-31 12:15:00,144.97,145.0,144.73,145.0,2565
3325,2020-12-31 12:45:00,144.99,145.0,144.77,144.92,4543
3326,2020-12-31 13:15:00,144.92,145.0,144.77,144.84,2456
3327,2020-12-31 13:45:00,144.83,145.12,144.81,144.81,1586
3328,2020-12-31 14:15:00,144.81,144.97,144.62,144.9,5656
3329,2020-12-31 14:45:00,144.82,144.99,144.65,144.99,2749
3330,2020-12-31 15:15:00,144.99,144.99,144.73,144.9,2344
3331,2021-01-01 09:15:00,157.9,157.9,145.0,145.26,4398
3332,2021-01-01 09:45:00,145.26,145.47,145.26,145.45,2038
3333,2021-01-01 10:15:00,145.4,145.59,145.32,145.48,12081
3334,2021-01-01 10:45:00,145.34,145.59,145.34,145.5,1895
3335,2021-01-01 11:15:00,145.5,145.62,145.36,145.5,1655
3336,2021-01-01 11:45:00,145.5,145.54,145.36,145.5,2057
3337,2021-01-01 12:15:00,145.54,145.75,145.27,145.74,11286
3338,2021-01-01 12:45:00,145.74,145.75,145.35,145.59,6765
3339,2021-01-01 13:15:00,145.59,145.65,145.36,145.63,950
3340,2021-01-01 13:45:00,145.64,145.64,145.28,145.64,4073
3341,2021-01-01 14:15:00,145.64,145.65,145.45,145.64,2977
3342,2021-01-01 14:45:00,145.64,145.64,145.45,145.55,2276
3343,2021-01-01 15:15:00,145.55,145.55,145.2,145.5,3232
3344,2021-01-04 09:15:00,151.98,151.98,145.92,146.49,8377
3345,2021-01-04 09:45:00,146.49,146.53,146.11,146.29,7466
3346,2021-01-04 10:15:00,146.29,146.35,146.12,146.34,22952
3347,2021-01-04 10:45:00,146.32,146.35,145.0,145.43,14728
3348,2021-01-04 11:15:00,145.62,146.0,145.25,146.0,8031
3349,2021-01-04 11:45:00,146.0,146.06,145.56,145.84,1912
3350,2021-01-04 12:15:00,146.0,146.11,145.76,146.1,1181
3351,2021-01-04 12:45:00,146.11,146.39,146.04,146.37,18376
3352,2021-01-04 13:15:00,146.37,146.5,146.15,146.5,7086
3353,2021-01-04 13:45:00,146.5,146.63,146.31,146.54,15812
3354,2021-01-04 14:15:00,146.55,146.67,146.14,146.67,2826
3355,2021-01-04 14:45:00,146.67,146.88,146.4,146.83,10952
3356,2021-01-04 15:15:00,146.74,146.88,146.48,146.85,4432
3357,2021-01-05 09:15:00,146.5,146.5,145.83,146.24,19972
3358,2021-01-05 09:45:00,146.24,146.26,146.0,146.08,5497
3359,2021-01-05 10:15:00,146.08,146.26,146.0,146.26,9280
3360,2021-01-05 10:45:00,146.27,146.6,146.25,146.6,4632
3361,2021-01-05 11:15:00,146.4,146.7,146.4,146.7,1309
3362,2021-01-05 11:45:00,146.63,146.85,146.6,146.85,6369
3363,2021-01-05 12:15:00,146.91,147.06,146.81,147.03,11171
3364,2021-01-05 12:45:00,147.02,147.11,146.85,146.93,5704
3365,2021-01-05 13:15:00,146.85,147.03,146.33,146.89,6595
3366,2021-01-05 13:45:00,146.9,147.15,146.9,147.08,12264
3367,2021-01-05 14:15:00,147.05,147.15,146.92,147.0,7622
3368,2021-01-05 14:45:00,147.0,147.53,147.0,147.52,300127
3369,2021-01-05 15:15:00,147.25,147.68,147.25,147.62,54347
3370,2021-01-06 09:15:00,147.89,149.99,147.09,147.25,5024
3371,2021-01-06 09:45:00,147.3,147.58,146.92,147.1,8784
3372,2021-01-06 10:15:00,147.33,147.47,147.1,147.36,4234
3373,2021-01-06 10:45:00,147.36,147.64,147.36,147.64,4237
3374,2021-01-06 11:15:00,147.64,147.65,147.38,147.6,4562
3375,2021-01-06 11:45:00,147.52,147.53,147.28,147.3,2104
3376,2021-01-06 12:15:00,147.49,147.74,147.27,147.63,13380
3377,2021-01-06 12:45:00,147.63,147.64,147.32,147.5,3596
3378,2021-01-06 13:15:00,147.34,147.58,146.9,147.1,5040
3379,2021-01-06 13:45:00,147.11,147.11,146.0,146.29,27885
3380,2021-01-06 14:15:00,146.3,146.93,146.07,146.93,39606
3381,2021-01-06 14:45:00,146.8,147.15,146.8,147.1,6693
3382,2021-01-06 15:15:00,147.14,147.14,146.75,147.0,11296
3383,2021-01-07 09:15:00,147.58,147.87,147.41,147.55,8112
3384,2021-01-07 09:45:00,147.55,147.73,147.5,147.6,6216
3385,2021-01-07 10:15:00,147.51,147.68,147.3,147.4,6502
3386,2021-01-07 10:45:00,147.4,147.4,147.24,147.4,2543
3387,2021-01-07 11:15:00,147.37,147.4,147.14,147.28,2368
3388,2021-01-07 11:45:00,147.25,147.39,147.2,147.39,1873
3389,2021-01-07 12:15:00,147.3,147.58,147.13,147.57,5486
3390,2021-01-07 12:45:00,147.58,147.64,147.53,147.53,9535
3391,2021-01-07 13:15:00,147.6,147.68,147.18,147.2,6387
3392,2021-01-07 13:45:00,147.43,147.56,147.2,147.41,1932
3393,2021-01-07 14:15:00,147.45,147.5,147.16,147.25,1160
3394,2021-01-07 14:45:00,147.22,147.43,146.6,146.99,20365
3395,2021-01-07 15:15:00,146.72,147.23,146.72,147.23,2746
3396,2021-01-08 09:15:00,147.88,147.88,147.37,147.82,8689
3397,2021-01-08 09:45:00,147.62,147.99,147.61,147.99,8611
3398,2021-01-08 10:15:00,147.99,148.25,147.83,148.15,20949
3399,2021-01-08 10:45:00,148.15,148.15,147.79,147.79,22163
3400,2021-01-08 11:15:00,147.8,147.95,147.8,147.82,4222
3401,2021-01-08 11:45:00,147.96,148.0,147.66,147.95,14393
3402,2021-01-08 12:15:00,147.95,148.0,147.72,148.0,6161
3403,2021-01-08 12:45:00,148.0,148.05,147.8,147.98,3427
3404,2021-01-08 13:15:00,147.78,148.0,147.64,147.83,1080
3405,2021-01-08 13:45:00,147.9,148.0,147.66,147.96,1862
3406,2021-01-08 14:15:00,147.88,148.1,147.8,148.1,7625
3407,2021-01-08 14:45:00,148.1,148.46,148.1,148.44,62414
3408,2021-01-08 15:15:00,148.44,148.59,148.33,148.4,5314
3409,2021-01-11 09:15:00,151.6,151.6,148.95,149.73,9009
3410,2021-01-11 09:45:00,149.73,149.78,149.5,149.6,7048
3411,2021-01-11 10:15:00,149.6,149.6,149.0,149.45,12627
3412,2021-01-11 10:45:00,149.31,149.67,149.26,149.67,12896
3413,2021-01-11 11:15:00,149.57,149.58,149.25,149.43,6158
3414,2021-01-11 11:45:00,149.43,149.55,149.25,149.36,1162
3415,2021-01-11 12:15:00,149.36,149.59,149.25,149.59,3325
3416,2021-01-11 12:45:00,149.6,149.6,149.26,149.47,5238
3417,2021-01-11 13:15:00,149.5,149.74,149.45,149.74,4440
3418,2021-01-11 13:45:00,149.74,149.74,149.31,149.54,4703
3419,2021-01-11 14:15:00,149.54,149.74,149.42,149.74,943
3420,2021-01-11 14:45:00,149.6,149.9,149.6,149.89,6935
3421,2021-01-11 15:15:00,149.87,150.0,149.63,149.94,20277
3422,2021-01-12 09:15:00,150.63,150.63,149.5,149.95,6821
3423,2021-01-12 09:45:00,149.86,149.95,149.69,149.77,9359
3424,2021-01-12 10:15:00,149.78,149.87,149.53,149.71,3188
3425,2021-01-12 10:45:00,149.84,149.95,149.61,149.95,2203
3426,2021-01-12 11:15:00,149.95,150.05,149.85,150.02,12720
3427,2021-01-12 11:45:00,149.9,150.34,149.9,150.31,5137
3428,2021-01-12 12:15:00,150.37,150.45,150.24,150.4,8638
3429,2021-01-12 12:45:00,150.4,150.5,150.34,150.5,5658
3430,2021-01-12 13:15:00,150.6,150.83,150.58,150.83,2602
3431,2021-01-12 13:45:00,150.94,150.94,150.57,150.62,61397
3432,2021-01-12 14:15:00,150.62,150.9,150.62,150.9,5585
3433,2021-01-12 14:45:00,150.9,150.9,150.7,150.79,2137
3434,2021-01-12 15:15:00,150.79,150.85,150.7,150.79,6685
3435,2021-01-13 09:15:00,151.0,151.8,150.89,151.59,32590
3436,2021-01-13 09:45:00,151.58,151.7,151.32,151.51,10535
3437,2021-01-13 10:15:00,151.51,151.51,151.09,151.29,5833
3438,2021-01-13 10:45:00,151.29,151.42,151.13,151.24,8947
3439,2021-01-13 11:15:00,151.23,151.25,150.71,150.98,42067
3440,2021-01-13 11:45:00,150.98,151.05,150.53,150.85,5669
3441,2021-01-13 12:15:00,150.99,151.09,150.73,150.99,3813
3442,2021-01-13 12:45:00,151.05,151.2,150.87,150.97,31024
3443,2021-01-13 13:15:00,150.85,151.0,150.16,150.44,19199
3444,2021-01-13 13:45:00,150.44,150.52,149.83,150.36,7972
3445,2021-01-13 14:15:00,150.36,150.96,150.0,150.56,9977
3446,2021-01-13 14:45:00,150.88,151.38,150.53,151.0,20319
3447,2021-01-13 15:15:00,151.0,151.36,151.0,151.1,11544
3448,2021-01-14 09:15:00,151.99,153.0,150.2,150.2,9318
3449,2021-01-14 09:45:00,150.2,150.51,150.1,150.51,7306
3450,2021-01-14 10:15:00,150.51,150.77,150.22,150.76,8618
3451,2021-01-14 10:45:00,150.76,151.13,150.51,150.96,3893
3452,2021-01-14 11:15:00,151.04,151.2,150.99,151.2,3444
3453,2021-01-14 11:45:00,151.2,151.27,151.02,151.24,3135
3454,2021-01-14 12:15:00,151.23,151.35,151.04,151.32,2156
3455,2021-01-14 12:45:00,151.33,151.33,150.96,151.28,4160
3456,2021-01-14 13:15:00,151.3,151.3,150.94,151.25,2169
3457,2021-01-14 13:45:00,151.25,151.35,151.12,151.35,1749
3458,2021-01-14 14:15:00,151.35,151.5,151.16,151.35,714
3459,2021-01-14 14:45:00,151.35,151.55,151.14,151.24,3436
3460,2021-01-14 15:15:00,151.24,151.48,151.16,151.35,22081
3461,2021-01-15 09:15:00,153.0,153.0,150.55,150.55,8075
3462,2021-01-15 09:45:00,150.55,151.1,150.21,150.99,5708
3463,2021-01-15 10:15:00,151.04,151.07,150.3,150.4,8040
3464,2021-01-15 10:45:00,150.4,150.85,150.21,150.44,12424
3465,2021-01-15 11:15:00,150.46,150.5,150.01,150.35,7276
3466,2021-01-15 11:45:00,150.3,150.4,150.1,150.3,5698
3467,2021-01-15 12:15:00,150.3,150.45,150.13,150.45,12642
3468,2021-01-15 12:45:00,150.4,150.45,150.28,150.3,6062
3469,2021-01-15 13:15:00,150.3,150.5,150.29,150.4,5455
3470,2021-01-15 13:45:00,150.4,150.4,149.4,149.53,17135
3471,2021-01-15 14:15:00,149.5,149.9,148.9,149.88,17039
3472,2021-01-15 14:45:00,149.88,150.0,149.6,149.81,34285
3473,2021-01-15 15:15:00,149.71,150.2,149.66,150.0,6879
3474,2021-01-18 09:15:00,153.9,154.98,148.45,148.85,29594
3475,2021-01-18 09:45:00,148.99,149.23,148.65,148.65,9358
3476,2021-01-18 10:15:00,148.77,148.77,147.92,148.36,37485
3477,2021-01-18 10:45:00,148.36,148.68,148.05,148.66,9059
3478,2021-01-18 11:15:00,148.7,148.7,148.1,148.21,4889
3479,2021-01-18 11:45:00,148.21,148.42,148.04,148.13,9893
3480,2021-01-18 12:15:00,148.37,148.64,148.17,148.64,21061
3481,2021-01-18 12:45:00,148.6,148.68,148.33,148.56,3822
3482,2021-01-18 13:15:00,148.64,148.7,148.05,148.7,15307
3483,2021-01-18 13:45:00,148.7,149.28,148.49,149.28,11303
3484,2021-01-18 14:15:00,149.28,149.28,148.55,148.55,4725
3485,2021-01-18 14:45:00,148.77,148.92,148.22,148.71,27608
3486,2021-01-18 15:15:00,148.78,148.83,148.01,148.05,26928
3487,2021-01-19 09:15:00,149.7,149.7,148.71,149.3,10859
3488,2021-01-19 09:45:00,149.21,149.59,149.1,149.5,2010
3489,2021-01-19 10:15:00,149.59,149.92,149.48,149.56,9673
3490,2021-01-19 10:45:00,149.64,149.89,149.51,149.75,40347
3491,2021-01-19 11:15:00,149.79,149.79,149.53,149.6,3203
3492,2021-01-19 11:45:00,149.6,149.93,149.6,149.77,3214
3493,2021-01-19 12:15:00,149.8,149.99,149.65,149.8,2399
3494,2021-01-19 12:45:00,149.8,150.41,149.76,150.41,18761
3495,2021-01-19 13:15:00,150.24,150.42,150.24,150.24,2030
3496,2021-01-19 13:45:00,150.41,150.55,150.26,150.48,2803
3497,2021-01-19 14:15:00,150.48,150.79,150.36,150.78,6021
3498,2021-01-19 14:45:00,150.75,151.12,150.69,150.8,21079
3499,2021-01-19 15:15:00,151.0,151.0,150.42,150.87,13158
3500,2021-01-20 09:15:00,151.99,155.97,150.05,150.78,5614
3501,2021-01-20 09:45:00,150.87,150.99,150.65,150.71,1374
3502,2021-01-20 10:15:00,150.71,151.1,150.7,151.1,10411
3503,2021-01-20 10:45:00,151.19,151.36,151.15,151.24,7489
3504,2021-01-20 11:15:00,151.24,151.29,151.05,151.29,28387
3505,2021-01-20 11:45:00,151.21,151.27,151.0,151.27,5364
3506,2021-01-20 12:15:00,151.27,151.27,151.0,151.18,1012
3507,2021-01-20 12:45:00,151.15,151.27,151.0,151.27,2302
3508,2021-01-20 13:15:00,151.05,151.35,151.05,151.35,3020
3509,2021-01-20 13:45:00,151.35,151.52,151.14,151.23,13856
3510,2021-01-20 14:15:00,151.23,151.67,151.23,151.55,3890
3511,2021-01-20 14:45:00,151.67,151.77,151.49,151.74,8786
3512,2021-01-20 15:15:00,151.74,151.96,151.6,151.73,11643
3513,2021-01-21 09:15:00,152.0,152.6,151.66,152.45,13686
3514,2021-01-21 09:45:00,152.5,152.6,152.15,152.58,10950
3515,2021-01-21 10:15:00,152.58,152.59,152.35,152.59,3901
3516,2021-01-21 10:45:00,152.59,152.81,152.31,152.79,22008
3517,2021-01-21 11:15:00,152.79,152.79,152.54,152.72,3181
3518,2021-01-21 11:45:00,152.69,152.75,152.55,152.74,7092
3519,2021-01-21 12:15:00,152.74,152.8,152.48,152.6,3767
3520,2021-01-21 12:45:00,152.6,152.6,152.41,152.46,3219
3521,2021-01-21 13:15:00,152.46,152.86,152.46,152.59,10415
3522,2021-01-21 13:45:00,152.59,152.69,152.35,152.35,2016
3523,2021-01-21 14:15:00,152.34,152.59,152.09,152.32,4764
3524,2021-01-21 14:45:00,152.08,152.26,150.59,151.54,27314
3525,2021-01-21 15:15:00,151.3,152.23,151.3,152.0,3130
3526,2021-01-22 09:15:00,153.5,153.5,150.53,151.02,10099
3527,2021-01-22 09:45:00,151.38,151.53,151.01,151.53,7495
3528,2021-01-22 10:15:00,151.54,151.82,151.0,151.4,8333
3529,2021-01-22 10:45:00,151.03,151.14,150.49,150.55,4376
3530,2021-01-22 11:15:00,150.55,150.95,150.2,150.6,5670
3531,2021-01-22 11:45:00,150.65,150.92,150.5,150.77,7069
3532,2021-01-22 12:15:00,150.63,150.86,150.38,150.38,8355
3533,2021-01-22 12:45:00,150.38,150.64,149.81,149.81,11691
3534,2021-01-22 13:15:00,149.82,150.17,149.62,149.75,23797
3535,2021-01-22 13:45:00,149.6,150.17,149.51,149.86,33104
3536,2021-01-22 14:15:00,149.86,150.63,149.78,150.14,14512
3537,2021-01-22 14:45:00,150.07,150.22,149.3,149.49,25535
3538,2021-01-22 15:15:00,149.45,149.66,149.35,149.65,12831
3539,2021-01-25 09:15:00,150.31,150.4,148.6,148.6,20969
3540,2021-01-25 09:45:00,148.61,149.41,148.08,149.29,13816
3541,2021-01-25 10:15:00,149.36,149.8,149.01,149.33,9342
3542,2021-01-25 10:45:00,149.36,149.69,149.1,149.67,8179
3543,2021-01-25 11:15:00,149.69,149.69,148.98,149.25,3370
3544,2021-01-25 11:45:00,149.15,149.15,148.9,148.9,2579
3545,2021-01-25 12:15:00,148.9,149.56,148.9,149.14,12155
3546,2021-01-25 12:45:00,149.4,149.57,149.1,149.57,2299
3547,2021-01-25 13:15:00,149.57,149.7,149.0,149.0,12547
3548,2021-01-25 13:45:00,149.1,149.18,148.66,148.94,3897
3549,2021-01-25 14:15:00,148.94,148.94,148.2,148.64,3877
3550,2021-01-25 14:45:00,148.6,148.65,148.0,148.18,15349
3551,2021-01-25 15:15:00,148.18,148.3,148.0,148.3,14504
3552,2021-01-27 09:15:00,152.6,157.0,146.96,147.18,27854
3553,2021-01-27 09:45:00,147.08,147.24,146.76,147.24,10115
3554,2021-01-27 10:15:00,147.21,147.21,146.69,146.82,9830
3555,2021-01-27 10:45:00,146.74,147.14,146.74,147.14,11511
3556,2021-01-27 11:15:00,147.17,147.22,146.65,146.75,14911
3557,2021-01-27 11:45:00,146.79,146.82,146.5,146.6,14965
3558,2021-01-27 12:15:00,146.58,146.73,146.4,146.4,7037
3559,2021-01-27 12:45:00,146.5,146.5,146.3,146.3,9185
3560,2021-01-27 13:15:00,146.4,146.5,145.95,146.23,363029
3561,2021-01-27 13:45:00,146.23,146.41,145.25,145.32,47571
3562,2021-01-27 14:15:00,145.23,145.5,144.75,144.8,106389
3563,2021-01-27 14:45:00,144.8,145.63,144.75,145.3,80222
3564,2021-01-27 15:15:00,145.19,145.4,145.1,145.31,7728
3565,2021-01-28 09:15:00,143.6,145.23,140.01,144.27,29220
3566,2021-01-28 09:45:00,144.32,144.4,143.91,144.29,19757
3567,2021-01-28 10:15:00,144.3,144.43,143.53,143.56,55323
3568,2021-01-28 10:45:00,143.56,143.98,143.5,143.92,13011
3569,2021-01-28 11:15:00,143.91,143.97,143.55,143.69,34783
3570,2021-01-28 11:45:00,143.69,143.8,143.27,143.34,22062
3571,2021-01-28 12:15:00,143.34,143.6,142.9,143.1,48032
3572,2021-01-28 12:45:00,142.91,143.01,142.33,142.61,82435
3573,2021-01-28 13:15:00,142.59,143.63,142.5,143.41,19022
3574,2021-01-28 13:45:00,143.72,143.8,143.05,143.3,14906
3575,2021-01-28 14:15:00,143.25,143.46,142.8,143.06,20757
3576,2021-01-28 14:45:00,143.06,143.6,142.65,143.5,55814
3577,2021-01-28 15:15:00,143.29,143.7,143.28,143.43,11053
3578,2021-01-29 09:15:00,144.5,145.21,144.0,144.12,33417
3579,2021-01-29 09:45:00,144.16,144.43,143.94,144.19,12749
3580,2021-01-29 10:15:00,144.19,144.55,143.0,143.74,34128
3581,2021-01-29 10:45:00,143.8,144.21,143.65,144.21,7348
3582,2021-01-29 11:15:00,144.25,144.25,143.75,143.98,8545
3583,2021-01-29 11:45:00,143.94,144.02,143.28,143.48,6794
3584,2021-01-29 12:15:00,143.51,144.09,143.35,143.62,5281
3585,2021-01-29 12:45:00,143.6,143.86,143.1,143.31,15346
3586,2021-01-29 13:15:00,143.29,143.59,143.1,143.13,16856
3587,2021-01-29 13:45:00,143.05,143.64,142.82,143.64,11913
3588,2021-01-29 14:15:00,143.7,144.58,143.68,144.03,30360
3589,2021-01-29 14:45:00,143.75,143.83,141.73,142.41,167265
3590,2021-01-29 15:15:00,142.55,142.65,141.64,142.65,54693
3591,2021-02-01 09:15:00,147.0,147.0,142.0,142.36,48466
3592,2021-02-01 09:45:00,142.37,143.03,142.15,142.97,14639
3593,2021-02-01 10:15:00,142.97,143.25,142.59,143.25,19178
3594,2021-02-01 10:45:00,143.26,143.5,143.1,143.22,375157
3595,2021-02-01 11:15:00,143.18,144.18,143.17,144.14,26748
3596,2021-02-01 11:45:00,144.1,144.66,143.72,143.87,21627
3597,2021-02-01 12:15:00,143.54,144.38,143.35,144.04,7542
3598,2021-02-01 12:45:00,144.04,146.95,143.82,145.76,56923
3599,2021-02-01 13:15:00,145.81,147.2,145.81,147.1,60035
3600,2021-02-01 13:45:00,147.11,147.3,146.64,146.8,38368
3601,2021-02-01 14:15:00,147.0,147.89,146.8,147.8,62405
3602,2021-02-01 14:45:00,147.8,147.95,147.2,147.67,11886
3603,2021-02-01 15:15:00,147.67,148.4,147.67,148.4,11700
3604,2021-02-02 09:15:00,149.6,152.18,147.0,151.75,57809
3605,2021-02-02 09:45:00,151.7,152.4,151.45,151.84,50151
3606,2021-02-02 10:15:00,151.84,151.86,150.51,150.8,10754
3607,2021-02-02 10:45:00,150.72,151.31,150.27,151.18,32376
3608,2021-02-02 11:15:00,151.18,151.19,150.6,150.79,18746
3609,2021-02-02 11:45:00,150.79,151.07,150.18,151.05,5239
3610,2021-02-02 12:15:00,151.05,151.07,150.76,150.99,25456
3611,2021-02-02 12:45:00,150.94,151.5,150.49,151.31,15061
3612,2021-02-02 13:15:00,151.08,151.85,151.04,151.44,27423
3613,2021-02-02 13:45:00,151.45,151.77,151.1,151.6,8578
3614,2021-02-02 14:15:00,151.6,152.0,151.48,151.9,5663
3615,2021-02-02 14:45:00,151.89,151.89,151.3,151.5,12783
3616,2021-02-02 15:15:00,151.5,152.0,151.25,151.75,5170
3617,2021-02-03 09:15:00,152.54,152.54,150.85,152.3,16716
3618,2021-02-03 09:45:00,152.43,152.72,152.0,152.62,9624
3619,2021-02-03 10:15:00,152.62,153.3,152.62,153.3,18171
3620,2021-02-03 10:45:00,153.3,153.34,153.0,153.22,10988
3621,2021-02-03 11:15:00,153.22,153.5,153.15,153.4,6386
3622,2021-02-03 11:45:00,153.4,153.45,153.2,153.4,6153
3623,2021-02-03 12:15:00,153.4,153.8,153.4,153.72,4200
3624,2021-02-03 12:45:00,153.71,153.77,153.48,153.75,4246
3625,2021-02-03 13:15:00,153.75,153.96,153.64,153.64,4782
3626,2021-02-03 13:45:00,153.68,154.01,153.63,153.8,17696
3627,2021-02-03 14:15:00,153.5,154.02,153.5,154.0,3229
3628,2021-02-03 14:45:00,153.94,154.1,153.25,153.33,23439
3629,2021-02-03 15:15:00,153.61,153.75,153.4,153.66,4394
3630,2021-02-04 09:15:00,158.88,158.88,152.47,153.3,15450
3631,2021-02-04 09:45:00,153.3,153.3,152.8,153.16,10149
3632,2021-02-04 10:15:00,153.16,153.3,153.02,153.2,5129
3633,2021-02-04 10:45:00,153.16,153.55,152.75,153.54,21861
3634,2021-02-04 11:15:00,153.54,154.11,153.54,154.11,13869
3635,2021-02-04 11:45:00,154.08,154.21,153.81,154.0,9648
3636,2021-02-04 12:15:00,154.0,154.46,153.89,154.18,9297
3637,2021-02-04 12:45:00,154.18,154.24,153.9,154.17,12367
3638,2021-02-04 13:15:00,154.07,154.29,153.89,154.1,5937
3639,2021-02-04 13:45:00,154.11,154.67,154.02,154.66,5349
3640,2021-02-04 14:15:00,154.66,154.67,154.22,154.56,7909
3641,2021-02-04 14:45:00,154.6,154.82,154.04,154.04,24318
3642,2021-02-04 15:15:00,154.04,154.7,154.04,154.6,7713
3643,2021-02-05 09:15:00,152.53,163.9,152.53,155.3,23013
3644,2021-02-05 09:45:00,155.3,155.35,154.8,155.24,13987
3645,2021-02-05 10:15:00,155.24,155.37,154.35,154.96,21696
3646,2021-02-05 10:45:00,155.08,155.25,154.3,155.24,12997
3647,2021-02-05 11:15:00,155.01,155.4,155.01,155.4,5307
3648,2021-02-05 11:45:00,155.4,155.65,155.25,155.54,9289
3649,2021-02-05 12:15:00,155.54,155.61,155.23,155.48,7225
3650,2021-02-05 12:45:00,155.48,155.57,155.0,155.13,5582
3651,2021-02-05 13:15:00,155.0,155.25,154.65,154.9,6117
3652,2021-02-05 13:45:00,154.88,155.25,154.73,154.99,6732
3653,2021-02-05 14:15:00,154.99,155.2,154.71,154.96,3047
3654,2021-02-05 14:45:00,154.9,155.05,154.52,154.75,20313
3655,2021-02-05 15:15:00,154.75,155.05,154.6,155.05,5929
3656,2021-02-08 09:15:00,160.0,160.0,155.0,156.46,47318
3657,2021-02-08 09:45:00,156.46,156.48,156.07,156.42,48818
3658,2021-02-08 10:15:00,156.42,156.79,156.26,156.6,20390
3659,2021-02-08 10:45:00,156.6,156.64,156.24,156.62,5976
3660,2021-02-08 11:15:00,156.62,156.71,156.5,156.69,2998
3661,2021-02-08 11:45:00,156.68,156.78,156.34,156.35,10915
3662,2021-02-08 12:15:00,156.54,156.58,156.16,156.56,6774
3663,2021-02-08 12:45:00,156.56,156.58,156.17,156.5,44419
3664,2021-02-08 13:15:00,156.53,156.58,156.31,156.56,6988
3665,2021-02-08 13:45:00,156.56,156.85,156.5,156.84,7454
3666,2021-02-08 14:15:00,156.82,156.92,156.78,156.9,10561
3667,2021-02-08 14:45:00,156.77,156.85,156.29,156.63,21799
3668,2021-02-08 15:15:00,156.64,156.85,156.56,156.85,11281
3669,2021-02-09 09:15:00,155.15,157.33,155.15,157.11,11544
3670,2021-02-09 09:45:00,157.11,157.25,156.86,157.2,18692
3671,2021-02-09 10:15:00,157.24,157.51,157.2,157.48,8181
3672,2021-02-09 10:45:00,157.48,157.87,157.4,157.7,14645
3673,2021-02-09 11:15:00,157.83,158.0,157.52,157.8,17300
3674,2021-02-09 11:45:00,157.8,157.92,157.55,157.76,6084
3675,2021-02-09 12:15:00,157.76,157.93,157.64,157.92,4467
3676,2021-02-09 12:45:00,157.92,158.0,157.7,158.0,9547
3677,2021-02-09 13:15:00,158.0,158.05,157.74,158.05,3997
3678,2021-02-09 13:45:00,158.05,158.1,157.83,158.05,4197
3679,2021-02-09 14:15:00,158.05,158.11,157.73,157.77,6949
3680,2021-02-09 14:45:00,157.77,157.77,156.11,156.63,27420
3681,2021-02-09 15:15:00,157.0,157.02,156.5,156.98,13218
3682,2021-02-10 09:15:00,159.0,159.0,155.97,156.94,30239
3683,2021-02-10 09:45:00,156.64,156.92,156.19,156.19,6196
3684,2021-02-10 10:15:00,156.4,156.4,155.7,155.78,10003
3685,2021-02-10 10:45:00,155.98,156.42,155.82,156.32,6421
3686,2021-02-10 11:15:00,156.32,156.61,156.0,156.5,8844
3687,2021-02-10 11:45:00,156.36,156.77,156.35,156.77,2362
3688,2021-02-10 12:15:00,156.66,156.86,156.44,156.52,7195
3689,2021-02-10 12:45:00,156.55,156.79,156.5,156.68,1784
3690,2021-02-10 13:15:00,156.6,156.66,155.83,155.97,4011
3691,2021-02-10 13:45:00,155.8,156.44,155.7,156.3,15926
3692,2021-02-10 14:15:00,156.3,156.64,156.1,156.5,18094
3693,2021-02-11 14:15:00,157.27,157.7,157.27,157.45,11987
3694,2021-02-11 14:45:00,157.64,157.71,157.37,157.57,6233
3695,2021-02-11 15:15:00,157.57,157.81,157.38,157.67,3236
3696,2021-02-12 09:15:00,158.11,158.11,157.3,157.58,2858
3697,2021-02-12 09:45:00,157.59,157.86,157.28,157.7,5508
3698,2021-02-12 10:15:00,157.7,157.8,157.47,157.73,12243
3699,2021-02-12 10:45:00,157.8,158.0,157.74,158.0,5896
3700,2021-02-12 11:15:00,158.0,158.0,157.82,157.99,2082
3701,2021-02-12 11:45:00,157.99,158.0,157.75,157.75,2675
3702,2021-02-12 12:15:00,157.75,157.85,157.56,157.84,4574
3703,2021-02-12 12:45:00,157.66,158.0,157.66,158.0,6602
3704,2021-02-12 13:15:00,158.0,158.0,157.78,157.83,3296
3705,2021-02-12 13:45:00,157.93,157.95,156.65,157.05,24052
3706,2021-02-12 14:15:00,157.0,157.43,157.0,157.23,6075
3707,2021-02-12 14:45:00,157.28,157.52,157.13,157.52,3114
3708,2021-02-12 15:15:00,157.54,157.7,157.43,157.62,20079
3709,2021-02-15 09:15:00,178.0,178.0,157.81,158.7,8440
3710,2021-02-15 09:45:00,158.88,158.88,158.5,158.59,11341
3711,2021-02-15 10:15:00,158.53,159.12,158.52,159.03,13511
3712,2021-02-15 10:45:00,159.09,159.11,158.9,159.11,3172
3713,2021-02-15 11:15:00,159.11,159.11,158.88,159.11,5116
3714,2021-02-15 11:45:00,159.11,159.17,158.84,158.84,6017
3715,2021-02-15 12:15:00,159.05,159.16,159.0,159.1,997
3716,2021-02-15 12:45:00,159.1,159.13,158.84,159.12,3221
3717,2021-02-15 13:15:00,159.12,159.13,158.9,158.93,2803
3718,2021-02-15 13:45:00,159.1,159.13,158.91,158.96,2019
3719,2021-02-15 14:15:00,158.8,159.16,158.8,159.07,5004
3720,2021-02-15 14:45:00,158.96,159.26,158.81,159.26,3916
3721,2021-02-15 15:15:00,159.26,159.58,159.0,159.58,6656
3722,2021-02-16 09:15:00,161.0,168.8,159.25,160.25,8095
3723,2021-02-16 09:45:00,160.2,160.28,159.74,160.04,21817
3724,2021-02-16 10:15:00,160.04,160.19,159.8,160.02,8324
3725,2021-02-16 10:45:00,160.2,160.22,159.97,160.0,15827
3726,2021-02-16 11:15:00,159.94,160.0,159.36,159.73,11954
3727,2021-02-16 11:45:00,159.73,159.76,159.45,159.66,2368
3728,2021-02-16 12:15:00,159.66,159.84,159.3,159.3,8246
3729,2021-02-16 12:45:00,159.25,159.48,158.62,158.8,12014
3730,2021-02-16 13:15:00,158.8,158.8,158.59,158.6,70127
3731,2021-02-16 13:45:00,158.6,158.6,158.13,158.5,7665
3732,2021-02-16 14:15:00,158.5,158.75,158.5,158.74,30138
3733,2021-02-16 14:45:00,158.7,158.74,158.6,158.68,11892
3734,2021-02-16 15:15:00,158.69,159.15,158.67,159.09,42593
3735,2021-02-17 09:15:00,158.62,158.66,157.8,158.01,11045
3736,2021-02-17 09:45:00,158.01,158.17,157.67,158.11,10418
3737,2021-02-17 10:15:00,158.11,158.24,157.92,158.22,10879
3738,2021-02-17 10:45:00,158.22,158.7,158.05,158.7,18102
3739,2021-02-17 11:15:00,158.7,158.7,158.3,158.37,4981
3740,2021-02-17 11:45:00,158.48,158.51,158.35,158.48,1982
3741,2021-02-17 12:15:00,158.48,158.7,158.45,158.69,590
3742,2021-02-17 12:45:00,158.5,158.52,157.59,157.93,106771
3743,2021-02-17 13:15:00,157.61,157.93,157.13,157.25,5611
3744,2021-02-17 13:45:00,157.29,157.89,157.29,157.82,1158
3745,2021-02-17 14:15:00,157.82,157.97,157.65,157.75,10224
3746,2021-02-17 14:45:00,157.74,157.95,157.55,157.93,11779
3747,2021-02-17 15:15:00,157.93,157.95,157.55,157.86,8773
3748,2021-02-18 09:15:00,167.3,167.3,157.38,157.92,5769
3749,2021-02-18 09:45:00,157.92,158.07,157.43,158.06,4702
3750,2021-02-18 10:15:00,158.06,158.24,157.8,158.24,2245
3751,2021-02-18 10:45:00,158.24,158.27,158.1,158.17,3915
3752,2021-02-18 11:15:00,158.17,158.17,157.39,157.39,9683
3753,2021-02-18 11:45:00,157.38,157.61,157.15,157.45,10618
3754,2021-02-18 12:15:00,157.36,157.36,156.77,157.0,11224
3755,2021-02-18 12:45:00,156.94,157.34,156.9,157.2,4383
3756,2021-02-18 13:15:00,157.2,157.2,156.8,156.97,4731
3757,2021-02-18 13:45:00,156.9,157.2,156.75,157.18,7512
3758,2021-02-18 14:15:00,157.26,157.5,157.1,157.36,5978
3759,2021-02-18 14:45:00,157.48,157.48,157.12,157.16,12462
3760,2021-02-18 15:15:00,157.0,157.84,156.7,157.84,11487
3761,2021-02-19 09:15:00,157.35,157.35,156.0,156.58,6898
3762,2021-02-19 09:45:00,156.58,157.0,156.32,157.0,6751
3763,2021-02-19 10:15:00,157.01,157.38,157.0,157.0,14368
3764,2021-02-19 10:45:00,157.18,157.18,156.51,156.7,7934
3765,2021-02-19 11:15:00,156.7,156.9,156.41,156.8,2650
3766,2021-02-19 11:45:00,156.84,157.12,156.72,156.97,1655
3767,2021-02-19 12:15:00,156.82,156.97,156.52,156.81,694
3768,2021-02-19 12:45:00,157.0,157.06,156.6,156.94,4352
3769,2021-02-19 13:15:00,156.66,156.92,156.2,156.49,7583
3770,2021-02-19 13:45:00,156.53,156.57,155.2,155.2,18344
3771,2021-02-19 14:15:00,155.2,155.96,155.1,155.52,15263
3772,2021-02-19 14:45:00,155.5,156.18,155.01,156.18,23915
3773,2021-02-19 15:15:00,156.0,156.5,155.76,156.5,8298
3774,2021-02-22 09:15:00,165.2,165.2,155.1,155.83,12517
3775,2021-02-22 09:45:00,155.78,155.83,154.68,154.8,6563
3776,2021-02-22 10:15:00,154.78,155.17,154.54,155.14,19626
3777,2021-02-22 10:45:00,155.0,155.19,154.6,154.67,5937
3778,2021-02-22 11:15:00,154.68,154.82,154.23,154.23,21755
3779,2021-02-22 11:45:00,154.21,154.36,153.9,154.0,27121
3780,2021-02-22 12:15:00,154.0,154.25,153.76,154.2,16441
3781,2021-02-22 12:45:00,154.25,154.25,153.61,153.84,16092
3782,2021-02-22 13:15:00,153.92,153.93,153.2,153.2,18416
3783,2021-02-22 13:45:00,153.2,153.48,152.83,153.1,23319
3784,2021-02-22 14:15:00,153.1,153.48,152.46,153.48,73797
3785,2021-02-22 14:45:00,153.48,153.72,152.88,152.88,39673
3786,2021-02-22 15:15:00,152.92,152.96,152.45,152.5,52499
3787,2021-02-23 09:15:00,156.8,156.8,149.0,152.93,17142
3788,2021-02-23 09:45:00,152.89,153.6,152.55,153.6,29990
3789,2021-02-23 10:15:00,153.6,154.6,153.6,154.4,21628
3790,2021-02-23 10:45:00,154.5,154.5,154.1,154.36,15222
3791,2021-02-23 11:15:00,154.37,154.45,153.47,153.49,13634
3792,2021-02-23 11:45:00,153.35,153.69,153.01,153.4,133710
3793,2021-02-23 12:15:00,153.38,153.4,153.0,153.4,17169
3794,2021-02-23 12:45:00,153.4,153.69,153.01,153.62,6070
3795,2021-02-23 13:15:00,153.74,153.75,153.1,153.3,7794
3796,2021-02-23 13:45:00,153.57,153.72,153.1,153.44,5733
3797,2021-02-23 14:15:00,153.4,153.64,153.27,153.35,5048
3798,2021-02-23 14:45:00,153.18,153.43,152.77,153.35,19847
3799,2021-02-23 15:15:00,153.31,153.31,152.9,153.29,4972
3800,2021-02-24 09:15:00,162.3,162.3,153.0,153.7,8234
3801,2021-02-24 09:45:00,153.61,154.24,153.61,154.2,5911
3802,2021-02-24 10:15:00,154.2,154.2,153.97,153.97,14925
3803,2021-02-24 10:45:00,154.0,154.5,153.79,154.42,6940
3804,2021-02-24 11:15:00,154.42,154.48,153.62,154.2,3484
3805,2021-02-25 09:15:00,156.0,163.0,156.0,157.1,50039
3806,2021-02-25 09:45:00,156.92,157.08,156.52,156.82,13741
3807,2021-02-25 10:15:00,156.82,157.0,156.54,157.0,12929
3808,2021-02-25 10:45:00,157.0,157.03,156.72,156.99,7624
3809,2021-02-25 11:15:00,156.99,156.99,155.8,155.84,160214
3810,2021-02-25 11:45:00,155.75,155.92,155.31,155.4,34213
3811,2021-02-25 12:15:00,155.4,155.94,155.35,155.92,81049
3812,2021-02-25 12:45:00,155.9,155.99,155.74,155.9,10283
3813,2021-02-25 13:15:00,156.0,156.2,155.94,156.16,3038
3814,2021-02-25 13:45:00,155.96,156.32,155.96,156.24,1678
3815,2021-02-25 14:15:00,156.24,156.69,155.97,156.48,3863
3816,2021-02-25 14:45:00,156.4,156.46,155.76,155.94,23553
3817,2021-02-25 15:15:00,155.93,156.22,155.9,156.22,2051
3818,2021-02-26 09:15:00,162.5,162.5,146.6,153.38,25038
3819,2021-02-26 09:45:00,153.3,153.72,153.2,153.4,42730
3820,2021-02-26 10:15:00,153.58,153.58,152.5,152.7,47190
3821,2021-02-26 10:45:00,152.7,152.8,151.82,152.26,63923
3822,2021-02-26 11:15:00,152.14,152.14,151.16,151.51,204221
3823,2021-02-26 11:45:00,151.55,151.91,150.92,150.92,67670
3824,2021-02-26 12:15:00,150.9,151.09,150.35,150.49,55522
3825,2021-02-26 12:45:00,150.49,151.39,150.44,150.74,55730
3826,2021-02-26 13:15:00,150.7,151.12,150.56,150.99,28692
3827,2021-02-26 13:45:00,151.0,152.7,150.75,152.59,93859
3828,2021-02-26 14:15:00,152.7,152.7,151.9,152.39,22263
3829,2021-02-26 14:45:00,152.4,152.6,151.0,151.59,50850
3830,2021-02-26 15:15:00,151.56,153.0,150.9,152.5,142164
3831,2021-03-01 09:15:00,161.0,161.0,151.15,151.99,134066
3832,2021-03-01 09:45:00,152.0,152.34,151.99,152.12,32775
3833,2021-03-01 10:15:00,152.17,152.94,152.02,152.8,44432
3834,2021-03-01 10:45:00,152.8,153.0,152.46,152.69,45590
3835,2021-03-01 11:15:00,152.73,152.73,151.6,151.75,35662
3836,2021-03-01 11:45:00,151.51,151.86,151.5,151.82,13921
3837,2021-03-01 12:15:00,151.84,151.85,151.1,151.2,10311
3838,2021-03-01 12:45:00,151.34,152.0,151.3,152.0,4778
3839,2021-03-01 13:15:00,152.0,152.48,151.73,152.44,4687
3840,2021-03-01 13:45:00,152.36,152.48,152.0,152.4,47090
3841,2021-03-01 14:15:00,152.28,152.5,152.0,152.44,9967
3842,2021-03-01 14:45:00,152.44,152.44,151.77,152.28,14262
3843,2021-03-01 15:15:00,152.3,152.7,152.25,152.7,4227
3844,2021-03-02 09:15:00,152.47,155.0,152.46,153.36,18800
3845,2021-03-02 09:45:00,153.36,153.92,153.2,153.89,7467
3846,2021-03-02 10:15:00,153.89,153.96,153.3,153.46,5229
3847,2021-03-02 10:45:00,153.37,153.41,152.79,152.92,13215
3848,2021-03-02 11:15:00,152.8,153.0,152.2,152.94,15573
3849,2021-03-02 11:45:00,152.72,153.0,152.72,152.84,4528
3850,2021-03-02 12:15:00,153.0,153.1,152.8,153.02,3440
3851,2021-03-02 12:45:00,152.8,152.98,152.51,152.6,4860
3852,2021-03-02 13:15:00,152.72,153.16,152.56,153.16,1932
3853,2021-03-02 13:45:00,153.16,153.34,153.0,153.24,1325
3854,2021-03-02 14:15:00,153.34,153.34,153.05,153.1,2740
3855,2021-03-02 14:45:00,153.34,154.0,152.9,154.0,4855
3856,2021-03-02 15:15:00,154.0,154.15,153.84,154.0,8475
3857,2021-03-03 09:15:00,159.84,159.84,154.66,154.9,8211
3858,2021-03-03 09:45:00,154.76,154.97,154.58,154.96,9192
3859,2021-03-03 10:15:00,154.96,155.42,154.9,155.42,4235
3860,2021-03-03 10:45:00,155.4,155.51,155.14,155.4,7955
3861,2021-03-03 11:15:00,155.4,155.5,155.16,155.31,4980
3862,2021-03-03 11:45:00,155.31,155.73,155.31,155.7,8233
3863,2021-03-03 12:15:00,155.46,155.68,155.26,155.61,7306
3864,2021-03-03 12:45:00,155.61,155.92,155.48,155.84,4671
3865,2021-03-03 13:15:00,155.85,156.23,155.7,156.0,6200
3866,2021-03-03 13:45:00,156.03,156.29,156.0,156.08,4783
3867,2021-03-03 14:15:00,156.09,156.5,156.0,156.5,15850
3868,2021-03-03 14:45:00,156.5,157.01,156.5,157.0,14898
3869,2021-03-03 15:15:00,157.0,157.39,156.75,156.75,10534
3870,2021-03-04 09:15:00,158.0,158.0,154.49,154.65,15075
3871,2021-03-04 09:45:00,154.6,155.08,154.3,155.08,11832
3872,2021-03-04 10:15:00,155.08,155.28,154.68,155.1,6861
3873,2021-03-04 10:45:00,155.24,155.92,155.0,155.9,8527
3874,2021-03-04 11:15:00,155.8,156.18,155.51,156.1,6245
3875,2021-03-04 11:45:00,156.0,156.12,155.65,155.8,4311
3876,2021-03-04 12:15:00,155.8,156.24,155.7,156.0,3226
3877,2021-03-04 12:45:00,156.24,156.43,155.82,156.2,2793
3878,2021-03-04 13:15:00,156.25,156.26,155.7,155.7,5244
3879,2021-03-04 13:45:00,155.76,156.0,155.4,155.68,4547
3880,2021-03-04 14:15:00,155.96,156.1,155.6,155.6,3175
3881,2021-03-04 14:45:00,155.5,155.88,155.2,155.42,9508
3882,2021-03-04 15:15:00,155.4,155.56,155.0,155.56,13446
3883,2021-03-05 09:15:00,157.0,157.0,153.47,154.5,16551
3884,2021-03-05 09:45:00,154.86,155.24,154.6,155.0,5267
3885,2021-03-05 10:15:00,154.8,155.0,154.2,154.21,12480
3886,2021-03-05 10:45:00,154.34,154.54,153.86,154.48,10655
3887,2021-03-05 11:15:00,154.51,154.84,154.2,154.58,8204
3888,2021-03-05 11:45:00,154.58,154.66,154.21,154.32,2547
3889,2021-03-05 12:15:00,154.32,154.8,154.28,154.54,4634
3890,2021-03-05 12:45:00,154.54,154.69,154.3,154.34,16011
3891,2021-03-05 13:15:00,154.3,154.64,153.9,154.0,5953
3892,2021-03-05 13:45:00,153.9,154.07,153.0,153.3,16721
3893,2021-03-05 14:15:00,153.28,153.9,153.14,153.52,15334
3894,2021-03-05 14:45:00,153.53,154.3,153.3,153.77,13165
3895,2021-03-05 15:15:00,153.9,154.38,153.61,154.38,3785
3896,2021-03-08 09:15:00,159.0,159.0,144.6,154.84,15370
3897,2021-03-08 09:45:00,154.84,155.64,154.84,155.5,10392
3898,2021-03-08 10:15:00,155.5,155.5,154.45,154.45,11004
3899,2021-03-08 10:45:00,154.4,154.76,154.18,154.64,7765
3900,2021-03-08 11:15:00,154.74,155.08,154.64,154.95,3547
3901,2021-03-08 11:45:00,154.93,154.95,154.63,154.74,5208
3902,2021-03-08 12:15:00,154.75,154.96,154.45,154.45,3037
3903,2021-03-08 12:45:00,154.48,154.66,154.16,154.47,5082
3904,2021-03-08 13:15:00,154.58,154.72,153.75,154.14,11877
3905,2021-03-08 13:45:00,154.18,154.39,153.94,154.33,1519
3906,2021-03-08 14:15:00,154.39,154.96,154.34,154.8,8586
3907,2021-03-08 14:45:00,154.8,154.96,153.9,154.2,25517
3908,2021-03-08 15:15:00,154.01,154.5,154.01,154.35,3158
3909,2021-03-09 09:15:00,160.25,160.25,155.27,155.44,6496
3910,2021-03-09 09:45:00,155.5,155.6,155.0,155.42,11649
3911,2021-03-09 10:15:00,155.42,155.6,155.22,155.32,1948
3912,2021-03-09 10:45:00,155.32,155.48,155.14,155.48,6161
3913,2021-03-09 11:15:00,155.48,155.6,155.18,155.6,2987
3914,2021-03-09 11:45:00,155.6,155.6,155.34,155.38,2950
3915,2021-03-09 12:15:00,155.37,155.38,154.7,155.06,1602
3916,2021-03-09 12:45:00,155.06,155.12,154.4,154.4,2656
3917,2021-03-09 13:15:00,154.3,154.66,154.02,154.33,5717
3918,2021-03-09 13:45:00,154.25,155.0,154.1,154.7,12352
3919,2021-03-09 14:15:00,154.68,155.1,154.6,155.0,13830
3920,2021-03-09 14:45:00,155.08,155.6,154.86,155.59,13602
3921,2021-03-09 15:15:00,155.59,155.99,155.55,155.55,17183
3922,2021-03-10 09:15:00,157.05,157.1,156.04,156.3,14409
3923,2021-03-10 09:45:00,156.3,156.43,156.06,156.4,9558
3924,2021-03-10 10:15:00,156.4,156.46,155.9,155.9,3929
3925,2021-03-10 10:45:00,155.9,156.14,155.72,156.11,11603
3926,2021-03-10 11:15:00,156.11,156.2,155.8,155.94,3821
3927,2021-03-10 11:45:00,155.94,156.0,155.75,155.86,1620
3928,2021-03-10 12:15:00,155.86,156.18,155.5,156.1,10700
3929,2021-03-10 12:45:00,156.1,156.27,155.88,156.0,13095
3930,2021-03-10 13:15:00,156.2,156.27,156.01,156.15,2126
3931,2021-03-10 13:45:00,156.02,156.4,156.02,156.26,1981
3932,2021-03-10 14:15:00,156.4,156.5,156.3,156.3,1851
3933,2021-03-10 14:45:00,156.46,156.46,156.16,156.4,4683
3934,2021-03-10 15:15:00,156.34,156.4,156.1,156.18,2962
3935,2021-03-12 09:15:00,165.6,165.6,157.25,157.4,25828
3936,2021-03-12 09:45:00,157.4,157.42,157.15,157.38,4016
3937,2021-03-12 10:15:00,157.38,157.38,156.97,157.29,41563
3938,2021-03-12 10:45:00,157.2,157.3,156.95,157.16,5149
3939,2021-03-12 11:15:00,157.16,157.3,157.0,157.3,6171
3940,2021-03-12 11:45:00,157.3,157.3,157.02,157.08,1747
3941,2021-03-12 12:15:00,157.0,157.0,156.44,156.48,13565
3942,2021-03-12 12:45:00,156.48,156.6,156.4,156.5,7376
3943,2021-03-12 13:15:00,156.4,156.53,154.61,155.0,20159
3944,2021-03-12 13:45:00,154.91,155.41,154.38,154.54,19502
3945,2021-03-12 14:15:00,154.3,154.9,153.95,154.75,42164
3946,2021-03-12 14:45:00,154.62,155.48,154.52,155.18,56966
3947,2021-03-12 15:15:00,155.24,155.25,155.0,155.07,14809
3948,2021-03-15 09:15:00,169.2,169.2,153.02,153.1,22711
3949,2021-03-15 09:45:00,153.08,153.88,153.01,153.5,17687
3950,2021-03-15 10:15:00,153.44,153.9,153.33,153.54,8481
3951,2021-03-15 10:45:00,153.5,153.57,152.86,152.97,29301
3952,2021-03-15 11:15:00,152.97,153.1,152.6,152.89,15324
3953,2021-03-15 11:45:00,152.88,153.27,152.65,152.98,20688
3954,2021-03-15 12:15:00,153.01,153.01,152.42,152.54,25310
3955,2021-03-15 12:45:00,152.54,152.82,152.31,152.5,80284
3956,2021-03-15 13:15:00,152.4,153.01,152.4,152.96,11769
3957,2021-03-15 13:45:00,152.97,153.21,152.7,152.72,41694
3958,2021-03-15 14:15:00,152.92,153.5,152.8,153.38,7522
3959,2021-03-15 14:45:00,153.5,154.55,153.2,154.1,93072
3960,2021-03-15 15:15:00,154.1,154.3,153.95,154.13,28050
3961,2021-03-16 09:15:00,159.76,159.76,153.6,153.6,126559
3962,2021-03-16 09:45:00,153.67,153.77,153.32,153.6,16768
3963,2021-03-16 10:15:00,153.6,154.13,153.6,154.0,67876
3964,2021-03-16 10:45:00,153.98,154.0,153.79,153.89,30460
3965,2021-03-16 11:15:00,153.89,153.89,153.1,153.14,5922
3966,2021-03-16 11:45:00,153.28,153.95,153.22,153.52,13781
3967,2021-03-16 12:15:00,153.56,153.64,153.3,153.44,3021
3968,2021-03-16 12:45:00,153.6,153.68,152.9,153.04,12121
3969,2021-03-16 13:15:00,153.0,153.04,152.55,152.85,30734
3970,2021-03-16 13:45:00,152.95,153.16,152.7,152.76,68038
3971,2021-03-16 14:15:00,152.75,153.16,152.7,152.96,5184
3972,2021-03-16 14:45:00,152.96,153.16,152.51,152.56,24161
3973,2021-03-16 15:15:00,152.68,152.85,152.56,152.85,36876
3974,2021-03-17 09:15:00,155.85,155.85,152.24,152.64,11712
3975,2021-03-17 09:45:00,152.65,152.76,152.0,152.0,20972
3976,2021-03-17 10:15:00,152.24,152.42,151.94,152.4,5671
3977,2021-03-17 10:45:00,152.3,152.34,152.1,152.3,6526
3978,2021-03-17 11:15:00,152.3,153.0,152.15,152.8,12957
3979,2021-03-17 11:45:00,152.68,152.8,152.3,152.3,2315
3980,2021-03-17 12:15:00,152.26,152.38,152.0,152.21,6082
3981,2021-03-17 12:45:00,152.08,152.42,151.95,152.3,262279
3982,2021-03-17 13:15:00,152.42,152.84,152.25,152.66,14188
3983,2021-03-17 13:45:00,152.65,152.65,152.01,152.2,11783
3984,2021-03-17 14:15:00,152.2,152.34,152.01,152.22,35610
3985,2021-03-17 14:45:00,152.11,152.5,151.75,151.82,66339
3986,2021-03-17 15:15:00,151.94,152.4,151.75,152.4,9750
3987,2021-03-18 09:15:00,157.82,157.82,151.97,152.4,26521
3988,2021-03-18 09:45:00,152.5,152.5,151.5,151.6,85468
3989,2021-03-18 10:15:00,151.6,151.65,151.1,151.11,20370
3990,2021-03-18 10:45:00,151.22,151.56,151.22,151.39,61933
3991,2021-03-18 11:15:00,151.39,151.45,151.2,151.29,4029
3992,2021-03-18 11:45:00,151.27,151.64,151.27,151.64,2644
3993,2021-03-18 12:15:00,151.64,151.64,151.35,151.54,3247
3994,2021-03-18 12:45:00,151.5,151.5,150.51,150.51,18694
3995,2021-03-18 13:15:00,150.57,150.57,149.29,149.51,41398
3996,2021-03-18 13:45:00,149.58,149.9,148.51,148.51,29700
3997,2021-03-18 14:15:00,148.51,149.05,148.28,148.67,137606
3998,2021-03-18 14:45:00,148.63,149.34,148.4,149.34,106583
3999,2021-03-18 15:15:00,149.33,149.34,149.0,149.34,80147
4000,2021-03-19 09:15:00,153.0,162.3,146.84,147.7,62228
4001,2021-03-19 09:45:00,147.61,148.67,147.25,148.54,34588
4002,2021-03-19 10:15:00,148.5,148.87,148.07,148.7,24489
4003,2021-03-19 10:45:00,148.53,149.78,148.4,149.67,40134
4004,2021-03-19 11:15:00,149.67,149.69,148.6,148.69,11121
4005,2021-03-19 11:45:00,148.69,149.12,148.43,148.5,6515
4006,2021-03-19 12:15:00,148.4,149.23,148.26,148.9,26978
4007,2021-03-19 12:45:00,148.84,149.27,148.84,149.27,3053
4008,2021-03-19 13:15:00,149.26,149.82,149.1,149.52,5738
4009,2021-03-19 13:45:00,149.5,150.24,149.34,150.15,7199
4010,2021-03-19 14:15:00,150.14,150.96,150.0,150.78,13017
4011,2021-03-19 14:45:00,150.78,151.22,150.7,150.8,14354
4012,2021-03-19 15:15:00,150.98,151.0,150.35,150.95,3172
4013,2021-03-22 09:15:00,155.0,156.87,149.89,150.54,15093
4014,2021-03-22 09:45:00,150.54,150.93,150.35,150.8,4266
4015,2021-03-22 10:15:00,150.8,150.8,150.06,150.31,15721
4016,2021-03-22 10:45:00,150.31,150.31,149.7,150.09,7441
4017,2021-03-22 11:15:00,150.08,150.2,149.99,150.11,7504
4018,2021-03-22 11:45:00,150.11,150.51,150.01,150.08,8471
4019,2021-03-22 12:15:00,150.08,150.14,149.61,149.69,206835
4020,2021-03-22 12:45:00,149.63,149.9,149.49,149.69,15707
4021,2021-03-22 13:15:00,149.72,150.1,149.48,150.1,23824
4022,2021-03-22 13:45:00,150.1,150.45,149.76,150.44,7374
4023,2021-03-22 14:15:00,150.44,150.45,149.83,150.21,7545
4024,2021-03-22 14:45:00,150.1,150.8,149.95,150.64,22123
4025,2021-03-22 15:15:00,150.67,150.79,150.55,150.62,4148
4026,2021-03-23 09:15:00,150.81,151.8,150.4,151.48,13290
4027,2021-03-23 09:45:00,151.48,151.55,151.06,151.06,5269
4028,2021-03-23 10:15:00,151.24,151.44,150.95,151.32,4354
4029,2021-03-23 10:45:00,151.33,152.0,151.07,151.6,10317
4030,2021-03-23 11:15:00,151.58,151.67,150.52,150.91,4691
4031,2021-03-23 11:45:00,150.9,151.22,150.72,151.04,5911
4032,2021-03-23 12:15:00,151.04,151.17,150.7,151.09,2233
4033,2021-03-23 12:45:00,151.0,151.5,151.0,151.37,70233
4034,2021-03-23 13:15:00,151.37,151.63,151.0,151.44,397
4035,2021-03-23 13:45:00,151.44,151.75,151.3,151.48,2712
4036,2021-03-23 14:15:00,151.48,152.13,151.48,152.13,7522
4037,2021-03-23 14:45:00,152.16,152.16,151.62,151.69,8942
4038,2021-03-23 15:15:00,151.65,151.69,151.35,151.5,1922
4039,2021-03-24 09:15:00,147.2,154.0,147.2,150.0,162757
4040,2021-03-24 09:45:00,150.0,150.08,148.82,148.93,365858
4041,2021-03-24 10:15:00,148.9,148.9,148.5,148.66,194779
4042,2021-03-24 10:45:00,148.75,148.75,148.25,148.52,35761
4043,2021-03-24 11:15:00,148.48,148.58,148.05,148.35,18504
4044,2021-03-24 11:45:00,148.39,148.67,148.27,148.48,60172
4045,2021-03-24 12:15:00,148.48,148.88,148.48,148.72,16230
4046,2021-03-24 12:45:00,148.77,148.84,148.37,148.37,63418
4047,2021-03-24 13:15:00,148.41,148.69,148.33,148.52,17049
4048,2021-03-24 13:45:00,148.57,148.77,148.43,148.61,11044
4049,2021-03-24 14:15:00,148.61,148.93,148.5,148.73,13228
4050,2021-03-24 14:45:00,148.72,148.73,147.57,147.7,47797
4051,2021-03-24 15:15:00,147.73,148.23,147.62,147.97,81729
4052,2021-03-25 09:15:00,152.0,152.0,146.58,146.86,37046
4053,2021-03-25 09:45:00,146.86,146.86,146.44,146.7,27815
4054,2021-03-25 10:15:00,146.67,146.87,146.13,146.23,27990
4055,2021-03-25 10:45:00,146.23,146.77,146.23,146.68,43888
4056,2021-03-25 11:15:00,146.68,146.68,145.96,146.14,55883
4057,2021-03-25 11:45:00,146.14,146.14,145.19,145.43,46774
4058,2021-03-25 12:15:00,145.43,145.64,145.3,145.56,57291
4059,2021-03-25 12:45:00,145.56,145.56,145.0,145.29,45060
4060,2021-03-25 13:15:00,145.29,146.52,145.22,146.49,19729
4061,2021-03-25 13:45:00,146.48,146.76,146.0,146.25,32249
4062,2021-03-25 14:15:00,146.3,146.74,145.88,146.74,163977
4063,2021-03-25 14:45:00,146.76,147.21,145.29,145.53,53620
4064,2021-03-25 15:15:00,145.56,146.41,145.41,146.41,98203
4065,2021-03-26 09:15:00,149.0,149.0,146.47,146.67,23810
4066,2021-03-26 09:45:00,146.6,146.99,146.35,146.99,18854
4067,2021-03-26 10:15:00,146.97,147.43,146.92,147.2,11534
4068,2021-03-26 10:45:00,147.2,147.2,146.56,146.92,23596
4069,2021-03-26 11:15:00,146.92,147.63,146.7,147.5,54753
4070,2021-03-26 11:45:00,147.5,147.7,147.45,147.59,5027
4071,2021-03-26 12:15:00,147.59,147.6,147.2,147.6,9192
4072,2021-03-26 12:45:00,147.6,147.76,147.4,147.59,12112
4073,2021-03-26 13:15:00,147.44,147.62,147.3,147.43,7821
4074,2021-03-26 13:45:00,147.47,147.8,147.47,147.55,6347
4075,2021-03-26 14:15:00,147.55,147.78,147.31,147.45,5858
4076,2021-03-26 14:45:00,147.29,147.51,147.01,147.1,20641
4077,2021-03-26 15:15:00,147.1,147.72,147.0,147.27,19509
4078,2021-03-30 09:15:00,149.0,149.49,147.91,148.84,22394
4079,2021-03-30 09:45:00,148.84,149.2,148.76,149.2,20680
4080,2021-03-30 10:15:00,149.2,149.49,149.2,149.4,23097
4081,2021-03-30 10:45:00,149.4,149.61,149.2,149.59,8102
4082,2021-03-30 11:15:00,149.58,149.94,149.23,149.81,6049
4083,2021-03-30 11:45:00,149.81,149.91,148.96,149.31,4521
4084,2021-03-30 12:15:00,149.31,149.5,149.15,149.5,5495
4085,2021-03-30 12:45:00,149.45,149.48,149.2,149.2,1141
4086,2021-03-30 13:15:00,149.2,149.9,149.2,149.9,11432
4087,2021-03-30 13:45:00,149.9,150.2,149.66,150.05,5664
4088,2021-03-30 14:15:00,150.19,150.48,150.19,150.4,5845
4089,2021-03-30 14:45:00,150.4,150.5,150.15,150.5,4801
4090,2021-03-30 15:15:00,150.5,150.56,149.9,150.56,5101
4091,2022-07-22 09:15:00,171.4,171.75,170.8,171.39,92148
4092,2022-07-22 09:45:00,171.33,171.33,171.0,171.12,13279
4093,2022-07-22 10:15:00,171.12,171.3,170.86,170.92,23382
4094,2022-07-22 10:45:00,170.88,171.18,170.88,171.11,9966
4095,2022-07-22 11:15:00,171.07,171.33,171.07,171.3,19677
4096,2022-07-22 11:45:00,171.3,171.52,171.24,171.48,66269
4097,2022-07-22 12:15:00,171.44,171.75,171.43,171.64,69468
4098,2022-07-22 12:45:00,171.64,171.79,171.46,171.53,113680
4099,2022-07-22 13:15:00,171.53,171.75,171.49,171.75,85043
4100,2022-07-22 13:45:00,171.77,172.25,171.74,172.22,176468
4101,2022-07-22 14:15:00,172.08,172.34,171.88,171.92,64049
4102,2022-07-22 14:45:00,171.99,172.26,171.82,172.06,67181
4103,2022-07-22 15:15:00,172.0,172.18,171.83,171.99,5270
4104,2022-07-25 09:15:00,171.1,172.5,171.1,171.45,21544
4105,2022-07-25 09:45:00,171.42,171.44,170.84,171.27,92077
4106,2022-07-25 10:15:00,171.27,171.29,170.9,171.09,22314
4107,2022-07-25 10:45:00,170.91,171.11,170.55,170.71,24172
4108,2022-07-25 11:15:00,170.71,170.94,170.56,170.88,4941
4109,2022-07-25 11:45:00,170.85,171.1,170.69,170.9,20349
4110,2022-07-25 12:15:00,170.73,171.06,170.73,170.98,4338
4111,2022-07-25 12:45:00,170.99,171.1,170.76,171.1,9390
4112,2022-07-25 13:15:00,171.25,171.25,170.84,171.16,6316
4113,2022-07-25 13:45:00,171.12,171.5,170.96,171.5,5404
4114,2022-07-25 14:15:00,171.5,171.9,171.47,171.68,22134
4115,2022-07-25 14:45:00,171.81,171.82,171.45,171.45,8380
4116,2022-07-25 15:15:00,171.42,171.48,171.05,171.2,25275
4117,2022-07-26 09:15:00,171.7,173.0,170.35,170.54,17823
4118,2022-07-26 09:45:00,170.48,170.56,170.12,170.23,13891
4119,2022-07-26 10:15:00,170.23,170.5,170.1,170.2,13863
4120,2022-07-26 10:45:00,170.15,170.47,170.13,170.25,14746
4121,2022-07-26 11:15:00,170.25,170.5,170.13,170.3,16477
4122,2022-07-26 11:45:00,170.27,170.67,170.26,170.59,26783
4123,2022-07-26 12:15:00,170.5,170.7,170.3,170.7,1536
4124,2022-07-26 12:45:00,170.67,170.75,170.46,170.55,4618
4125,2022-07-26 13:15:00,170.57,170.89,170.55,170.55,36211
4126,2022-07-26 13:45:00,170.55,170.6,170.2,170.55,13138
4127,2022-07-26 14:15:00,170.6,170.69,170.11,170.24,17066
4128,2022-07-26 14:45:00,170.21,170.43,170.04,170.04,18320
4129,2022-07-26 15:15:00,170.2,170.21,169.6,170.0,35146
4130,2022-07-27 09:15:00,170.0,170.5,169.25,169.89,19210
4131,2022-07-27 09:45:00,169.9,170.65,169.77,170.65,16681
4132,2022-07-27 10:15:00,170.62,170.75,170.5,170.75,7440
4133,2022-07-27 10:45:00,170.75,170.93,170.65,170.79,7138
4134,2022-07-27 11:15:00,170.83,170.98,170.68,170.98,1889
4135,2022-07-27 11:45:00,170.98,170.99,170.91,170.99,2977
4136,2022-07-27 12:15:00,170.99,170.99,170.8,170.9,73941
4137,2022-07-27 12:45:00,170.9,171.4,170.8,171.3,28545
4138,2022-07-27 13:15:00,171.3,171.49,171.26,171.37,11509
4139,2022-07-27 13:45:00,171.46,171.46,171.18,171.22,129311
4140,2022-07-27 14:15:00,171.18,171.5,171.18,171.3,41598
4141,2022-07-27 14:45:00,171.3,171.7,171.2,171.64,28565
4142,2022-07-27 15:15:00,171.7,171.87,171.57,171.79,29267
4143,2022-07-28 09:15:00,173.3,173.3,172.0,172.8,34632
4144,2022-07-28 09:45:00,172.65,173.5,172.65,173.5,73436
4145,2022-07-28 10:15:00,173.5,173.75,173.38,173.55,47166
4146,2022-07-28 10:45:00,173.55,173.9,173.52,173.85,101783
4147,2022-07-28 11:15:00,173.85,173.95,173.61,173.95,17644
4148,2022-07-28 11:45:00,173.8,174.0,173.77,174.0,54174
4149,2022-07-28 12:15:00,173.99,174.03,173.81,174.0,61103
4150,2022-07-28 12:45:00,174.03,174.25,173.85,174.12,21317
4151,2022-07-28 13:15:00,174.13,174.25,173.91,174.05,10999
4152,2022-07-28 13:45:00,174.0,174.25,174.0,174.04,33415
4153,2022-07-28 14:15:00,174.09,174.2,173.79,173.95,24334
4154,2022-07-28 14:45:00,173.75,174.29,173.66,174.25,60144
4155,2022-07-28 15:15:00,174.26,174.3,174.02,174.3,42987
4156,2022-07-29 09:15:00,174.2,176.24,174.2,176.15,209436
4157,2022-07-29 09:45:00,176.15,176.5,175.93,176.19,47244
4158,2022-07-29 10:15:00,176.19,176.19,175.14,175.25,352272
4159,2022-07-29 10:45:00,175.22,176.04,175.22,176.04,893563
4160,2022-07-29 11:15:00,176.04,176.05,175.66,175.74,5106
4161,2022-07-29 11:45:00,175.8,176.0,175.8,175.98,4039
4162,2022-07-29 12:15:00,175.98,175.99,175.73,175.86,48285
4163,2022-07-29 12:45:00,175.87,176.43,175.83,176.0,80840
4164,2022-07-29 13:15:00,176.0,176.0,175.59,175.96,6313
4165,2022-07-29 13:45:00,175.96,175.98,175.59,175.71,9462
4166,2022-07-29 14:15:00,175.67,175.93,175.47,175.83,9444
4167,2022-07-29 14:45:00,175.83,176.6,175.61,176.55,21212
4168,2022-07-29 15:15:00,176.46,176.64,176.45,176.55,68720
4169,2022-08-01 09:15:00,177.4,177.7,176.47,177.25,52866
4170,2022-08-01 09:45:00,177.25,177.65,177.19,177.65,74918
4171,2022-08-01 10:15:00,177.65,177.8,177.5,177.8,24968
4172,2022-08-01 10:45:00,177.77,177.83,177.58,177.7,60837
4173,2022-08-01 11:15:00,177.7,177.79,177.46,177.72,12907
4174,2022-08-01 11:45:00,177.72,177.8,177.45,177.65,14797
4175,2022-08-01 12:15:00,177.65,178.0,177.64,177.9,10349
4176,2022-08-01 12:45:00,177.9,178.0,177.75,177.89,5380
4177,2022-08-01 13:15:00,177.89,178.0,177.75,178.0,19128
4178,2022-08-01 13:45:00,178.0,178.2,177.88,178.15,32202
4179,2022-08-01 14:15:00,178.02,178.18,177.9,178.18,12854
4180,2022-08-01 14:45:00,178.2,178.6,178.12,178.38,24376
4181,2022-08-01 15:15:00,178.25,178.46,178.25,178.25,9755
4182,2022-08-02 09:15:00,176.55,178.35,176.55,178.0,174033
4183,2022-08-02 09:45:00,177.99,177.99,177.08,177.21,37683
4184,2022-08-02 10:15:00,177.14,177.74,177.14,177.66,37698
4185,2022-08-02 10:45:00,177.71,177.8,177.4,177.6,12303
4186,2022-08-02 11:15:00,177.6,178.1,177.5,178.1,73790
4187,2022-08-02 11:45:00,178.11,178.11,177.76,178.02,66993
4188,2022-08-02 12:15:00,178.05,178.15,177.32,177.5,125439
4189,2022-08-02 12:45:00,177.37,177.86,177.37,177.82,64864
4190,2022-08-02 13:15:00,177.81,178.07,177.66,177.77,5307
4191,2022-08-02 13:45:00,177.91,178.61,177.89,178.4,64233
4192,2022-08-02 14:15:00,178.36,179.08,178.25,178.84,132839
4193,2022-08-02 14:45:00,178.85,179.0,178.34,178.75,203557
4194,2022-08-02 15:15:00,178.6,178.7,177.85,178.1,18206
4195,2022-08-03 09:15:00,190.0,190.0,177.64,177.67,67900
4196,2022-08-03 09:45:00,177.65,178.35,177.65,178.1,18939
4197,2022-08-03 10:15:00,178.1,178.16,177.55,177.87,15419
4198,2022-08-03 10:45:00,177.87,177.87,177.5,177.5,61197
4199,2022-08-03 11:15:00,177.6,177.77,177.35,177.63,29588
4200,2022-08-03 11:45:00,177.76,177.88,177.5,177.5,16052
4201,2022-08-03 12:15:00,177.5,177.83,177.35,177.8,6096
4202,2022-08-03 12:45:00,177.79,178.12,177.7,177.85,5877
4203,2022-08-03 13:15:00,178.01,178.1,177.6,177.6,8819
4204,2022-08-03 13:45:00,177.85,178.15,177.67,178.15,10208
4205,2022-08-03 14:15:00,178.09,178.45,177.94,178.45,11303
4206,2022-08-03 14:45:00,178.49,179.05,178.27,179.01,16552
4207,2022-08-03 15:15:00,179.01,179.1,178.74,179.0,8065
4208,2022-08-04 09:15:00,178.88,179.98,178.65,179.64,64894
4209,2022-08-04 09:45:00,179.74,179.95,179.46,179.64,34424
4210,2022-08-04 10:15:00,179.64,179.73,179.36,179.5,26025
4211,2022-08-04 10:45:00,179.46,179.74,179.42,179.45,10831
4212,2022-08-04 11:15:00,179.31,179.4,177.5,177.5,27082
4213,2022-08-04 11:45:00,177.51,178.33,176.88,178.15,243937
4214,2022-08-04 12:15:00,178.19,178.31,177.86,178.12,6768
4215,2022-08-04 12:45:00,178.07,178.84,178.03,178.35,4706
4216,2022-08-04 13:15:00,178.35,178.69,178.2,178.33,7378
4217,2022-08-04 13:45:00,178.54,178.62,177.85,178.02,5961
4218,2022-08-04 14:15:00,177.96,178.5,177.96,178.5,11054
4219,2022-08-04 14:45:00,178.36,179.18,178.32,178.8,113163
4220,2022-08-04 15:15:00,178.96,178.99,178.56,178.62,82674
4221,2022-08-05 09:15:00,179.9,179.91,179.01,179.36,54599
4222,2022-08-05 09:45:00,179.35,179.74,179.22,179.6,31102
4223,2022-08-05 10:15:00,179.6,179.72,179.35,179.59,15647
4224,2022-08-05 10:45:00,179.45,179.94,179.34,179.92,15243
4225,2022-08-05 11:15:00,179.92,179.92,179.45,179.65,19612
4226,2022-08-05 11:45:00,179.65,179.79,179.3,179.56,23097
4227,2022-08-05 12:15:00,179.56,179.71,179.46,179.46,10179
4228,2022-08-05 12:45:00,179.46,179.63,179.0,179.37,32854
4229,2022-08-05 13:15:00,179.38,179.5,179.1,179.49,2387
4230,2022-08-05 13:45:00,179.41,179.6,179.1,179.1,14909
4231,2022-08-05 14:15:00,179.0,179.12,178.65,178.8,7800
4232,2022-08-05 14:45:00,178.69,179.2,178.69,179.0,39968
4233,2022-08-05 15:15:00,179.11,179.36,178.85,179.2,7221
4234,2022-08-08 09:15:00,179.4,179.9,178.35,179.45,23986
4235,2022-08-08 09:45:00,179.32,179.59,179.24,179.4,18529
4236,2022-08-08 10:15:00,179.4,179.89,179.4,179.89,26731
4237,2022-08-08 10:45:00,179.89,179.92,179.64,179.88,24856
4238,2022-08-08 11:15:00,179.87,180.0,179.8,179.94,43781
4239,2022-08-08 11:45:00,179.8,180.15,179.8,180.15,24293
4240,2022-08-08 12:15:00,180.21,180.5,180.13,180.5,28292
4241,2022-08-08 12:45:00,180.29,180.7,180.25,180.29,23552
4242,2022-08-08 13:15:00,180.31,180.67,180.26,180.5,9142
4243,2022-08-08 13:45:00,180.5,180.77,180.25,180.33,17693
4244,2022-08-08 14:15:00,180.51,180.55,180.3,180.3,7147
4245,2022-08-08 14:45:00,180.29,180.7,180.17,180.45,16915
4246,2022-08-08 15:15:00,180.45,180.71,180.4,180.43,15390
4247,2022-08-10 09:15:00,179.4,181.35,179.4,180.24,27988
4248,2022-08-10 09:45:00,180.34,180.34,179.5,180.29,24284
4249,2022-08-10 10:15:00,180.34,180.55,180.18,180.53,29750
4250,2022-08-10 10:45:00,180.51,180.54,180.31,180.45,31828
4251,2022-08-10 11:15:00,180.36,180.48,180.08,180.45,23193
4252,2022-08-10 11:45:00,180.45,180.45,180.16,180.39,12609
4253,2022-08-10 12:15:00,180.39,180.57,180.2,180.5,62751
4254,2022-08-10 12:45:00,180.52,180.6,180.16,180.37,62282
4255,2022-08-10 13:15:00,180.37,180.45,180.13,180.44,8061
4256,2022-08-10 13:45:00,180.39,180.6,180.13,180.6,15897
4257,2022-08-10 14:15:00,180.6,180.85,180.46,180.74,23610
4258,2022-08-10 14:45:00,180.74,180.85,180.35,180.82,32801
4259,2022-08-10 15:15:00,180.8,180.8,180.34,180.34,5135
4260,2022-08-11 09:15:00,182.8,186.0,181.3,182.12,35808
4261,2022-08-11 09:45:00,182.14,182.35,182.06,182.14,28405
4262,2022-08-11 10:15:00,182.05,182.2,182.0,182.02,64249
4263,2022-08-11 10:45:00,182.13,182.25,182.0,182.05,10039
4264,2022-08-11 11:15:00,182.05,182.19,181.8,181.9,42713
4265,2022-08-11 11:45:00,181.81,182.0,181.74,181.81,4335
4266,2022-08-11 12:15:00,181.81,182.12,181.81,182.0,9672
4267,2022-08-11 12:45:00,182.09,182.09,181.89,181.94,6965
4268,2022-08-11 13:15:00,181.82,182.06,181.64,181.8,5696
4269,2022-08-11 13:45:00,181.91,182.07,181.61,181.65,14966
4270,2022-08-11 14:15:00,181.86,182.09,181.61,181.95,16759
4271,2022-08-11 14:45:00,181.8,182.0,181.65,181.74,43972
4272,2022-08-11 15:15:00,181.96,181.99,181.72,181.73,28978
4273,2022-08-12 09:15:00,180.85,182.35,180.85,181.65,45012
4274,2022-08-12 09:45:00,181.65,182.1,181.59,182.1,7246
4275,2022-08-12 10:15:00,182.34,182.34,181.83,181.99,15975
4276,2022-08-12 10:45:00,181.69,182.28,181.69,182.24,27320
4277,2022-08-12 11:15:00,182.24,182.3,182.02,182.11,20874
4278,2022-08-12 11:45:00,182.2,182.27,182.01,182.2,13516
4279,2022-08-12 12:15:00,182.22,182.31,182.0,182.27,13766
4280,2022-08-12 12:45:00,182.27,182.45,182.2,182.39,34060
4281,2022-08-12 13:15:00,182.38,182.5,182.25,182.5,8217
4282,2022-08-12 13:45:00,182.5,182.55,182.35,182.53,12781
4283,2022-08-12 14:15:00,182.51,182.73,182.09,182.36,451308
4284,2022-08-12 14:45:00,182.36,182.63,182.07,182.63,27106
4285,2022-08-12 15:15:00,182.65,182.76,182.24,182.24,272891
4286,2022-08-16 09:15:00,182.5,183.61,182.5,183.44,62897
4287,2022-08-16 09:45:00,183.44,183.7,183.42,183.52,23445
4288,2022-08-16 10:15:00,183.52,183.75,183.46,183.68,20349
4289,2022-08-16 10:45:00,183.68,183.85,183.5,183.7,16839
4290,2022-08-16 11:15:00,183.83,183.83,183.31,183.43,70830
4291,2022-08-16 11:45:00,183.61,183.61,183.27,183.54,63422
4292,2022-08-16 12:15:00,183.55,183.64,183.31,183.42,25274
4293,2022-08-16 12:45:00,183.42,183.58,183.23,183.43,18051
4294,2022-08-16 13:15:00,183.17,183.5,183.17,183.45,10618
4295,2022-08-16 13:45:00,183.45,183.53,183.25,183.52,25760
4296,2022-08-16 14:15:00,183.52,183.6,183.36,183.5,24067
4297,2022-08-16 14:45:00,183.5,183.85,183.19,183.72,16490
4298,2022-08-16 15:15:00,183.73,183.78,183.55,183.65,26370
4299,2022-08-17 09:15:00,183.6,184.25,183.47,184.24,33848
4300,2022-08-17 09:45:00,184.31,184.5,184.15,184.49,38896
4301,2022-08-17 10:15:00,184.49,184.6,184.34,184.55,11904
4302,2022-08-17 10:45:00,184.65,184.79,184.45,184.78,20840
4303,2022-08-17 11:15:00,184.78,184.78,184.49,184.49,20206
4304,2022-08-17 11:45:00,184.49,184.7,184.46,184.63,12461
4305,2022-08-17 12:15:00,184.69,184.78,184.59,184.69,15287
4306,2022-08-17 12:45:00,184.78,185.0,184.65,184.89,15414
4307,2022-08-17 13:15:00,184.91,184.91,184.69,184.85,8890
4308,2022-08-17 13:45:00,184.85,184.85,184.61,184.8,11786
4309,2022-08-17 14:15:00,184.69,184.9,184.63,184.9,10645
4310,2022-08-17 14:45:00,184.81,185.15,184.75,184.9,24040
4311,2022-08-17 15:15:00,185.0,185.0,184.7,184.74,3352
4312,2022-08-18 09:15:00,185.4,185.45,184.18,184.6,32149
4313,2022-08-18 09:45:00,184.75,185.0,184.52,185.0,18906
4314,2022-08-18 10:15:00,184.99,185.0,184.32,184.6,16229
4315,2022-08-18 10:45:00,184.59,184.77,184.51,184.64,97143
4316,2022-08-18 11:15:00,184.62,184.62,184.17,184.2,14398
4317,2022-08-18 11:45:00,184.43,184.45,184.1,184.25,19175
4318,2022-08-18 12:15:00,184.21,184.5,184.21,184.49,8449
4319,2022-08-18 12:45:00,184.5,184.65,184.29,184.65,10906
4320,2022-08-18 13:15:00,184.49,185.0,184.46,184.5,25882
4321,2022-08-18 13:45:00,184.51,184.75,184.31,184.6,46568
4322,2022-08-18 14:15:00,184.68,185.0,184.61,184.97,12076
4323,2022-08-18 14:45:00,185.0,185.2,184.86,185.07,381699
4324,2022-08-18 15:15:00,185.05,185.4,185.02,185.4,17655
4325,2022-08-19 09:15:00,185.0,186.03,184.0,185.21,77514
4326,2022-08-19 09:45:00,185.01,185.27,185.0,185.19,14740
4327,2022-08-19 10:15:00,185.21,185.22,185.0,185.2,17475
4328,2022-08-19 10:45:00,185.05,185.2,184.3,184.54,24046
4329,2022-08-19 11:15:00,184.47,184.66,183.45,183.64,24797
4330,2022-08-19 11:45:00,183.61,184.0,183.4,183.79,10415
4331,2022-08-19 12:15:00,183.79,183.8,182.85,183.53,19042
4332,2022-08-19 12:45:00,183.45,183.97,183.26,183.9,9264
4333,2022-08-19 13:15:00,183.9,184.0,183.25,183.39,18610
4334,2022-08-19 13:45:00,183.39,183.48,182.69,183.24,19031
4335,2022-08-19 14:15:00,183.24,183.68,183.24,183.6,5385
4336,2022-08-19 14:45:00,183.6,183.7,183.2,183.48,8909
4337,2022-08-19 15:15:00,183.47,183.47,182.85,183.04,39574
4338,2022-08-22 09:15:00,182.25,183.2,181.5,181.55,60556
4339,2022-08-22 09:45:00,181.55,181.8,181.42,181.7,103050
4340,2022-08-22 10:15:00,181.69,181.79,181.39,181.53,128259
4341,2022-08-22 10:45:00,181.39,181.71,181.36,181.58,32591
4342,2022-08-22 11:15:00,181.58,181.66,181.34,181.49,19489
4343,2022-08-22 11:45:00,181.5,181.65,181.45,181.45,15276
4344,2022-08-22 12:15:00,181.55,181.79,181.45,181.52,3469
4345,2022-08-22 12:45:00,181.45,181.71,181.34,181.54,129235
4346,2022-08-22 13:15:00,181.54,181.7,181.28,181.35,31902
4347,2022-08-22 13:45:00,181.47,181.51,181.2,181.47,29750
4348,2022-08-22 14:15:00,181.47,181.69,180.9,181.0,29456
4349,2022-08-22 14:45:00,181.0,181.4,180.45,180.67,33670
4350,2022-08-22 15:15:00,180.6,180.81,180.4,180.55,27514
4351,2022-08-23 09:15:00,179.1,181.2,179.05,181.14,61505
4352,2022-08-23 09:45:00,181.0,181.66,181.0,181.1,17897
4353,2022-08-23 10:15:00,181.1,181.28,180.05,180.13,9607
4354,2022-08-23 10:45:00,180.26,180.46,180.02,180.02,13381
4355,2022-08-23 11:15:00,180.02,180.99,180.02,180.5,3845
4356,2022-08-23 11:45:00,180.64,180.86,180.3,180.5,14545
4357,2022-08-23 12:15:00,180.57,180.83,180.31,180.77,1667
4358,2022-08-23 12:45:00,180.76,181.42,180.71,181.42,12811
4359,2022-08-23 13:15:00,181.43,181.69,181.3,181.6,203719
4360,2022-08-23 13:45:00,181.58,181.68,181.2,181.6,10942
4361,2022-08-23 14:15:00,181.45,181.76,181.42,181.46,4792
4362,2022-08-23 14:45:00,181.46,181.68,181.11,181.5,4923
4363,2022-08-23 15:15:00,181.51,182.25,181.51,182.23,42227
4364,2022-08-24 09:15:00,181.9,182.23,180.75,181.13,19733
4365,2022-08-24 09:45:00,181.01,181.65,180.9,181.63,17901
4366,2022-08-24 10:15:00,181.62,181.96,181.37,181.54,57669
4367,2022-08-24 10:45:00,181.73,182.2,181.61,182.2,5208
4368,2022-08-24 11:15:00,182.2,182.26,181.82,182.0,4835
4369,2022-08-24 11:45:00,182.07,182.21,181.48,181.65,6546
4370,2022-08-24 12:15:00,181.65,181.93,181.48,181.65,1346
4371,2022-08-24 12:45:00,181.58,181.81,181.25,181.47,48305
4372,2022-08-24 13:15:00,181.47,181.83,181.23,181.79,63133
4373,2022-08-24 13:45:00,181.79,181.99,181.5,181.68,119133
4374,2022-08-24 14:15:00,181.74,181.98,181.6,181.86,53522
4375,2022-08-24 14:45:00,181.88,182.29,181.65,182.2,43055
4376,2022-08-24 15:15:00,182.21,182.23,181.96,182.1,14075
4377,2022-08-25 09:15:00,182.26,183.5,182.26,183.0,12440
4378,2022-08-25 09:45:00,182.91,183.12,182.84,182.97,9019
4379,2022-08-25 10:15:00,182.97,182.97,182.66,182.77,6988
4380,2022-08-25 10:45:00,182.77,183.1,182.7,182.89,11546
4381,2022-08-25 11:15:00,182.89,182.96,182.4,182.78,12131
4382,2022-08-25 11:45:00,182.87,183.1,182.85,183.01,2111
4383,2022-08-25 12:15:00,183.01,183.1,182.85,183.0,6012
4384,2022-08-25 12:45:00,183.0,183.36,183.0,183.25,14360
4385,2022-08-25 13:15:00,183.25,183.25,182.92,183.0,5276
4386,2022-08-25 13:45:00,183.0,183.15,182.79,182.98,7910
4387,2022-08-25 14:15:00,182.97,183.0,182.21,182.53,9210
4388,2022-08-25 14:45:00,182.59,182.62,180.93,181.05,27999
4389,2022-08-25 15:15:00,181.05,181.25,180.8,181.25,33336
4390,2022-08-26 09:15:00,181.98,182.89,181.45,182.47,9705
4391,2022-08-26 09:45:00,182.4,182.78,182.31,182.33,10117
4392,2022-08-26 10:15:00,182.35,182.42,182.02,182.02,27240
4393,2022-08-26 10:45:00,182.02,182.15,181.85,182.02,31464
4394,2022-08-26 11:15:00,182.02,182.15,181.8,182.05,7311
4395,2022-08-26 11:45:00,182.05,182.41,182.01,182.41,5915
4396,2022-08-26 12:15:00,182.41,182.41,181.86,182.3,4368
4397,2022-08-26 12:45:00,182.11,182.34,181.75,181.86,10342
4398,2022-08-26 13:15:00,181.93,181.93,181.6,181.85,3753
4399,2022-08-26 13:45:00,181.86,182.15,181.65,181.86,21056
4400,2022-08-26 14:15:00,182.11,182.11,181.72,181.82,8940
4401,2022-08-26 14:45:00,181.82,181.85,181.06,181.46,26872
4402,2022-08-26 15:15:00,181.47,181.99,181.3,181.75,13695
4403,2022-08-29 09:15:00,178.5,179.3,177.55,178.76,170494
4404,2022-08-29 09:45:00,178.75,179.16,178.6,179.02,72412
4405,2022-08-29 10:15:00,179.02,179.2,178.81,178.96,55132
4406,2022-08-29 10:45:00,179.02,179.14,178.75,178.78,30259
4407,2022-08-29 11:15:00,178.79,179.43,178.5,179.22,47810
4408,2022-08-29 11:45:00,179.22,179.36,179.0,179.1,12260
4409,2022-08-29 12:15:00,179.1,179.68,179.03,179.49,13851
4410,2022-08-29 12:45:00,179.4,179.4,179.04,179.3,66271
4411,2022-08-29 13:15:00,179.23,179.4,179.1,179.3,4909
4412,2022-08-29 13:45:00,179.3,179.68,179.14,179.24,16722
4413,2022-08-29 14:15:00,179.4,179.58,179.04,179.35,17512
4414,2022-08-29 14:45:00,179.35,179.35,178.8,179.02,19537
4415,2022-08-29 15:15:00,178.98,179.25,178.98,179.15,34348
4416,2022-08-30 09:15:00,180.4,180.63,179.76,180.54,35078
4417,2022-08-30 09:45:00,180.63,180.89,180.4,180.85,113184
4418,2022-08-30 10:15:00,180.85,181.0,180.55,180.97,21006
4419,2022-08-30 10:45:00,180.92,181.43,180.92,181.43,7282
4420,2022-08-30 11:15:00,181.43,181.62,181.21,181.42,12546
4421,2022-08-30 11:45:00,181.49,181.74,181.42,181.74,1925
4422,2022-08-30 12:15:00,181.75,181.98,181.57,181.94,14533
4423,2022-08-30 12:45:00,181.95,182.42,181.89,182.4,10526
4424,2022-08-30 13:15:00,182.23,182.65,182.2,182.58,31118
4425,2022-08-30 13:45:00,182.58,182.74,182.51,182.55,214540
4426,2022-08-30 14:15:00,182.55,183.06,182.55,183.0,36398
4427,2022-08-30 14:45:00,182.9,183.9,182.87,183.79,130314
4428,2022-08-30 15:15:00,183.7,183.9,183.37,183.51,236047
4429,2022-09-01 09:15:00,181.5,182.26,180.59,182.25,38606
4430,2022-09-01 09:45:00,182.25,182.68,181.82,182.59,22386
4431,2022-09-01 10:15:00,182.59,182.92,182.23,182.53,14114
4432,2022-09-01 10:45:00,182.53,182.61,181.1,182.3,182363
4433,2022-09-01 11:15:00,182.3,182.6,182.13,182.29,37793
4434,2022-09-01 11:45:00,182.29,182.29,181.45,182.0,73994
4435,2022-09-01 12:15:00,182.04,182.04,181.52,181.96,15157
4436,2022-09-01 12:45:00,181.91,182.0,181.21,181.25,24176
4437,2022-09-01 13:15:00,181.36,181.62,180.79,181.26,153582
4438,2022-09-01 13:45:00,181.24,181.24,180.51,181.09,56916
4439,2022-09-01 14:15:00,181.09,181.56,180.82,181.48,13294
4440,2022-09-01 14:45:00,181.49,181.68,180.78,181.48,22717
4441,2022-09-01 15:15:00,181.48,181.7,181.15,181.7,39060
4442,2022-09-02 09:15:00,182.3,182.3,181.0,181.2,14074
4443,2022-09-02 09:45:00,181.29,181.5,180.61,180.87,84324
4444,2022-09-02 10:15:00,180.68,181.34,180.62,181.24,6138
4445,2022-09-02 10:45:00,181.25,181.27,180.85,181.16,43636
4446,2022-09-02 11:15:00,181.12,181.3,180.9,181.3,11831
4447,2022-09-02 11:45:00,181.3,181.5,181.06,181.49,6322
4448,2022-09-02 12:15:00,181.5,181.6,181.2,181.4,11338
4449,2022-09-02 12:45:00,181.32,181.6,181.32,181.45,2657
4450,2022-09-02 13:15:00,181.7,181.75,181.44,181.45,17923
4451,2022-09-02 13:45:00,181.65,182.0,181.49,181.99,5521
4452,2022-09-02 14:15:00,181.84,182.09,181.4,181.51,9668
4453,2022-09-02 14:45:00,181.51,181.51,181.0,181.25,19728
4454,2022-09-02 15:15:00,181.39,181.48,181.0,181.14,11501
4455,2022-09-05 09:15:00,181.8,182.3,181.2,182.3,22271
4456,2022-09-05 09:45:00,182.29,182.45,182.0,182.41,42605
4457,2022-09-05 10:15:00,182.42,182.5,182.2,182.35,13789
4458,2022-09-05 10:45:00,182.22,182.45,182.05,182.2,13630
4459,2022-09-05 11:15:00,182.07,182.37,182.03,182.25,176343
4460,2022-09-05 11:45:00,182.24,182.47,182.19,182.47,14823
4461,2022-09-05 12:15:00,182.48,182.7,182.4,182.67,22393
4462,2022-09-05 12:45:00,182.6,182.75,182.32,182.44,39020
4463,2022-09-05 13:15:00,182.39,182.51,182.1,182.1,3175
4464,2022-09-05 13:45:00,182.12,182.6,182.12,182.42,2460
4465,2022-09-05 14:15:00,182.55,182.6,182.18,182.36,13414
4466,2022-09-05 14:45:00,182.54,182.55,182.24,182.5,10919
4467,2022-09-05 15:15:00,182.51,182.57,182.4,182.55,8471
4468,2022-09-06 09:15:00,183.09,183.29,181.0,182.5,23475
4469,2022-09-06 09:45:00,182.5,182.5,182.0,182.0,13329
4470,2022-09-06 10:15:00,182.15,182.15,181.52,181.64,27358
4471,2022-09-06 10:45:00,181.75,182.35,181.66,182.28,8013
4472,2022-09-06 11:15:00,182.28,182.46,182.02,182.19,5151
4473,2022-09-06 11:45:00,182.44,182.59,182.23,182.37,25190
4474,2022-09-06 12:15:00,182.47,182.72,182.42,182.68,20672
4475,2022-09-06 12:45:00,182.68,182.79,182.4,182.43,6424
4476,2022-09-06 13:15:00,182.59,182.75,182.41,182.61,5181
4477,2022-09-06 13:45:00,182.42,182.55,182.22,182.55,2281
4478,2022-09-06 14:15:00,182.55,182.6,181.92,181.92,5098
4479,2022-09-06 14:45:00,182.06,182.3,181.97,182.1,4526
4480,2022-09-06 15:15:00,182.11,182.19,181.94,182.0,21355
4481,2022-09-07 09:15:00,180.98,181.39,180.72,181.31,25008
4482,2022-09-07 09:45:00,181.17,181.5,181.1,181.4,15940
4483,2022-09-07 10:15:00,181.21,181.47,181.13,181.29,21346
4484,2022-09-07 10:45:00,181.29,181.33,180.98,180.98,16095
4485,2022-09-07 11:15:00,180.98,181.31,180.91,181.07,6607
4486,2022-09-07 11:45:00,181.1,181.77,181.1,181.69,63963
4487,2022-09-07 12:15:00,181.79,182.01,181.67,181.89,12813
4488,2022-09-07 12:45:00,181.82,181.84,181.55,181.7,5489
4489,2022-09-07 13:15:00,181.81,182.16,181.81,182.07,7136
4490,2022-09-07 13:45:00,182.07,182.19,181.81,182.0,17712
4491,2022-09-07 14:15:00,182.0,182.1,181.6,181.76,4047
4492,2022-09-07 14:45:00,181.77,181.93,181.6,181.89,6382
4493,2022-09-07 15:15:00,181.95,182.1,181.85,182.0,6510
4494,2022-09-08 09:15:00,183.49,183.5,182.78,183.27,277349
4495,2022-09-08 09:45:00,183.26,183.3,183.04,183.3,68644
4496,2022-09-08 10:15:00,183.3,183.39,182.81,182.99,12504
4497,2022-09-08 10:45:00,182.88,183.12,182.8,183.01,26816
4498,2022-09-08 11:15:00,183.01,183.01,182.58,182.84,4955
4499,2022-09-08 11:45:00,182.99,183.02,182.85,183.0,8063
4500,2022-09-08 12:15:00,183.0,183.09,182.78,183.08,7124
4501,2022-09-08 12:45:00,183.03,183.03,182.4,182.6,3448
4502,2022-09-08 13:15:00,182.69,182.97,182.69,182.96,2407
4503,2022-09-08 13:45:00,182.96,183.09,182.69,183.0,16829
4504,2022-09-08 14:15:00,182.91,183.25,182.91,183.25,8861
4505,2022-09-08 14:45:00,183.25,183.5,183.25,183.45,10807
4506,2022-09-08 15:15:00,183.45,183.45,183.24,183.38,22533
4507,2022-09-09 09:15:00,184.37,184.75,184.14,184.35,26673
4508,2022-09-09 09:45:00,184.36,184.55,184.35,184.45,24697
4509,2022-09-09 10:15:00,184.49,184.63,184.45,184.5,19500
4510,2022-09-09 10:45:00,184.5,184.6,184.29,184.55,41155
4511,2022-09-09 11:15:00,184.53,184.53,184.2,184.2,46048
4512,2022-09-09 11:45:00,184.2,184.36,183.88,183.88,9134
4513,2022-09-09 12:15:00,183.88,184.26,183.86,184.16,19535
4514,2022-09-09 12:45:00,184.28,184.33,183.93,184.05,11638
4515,2022-09-09 13:15:00,183.98,184.05,183.53,183.8,15113
4516,2022-09-09 13:45:00,184.0,184.25,183.96,184.1,5867
4517,2022-09-09 14:15:00,184.13,184.36,184.12,184.24,14950
4518,2022-09-09 14:45:00,184.24,184.34,184.06,184.17,4031
4519,2022-09-09 15:15:00,184.09,184.1,183.81,183.91,15135
4520,2022-09-12 09:15:00,184.69,184.95,184.28,184.82,81500
4521,2022-09-12 09:45:00,184.95,185.2,184.78,185.2,45940
4522,2022-09-12 10:15:00,185.2,185.21,184.95,185.01,14639
4523,2022-09-12 10:45:00,185.01,185.2,184.88,185.14,8835
4524,2022-09-12 11:15:00,185.15,185.25,185.04,185.2,17506
4525,2022-09-12 11:45:00,185.2,185.3,185.1,185.29,20462
4526,2022-09-12 12:15:00,185.3,185.3,185.06,185.3,13744
4527,2022-09-12 12:45:00,185.2,185.28,185.04,185.08,4211
4528,2022-09-12 13:15:00,185.1,185.25,185.0,185.19,17754
4529,2022-09-12 13:45:00,185.19,185.45,185.0,185.4,35483
4530,2022-09-12 14:15:00,185.44,185.44,185.11,185.21,8301
4531,2022-09-12 14:45:00,185.21,185.25,184.85,185.0,6191
4532,2022-09-12 15:15:00,184.85,185.0,184.84,185.0,5670
4533,2022-09-13 09:15:00,185.2,186.7,185.2,186.09,39831
4534,2022-09-13 09:45:00,186.09,186.15,185.95,186.01,16846
4535,2022-09-13 10:15:00,186.15,186.2,185.79,185.92,15941
4536,2022-09-13 10:45:00,185.95,186.25,185.95,186.25,30643
4537,2022-09-13 11:15:00,186.25,186.25,186.01,186.1,11748
4538,2022-09-13 11:45:00,186.06,186.5,186.06,186.49,26028
4539,2022-09-13 12:15:00,186.31,186.49,186.25,186.4,4285
4540,2022-09-13 12:45:00,186.4,186.4,186.19,186.4,4789
4541,2022-09-13 13:15:00,186.4,186.46,186.15,186.35,27006
4542,2022-09-13 13:45:00,186.33,186.5,186.18,186.3,6896
4543,2022-09-13 14:15:00,186.48,186.5,186.15,186.22,5766
4544,2022-09-13 14:45:00,186.3,186.4,186.2,186.29,6321
4545,2022-09-13 15:15:00,186.39,186.39,186.15,186.25,22440
4546,2022-09-14 09:15:00,184.0,184.87,183.43,184.81,81056
4547,2022-09-14 09:45:00,184.75,185.0,184.5,184.68,27707
4548,2022-09-14 10:15:00,184.64,184.83,184.55,184.76,15034
4549,2022-09-14 10:45:00,184.77,185.1,184.66,185.09,9468
4550,2022-09-14 11:15:00,185.09,185.25,184.9,185.25,51351
4551,2022-09-14 11:45:00,185.17,185.75,185.13,185.51,20067
4552,2022-09-14 12:15:00,185.52,186.15,185.52,185.84,11337
4553,2022-09-14 12:45:00,185.91,186.0,185.61,186.0,9001
4554,2022-09-14 13:15:00,186.17,186.2,185.92,186.0,2977
4555,2022-09-14 13:45:00,186.0,186.21,185.61,186.21,7030
4556,2022-09-14 14:15:00,186.19,186.57,186.03,186.27,98015
4557,2022-09-14 14:45:00,186.28,186.39,185.38,185.53,8464
4558,2022-09-14 15:15:00,185.5,185.72,185.35,185.72,55475
4559,2022-09-15 09:15:00,185.91,186.5,185.52,185.75,28986
4560,2022-09-15 09:45:00,185.78,185.99,185.0,185.23,16143
4561,2022-09-15 10:15:00,185.18,185.54,184.7,184.77,11765
4562,2022-09-15 10:45:00,184.7,184.95,184.45,184.63,15501
4563,2022-09-15 11:15:00,184.61,185.28,184.4,185.09,45059
4564,2022-09-15 11:45:00,185.0,185.15,184.69,184.89,7586
4565,2022-09-15 12:15:00,184.8,185.06,184.67,184.89,6942
4566,2022-09-15 12:45:00,184.8,185.3,184.8,185.25,40479
4567,2022-09-15 13:15:00,185.14,185.25,184.7,184.7,30757
4568,2022-09-15 13:45:00,184.73,185.0,184.6,184.88,5727
4569,2022-09-15 14:15:00,184.98,185.65,184.76,185.5,11153
4570,2022-09-15 14:45:00,185.51,185.51,184.72,184.85,14744
4571,2022-09-15 15:15:00,184.75,184.89,184.6,184.89,10540
4572,2022-09-16 09:15:00,184.5,184.5,183.26,183.5,21649
4573,2022-09-16 09:45:00,183.51,183.63,182.49,182.7,62936
4574,2022-09-16 10:15:00,182.7,183.38,182.5,183.1,19174
4575,2022-09-16 10:45:00,183.0,183.28,182.89,183.14,35225
4576,2022-09-16 11:15:00,183.12,183.13,182.77,182.8,15821
4577,2022-09-16 11:45:00,182.96,183.11,182.63,182.7,34842
4578,2022-09-16 12:15:00,182.6,182.98,182.6,182.79,7773
4579,2022-09-16 12:45:00,182.79,182.86,182.05,182.1,14229
4580,2022-09-16 13:15:00,182.13,182.22,181.75,181.82,33835
4581,2022-09-16 13:45:00,181.8,182.0,181.3,181.39,40490
4582,2022-09-16 14:15:00,181.39,182.15,181.02,182.0,25035
4583,2022-09-16 14:45:00,182.0,182.19,181.03,181.46,51310
4584,2022-09-16 15:15:00,181.52,181.66,181.12,181.66,50468
4585,2022-09-19 09:15:00,181.65,181.88,180.25,181.45,34757
4586,2022-09-19 09:45:00,181.55,182.47,181.53,182.2,17770
4587,2022-09-19 10:15:00,182.19,182.55,182.07,182.45,18725
4588,2022-09-19 10:45:00,182.45,182.64,182.14,182.48,9605
4589,2022-09-19 11:15:00,182.47,182.58,181.75,181.86,15152
4590,2022-09-19 11:45:00,181.76,182.46,181.76,182.39,31935
4591,2022-09-19 12:15:00,182.17,182.44,182.01,182.08,3475
4592,2022-09-19 12:45:00,182.28,182.29,181.86,182.04,4169
4593,2022-09-19 13:15:00,182.05,182.28,181.85,182.01,58075
4594,2022-09-19 13:45:00,182.21,182.44,182.15,182.2,6810
4595,2022-09-19 14:15:00,182.3,182.3,182.02,182.16,5228
4596,2022-09-19 14:45:00,182.16,182.17,181.92,182.1,30878
4597,2022-09-19 15:15:00,182.1,182.2,182.02,182.15,4767
4598,2022-09-20 09:15:00,183.97,184.2,183.43,184.05,41663
4599,2022-09-20 09:45:00,184.02,184.45,184.02,184.3,22940
4600,2022-09-20 10:15:00,184.3,184.45,184.23,184.43,7326
4601,2022-09-20 10:45:00,184.25,184.51,184.25,184.51,6827
4602,2022-09-20 11:15:00,184.51,184.57,184.19,184.48,20004
4603,2022-09-20 11:45:00,184.48,184.5,184.22,184.5,3056
4604,2022-09-20 12:15:00,184.5,184.85,184.36,184.81,6751
4605,2022-09-20 12:45:00,184.81,184.84,184.61,184.82,13995
4606,2022-09-20 13:15:00,184.71,184.82,184.19,184.19,3289
4607,2022-09-20 13:45:00,184.08,184.67,184.08,184.58,23090
4608,2022-09-20 14:15:00,184.53,184.67,184.21,184.46,22307
4609,2022-09-20 14:45:00,184.51,184.51,183.8,183.8,4942
4610,2022-09-20 15:15:00,183.93,183.96,183.7,183.75,6636
4611,2022-09-21 09:15:00,183.75,184.22,172.8,183.47,37400
4612,2022-09-21 09:45:00,183.48,183.65,183.1,183.65,67169
4613,2022-09-21 10:15:00,183.65,183.94,183.51,183.8,5486
4614,2022-09-21 10:45:00,183.8,183.92,183.64,183.89,65288
4615,2022-09-21 11:15:00,183.89,183.89,183.39,183.39,44190
4616,2022-09-21 11:45:00,183.42,183.44,182.45,182.74,91030
4617,2022-09-21 12:15:00,182.66,182.9,182.41,182.75,6162
4618,2022-09-21 12:45:00,182.83,183.25,182.78,182.96,3890
4619,2022-09-21 13:15:00,183.14,183.3,182.92,183.3,6891
4620,2022-09-21 13:45:00,183.18,183.8,183.18,183.74,56699
4621,2022-09-21 14:15:00,183.43,183.68,183.15,183.15,23141
4622,2022-09-21 14:45:00,183.33,183.33,182.9,183.03,19591
4623,2022-09-21 15:15:00,183.06,183.21,182.91,183.21,6789
4624,2022-09-22 09:15:00,181.99,182.82,181.71,182.5,35684
4625,2022-09-22 09:45:00,182.35,183.07,182.35,182.78,264881
4626,2022-09-22 10:15:00,182.78,182.78,182.0,182.21,304336
4627,2022-09-22 10:45:00,182.19,182.55,182.04,182.32,45036
4628,2022-09-22 11:15:00,182.35,182.35,181.7,181.84,46539
4629,2022-09-22 11:45:00,181.86,181.93,181.46,181.65,30539
4630,2022-09-22 12:15:00,181.64,181.81,181.5,181.65,5743
4631,2022-09-22 12:45:00,181.67,182.15,181.35,182.15,20163
4632,2022-09-22 13:15:00,182.15,182.89,182.15,182.7,6318
4633,2022-09-22 13:45:00,182.7,183.25,182.7,182.97,4956
4634,2022-09-22 14:15:00,182.95,183.18,182.66,182.85,6134
4635,2022-09-22 14:45:00,182.9,182.95,182.1,182.25,4152
4636,2022-09-22 15:15:00,182.15,182.61,182.15,182.6,12704
4637,2022-09-23 09:15:00,182.2,182.24,180.6,180.74,285014
4638,2022-09-23 09:45:00,180.71,181.01,180.17,180.66,79087
4639,2022-09-23 10:15:00,180.66,180.83,180.21,180.46,114062
4640,2022-09-23 10:45:00,180.44,180.81,180.3,180.51,60242
4641,2022-09-23 11:15:00,180.51,180.79,180.1,180.59,34601
4642,2022-09-23 11:45:00,180.59,180.79,180.4,180.45,25155
4643,2022-09-23 12:15:00,180.45,180.5,179.91,179.91,73442
4644,2022-09-23 12:45:00,180.11,180.23,179.84,179.97,10436
4645,2022-09-23 13:15:00,179.95,180.29,179.75,179.8,47245
4646,2022-09-23 13:45:00,179.78,179.94,179.44,179.75,69352
4647,2022-09-23 14:15:00,179.75,179.84,179.1,179.4,91085
4648,2022-09-23 14:45:00,179.37,179.73,179.15,179.26,56934
4649,2022-09-23 15:15:00,179.26,179.63,179.2,179.53,56122
4650,2022-09-26 09:15:00,179.0,179.25,176.5,176.58,388027
4651,2022-09-26 09:45:00,176.5,177.0,176.1,176.54,72288
4652,2022-09-26 10:15:00,176.53,176.8,175.9,176.44,54745
4653,2022-09-26 10:45:00,176.3,176.53,175.68,175.89,131008
4654,2022-09-26 11:15:00,175.89,176.6,175.85,176.1,61059
4655,2022-09-26 11:45:00,176.1,176.74,175.96,176.65,65302
4656,2022-09-26 12:15:00,176.63,177.31,176.26,177.31,23397
4657,2022-09-26 12:45:00,177.36,177.65,177.0,177.64,41311
4658,2022-09-26 13:15:00,177.64,177.64,176.61,177.07,88014
4659,2022-09-26 13:45:00,177.07,177.07,176.51,176.59,13841
4660,2022-09-26 14:15:00,176.59,177.37,176.25,176.98,16059
4661,2022-09-26 14:45:00,176.84,176.99,175.79,176.15,112611
4662,2022-09-26 15:15:00,176.15,176.46,176.01,176.46,19532
4663,2022-09-27 09:15:00,176.01,177.64,176.01,176.75,29328
4664,2022-09-27 09:45:00,176.72,176.92,176.09,176.22,35065
4665,2022-09-27 10:15:00,176.22,176.54,175.92,176.24,109788
4666,2022-09-27 10:45:00,176.22,176.22,175.31,175.44,27378
4667,2022-09-27 11:15:00,175.44,176.24,175.23,175.9,17818
4668,2022-09-27 11:45:00,175.9,176.6,175.9,176.44,11821
4669,2022-09-27 12:15:00,176.29,176.5,176.05,176.12,29406
4670,2022-09-27 12:45:00,176.11,176.77,176.01,176.75,7726
4671,2022-09-27 13:15:00,176.75,176.96,176.61,176.69,17307
4672,2022-09-27 13:45:00,176.69,176.85,176.24,176.24,4068
4673,2022-09-27 14:15:00,176.3,176.61,175.6,175.8,17720
4674,2022-09-27 14:45:00,175.9,176.13,175.57,175.9,46186
4675,2022-09-27 15:15:00,175.9,176.49,175.84,176.49,8240
4676,2022-09-28 09:15:00,174.66,175.26,174.11,174.8,159729
4677,2022-09-28 09:45:00,174.8,175.54,174.75,175.54,131209
4678,2022-09-28 10:15:00,175.54,175.55,174.85,175.01,69652
4679,2022-09-28 10:45:00,175.01,175.48,174.75,175.48,19202
4680,2022-09-28 11:15:00,175.48,175.89,175.4,175.85,12160
4681,2022-09-28 11:45:00,175.85,176.25,175.7,176.16,9186
4682,2022-09-28 12:15:00,176.1,176.1,175.25,175.8,26787
4683,2022-09-28 12:45:00,175.8,175.84,175.35,175.54,36537
4684,2022-09-28 13:15:00,175.52,175.89,175.41,175.55,27110
4685,2022-09-28 13:45:00,175.51,175.65,175.25,175.44,60311
4686,2022-09-28 14:15:00,175.42,175.56,174.81,174.81,307672
4687,2022-09-28 14:45:00,174.77,174.84,174.49,174.55,61560
4688,2022-09-28 15:15:00,174.54,174.54,174.05,174.32,28013
4689,2022-09-29 09:15:00,176.3,176.98,175.34,175.8,50795
4690,2022-09-29 09:45:00,175.8,176.03,175.25,175.75,17947
4691,2022-09-29 10:15:00,175.81,175.81,175.15,175.28,6610
4692,2022-09-29 10:45:00,175.29,175.65,175.1,175.1,5768
4693,2022-09-30 10:45:00,175.6,175.74,175.05,175.65,42825
4694,2022-09-30 11:15:00,175.66,175.99,175.5,175.74,9201
4695,2022-09-30 11:45:00,175.75,175.89,175.55,175.85,8529
4696,2022-09-30 12:15:00,175.75,176.9,175.75,176.61,20854
4697,2022-09-30 12:45:00,176.68,176.93,176.47,176.73,33820
4698,2022-09-30 13:15:00,176.77,176.95,176.6,176.82,5706
4699,2022-09-30 13:45:00,176.92,177.2,176.92,177.19,5778
4700,2022-09-30 14:15:00,177.14,177.4,176.9,177.09,5500
4701,2022-09-30 14:45:00,177.04,177.04,176.3,176.54,9685
4702,2022-09-30 15:15:00,176.51,177.15,176.45,176.9,35192
4703,2022-10-03 09:15:00,176.99,178.99,175.46,175.66,24355
4704,2022-10-03 09:45:00,175.58,176.0,175.2,175.6,12355
4705,2022-10-03 10:15:00,175.56,175.85,175.19,175.53,18448
4706,2022-10-03 10:45:00,175.53,175.73,175.19,175.68,24165
4707,2022-10-03 11:15:00,175.69,176.54,175.69,176.48,11706
4708,2022-10-03 11:45:00,176.5,176.5,176.0,176.1,5561
4709,2022-10-03 12:15:00,176.06,176.06,175.6,175.82,5323
4710,2022-10-03 12:45:00,175.82,176.25,175.7,175.7,4774
4711,2022-10-03 13:15:00,175.96,176.25,175.6,175.81,6235
4712,2022-10-03 13:45:00,175.81,175.81,175.09,175.33,62109
4713,2022-10-03 14:15:00,175.2,175.45,174.8,174.8,23282
4714,2022-10-03 14:45:00,174.9,175.02,174.48,174.7,46400
4715,2022-10-03 15:15:00,174.7,174.81,174.5,174.8,36856
4716,2022-10-04 09:15:00,185.09,185.09,176.58,177.34,137861
4717,2022-10-04 09:45:00,177.39,177.99,177.25,177.8,12327
4718,2022-10-04 10:15:00,177.79,177.98,177.65,177.97,10985
4719,2022-10-04 10:45:00,177.97,177.98,177.31,177.73,13972
4720,2022-10-04 11:15:00,177.73,177.8,177.36,177.79,13886
4721,2022-10-04 11:45:00,177.67,177.9,177.52,177.8,1848
4722,2022-10-04 12:15:00,177.9,178.0,177.57,177.95,11356
4723,2022-10-04 12:45:00,177.76,178.0,177.75,177.86,11441
4724,2022-10-04 13:15:00,177.76,177.99,177.76,177.93,12348
4725,2022-10-04 13:45:00,177.93,178.0,177.8,177.91,13054
4726,2022-10-04 14:15:00,177.91,178.0,177.8,177.81,3785
4727,2022-10-04 14:45:00,177.81,178.24,177.8,178.11,28438
4728,2022-10-04 15:15:00,178.12,178.25,177.93,178.25,12003
4729,2022-10-06 09:15:00,179.29,179.6,178.3,178.87,26581
4730,2022-10-06 09:45:00,178.88,179.49,178.72,179.24,65894
4731,2022-10-06 10:15:00,179.39,179.5,179.15,179.37,68406
4732,2022-10-06 10:45:00,179.21,179.5,179.1,179.41,7712
4733,2022-10-06 11:15:00,179.41,179.41,178.8,179.01,10755
4734,2022-10-06 11:45:00,178.96,179.18,178.8,179.18,3134
4735,2022-10-06 12:15:00,179.12,179.25,178.87,179.1,13277
4736,2022-10-06 12:45:00,179.29,179.4,179.21,179.34,9376
4737,2022-10-06 13:15:00,179.24,179.4,179.1,179.27,4379
4738,2022-10-06 13:45:00,179.37,179.38,178.85,178.9,7221
4739,2022-10-06 14:15:00,178.85,178.86,178.55,178.69,18848
4740,2022-10-06 14:45:00,178.69,178.92,178.6,178.71,6788
4741,2022-10-06 15:15:00,178.75,178.75,178.59,178.59,10721
4742,2022-10-07 09:15:00,178.99,178.99,177.71,178.17,28889
4743,2022-10-07 09:45:00,178.2,178.95,178.2,178.48,13164
4744,2022-10-07 10:15:00,178.48,178.48,178.03,178.38,17739
4745,2022-10-07 10:45:00,178.36,178.37,178.0,178.33,8365
4746,2022-10-07 11:15:00,178.35,178.37,178.1,178.13,9643
4747,2022-10-07 11:45:00,178.19,178.29,177.7,177.86,51305
4748,2022-10-07 12:15:00,177.86,178.47,177.73,178.45,17826
4749,2022-10-07 12:45:00,178.45,178.47,178.09,178.26,7379
4750,2022-10-07 13:15:00,178.27,178.4,178.08,178.23,5362
4751,2022-10-07 13:45:00,178.39,178.55,178.22,178.5,6102
4752,2022-10-07 14:15:00,178.5,178.71,178.44,178.66,11889
4753,2022-10-07 14:45:00,178.64,178.95,178.6,178.76,36776
4754,2022-10-07 15:15:00,178.65,178.95,178.65,178.95,20221
4755,2022-10-10 09:15:00,177.6,177.6,176.25,176.74,90886
4756,2022-10-10 09:45:00,176.72,176.76,176.28,176.46,23603
4757,2022-10-10 10:15:00,176.46,176.9,176.41,176.64,15943
4758,2022-10-10 10:45:00,176.64,177.04,176.55,177.0,16484
4759,2022-10-10 11:15:00,177.0,177.44,176.82,177.44,33275
4760,2022-10-10 11:45:00,177.47,177.89,177.26,177.8,8411
4761,2022-10-10 12:15:00,177.8,178.44,177.46,178.34,14692
4762,2022-10-10 12:45:00,178.36,178.4,177.97,178.03,37235
4763,2022-10-10 13:15:00,177.99,178.15,177.5,177.8,29071
4764,2022-10-10 13:45:00,177.85,177.85,177.0,177.21,13961
4765,2022-10-10 14:15:00,177.25,178.0,177.24,177.6,7354
4766,2022-10-10 14:45:00,177.58,178.4,177.58,178.3,13925
4767,2022-10-10 15:15:00,178.4,178.49,178.05,178.4,24575
4768,2022-10-11 09:15:00,179.19,179.19,176.0,177.5,68986
4769,2022-10-11 09:45:00,177.5,177.56,176.82,177.38,46783
4770,2022-10-11 10:15:00,177.38,177.53,176.7,177.0,46463
4771,2022-10-11 10:45:00,177.19,177.27,177.02,177.12,4257
4772,2022-10-11 11:15:00,177.1,177.62,177.05,177.56,46025
4773,2022-10-11 11:45:00,177.56,177.91,177.3,177.91,3213
4774,2022-10-11 12:15:00,177.9,177.92,176.8,176.8,44025
4775,2022-10-11 12:45:00,176.91,177.55,176.91,177.15,21282
4776,2022-10-11 13:15:00,177.17,177.28,176.85,177.09,2544
4777,2022-10-11 13:45:00,177.19,177.29,176.84,177.15,5967
4778,2022-10-11 14:15:00,177.14,177.22,176.62,176.7,40004
4779,2022-10-11 14:45:00,176.7,176.83,175.7,175.7,54294
4780,2022-10-11 15:15:00,175.74,175.83,175.36,175.83,89670
4781,2022-10-12 09:15:00,176.29,176.6,175.64,176.48,28070
4782,2022-10-12 09:45:00,176.52,176.53,175.8,175.94,10900
4783,2022-10-12 10:15:00,175.92,176.25,175.87,175.98,68569
4784,2022-10-12 10:45:00,175.9,175.9,175.45,175.83,35976
4785,2022-10-12 11:15:00,175.87,176.25,175.83,176.25,24876
4786,2022-10-12 11:45:00,176.25,176.78,176.18,176.66,52130
4787,2022-10-12 12:15:00,176.74,176.75,176.34,176.34,29895
4788,2022-10-12 12:45:00,176.41,176.54,176.11,176.21,25713
4789,2022-10-12 13:15:00,176.23,176.51,176.16,176.3,6437
4790,2022-10-12 13:45:00,176.27,176.57,176.27,176.39,4435
4791,2022-10-12 14:15:00,176.41,176.91,176.41,176.8,7708
4792,2022-10-12 14:45:00,176.91,177.43,176.79,176.91,137139
4793,2022-10-12 15:15:00,177.01,177.3,177.01,177.16,7016
4794,2022-10-13 09:15:00,177.7,177.7,176.44,176.53,5915
4795,2022-10-13 09:45:00,176.36,176.63,176.2,176.2,7289
4796,2022-10-13 10:15:00,176.15,176.3,175.75,176.1,25780
4797,2022-10-13 10:45:00,176.18,176.3,176.0,176.07,26360
4798,2022-10-13 11:15:00,176.03,176.05,175.7,175.75,27102
4799,2022-10-13 11:45:00,175.73,175.82,175.45,175.77,28795
4800,2022-10-13 12:15:00,175.81,176.08,175.6,176.0,44725
4801,2022-10-13 12:45:00,176.18,176.21,175.85,176.0,23654
4802,2022-10-13 13:15:00,176.11,176.13,175.65,175.66,6308
4803,2022-10-13 13:45:00,175.87,176.14,175.71,176.11,4981
4804,2022-10-13 14:15:00,176.14,176.61,176.11,176.61,6365
4805,2022-10-13 14:45:00,176.61,176.73,175.75,176.02,13139
4806,2022-10-13 15:15:00,176.08,176.19,176.05,176.15,9891
4807,2022-10-14 09:15:00,178.51,179.2,178.37,178.58,37667
4808,2022-10-14 09:45:00,178.67,178.95,178.49,178.75,13590
4809,2022-10-14 10:15:00,178.75,178.88,178.26,178.45,11711
4810,2022-10-14 10:45:00,178.49,178.91,178.49,178.86,33772
4811,2022-10-14 11:15:00,178.86,178.9,178.65,178.82,10993
4812,2022-10-14 11:45:00,178.72,179.3,178.72,179.21,14071
4813,2022-10-14 12:15:00,179.25,179.25,178.91,179.16,4417
4814,2022-10-14 12:45:00,179.13,179.13,178.52,178.73,3928
4815,2022-10-14 13:15:00,178.74,178.81,178.44,178.72,5686
4816,2022-10-14 13:45:00,178.71,178.71,178.11,178.35,14295
4817,2022-10-14 14:15:00,178.44,178.44,177.8,177.96,8194
4818,2022-10-14 14:45:00,178.14,178.14,177.54,177.78,21466
4819,2022-10-14 15:15:00,177.67,177.88,177.61,177.7,4391
4820,2022-10-17 09:15:00,177.69,178.68,176.9,177.26,22156
4821,2022-10-17 09:45:00,177.22,178.0,177.22,177.93,7427
4822,2022-10-17 10:15:00,177.98,178.75,177.98,178.6,12456
4823,2022-10-17 10:45:00,178.68,178.68,178.01,178.5,16542
4824,2022-10-17 11:15:00,178.49,178.63,178.26,178.44,28571
4825,2022-10-17 11:45:00,178.43,178.65,178.02,178.33,2417
4826,2022-10-17 12:15:00,178.38,178.76,178.25,178.6,16681
4827,2022-10-17 12:45:00,178.6,178.69,178.25,178.63,3015
4828,2022-10-17 13:15:00,178.62,178.96,178.58,178.72,6626
4829,2022-10-17 13:45:00,178.8,178.95,178.41,178.64,1268
4830,2022-10-17 14:15:00,178.63,178.72,178.38,178.72,25070
4831,2022-10-17 14:45:00,178.72,178.96,178.5,178.74,15820
4832,2022-10-17 15:15:00,178.43,179.04,178.43,179.01,10339
4833,2022-10-18 09:15:00,180.05,180.45,179.77,180.44,117899
4834,2022-10-18 09:45:00,180.44,180.75,180.43,180.53,47341
4835,2022-10-18 10:15:00,180.55,180.8,180.32,180.41,14805
4836,2022-10-18 10:45:00,180.46,180.46,180.2,180.3,14117
4837,2022-10-18 11:15:00,180.26,180.35,180.11,180.21,10104
4838,2022-10-18 11:45:00,180.2,180.64,180.2,180.64,4948
4839,2022-10-18 12:15:00,180.46,180.64,180.31,180.31,7072
4840,2022-10-18 12:45:00,180.46,180.59,180.38,180.59,4756
4841,2022-10-18 13:15:00,180.41,180.6,180.33,180.33,2127
4842,2022-10-18 13:45:00,180.31,180.55,180.2,180.22,14809
4843,2022-10-18 14:15:00,180.22,180.58,180.0,180.04,8081
4844,2022-10-18 14:45:00,180.09,180.45,180.01,180.3,18675
4845,2022-10-18 15:15:00,180.3,180.45,180.3,180.4,11379
4846,2022-10-19 09:15:00,181.54,191.2,179.81,181.18,73808
4847,2022-10-19 09:45:00,181.18,181.3,181.01,181.19,16350
4848,2022-10-19 10:15:00,181.21,181.45,181.16,181.45,10363
4849,2022-10-19 10:45:00,181.35,181.44,181.07,181.28,11622
4850,2022-10-19 11:15:00,181.28,181.37,180.96,181.09,4762
4851,2022-10-19 11:45:00,181.07,181.2,180.83,180.98,11521
4852,2022-10-19 12:15:00,180.98,181.09,180.75,180.82,8322
4853,2022-10-19 12:45:00,180.72,180.88,180.5,180.74,21310
4854,2022-10-19 13:15:00,180.74,181.04,180.61,180.83,4629
4855,2022-10-19 13:45:00,180.78,180.96,180.51,180.96,3615
4856,2022-10-19 14:15:00,181.0,181.08,180.7,180.73,4575
4857,2022-10-19 14:45:00,180.7,180.84,180.1,180.5,10511
4858,2022-10-19 15:15:00,180.5,180.69,180.38,180.55,8053
4859,2022-10-20 09:15:00,179.99,180.0,179.55,179.66,18453
4860,2022-10-20 09:45:00,179.69,180.13,179.55,180.12,25081
4861,2022-10-20 10:15:00,180.2,180.44,180.0,180.44,13738
4862,2022-10-20 10:45:00,180.44,180.61,180.23,180.29,26514
4863,2022-10-20 11:15:00,180.29,180.41,180.14,180.4,3884
4864,2022-10-20 11:45:00,180.4,180.41,180.1,180.23,2102
4865,2022-10-20 12:15:00,180.24,180.48,180.24,180.38,44968
4866,2022-10-20 12:45:00,180.48,180.64,180.33,180.43,2530
4867,2022-10-20 13:15:00,180.46,180.59,180.19,180.19,818
4868,2022-10-20 13:45:00,180.29,180.44,180.16,180.44,2319
4869,2022-10-20 14:15:00,180.45,180.97,180.45,180.79,3659
4870,2022-10-20 14:45:00,180.81,181.0,180.56,180.99,11459
4871,2022-10-20 15:15:00,181.07,181.27,180.93,181.17,9321
4872,2022-10-21 09:15:00,181.43,181.95,181.01,181.85,36607
4873,2022-10-21 09:45:00,181.81,181.85,181.6,181.85,10548
4874,2022-10-21 10:15:00,181.84,181.89,181.64,181.82,8143
4875,2022-10-21 10:45:00,181.89,181.9,181.62,181.85,14774
4876,2022-10-21 11:15:00,181.85,182.1,181.73,182.08,22296
4877,2022-10-21 11:45:00,182.1,182.19,181.79,181.99,4489
4878,2022-10-21 12:15:00,181.93,181.95,181.66,181.9,3466
4879,2022-10-21 12:45:00,181.76,182.0,181.76,181.91,13877
4880,2022-10-21 13:15:00,181.96,181.96,181.51,181.51,4148
4881,2022-10-21 13:45:00,181.5,181.51,180.92,181.17,9092
4882,2022-10-21 14:15:00,181.17,181.2,180.62,180.81,35621
4883,2022-10-21 14:45:00,180.81,181.27,180.63,181.06,9267
4884,2022-10-21 15:15:00,181.03,181.38,181.03,181.37,29134
4885,2022-10-24 18:15:00,210.0,210.0,181.55,182.8,95439
4886,2022-10-24 18:45:00,182.8,182.87,182.55,182.8,19803
4887,2022-10-25 09:15:00,183.5,183.5,182.47,183.02,44439
4888,2022-10-25 09:45:00,182.99,183.2,182.79,183.1,29713
4889,2022-10-25 10:15:00,182.97,183.1,182.44,182.44,12900
4890,2022-10-25 10:45:00,182.56,182.64,182.3,182.35,17630
4891,2022-10-25 11:15:00,182.36,182.46,182.17,182.22,15218
4892,2022-10-25 11:45:00,182.34,182.59,182.16,182.55,14406
4893,2022-10-25 12:15:00,182.54,182.55,182.16,182.26,19351
4894,2022-10-25 12:45:00,182.25,182.37,182.03,182.1,9378
4895,2022-10-25 13:15:00,182.19,182.49,182.05,182.49,8389
4896,2022-10-25 13:45:00,182.49,182.6,182.3,182.59,7343
4897,2022-10-25 14:15:00,182.41,182.6,182.37,182.6,4950
4898,2022-10-25 14:45:00,182.53,182.59,182.05,182.08,24531
4899,2022-10-25 15:15:00,182.11,182.12,181.77,181.95,9481
4900,2022-10-27 09:15:00,183.62,183.62,182.76,183.3,18087
4901,2022-10-27 09:45:00,183.3,183.3,182.94,183.09,34385
4902,2022-10-27 10:15:00,183.07,183.28,182.7,182.76,67485
4903,2022-10-27 10:45:00,182.71,183.24,182.71,182.95,5443
4904,2022-10-27 11:15:00,183.14,183.24,182.79,182.79,7311
4905,2022-10-27 11:45:00,182.93,183.0,182.66,182.78,18823
4906,2022-10-27 12:15:00,182.78,182.9,182.6,182.65,34655
4907,2022-10-27 12:45:00,182.6,182.75,182.56,182.56,24496
4908,2022-10-27 13:15:00,182.56,182.75,182.56,182.69,3796
4909,2022-10-27 13:45:00,182.72,182.75,182.55,182.62,1916
4910,2022-10-27 14:15:00,182.67,182.71,182.25,182.25,6194
4911,2022-10-27 14:45:00,182.33,182.99,182.25,182.95,20586
4912,2022-10-27 15:15:00,182.95,183.25,182.87,182.98,22650
4913,2022-10-28 09:15:00,183.56,183.75,182.99,183.75,86752
4914,2022-10-28 09:45:00,183.7,183.99,183.39,183.99,22514
4915,2022-10-28 10:15:00,183.98,184.0,183.57,183.57,9044
4916,2022-10-28 10:45:00,183.68,183.7,183.42,183.55,20694
4917,2022-10-28 11:15:00,183.55,183.55,183.18,183.2,101373
4918,2022-10-28 11:45:00,183.21,183.43,183.17,183.43,409079
4919,2022-10-28 12:15:00,183.34,183.34,183.01,183.25,374677
4920,2022-10-28 12:45:00,183.23,183.26,182.96,183.06,453543
4921,2022-10-28 13:15:00,183.03,183.25,183.0,183.25,415982
4922,2022-10-28 13:45:00,183.15,183.15,182.87,182.99,65584
4923,2022-10-28 14:15:00,182.99,183.28,182.91,183.09,751742
4924,2022-10-28 14:45:00,183.09,183.49,183.04,183.49,360063
4925,2022-10-28 15:15:00,183.4,183.49,183.28,183.28,10787
4926,2022-10-31 09:15:00,184.44,185.4,184.44,185.13,87161
4927,2022-10-31 09:45:00,185.11,185.24,185.01,185.23,15455
4928,2022-10-31 10:15:00,185.23,185.3,185.1,185.1,28231
4929,2022-10-31 10:45:00,185.1,185.35,185.02,185.35,35876
4930,2022-10-31 11:15:00,185.35,185.5,185.31,185.33,15730
4931,2022-10-31 11:45:00,185.43,185.51,185.3,185.41,23384
4932,2022-10-31 12:15:00,185.44,185.55,185.35,185.48,8367
4933,2022-10-31 12:45:00,185.45,185.5,185.26,185.33,3674
4934,2022-10-31 13:15:00,185.48,185.49,185.26,185.38,3703
4935,2022-10-31 13:45:00,185.27,185.4,185.14,185.21,17108
4936,2022-10-31 14:15:00,185.27,185.48,185.16,185.44,34866
4937,2022-10-31 14:45:00,185.38,185.89,185.34,185.89,39089
4938,2022-10-31 15:15:00,185.87,185.9,185.66,185.76,14707
4939,2022-11-01 09:15:00,187.19,187.19,186.27,186.88,96482
4940,2022-11-01 09:45:00,186.92,187.34,186.92,187.34,88233
4941,2022-11-01 10:15:00,187.31,187.4,187.18,187.4,35187
4942,2022-11-01 10:45:00,187.4,187.5,187.22,187.39,50036
4943,2022-11-01 11:15:00,187.39,187.4,187.06,187.26,20313
4944,2022-11-01 11:45:00,187.1,187.29,187.05,187.1,5095
4945,2022-11-01 12:15:00,187.03,187.09,186.82,186.85,5866
4946,2022-11-01 12:45:00,186.88,187.02,186.3,186.46,29812
4947,2022-11-01 13:15:00,186.5,187.0,186.33,186.9,2640
4948,2022-11-01 13:45:00,186.89,187.0,186.69,186.85,5971
4949,2022-11-01 14:15:00,186.85,186.97,186.72,186.91,33856
4950,2022-11-01 14:45:00,186.91,187.33,186.8,187.17,40169
4951,2022-11-01 15:15:00,187.2,187.35,187.17,187.17,6612
4952,2022-11-02 09:15:00,187.69,187.69,186.69,187.08,123787
4953,2022-11-02 09:45:00,187.09,187.25,186.73,186.77,253127
4954,2022-11-02 10:15:00,186.77,187.0,186.63,186.85,301330
4955,2022-11-02 10:45:00,186.87,187.0,186.6,186.85,252711
4956,2022-11-02 11:15:00,186.9,186.96,186.67,186.68,275559
4957,2022-11-02 11:45:00,186.67,186.8,186.53,186.56,249391
4958,2022-11-02 12:15:00,186.56,186.72,186.48,186.5,250263
4959,2022-11-02 12:45:00,186.44,186.5,186.32,186.5,28082
4960,2022-11-02 13:15:00,186.5,186.76,186.44,186.5,393026
4961,2022-11-02 13:45:00,186.43,186.59,186.31,186.43,107721
4962,2022-11-02 14:15:00,186.46,186.6,186.41,186.5,99414
4963,2022-11-02 14:45:00,186.4,186.72,186.35,186.5,372367
4964,2022-11-02 15:15:00,186.54,186.68,186.4,186.63,400873
4965,2022-11-03 09:15:00,185.89,186.49,185.5,186.34,28337
4966,2022-11-03 09:45:00,186.49,186.49,186.14,186.47,23613
4967,2022-11-03 10:15:00,186.5,186.87,186.5,186.7,56613
4968,2022-11-03 10:45:00,186.69,186.79,186.43,186.73,49565
4969,2022-11-03 11:15:00,186.72,186.84,186.25,186.33,10861
4970,2022-11-03 11:45:00,186.33,186.45,186.17,186.4,4959
4971,2022-11-03 12:15:00,186.31,186.32,186.0,186.12,23991
4972,2022-11-03 12:45:00,186.11,186.14,185.81,186.05,13444
4973,2022-11-03 13:15:00,186.13,186.4,185.97,186.25,88680
4974,2022-11-03 13:45:00,186.27,186.35,185.92,186.25,6043
4975,2022-11-03 14:15:00,186.16,186.3,185.88,186.21,2554
4976,2022-11-03 14:45:00,186.28,186.55,186.1,186.46,4224
4977,2022-11-03 15:15:00,186.45,186.5,186.3,186.48,8487
4978,2022-11-04 09:15:00,186.69,186.86,186.2,186.47,46765
4979,2022-11-04 09:45:00,186.39,186.5,185.94,186.2,65857
4980,2022-11-04 10:15:00,186.2,186.2,186.03,186.15,4164
4981,2022-11-04 10:45:00,186.0,186.2,186.0,186.2,5436
4982,2022-11-04 11:15:00,186.2,186.2,186.05,186.11,182555
4983,2022-11-04 11:45:00,186.19,186.22,186.1,186.22,275910
4984,2022-11-04 12:15:00,186.22,186.32,186.1,186.3,585849
4985,2022-11-04 12:45:00,186.3,186.3,186.09,186.3,11134
4986,2022-11-04 13:15:00,186.25,186.3,186.19,186.3,750596
4987,2022-11-04 13:45:00,186.23,186.3,186.14,186.2,210479
4988,2022-11-04 14:15:00,186.22,186.5,186.15,186.49,620913
4989,2022-11-04 14:45:00,186.49,187.08,186.45,187.0,283280
4990,2022-11-04 15:15:00,187.06,187.2,186.94,187.1,10958
4991,2022-11-07 09:15:00,187.94,188.6,187.16,187.44,66778
4992,2022-11-07 09:45:00,187.47,187.47,187.18,187.18,25557
4993,2022-11-07 10:15:00,187.17,187.28,187.05,187.18,17415
4994,2022-11-07 10:45:00,187.18,187.25,186.9,187.25,20845
4995,2022-11-07 11:15:00,187.24,187.44,187.2,187.2,5624
4996,2022-11-07 11:45:00,187.3,187.42,187.12,187.33,11466
4997,2022-11-07 12:15:00,187.35,187.41,187.05,187.05,4931
4998,2022-11-07 12:45:00,187.03,187.23,187.03,187.1,32811
4999,2022-11-07 13:15:00,187.08,187.15,186.52,186.9,29471
5000,2022-11-07 13:45:00,186.9,187.42,186.9,187.37,33226
5001,2022-11-07 14:15:00,187.37,187.84,187.32,187.68,38563
5002,2022-11-07 14:45:00,187.64,187.9,187.56,187.9,18452
5003,2022-11-07 15:15:00,187.9,187.95,187.61,187.61,31493
5004,2022-11-09 09:15:00,188.97,188.98,188.02,188.25,42610
5005,2022-11-09 09:45:00,188.22,188.35,187.95,188.16,14730
5006,2022-11-09 10:15:00,188.15,188.19,187.93,188.07,15653
5007,2022-11-09 10:45:00,188.04,188.1,187.75,187.82,10255
5008,2022-11-09 11:15:00,187.83,187.99,187.75,187.82,19601
5009,2022-11-09 11:45:00,187.96,188.3,187.81,187.9,60934
5010,2022-11-09 12:15:00,188.06,188.15,187.85,188.1,18542
5011,2022-11-09 12:45:00,188.02,188.2,188.0,188.12,3020
5012,2022-11-09 13:15:00,188.01,188.21,187.86,188.21,2550
5013,2022-11-09 13:45:00,188.2,188.21,187.98,188.21,5153
5014,2022-11-09 14:15:00,188.21,188.24,187.69,187.7,8573
5015,2022-11-09 14:45:00,187.7,188.0,187.41,187.92,19041
5016,2022-11-09 15:15:00,187.89,187.93,187.01,187.36,6266
5017,2022-11-10 09:15:00,187.46,204.5,186.22,186.46,39140
5018,2022-11-10 09:45:00,186.41,186.61,186.19,186.49,15937
5019,2022-11-10 10:15:00,186.49,186.68,186.4,186.53,7756
5020,2022-11-10 10:45:00,186.49,186.49,186.19,186.34,11730
5021,2022-11-10 11:15:00,186.34,186.47,186.24,186.4,12719
5022,2022-11-10 11:45:00,186.4,186.4,186.0,186.11,9955
5023,2022-11-10 12:15:00,186.06,186.09,185.62,185.94,13540
5024,2022-11-10 12:45:00,185.94,185.95,185.62,185.94,11290
5025,2022-11-10 13:15:00,185.94,186.15,185.91,186.06,3685
5026,2022-11-10 13:45:00,186.1,186.2,185.85,185.99,13156
5027,2022-11-10 14:15:00,185.97,186.05,185.65,185.99,8573
5028,2022-11-10 14:45:00,185.99,186.38,185.75,186.29,10002
5029,2022-11-10 15:15:00,186.29,186.29,186.09,186.2,6095
5030,2022-11-11 09:15:00,187.71,189.2,187.71,188.71,76903
5031,2022-11-11 09:45:00,188.72,189.09,188.69,188.95,27087
5032,2022-11-11 10:15:00,188.94,189.05,188.62,188.7,13119
5033,2022-11-11 10:45:00,188.66,189.0,188.62,188.9,21497
5034,2022-11-11 11:15:00,188.9,189.0,188.73,189.0,619473
5035,2022-11-11 11:45:00,188.88,189.05,188.88,188.96,281356
5036,2022-11-11 12:15:00,189.0,189.25,188.99,189.13,453958
5037,2022-11-11 12:45:00,189.11,189.25,188.85,189.1,330809
5038,2022-11-11 13:15:00,189.1,189.24,188.89,188.94,273029
5039,2022-11-11 13:45:00,188.9,189.3,188.89,189.12,480409
5040,2022-11-11 14:15:00,189.11,189.33,189.02,189.13,346893
5041,2022-11-11 14:45:00,189.13,189.45,189.02,189.37,209278
5042,2022-11-11 15:15:00,189.37,189.4,189.25,189.4,9257
5043,2022-11-14 09:15:00,190.49,200.7,189.22,189.71,71424
5044,2022-11-14 09:45:00,189.68,189.71,189.3,189.39,20351
5045,2022-11-14 10:15:00,189.34,189.36,189.11,189.27,35007
5046,2022-11-14 10:45:00,189.3,189.6,189.3,189.47,10958
5047,2022-11-14 11:15:00,189.47,189.48,189.15,189.24,70305
5048,2022-11-14 11:45:00,189.3,189.41,189.2,189.28,4944
5049,2022-11-14 12:15:00,189.3,189.44,189.22,189.34,3435
5050,2022-11-14 12:45:00,189.34,189.45,189.16,189.45,8888
5051,2022-11-14 13:15:00,189.44,189.7,189.27,189.7,302573
5052,2022-11-14 13:45:00,189.7,189.8,189.5,189.8,4787
5053,2022-11-14 14:15:00,189.8,189.8,189.45,189.5,4913
5054,2022-11-14 14:45:00,189.45,189.54,189.19,189.28,569527
5055,2022-11-14 15:15:00,189.37,189.38,188.83,189.19,134015
5056,2022-11-15 09:15:00,189.99,189.99,189.25,189.44,13582
5057,2022-11-15 09:45:00,189.35,189.51,189.04,189.24,31895
5058,2022-11-15 10:15:00,189.24,189.25,189.05,189.17,6999
5059,2022-11-15 10:45:00,189.17,189.28,188.88,189.05,26968
5060,2022-11-15 11:15:00,189.05,189.1,188.91,189.1,45216
5061,2022-11-15 11:45:00,189.06,189.1,188.92,189.0,33584
5062,2022-11-15 12:15:00,189.0,189.3,188.9,189.21,40459
5063,2022-11-15 12:45:00,189.33,189.5,189.25,189.36,3346
5064,2022-11-15 13:15:00,189.36,189.54,189.35,189.5,3069
5065,2022-11-15 13:45:00,189.5,189.54,189.17,189.47,11574
5066,2022-11-15 14:15:00,189.35,189.55,189.35,189.51,3230
5067,2022-11-15 14:45:00,189.39,190.0,189.39,189.99,20357
5068,2022-11-15 15:15:00,189.9,190.34,189.9,190.34,39201
5069,2022-11-16 09:15:00,190.39,190.39,189.47,189.52,18433
5070,2022-11-16 09:45:00,189.52,189.84,189.52,189.8,9190
5071,2022-11-16 10:15:00,189.8,190.13,189.75,190.05,60002
5072,2022-11-16 10:45:00,190.13,190.25,190.0,190.12,8798
5073,2022-11-16 11:15:00,190.15,190.3,190.05,190.1,9155
5074,2022-11-16 11:45:00,190.01,190.16,189.75,190.0,10536
5075,2022-11-16 12:15:00,190.0,190.22,189.98,190.01,7650
5076,2022-11-16 12:45:00,190.01,190.19,189.98,190.0,3554
5077,2022-11-16 13:15:00,190.08,190.3,190.0,190.27,4423
5078,2022-11-16 13:45:00,190.25,190.4,189.84,189.84,13426
5079,2022-11-16 14:15:00,189.8,189.9,189.37,189.57,11805
5080,2022-11-16 14:45:00,189.67,190.2,189.5,190.1,10906
5081,2022-11-16 15:15:00,190.17,190.17,189.82,190.03,6359
5082,2022-11-17 09:15:00,189.79,189.83,189.41,189.78,6293
5083,2022-11-17 09:45:00,189.76,190.1,189.45,189.81,5306
5084,2022-11-17 10:15:00,189.64,189.89,189.46,189.75,20747
5085,2022-11-17 10:45:00,189.75,189.85,189.53,189.61,3088
5086,2022-11-17 11:15:00,189.61,189.81,189.5,189.74,2792
5087,2022-11-17 11:45:00,189.7,189.81,189.51,189.63,12917
5088,2022-11-17 12:15:00,189.67,189.96,189.67,189.84,2492
5089,2022-11-17 12:45:00,189.99,189.99,189.69,189.9,6239
5090,2022-11-17 13:15:00,189.9,190.0,189.73,189.99,3851
5091,2022-11-17 13:45:00,189.98,190.0,189.89,190.0,2505
5092,2022-11-17 14:15:00,190.0,190.0,189.72,189.89,5174
5093,2022-11-17 14:45:00,189.89,189.98,189.06,189.15,10050
5094,2022-11-17 15:15:00,189.15,189.34,189.09,189.17,16260
5095,2022-11-18 09:15:00,189.99,189.99,188.92,189.03,30247
5096,2022-11-18 09:45:00,189.03,189.25,188.9,189.04,18749
5097,2022-11-18 10:15:00,188.95,189.11,188.72,188.74,7756
5098,2022-11-18 10:45:00,188.76,188.87,188.3,188.47,16310
5099,2022-11-18 11:15:00,188.47,188.71,188.35,188.57,4282
5100,2022-11-18 11:45:00,188.47,188.69,188.4,188.49,7858
5101,2022-11-18 12:15:00,188.48,188.68,188.4,188.41,1752
5102,2022-11-18 12:45:00,188.42,188.7,188.42,188.51,2321
5103,2022-11-18 13:15:00,188.49,188.74,188.4,188.43,4666
5104,2022-11-18 13:45:00,188.43,188.47,188.01,188.37,17104
5105,2022-11-18 14:15:00,188.32,188.95,188.25,188.88,9934
5106,2022-11-18 14:45:00,188.88,189.25,188.46,189.25,11716
5107,2022-11-18 15:15:00,189.25,189.31,188.8,189.19,6543
5108,2022-11-21 09:15:00,188.79,188.79,187.53,187.57,65761
5109,2022-11-21 09:45:00,187.7,188.0,187.66,187.9,82447
5110,2022-11-21 10:15:00,187.9,188.01,187.75,187.82,86677
5111,2022-11-21 10:45:00,187.83,188.09,187.75,188.04,13945
5112,2022-11-21 11:15:00,188.04,188.17,187.9,188.08,116997
5113,2022-11-21 11:45:00,188.0,188.09,187.9,188.0,75272
5114,2022-11-21 12:15:00,188.03,188.08,187.77,187.88,89157
5115,2022-11-21 12:45:00,187.88,187.9,187.77,187.77,121322
5116,2022-11-21 13:15:00,187.8,187.8,187.71,187.72,98839
5117,2022-11-21 13:45:00,187.8,187.84,187.69,187.69,107175
5118,2022-11-21 14:15:00,187.8,187.8,187.5,187.55,152619
5119,2022-11-21 14:45:00,187.55,187.7,187.3,187.45,543299
5120,2022-11-21 15:15:00,187.45,187.62,187.23,187.59,472278
5121,2022-11-22 09:15:00,188.24,188.24,187.29,187.75,9058
5122,2022-11-22 09:45:00,187.68,188.02,187.62,188.0,7348
5123,2022-11-22 10:15:00,188.0,188.0,187.81,188.0,2409
5124,2022-11-22 10:45:00,188.0,188.03,187.88,188.0,4599
5125,2022-11-22 11:15:00,187.83,188.12,187.83,188.11,8303
5126,2022-11-22 11:45:00,188.1,188.12,188.0,188.1,7074
5127,2022-11-22 12:15:00,188.1,188.15,187.98,188.08,14311
5128,2022-11-22 12:45:00,188.04,188.09,187.8,187.9,5412
5129,2022-11-22 13:15:00,187.99,188.1,187.93,188.0,17657
5130,2022-11-22 13:45:00,187.97,188.15,187.91,188.0,2748
5131,2022-11-22 14:15:00,188.0,188.14,187.9,187.9,1882
5132,2022-11-22 14:45:00,187.91,188.3,187.91,188.25,9567
5133,2022-11-22 15:15:00,188.3,188.54,188.22,188.5,6185
5134,2022-11-23 09:15:00,189.31,189.31,188.62,188.77,15625
5135,2022-11-23 09:45:00,188.7,188.78,188.51,188.58,10019
5136,2022-11-23 10:15:00,188.58,188.62,188.36,188.5,6179
5137,2022-11-23 10:45:00,188.5,188.64,188.5,188.56,9220
5138,2022-11-23 11:15:00,188.57,188.6,188.45,188.59,3836
5139,2022-11-23 11:45:00,188.59,188.61,188.51,188.6,5695
5140,2022-11-23 12:15:00,188.61,188.61,188.45,188.54,11272
5141,2022-11-23 12:45:00,188.6,188.65,188.47,188.56,9757
5142,2022-11-23 13:15:00,188.56,188.77,188.5,188.7,4225
5143,2022-11-23 13:45:00,188.69,188.93,188.64,188.7,57448
5144,2022-11-23 14:15:00,188.74,188.94,188.7,188.92,2382
5145,2022-11-23 14:45:00,188.92,189.08,188.7,188.87,46376
5146,2022-11-23 15:15:00,188.89,188.89,188.36,188.46,6248
5147,2022-11-24 09:15:00,189.82,189.83,188.69,189.35,18826
5148,2022-11-24 09:45:00,189.34,189.59,189.2,189.31,23473
5149,2022-11-24 10:15:00,189.53,189.6,189.32,189.47,5116
5150,2022-11-24 10:45:00,189.53,189.75,189.5,189.74,38501
5151,2022-11-24 11:15:00,189.74,189.9,189.67,189.9,59803
5152,2022-11-24 11:45:00,189.86,190.4,189.86,190.32,110373
5153,2022-11-24 12:15:00,190.33,190.48,190.31,190.48,92135
5154,2022-11-24 12:45:00,190.47,190.52,190.35,190.43,178597
5155,2022-11-24 13:15:00,190.43,190.43,190.01,190.24,137433
5156,2022-11-24 13:45:00,190.24,190.47,190.18,190.4,104065
5157,2022-11-24 14:15:00,190.41,190.54,190.28,190.4,135477
5158,2022-11-24 14:45:00,190.32,191.37,190.32,191.15,129267
5159,2022-11-24 15:15:00,191.15,192.0,191.15,191.6,133370
5160,2022-11-25 09:15:00,191.56,191.93,190.45,190.6,81757
5161,2022-11-25 09:45:00,190.73,191.03,190.53,191.0,35075
5162,2022-11-25 10:15:00,191.0,191.0,190.46,190.88,225480
5163,2022-11-25 10:45:00,190.82,191.08,190.8,190.94,127628
5164,2022-11-25 11:15:00,190.96,191.07,190.8,190.91,42491
5165,2022-11-25 11:45:00,190.99,191.1,190.9,191.1,74814
5166,2022-11-25 12:15:00,191.01,191.4,191.01,191.33,37456
5167,2022-11-25 12:45:00,191.18,191.49,191.18,191.45,132401
5168,2022-11-25 13:15:00,191.48,191.6,191.34,191.54,77517
5169,2022-11-25 13:45:00,191.56,191.73,191.4,191.51,120098
5170,2022-11-25 14:15:00,191.5,191.76,191.25,191.61,9859
5171,2022-11-25 14:45:00,191.6,191.9,191.25,191.81,83743
5172,2022-11-25 15:15:00,191.8,191.85,191.62,191.65,120454
5173,2022-11-28 09:15:00,191.5,191.74,190.46,191.69,26456
5174,2022-11-28 09:45:00,191.66,191.94,191.5,191.92,11481
5175,2022-11-28 10:15:00,191.9,192.0,191.59,191.8,16529
5176,2022-11-28 10:45:00,191.64,192.0,191.64,191.99,17988
5177,2022-11-28 11:15:00,191.99,192.18,191.96,192.11,14073
5178,2022-11-28 11:45:00,192.17,192.25,192.01,192.18,6933
5179,2022-11-28 12:15:00,192.25,192.4,192.15,192.34,12464
5180,2022-11-28 12:45:00,192.2,192.49,192.05,192.38,6009
5181,2022-11-28 13:15:00,192.36,192.5,192.24,192.31,13287
5182,2022-11-28 13:45:00,192.41,192.44,191.91,192.18,15858
5183,2022-11-28 14:15:00,192.17,192.25,191.88,192.25,57211
5184,2022-11-28 14:45:00,192.25,192.32,191.67,191.85,10763
5185,2022-11-28 15:15:00,191.92,191.99,191.66,191.82,3006
5186,2022-11-29 09:15:00,191.79,192.47,191.65,192.35,11482
5187,2022-11-29 09:45:00,192.28,192.59,192.22,192.54,13874
5188,2022-11-29 10:15:00,192.54,192.7,192.32,192.41,19442
5189,2022-11-29 10:45:00,192.54,192.8,192.42,192.63,9821
5190,2022-11-29 11:15:00,192.79,192.8,192.44,192.51,2947
5191,2022-11-29 11:45:00,192.51,192.8,192.45,192.71,10472
5192,2022-11-29 12:15:00,192.8,192.8,192.59,192.74,3987
5193,2022-11-29 12:45:00,192.74,192.75,192.52,192.7,10977
5194,2022-11-29 13:15:00,192.64,192.9,192.6,192.7,4444
5195,2022-11-29 13:45:00,192.63,192.95,192.56,192.7,2920
5196,2022-11-29 14:15:00,192.7,192.94,192.48,192.51,38093
5197,2022-11-29 14:45:00,192.51,192.57,192.3,192.46,3269
5198,2022-11-29 15:15:00,192.45,192.49,192.1,192.2,3503
5199,2022-11-30 09:15:00,192.32,192.96,192.3,192.6,17628
5200,2022-11-30 09:45:00,192.64,192.66,192.33,192.6,12034
5201,2022-11-30 10:15:00,192.6,192.68,192.48,192.49,8120
5202,2022-11-30 10:45:00,192.5,192.72,192.42,192.7,24074
5203,2022-11-30 11:15:00,192.7,192.8,192.45,192.71,5573
5204,2022-11-30 11:45:00,192.71,192.8,192.6,192.74,3385
5205,2022-11-30 12:15:00,192.67,192.75,192.57,192.75,7592
5206,2022-11-30 12:45:00,192.77,192.95,192.69,192.95,54661
5207,2022-11-30 13:15:00,192.95,192.99,192.81,192.98,7858
5208,2022-11-30 13:45:00,192.98,193.05,192.82,192.95,21607
5209,2022-11-30 14:15:00,192.95,193.25,192.83,193.25,11628
5210,2022-11-30 14:45:00,193.24,193.55,193.07,193.52,46617
5211,2022-11-30 15:15:00,193.54,194.09,193.54,193.7,43276
5212,2022-12-01 09:15:00,190.0,195.9,190.0,194.85,61329
5213,2022-12-01 09:45:00,194.84,194.89,194.6,194.89,128484
5214,2022-12-01 10:15:00,194.9,194.9,194.61,194.7,30725
5215,2022-12-01 10:45:00,194.82,194.99,194.7,194.95,15401
5216,2022-12-01 11:15:00,194.95,194.99,194.8,194.88,6561
5217,2022-12-01 11:45:00,194.87,194.93,194.76,194.78,6726
5218,2022-12-01 12:15:00,194.91,194.92,194.79,194.81,336237
5219,2022-12-01 12:45:00,194.85,194.85,194.65,194.75,259257
5220,2022-12-01 13:15:00,194.75,194.75,194.55,194.55,174444
5221,2022-12-01 13:45:00,194.64,194.69,194.2,194.3,330985
5222,2022-12-01 14:15:00,194.3,194.54,194.15,194.17,408155
5223,2022-12-01 14:45:00,194.25,194.4,193.9,194.0,668836
5224,2022-12-01 15:15:00,194.0,194.39,193.8,194.39,1000809
5225,2022-12-02 09:15:00,193.93,194.03,193.22,193.27,14300
5226,2022-12-02 09:45:00,193.24,193.32,193.05,193.16,9844
5227,2022-12-02 10:15:00,193.14,193.18,192.86,193.1,46738
5228,2022-12-02 10:45:00,193.1,193.13,192.94,193.07,12145
5229,2022-12-02 11:15:00,193.07,193.13,192.56,192.65,18878
5230,2022-12-02 11:45:00,192.66,192.76,192.37,192.57,329747
5231,2022-12-02 12:15:00,192.57,192.84,192.47,192.84,14877
5232,2022-12-02 12:45:00,192.83,192.95,192.7,192.92,7716
5233,2022-12-02 13:15:00,192.92,192.92,192.56,192.88,4055
5234,2022-12-02 13:45:00,192.9,193.1,192.82,192.96,8117
5235,2022-12-02 14:15:00,193.01,193.14,192.78,192.88,3397
5236,2022-12-02 14:45:00,192.93,193.1,192.76,193.0,24295
5237,2022-12-02 15:15:00,193.0,193.2,192.9,193.07,8276
5238,2022-12-05 09:15:00,193.7,193.7,192.65,192.86,17022
5239,2022-12-05 09:45:00,192.8,192.8,192.02,192.08,66125
5240,2022-12-05 10:15:00,192.08,192.46,192.08,192.37,11217
5241,2022-12-05 10:45:00,192.4,192.64,192.3,192.63,29425
5242,2022-12-05 11:15:00,192.65,192.7,192.46,192.61,28525
5243,2022-12-05 11:45:00,192.68,192.75,192.55,192.75,2544
5244,2022-12-05 12:15:00,192.84,193.46,192.84,193.16,15436
5245,2022-12-05 12:45:00,193.25,193.32,193.02,193.13,103145
5246,2022-12-05 13:15:00,193.08,193.14,192.6,192.6,9944
5247,2022-12-05 13:45:00,192.75,192.9,192.57,192.85,5406
5248,2022-12-05 14:15:00,192.85,193.18,192.68,192.95,10278
5249,2022-12-05 14:45:00,192.92,193.5,192.8,193.44,13963
5250,2022-12-05 15:15:00,193.44,193.44,193.07,193.29,14235
5251,2022-12-06 09:15:00,192.85,192.95,192.0,192.21,50530
5252,2022-12-06 09:45:00,192.16,192.96,192.16,192.87,74292
5253,2022-12-06 10:15:00,192.88,193.09,192.61,193.0,20594
5254,2022-12-06 10:45:00,193.0,193.09,192.62,192.79,31586
5255,2022-12-06 11:15:00,192.79,192.91,192.69,192.81,7853
5256,2022-12-06 11:45:00,192.79,192.83,192.67,192.76,2403
5257,2022-12-06 12:15:00,192.74,192.87,192.6,192.64,5880
5258,2022-12-06 12:45:00,192.64,192.86,192.5,192.86,6167
5259,2022-12-06 13:15:00,192.88,192.99,192.59,192.98,2202
5260,2022-12-06 13:45:00,192.98,193.09,192.63,192.85,13782
5261,2022-12-06 14:15:00,192.85,192.98,192.61,192.74,89831
5262,2022-12-06 14:45:00,192.77,193.2,192.6,193.13,19381
5263,2022-12-06 15:15:00,193.13,193.18,193.0,193.17,2449
5264,2022-12-07 09:15:00,193.17,193.17,192.65,193.01,64689
5265,2022-12-07 09:45:00,192.9,193.25,192.76,193.23,6869
5266,2022-12-07 10:15:00,193.25,193.3,192.78,192.81,11271
5267,2022-12-07 10:45:00,192.8,192.93,192.08,192.36,68131
5268,2022-12-07 11:15:00,192.36,192.36,192.05,192.2,32456
5269,2022-12-07 11:45:00,192.2,192.38,192.1,192.2,288644
5270,2022-12-07 12:15:00,192.2,192.2,192.12,192.2,7189
5271,2022-12-07 12:45:00,192.17,192.35,191.99,192.2,339525
5272,2022-12-07 13:15:00,192.2,192.43,191.99,192.15,106089
5273,2022-12-07 13:45:00,192.19,192.2,191.99,192.0,4703
5274,2022-12-07 14:15:00,192.0,192.14,191.89,192.05,452510
5275,2022-12-07 14:45:00,192.25,192.25,191.5,191.6,959796
5276,2022-12-07 15:15:00,191.6,191.78,191.14,191.64,721579
5277,2022-12-08 09:15:00,191.89,191.95,191.24,191.68,15873
5278,2022-12-08 09:45:00,191.6,192.28,191.6,192.09,8619
5279,2022-12-08 10:15:00,192.08,192.2,191.85,191.99,2663
5280,2022-12-08 10:45:00,191.84,191.99,191.65,191.88,5678
5281,2022-12-08 11:15:00,191.88,191.95,191.69,191.75,3148
5282,2022-12-08 11:45:00,191.75,191.87,191.68,191.8,62267
5283,2022-12-08 12:15:00,191.77,191.89,191.74,191.83,100289
5284,2022-12-08 12:45:00,191.8,191.98,191.65,191.96,121783
5285,2022-12-08 13:15:00,191.96,192.1,191.83,192.1,90308
5286,2022-12-08 13:45:00,192.1,192.24,192.0,192.24,251973
5287,2022-12-08 14:15:00,192.07,192.4,192.07,192.36,54131
5288,2022-12-08 14:45:00,192.31,192.68,192.2,192.68,312797
5289,2022-12-08 15:15:00,192.68,192.99,192.5,192.99,249652
5290,2022-12-09 09:15:00,193.07,193.59,192.41,192.85,22823
5291,2022-12-09 09:45:00,192.83,192.96,192.53,192.68,7435
5292,2022-12-09 10:15:00,192.68,192.72,192.0,192.1,25580
5293,2022-12-09 10:45:00,192.1,192.26,192.04,192.17,11794
5294,2022-12-09 11:15:00,192.17,192.3,192.0,192.3,11658
5295,2022-12-09 11:45:00,192.3,192.39,192.1,192.39,8465
5296,2022-12-09 12:15:00,192.19,192.39,191.4,191.48,32796
5297,2022-12-09 12:45:00,191.36,191.62,191.11,191.57,13837
5298,2022-12-09 13:15:00,191.54,191.65,191.33,191.37,6867
5299,2022-12-09 13:45:00,191.36,191.58,191.1,191.22,24729
5300,2022-12-09 14:15:00,191.22,191.22,190.75,191.05,55075
5301,2022-12-09 14:45:00,191.01,191.57,191.01,191.49,8632
5302,2022-12-09 15:15:00,191.49,191.5,191.2,191.2,5572
5303,2022-12-12 09:15:00,190.66,191.2,190.02,191.17,39062
5304,2022-12-12 09:45:00,191.19,191.57,191.05,191.43,11641
5305,2022-12-12 10:15:00,191.31,191.83,191.28,191.63,20188
5306,2022-12-12 10:45:00,191.74,191.79,191.43,191.73,14305
5307,2022-12-12 11:15:00,191.73,191.74,191.34,191.4,6402
5308,2022-12-12 11:45:00,191.39,191.57,191.27,191.53,5248
5309,2022-12-12 12:15:00,191.54,191.59,191.31,191.57,25995
5310,2022-12-12 12:45:00,191.51,191.59,191.3,191.41,6636
5311,2022-12-12 13:15:00,191.4,191.4,191.01,191.1,2953
5312,2022-12-12 13:45:00,191.0,191.21,191.0,191.04,2852
5313,2022-12-12 14:15:00,191.04,191.09,190.78,191.05,17363
5314,2022-12-12 14:45:00,191.05,191.68,191.05,191.5,13736
5315,2022-12-12 15:15:00,191.5,191.7,191.49,191.63,5925
5316,2022-12-13 09:15:00,166.6,191.92,166.6,191.76,7397
5317,2022-12-13 09:45:00,191.76,191.84,191.45,191.63,8495
5318,2022-12-13 10:15:00,191.63,191.81,191.54,191.76,7575
5319,2022-12-13 10:45:00,191.8,192.0,191.66,191.99,6189
5320,2022-12-13 11:15:00,191.99,192.3,191.79,192.3,49944
5321,2022-12-13 11:45:00,192.21,192.39,192.15,192.21,6357
5322,2022-12-13 12:15:00,192.23,192.34,192.15,192.18,2181
5323,2022-12-13 12:45:00,192.3,192.48,192.15,192.44,7541
5324,2022-12-13 13:15:00,192.43,192.49,192.24,192.39,8598
5325,2022-12-13 13:45:00,192.29,192.46,192.21,192.34,4375
5326,2022-12-13 14:15:00,192.22,192.4,192.13,192.2,10064
5327,2022-12-13 14:45:00,192.21,192.86,192.21,192.71,185567
5328,2022-12-13 15:15:00,192.61,192.75,192.31,192.31,5264
5329,2022-12-14 09:15:00,193.61,193.71,192.9,193.65,23343
5330,2022-12-14 09:45:00,193.65,193.65,193.11,193.29,13871
5331,2022-12-14 10:15:00,193.29,193.47,193.1,193.34,4527
5332,2022-12-14 10:45:00,193.32,193.53,193.08,193.52,57253
5333,2022-12-14 11:15:00,193.52,193.62,193.28,193.51,6942
5334,2022-12-14 11:45:00,193.52,193.62,193.39,193.4,2624
5335,2022-12-14 12:15:00,193.5,193.62,193.11,193.2,9879
5336,2022-12-14 12:45:00,193.2,193.29,193.15,193.23,3815
5337,2022-12-14 13:15:00,193.25,193.28,193.14,193.14,22983
5338,2022-12-14 13:45:00,193.14,193.14,192.81,192.81,7961
5339,2022-12-14 14:15:00,192.95,193.14,192.82,193.06,6492
5340,2022-12-14 14:45:00,193.06,193.3,193.0,193.09,6194
5341,2022-12-14 15:15:00,193.25,193.29,192.75,192.75,4507
5342,2022-12-15 09:15:00,193.44,193.45,192.2,192.26,54064
5343,2022-12-15 09:45:00,192.39,192.43,192.15,192.23,7084
5344,2022-12-15 10:15:00,192.2,192.48,192.2,192.2,24266
5345,2022-12-15 10:45:00,192.4,192.43,191.94,192.4,11995
5346,2022-12-15 11:15:00,192.24,192.4,192.01,192.07,14589
5347,2022-12-15 11:45:00,192.17,192.18,191.71,191.76,120454
5348,2022-12-15 12:15:00,191.87,191.93,191.39,191.61,228179
5349,2022-12-15 12:45:00,191.61,191.65,191.17,191.45,411352
5350,2022-12-15 13:15:00,191.45,191.52,191.26,191.39,47594
5351,2022-12-15 13:45:00,191.52,191.52,190.85,191.27,377821
5352,2022-12-15 14:15:00,191.27,191.27,190.44,190.44,300956
5353,2022-12-15 14:45:00,190.4,190.74,190.1,190.35,34107
5354,2022-12-15 15:15:00,190.31,190.48,189.8,190.35,78490
5355,2022-12-16 09:15:00,189.99,190.57,189.51,190.21,57088
5356,2022-12-16 09:45:00,190.07,190.08,189.32,189.49,54364
5357,2022-12-16 10:15:00,189.49,189.5,189.18,189.5,12513
5358,2022-12-16 10:45:00,189.5,189.5,189.0,189.45,12411
5359,2022-12-16 11:15:00,189.47,189.5,189.4,189.5,59626
5360,2022-12-16 11:45:00,189.5,189.68,189.13,189.64,9519
5361,2022-12-16 12:15:00,189.7,190.49,189.5,190.27,7449
5362,2022-12-16 12:45:00,190.44,190.45,190.03,190.03,1493
5363,2022-12-16 13:15:00,190.21,190.32,189.9,189.95,5928
5364,2022-12-16 13:45:00,189.9,189.94,189.46,189.7,2662
5365,2022-12-16 14:15:00,189.66,189.67,189.1,189.39,18312
5366,2022-12-16 14:45:00,189.39,189.49,188.87,189.16,47087
5367,2022-12-16 15:15:00,189.08,189.24,188.89,189.0,38188
5368,2022-12-19 09:15:00,189.59,189.6,188.9,189.55,19364
5369,2022-12-19 09:45:00,189.41,189.91,189.27,189.84,11316
5370,2022-12-19 10:15:00,189.84,190.0,189.75,189.99,4511
5371,2022-12-19 10:45:00,189.99,190.0,189.7,189.91,7725
5372,2022-12-19 11:15:00,189.91,190.19,189.75,189.97,4967
5373,2022-12-19 11:45:00,189.98,190.22,189.97,190.2,5886
5374,2022-12-19 12:15:00,190.2,190.3,189.95,190.11,5510
5375,2022-12-19 12:45:00,190.07,190.07,189.64,189.87,5067
5376,2022-12-19 13:15:00,189.77,190.14,189.66,190.01,1988
5377,2022-12-19 13:45:00,190.14,190.25,190.0,190.2,4695
5378,2022-12-19 14:15:00,190.2,190.45,190.01,190.26,28151
5379,2022-12-19 14:45:00,190.46,190.75,190.32,190.6,4608
5380,2022-12-19 15:15:00,190.59,190.7,190.59,190.7,1872
5381,2022-12-20 09:15:00,190.01,190.4,188.6,188.99,72002
5382,2022-12-20 09:45:00,189.03,189.03,188.38,188.71,79714
5383,2022-12-20 10:15:00,188.74,188.8,188.5,188.77,9526
5384,2022-12-20 10:45:00,188.77,188.89,188.41,188.76,24547
5385,2022-12-20 11:15:00,188.76,188.84,188.6,188.6,9940
5386,2022-12-20 11:45:00,188.5,188.97,188.49,188.97,15747
5387,2022-12-20 12:15:00,188.94,189.17,188.85,189.1,64288
5388,2022-12-20 12:45:00,189.1,189.25,188.96,189.09,35422
5389,2022-12-20 13:15:00,188.99,189.17,188.84,189.17,8254
5390,2022-12-20 13:45:00,189.22,189.46,189.0,189.46,4870
5391,2022-12-20 14:15:00,189.36,189.89,189.36,189.85,84686
5392,2022-12-20 14:45:00,189.84,190.45,189.6,190.4,20304
5393,2022-12-20 15:15:00,190.4,190.5,190.2,190.4,2622
5394,2022-12-21 09:15:00,190.3,191.22,190.2,190.32,86402
5395,2022-12-21 09:45:00,190.49,190.66,190.1,190.56,8235
5396,2022-12-21 10:15:00,190.3,190.5,189.8,190.07,59219
5397,2022-12-21 10:45:00,190.15,190.26,189.84,190.25,9412
5398,2022-12-21 11:15:00,190.25,190.37,190.02,190.37,1590
5399,2022-12-21 11:45:00,190.4,190.4,189.8,189.8,3169
5400,2022-12-21 12:15:00,189.75,189.75,189.4,189.49,8163
5401,2022-12-21 12:45:00,189.49,189.56,189.18,189.41,21189
5402,2022-12-21 13:15:00,189.55,189.55,189.15,189.34,8123
5403,2022-12-21 13:45:00,189.21,189.33,188.15,188.78,44126
5404,2022-12-21 14:15:00,188.75,189.4,188.37,189.23,103925
5405,2022-12-21 14:45:00,189.23,189.35,188.3,188.66,22530
5406,2022-12-21 15:15:00,188.65,188.89,188.39,188.5,10826
5407,2022-12-22 09:15:00,189.99,190.0,188.22,188.4,28965
5408,2022-12-22 09:45:00,188.4,188.99,188.15,188.18,17953
5409,2022-12-22 10:15:00,188.1,188.25,187.71,187.8,13208
5410,2022-12-22 10:45:00,187.8,187.81,187.25,187.74,21026
5411,2022-12-22 11:15:00,187.74,187.81,187.37,187.45,6796
5412,2022-12-22 11:45:00,187.55,187.56,187.05,187.35,12715
5413,2022-12-22 12:15:00,187.29,187.67,186.99,187.24,102650
5414,2022-12-22 12:45:00,187.21,187.71,187.04,187.39,7304
5415,2022-12-22 13:15:00,187.55,187.75,187.39,187.68,2300
5416,2022-12-22 13:45:00,187.75,188.1,187.71,188.05,8822
5417,2022-12-22 14:15:00,188.05,188.19,187.5,187.5,20577
5418,2022-12-22 14:45:00,187.5,188.02,187.3,187.91,11312
5419,2022-12-22 15:15:00,187.9,187.92,187.31,187.31,11307
5420,2022-12-23 09:15:00,186.67,186.92,186.1,186.72,47588
5421,2022-12-23 09:45:00,186.65,186.75,185.66,185.99,41876
5422,2022-12-23 10:15:00,185.99,185.99,185.45,185.86,23036
5423,2022-12-23 10:45:00,185.72,186.0,185.61,185.95,122057
5424,2022-12-23 11:15:00,185.99,186.0,185.3,185.38,506513
5425,2022-12-23 11:45:00,185.38,185.63,185.08,185.52,422895
5426,2022-12-23 12:15:00,185.57,185.91,185.25,185.51,383948
5427,2022-12-23 12:45:00,185.62,185.78,185.3,185.45,341174
5428,2022-12-23 13:15:00,185.45,185.62,184.81,185.0,389722
5429,2022-12-23 13:45:00,184.99,185.2,184.75,184.85,355415
5430,2022-12-23 14:15:00,184.85,185.33,184.71,185.07,360833
5431,2022-12-23 14:45:00,185.01,185.06,184.25,184.6,286858
5432,2022-12-23 15:15:00,184.6,184.99,184.4,184.99,33517
5433,2022-12-26 09:15:00,184.9,185.95,184.07,185.7,57236
5434,2022-12-26 09:45:00,185.71,186.0,185.6,185.8,291341
5435,2022-12-26 10:15:00,185.8,185.97,185.35,185.89,312736
5436,2022-12-26 10:45:00,185.75,186.11,185.75,186.01,164119
5437,2022-12-26 11:15:00,185.97,186.35,185.91,186.2,150162
5438,2022-12-26 11:45:00,186.34,186.49,186.2,186.45,50758
5439,2022-12-26 12:15:00,186.49,186.51,185.9,186.15,938953
5440,2022-12-26 12:45:00,186.26,186.45,186.1,186.42,228067
5441,2022-12-26 13:15:00,186.4,186.5,186.21,186.37,381450
5442,2022-12-26 13:45:00,186.37,186.59,186.3,186.59,418333
5443,2022-12-26 14:15:00,186.59,187.28,186.5,187.14,372448
5444,2022-12-26 14:45:00,187.22,187.36,186.34,186.41,472874
5445,2022-12-26 15:15:00,186.39,186.68,186.3,186.68,63611
5446,2022-12-27 09:15:00,186.74,187.6,186.25,186.49,64584
5447,2022-12-27 09:45:00,186.18,186.64,186.14,186.55,33875
5448,2022-12-27 10:15:00,186.5,186.9,186.41,186.74,27103
5449,2022-12-27 10:45:00,186.74,187.09,186.68,186.97,69982
5450,2022-12-27 11:15:00,186.9,187.09,186.7,186.94,23938
5451,2022-12-27 11:45:00,186.92,187.2,186.75,187.0,49907
5452,2022-12-27 12:15:00,186.93,187.19,186.85,186.98,22096
5453,2022-12-27 12:45:00,186.95,187.01,186.69,187.01,51892
5454,2022-12-27 13:15:00,187.01,187.25,186.94,187.18,8070
5455,2022-12-27 13:45:00,187.2,187.7,187.2,187.67,32028
5456,2022-12-27 14:15:00,187.53,187.66,187.2,187.65,81685
5457,2022-12-27 14:45:00,187.65,187.97,187.37,187.7,62921
5458,2022-12-27 15:15:00,187.7,187.9,187.44,187.89,34247
5459,2022-12-28 09:15:00,187.7,187.95,186.68,187.24,93245
5460,2022-12-28 09:45:00,187.25,187.55,187.12,187.55,22692
5461,2022-12-28 10:15:00,187.55,187.55,187.11,187.25,27148
5462,2022-12-28 10:45:00,187.25,187.55,187.25,187.53,29602
5463,2022-12-28 11:15:00,187.53,187.7,187.45,187.68,12975
5464,2022-12-28 11:45:00,187.6,187.98,187.6,187.96,79823
5465,2022-12-28 12:15:00,187.96,187.98,187.15,187.65,81973
5466,2022-12-28 12:45:00,187.67,187.67,187.24,187.59,45961
5467,2022-12-28 13:15:00,187.5,187.62,187.31,187.57,35965
5468,2022-12-28 13:45:00,187.58,187.95,187.52,187.91,27918
5469,2022-12-28 14:15:00,187.88,187.95,187.61,187.92,9167
5470,2022-12-28 14:45:00,187.92,187.96,187.5,187.51,65557
5471,2022-12-28 15:15:00,187.74,187.83,187.5,187.72,53417
5472,2022-12-29 09:15:00,187.64,187.65,186.29,186.45,29541
5473,2022-12-29 09:45:00,186.41,186.57,186.03,186.2,10117
5474,2022-12-29 10:15:00,186.2,186.61,186.2,186.45,9783
5475,2022-12-29 10:45:00,186.5,186.63,186.46,186.59,2434
5476,2022-12-29 11:15:00,186.6,186.84,186.43,186.8,5645
5477,2022-12-29 11:45:00,186.76,186.95,186.6,186.8,2163
5478,2022-12-29 12:15:00,186.56,186.81,186.54,186.64,2944
5479,2022-12-29 12:45:00,186.64,186.92,186.53,186.71,3165
5480,2022-12-29 13:15:00,186.89,186.92,186.52,186.92,1815
5481,2022-12-29 13:45:00,186.92,187.36,186.91,187.2,2708
5482,2022-12-29 14:15:00,187.25,187.51,186.95,187.51,2552
5483,2022-12-29 14:45:00,187.65,188.03,187.51,188.03,11651
5484,2022-12-29 15:15:00,188.02,188.25,187.84,188.2,11905
5485,2022-12-30 09:15:00,188.95,188.95,187.91,188.73,28837
5486,2022-12-30 09:45:00,188.73,188.73,188.4,188.53,32755
5487,2022-12-30 10:15:00,188.5,188.8,188.47,188.8,60021
5488,2022-12-30 10:45:00,188.8,188.8,188.51,188.71,42077
5489,2022-12-30 11:15:00,188.71,188.71,188.38,188.65,132511
5490,2022-12-30 11:45:00,188.65,188.69,188.32,188.65,132473
5491,2022-12-30 12:15:00,188.61,188.82,188.48,188.78,89787
5492,2022-12-30 12:45:00,188.78,188.79,188.4,188.49,103801
5493,2022-12-30 13:15:00,188.5,188.76,188.35,188.56,231162
5494,2022-12-30 13:45:00,188.56,188.65,188.17,188.55,228702
5495,2022-12-30 14:15:00,188.55,188.58,188.11,188.35,224614
5496,2022-12-30 14:45:00,188.3,188.67,187.29,187.31,129178
5497,2022-12-30 15:15:00,187.31,187.75,187.3,187.5,7339
5498,2023-01-02 09:15:00,187.79,188.1,186.65,187.63,25676
5499,2023-01-02 09:45:00,187.79,188.1,187.51,187.99,22077
5500,2023-01-02 10:15:00,187.98,188.3,187.85,188.0,10115
5501,2023-01-02 10:45:00,188.25,188.29,188.01,188.29,14804
5502,2023-01-02 11:15:00,188.3,188.33,188.02,188.16,13128
5503,2023-01-02 11:45:00,188.28,188.29,188.09,188.09,3968
5504,2023-01-02 12:15:00,188.24,188.3,187.73,187.96,10536
5505,2023-01-02 12:45:00,187.97,188.1,187.79,188.02,2722
5506,2023-01-02 13:15:00,188.02,188.27,188.02,188.05,11317
5507,2023-01-02 13:45:00,188.14,188.14,187.95,188.1,4080
5508,2023-01-02 14:15:00,188.01,188.01,187.55,187.79,8526
5509,2023-01-02 14:45:00,187.79,188.39,187.77,188.3,8893
5510,2023-01-02 15:15:00,188.17,188.5,188.17,188.5,10666
5511,2023-01-03 09:15:00,188.55,188.55,187.86,188.28,10063
5512,2023-01-03 09:45:00,188.28,188.78,188.28,188.75,12892
5513,2023-01-03 10:15:00,188.75,188.81,188.26,188.76,16019
5514,2023-01-03 10:45:00,188.72,188.82,188.53,188.78,4515
5515,2023-01-03 11:15:00,188.78,188.84,188.62,188.62,6640
5516,2023-01-03 11:45:00,188.76,188.79,188.26,188.26,4400
5517,2023-01-03 12:15:00,188.26,188.27,187.93,188.12,10131
5518,2023-01-03 12:45:00,188.12,188.26,188.02,188.25,537
5519,2023-01-03 13:15:00,188.3,188.42,188.14,188.4,605
5520,2023-01-03 13:45:00,188.44,188.62,188.36,188.49,4872
5521,2023-01-03 14:15:00,188.49,188.77,188.49,188.6,4034
5522,2023-01-03 14:45:00,188.7,188.84,188.49,188.67,3790
5523,2023-01-03 15:15:00,188.67,188.81,188.58,188.7,9958
5524,2023-01-04 09:15:00,188.89,188.9,188.04,188.04,9709
5525,2023-01-04 09:45:00,188.04,188.04,187.5,187.79,50515
5526,2023-01-04 10:15:00,187.79,188.04,187.7,187.9,6369
5527,2023-01-04 10:45:00,187.86,187.89,187.3,187.51,7741
5528,2023-01-04 11:15:00,187.49,187.66,187.49,187.52,22095
5529,2023-01-04 11:45:00,187.44,187.53,186.9,186.9,37726
5530,2023-01-04 12:15:00,186.98,187.15,186.9,187.08,7564
5531,2023-01-04 12:45:00,187.0,187.36,186.93,187.27,4536
5532,2023-01-04 13:15:00,187.29,187.5,187.13,187.5,18408
5533,2023-01-04 13:45:00,187.34,187.73,187.2,187.63,106603
5534,2023-01-04 14:15:00,187.63,187.63,187.03,187.07,10185
5535,2023-01-04 14:45:00,187.04,187.07,186.56,187.02,60599
5536,2023-01-04 15:15:00,187.0,187.0,186.7,187.0,24747
5537,2023-01-05 09:15:00,188.15,188.16,186.81,186.81,11627
5538,2023-01-05 09:45:00,186.8,187.18,186.63,187.18,5748
5539,2023-01-05 10:15:00,187.25,187.25,186.85,187.03,4618
5540,2023-01-05 10:45:00,186.86,187.03,186.63,186.88,7045
5541,2023-01-05 11:15:00,186.86,186.91,186.32,186.58,23113
5542,2023-01-05 11:45:00,186.58,186.58,186.03,186.28,9491
5543,2023-01-05 12:15:00,186.32,186.32,185.65,185.87,13877
5544,2023-01-05 12:45:00,185.86,186.07,185.69,185.88,15748
5545,2023-01-05 13:15:00,186.0,186.0,185.25,185.45,27414
5546,2023-01-05 13:45:00,185.55,185.9,185.43,185.6,51055
5547,2023-01-05 14:15:00,185.6,186.04,185.55,185.95,12609
5548,2023-01-05 14:45:00,185.97,186.49,185.81,186.42,21784
5549,2023-01-05 15:15:00,186.42,186.8,186.25,186.8,11460
5550,2023-01-06 09:15:00,186.21,187.0,186.18,186.79,15438
5551,2023-01-06 09:45:00,186.7,186.8,186.01,186.01,10977
5552,2023-01-06 10:15:00,186.0,186.19,185.65,185.85,70702
5553,2023-01-06 10:45:00,185.85,185.96,185.55,185.59,15208
5554,2023-01-06 11:15:00,185.63,185.87,185.45,185.87,13867
5555,2023-01-06 11:45:00,185.89,185.95,185.69,185.71,19186
5556,2023-01-06 12:15:00,185.71,185.73,185.17,185.22,11413
5557,2023-01-06 12:45:00,185.22,185.22,184.67,184.74,34461
5558,2023-01-06 13:15:00,184.7,184.81,184.32,184.69,56872
5559,2023-01-06 13:45:00,184.71,184.97,184.53,184.63,260636
5560,2023-01-06 14:15:00,184.6,184.96,184.41,184.77,768576
5561,2023-01-06 14:45:00,184.75,185.2,184.7,185.18,392571
5562,2023-01-06 15:15:00,185.18,185.2,184.92,185.2,10692
5563,2023-01-09 09:15:00,186.15,186.82,185.73,186.71,38336
5564,2023-01-09 09:45:00,186.78,187.25,186.55,187.17,34831
5565,2023-01-09 10:15:00,187.17,187.45,187.05,187.44,11725
5566,2023-01-09 10:45:00,187.34,187.56,187.16,187.56,4002
5567,2023-01-09 11:15:00,187.55,187.82,187.38,187.8,10656
5568,2023-01-09 11:45:00,187.61,187.87,187.5,187.61,14360
5569,2023-01-09 12:15:00,187.74,187.76,187.23,187.4,6871
5570,2023-01-09 12:45:00,187.33,187.44,187.09,187.24,1870
5571,2023-01-09 13:15:00,187.2,187.2,186.55,186.55,7461
5572,2023-01-09 13:45:00,186.62,186.95,186.4,186.95,6032
5573,2023-01-09 14:15:00,187.03,187.24,186.82,187.02,4973
5574,2023-01-09 14:45:00,187.0,187.49,186.76,187.47,19742
5575,2023-01-09 15:15:00,187.49,187.64,187.27,187.37,2841
5576,2023-01-10 09:15:00,187.81,187.81,186.5,186.69,19105
5577,2023-01-10 09:45:00,186.69,186.8,186.0,186.42,7508
5578,2023-01-10 10:15:00,186.42,186.59,186.05,186.13,5225
5579,2023-01-10 10:45:00,186.0,186.22,185.95,186.0,33629
5580,2023-01-10 11:15:00,186.05,186.15,185.7,185.83,23601
5581,2023-01-10 11:45:00,185.83,186.0,185.68,186.0,19146
5582,2023-01-10 12:15:00,186.0,186.21,185.5,185.5,8295
5583,2023-01-10 12:45:00,185.48,185.5,185.2,185.35,13912
5584,2023-01-10 13:15:00,185.35,185.57,185.0,185.18,51365
5585,2023-01-10 13:45:00,185.18,185.63,185.13,185.5,12677
5586,2023-01-10 14:15:00,185.52,185.58,185.03,185.05,15465
5587,2023-01-10 14:45:00,185.01,185.73,185.01,185.6,27996
5588,2023-01-10 15:15:00,185.66,185.76,185.51,185.76,11568
5589,2023-01-11 09:15:00,185.76,185.82,184.62,185.16,34471
5590,2023-01-11 09:45:00,185.16,186.04,185.0,186.04,15299
5591,2023-01-11 10:15:00,186.1,186.24,185.72,186.11,27869
5592,2023-01-11 10:45:00,186.06,186.06,185.21,185.53,4174
5593,2023-01-11 11:15:00,185.53,185.57,185.15,185.15,5111
5594,2023-01-11 11:45:00,185.29,185.75,185.24,185.5,1976
5595,2023-01-11 12:15:00,185.5,185.67,185.23,185.46,9668
5596,2023-01-11 12:45:00,185.42,185.59,185.25,185.46,4345
5597,2023-01-11 13:15:00,185.58,185.7,185.33,185.61,7706
5598,2023-01-11 13:45:00,185.57,185.58,185.0,185.23,3714
5599,2023-01-11 14:15:00,185.21,185.65,185.0,185.64,2522
5600,2023-01-11 14:45:00,185.5,185.78,185.26,185.35,2201
5601,2023-01-11 15:15:00,185.28,185.47,185.08,185.47,11439
5602,2023-01-12 09:15:00,186.0,186.0,185.3,185.51,6083
5603,2023-01-12 09:45:00,185.57,185.57,184.76,184.96,23332
5604,2023-01-12 10:15:00,184.96,184.96,184.52,184.75,10364
5605,2023-01-12 10:45:00,184.77,184.82,184.37,184.41,12392
5606,2023-01-12 11:15:00,184.41,184.7,184.3,184.54,29685
5607,2023-01-12 11:45:00,184.5,184.54,184.25,184.41,6901
5608,2023-01-12 12:15:00,184.6,184.77,184.52,184.64,2562
5609,2023-01-12 12:45:00,184.54,184.94,184.52,184.68,6743
5610,2023-01-12 13:15:00,184.57,184.74,184.01,184.15,11789
5611,2023-01-12 13:45:00,184.16,184.75,184.13,184.75,6203
5612,2023-01-12 14:15:00,184.72,184.93,184.61,184.71,4938
5613,2023-01-12 14:45:00,184.71,185.11,184.57,185.0,26553
5614,2023-01-12 15:15:00,185.06,185.12,184.9,185.06,5807
5615,2023-01-13 09:15:00,184.97,185.11,184.21,184.21,17138
5616,2023-01-13 09:45:00,184.22,184.53,184.08,184.28,28022
5617,2023-01-13 10:15:00,184.28,184.66,184.28,184.66,31229
5618,2023-01-13 10:45:00,184.56,184.78,184.45,184.75,7531
5619,2023-01-13 11:15:00,184.75,184.75,184.49,184.61,15205
5620,2023-01-13 11:45:00,184.61,184.95,184.5,184.95,14928
5621,2023-01-13 12:15:00,184.95,185.47,184.95,185.35,6127
5622,2023-01-13 12:45:00,185.37,186.0,185.26,185.9,5547
5623,2023-01-13 13:15:00,186.0,186.24,185.8,186.24,6914
5624,2023-01-13 13:45:00,186.2,186.4,186.12,186.35,7738
5625,2023-01-13 14:15:00,186.32,186.35,185.85,185.93,11352
5626,2023-01-13 14:45:00,186.0,186.07,185.64,185.86,13810
5627,2023-01-13 15:15:00,185.8,185.95,185.71,185.9,4051
5628,2023-01-16 09:15:00,186.79,186.98,185.87,186.1,56161
5629,2023-01-16 09:45:00,186.16,186.25,185.71,186.08,10213
5630,2023-01-16 10:15:00,186.0,186.17,185.81,185.95,8210
5631,2023-01-16 10:45:00,186.1,186.16,185.9,185.96,9348
5632,2023-01-16 11:15:00,185.96,185.96,185.63,185.79,8455
5633,2023-01-16 11:45:00,185.77,185.8,185.39,185.5,7569
5634,2023-01-16 12:15:00,185.51,185.58,185.26,185.41,12050
5635,2023-01-16 12:45:00,185.37,185.64,185.17,185.52,7558
5636,2023-01-16 13:15:00,185.64,185.84,185.44,185.44,2555
5637,2023-01-16 13:45:00,185.42,185.44,184.79,185.23,16742
5638,2023-01-16 14:15:00,185.22,185.37,185.04,185.1,8300
5639,2023-01-16 14:45:00,185.05,185.44,185.0,185.42,8087
5640,2023-01-16 15:15:00,185.41,185.51,185.3,185.45,4445
5641,2023-01-17 09:15:00,185.89,186.14,184.74,185.9,23310
5642,2023-01-17 09:45:00,185.99,186.5,185.9,186.48,14281
5643,2023-01-17 10:15:00,186.3,186.5,186.18,186.38,6004
5644,2023-01-17 10:45:00,186.39,186.45,186.02,186.26,9252
5645,2023-01-17 11:15:00,186.24,186.42,186.01,186.28,5029
5646,2023-01-17 11:45:00,186.41,186.49,186.16,186.43,7327
5647,2023-01-17 12:15:00,186.27,186.44,186.01,186.15,2127
5648,2023-01-17 12:45:00,186.0,186.16,185.8,185.85,5366
5649,2023-01-17 13:15:00,185.8,186.16,185.57,186.16,2165
5650,2023-01-17 13:45:00,186.06,186.36,186.0,186.23,2067
5651,2023-01-17 14:15:00,186.31,186.35,186.09,186.28,2287
5652,2023-01-17 14:45:00,186.28,186.81,186.15,186.8,16126
5653,2023-01-17 15:15:00,186.78,186.81,186.61,186.78,1042
5654,2023-01-18 09:15:00,186.97,187.18,186.49,187.06,22480
5655,2023-01-18 09:45:00,187.1,187.5,187.1,187.44,21699
5656,2023-01-18 10:15:00,187.44,187.46,187.23,187.4,3190
5657,2023-01-18 10:45:00,187.29,187.74,187.29,187.74,65240
5658,2023-01-18 11:15:00,187.74,188.09,187.61,188.05,20262
5659,2023-01-18 11:45:00,188.05,188.08,187.58,188.08,15867
5660,2023-01-18 12:15:00,187.8,188.05,187.65,187.93,43575
5661,2023-01-18 12:45:00,187.93,187.94,187.57,187.57,18401
5662,2023-01-18 13:15:00,187.57,188.05,187.57,188.03,2333
5663,2023-01-18 13:45:00,187.93,188.04,187.51,187.61,1991
5664,2023-01-18 14:15:00,187.67,188.07,187.6,188.05,6751
5665,2023-01-18 14:45:00,188.06,188.06,187.69,187.85,3907
5666,2023-01-18 15:15:00,187.81,187.92,187.73,187.92,3430
5667,2023-01-19 09:15:00,187.79,187.79,187.0,187.23,6044
5668,2023-01-19 09:45:00,187.06,187.3,186.76,186.93,28923
5669,2023-01-19 10:15:00,186.9,187.4,186.8,187.39,4926
5670,2023-01-19 10:45:00,187.21,187.79,187.02,187.54,13744
5671,2023-01-19 11:15:00,187.54,187.62,187.2,187.54,2757
5672,2023-01-19 11:45:00,187.54,187.6,187.24,187.35,12140
5673,2023-01-19 12:15:00,187.35,187.5,187.26,187.38,3396
5674,2023-01-19 12:45:00,187.3,187.38,187.1,187.23,4598
5675,2023-01-19 13:15:00,187.1,187.39,187.1,187.39,8072
5676,2023-01-19 13:45:00,187.39,187.39,187.2,187.29,17111
5677,2023-01-19 14:15:00,187.4,187.44,187.0,187.1,3127
5678,2023-01-19 14:45:00,187.22,187.25,186.99,187.13,3621
5679,2023-01-19 15:15:00,187.11,187.37,187.0,187.36,7448
5680,2023-01-20 09:15:00,187.09,187.42,186.89,186.96,24349
5681,2023-01-20 09:45:00,187.14,187.5,186.74,187.47,6907
5682,2023-01-20 10:15:00,187.49,187.65,187.36,187.46,5168
5683,2023-01-20 10:45:00,187.63,187.63,187.23,187.37,6919
5684,2023-01-20 11:15:00,187.37,187.49,187.21,187.49,24909
5685,2023-01-20 11:45:00,187.19,187.43,187.1,187.1,5263
5686,2023-01-20 12:15:00,187.13,187.5,187.13,187.25,1033
5687,2023-01-20 12:45:00,187.2,187.5,187.1,187.5,33064
5688,2023-01-20 13:15:00,187.48,187.61,187.16,187.34,35711
5689,2023-01-20 13:45:00,187.34,187.45,186.8,186.93,63073
5690,2023-01-20 14:15:00,187.11,187.18,186.7,186.77,43167
5691,2023-01-20 14:45:00,186.77,187.0,186.5,186.85,26734
5692,2023-01-20 15:15:00,186.81,186.86,186.5,186.75,4917
5693,2023-01-23 09:45:00,187.64,187.99,187.57,187.93,6913
5694,2023-01-23 10:15:00,187.9,188.0,187.62,187.62,10886
5695,2023-01-23 10:45:00,187.86,188.05,187.66,187.9,2835
5696,2023-01-23 11:15:00,187.67,187.95,187.57,187.91,22027
5697,2023-01-23 11:45:00,187.91,188.0,187.45,187.5,10823
5698,2023-01-23 12:15:00,187.58,187.63,187.35,187.46,6198
5699,2023-01-23 12:45:00,187.46,187.6,187.16,187.25,32345
5700,2023-01-23 13:15:00,187.39,187.7,187.28,187.54,3855
5701,2023-01-23 13:45:00,187.7,187.8,187.5,187.66,4845
5702,2023-01-23 14:15:00,187.63,187.89,187.46,187.55,2664
5703,2023-01-23 14:45:00,187.55,187.8,187.5,187.66,5469
5704,2023-01-23 15:15:00,187.73,187.75,187.31,187.65,8709
5705,2023-01-24 09:15:00,188.59,188.59,187.86,188.15,8796
5706,2023-01-24 09:45:00,188.22,188.25,187.7,188.0,112353
5707,2023-01-24 10:15:00,187.85,188.43,187.81,188.15,47830
5708,2023-01-24 10:45:00,188.15,188.18,188.0,188.12,4239
5709,2023-01-24 11:15:00,188.02,188.09,187.78,187.78,9862
5710,2023-01-24 11:45:00,188.05,188.05,187.63,187.69,9008
5711,2023-01-24 12:15:00,187.69,187.89,187.68,187.71,10635
5712,2023-01-24 12:45:00,187.7,187.97,187.68,187.86,20372
5713,2023-01-24 13:15:00,187.8,187.86,187.5,187.58,1483
5714,2023-01-24 13:45:00,187.5,187.67,187.31,187.51,4308
5715,2023-01-24 14:15:00,187.55,187.79,187.48,187.63,1162
5716,2023-01-24 14:45:00,187.6,187.8,187.36,187.6,4542
5717,2023-01-24 15:15:00,187.78,187.78,187.45,187.45,3976
5718,2023-01-25 09:15:00,187.41,187.41,186.68,186.8,15766
5719,2023-01-25 09:45:00,186.7,186.75,185.9,185.95,20039
5720,2023-01-25 10:15:00,185.95,186.16,185.68,185.68,48715
5721,2023-01-25 10:45:00,185.68,185.94,185.6,185.89,187700
5722,2023-01-25 11:15:00,185.89,185.97,184.83,185.32,77838
5723,2023-01-25 11:45:00,185.32,185.7,185.16,185.46,24793
5724,2023-01-25 12:15:00,185.56,185.64,185.15,185.23,14046
5725,2023-01-25 12:45:00,185.42,185.69,185.41,185.64,9039
5726,2023-01-25 13:15:00,185.64,185.79,185.41,185.76,7096
5727,2023-01-25 13:45:00,185.76,186.0,185.23,185.83,97480
5728,2023-01-25 14:15:00,185.77,185.88,185.35,185.47,9615
5729,2023-01-25 14:45:00,185.48,185.59,185.11,185.4,25866
5730,2023-01-25 15:15:00,185.49,185.66,185.33,185.66,9672
5731,2023-01-27 09:15:00,185.4,185.6,183.59,184.25,111502
5732,2023-01-27 09:45:00,184.26,184.5,183.22,183.32,80429
5733,2023-01-27 10:15:00,183.32,184.31,183.03,183.8,58927
5734,2023-01-27 10:45:00,183.68,183.72,183.2,183.3,250868
5735,2023-01-27 11:15:00,183.3,183.51,182.97,183.35,220400
5736,2023-01-27 11:45:00,183.36,183.44,182.5,182.5,237202
5737,2023-01-27 12:15:00,182.75,182.84,181.99,182.45,218956
5738,2023-01-27 12:45:00,182.45,183.33,182.02,182.16,220343
5739,2023-01-27 13:15:00,182.19,182.71,181.7,182.71,232468
5740,2023-01-27 13:45:00,182.85,182.85,181.48,181.64,229490
5741,2023-01-27 14:15:00,181.56,181.95,181.3,181.76,217391
5742,2023-01-27 14:45:00,181.76,182.7,181.7,182.68,142604
5743,2023-01-27 15:15:00,182.66,184.0,182.5,183.99,18824
5744,2023-01-30 09:15:00,182.59,183.98,180.79,183.35,90828
5745,2023-01-30 09:45:00,182.75,183.14,182.33,182.66,84748
5746,2023-01-30 10:15:00,182.66,182.79,182.02,182.11,187222
5747,2023-01-30 10:45:00,181.99,182.34,181.85,181.97,146931
5748,2023-01-30 11:15:00,181.97,182.15,181.84,181.99,160481
5749,2023-01-30 11:45:00,181.99,182.67,181.93,182.39,165579
5750,2023-01-30 12:15:00,182.3,182.5,181.62,181.7,184734
5751,2023-01-30 12:45:00,181.7,181.85,181.1,181.13,116576
5752,2023-01-30 13:15:00,181.05,181.62,180.91,181.04,223470
5753,2023-01-30 13:45:00,181.13,181.82,180.47,181.77,115950
5754,2023-01-30 14:15:00,181.79,182.16,181.59,182.01,218790
5755,2023-01-30 14:45:00,182.0,182.99,181.9,182.8,17206
5756,2023-01-30 15:15:00,182.82,183.12,182.54,183.04,77273
5757,2023-01-31 09:15:00,183.04,184.0,182.02,182.2,27442
5758,2023-01-31 09:45:00,182.15,182.25,181.33,181.86,256990
5759,2023-01-31 10:15:00,181.92,182.58,181.76,182.58,24780
5760,2023-01-31 10:45:00,182.5,182.56,181.95,182.25,12049
5761,2023-01-31 11:15:00,182.23,182.66,182.11,182.55,53082
5762,2023-01-31 11:45:00,182.55,182.91,182.4,182.4,88215
5763,2023-01-31 12:15:00,182.47,182.87,182.3,182.87,14187
5764,2023-01-31 12:45:00,182.87,182.95,182.52,182.81,20244
5765,2023-01-31 13:15:00,182.87,183.25,182.86,183.08,17002
5766,2023-01-31 13:45:00,182.97,183.22,182.56,182.61,75113
5767,2023-01-31 14:15:00,182.61,182.81,182.4,182.77,19848
5768,2023-01-31 14:45:00,182.8,183.29,182.62,183.21,37084
5769,2023-01-31 15:15:00,183.16,183.38,183.04,183.26,34395
5770,2023-02-01 09:15:00,184.5,184.5,183.5,183.92,78603
5771,2023-02-01 09:45:00,183.92,184.16,183.78,184.03,10837
5772,2023-02-01 10:15:00,184.03,184.5,184.03,184.32,15850
5773,2023-02-01 10:45:00,184.32,184.5,184.16,184.33,11306
5774,2023-02-01 11:15:00,184.33,184.64,183.51,184.3,73118
5775,2023-02-01 11:45:00,184.3,184.41,183.95,184.05,112372
5776,2023-02-01 12:15:00,184.05,186.0,183.8,185.5,35081
5777,2023-02-01 12:45:00,185.45,186.0,185.32,185.32,36443
5778,2023-02-01 13:15:00,185.32,185.48,183.37,183.5,78595
5779,2023-02-01 13:45:00,183.43,183.98,182.9,183.4,20017
5780,2023-02-01 14:15:00,183.4,183.4,181.53,181.6,54598
5781,2023-02-01 14:45:00,181.51,183.4,180.59,182.57,311109
5782,2023-02-01 15:15:00,182.57,182.95,182.21,182.69,45440
5783,2023-02-02 09:15:00,182.49,182.76,180.91,182.6,78629
5784,2023-02-02 09:45:00,182.6,182.89,181.81,182.12,32272
5785,2023-02-02 10:15:00,182.12,182.5,181.47,181.87,29207
5786,2023-02-02 10:45:00,181.87,182.63,181.87,182.35,11759
5787,2023-02-02 11:15:00,182.35,182.63,182.1,182.2,29713
5788,2023-02-02 11:45:00,182.2,182.85,182.12,182.59,5644
5789,2023-02-02 12:15:00,182.59,182.6,181.8,181.9,19762
5790,2023-02-02 12:45:00,181.9,182.18,181.6,181.95,7925
5791,2023-02-02 13:15:00,181.89,181.93,181.37,181.68,22719
5792,2023-02-02 13:45:00,181.68,181.95,181.28,181.89,12680
5793,2023-02-02 14:15:00,181.88,182.46,181.79,182.38,10755
5794,2023-02-02 14:45:00,182.38,182.65,181.99,182.44,10747
5795,2023-02-02 15:15:00,182.41,185.79,182.22,182.74,18087
5796,2023-02-03 09:15:00,184.19,184.19,182.59,182.84,17066
5797,2023-02-03 09:45:00,182.84,183.19,182.65,183.19,33575
5798,2023-02-03 10:15:00,183.19,183.19,182.21,182.21,18285
5799,2023-02-03 10:45:00,182.21,182.95,182.2,182.65,21365
5800,2023-02-03 11:15:00,182.65,182.81,182.28,182.74,10569
5801,2023-02-03 11:45:00,182.74,183.0,182.69,182.98,6895
5802,2023-02-03 12:15:00,182.98,183.4,182.98,183.36,8945
5803,2023-02-03 12:45:00,183.23,183.54,183.13,183.31,13721
5804,2023-02-03 13:15:00,183.26,183.7,183.13,183.7,4083
5805,2023-02-03 13:45:00,183.7,183.95,183.43,183.65,15569
5806,2023-02-03 14:15:00,183.71,184.5,183.6,184.49,17606
5807,2023-02-03 14:45:00,184.49,184.75,184.34,184.62,7427
5808,2023-02-03 15:15:00,184.66,184.7,184.09,184.43,24737
5809,2023-02-06 09:15:00,185.1,185.2,183.4,184.17,45391
5810,2023-02-06 09:45:00,184.18,184.21,183.56,183.97,12719
5811,2023-02-06 10:15:00,183.97,184.01,183.2,183.53,15849
5812,2023-02-06 10:45:00,183.52,183.65,183.12,183.44,20958
5813,2023-02-06 11:15:00,183.4,183.75,183.1,183.67,18873
5814,2023-02-06 11:45:00,183.67,183.99,183.5,183.68,14901
5815,2023-02-06 12:15:00,183.66,183.87,183.5,183.73,11986
5816,2023-02-06 12:45:00,183.71,183.78,183.54,183.58,4913
5817,2023-02-06 13:15:00,183.58,184.0,183.56,184.0,25093
5818,2023-02-06 13:45:00,183.88,184.2,183.73,184.11,3166
5819,2023-02-06 14:15:00,184.11,184.19,183.8,183.95,5237
5820,2023-02-06 14:45:00,183.95,184.07,183.5,183.92,12178
5821,2023-02-06 15:15:00,183.92,184.03,183.59,183.95,131155
5822,2023-02-07 09:15:00,184.2,184.42,183.75,183.84,17115
5823,2023-02-07 09:45:00,183.8,184.05,183.62,183.83,22161
5824,2023-02-07 10:15:00,183.83,184.34,183.68,184.25,12610
5825,2023-02-07 10:45:00,184.25,184.25,183.85,184.11,14164
5826,2023-02-07 11:15:00,184.11,184.13,183.71,183.75,9577
5827,2023-02-07 11:45:00,183.71,183.87,183.61,183.61,3997
5828,2023-02-07 12:15:00,183.61,183.61,183.14,183.31,23149
5829,2023-02-07 12:45:00,183.3,183.35,182.84,182.97,21106
5830,2023-02-07 13:15:00,182.97,183.69,182.94,183.4,4332
5831,2023-02-07 13:45:00,183.4,183.74,183.38,183.65,3830
5832,2023-02-07 14:15:00,183.65,183.88,183.41,183.71,3903
5833,2023-02-07 14:45:00,183.89,184.0,183.42,183.58,5836
5834,2023-02-07 15:15:00,183.58,183.71,183.36,183.56,8651
5835,2023-02-08 09:15:00,183.94,184.54,183.81,184.45,24758
5836,2023-02-08 09:45:00,184.45,184.95,184.31,184.79,25025
5837,2023-02-08 10:15:00,184.79,184.79,184.3,184.44,2053
5838,2023-02-08 10:45:00,184.44,184.63,184.18,184.41,10059
5839,2023-02-08 11:15:00,184.41,184.95,184.41,184.9,10245
5840,2023-02-08 11:45:00,184.9,184.9,184.52,184.76,6483
5841,2023-02-08 12:15:00,184.76,184.78,184.48,184.65,2255
5842,2023-02-08 12:45:00,184.51,184.82,184.44,184.82,3001
5843,2023-02-08 13:15:00,184.75,184.95,184.53,184.7,11078
5844,2023-02-08 13:45:00,184.7,184.94,184.7,184.88,8832
5845,2023-02-08 14:15:00,184.88,184.95,184.82,184.9,1642
5846,2023-02-08 14:45:00,184.9,184.94,184.7,184.88,3860
5847,2023-02-08 15:15:00,184.88,184.95,184.7,184.76,4482
5848,2023-02-09 09:15:00,184.99,184.99,183.81,183.95,21927
5849,2023-02-09 09:45:00,183.95,184.94,183.95,184.74,21078
5850,2023-02-09 10:15:00,184.74,185.02,184.6,184.98,6472
5851,2023-02-09 10:45:00,184.98,185.03,184.66,185.03,14249
5852,2023-02-09 11:15:00,185.03,185.19,184.83,184.99,17349
5853,2023-02-09 11:45:00,184.99,185.09,184.7,184.75,15372
5854,2023-02-09 12:15:00,184.75,184.91,184.54,184.56,21350
5855,2023-02-09 12:45:00,184.69,184.75,184.51,184.69,2259
5856,2023-02-09 13:15:00,184.68,184.93,184.6,184.86,27363
5857,2023-02-09 13:45:00,184.86,185.39,184.86,185.28,30640
5858,2023-02-09 14:15:00,185.16,185.33,185.04,185.18,3034
5859,2023-02-09 14:45:00,185.18,185.3,185.05,185.16,10966
5860,2023-02-09 15:15:00,185.16,185.35,185.14,185.23,3068
5861,2023-02-10 09:15:00,185.34,185.34,184.2,184.35,17186
5862,2023-02-10 09:45:00,184.35,184.68,184.13,184.51,13851
5863,2023-02-10 10:15:00,184.51,184.64,184.17,184.6,10981
5864,2023-02-10 10:45:00,184.62,184.89,184.5,184.89,3771
5865,2023-02-10 11:15:00,184.89,184.95,184.61,184.61,35392
5866,2023-02-10 11:45:00,184.61,184.84,184.42,184.45,6363
5867,2023-02-10 12:15:00,184.45,184.68,184.45,184.61,41961
5868,2023-02-10 12:45:00,184.64,184.66,184.43,184.53,1531
5869,2023-02-10 13:15:00,184.53,184.69,184.4,184.69,8786
5870,2023-02-10 13:45:00,184.69,184.91,184.5,184.78,12029
5871,2023-02-10 14:15:00,184.78,184.9,184.67,184.74,26494
5872,2023-02-10 14:45:00,184.74,185.0,184.6,184.98,18771
5873,2023-02-10 15:15:00,184.98,184.99,184.7,184.82,17975
5874,2023-02-13 09:15:00,184.88,185.0,184.25,184.31,15438
5875,2023-02-13 09:45:00,184.31,184.64,183.63,183.89,24859
5876,2023-02-13 10:15:00,183.89,184.09,183.8,184.0,21212
5877,2023-02-13 10:45:00,184.0,184.41,183.91,184.2,12454
5878,2023-02-13 11:15:00,184.2,184.26,183.9,184.14,32968
5879,2023-02-13 11:45:00,184.14,184.23,183.81,183.97,6118
5880,2023-02-13 12:15:00,183.97,183.97,183.63,183.91,15538
5881,2023-02-13 12:45:00,183.86,184.13,183.7,184.08,3381
5882,2023-02-13 13:15:00,184.08,184.2,183.94,184.1,3203
5883,2023-02-13 13:45:00,184.1,184.25,183.94,184.06,2910
5884,2023-02-13 14:15:00,184.06,184.31,183.95,184.31,8180
5885,2023-02-13 14:45:00,184.31,184.39,184.0,184.1,8305
5886,2023-02-13 15:15:00,184.1,184.2,183.9,183.98,18433
5887,2023-02-14 09:15:00,184.65,184.73,184.27,184.47,13157
5888,2023-02-14 09:45:00,184.47,184.75,184.26,184.62,10178
5889,2023-02-14 10:15:00,184.62,184.85,184.61,184.82,8716
5890,2023-02-14 10:45:00,184.82,184.97,184.5,184.93,6560
5891,2023-02-14 11:15:00,184.93,184.99,184.73,184.97,10047
5892,2023-02-14 11:45:00,184.97,185.4,184.94,185.28,8715
5893,2023-02-14 12:15:00,185.28,185.47,185.24,185.45,8056
5894,2023-02-14 12:45:00,185.5,185.56,185.06,185.34,90898
5895,2023-02-14 13:15:00,185.24,185.47,185.2,185.2,15531
5896,2023-02-14 13:45:00,185.2,185.59,185.2,185.5,14263
5897,2023-02-14 14:15:00,185.5,185.5,185.4,185.4,2564
5898,2023-02-14 14:45:00,185.4,185.57,185.25,185.25,7236
5899,2023-02-14 15:15:00,185.25,185.49,185.25,185.41,2494
5900,2023-02-15 09:15:00,185.23,185.36,184.81,184.9,22795
5901,2023-02-15 09:45:00,184.9,185.51,184.9,185.51,5743
5902,2023-02-15 10:15:00,185.51,185.63,185.45,185.6,6820
5903,2023-02-15 10:45:00,185.6,185.81,185.45,185.81,6413
5904,2023-02-15 11:15:00,185.81,185.88,185.61,185.85,2907
5905,2023-02-15 11:45:00,185.85,185.85,185.5,185.65,4402
5906,2023-02-15 12:15:00,185.65,185.81,185.5,185.64,2895
5907,2023-02-15 12:45:00,185.8,185.84,185.62,185.63,598
5908,2023-02-15 13:15:00,185.65,185.84,185.5,185.51,6375
5909,2023-02-15 13:45:00,185.51,185.74,185.42,185.54,3601
5910,2023-02-15 14:15:00,185.54,185.99,185.54,185.98,12136
5911,2023-02-15 14:45:00,185.98,186.36,185.86,186.24,18595
5912,2023-02-15 15:15:00,186.24,186.5,186.24,186.31,15000
5913,2023-02-16 09:15:00,186.99,187.45,186.84,187.35,51214
5914,2023-02-16 09:45:00,187.36,187.65,187.21,187.3,36150
5915,2023-02-16 10:15:00,187.3,187.3,186.9,187.27,49528
5916,2023-02-16 10:45:00,187.27,187.37,187.15,187.33,8082
5917,2023-02-16 11:15:00,187.33,187.44,187.0,187.05,10256
5918,2023-02-16 11:45:00,187.05,187.05,186.94,187.04,9871
5919,2023-02-16 12:15:00,187.04,187.04,186.76,186.86,7610
5920,2023-02-16 12:45:00,186.85,186.94,186.7,186.85,4697
5921,2023-02-16 13:15:00,186.92,187.05,186.85,187.05,1209
5922,2023-02-16 13:45:00,187.05,187.1,186.71,186.79,2631
5923,2023-02-16 14:15:00,186.79,186.98,186.56,186.7,19169
5924,2023-02-16 14:45:00,186.7,186.91,186.41,186.64,8318
5925,2023-02-16 15:15:00,186.64,186.66,186.38,186.56,5586
5926,2023-02-17 09:15:00,186.3,186.51,185.73,186.37,71216
5927,2023-02-17 09:45:00,186.37,186.56,186.0,186.0,34744
5928,2023-02-17 10:15:00,186.1,186.25,185.75,186.18,7592
5929,2023-02-17 10:45:00,186.18,186.22,185.98,186.09,6692
5930,2023-02-17 11:15:00,186.09,186.18,185.86,186.0,11633
5931,2023-02-17 11:45:00,186.0,186.15,185.9,185.9,2466
5932,2023-02-17 12:15:00,185.9,185.96,185.6,185.71,8793
5933,2023-02-17 12:45:00,185.74,185.81,185.4,185.45,6717
5934,2023-02-17 13:15:00,185.47,185.63,185.1,185.2,8568
5935,2023-02-17 13:45:00,185.14,185.44,185.1,185.38,16810
5936,2023-02-17 14:15:00,185.38,185.66,185.2,185.4,5269
5937,2023-02-17 14:45:00,185.4,185.76,185.2,185.76,3439
5938,2023-02-17 15:15:00,185.66,185.79,185.6,185.71,16398
5939,2023-02-20 09:15:00,186.09,186.09,185.27,185.81,41035
5940,2023-02-20 09:45:00,185.99,186.1,185.83,185.93,11644
5941,2023-02-20 10:15:00,185.93,186.0,185.71,185.75,6785
5942,2023-02-20 10:45:00,185.75,185.99,185.75,185.98,5660
5943,2023-02-20 11:15:00,185.98,186.0,185.55,185.68,19822
5944,2023-02-20 11:45:00,185.68,185.8,185.55,185.55,13028
5945,2023-02-20 12:15:00,185.55,185.76,185.36,185.41,10635
5946,2023-02-20 12:45:00,185.35,185.57,185.25,185.49,2843
5947,2023-02-20 13:15:00,185.46,185.52,184.95,185.0,30850
5948,2023-02-20 13:45:00,185.0,185.14,184.82,184.82,5669
5949,2023-02-20 14:15:00,184.82,185.04,184.71,184.95,13884
5950,2023-02-20 14:45:00,184.95,185.06,184.75,184.98,12504
5951,2023-02-20 15:15:00,184.98,185.05,184.77,184.91,8644
5952,2023-02-21 09:15:00,185.19,185.35,184.87,185.16,6312
5953,2023-02-21 09:45:00,185.16,185.5,184.88,185.49,6128
5954,2023-02-21 10:15:00,185.54,185.63,185.4,185.4,5291
5955,2023-02-21 10:45:00,185.4,185.55,185.25,185.48,2510
5956,2023-02-21 11:15:00,185.48,185.55,185.1,185.14,10398
5957,2023-02-21 11:45:00,185.14,185.36,184.92,185.07,30990
5958,2023-02-21 12:15:00,185.07,185.1,184.66,184.75,5800
5959,2023-02-21 12:45:00,184.75,184.87,184.6,184.76,3399
5960,2023-02-21 13:15:00,184.76,184.9,184.75,184.87,1411
5961,2023-02-21 13:45:00,184.87,185.17,184.87,184.88,15899
5962,2023-02-21 14:15:00,184.88,184.97,184.41,184.57,9775
5963,2023-02-21 14:45:00,184.57,184.8,184.11,184.54,19806
5964,2023-02-21 15:15:00,184.54,184.8,184.41,184.6,7656
5965,2023-02-22 09:15:00,183.72,184.07,183.55,183.55,27095
5966,2023-02-22 09:45:00,183.55,183.62,182.51,182.9,1849254
5967,2023-02-22 10:15:00,182.9,182.9,182.63,182.77,52305
5968,2023-02-22 10:45:00,182.77,182.94,182.66,182.94,10766
5969,2023-02-22 11:15:00,182.94,183.0,182.74,182.78,22852
5970,2023-02-22 11:45:00,182.78,182.86,182.65,182.83,22516
5971,2023-02-22 12:15:00,182.83,182.85,182.44,182.5,57001
5972,2023-02-22 12:45:00,182.49,182.63,182.4,182.44,41373
5973,2023-02-22 13:15:00,182.4,182.48,181.93,181.95,36637
5974,2023-02-22 13:45:00,181.94,182.13,181.82,181.9,207646
5975,2023-02-22 14:15:00,181.86,182.36,181.75,182.26,70138
5976,2023-02-22 14:45:00,182.26,182.39,181.9,182.09,41947
5977,2023-02-22 15:15:00,182.09,182.2,181.88,181.99,23573
5978,2023-02-23 09:15:00,182.65,182.9,181.2,181.22,32742
5979,2023-02-23 09:45:00,181.21,182.62,181.05,182.33,48749
5980,2023-02-23 10:15:00,182.17,182.65,182.17,182.51,15216
5981,2023-02-23 10:45:00,182.45,182.5,181.9,182.26,24013
5982,2023-02-23 11:15:00,182.15,182.41,182.07,182.29,12001
5983,2023-02-23 11:45:00,182.29,182.3,181.89,182.02,10480
5984,2023-02-23 12:15:00,181.93,182.02,181.7,181.72,13011
5985,2023-02-23 12:45:00,181.72,182.2,181.61,182.03,4648
5986,2023-02-23 13:15:00,182.2,182.2,181.72,182.07,11031
5987,2023-02-23 13:45:00,182.07,182.31,182.05,182.17,5858
5988,2023-02-23 14:15:00,182.04,182.23,181.78,181.9,7407
5989,2023-02-23 14:45:00,181.92,182.13,181.34,181.52,136186
5990,2023-02-23 15:15:00,181.51,181.8,181.4,181.8,19022
5991,2023-02-24 09:15:00,182.15,182.38,181.63,181.81,13207
5992,2023-02-24 09:45:00,181.81,182.0,181.44,181.75,53562
5993,2023-02-24 10:15:00,181.75,181.89,181.6,181.89,18859
5994,2023-02-24 10:45:00,181.79,181.79,181.44,181.54,14378
5995,2023-02-24 11:15:00,181.54,181.77,181.44,181.48,69040
5996,2023-02-24 11:45:00,181.48,181.56,181.08,181.16,135540
5997,2023-02-24 12:15:00,181.16,181.18,180.99,181.02,43186
5998,2023-02-24 12:45:00,181.07,181.12,180.7,180.73,95787
5999,2023-02-24 13:15:00,180.73,181.04,180.69,181.04,9235
6000,2023-02-24 13:45:00,181.04,181.3,180.85,181.1,1413090
6001,2023-02-24 14:15:00,181.1,181.19,180.65,181.01,16965
6002,2023-02-24 14:45:00,181.06,181.21,180.78,181.21,16335
6003,2023-02-24 15:15:00,181.21,181.25,181.0,181.09,7814
6004,2023-02-27 09:15:00,181.5,181.5,180.02,180.47,50475
6005,2023-02-27 09:45:00,180.47,180.51,179.5,179.53,88460
6006,2023-02-27 10:15:00,179.53,179.78,179.45,179.66,112876
6007,2023-02-27 10:45:00,179.66,180.17,179.5,180.17,55736
6008,2023-02-27 11:15:00,180.17,180.28,179.82,180.17,22019
6009,2023-02-27 11:45:00,180.18,180.36,179.56,179.56,23668
6010,2023-02-27 12:15:00,179.6,179.88,179.5,179.76,227290
6011,2023-02-27 12:45:00,179.76,179.92,179.53,179.6,383302
6012,2023-02-27 13:15:00,179.6,179.87,179.5,179.78,271212
6013,2023-02-27 13:45:00,179.78,180.18,179.71,180.0,8605
6014,2023-02-27 14:15:00,180.0,180.09,179.7,180.01,45397
6015,2023-02-27 14:45:00,179.95,180.49,179.79,180.49,477289
6016,2023-02-27 15:15:00,180.49,180.6,180.35,180.4,47080
6017,2023-02-28 09:15:00,180.86,180.86,180.0,180.6,11621
6018,2023-02-28 09:45:00,180.6,180.76,180.05,180.21,37932
6019,2023-02-28 10:15:00,180.21,180.59,180.0,180.1,23037
6020,2023-02-28 10:45:00,180.05,180.23,179.85,180.17,14142
6021,2023-02-28 11:15:00,180.18,180.23,179.85,179.88,44519
6022,2023-02-28 11:45:00,179.88,180.26,179.85,180.26,24063
6023,2023-02-28 12:15:00,180.26,180.48,180.0,180.0,13550
6024,2023-02-28 12:45:00,180.0,180.09,179.85,179.92,16207
6025,2023-02-28 13:15:00,179.92,180.0,179.7,179.72,19023
6026,2023-02-28 13:45:00,179.72,179.76,178.95,179.0,100185
6027,2023-02-28 14:15:00,179.02,179.56,179.02,179.14,437381
6028,2023-02-28 14:45:00,179.14,179.75,179.14,179.63,699402
6029,2023-02-28 15:15:00,179.63,179.67,179.4,179.41,19829
6030,2023-03-01 09:15:00,180.4,180.49,180.04,180.4,19604
6031,2023-03-01 09:45:00,180.4,180.6,180.21,180.4,21673
6032,2023-03-01 10:15:00,180.49,180.64,180.34,180.6,8538
6033,2023-03-01 10:45:00,180.6,180.61,180.39,180.56,9025
6034,2023-03-01 11:15:00,180.56,180.76,180.5,180.69,15529
6035,2023-03-01 11:45:00,180.69,180.69,180.39,180.49,13254
6036,2023-03-01 12:15:00,180.49,180.56,180.3,180.3,149164
6037,2023-03-01 12:45:00,180.31,180.65,180.28,180.43,4326
6038,2023-03-01 13:15:00,180.45,180.54,180.3,180.53,8828
6039,2023-03-01 13:45:00,180.53,180.74,180.35,180.74,5804
6040,2023-03-01 14:15:00,180.74,180.92,180.58,180.91,3597
6041,2023-03-01 14:45:00,180.91,180.97,180.75,180.85,21036
6042,2023-03-01 15:15:00,180.85,181.0,180.81,180.87,23279
6043,2023-03-02 09:15:00,180.87,180.87,180.1,180.32,16400
6044,2023-03-02 09:45:00,180.35,180.38,179.88,180.05,51096
6045,2023-03-02 10:15:00,180.05,180.36,179.9,180.32,8015
6046,2023-03-02 10:45:00,180.32,180.38,179.9,180.18,13519
6047,2023-03-02 11:15:00,180.18,180.24,180.03,180.23,26011
6048,2023-03-02 11:45:00,180.23,180.39,180.17,180.35,3875
6049,2023-03-02 12:15:00,180.35,180.35,180.12,180.25,10489
6050,2023-03-02 12:45:00,180.21,180.3,179.95,179.95,8089
6051,2023-03-02 13:15:00,180.02,180.1,179.6,179.6,20796
6052,2023-03-02 13:45:00,179.6,179.81,179.45,179.81,38662
6053,2023-03-02 14:15:00,179.61,179.84,179.59,179.73,7198
6054,2023-03-02 14:45:00,179.73,179.79,179.55,179.73,14606
6055,2023-03-02 15:15:00,179.73,179.73,179.52,179.65,21795
6056,2023-03-03 09:15:00,180.6,180.99,180.37,180.73,232324
6057,2023-03-03 09:45:00,180.73,181.25,180.73,181.25,23347
6058,2023-03-03 10:15:00,181.25,181.5,181.25,181.49,15057
6059,2023-03-03 10:45:00,181.49,181.7,181.44,181.46,9875
6060,2023-03-03 11:15:00,181.46,181.9,181.46,181.9,14950
6061,2023-03-03 11:45:00,181.9,181.9,181.63,181.83,6915
6062,2023-03-03 12:15:00,181.71,181.87,181.5,181.55,28370
6063,2023-03-03 12:45:00,181.56,181.82,181.53,181.74,13242
6064,2023-03-03 13:15:00,181.66,182.1,181.66,182.1,22562
6065,2023-03-03 13:45:00,182.13,182.25,181.99,182.21,11786
6066,2023-03-03 14:15:00,182.21,182.5,182.11,182.45,45130
6067,2023-03-03 14:45:00,182.25,182.65,182.02,182.07,23283
6068,2023-03-03 15:15:00,182.07,182.15,182.0,182.09,16920
6069,2023-03-06 09:15:00,183.11,183.75,183.0,183.75,69085
6070,2023-03-06 09:45:00,183.56,183.79,183.54,183.78,17518
6071,2023-03-06 10:15:00,183.79,183.9,183.71,183.9,23867
6072,2023-03-06 10:45:00,183.92,183.95,183.55,183.84,13438
6073,2023-03-06 11:15:00,183.84,183.89,183.46,183.89,15262
6074,2023-03-06 11:45:00,183.89,183.91,183.56,183.86,6791
6075,2023-03-06 12:15:00,183.86,183.91,183.41,183.67,12840
6076,2023-03-06 12:45:00,183.75,183.75,183.33,183.72,14294
6077,2023-03-06 13:15:00,183.72,183.72,183.09,183.36,3609
6078,2023-03-06 13:45:00,183.36,183.42,183.06,183.14,10424
6079,2023-03-06 14:15:00,183.14,183.47,183.14,183.36,8587
6080,2023-03-06 14:45:00,183.36,183.36,183.01,183.19,5623
6081,2023-03-06 15:15:00,183.19,183.24,182.97,183.09,15594
6082,2023-03-08 09:15:00,182.73,183.44,181.95,182.53,34101
6083,2023-03-08 09:45:00,182.53,182.97,182.37,182.94,25292
6084,2023-03-08 10:15:00,182.94,183.0,182.78,182.91,8921
6085,2023-03-08 10:45:00,182.91,183.0,182.74,182.76,5522
6086,2023-03-08 11:15:00,182.76,182.93,182.51,182.65,17793
6087,2023-03-08 11:45:00,182.65,182.65,182.32,182.43,12731
6088,2023-03-08 12:15:00,182.43,182.75,182.38,182.71,2868
6089,2023-03-08 12:45:00,182.71,182.85,182.6,182.71,3025
6090,2023-03-08 13:15:00,182.82,182.94,182.8,182.89,2940
6091,2023-03-08 13:45:00,182.89,183.22,182.82,183.04,5279
6092,2023-03-08 14:15:00,183.04,183.28,182.98,183.09,4692
6093,2023-03-08 14:45:00,183.09,183.55,182.98,183.51,15369
6094,2023-03-08 15:15:00,183.51,183.59,183.32,183.45,37626
6095,2023-03-09 09:15:00,183.56,183.65,183.0,183.16,12453
6096,2023-03-09 09:45:00,183.16,183.2,182.55,182.61,41267
6097,2023-03-09 10:15:00,182.61,182.98,182.54,182.84,19742
6098,2023-03-09 10:45:00,182.84,183.05,182.76,183.02,3347
6099,2023-03-09 11:15:00,183.02,183.32,183.0,183.25,7292
6100,2023-03-09 11:45:00,183.25,183.25,182.76,182.85,20314
6101,2023-03-09 12:15:00,182.85,182.85,182.31,182.61,25297
6102,2023-03-09 12:45:00,182.56,182.65,182.4,182.59,4523
6103,2023-03-09 13:15:00,182.56,182.59,182.24,182.24,10387
6104,2023-03-09 13:45:00,182.24,182.39,182.2,182.33,7836
6105,2023-03-09 14:15:00,182.33,182.4,182.1,182.23,8481
6106,2023-03-09 14:45:00,182.23,182.33,182.08,182.08,26703
6107,2023-03-09 15:15:00,182.07,182.16,182.0,182.16,14701
6108,2023-03-10 09:15:00,180.39,180.46,179.58,179.64,91433
6109,2023-03-10 09:45:00,179.55,180.3,179.52,180.23,61414
6110,2023-03-10 10:15:00,180.23,180.57,180.0,180.44,12971
6111,2023-03-10 10:45:00,180.44,180.6,180.26,180.59,19716
6112,2023-03-10 11:15:00,180.59,180.75,180.3,180.48,15569
6113,2023-03-10 11:45:00,180.48,180.56,180.3,180.3,29767
6114,2023-03-10 12:15:00,180.3,180.45,180.0,180.45,20200
6115,2023-03-10 12:45:00,180.45,180.69,180.19,180.63,4789
6116,2023-03-10 13:15:00,180.62,180.62,180.21,180.31,27410
6117,2023-03-10 13:45:00,180.31,180.47,180.0,180.43,18855
6118,2023-03-10 14:15:00,180.43,180.44,180.19,180.28,225293
6119,2023-03-10 14:45:00,180.28,180.62,180.08,180.55,157283
6120,2023-03-10 15:15:00,180.55,180.66,180.29,180.55,30125
6121,2023-03-13 09:15:00,180.54,181.53,180.13,180.59,54779
6122,2023-03-13 09:45:00,180.42,180.83,180.31,180.68,13882
6123,2023-03-13 10:15:00,180.7,180.97,180.46,180.61,9858
6124,2023-03-13 10:45:00,180.61,180.71,180.1,180.27,8526
6125,2023-03-13 11:15:00,180.27,180.39,179.8,179.99,22214
6126,2023-03-13 11:45:00,179.98,180.02,179.63,179.8,12089
6127,2023-03-13 12:15:00,179.8,179.94,179.25,179.3,16981
6128,2023-03-13 12:45:00,179.25,179.34,178.9,179.11,40935
6129,2023-03-13 13:15:00,179.14,179.34,178.45,178.65,91354
6130,2023-03-13 13:45:00,178.65,178.79,178.24,178.24,155155
6131,2023-03-13 14:15:00,178.26,178.31,177.46,177.84,95423
6132,2023-03-13 14:45:00,177.84,178.03,177.49,177.8,82844
6133,2023-03-13 15:15:00,177.81,179.05,177.74,177.84,38947
6134,2023-03-14 09:15:00,178.24,178.62,177.44,177.99,67988
6135,2023-03-14 09:45:00,177.99,178.28,177.6,177.6,26539
6136,2023-03-14 10:15:00,177.6,177.6,176.91,177.33,49808
6137,2023-03-14 10:45:00,177.33,177.57,176.8,176.86,43806
6138,2023-03-14 11:15:00,176.86,177.15,176.7,177.07,69967
6139,2023-03-14 11:45:00,177.07,177.09,176.71,177.03,34136
6140,2023-03-14 12:15:00,177.03,178.18,176.9,177.38,21202
6141,2023-03-14 12:45:00,177.35,177.36,176.59,176.71,38314
6142,2023-03-14 13:15:00,176.64,176.93,176.35,176.69,48520
6143,2023-03-14 13:45:00,176.69,176.83,176.29,176.46,70154
6144,2023-03-14 14:15:00,176.45,177.09,176.26,176.74,24027
6145,2023-03-14 14:45:00,176.78,177.03,176.44,176.91,26227
6146,2023-03-14 15:15:00,176.53,177.03,176.53,176.87,10036
6147,2023-03-15 09:15:00,178.28,178.35,177.44,177.63,109813
6148,2023-03-15 09:45:00,177.63,177.95,177.52,177.76,25902
6149,2023-03-15 10:15:00,177.85,178.0,177.48,177.55,32283
6150,2023-03-15 10:45:00,177.55,177.61,177.3,177.43,19297
6151,2023-03-15 11:15:00,177.43,177.9,177.43,177.8,7927
6152,2023-03-15 11:45:00,177.8,177.8,177.27,177.29,28592
6153,2023-03-15 12:15:00,177.29,177.41,177.07,177.28,52101
6154,2023-03-15 12:45:00,177.28,177.3,176.69,176.8,89941
6155,2023-03-15 13:15:00,176.8,177.06,176.6,177.06,22644
6156,2023-03-15 13:45:00,177.06,177.07,176.54,176.74,21571
6157,2023-03-15 14:15:00,176.74,176.93,176.45,176.45,66748
6158,2023-03-15 14:45:00,176.45,176.6,175.89,175.98,131922
6159,2023-03-15 15:15:00,176.03,176.09,175.61,176.05,31953
6160,2023-03-16 09:15:00,175.88,175.99,174.93,174.98,125251
6161,2023-03-16 09:45:00,174.98,175.18,174.71,175.09,114642
6162,2023-03-16 10:15:00,175.08,176.35,175.0,176.22,19727
6163,2023-03-16 10:45:00,176.22,176.6,175.96,176.44,18447
6164,2023-03-16 11:15:00,176.44,176.65,175.91,176.17,20317
6165,2023-03-16 11:45:00,176.17,176.17,175.63,175.63,9575
6166,2023-03-16 12:15:00,175.63,175.7,175.35,175.53,23624
6167,2023-03-16 12:45:00,175.5,175.94,175.5,175.87,21889
6168,2023-03-16 13:15:00,175.87,176.13,175.72,175.93,8679
6169,2023-03-16 13:45:00,175.93,176.5,175.6,176.45,9957
6170,2023-03-16 14:15:00,176.45,176.7,176.4,176.62,68571
6171,2023-03-16 14:45:00,176.62,176.64,175.8,176.04,30847
6172,2023-03-16 15:15:00,176.04,176.44,176.0,176.09,51533
6173,2023-03-17 09:15:00,177.43,177.65,176.85,176.9,44950
6174,2023-03-17 09:45:00,176.9,177.1,176.67,177.01,8111
6175,2023-03-17 10:15:00,177.01,177.15,176.75,176.87,18819
6176,2023-03-17 10:45:00,176.87,176.89,176.5,176.5,30302
6177,2023-03-17 11:15:00,176.5,176.61,176.04,176.2,40670
6178,2023-03-17 11:45:00,176.2,176.79,176.02,176.02,21868
6179,2023-03-17 12:15:00,176.02,176.1,175.75,175.99,19069
6180,2023-03-17 12:45:00,176.1,176.29,175.76,176.1,25574
6181,2023-03-17 13:15:00,176.03,176.42,175.95,176.11,6601
6182,2023-03-17 13:45:00,176.11,176.99,176.11,176.71,24769
6183,2023-03-17 14:15:00,176.74,176.99,176.33,176.8,13908
6184,2023-03-17 14:45:00,176.8,177.45,176.54,177.24,23174
6185,2023-03-17 15:15:00,177.26,177.45,177.0,177.24,19310
6186,2023-03-20 09:15:00,177.37,177.38,175.5,175.78,55721
6187,2023-03-20 09:45:00,175.7,175.88,175.21,175.3,145858
6188,2023-03-20 10:15:00,175.34,175.42,174.85,175.31,66840
6189,2023-03-20 10:45:00,175.31,175.81,175.0,175.61,45006
6190,2023-03-20 11:15:00,175.61,175.7,175.2,175.36,171688
6191,2023-03-20 11:45:00,175.36,175.49,174.84,174.89,27992
6192,2023-03-20 12:15:00,174.89,175.02,174.51,175.02,39136
6193,2023-03-20 12:45:00,175.0,175.05,174.41,174.86,30776
6194,2023-03-20 13:15:00,174.86,175.19,174.54,174.75,34549
6195,2023-03-20 13:45:00,174.8,175.13,174.68,175.01,15663
6196,2023-03-20 14:15:00,175.1,175.6,174.97,175.5,38166
6197,2023-03-20 14:45:00,175.5,176.13,175.39,176.13,44235
6198,2023-03-20 15:15:00,176.1,176.5,176.06,176.5,47742
6199,2023-03-21 09:15:00,177.05,177.05,176.47,176.63,49410
6200,2023-03-21 09:45:00,176.63,176.85,176.38,176.84,8950
6201,2023-03-21 10:15:00,176.84,177.0,176.7,176.83,15186
6202,2023-03-21 10:45:00,176.83,176.92,176.67,176.9,15477
6203,2023-03-21 11:15:00,176.9,177.0,176.7,176.83,12217
6204,2023-03-21 11:45:00,176.83,176.83,176.34,176.59,106282
6205,2023-03-21 12:15:00,176.59,176.77,176.41,176.7,20525
6206,2023-03-21 12:45:00,176.7,177.1,176.7,177.08,7460
6207,2023-03-21 13:15:00,177.1,177.28,176.87,176.87,12283
6208,2023-03-21 13:45:00,176.87,177.31,176.87,177.14,8214
6209,2023-03-21 14:15:00,177.14,177.38,177.0,177.38,72234
6210,2023-03-21 14:45:00,177.38,177.48,177.22,177.3,11435
6211,2023-03-21 15:15:00,177.3,177.46,177.12,177.3,5592
6212,2023-03-22 09:15:00,178.3,178.3,177.65,177.73,29518
6213,2023-03-22 09:45:00,177.73,178.0,177.61,177.75,11817
6214,2023-03-22 10:15:00,177.75,177.79,177.5,177.51,13638
6215,2023-03-22 10:45:00,177.51,177.69,177.3,177.53,5547
6216,2023-03-22 11:15:00,177.53,177.7,177.4,177.7,3988
6217,2023-03-22 11:45:00,177.7,177.75,177.52,177.62,8121
6218,2023-03-22 12:15:00,177.62,177.9,177.51,177.51,9129
6219,2023-03-22 12:45:00,177.58,177.7,177.51,177.55,1427
6220,2023-03-22 13:15:00,177.56,177.65,177.36,177.5,14438
6221,2023-03-22 13:45:00,177.5,177.67,177.39,177.6,3876
6222,2023-03-22 14:15:00,177.6,177.6,177.34,177.41,4952
6223,2023-03-22 14:45:00,177.41,177.75,177.3,177.74,12623
6224,2023-03-22 15:15:00,177.74,177.84,177.6,177.64,4827
6225,2023-03-23 09:15:00,176.85,177.15,176.61,176.86,14563
6226,2023-03-23 09:45:00,176.86,177.63,176.86,177.45,13261
6227,2023-03-23 10:15:00,177.45,177.79,177.45,177.55,7589
6228,2023-03-23 10:45:00,177.55,177.65,177.02,177.41,103869
6229,2023-03-23 11:15:00,177.4,177.59,177.23,177.55,13945
6230,2023-03-23 11:45:00,177.55,177.59,177.45,177.59,3665
6231,2023-03-23 12:15:00,177.59,177.95,177.52,177.92,7515
6232,2023-03-23 12:45:00,177.92,177.99,177.6,177.6,34983
6233,2023-03-23 13:15:00,177.61,177.93,177.56,177.67,5905
6234,2023-03-23 13:45:00,177.67,177.83,177.29,177.29,1717
6235,2023-03-23 14:15:00,177.26,177.3,176.83,176.93,15417
6236,2023-03-23 14:45:00,176.94,177.13,176.49,176.68,48365
6237,2023-03-23 15:15:00,176.68,176.78,176.5,176.73,8268
6238,2023-03-24 09:15:00,176.98,176.98,176.0,176.44,25138
6239,2023-03-24 09:45:00,176.45,176.83,176.21,176.73,8132
6240,2023-03-24 10:15:00,176.73,176.99,176.2,176.33,14005
6241,2023-03-24 10:45:00,176.33,176.69,176.22,176.67,7626
6242,2023-03-24 11:15:00,176.67,176.77,176.44,176.77,14809
6243,2023-03-24 11:45:00,176.77,176.98,176.64,176.84,4466
6244,2023-03-24 12:15:00,176.84,177.0,176.45,176.7,12177
6245,2023-03-24 12:45:00,176.61,176.87,176.45,176.87,44263
6246,2023-03-24 13:15:00,176.85,176.93,176.25,176.26,10492
6247,2023-03-24 13:45:00,176.26,176.45,176.15,176.4,42074
6248,2023-03-24 14:15:00,176.4,176.41,175.85,176.1,33745
6249,2023-03-24 14:45:00,176.1,176.17,175.69,175.69,51447
6250,2023-03-24 15:15:00,175.69,175.77,175.31,175.57,34582
6251,2023-03-27 09:15:00,176.09,176.46,175.48,176.38,31549
6252,2023-03-27 09:45:00,176.38,176.46,176.1,176.42,27187
6253,2023-03-27 10:15:00,176.42,176.51,175.97,175.97,21843
6254,2023-03-27 10:45:00,175.97,176.24,175.8,176.0,17259
6255,2023-03-27 11:15:00,176.12,176.4,175.91,176.39,32462
6256,2023-03-27 11:45:00,176.39,176.65,176.23,176.41,10533
6257,2023-03-27 12:15:00,176.41,176.74,176.4,176.72,106370
6258,2023-03-27 12:45:00,176.73,176.74,176.32,176.32,60813
6259,2023-03-27 13:15:00,176.3,176.3,175.9,176.11,23622
6260,2023-03-27 13:45:00,176.11,176.63,176.11,176.56,120156
6261,2023-03-27 14:15:00,176.56,177.08,176.53,176.9,55141
6262,2023-03-27 14:45:00,176.82,176.96,175.95,176.01,86019
6263,2023-03-27 15:15:00,176.01,176.06,175.72,176.0,36184
6264,2023-03-28 09:15:00,179.5,179.5,176.0,176.1,25874
6265,2023-03-28 09:45:00,176.03,176.17,175.71,176.11,13220
6266,2023-03-28 10:15:00,176.11,176.19,175.41,175.72,41929
6267,2023-03-28 10:45:00,175.69,175.76,175.45,175.54,15588
6268,2023-03-28 11:15:00,175.54,175.95,175.54,175.93,11556
6269,2023-03-28 11:45:00,175.94,176.0,175.54,175.54,11536
6270,2023-03-28 12:15:00,175.54,175.9,175.54,175.76,33726
6271,2023-03-28 12:45:00,175.7,175.89,175.7,175.82,11776
6272,2023-03-28 13:15:00,175.82,175.94,175.54,175.76,11148
6273,2023-03-28 13:45:00,175.76,175.76,175.24,175.27,16437
6274,2023-03-28 14:15:00,175.27,175.58,175.06,175.44,39097
6275,2023-03-28 14:45:00,175.44,175.78,175.4,175.59,8069
6276,2023-03-28 15:15:00,175.59,175.72,175.52,175.6,9301
6277,2023-03-29 09:15:00,175.72,176.16,175.71,176.05,17042
6278,2023-03-29 09:45:00,176.05,176.3,176.0,176.22,8223
6279,2023-03-29 10:15:00,176.22,176.69,176.1,176.29,21759
6280,2023-03-29 10:45:00,176.29,176.41,175.71,175.86,8700
6281,2023-03-29 11:15:00,175.86,175.98,175.52,175.6,20501
6282,2023-03-29 11:45:00,175.6,175.87,175.51,175.6,45460
6283,2023-03-29 12:15:00,175.6,175.8,175.55,175.75,5069
6284,2023-03-29 12:45:00,175.75,175.95,175.71,175.94,8382
6285,2023-03-29 13:15:00,175.94,176.15,175.81,176.09,3968
6286,2023-03-29 13:45:00,176.09,176.45,176.0,176.45,6021
6287,2023-03-29 14:15:00,176.45,176.6,176.1,176.14,13507
6288,2023-03-29 14:45:00,176.27,177.1,176.18,177.1,61265
6289,2023-03-29 15:15:00,177.1,177.2,176.86,176.86,10685
6290,2023-03-31 09:15:00,177.37,178.69,177.37,178.58,70700
6291,2023-03-31 09:45:00,178.58,178.6,178.35,178.41,15055
6292,2023-03-31 10:15:00,178.43,178.5,178.16,178.24,16268
6293,2023-03-31 10:45:00,178.24,178.47,178.09,178.37,8740
6294,2023-03-31 11:15:00,178.37,178.74,178.21,178.72,10493
6295,2023-03-31 11:45:00,178.72,178.75,178.5,178.7,6001
6296,2023-03-31 12:15:00,178.7,178.91,178.44,178.87,9612
6297,2023-03-31 12:45:00,178.88,179.0,178.85,178.85,7404
6298,2023-03-31 13:15:00,178.85,179.15,178.85,179.1,18387
6299,2023-03-31 13:45:00,179.1,179.43,179.1,179.39,20949
6300,2023-03-31 14:15:00,179.39,179.5,179.21,179.47,21809
6301,2023-03-31 14:45:00,179.47,179.59,179.35,179.5,11935
6302,2023-03-31 15:15:00,179.51,179.6,179.39,179.49,21560
6303,2023-04-03 09:15:00,179.55,180.08,179.2,179.53,36192
6304,2023-04-03 09:45:00,179.53,179.84,179.52,179.67,14938
6305,2023-04-03 10:15:00,179.77,179.89,179.21,179.43,25982
6306,2023-04-03 10:45:00,179.43,179.57,179.2,179.35,16429
6307,2023-04-03 11:15:00,179.35,179.53,179.09,179.53,22848
6308,2023-04-03 11:45:00,179.53,179.87,179.22,179.62,9082
6309,2023-04-03 12:15:00,179.62,179.88,179.53,179.57,10304
6310,2023-04-03 12:45:00,179.77,179.82,179.56,179.79,3592
6311,2023-04-03 13:15:00,179.65,179.83,179.56,179.71,5045
6312,2023-04-03 13:45:00,179.71,179.98,179.61,179.98,5613
6313,2023-04-03 14:15:00,179.98,180.0,179.75,180.0,16787
6314,2023-04-03 14:45:00,180.0,180.23,179.9,180.15,14255
6315,2023-04-03 15:15:00,180.17,180.35,180.17,180.23,9468
6316,2023-04-05 09:15:00,180.95,180.95,180.3,180.64,25346
6317,2023-04-05 09:45:00,180.64,181.0,180.55,180.93,17511
6318,2023-04-05 10:15:00,180.79,181.1,180.63,181.03,13000
6319,2023-04-05 10:45:00,181.04,181.04,180.63,180.8,6697
6320,2023-04-05 11:15:00,180.8,181.0,180.74,180.82,15967
6321,2023-04-05 11:45:00,180.82,181.13,180.81,181.05,11379
6322,2023-04-05 12:15:00,181.07,181.19,180.93,181.13,6425
6323,2023-04-05 12:45:00,181.13,181.5,181.13,181.44,13321
6324,2023-04-05 13:15:00,181.39,181.47,181.17,181.38,6337
6325,2023-04-05 13:45:00,181.38,181.42,181.16,181.4,5868
6326,2023-04-05 14:15:00,181.4,181.48,181.25,181.46,16882
6327,2023-04-05 14:45:00,181.48,181.7,181.31,181.65,14411
6328,2023-04-05 15:15:00,181.7,181.9,181.6,181.71,17830
6329,2023-04-06 09:15:00,181.53,181.54,181.22,181.45,12171
6330,2023-04-06 09:45:00,181.45,182.19,181.27,182.17,18930
6331,2023-04-06 10:15:00,182.17,182.34,181.88,182.31,13738
6332,2023-04-06 10:45:00,182.31,182.46,182.21,182.44,20093
6333,2023-04-06 11:15:00,182.33,182.56,182.03,182.32,12331
6334,2023-04-06 11:45:00,182.28,182.42,182.21,182.22,4186
6335,2023-04-06 12:15:00,182.22,182.5,182.22,182.48,10363
6336,2023-04-06 12:45:00,182.42,182.7,182.38,182.51,9459
6337,2023-04-06 13:15:00,182.51,182.51,182.01,182.01,8102
6338,2023-04-06 13:45:00,182.01,182.11,181.82,182.04,19437
6339,2023-04-06 14:15:00,182.04,182.4,182.0,182.37,14340
6340,2023-04-06 14:45:00,182.37,182.46,182.17,182.22,18045
6341,2023-04-06 15:15:00,182.22,182.49,182.21,182.33,15268
6342,2023-04-10 09:15:00,182.21,182.84,182.1,182.6,30396
6343,2023-04-10 09:45:00,182.6,182.76,182.41,182.59,20886
6344,2023-04-10 10:15:00,182.59,182.6,182.21,182.33,13537
6345,2023-04-10 10:45:00,182.33,182.56,182.22,182.54,12509
6346,2023-04-10 11:15:00,182.54,182.7,182.39,182.7,10875
6347,2023-04-10 11:45:00,182.69,182.88,182.65,182.85,11731
6348,2023-04-10 12:15:00,182.85,182.89,182.76,182.89,6204
6349,2023-04-10 12:45:00,182.88,182.99,182.84,182.84,7243
6350,2023-04-10 13:15:00,182.88,182.89,182.75,182.82,9337
6351,2023-04-10 13:45:00,182.82,182.86,182.5,182.5,54553
6352,2023-04-10 14:15:00,182.5,182.5,182.0,182.26,8392
6353,2023-04-10 14:45:00,182.26,182.61,182.26,182.4,10251
6354,2023-04-10 15:15:00,182.4,182.5,182.2,182.38,14487
6355,2023-04-11 09:15:00,182.41,183.21,182.41,183.09,23673
6356,2023-04-11 09:45:00,183.07,183.48,183.01,183.31,28594
6357,2023-04-11 10:15:00,183.36,183.4,183.0,183.14,19623
6358,2023-04-11 10:45:00,183.14,183.26,182.97,183.03,6020
6359,2023-04-11 11:15:00,183.03,183.14,182.67,182.67,13595
6360,2023-04-11 11:45:00,182.67,182.87,182.65,182.75,3091
6361,2023-04-11 12:15:00,182.75,182.84,182.6,182.84,8314
6362,2023-04-11 12:45:00,182.84,182.85,182.7,182.75,15236
6363,2023-04-11 13:15:00,182.75,182.9,182.7,182.9,3017
6364,2023-04-11 13:45:00,182.9,183.3,182.87,183.18,8423
6365,2023-04-11 14:15:00,183.18,183.19,182.91,183.16,13296
6366,2023-04-11 14:45:00,183.16,183.29,183.05,183.23,21915
6367,2023-04-11 15:15:00,183.23,183.4,183.07,183.22,8692
6368,2023-04-12 09:15:00,183.3,183.65,183.15,183.43,36152
6369,2023-04-12 09:45:00,183.43,183.63,183.31,183.5,34672
6370,2023-04-12 10:15:00,183.52,183.52,183.22,183.3,4023
6371,2023-04-12 10:45:00,183.3,183.5,183.26,183.44,16411
6372,2023-04-12 11:15:00,183.47,183.74,183.47,183.67,23411
6373,2023-04-12 11:45:00,183.67,183.71,183.4,183.54,4571
6374,2023-04-12 12:15:00,183.54,183.64,183.43,183.64,4511
6375,2023-04-12 12:45:00,183.54,183.76,183.54,183.76,14463
6376,2023-04-12 13:15:00,183.71,184.02,183.71,183.95,61429
6377,2023-04-12 13:45:00,183.95,183.98,183.79,183.86,5613
6378,2023-04-12 14:15:00,183.86,183.94,183.72,183.87,3709
6379,2023-04-12 14:45:00,183.87,183.99,183.6,183.99,11825
6380,2023-04-12 15:15:00,183.99,184.09,183.9,183.95,20963
6381,2023-04-13 09:15:00,184.5,184.5,183.66,184.0,18519
6382,2023-04-13 09:45:00,184.0,184.17,183.7,183.91,17128
6383,2023-04-13 10:15:00,183.91,184.0,183.71,183.9,173849
6384,2023-04-13 10:45:00,183.9,183.95,183.26,183.49,25148
6385,2023-04-13 11:15:00,183.49,183.59,183.26,183.55,11371
6386,2023-04-13 11:45:00,183.55,183.69,183.5,183.5,17965
6387,2023-04-13 12:15:00,183.5,183.62,183.25,183.5,22288
6388,2023-04-13 12:45:00,183.6,183.79,183.44,183.44,82111
6389,2023-04-13 13:15:00,183.6,183.71,183.45,183.7,2642
6390,2023-04-13 13:45:00,183.7,183.84,183.66,183.81,35881
6391,2023-04-13 14:15:00,183.81,183.99,183.77,183.9,9054
6392,2023-04-13 14:45:00,183.9,184.33,183.84,184.18,125144
6393,2023-04-13 15:15:00,184.18,184.36,184.07,184.15,63590
6394,2023-04-17 09:15:00,184.15,184.15,182.53,182.74,296536
6395,2023-04-17 09:45:00,182.59,182.78,182.17,182.23,476772
6396,2023-04-17 10:15:00,182.23,182.76,182.23,182.7,46997
6397,2023-04-17 10:45:00,182.7,182.95,182.58,182.74,45568
6398,2023-04-17 11:15:00,182.74,182.91,182.6,182.9,67392
6399,2023-04-17 11:45:00,182.9,182.95,182.7,182.81,33459
6400,2023-04-17 12:15:00,182.81,183.24,182.72,183.05,9848
6401,2023-04-17 12:45:00,183.04,183.24,182.81,182.85,9189
6402,2023-04-17 13:15:00,182.86,183.15,182.77,183.02,8419
6403,2023-04-17 13:45:00,183.02,183.19,182.95,183.02,18672
6404,2023-04-17 14:15:00,183.02,183.38,183.02,183.23,3409
6405,2023-04-17 14:45:00,183.23,183.45,183.14,183.44,19496
6406,2023-04-17 15:15:00,183.44,183.44,183.06,183.24,28446
6407,2023-04-18 09:15:00,183.91,183.91,183.2,183.34,38227
6408,2023-04-18 09:45:00,183.2,183.2,182.7,182.8,27676
6409,2023-04-18 10:15:00,182.8,183.1,182.64,183.05,126043
6410,2023-04-18 10:45:00,183.05,183.1,182.8,182.95,43541
6411,2023-04-18 11:15:00,182.86,183.08,182.78,182.78,29772
6412,2023-04-18 11:45:00,182.78,183.0,182.69,182.95,7267
6413,2023-04-18 12:15:00,182.95,183.19,182.88,183.13,12055
6414,2023-04-18 12:45:00,183.14,183.33,183.0,183.23,5745
6415,2023-04-18 13:15:00,183.12,183.21,182.58,182.68,159124
6416,2023-04-18 13:45:00,182.68,182.81,182.52,182.8,147383
6417,2023-04-18 14:15:00,182.8,182.88,182.7,182.77,16211
6418,2023-04-18 14:45:00,182.77,183.1,182.77,183.0,3616
6419,2023-04-18 15:15:00,183.0,183.0,182.83,182.88,7284
6420,2023-04-19 09:15:00,182.97,182.97,182.28,182.64,24975
6421,2023-04-19 09:45:00,182.48,182.73,182.44,182.63,39352
6422,2023-04-19 10:15:00,182.63,182.65,182.44,182.44,24486
6423,2023-04-19 10:45:00,182.44,182.65,182.4,182.6,21945
6424,2023-04-19 11:15:00,182.6,182.9,182.45,182.53,57355
6425,2023-04-19 11:45:00,182.48,182.8,182.48,182.65,24750
6426,2023-04-19 12:15:00,182.65,182.77,182.6,182.77,8750
6427,2023-04-19 12:45:00,182.77,182.88,182.52,182.6,13450
6428,2023-04-19 13:15:00,182.65,182.7,182.4,182.45,164563
6429,2023-04-19 13:45:00,182.45,182.47,182.11,182.4,197461
6430,2023-04-19 14:15:00,182.4,182.49,182.2,182.35,4047
6431,2023-04-19 14:45:00,182.35,182.49,182.23,182.42,12979
6432,2023-04-19 15:15:00,182.42,182.49,182.08,182.35,7014
6433,2023-04-20 09:15:00,182.69,183.0,182.35,182.86,43115
6434,2023-04-20 09:45:00,182.95,182.95,182.45,182.64,17909
6435,2023-04-20 10:15:00,182.64,182.75,182.1,182.24,32140
6436,2023-04-20 10:45:00,182.24,182.43,182.1,182.35,17791
6437,2023-04-20 11:15:00,182.35,182.53,182.23,182.25,17371
6438,2023-04-20 11:45:00,182.25,182.59,182.25,182.4,9204
6439,2023-04-20 12:15:00,182.4,182.53,182.3,182.3,962
6440,2023-04-20 12:45:00,182.42,182.44,182.1,182.1,4878
6441,2023-04-20 13:15:00,182.11,182.31,182.11,182.19,1749
6442,2023-04-20 13:45:00,182.19,182.3,182.09,182.21,12700
6443,2023-04-20 14:15:00,182.21,182.46,182.17,182.3,55436
6444,2023-04-20 14:45:00,182.3,182.52,182.21,182.52,11449
6445,2023-04-20 15:15:00,182.55,182.63,182.36,182.49,5022
6446,2023-04-21 09:15:00,182.6,182.83,182.3,182.3,59795
6447,2023-04-21 09:45:00,182.3,182.51,182.2,182.21,13500
6448,2023-04-21 10:15:00,182.21,182.37,182.01,182.27,25266
6449,2023-04-21 10:45:00,182.27,182.38,182.01,182.33,20669
6450,2023-04-21 11:15:00,182.33,182.39,182.01,182.11,20783
6451,2023-04-21 11:45:00,182.11,182.4,182.08,182.25,7646
6452,2023-04-21 12:15:00,182.25,182.27,182.08,182.08,2341
6453,2023-04-21 12:45:00,182.08,182.25,181.92,182.02,24270
6454,2023-04-21 13:15:00,182.02,182.25,182.02,182.25,891
6455,2023-04-21 13:45:00,182.25,182.4,182.03,182.13,19967
6456,2023-04-21 14:15:00,182.13,182.6,182.13,182.39,6395
6457,2023-04-21 14:45:00,182.39,182.69,182.35,182.6,3282
6458,2023-04-21 15:15:00,182.6,182.6,182.21,182.41,20653
6459,2023-04-24 09:15:00,183.17,183.17,182.45,182.45,22706
6460,2023-04-24 09:45:00,182.56,182.66,182.31,182.48,9590
6461,2023-04-24 10:15:00,182.48,182.59,182.13,182.48,37734
6462,2023-04-24 10:45:00,182.35,182.6,182.35,182.58,11608
6463,2023-04-24 11:15:00,182.59,182.72,182.28,182.44,14692
6464,2023-04-24 11:45:00,182.44,182.45,182.28,182.45,7807
6465,2023-04-24 12:15:00,182.45,182.69,182.33,182.5,5803
6466,2023-04-24 12:45:00,182.53,182.78,182.53,182.78,10110
6467,2023-04-24 13:15:00,182.8,183.15,182.8,183.04,6755
6468,2023-04-24 13:45:00,183.04,183.15,182.91,183.15,3790
6469,2023-04-24 14:15:00,183.15,183.24,183.08,183.14,8991
6470,2023-04-24 14:45:00,183.14,183.5,183.14,183.49,20066
6471,2023-04-24 15:15:00,183.49,183.66,183.31,183.5,16056
6472,2023-04-25 09:15:00,183.5,183.64,183.12,183.38,10522
6473,2023-04-25 09:45:00,183.38,183.68,183.21,183.68,29694
6474,2023-04-25 10:15:00,183.68,183.69,183.37,183.66,113928
6475,2023-04-25 10:45:00,183.66,183.7,183.41,183.69,7137
6476,2023-04-25 11:15:00,183.69,183.95,183.6,183.68,16910
6477,2023-04-25 11:45:00,183.68,183.82,183.6,183.73,6963
6478,2023-04-25 12:15:00,183.73,183.73,183.5,183.54,21325
6479,2023-04-25 12:45:00,183.5,183.73,183.49,183.6,8620
6480,2023-04-25 13:15:00,183.6,183.76,183.58,183.66,1866
6481,2023-04-25 13:45:00,183.66,183.75,183.45,183.72,5687
6482,2023-04-25 14:15:00,183.75,183.94,183.74,183.79,8641
6483,2023-04-25 14:45:00,183.79,183.91,183.57,183.65,2797
6484,2023-04-25 15:15:00,183.65,183.74,183.57,183.67,42863
6485,2023-04-26 09:15:00,183.5,183.61,183.1,183.18,11447
6486,2023-04-26 09:45:00,183.18,183.5,183.0,183.5,20756
6487,2023-04-26 10:15:00,183.5,183.57,183.37,183.57,4028
6488,2023-04-26 10:45:00,183.57,183.69,183.35,183.67,19160
6489,2023-04-26 11:15:00,183.67,183.76,183.54,183.7,40306
6490,2023-04-26 11:45:00,183.7,183.85,183.62,183.78,1401
6491,2023-04-26 12:15:00,183.69,183.91,183.68,183.83,22023
6492,2023-04-26 12:45:00,183.84,183.94,183.7,183.82,4678
6493,2023-04-26 13:15:00,183.67,183.83,183.67,183.75,1584
6494,2023-04-26 13:45:00,183.79,183.9,183.75,183.8,5592
6495,2023-04-26 14:15:00,183.8,183.94,183.67,183.81,5529
6496,2023-04-26 14:45:00,183.85,184.1,183.69,184.1,6728
6497,2023-04-26 15:15:00,184.0,184.19,183.96,184.02,4956
6498,2023-04-27 09:15:00,184.25,184.25,183.88,184.2,44988
6499,2023-04-27 09:45:00,184.2,184.4,184.15,184.3,8141
6500,2023-04-27 10:15:00,184.28,184.43,184.16,184.23,5907
6501,2023-04-27 10:45:00,184.23,184.37,184.17,184.35,5975
6502,2023-04-27 11:15:00,184.34,184.48,184.25,184.45,9294
6503,2023-04-27 11:45:00,184.45,184.5,184.36,184.5,6898
6504,2023-04-27 12:15:00,184.5,184.5,184.32,184.5,2372
6505,2023-04-27 12:45:00,184.42,184.58,184.34,184.44,5792
6506,2023-04-27 13:15:00,184.5,184.84,184.5,184.79,18951
6507,2023-04-27 13:45:00,184.79,185.0,184.75,184.88,17519
6508,2023-04-27 14:15:00,184.88,184.99,184.6,184.99,5947
6509,2023-04-27 14:45:00,185.0,185.29,184.81,185.29,42318
6510,2023-04-27 15:15:00,185.29,185.39,185.21,185.21,39502
6511,2023-04-28 09:15:00,185.73,185.73,185.11,185.35,26030
6512,2023-04-28 09:45:00,185.35,185.46,185.19,185.24,26364
6513,2023-04-28 10:15:00,185.24,185.34,185.17,185.29,6622
6514,2023-04-28 10:45:00,185.29,185.8,185.29,185.79,7904
6515,2023-04-28 11:15:00,185.79,185.83,185.48,185.7,13304
6516,2023-04-28 11:45:00,185.83,185.83,185.62,185.63,3413
6517,2023-04-28 12:15:00,185.63,186.21,185.63,186.0,143699
6518,2023-04-28 12:45:00,186.0,186.07,185.7,186.06,11522
6519,2023-04-28 13:15:00,186.1,186.21,185.98,186.14,18110
6520,2023-04-28 13:45:00,186.14,186.14,185.7,185.93,20119
6521,2023-04-28 14:15:00,185.93,186.0,185.71,186.0,4874
6522,2023-04-28 14:45:00,186.0,186.7,185.76,186.62,47534
6523,2023-04-28 15:15:00,186.62,186.9,186.52,186.52,27343
6524,2023-05-02 09:15:00,187.57,187.77,186.88,187.76,74135
6525,2023-05-02 09:45:00,187.76,187.8,187.5,187.79,34918
6526,2023-05-02 10:15:00,187.79,187.8,187.57,187.57,14193
6527,2023-05-02 10:45:00,187.57,187.72,187.48,187.48,22929
6528,2023-05-02 11:15:00,187.48,187.72,187.48,187.61,9065
6529,2023-05-02 11:45:00,187.61,187.8,187.55,187.79,25407
6530,2023-05-02 12:15:00,187.79,187.8,187.53,187.53,14045
6531,2023-05-02 12:45:00,187.79,187.81,187.59,187.81,12163
6532,2023-05-02 13:15:00,187.81,187.85,187.51,187.66,878565
6533,2023-05-02 13:45:00,187.68,187.85,187.63,187.69,154231
6534,2023-05-02 14:15:00,187.69,187.9,187.61,187.62,12412
6535,2023-05-02 14:45:00,187.62,187.83,187.61,187.7,12414
6536,2023-05-02 15:15:00,187.7,187.7,187.5,187.57,18222
6537,2023-05-03 09:15:00,187.0,187.05,186.6,186.85,56167
6538,2023-05-03 09:45:00,186.85,187.1,186.8,187.0,56522
6539,2023-05-03 10:15:00,187.0,187.1,186.91,187.03,16470
6540,2023-05-03 10:45:00,187.03,187.1,186.95,187.03,26800
6541,2023-05-03 11:15:00,187.03,187.03,186.75,186.87,9431
6542,2023-05-03 11:45:00,186.87,186.94,186.78,186.82,7673
6543,2023-05-03 12:15:00,186.82,186.99,186.7,186.91,5425
6544,2023-05-03 12:45:00,186.8,187.0,186.79,186.95,4605
6545,2023-05-03 13:15:00,186.95,187.0,186.75,186.85,3167
6546,2023-05-03 13:45:00,186.85,186.99,186.57,186.79,4395
6547,2023-05-03 14:15:00,186.79,187.05,186.67,186.99,3913
6548,2023-05-03 14:45:00,186.99,187.05,186.81,187.03,3711
6549,2023-05-03 15:15:00,187.03,187.1,186.81,186.94,12705
6550,2023-05-04 09:15:00,187.15,187.27,186.65,187.07,25080
6551,2023-05-04 09:45:00,187.19,187.4,187.06,187.39,10028
6552,2023-05-04 10:15:00,187.4,187.5,187.3,187.5,2868
6553,2023-05-04 10:45:00,187.5,187.64,187.36,187.55,5380
6554,2023-05-04 11:15:00,187.65,187.74,187.54,187.63,33848
6555,2023-05-04 11:45:00,187.7,187.7,187.5,187.64,582442
6556,2023-05-04 12:15:00,187.51,187.77,187.51,187.71,3083
6557,2023-05-04 12:45:00,187.77,187.9,187.61,187.72,75223
6558,2023-05-04 13:15:00,187.77,187.9,187.74,187.9,7448
6559,2023-05-04 13:45:00,187.9,187.9,187.71,187.89,9729
6560,2023-05-04 14:15:00,187.76,188.2,187.76,188.16,87321
6561,2023-05-04 14:45:00,188.16,188.7,188.16,188.62,48969
6562,2023-05-04 15:15:00,188.62,188.65,188.16,188.16,58363
6563,2023-05-05 09:15:00,187.75,188.12,187.6,188.0,32871
6564,2023-05-05 09:45:00,188.0,188.22,187.9,188.22,9093
6565,2023-05-05 10:15:00,188.22,188.41,188.01,188.3,39198
6566,2023-05-05 10:45:00,188.31,188.45,187.75,187.93,10447
6567,2023-05-05 11:15:00,187.93,187.93,187.32,187.51,19095
6568,2023-05-05 11:45:00,187.51,187.62,187.0,187.52,22303
6569,2023-05-05 12:15:00,187.57,187.74,187.41,187.6,40380
6570,2023-05-05 12:45:00,187.73,187.83,187.52,187.75,15343
6571,2023-05-05 13:15:00,187.65,187.75,187.5,187.5,18158
6572,2023-05-05 13:45:00,187.5,187.67,187.27,187.64,4829
6573,2023-05-05 14:15:00,187.64,187.67,187.33,187.6,50237
6574,2023-05-05 14:45:00,187.6,187.64,186.88,186.99,42269
6575,2023-05-05 15:15:00,186.99,187.09,186.9,186.99,17948
6576,2023-05-08 09:15:00,187.23,188.18,187.23,187.94,184388
6577,2023-05-08 09:45:00,187.94,188.3,187.94,188.16,41114
6578,2023-05-08 10:15:00,188.16,188.58,188.12,188.58,21432
6579,2023-05-08 10:45:00,188.67,188.7,188.4,188.49,21032
6580,2023-05-08 11:15:00,188.49,188.69,188.48,188.65,29465
6581,2023-05-08 11:45:00,188.65,188.86,188.6,188.83,11888
6582,2023-05-08 12:15:00,188.83,188.9,188.65,188.9,14242
6583,2023-05-08 12:45:00,188.9,188.9,188.71,188.84,5324
6584,2023-05-08 13:15:00,188.82,188.9,188.8,188.85,69699
6585,2023-05-08 13:45:00,188.85,189.0,188.66,188.88,1162004
6586,2023-05-08 14:15:00,188.88,189.0,188.71,188.98,15208
6587,2023-05-08 14:45:00,188.98,188.99,188.6,188.84,27588
6588,2023-05-08 15:15:00,188.84,188.9,188.65,188.8,126712
6589,2023-05-09 09:15:00,189.24,189.31,188.82,189.21,27487
6590,2023-05-09 09:45:00,189.21,189.52,189.15,189.37,43856
6591,2023-05-09 10:15:00,189.38,189.53,189.28,189.44,23207
6592,2023-05-09 10:45:00,189.44,189.49,189.37,189.45,9301
6593,2023-05-09 11:15:00,189.45,189.49,189.3,189.36,9767
6594,2023-05-09 11:45:00,189.36,189.49,189.35,189.44,11621
6595,2023-05-09 12:15:00,189.44,189.45,189.28,189.32,7660
6596,2023-05-09 12:45:00,189.32,189.32,188.97,189.02,1003582
6597,2023-05-09 13:15:00,188.99,189.14,188.79,189.0,10867
6598,2023-05-09 13:45:00,189.0,189.0,188.4,188.91,27029
6599,2023-05-09 14:15:00,188.91,189.0,188.56,188.64,11148
6600,2023-05-09 14:45:00,188.64,188.94,188.59,188.88,4239
6601,2023-05-09 15:15:00,188.9,188.94,188.72,188.81,7343
6602,2023-05-10 09:15:00,189.16,189.38,188.43,188.43,38209
6603,2023-05-10 09:45:00,188.41,188.65,188.22,188.46,27249
6604,2023-05-10 10:15:00,188.45,188.83,188.4,188.6,122156
6605,2023-05-10 10:45:00,188.6,188.78,188.48,188.71,7248
6606,2023-05-10 11:15:00,188.71,189.0,188.66,188.99,8998
6607,2023-05-10 11:45:00,188.99,189.02,188.83,188.89,5505
6608,2023-05-10 12:15:00,188.89,189.0,188.85,188.89,14288
6609,2023-05-10 12:45:00,189.0,189.1,188.88,189.04,5685
6610,2023-05-10 13:15:00,188.95,189.13,188.71,188.82,24153
6611,2023-05-10 13:45:00,188.82,189.17,188.75,189.01,20157
6612,2023-05-10 14:15:00,189.01,189.26,188.95,189.02,52938
6613,2023-05-10 14:45:00,189.02,189.35,188.9,189.29,4990
6614,2023-05-10 15:15:00,189.29,189.35,189.21,189.28,9887
6615,2023-05-11 09:15:00,188.67,189.69,188.67,189.2,22450
6616,2023-05-11 09:45:00,189.22,189.5,189.05,189.47,12727
6617,2023-05-11 10:15:00,189.47,189.6,189.29,189.6,15448
6618,2023-05-11 10:45:00,189.46,189.62,189.45,189.45,13597
6619,2023-05-11 11:15:00,189.58,189.6,189.38,189.55,3232
6620,2023-05-11 11:45:00,189.55,189.55,189.26,189.39,3103
6621,2023-05-11 12:15:00,189.39,189.55,189.23,189.46,44735
6622,2023-05-11 12:45:00,189.46,189.5,189.31,189.35,4904
6623,2023-05-11 13:15:00,189.35,189.4,189.25,189.35,999191
6624,2023-05-11 13:45:00,189.35,189.42,189.26,189.41,10301
6625,2023-05-11 14:15:00,189.41,189.56,189.27,189.49,47747
6626,2023-05-11 14:45:00,189.49,189.49,189.01,189.27,12492
6627,2023-05-11 15:15:00,189.27,189.5,189.1,189.32,4907
6628,2023-05-12 09:15:00,188.95,188.99,188.24,188.39,21702
6629,2023-05-12 09:45:00,188.39,188.8,188.25,188.75,7809
6630,2023-05-12 10:15:00,188.75,188.99,188.73,188.99,6672
6631,2023-05-12 10:45:00,188.99,189.0,188.86,189.0,1683
6632,2023-05-12 11:15:00,189.0,189.14,188.79,188.81,10481
6633,2023-05-12 11:45:00,188.81,189.0,188.81,188.99,11029
6634,2023-05-12 12:15:00,188.99,189.2,188.9,189.2,5601
6635,2023-05-12 12:45:00,189.2,189.4,189.09,189.38,17110
6636,2023-05-12 13:15:00,189.24,189.56,189.23,189.4,106675
6637,2023-05-12 13:45:00,189.4,189.56,189.38,189.42,704848
6638,2023-05-12 14:15:00,189.42,189.5,189.27,189.43,102815
6639,2023-05-12 14:45:00,189.43,189.5,189.22,189.35,4027
6640,2023-05-12 15:15:00,189.35,189.35,189.19,189.25,6817
6641,2023-05-15 09:15:00,188.35,189.75,188.35,189.74,227148
6642,2023-05-15 09:45:00,189.74,190.0,189.74,190.0,12998
6643,2023-05-15 10:15:00,190.0,190.19,189.82,190.06,32482
6644,2023-05-15 10:45:00,190.06,190.31,189.91,190.24,13812
6645,2023-05-15 11:15:00,190.24,190.49,190.18,190.42,14840
6646,2023-05-15 11:45:00,190.42,190.47,190.35,190.42,9026
6647,2023-05-15 12:15:00,190.42,190.47,190.35,190.47,13806
6648,2023-05-15 12:45:00,190.47,190.5,190.38,190.4,578260
6649,2023-05-15 13:15:00,190.44,190.52,190.4,190.52,460595
6650,2023-05-15 13:45:00,190.52,190.75,190.49,190.65,28379
6651,2023-05-15 14:15:00,190.65,190.7,190.44,190.46,9615
6652,2023-05-15 14:45:00,190.46,190.65,190.1,190.1,24513
6653,2023-05-15 15:15:00,190.1,190.28,190.07,190.28,6756
6654,2023-05-16 09:15:00,191.19,191.19,190.14,190.55,97318
6655,2023-05-16 09:45:00,190.55,190.86,190.5,190.73,18881
6656,2023-05-16 10:15:00,190.74,190.79,190.35,190.5,13211
6657,2023-05-16 10:45:00,190.5,190.72,190.41,190.58,12839
6658,2023-05-16 11:15:00,190.58,190.59,190.2,190.38,16798
6659,2023-05-16 11:45:00,190.38,190.42,190.2,190.2,7879
6660,2023-05-16 12:15:00,190.2,190.37,190.0,190.07,2982
6661,2023-05-16 12:45:00,190.35,190.35,190.01,190.05,469713
6662,2023-05-16 13:15:00,190.04,190.15,190.0,190.0,763878
6663,2023-05-16 13:45:00,190.0,190.24,190.0,190.09,387701
6664,2023-05-16 14:15:00,190.09,190.09,189.73,189.97,252681
6665,2023-05-16 14:45:00,189.97,189.98,189.22,189.3,108439
6666,2023-05-16 15:15:00,189.3,189.66,189.22,189.48,10943
6667,2023-05-17 09:15:00,189.66,189.66,189.12,189.15,30015
6668,2023-05-17 09:45:00,189.24,189.25,189.09,189.25,60124
6669,2023-05-17 10:15:00,189.25,189.25,188.85,188.86,44795
6670,2023-05-17 10:45:00,188.86,189.05,188.78,189.05,20122
6671,2023-05-17 11:15:00,189.05,189.05,188.43,188.53,16099
6672,2023-05-17 11:45:00,188.42,188.55,188.0,188.37,39001
6673,2023-05-17 12:15:00,188.37,188.58,188.25,188.58,8206
6674,2023-05-17 12:45:00,188.56,188.58,188.15,188.29,26349
6675,2023-05-17 13:15:00,188.22,188.35,188.07,188.19,27421
6676,2023-05-17 13:45:00,188.19,188.39,188.09,188.35,8641
6677,2023-05-17 14:15:00,188.35,188.45,188.18,188.23,341038
6678,2023-05-17 14:45:00,188.23,188.5,188.15,188.32,543841
6679,2023-05-17 15:15:00,188.32,188.51,188.25,188.27,293008
6680,2023-05-18 09:15:00,189.4,189.5,188.91,189.04,43589
6681,2023-05-18 09:45:00,188.95,189.1,188.65,188.75,19035
6682,2023-05-18 10:15:00,188.75,188.87,188.62,188.75,37362
6683,2023-05-18 10:45:00,188.75,188.92,188.65,188.92,112280
6684,2023-05-18 11:15:00,188.92,188.99,188.78,188.93,32739
6685,2023-05-18 11:45:00,188.93,188.99,188.78,188.83,33004
6686,2023-05-18 12:15:00,188.83,188.83,188.35,188.39,600945
6687,2023-05-18 12:45:00,188.37,188.49,188.2,188.45,451170
6688,2023-05-18 13:15:00,188.45,188.65,188.36,188.6,8669
6689,2023-05-18 13:45:00,188.6,188.63,188.2,188.39,4885
6690,2023-05-18 14:15:00,188.39,188.39,187.98,188.13,26849
6691,2023-05-18 14:45:00,188.13,188.23,187.6,187.99,41077
6692,2023-05-18 15:15:00,187.99,188.03,187.76,187.84,6665
6693,2023-05-19 15:15:00,188.84,188.95,188.72,188.81,31057
6694,2023-05-22 09:15:00,188.81,189.5,188.28,189.44,20553
6695,2023-05-22 09:45:00,189.44,189.65,188.88,189.4,78354
6696,2023-05-22 10:15:00,189.4,189.52,189.14,189.45,164438
6697,2023-05-22 10:45:00,189.45,189.62,189.45,189.62,147826
6698,2023-05-22 11:15:00,189.62,189.66,189.5,189.66,17087
6699,2023-05-22 11:45:00,189.66,189.71,189.51,189.71,69165
6700,2023-05-22 12:15:00,189.71,189.82,189.34,189.34,170659
6701,2023-05-22 12:45:00,189.31,189.51,189.28,189.5,1146383
6702,2023-05-22 13:15:00,189.42,189.58,189.0,189.11,107663
6703,2023-05-22 13:45:00,189.11,189.51,189.1,189.51,76335
6704,2023-05-22 14:15:00,189.51,189.59,189.45,189.48,11339
6705,2023-05-22 14:45:00,189.48,189.8,189.45,189.71,130022
6706,2023-05-22 15:15:00,189.71,189.72,189.39,189.69,3695
6707,2023-05-23 09:15:00,189.93,190.52,189.93,190.52,22111
6708,2023-05-23 09:45:00,190.52,190.6,190.34,190.6,9373
6709,2023-05-23 10:15:00,190.6,190.64,190.31,190.64,11532
6710,2023-05-23 10:45:00,190.64,190.7,190.48,190.68,16868
6711,2023-05-23 11:15:00,190.68,190.77,190.45,190.54,23436
6712,2023-05-23 11:45:00,190.54,190.67,190.44,190.6,2085
6713,2023-05-23 12:15:00,190.6,190.6,190.43,190.6,91376
6714,2023-05-23 12:45:00,190.51,190.65,190.41,190.45,117130
6715,2023-05-23 13:15:00,190.49,190.55,190.35,190.55,12982
6716,2023-05-23 13:45:00,190.55,190.55,190.41,190.55,24650
6717,2023-05-23 14:15:00,190.55,190.55,190.35,190.46,78158
6718,2023-05-23 14:45:00,190.46,190.46,190.0,190.0,91025
6719,2023-05-23 15:15:00,190.0,190.09,189.83,189.95,109392
6720,2023-05-24 09:15:00,189.51,189.96,189.4,189.95,18662
6721,2023-05-24 09:45:00,189.95,190.09,189.81,190.09,309251
6722,2023-05-24 10:15:00,190.09,190.36,190.05,190.18,90252
6723,2023-05-24 10:45:00,190.18,190.43,190.18,190.41,8921
6724,2023-05-24 11:15:00,190.41,190.56,190.19,190.2,3669
6725,2023-05-24 11:45:00,190.2,190.27,190.01,190.05,3251
6726,2023-05-24 12:15:00,190.05,190.08,189.73,189.88,122705
6727,2023-05-24 12:45:00,189.72,189.89,189.51,189.61,337982
6728,2023-05-24 13:15:00,189.61,189.79,189.5,189.59,50844
6729,2023-05-24 13:45:00,189.59,189.67,189.47,189.54,858446
6730,2023-05-24 14:15:00,189.54,189.74,189.4,189.47,1019571
6731,2023-05-24 14:45:00,189.47,189.52,189.15,189.36,608197
6732,2023-05-24 15:15:00,189.36,189.46,189.24,189.24,3146
6733,2023-05-25 09:15:00,189.35,189.5,188.86,189.29,12864
6734,2023-05-25 09:45:00,189.29,189.59,189.08,189.19,4484
6735,2023-05-25 10:15:00,189.19,189.19,189.01,189.02,17855
6736,2023-05-25 10:45:00,189.02,189.23,189.0,189.2,57009
6737,2023-05-25 11:15:00,189.2,189.2,188.75,188.85,8437
6738,2023-05-25 11:45:00,188.85,188.92,188.81,188.92,4268
6739,2023-05-25 12:15:00,188.92,189.15,188.84,188.88,33068
6740,2023-05-25 12:45:00,188.85,188.96,188.72,188.76,3973
6741,2023-05-25 13:15:00,188.76,188.84,188.6,188.67,7682
6742,2023-05-25 13:45:00,188.67,189.03,188.56,189.03,9005
6743,2023-05-25 14:15:00,189.03,189.2,188.96,189.01,13818
6744,2023-05-25 14:45:00,189.01,189.87,189.01,189.71,4127
6745,2023-05-25 15:15:00,189.85,190.0,189.77,189.82,6506
6746,2023-05-26 09:15:00,189.99,190.25,189.88,190.25,9689
6747,2023-05-26 09:45:00,190.25,190.46,190.14,190.38,7576
6748,2023-05-26 10:15:00,190.38,190.5,190.23,190.32,4741
6749,2023-05-26 10:45:00,190.48,190.65,190.31,190.65,24962
6750,2023-05-26 11:15:00,190.65,190.85,190.57,190.84,12881
6751,2023-05-26 11:45:00,190.84,190.95,190.73,190.83,9690
6752,2023-05-26 12:15:00,190.83,190.95,190.75,190.94,7185
6753,2023-05-26 12:45:00,190.95,190.99,190.85,190.85,17663
6754,2023-05-26 13:15:00,190.85,191.0,190.8,191.0,8693
6755,2023-05-26 13:45:00,191.0,191.4,191.0,191.4,40603
6756,2023-05-26 14:15:00,191.4,191.56,191.36,191.4,18438
6757,2023-05-26 14:45:00,191.4,191.7,191.31,191.6,17381
6758,2023-05-26 15:15:00,191.6,191.7,191.52,191.62,24133
6759,2023-05-29 09:15:00,192.71,193.0,192.64,192.79,92297
6760,2023-05-29 09:45:00,192.79,192.9,192.39,192.59,25908
6761,2023-05-29 10:15:00,192.59,192.92,192.47,192.84,16982
6762,2023-05-29 10:45:00,192.84,193.0,192.71,193.0,16715
6763,2023-05-29 11:15:00,193.0,193.0,192.8,192.87,14265
6764,2023-05-29 11:45:00,192.87,193.06,192.75,192.99,27658
6765,2023-05-29 12:15:00,192.99,193.0,192.68,192.76,5847
6766,2023-05-29 12:45:00,192.71,192.85,192.62,192.69,4389
6767,2023-05-29 13:15:00,192.81,192.95,192.69,192.8,5594
6768,2023-05-29 13:45:00,192.8,192.93,192.79,192.93,23055
6769,2023-05-29 14:15:00,192.93,192.93,192.6,192.64,28754
6770,2023-05-29 14:45:00,192.64,192.85,192.63,192.8,27278
6771,2023-05-29 15:15:00,192.8,192.87,192.73,192.79,255943
6772,2023-05-30 09:15:00,192.68,193.2,192.35,193.18,359869
6773,2023-05-30 09:45:00,193.18,193.26,192.99,193.16,102819
6774,2023-05-30 10:15:00,193.16,193.35,193.07,193.12,126320
6775,2023-05-30 10:45:00,193.12,193.12,192.75,192.95,24339
6776,2023-05-30 11:15:00,192.95,193.11,192.81,193.0,7191
6777,2023-05-30 11:45:00,193.0,193.1,192.81,193.1,14565
6778,2023-05-30 12:15:00,193.1,193.11,192.75,192.75,15081
6779,2023-05-30 12:45:00,192.75,193.09,192.75,193.08,2212
6780,2023-05-30 13:15:00,193.0,193.08,192.95,193.06,15900
6781,2023-05-30 13:45:00,193.06,193.09,192.9,193.02,15938
6782,2023-05-30 14:15:00,193.02,193.27,193.02,193.27,96319
6783,2023-05-30 14:45:00,193.27,193.27,193.0,193.2,58147
6784,2023-05-30 15:15:00,193.2,193.26,193.08,193.17,42576
6785,2023-05-31 09:15:00,193.0,193.0,192.25,192.45,31290
6786,2023-05-31 09:45:00,192.45,192.74,192.37,192.74,12352
6787,2023-05-31 10:15:00,192.74,192.99,192.49,192.68,30955
6788,2023-05-31 10:45:00,192.68,192.85,192.51,192.75,17265
6789,2023-05-31 11:15:00,192.75,192.86,192.4,192.53,16240
6790,2023-05-31 11:45:00,192.5,192.5,192.15,192.26,20355
6791,2023-05-31 12:15:00,192.26,192.36,192.1,192.32,14741
6792,2023-05-31 12:45:00,192.32,192.39,192.1,192.23,14419
6793,2023-05-31 13:15:00,192.2,192.45,192.11,192.4,4894
6794,2023-05-31 13:45:00,192.44,192.48,192.25,192.35,15531
6795,2023-05-31 14:15:00,192.35,192.64,192.25,192.58,24632
6796,2023-05-31 14:45:00,192.58,192.72,192.33,192.58,16542
6797,2023-05-31 15:15:00,192.54,192.8,192.3,192.5,19137
6798,2023-06-01 09:15:00,192.39,192.9,192.34,192.9,16314
6799,2023-06-01 09:45:00,192.9,192.99,192.8,192.85,75947
6800,2023-06-01 10:15:00,192.85,192.99,192.7,192.97,11938
6801,2023-06-01 10:45:00,192.97,192.98,192.71,192.91,18477
6802,2023-06-01 11:15:00,192.91,193.0,192.76,192.89,7367
6803,2023-06-01 11:45:00,192.89,192.96,192.41,192.56,26272
6804,2023-06-01 12:15:00,192.5,192.73,192.42,192.73,10148
6805,2023-06-01 12:45:00,192.73,192.78,192.59,192.75,204950
6806,2023-06-01 13:15:00,192.62,192.75,192.62,192.74,1661
6807,2023-06-01 13:45:00,192.73,192.74,192.35,192.35,31439
6808,2023-06-01 14:15:00,192.4,192.4,192.06,192.15,10839
6809,2023-06-01 14:45:00,192.09,192.35,192.0,192.15,15759
6810,2023-06-01 15:15:00,192.15,192.2,191.9,192.07,25279
6811,2023-06-02 09:15:00,192.84,192.99,192.46,192.77,13421
6812,2023-06-02 09:45:00,192.77,192.77,192.31,192.45,5963
6813,2023-06-02 10:15:00,192.45,192.45,192.11,192.45,4727
6814,2023-06-02 10:45:00,192.45,192.45,192.32,192.45,4839
6815,2023-06-02 11:15:00,192.45,192.68,192.33,192.49,10828
6816,2023-06-02 11:45:00,192.49,192.7,192.49,192.7,1943
6817,2023-06-02 12:15:00,192.7,192.7,192.56,192.7,681
6818,2023-06-02 12:45:00,192.6,192.9,192.6,192.85,6465
6819,2023-06-02 13:15:00,192.84,192.95,192.7,192.95,16304
6820,2023-06-02 13:45:00,192.85,192.95,192.77,192.77,6425
6821,2023-06-02 14:15:00,192.7,192.7,192.31,192.35,2636
6822,2023-06-02 14:45:00,192.5,192.85,192.4,192.75,33997
6823,2023-06-02 15:15:00,192.75,192.8,192.39,192.64,10209
6824,2023-06-05 09:15:00,193.38,193.69,193.1,193.4,19485
6825,2023-06-05 09:45:00,193.4,193.5,193.25,193.48,13217
6826,2023-06-05 10:15:00,193.48,193.5,193.32,193.48,134526
6827,2023-06-05 10:45:00,193.48,193.5,193.38,193.41,10789
6828,2023-06-05 11:15:00,193.41,193.5,193.4,193.5,24546
6829,2023-06-05 11:45:00,193.5,193.5,193.36,193.49,7930
6830,2023-06-05 12:15:00,193.49,193.5,193.31,193.42,1965
6831,2023-06-05 12:45:00,193.34,193.5,193.34,193.35,4473
6832,2023-06-05 13:15:00,193.4,193.49,193.35,193.49,5026
6833,2023-06-05 13:45:00,193.4,193.5,193.38,193.5,2738
6834,2023-06-05 14:15:00,193.5,193.5,193.38,193.5,6614
6835,2023-06-05 14:45:00,193.09,193.44,193.04,193.23,352004
6836,2023-06-05 15:15:00,193.23,193.37,193.01,193.17,8861
6837,2023-06-06 09:15:00,193.17,193.26,193.0,193.25,11155
6838,2023-06-06 09:45:00,193.25,193.3,192.83,192.99,14617
6839,2023-06-06 10:15:00,192.97,192.98,192.8,192.81,5117
6840,2023-06-06 10:45:00,192.81,192.87,192.61,192.61,14578
6841,2023-06-06 11:15:00,192.7,192.71,192.51,192.64,23790
6842,2023-06-06 11:45:00,192.64,192.64,192.45,192.52,7793
6843,2023-06-06 12:15:00,192.52,192.78,192.48,192.65,7952
6844,2023-06-06 12:45:00,192.69,192.79,192.59,192.77,9705
6845,2023-06-06 13:15:00,192.77,192.87,192.65,192.78,5356
6846,2023-06-06 13:45:00,192.77,192.88,192.55,192.67,9938
6847,2023-06-06 14:15:00,192.67,192.77,192.65,192.67,3714
6848,2023-06-06 14:45:00,192.65,193.17,192.62,193.17,7675
6849,2023-06-06 15:15:00,193.17,193.2,193.0,193.01,4424
6850,2023-06-07 09:15:00,193.53,193.86,193.31,193.43,19939
6851,2023-06-07 09:45:00,193.43,193.61,193.4,193.53,10774
6852,2023-06-07 10:15:00,193.53,193.65,193.46,193.51,8530
6853,2023-06-07 10:45:00,193.51,193.65,193.4,193.65,11167
6854,2023-06-07 11:15:00,193.65,193.7,193.53,193.55,9272
6855,2023-06-07 11:45:00,193.55,193.69,193.55,193.68,5805
6856,2023-06-07 12:15:00,193.55,193.69,193.55,193.68,7284
6857,2023-06-07 12:45:00,193.72,193.9,193.72,193.9,171319
6858,2023-06-07 13:15:00,193.77,193.9,193.61,193.8,13557
6859,2023-06-07 13:45:00,193.8,194.0,193.68,193.86,25676
6860,2023-06-07 14:15:00,193.99,194.1,193.86,194.1,5571
6861,2023-06-07 14:45:00,193.99,194.25,193.97,194.24,12960
6862,2023-06-07 15:15:00,194.24,194.4,194.11,194.31,103006
6863,2023-06-08 09:15:00,194.31,194.5,194.15,194.44,22488
6864,2023-06-08 09:45:00,194.44,194.5,194.33,194.5,74105
6865,2023-06-08 10:15:00,194.5,194.65,194.45,194.55,122329
6866,2023-06-08 10:45:00,194.55,194.65,194.55,194.64,6544
6867,2023-06-08 11:15:00,194.64,194.65,194.27,194.27,30744
6868,2023-06-08 11:45:00,194.27,194.3,193.69,194.0,110327
6869,2023-06-08 12:15:00,194.0,194.11,193.85,193.99,7006
6870,2023-06-08 12:45:00,194.03,194.03,193.8,193.89,6712
6871,2023-06-08 13:15:00,193.89,193.99,193.75,193.98,14743
6872,2023-06-08 13:45:00,193.89,194.3,193.87,193.92,5212
6873,2023-06-08 14:15:00,193.87,194.02,193.58,193.87,82098
6874,2023-06-08 14:45:00,193.83,193.83,193.4,193.41,39318
6875,2023-06-08 15:15:00,193.39,193.66,193.11,193.41,13659
6876,2023-06-09 09:15:00,193.66,193.82,193.11,193.29,43716
6877,2023-06-09 09:45:00,193.29,193.74,193.29,193.4,5877
6878,2023-06-09 10:15:00,193.4,193.5,193.25,193.36,6627
6879,2023-06-09 10:45:00,193.36,193.36,193.04,193.17,7699
6880,2023-06-09 11:15:00,193.17,193.39,193.14,193.3,6201
6881,2023-06-09 11:45:00,193.3,193.48,193.25,193.46,6656
6882,2023-06-09 12:15:00,193.46,193.46,193.14,193.18,4530
6883,2023-06-09 12:45:00,193.18,193.3,193.0,193.24,137852
6884,2023-06-09 13:15:00,193.21,193.28,192.75,193.0,24110
6885,2023-06-09 13:45:00,193.09,193.09,192.63,192.8,5234
6886,2023-06-09 14:15:00,192.89,193.06,192.57,192.85,8278
6887,2023-06-09 14:45:00,192.93,193.05,192.75,192.9,6829
6888,2023-06-09 15:15:00,192.9,192.95,192.75,192.87,15032
6889,2023-06-12 09:15:00,193.15,193.43,192.7,192.88,36196
6890,2023-06-12 09:45:00,192.88,193.1,192.75,192.98,18529
6891,2023-06-12 10:15:00,192.97,193.34,192.86,193.27,7893
6892,2023-06-12 10:45:00,193.27,193.47,193.1,193.4,7003
6893,2023-06-12 11:15:00,193.4,193.45,193.04,193.45,38173
6894,2023-06-12 11:45:00,193.45,193.47,193.32,193.43,8176
6895,2023-06-12 12:15:00,193.43,193.43,192.83,193.07,28356
6896,2023-06-12 12:45:00,193.2,193.31,193.0,193.14,8577
6897,2023-06-12 13:15:00,193.18,193.37,193.18,193.37,3005
6898,2023-06-12 13:45:00,193.31,193.5,193.31,193.36,12080
6899,2023-06-12 14:15:00,193.5,193.5,193.25,193.34,4299
6900,2023-06-12 14:45:00,193.35,193.5,193.25,193.37,11049
6901,2023-06-12 15:15:00,193.37,193.46,193.21,193.34,8915
6902,2023-06-13 09:15:00,193.9,194.22,193.72,194.08,8062
6903,2023-06-13 09:45:00,194.08,194.2,194.01,194.1,6703
6904,2023-06-13 10:15:00,194.1,194.29,194.0,194.2,23657
6905,2023-06-13 10:45:00,194.2,194.3,193.98,194.28,6178
6906,2023-06-13 11:15:00,194.27,194.36,194.13,194.21,7133
6907,2023-06-13 11:45:00,194.21,194.31,194.11,194.21,7129
6908,2023-06-13 12:15:00,194.21,194.29,194.2,194.26,2117
6909,2023-06-13 12:45:00,194.26,194.3,194.2,194.2,8548
6910,2023-06-13 13:15:00,194.31,194.32,194.1,194.13,10910
6911,2023-06-13 13:45:00,194.13,194.26,193.95,193.96,6026
6912,2023-06-13 14:15:00,193.98,194.3,193.98,194.06,4622
6913,2023-06-13 14:45:00,194.06,194.31,194.0,194.29,4115
6914,2023-06-13 15:15:00,194.29,194.4,194.15,194.27,19724
6915,2023-06-14 09:15:00,194.3,194.6,194.08,194.11,-104073
6916,2023-06-14 09:45:00,194.11,194.2,194.06,194.2,5841
6917,2023-06-14 10:15:00,194.26,194.4,194.2,194.3,6321
6918,2023-06-14 10:45:00,194.3,194.5,194.22,194.49,9434
6919,2023-06-14 11:15:00,194.49,194.5,194.25,194.5,28998
6920,2023-06-14 11:45:00,194.5,194.55,194.45,194.5,7870
6921,2023-06-14 12:15:00,194.5,194.55,194.45,194.55,11758
6922,2023-06-14 12:45:00,194.55,194.7,194.48,194.68,80572
6923,2023-06-14 13:15:00,194.68,194.75,194.6,194.75,1876
6924,2023-06-14 13:45:00,194.61,194.75,194.6,194.75,6419
6925,2023-06-14 14:15:00,194.75,194.8,194.59,194.74,9137
6926,2023-06-14 14:45:00,194.6,194.75,194.6,194.69,11039
6927,2023-06-14 15:15:00,194.69,194.75,194.55,194.69,8648
6928,2023-06-15 09:15:00,194.96,194.96,194.31,194.6,11959
6929,2023-06-15 09:45:00,194.6,194.95,194.6,194.81,14932
6930,2023-06-15 10:15:00,194.81,195.01,194.74,194.99,13850
6931,2023-06-15 10:45:00,194.99,194.99,194.63,194.8,6396
6932,2023-06-15 11:15:00,194.79,194.79,194.25,194.4,8087
6933,2023-06-15 11:45:00,194.4,194.4,194.08,194.28,20397
6934,2023-06-15 12:15:00,194.28,194.6,194.28,194.47,7636
6935,2023-06-15 12:45:00,194.47,194.56,194.23,194.49,105742
6936,2023-06-15 13:15:00,194.53,194.54,194.38,194.48,5250
6937,2023-06-15 13:45:00,194.48,194.6,194.3,194.3,2093
6938,2023-06-15 14:15:00,194.25,194.34,194.0,194.15,9887
6939,2023-06-15 14:45:00,194.15,194.19,194.03,194.03,17455
6940,2023-06-15 15:15:00,194.03,194.2,193.9,194.07,7378
6941,2023-06-16 09:15:00,194.53,194.94,194.49,194.91,8163
6942,2023-06-16 09:45:00,194.9,194.99,194.85,194.98,79583
6943,2023-06-16 10:15:00,194.93,195.0,194.93,194.99,9469
6944,2023-06-16 10:45:00,194.99,195.0,194.84,194.95,11588
6945,2023-06-16 11:15:00,194.95,195.0,194.83,194.96,12114
6946,2023-06-16 11:45:00,194.96,195.04,194.91,195.0,48143
6947,2023-06-16 12:15:00,195.0,195.0,194.66,194.83,13842
6948,2023-06-16 12:45:00,194.94,195.0,194.69,195.0,17626
6949,2023-06-16 13:15:00,195.02,195.02,194.84,194.91,7507
6950,2023-06-16 13:45:00,194.99,195.2,194.88,195.2,68393
6951,2023-06-16 14:15:00,195.23,195.5,195.16,195.39,39258
6952,2023-06-16 14:45:00,195.39,195.79,195.28,195.4,17377
6953,2023-06-16 15:15:00,195.4,195.59,195.19,195.35,12670
6954,2023-06-19 09:15:00,195.37,195.84,195.37,195.52,22746
6955,2023-06-19 09:45:00,195.52,195.62,195.32,195.5,9568
6956,2023-06-19 10:15:00,195.5,195.5,195.07,195.19,6686
6957,2023-06-19 10:45:00,195.19,195.19,194.9,194.99,8376
6958,2023-06-19 11:15:00,194.99,195.13,194.9,195.06,8837
6959,2023-06-19 11:45:00,195.06,195.09,194.85,195.09,4715
6960,2023-06-19 12:15:00,194.96,195.14,194.88,195.08,24053
6961,2023-06-19 12:45:00,195.08,195.08,194.76,194.88,16883
6962,2023-06-19 13:15:00,194.8,194.84,194.4,194.41,7834
6963,2023-06-19 13:45:00,194.43,194.6,194.4,194.54,4496
6964,2023-06-19 14:15:00,194.54,194.91,194.39,194.84,13301
6965,2023-06-19 14:45:00,194.93,195.01,194.6,194.83,13929
6966,2023-06-19 15:15:00,194.83,194.85,194.65,194.73,10927
6967,2023-06-20 09:15:00,194.63,194.65,193.79,194.12,32748
6968,2023-06-20 09:45:00,194.12,194.36,194.1,194.25,7180
6969,2023-06-20 10:15:00,194.25,194.25,193.81,193.95,24638
6970,2023-06-20 10:45:00,193.95,194.24,193.82,194.24,5983
6971,2023-06-20 11:15:00,194.24,194.45,194.09,194.45,17480
6972,2023-06-20 11:45:00,194.45,194.45,194.16,194.45,2398
6973,2023-06-20 12:15:00,194.45,194.45,194.2,194.33,2989
6974,2023-06-20 12:45:00,194.3,194.7,194.27,194.69,9548
6975,2023-06-20 13:15:00,194.51,194.75,194.49,194.56,6227
6976,2023-06-20 13:45:00,194.65,194.75,194.52,194.74,5176
6977,2023-06-20 14:15:00,194.7,194.97,194.59,194.85,16300
6978,2023-06-20 14:45:00,194.75,195.3,194.73,195.24,21598
6979,2023-06-20 15:15:00,195.22,195.44,195.22,195.28,9898
6980,2023-06-21 09:15:00,195.69,195.7,195.19,195.53,30408
6981,2023-06-21 09:45:00,195.55,195.85,195.5,195.8,17897
6982,2023-06-21 10:15:00,195.8,195.82,195.3,195.35,4477
6983,2023-06-21 10:45:00,195.35,195.56,195.1,195.23,11102
6984,2023-06-21 11:15:00,195.23,195.48,195.1,195.41,9638
6985,2023-06-21 11:45:00,195.41,195.5,195.29,195.45,3820
6986,2023-06-21 12:15:00,195.45,195.5,195.25,195.37,59192
6987,2023-06-21 12:45:00,195.5,195.69,195.44,195.55,9960
6988,2023-06-21 13:15:00,195.55,195.7,195.5,195.69,2434
6989,2023-06-21 13:45:00,195.56,195.75,195.52,195.66,2610
6990,2023-06-21 14:15:00,195.66,195.75,195.4,195.63,2886
6991,2023-06-21 14:45:00,195.5,195.7,195.5,195.7,4428
6992,2023-06-21 15:15:00,195.59,195.75,195.54,195.59,4376
6993,2023-06-22 09:15:00,195.59,196.04,195.33,195.87,12193
6994,2023-06-22 09:45:00,195.87,196.05,195.56,196.03,38999
6995,2023-06-22 10:15:00,196.03,196.09,195.9,195.99,3077
6996,2023-06-22 10:45:00,195.99,196.0,195.65,195.78,160208
6997,2023-06-22 11:15:00,195.78,195.8,195.44,195.47,6341
6998,2023-06-22 11:45:00,195.47,195.67,195.24,195.37,12746
6999,2023-06-22 12:15:00,195.37,195.4,195.26,195.33,17633
7000,2023-06-22 12:45:00,195.33,195.34,195.0,195.21,9709
7001,2023-06-22 13:15:00,195.36,195.79,195.19,195.79,44394
7002,2023-06-22 13:45:00,195.79,195.85,195.45,195.49,9219
7003,2023-06-22 14:15:00,195.49,195.54,195.0,195.11,4419
7004,2023-06-22 14:45:00,195.11,195.47,194.85,194.85,9406
7005,2023-06-22 15:15:00,194.85,195.38,194.85,195.02,2829
7006,2023-06-23 09:15:00,195.03,195.03,193.7,193.87,64346
7007,2023-06-23 09:45:00,193.87,194.14,193.85,194.0,302199
7008,2023-06-23 10:15:00,193.99,194.36,193.95,194.07,474886
7009,2023-06-23 10:45:00,194.07,194.16,193.95,194.0,326037
7010,2023-06-23 11:15:00,194.14,194.27,193.97,194.14,328431
7011,2023-06-23 11:45:00,194.14,194.35,194.0,194.1,328372
7012,2023-06-23 12:15:00,194.1,194.48,194.1,194.44,323874
7013,2023-06-23 12:45:00,194.44,194.5,194.0,194.14,390817
7014,2023-06-23 13:15:00,194.14,194.25,193.99,194.03,323537
7015,2023-06-23 13:45:00,194.03,194.3,193.9,194.0,162048
7016,2023-06-23 14:15:00,194.0,194.13,193.75,193.99,8254
7017,2023-06-23 14:45:00,193.99,194.1,193.78,193.87,9889
7018,2023-06-23 15:15:00,193.87,193.89,193.64,193.78,9152
7019,2023-06-26 09:15:00,194.14,194.4,193.65,194.16,52767
7020,2023-06-26 09:45:00,194.16,194.29,193.7,193.97,7677
7021,2023-06-26 10:15:00,193.97,194.0,193.7,193.7,8310
7022,2023-06-26 10:45:00,193.7,194.08,193.61,193.8,10618
7023,2023-06-26 11:15:00,193.8,194.07,193.69,194.0,10675
7024,2023-06-26 11:45:00,194.0,194.08,193.9,193.9,2071
7025,2023-06-26 12:15:00,193.9,194.08,193.8,193.89,5845
7026,2023-06-26 12:45:00,193.89,193.89,193.56,193.68,6332
7027,2023-06-26 13:15:00,193.68,193.95,193.66,193.82,23637
7028,2023-06-26 13:45:00,193.82,193.89,193.65,193.83,3208
7029,2023-06-26 14:15:00,193.83,193.9,193.53,193.79,8089
7030,2023-06-26 14:45:00,193.79,194.18,193.79,194.0,7727
7031,2023-06-26 15:15:00,194.0,194.16,193.8,194.01,3775
7032,2023-06-27 09:15:00,194.0,194.69,194.0,194.36,11170
7033,2023-06-27 09:45:00,194.36,194.5,194.28,194.49,6466
7034,2023-06-27 10:15:00,194.48,194.55,194.33,194.33,2064
7035,2023-06-27 10:45:00,194.33,194.45,194.3,194.45,34578
7036,2023-06-27 11:15:00,194.45,194.59,194.33,194.41,15412
7037,2023-06-27 11:45:00,194.41,194.6,194.41,194.54,2378
7038,2023-06-27 12:15:00,194.54,194.7,194.5,194.66,9495
7039,2023-06-27 12:45:00,194.66,194.66,194.43,194.56,1729
7040,2023-06-27 13:15:00,194.56,194.61,194.45,194.58,2000
7041,2023-06-27 13:45:00,194.58,194.75,194.51,194.74,4806
7042,2023-06-27 14:15:00,194.74,195.11,194.74,194.88,14599
7043,2023-06-27 14:45:00,194.88,195.32,194.83,195.32,60677
7044,2023-06-27 15:15:00,195.32,195.37,195.06,195.06,3176
7045,2023-06-28 09:15:00,196.11,196.11,195.64,195.93,95046
7046,2023-06-28 09:45:00,195.94,196.05,195.81,196.0,16076
7047,2023-06-28 10:15:00,196.0,196.41,195.9,196.41,25639
7048,2023-06-28 10:45:00,196.41,196.59,196.35,196.55,16268
7049,2023-06-28 11:15:00,196.55,196.8,196.46,196.79,13367
7050,2023-06-28 11:45:00,196.79,196.95,196.68,196.79,12862
7051,2023-06-28 12:15:00,196.68,196.9,196.65,196.85,10779
7052,2023-06-28 12:45:00,196.85,197.05,196.67,197.0,18716
7053,2023-06-28 13:15:00,197.05,197.2,197.03,197.2,24895
7054,2023-06-28 13:45:00,197.2,197.23,196.89,196.89,13275
7055,2023-06-28 14:15:00,196.89,197.17,196.88,196.94,30254
7056,2023-06-28 14:45:00,196.94,196.98,196.63,196.9,224225
7057,2023-06-28 15:15:00,196.9,197.0,196.77,196.89,60159
7058,2023-06-30 09:15:00,197.64,198.24,197.42,198.24,40971
7059,2023-06-30 09:45:00,198.24,198.24,197.5,197.95,1227782
7060,2023-06-30 10:15:00,197.95,198.05,197.88,197.96,498755
7061,2023-06-30 10:45:00,197.96,198.2,197.93,198.0,1404334
7062,2023-06-30 11:15:00,198.0,198.24,197.99,198.1,1761276
7063,2023-06-30 11:45:00,198.18,198.3,198.08,198.27,996313
7064,2023-06-30 12:15:00,198.27,198.5,198.25,198.49,42412
7065,2023-06-30 12:45:00,198.49,198.68,198.38,198.6,13957
7066,2023-06-30 13:15:00,198.6,198.76,198.56,198.68,87669
7067,2023-06-30 13:45:00,198.68,198.75,198.52,198.67,17239
7068,2023-06-30 14:15:00,198.67,198.88,198.58,198.8,13197
7069,2023-06-30 14:45:00,198.8,199.11,198.76,199.11,86183
7070,2023-06-30 15:15:00,199.1,199.22,199.07,199.07,39625
7071,2023-07-03 09:15:00,199.19,200.31,199.19,200.2,1651642
7072,2023-07-03 09:45:00,200.2,200.5,200.14,200.4,1073023
7073,2023-07-03 10:15:00,200.41,200.69,200.24,200.25,721607
7074,2023-07-03 10:45:00,200.25,200.4,199.89,200.0,551137
7075,2023-07-03 11:15:00,200.0,200.15,199.76,200.14,38244
7076,2023-07-03 11:45:00,200.14,200.25,200.02,200.15,2562636
7077,2023-07-03 12:15:00,200.15,200.4,200.08,200.3,3981541
7078,2023-07-03 12:45:00,200.35,200.46,200.15,200.25,1391340
7079,2023-07-03 13:15:00,200.25,200.4,200.05,200.36,948843
7080,2023-07-03 13:45:00,200.36,200.49,200.29,200.29,11055
7081,2023-07-03 14:15:00,200.29,200.55,200.25,200.32,13523
7082,2023-07-03 14:45:00,200.39,200.49,200.08,200.35,11618
7083,2023-07-03 15:15:00,200.35,200.7,200.35,200.57,35501
7084,2023-07-04 09:15:00,201.0,201.35,200.7,200.7,212313
7085,2023-07-04 09:45:00,200.7,200.8,200.23,200.41,2269790
7086,2023-07-04 10:15:00,200.49,200.7,200.35,200.62,1005091
7087,2023-07-04 10:45:00,200.62,200.74,200.47,200.56,997711
7088,2023-07-04 11:15:00,200.67,200.76,200.51,200.64,998619
7089,2023-07-04 11:45:00,200.64,201.0,200.6,200.98,566210
7090,2023-07-04 12:15:00,201.0,201.25,201.0,201.16,50561
7091,2023-07-04 12:45:00,201.16,201.26,201.07,201.11,4863
7092,2023-07-04 13:15:00,201.11,201.61,201.11,201.5,13391
7093,2023-07-04 13:45:00,201.5,201.6,201.0,201.0,266089
7094,2023-07-04 14:15:00,201.0,201.29,200.9,201.2,25087
7095,2023-07-04 14:45:00,201.2,201.23,201.01,201.19,40641
7096,2023-07-04 15:15:00,201.19,201.21,201.01,201.17,5845
7097,2023-07-05 09:15:00,200.96,201.5,200.84,201.12,8957
7098,2023-07-05 09:45:00,201.12,201.32,201.0,201.29,5670
7099,2023-07-05 10:15:00,201.29,201.3,201.0,201.01,4839
7100,2023-07-05 10:45:00,201.01,201.27,201.01,201.17,20306
7101,2023-07-05 11:15:00,201.15,201.38,201.05,201.35,14547
7102,2023-07-05 11:45:00,201.35,201.42,201.07,201.21,14653
7103,2023-07-05 12:15:00,201.31,201.37,201.1,201.3,44614
7104,2023-07-05 12:45:00,201.3,201.4,201.09,201.33,5587
7105,2023-07-05 13:15:00,201.33,201.42,200.82,201.04,10954
7106,2023-07-05 13:45:00,201.04,201.32,201.0,201.24,4095
7107,2023-07-05 14:15:00,201.24,201.24,200.78,200.9,5200
7108,2023-07-05 14:45:00,200.9,201.5,200.81,201.5,12917
7109,2023-07-05 15:15:00,201.49,201.56,201.35,201.39,6068
7110,2023-07-06 09:15:00,201.26,201.64,201.0,201.43,14152
7111,2023-07-06 09:45:00,201.43,201.91,201.33,201.86,12743
7112,2023-07-06 10:15:00,201.86,201.99,201.67,201.83,4527
7113,2023-07-06 10:45:00,201.67,201.97,201.66,201.82,11550
7114,2023-07-06 11:15:00,201.94,202.0,201.76,201.99,205800
7115,2023-07-06 11:45:00,201.99,202.0,201.73,201.75,1092599
7116,2023-07-06 12:15:00,201.81,201.95,201.6,201.69,1985871
7117,2023-07-06 12:45:00,201.69,201.94,201.58,201.7,2412096
7118,2023-07-06 13:15:00,201.69,201.92,201.5,201.89,2341041
7119,2023-07-06 13:45:00,201.89,201.95,201.6,201.8,2345462
7120,2023-07-06 14:15:00,201.8,202.19,201.71,202.19,1187894
7121,2023-07-06 14:45:00,202.04,202.35,202.03,202.35,12661
7122,2023-07-06 15:15:00,202.35,202.35,202.13,202.21,8782
7123,2023-07-07 09:15:00,201.46,202.3,201.46,202.15,102683
7124,2023-07-07 09:45:00,202.15,202.5,202.08,202.17,657689
7125,2023-07-07 10:15:00,202.17,202.3,201.84,201.92,418503
7126,2023-07-07 10:45:00,201.85,201.85,201.37,201.57,531405
7127,2023-07-07 11:15:00,201.57,201.68,201.02,201.12,253808
7128,2023-07-07 11:45:00,201.12,201.32,200.87,201.16,708814
7129,2023-07-07 12:15:00,201.16,201.18,200.82,200.89,417751
7130,2023-07-07 12:45:00,200.89,201.06,200.77,200.89,721066
7131,2023-07-07 13:15:00,200.89,201.1,200.75,200.81,1493024
7132,2023-07-07 13:45:00,200.9,201.08,200.72,200.92,864298
7133,2023-07-07 14:15:00,201.04,201.5,200.88,201.5,353165
7134,2023-07-07 14:45:00,201.43,201.47,200.61,200.69,44523
7135,2023-07-07 15:15:00,200.69,200.78,200.42,200.73,48322
7136,2023-07-10 09:15:00,201.69,201.69,200.77,201.34,75734
7137,2023-07-10 09:45:00,201.31,201.61,201.2,201.53,34300
7138,2023-07-10 10:15:00,201.53,201.83,201.47,201.75,18809
7139,2023-07-10 10:45:00,201.75,201.79,201.4,201.49,22718
7140,2023-07-10 11:15:00,201.49,201.49,200.91,201.1,18736
7141,2023-07-10 11:45:00,201.1,201.15,200.85,200.89,7606
7142,2023-07-10 12:15:00,200.89,201.25,200.89,201.24,25742
7143,2023-07-10 12:45:00,201.24,201.28,201.07,201.25,131686
7144,2023-07-10 13:15:00,201.25,201.3,201.2,201.25,337120
7145,2023-07-10 13:45:00,201.25,201.3,201.09,201.22,1094685
7146,2023-07-10 14:15:00,201.22,201.25,200.9,200.96,404333
7147,2023-07-10 14:45:00,200.9,201.08,200.5,200.92,1787449
7148,2023-07-10 15:15:00,200.92,201.05,200.81,200.82,15177
7149,2023-07-11 09:15:00,201.52,201.99,201.39,201.99,154866
7150,2023-07-11 09:45:00,201.99,202.18,201.95,202.09,4554
7151,2023-07-11 10:15:00,202.09,202.25,201.9,202.25,5391
7152,2023-07-11 10:45:00,202.2,202.35,202.15,202.35,16457
7153,2023-07-11 11:15:00,202.35,202.39,202.15,202.27,39548
7154,2023-07-11 11:45:00,202.27,202.47,202.21,202.35,5462
7155,2023-07-11 12:15:00,202.35,202.35,202.02,202.11,2833
7156,2023-07-11 12:45:00,202.11,202.3,202.02,202.16,10336
7157,2023-07-11 13:15:00,202.16,202.33,202.1,202.17,19310
7158,2023-07-11 13:45:00,202.17,202.21,201.91,202.08,3357
7159,2023-07-11 14:15:00,202.08,202.08,201.8,201.9,11158
7160,2023-07-11 14:45:00,201.9,202.08,201.6,201.7,7684
7161,2023-07-11 15:15:00,201.7,202.22,201.63,201.82,23261
7162,2023-07-12 09:15:00,202.43,202.44,201.9,202.13,231190
7163,2023-07-12 09:45:00,202.13,202.34,201.9,201.93,61510
7164,2023-07-12 10:15:00,202.16,202.18,201.7,202.1,4058
7165,2023-07-12 10:45:00,202.1,202.29,201.99,202.11,5353
7166,2023-07-12 11:15:00,202.11,202.11,201.75,201.78,3477
7167,2023-07-12 11:45:00,201.75,201.8,201.51,201.78,4564
7168,2023-07-12 12:15:00,201.78,201.88,201.55,201.88,11794
7169,2023-07-12 12:45:00,201.88,202.0,201.7,201.94,25503
7170,2023-07-12 13:15:00,201.94,202.08,201.88,202.07,7953
7171,2023-07-12 13:45:00,202.07,202.1,201.85,201.85,1333
7172,2023-07-12 14:15:00,201.85,202.09,201.71,201.95,3069
7173,2023-07-12 14:45:00,202.01,202.03,201.23,201.29,11087
7174,2023-07-12 15:15:00,201.31,201.67,201.24,201.47,3834
7175,2023-07-13 09:15:00,202.11,202.61,201.71,202.55,44702
7176,2023-07-13 09:45:00,202.55,203.0,202.55,203.0,36872
7177,2023-07-13 10:15:00,203.0,203.05,202.8,202.9,74606
7178,2023-07-13 10:45:00,202.9,203.1,202.9,203.08,5644
7179,2023-07-13 11:15:00,203.08,203.19,202.89,202.9,7586
7180,2023-07-13 11:45:00,202.9,203.17,202.9,203.01,1567
7181,2023-07-13 12:15:00,203.11,203.11,202.89,203.02,13181
7182,2023-07-13 12:45:00,203.02,203.02,202.78,202.9,4606
7183,2023-07-13 13:15:00,202.9,202.9,202.56,202.56,53139
7184,2023-07-13 13:45:00,202.55,202.76,202.0,202.01,11958
7185,2023-07-13 14:15:00,202.01,202.31,201.63,201.75,5053
7186,2023-07-13 14:45:00,201.75,201.93,201.4,201.64,20508
7187,2023-07-13 15:15:00,201.64,202.09,201.64,201.74,10607
7188,2023-07-14 09:15:00,201.74,202.6,201.74,202.07,14064
7189,2023-07-14 09:45:00,202.02,202.32,202.0,202.28,14376
7190,2023-07-14 10:15:00,202.28,202.41,202.0,202.3,10459
7191,2023-07-14 10:45:00,202.3,202.5,202.0,202.43,2451
7192,2023-07-14 11:15:00,202.43,202.57,202.08,202.37,35401
7193,2023-07-14 11:45:00,202.37,202.48,202.01,202.48,8383
7194,2023-07-14 12:15:00,202.48,202.48,202.24,202.45,1462
7195,2023-07-14 12:45:00,202.45,202.48,202.25,202.48,4246
7196,2023-07-14 13:15:00,202.48,202.55,202.13,202.55,15887
7197,2023-07-14 13:45:00,202.55,202.7,202.36,202.64,8922
7198,2023-07-14 14:15:00,202.64,202.7,202.36,202.56,5175
7199,2023-07-14 14:45:00,202.56,203.23,202.39,203.19,8409
7200,2023-07-14 15:15:00,203.1,203.5,203.1,203.17,14991
7201,2023-07-17 09:15:00,203.03,203.8,203.03,203.34,28846
7202,2023-07-17 09:45:00,203.34,203.89,203.34,203.8,23425
7203,2023-07-17 10:15:00,203.8,203.93,203.62,203.72,62736
7204,2023-07-17 10:45:00,203.72,203.89,203.65,203.81,30121
7205,2023-07-17 11:15:00,203.81,203.85,203.51,203.8,18230
7206,2023-07-17 11:45:00,203.8,203.9,203.61,203.85,16657
7207,2023-07-17 12:15:00,203.85,204.09,203.73,203.76,31289
7208,2023-07-17 12:45:00,203.76,204.1,203.76,204.08,5087
7209,2023-07-17 13:15:00,204.08,204.2,203.93,204.2,117482
7210,2023-07-17 13:45:00,204.2,204.25,204.01,204.02,33296
7211,2023-07-17 14:15:00,204.02,204.3,204.02,204.3,34662
7212,2023-07-17 14:45:00,204.3,204.82,204.21,204.82,50837
7213,2023-07-17 15:15:00,204.82,205.0,204.7,204.73,16915
7214,2023-07-18 09:15:00,205.89,205.9,204.96,205.16,61708
7215,2023-07-18 09:45:00,205.16,205.51,205.03,205.26,145205
7216,2023-07-18 10:15:00,205.2,205.6,205.15,205.4,16173
7217,2023-07-18 10:45:00,205.4,206.05,205.18,205.98,305214
7218,2023-07-18 11:15:00,205.98,205.98,204.77,204.77,9034
7219,2023-07-18 11:45:00,204.77,205.17,204.73,204.73,9582
7220,2023-07-18 12:15:00,204.73,205.38,204.73,205.28,6548
7221,2023-07-18 12:45:00,205.28,205.35,204.85,204.95,3971
7222,2023-07-18 13:15:00,204.95,205.25,204.88,205.22,5054
7223,2023-07-18 13:45:00,205.22,205.5,205.2,205.35,29178
7224,2023-07-18 14:15:00,205.35,205.39,204.93,205.23,26227
7225,2023-07-18 14:45:00,205.23,205.38,204.86,205.16,9975
7226,2023-07-18 15:15:00,205.16,205.34,205.01,205.16,4533
7227,2023-07-19 09:15:00,205.16,206.0,205.16,205.65,11092
7228,2023-07-19 09:45:00,205.65,206.0,205.65,205.98,6298
7229,2023-07-19 10:15:00,205.98,205.98,205.61,205.61,35177
7230,2023-07-19 10:45:00,205.61,205.82,205.29,205.29,7639
7231,2023-07-19 11:15:00,205.29,205.6,205.03,205.4,11870
7232,2023-07-19 11:45:00,205.4,205.52,205.0,205.06,7420
7233,2023-07-19 12:15:00,205.06,205.59,205.06,205.39,3457
7234,2023-07-19 12:45:00,205.39,205.6,205.39,205.6,20436
7235,2023-07-19 13:15:00,205.6,205.6,205.31,205.44,34671
7236,2023-07-19 13:45:00,205.44,205.6,205.42,205.59,2680
7237,2023-07-19 14:15:00,205.59,205.59,205.2,205.25,29920
7238,2023-07-19 14:45:00,205.25,206.0,205.17,206.0,54701
7239,2023-07-19 15:15:00,206.0,206.24,205.81,205.81,6679
7240,2023-07-20 09:15:00,205.98,206.0,205.26,205.61,18570
7241,2023-07-20 09:45:00,205.61,206.0,205.36,205.85,11080
7242,2023-07-20 10:15:00,205.89,205.9,205.65,205.7,6060
7243,2023-07-20 10:45:00,205.7,206.0,205.66,205.87,6225
7244,2023-07-20 11:15:00,205.87,206.0,205.65,205.95,6671
7245,2023-07-20 11:45:00,205.95,206.18,205.76,206.18,278458
7246,2023-07-20 12:15:00,206.18,206.43,206.05,206.41,26052
7247,2023-07-20 12:45:00,206.41,206.67,206.37,206.55,35432
7248,2023-07-20 13:15:00,206.55,206.88,206.46,206.58,29706
7249,2023-07-20 13:45:00,206.58,207.21,206.58,207.21,37048
7250,2023-07-20 14:15:00,207.21,207.57,207.1,207.47,36077
7251,2023-07-20 14:45:00,207.47,207.82,207.0,207.53,17171
7252,2023-07-20 15:15:00,207.53,207.7,207.16,207.46,41765
7253,2023-07-21 09:15:00,206.48,207.11,206.09,206.66,51910
7254,2023-07-21 09:45:00,206.66,206.7,206.45,206.7,18878
7255,2023-07-21 10:15:00,206.65,206.7,206.31,206.47,9088
7256,2023-07-21 10:45:00,206.47,206.49,205.68,205.71,18568
7257,2023-07-21 11:15:00,205.71,205.94,205.5,205.94,19148
7258,2023-07-21 11:45:00,205.94,205.94,205.56,205.6,37571
7259,2023-07-21 12:15:00,205.6,205.72,205.42,205.64,19709
7260,2023-07-21 12:45:00,205.64,205.99,205.5,205.99,17509
7261,2023-07-21 13:15:00,205.99,206.2,205.72,205.97,9490
7262,2023-07-21 13:45:00,205.97,206.07,205.4,205.6,4604
7263,2023-07-21 14:15:00,205.6,205.81,205.41,205.68,11436
7264,2023-07-21 14:45:00,205.68,205.7,205.05,205.67,27069
7265,2023-07-21 15:15:00,205.67,206.0,205.5,205.52,6372
7266,2023-07-24 09:15:00,205.9,205.9,204.94,205.23,35646
7267,2023-07-24 09:45:00,205.23,205.55,204.82,205.53,21794
7268,2023-07-24 10:15:00,205.53,205.99,205.3,205.94,9626
7269,2023-07-24 10:45:00,205.94,205.94,205.43,205.77,8455
7270,2023-07-24 11:15:00,205.79,205.79,205.17,205.3,32387
7271,2023-07-24 11:45:00,205.3,205.32,204.8,205.32,15834
7272,2023-07-24 12:15:00,205.32,205.56,205.11,205.56,11800
7273,2023-07-24 12:45:00,205.56,205.85,205.43,205.71,16916
7274,2023-07-24 13:15:00,205.72,205.88,205.54,205.77,2848
7275,2023-07-24 13:45:00,205.77,205.9,205.54,205.77,11772
7276,2023-07-24 14:15:00,205.77,205.77,205.18,205.5,11650
7277,2023-07-24 14:45:00,205.5,205.5,204.82,204.88,7700
7278,2023-07-24 15:15:00,204.88,205.08,204.75,204.84,21285
7279,2023-07-25 09:15:00,205.74,206.0,204.94,205.14,20780
7280,2023-07-25 09:45:00,205.14,205.14,204.8,205.0,14531
7281,2023-07-25 10:15:00,205.02,205.02,204.58,204.77,8831
7282,2023-07-25 10:45:00,204.92,204.99,204.64,204.95,6967
7283,2023-07-25 11:15:00,204.95,204.95,204.65,204.76,12683
7284,2023-07-25 11:45:00,204.76,204.98,204.62,204.78,12090
7285,2023-07-25 12:15:00,204.78,205.23,204.77,204.87,5404
7286,2023-07-25 12:45:00,204.87,205.04,204.78,204.78,5359
7287,2023-07-25 13:15:00,204.78,204.8,204.32,204.65,6194
7288,2023-07-25 13:45:00,204.65,204.71,204.49,204.66,3296
7289,2023-07-25 14:15:00,204.66,205.08,204.65,204.86,6285
7290,2023-07-25 14:45:00,204.99,205.14,204.7,204.8,3623
7291,2023-07-25 15:15:00,204.8,204.9,204.7,204.77,4985
7292,2023-07-26 09:15:00,205.24,205.78,205.05,205.44,180623
7293,2023-07-26 09:45:00,205.44,206.28,205.44,206.21,39075
7294,2023-07-26 10:15:00,206.21,206.39,206.06,206.3,21027
7295,2023-07-26 10:45:00,206.3,206.3,206.1,206.1,5203
7296,2023-07-26 11:15:00,206.1,206.3,206.1,206.1,31014
7297,2023-07-26 11:45:00,206.1,206.25,206.1,206.2,2777
7298,2023-07-26 12:15:00,206.2,206.24,205.78,205.99,11922
7299,2023-07-26 12:45:00,205.99,206.16,205.8,205.9,1728
7300,2023-07-26 13:15:00,205.9,206.28,205.9,206.06,2121
7301,2023-07-26 13:45:00,206.06,206.24,205.84,206.09,1052
7302,2023-07-26 14:15:00,206.09,206.35,206.0,206.16,14152
7303,2023-07-26 14:45:00,206.16,206.16,205.59,205.88,3420
7304,2023-07-26 15:15:00,205.88,205.98,205.57,205.57,297671
7305,2023-07-27 09:15:00,206.46,206.8,205.9,206.69,200264
7306,2023-07-27 09:45:00,206.69,206.69,206.12,206.25,18026
7307,2023-07-27 10:15:00,206.25,206.43,206.02,206.12,5396
7308,2023-07-27 10:45:00,206.12,206.22,205.91,206.09,19894
7309,2023-07-27 11:15:00,206.09,206.09,205.4,205.56,20338
7310,2023-07-27 11:45:00,205.56,205.79,205.35,205.51,4982
7311,2023-07-27 12:15:00,205.51,205.68,205.35,205.54,2940
7312,2023-07-27 12:45:00,205.54,205.64,205.2,205.54,2541
7313,2023-07-27 13:15:00,205.54,205.73,205.05,205.23,6471
7314,2023-07-27 13:45:00,205.23,205.28,204.9,205.17,10782
7315,2023-07-27 14:15:00,205.17,205.25,204.35,204.52,47083
7316,2023-07-27 14:45:00,204.52,204.88,204.09,204.88,67506
7317,2023-07-27 15:15:00,204.88,205.25,204.56,204.56,10217
7318,2023-07-28 09:15:00,204.89,204.89,204.13,204.5,22063
7319,2023-07-28 09:45:00,204.5,204.82,204.24,204.36,13998
7320,2023-07-28 10:15:00,204.36,204.49,204.03,204.4,13522
7321,2023-07-28 10:45:00,204.4,204.43,204.21,204.24,41392
7322,2023-07-28 11:15:00,204.3,204.33,204.02,204.03,8045
7323,2023-07-28 11:45:00,204.03,204.12,203.9,203.97,8150
7324,2023-07-28 12:15:00,203.97,204.22,203.8,204.22,27365
7325,2023-07-28 12:45:00,204.22,204.22,203.84,204.18,3545
7326,2023-07-28 13:15:00,204.18,204.19,203.82,203.83,78969
7327,2023-07-28 13:45:00,203.83,204.14,203.83,204.14,37664
7328,2023-07-28 14:15:00,204.14,204.38,204.0,204.0,54667
7329,2023-07-28 14:45:00,204.0,204.77,204.0,204.64,42406
7330,2023-07-28 15:15:00,204.65,204.7,204.36,204.61,13294
7331,2023-07-31 09:15:00,204.88,205.49,204.27,204.66,36597
7332,2023-07-31 09:45:00,204.67,204.94,204.55,204.93,16835
7333,2023-07-31 10:15:00,204.93,205.14,204.77,205.13,108672
7334,2023-07-31 10:45:00,205.09,205.23,205.0,205.2,8774
7335,2023-07-31 11:15:00,205.15,205.48,205.03,205.3,7733
7336,2023-07-31 11:45:00,205.26,205.4,205.05,205.35,7786
7337,2023-07-31 12:15:00,205.35,205.37,204.9,205.04,9435
7338,2023-07-31 12:45:00,205.04,205.18,204.53,205.09,103646
7339,2023-07-31 13:15:00,205.09,205.19,204.82,205.09,3554
7340,2023-07-31 13:45:00,205.09,205.18,204.81,205.0,4842
7341,2023-07-31 14:15:00,205.0,205.22,204.96,205.2,2831
7342,2023-07-31 14:45:00,205.2,205.62,204.86,205.45,13441
7343,2023-07-31 15:15:00,205.45,205.96,205.1,205.52,24199
7344,2023-08-01 09:15:00,205.8,206.0,205.53,205.79,11795
7345,2023-08-01 09:45:00,205.79,206.16,205.75,206.06,16290
7346,2023-08-01 10:15:00,206.06,206.1,205.5,205.5,10918
7347,2023-08-01 10:45:00,205.5,205.75,205.4,205.62,10748
7348,2023-08-01 11:15:00,205.62,205.74,205.38,205.63,9167
7349,2023-08-01 11:45:00,205.63,205.68,205.33,205.53,6795
7350,2023-08-01 12:15:00,205.53,205.61,205.25,205.38,8019
7351,2023-08-01 12:45:00,205.38,205.52,205.22,205.52,1988
7352,2023-08-01 13:15:00,205.52,205.82,205.3,205.74,2920
7353,2023-08-01 13:45:00,205.74,205.79,205.36,205.6,1600
7354,2023-08-01 14:15:00,205.6,205.9,205.47,205.7,5370
7355,2023-08-01 14:45:00,205.7,205.84,205.46,205.61,19651
7356,2023-08-01 15:15:00,205.62,206.0,205.37,205.44,12864
7357,2023-08-02 09:15:00,205.14,205.15,204.42,204.55,13117
7358,2023-08-02 09:45:00,204.54,204.69,204.4,204.45,8881
7359,2023-08-02 10:15:00,204.4,204.47,204.0,204.06,19736
7360,2023-08-02 10:45:00,204.06,204.1,203.51,203.88,12506
7361,2023-08-02 11:15:00,203.88,203.89,203.5,203.69,13508
7362,2023-08-02 11:45:00,203.69,203.78,203.55,203.73,37503
7363,2023-08-02 12:15:00,203.73,203.89,203.5,203.87,9992
7364,2023-08-02 12:45:00,203.87,203.87,203.4,203.45,8307
7365,2023-08-02 13:15:00,203.45,203.45,202.7,202.73,47729
7366,2023-08-02 13:45:00,202.71,202.92,202.5,202.57,222662
7367,2023-08-02 14:15:00,202.57,202.93,202.5,202.85,25605
7368,2023-08-02 14:45:00,202.85,203.56,202.78,203.54,14175
7369,2023-08-02 15:15:00,203.54,203.62,203.4,203.43,9874
7370,2023-08-03 09:15:00,203.35,203.5,202.75,203.21,19141
7371,2023-08-03 09:45:00,203.21,203.55,203.0,203.14,10193
7372,2023-08-03 10:15:00,203.14,203.24,202.9,203.04,9313
7373,2023-08-03 10:45:00,203.06,203.43,202.9,203.28,8434
7374,2023-08-03 11:15:00,203.28,203.33,203.02,203.27,5689
7375,2023-08-03 11:45:00,203.27,203.34,202.81,202.9,4324
7376,2023-08-03 12:15:00,202.86,202.86,202.25,202.25,20646
7377,2023-08-03 12:45:00,202.25,202.25,201.7,201.76,19360
7378,2023-08-03 13:15:00,201.76,201.91,201.55,201.58,36967
7379,2023-08-03 13:45:00,201.54,201.72,201.15,201.34,201822
7380,2023-08-03 14:15:00,201.34,201.74,201.2,201.42,14272
7381,2023-08-03 14:45:00,201.42,202.0,201.25,202.0,13236
7382,2023-08-03 15:15:00,202.0,202.5,201.96,202.0,88340
7383,2023-08-04 09:15:00,202.32,203.18,202.32,202.42,12686
7384,2023-08-04 09:45:00,202.42,202.8,202.34,202.8,8715
7385,2023-08-04 10:15:00,202.8,203.0,202.62,202.8,5978
7386,2023-08-04 10:45:00,202.8,203.0,202.6,202.94,8657
7387,2023-08-04 11:15:00,202.94,203.45,202.85,203.16,4747
7388,2023-08-04 11:45:00,203.16,203.5,203.03,203.33,6111
7389,2023-08-04 12:15:00,203.33,203.45,203.03,203.27,25570
7390,2023-08-04 12:45:00,203.27,203.4,203.1,203.17,3392
7391,2023-08-04 13:15:00,203.17,203.2,202.53,202.92,14243
7392,2023-08-04 13:45:00,202.87,202.95,202.62,202.91,6948
7393,2023-08-04 14:15:00,202.91,203.32,202.75,203.28,4784
7394,2023-08-04 14:45:00,203.28,203.45,203.0,203.33,3780
7395,2023-08-04 15:15:00,203.33,203.49,203.12,203.31,11118
7396,2023-08-07 09:15:00,204.19,204.19,203.25,203.58,25256
7397,2023-08-07 09:45:00,203.58,203.91,203.45,203.89,30598
7398,2023-08-07 10:15:00,203.8,203.95,203.61,203.77,14785
7399,2023-08-07 10:45:00,203.9,203.9,203.55,203.56,4183
7400,2023-08-07 11:15:00,203.56,203.7,203.56,203.7,50152
7401,2023-08-07 11:45:00,203.61,203.7,203.56,203.56,7784
7402,2023-08-07 12:15:00,203.56,204.0,203.56,204.0,715216
7403,2023-08-07 12:45:00,204.0,204.26,203.94,204.15,715776
7404,2023-08-07 13:15:00,204.15,204.44,204.13,204.24,4420
7405,2023-08-07 13:45:00,204.24,204.36,203.98,204.17,3182
7406,2023-08-07 14:15:00,204.17,204.35,203.9,204.28,4750
7407,2023-08-07 14:45:00,204.28,204.35,203.91,204.09,5044
7408,2023-08-07 15:15:00,204.09,204.4,204.09,204.18,8632
7409,2023-08-08 09:15:00,204.17,204.48,204.03,204.17,4952
7410,2023-08-08 09:45:00,204.17,204.32,204.0,204.25,4304
7411,2023-08-08 10:15:00,204.25,204.28,204.14,204.28,2809
7412,2023-08-08 10:45:00,204.28,204.28,203.9,203.9,4451
7413,2023-08-08 11:15:00,203.9,203.91,203.52,203.81,12063
7414,2023-08-08 11:45:00,203.81,204.03,203.7,204.03,2005
7415,2023-08-08 12:15:00,204.03,204.1,203.82,203.98,2555
7416,2023-08-08 12:45:00,203.96,204.07,203.8,204.01,2644
7417,2023-08-08 13:15:00,204.01,204.2,203.94,204.01,2156
7418,2023-08-08 13:45:00,204.01,204.15,203.88,204.12,8276
7419,2023-08-08 14:15:00,204.12,204.28,203.97,204.05,1482
7420,2023-08-08 14:45:00,204.0,204.08,203.8,204.0,4541
7421,2023-08-08 15:15:00,204.0,204.01,203.88,203.97,1609
7422,2023-08-09 09:15:00,204.11,204.11,203.41,203.49,5247
7423,2023-08-09 09:45:00,203.49,203.56,203.3,203.46,10710
7424,2023-08-09 10:15:00,203.46,203.46,203.12,203.32,4550
7425,2023-08-09 10:45:00,203.32,203.32,203.02,203.23,4867
7426,2023-08-09 11:15:00,203.23,203.34,203.1,203.33,4733
7427,2023-08-09 11:45:00,203.33,203.36,203.06,203.28,6143
7428,2023-08-09 12:15:00,203.28,203.4,203.13,203.25,2501
7429,2023-08-09 12:45:00,203.25,203.54,203.25,203.4,1613
7430,2023-08-09 13:15:00,203.4,203.52,203.28,203.52,3961
7431,2023-08-09 13:45:00,203.52,203.72,203.41,203.56,9443
7432,2023-08-09 14:15:00,203.56,204.18,203.53,203.94,2912
7433,2023-08-09 14:45:00,204.19,204.74,204.06,204.74,9199
7434,2023-08-09 15:15:00,204.74,204.85,204.57,204.62,3498
7435,2023-08-10 09:15:00,204.32,204.38,203.94,204.16,6136
7436,2023-08-10 09:45:00,204.16,204.61,204.05,204.6,9994
7437,2023-08-10 10:15:00,204.6,204.62,203.0,203.29,62540
7438,2023-08-10 10:45:00,203.29,203.6,203.29,203.52,867423
7439,2023-08-10 11:15:00,203.43,203.51,203.25,203.31,120743
7440,2023-08-10 11:45:00,203.36,203.81,203.3,203.3,295842
7441,2023-08-10 12:15:00,203.3,203.7,203.3,203.55,464857
7442,2023-08-10 12:45:00,203.6,203.88,203.45,203.67,548643
7443,2023-08-10 13:15:00,203.66,203.9,203.25,203.3,252040
7444,2023-08-10 13:45:00,203.3,203.31,203.18,203.3,219621
7445,2023-08-10 14:15:00,203.3,203.32,203.15,203.27,105705
7446,2023-08-10 14:45:00,203.27,203.51,203.13,203.37,430075
7447,2023-08-10 15:15:00,203.37,203.5,203.18,203.18,12399
7448,2023-08-11 09:15:00,203.54,203.54,202.71,202.88,12609
7449,2023-08-11 09:45:00,202.85,203.06,202.76,202.82,14657
7450,2023-08-11 10:15:00,202.82,203.06,202.82,202.84,5983
7451,2023-08-11 10:45:00,202.84,203.02,202.61,202.88,6640
7452,2023-08-11 11:15:00,202.8,202.98,202.7,202.74,11234
7453,2023-08-11 11:45:00,202.74,202.89,202.67,202.84,29532
7454,2023-08-11 12:15:00,202.84,202.89,202.69,202.89,10791
7455,2023-08-11 12:45:00,202.89,203.23,202.77,203.23,4190
7456,2023-08-11 13:15:00,203.23,203.27,202.79,202.93,22181
7457,2023-08-11 13:45:00,202.93,203.14,202.83,203.03,10299
7458,2023-08-11 14:15:00,203.03,203.2,202.78,203.04,2429
7459,2023-08-11 14:45:00,203.04,203.19,202.62,202.66,6121
7460,2023-08-11 15:15:00,202.66,202.9,202.62,202.75,11776
7461,2023-08-14 09:15:00,201.8,202.0,201.05,201.29,49783
7462,2023-08-14 09:45:00,201.4,201.58,201.29,201.56,32180
7463,2023-08-14 10:15:00,201.56,201.61,201.4,201.56,39204
7464,2023-08-14 10:45:00,201.56,201.64,201.45,201.6,12579
7465,2023-08-14 11:15:00,201.54,201.99,201.5,201.97,12533
7466,2023-08-14 11:45:00,201.97,202.23,201.77,202.23,8531
7467,2023-08-14 12:15:00,202.23,202.27,201.9,201.91,9894
7468,2023-08-14 12:45:00,201.91,202.14,201.82,201.93,5289
7469,2023-08-14 13:15:00,201.93,202.44,201.93,202.23,4171
7470,2023-08-14 13:45:00,202.23,202.71,202.21,202.65,8164
7471,2023-08-14 14:15:00,202.65,202.69,202.3,202.62,53299
7472,2023-08-14 14:45:00,202.62,203.0,202.47,202.61,6055
7473,2023-08-14 15:15:00,202.61,202.89,202.53,202.79,3766
7474,2023-08-16 09:15:00,202.0,202.53,201.6,202.12,19624
7475,2023-08-16 09:45:00,202.12,202.25,201.89,202.24,11970
7476,2023-08-16 10:15:00,202.24,202.38,202.1,202.25,9876
7477,2023-08-16 10:45:00,202.25,202.36,202.0,202.23,14628
7478,2023-08-16 11:15:00,202.23,202.34,201.88,201.95,11947
7479,2023-08-16 11:45:00,201.95,202.29,201.88,202.15,8664
7480,2023-08-16 12:15:00,202.15,202.49,202.15,202.48,4509
7481,2023-08-16 12:45:00,202.48,202.69,202.32,202.69,4971
7482,2023-08-16 13:15:00,202.69,202.84,202.54,202.71,2224
7483,2023-08-16 13:45:00,202.71,202.79,202.45,202.66,2143
7484,2023-08-16 14:15:00,202.66,202.9,202.57,202.78,1363
7485,2023-08-16 14:45:00,202.7,203.0,202.65,202.94,16086
7486,2023-08-16 15:15:00,202.94,203.05,202.8,202.85,7029
7487,2023-08-17 09:15:00,203.15,203.15,202.19,202.33,36090
7488,2023-08-17 09:45:00,202.33,202.58,202.23,202.5,31247
7489,2023-08-17 10:15:00,202.5,202.63,202.17,202.45,9927
7490,2023-08-17 10:45:00,202.45,202.62,202.18,202.33,5520
7491,2023-08-17 11:15:00,202.33,202.33,202.03,202.24,6918
7492,2023-08-17 11:45:00,202.24,202.26,201.91,201.91,10749
7493,2023-08-17 12:15:00,201.91,202.13,201.9,201.92,3220
7494,2023-08-17 12:45:00,201.85,202.02,201.69,201.69,10651
7495,2023-08-17 13:15:00,201.69,202.03,201.69,202.03,3519
7496,2023-08-17 13:45:00,202.03,202.15,201.84,202.13,2668
7497,2023-08-17 14:15:00,202.13,202.25,201.9,202.03,2879
7498,2023-08-17 14:45:00,202.03,202.31,201.83,202.0,76066
7499,2023-08-17 15:15:00,202.0,202.04,201.76,201.92,57201
7500,2023-08-18 09:15:00,201.01,201.74,201.0,201.29,77705
7501,2023-08-18 09:45:00,201.2,201.33,201.0,201.12,31402
7502,2023-08-18 10:15:00,201.12,201.33,201.01,201.08,13150
7503,2023-08-18 10:45:00,201.08,201.27,201.0,201.24,12474
7504,2023-08-18 11:15:00,201.27,201.49,201.0,201.47,12463
7505,2023-08-18 11:45:00,201.47,201.62,201.34,201.55,4215
7506,2023-08-18 12:15:00,201.55,201.55,201.26,201.41,2899
7507,2023-08-18 12:45:00,201.41,201.42,201.0,201.06,15600
7508,2023-08-18 13:15:00,201.05,201.2,201.0,201.09,7780
7509,2023-08-18 13:45:00,201.09,202.04,201.04,201.97,23207
7510,2023-08-18 14:15:00,201.97,202.08,201.6,201.64,5619
7511,2023-08-18 14:45:00,201.64,201.93,201.53,201.64,10831
7512,2023-08-18 15:15:00,201.64,201.64,201.21,201.5,17255
7513,2023-08-21 09:15:00,201.48,203.0,201.11,201.98,14536
7514,2023-08-21 09:45:00,201.97,202.04,201.06,201.53,16052
7515,2023-08-21 10:15:00,201.53,202.05,201.27,202.02,5828
7516,2023-08-21 10:45:00,202.02,202.27,201.84,202.27,3852
7517,2023-08-21 11:15:00,202.27,202.32,201.7,202.19,29817
7518,2023-08-21 11:45:00,202.19,202.33,201.88,202.27,6305
7519,2023-08-21 12:15:00,202.27,202.29,202.0,202.15,1837
7520,2023-08-21 12:45:00,202.15,202.2,201.96,202.15,2685
7521,2023-08-21 13:15:00,202.15,202.2,201.86,202.05,16227
7522,2023-08-21 13:45:00,202.05,202.19,201.84,201.92,5773
7523,2023-08-21 14:15:00,201.92,202.09,201.85,201.88,1207
7524,2023-08-21 14:45:00,201.88,202.2,201.71,201.84,26400
7525,2023-08-21 15:15:00,201.85,202.04,201.68,202.04,2989
7526,2023-08-22 09:15:00,202.02,202.26,201.58,202.21,10352
7527,2023-08-22 09:45:00,202.21,202.36,201.85,202.07,64894
7528,2023-08-22 10:15:00,202.08,202.32,201.95,202.24,6801
7529,2023-08-22 10:45:00,202.24,202.24,201.76,201.8,258091
7530,2023-08-22 11:15:00,201.85,202.11,201.56,202.11,371651
7531,2023-08-22 11:45:00,202.17,202.25,201.86,202.22,339611
7532,2023-08-22 12:15:00,202.22,202.22,201.96,202.07,436914
7533,2023-08-22 12:45:00,202.07,202.27,202.01,202.25,342015
7534,2023-08-22 13:15:00,202.25,202.25,202.04,202.04,378486
7535,2023-08-22 13:45:00,202.04,202.14,201.86,202.08,359478
7536,2023-08-22 14:15:00,202.08,202.15,201.65,201.78,343307
7537,2023-08-22 14:45:00,201.78,201.99,201.65,201.68,315559
7538,2023-08-22 15:15:00,201.68,201.99,201.67,201.78,3864
7539,2023-08-23 09:15:00,202.0,202.13,201.79,202.12,71794
7540,2023-08-23 09:45:00,202.12,202.14,201.5,201.66,557216
7541,2023-08-23 10:15:00,201.65,201.84,201.5,201.7,234517
7542,2023-08-23 10:45:00,201.7,202.15,201.66,202.06,233784
7543,2023-08-23 11:15:00,202.02,202.4,201.91,202.15,238648
7544,2023-08-23 11:45:00,202.15,202.29,202.05,202.1,233565
7545,2023-08-23 12:15:00,202.1,202.54,202.05,202.39,234625
7546,2023-08-23 12:45:00,202.37,202.5,202.27,202.27,232505
7547,2023-08-23 13:15:00,202.27,202.55,202.22,202.41,235262
7548,2023-08-23 13:45:00,202.43,202.65,202.33,202.48,243383
7549,2023-08-23 14:15:00,202.48,202.63,202.35,202.47,235351
7550,2023-08-23 14:45:00,202.5,202.67,202.29,202.34,235570
7551,2023-08-23 15:15:00,202.34,202.59,202.34,202.35,7555
7552,2023-08-24 09:15:00,203.49,203.99,203.04,203.92,19643
7553,2023-08-24 09:45:00,203.92,204.0,203.51,203.63,73356
7554,2023-08-24 10:15:00,203.63,203.91,203.26,203.26,170932
7555,2023-08-24 10:45:00,203.26,203.67,202.91,203.0,260686
7556,2023-08-24 11:15:00,203.0,203.12,202.78,202.93,124190
7557,2023-08-24 11:45:00,202.93,203.17,202.38,202.5,233302
7558,2023-08-24 12:15:00,202.52,202.98,202.4,202.67,347849
7559,2023-08-24 12:45:00,202.67,202.81,202.17,202.17,342422
7560,2023-08-24 13:15:00,202.17,202.49,202.0,202.08,334155
7561,2023-08-24 13:45:00,202.08,202.57,202.01,202.27,348684
7562,2023-08-24 14:15:00,202.27,202.48,201.99,202.38,336053
7563,2023-08-24 14:45:00,202.66,202.66,201.9,201.99,387644
7564,2023-08-24 15:15:00,201.99,202.0,201.65,201.83,23290
7565,2023-08-25 09:15:00,201.0,201.3,200.6,201.29,64984
7566,2023-08-25 09:45:00,201.34,201.5,201.01,201.24,58845
7567,2023-08-25 10:15:00,201.23,201.23,200.63,200.74,11310
7568,2023-08-25 10:45:00,200.74,201.09,200.48,200.86,270267
7569,2023-08-25 11:15:00,200.85,201.38,200.64,201.27,358956
7570,2023-08-25 11:45:00,201.27,201.27,200.77,200.95,348387
7571,2023-08-25 12:15:00,200.77,201.15,200.7,200.86,346517
7572,2023-08-25 12:45:00,200.86,201.12,200.67,201.0,349852
7573,2023-08-25 13:15:00,201.0,201.14,200.81,200.92,349350
7574,2023-08-25 13:45:00,200.92,201.09,200.63,200.77,347860
7575,2023-08-25 14:15:00,200.77,200.88,200.5,200.67,347897
7576,2023-08-25 14:45:00,200.54,200.99,200.54,200.66,174928
7577,2023-08-25 15:15:00,200.66,200.73,200.4,200.6,20055
7578,2023-08-28 09:15:00,201.25,201.38,200.69,201.0,49820
7579,2023-08-28 09:45:00,200.95,201.2,200.8,201.0,9160
7580,2023-08-28 10:15:00,201.0,201.41,200.91,201.13,7093
7581,2023-08-28 10:45:00,201.13,201.38,201.1,201.34,8549
7582,2023-08-28 11:15:00,201.34,201.46,201.23,201.4,5281
7583,2023-08-28 11:45:00,201.4,201.4,201.16,201.29,3888
7584,2023-08-28 12:15:00,201.29,201.69,201.28,201.48,4193
7585,2023-08-28 12:45:00,201.48,201.68,201.4,201.49,14236
7586,2023-08-28 13:15:00,201.49,201.54,201.36,201.38,321748
7587,2023-08-28 13:45:00,201.38,201.66,201.24,201.26,996852
7588,2023-08-28 14:15:00,201.26,201.43,201.02,201.16,980666
7589,2023-08-28 14:45:00,201.16,201.48,201.0,201.15,583301
7590,2023-08-28 15:15:00,201.15,201.27,200.92,201.19,55658
7591,2023-08-29 09:15:00,201.56,201.82,201.31,201.73,14291
7592,2023-08-29 09:45:00,201.73,201.77,201.47,201.64,14150
7593,2023-08-29 10:15:00,201.64,201.7,201.26,201.34,129017
7594,2023-08-29 10:45:00,201.36,201.4,201.17,201.17,308984
7595,2023-08-29 11:15:00,201.17,201.4,201.14,201.28,334746
7596,2023-08-29 11:45:00,201.28,201.5,201.18,201.36,309069
7597,2023-08-29 12:15:00,201.36,201.55,201.26,201.32,307783
7598,2023-08-29 12:45:00,201.32,201.59,201.31,201.43,308708
7599,2023-08-29 13:15:00,201.43,201.65,201.38,201.5,308765
7600,2023-08-29 13:45:00,201.5,201.64,201.23,201.23,306638
7601,2023-08-29 14:15:00,201.23,201.41,201.01,201.13,325168
7602,2023-08-29 14:45:00,201.13,201.45,201.02,201.43,302946
7603,2023-08-29 15:15:00,201.43,201.62,201.25,201.25,6485
7604,2023-08-30 09:15:00,202.34,202.47,202.01,202.38,17866
7605,2023-08-30 09:45:00,202.3,202.5,202.3,202.47,5428
7606,2023-08-30 10:15:00,202.47,202.5,202.35,202.36,6484
7607,2023-08-30 10:45:00,202.36,202.62,202.36,202.55,10550
7608,2023-08-30 11:15:00,202.56,202.59,202.42,202.5,6172
7609,2023-08-30 11:45:00,202.5,202.52,202.37,202.52,2848
7610,2023-08-30 12:15:00,202.52,202.52,202.32,202.33,115653
7611,2023-08-30 12:45:00,202.33,202.44,202.3,202.44,5856
7612,2023-08-30 13:15:00,202.44,202.46,202.36,202.36,4632
7613,2023-08-30 13:45:00,202.36,202.4,202.2,202.23,30424
7614,2023-08-30 14:15:00,202.23,202.23,201.89,201.89,5554
7615,2023-08-30 14:45:00,201.89,201.95,201.51,201.66,28216
7616,2023-08-30 15:15:00,201.66,201.78,201.45,201.71,3962
7617,2023-08-31 09:15:00,201.81,202.09,201.5,201.88,8854
7618,2023-08-31 09:45:00,201.88,202.08,201.54,201.79,3831
7619,2023-08-31 10:15:00,201.78,201.84,201.42,201.58,2984
7620,2023-08-31 10:45:00,201.58,201.58,201.3,201.45,4204
7621,2023-08-31 11:15:00,201.45,201.65,201.26,201.55,10515
7622,2023-08-31 11:45:00,201.55,201.57,201.25,201.29,13065
7623,2023-08-31 12:15:00,201.29,201.35,201.08,201.25,2134
7624,2023-08-31 12:45:00,201.25,201.26,201.0,201.0,6684
7625,2023-08-31 13:15:00,201.0,201.54,200.9,201.5,20231
7626,2023-08-31 13:45:00,201.5,201.6,201.17,201.35,2884
7627,2023-08-31 14:15:00,201.35,201.36,201.0,201.22,4306
7628,2023-08-31 14:45:00,201.16,201.38,200.9,201.3,12689
7629,2023-08-31 15:15:00,201.3,201.6,200.91,201.06,12950
7630,2023-09-01 09:15:00,200.76,201.45,200.76,201.4,11443
7631,2023-09-01 09:45:00,201.35,201.68,201.07,201.49,17987
7632,2023-09-01 10:15:00,201.49,201.84,201.35,201.55,8720
7633,2023-09-01 10:45:00,201.55,201.84,201.49,201.77,5601
7634,2023-09-01 11:15:00,201.78,201.85,201.66,201.78,5710
7635,2023-09-01 11:45:00,201.78,201.9,201.65,201.76,4886
7636,2023-09-01 12:15:00,201.76,202.05,201.7,202.05,8956
7637,2023-09-01 12:45:00,202.05,202.37,201.98,202.31,9190
7638,2023-09-01 13:15:00,202.31,202.48,202.22,202.35,8763
7639,2023-09-01 13:45:00,202.35,202.6,202.22,202.6,10231
7640,2023-09-01 14:15:00,202.6,202.6,202.3,202.44,9328
7641,2023-09-01 14:45:00,202.44,202.58,202.25,202.5,3955
7642,2023-09-01 15:15:00,202.5,202.59,202.29,202.48,4638
7643,2023-09-04 09:15:00,203.2,203.54,203.0,203.24,20372
7644,2023-09-04 09:45:00,203.24,203.45,202.9,203.02,110047
7645,2023-09-04 10:15:00,203.12,203.18,202.73,202.94,13223
7646,2023-09-04 10:45:00,202.82,203.15,202.69,203.05,5036
7647,2023-09-04 11:15:00,203.05,203.22,202.98,203.21,22245
7648,2023-09-04 11:45:00,203.21,203.43,203.12,203.36,7646
7649,2023-09-04 12:15:00,203.36,203.61,203.32,203.57,2263
7650,2023-09-04 12:45:00,203.43,203.6,203.37,203.6,5060
7651,2023-09-04 13:15:00,203.6,203.7,203.46,203.68,4602
7652,2023-09-04 13:45:00,203.68,203.69,203.4,203.49,14500
7653,2023-09-04 14:15:00,203.49,203.75,203.37,203.75,57458
7654,2023-09-04 14:45:00,203.75,203.83,203.53,203.71,8958
7655,2023-09-04 15:15:00,203.71,203.92,203.57,203.71,9641
7656,2023-09-05 09:15:00,203.99,204.07,203.7,204.0,40826
7657,2023-09-05 09:45:00,204.0,204.28,203.95,204.25,9518
7658,2023-09-05 10:15:00,204.25,204.28,204.0,204.11,9844
7659,2023-09-05 10:45:00,204.11,204.24,203.9,203.9,18757
7660,2023-09-05 11:15:00,204.15,204.28,203.91,204.2,9613
7661,2023-09-05 11:45:00,204.2,204.34,204.01,204.14,8179
7662,2023-09-05 12:15:00,204.14,204.14,203.75,203.84,4303
7663,2023-09-05 12:45:00,203.84,204.03,203.75,203.92,3637
7664,2023-09-05 13:15:00,204.05,204.05,203.67,203.9,16125
7665,2023-09-05 13:45:00,203.9,204.12,203.9,204.04,8057
7666,2023-09-05 14:15:00,204.04,204.25,203.93,204.12,7818
7667,2023-09-05 14:45:00,204.12,204.3,204.08,204.17,10146
7668,2023-09-05 15:15:00,204.17,204.29,204.02,204.16,8565
7669,2023-09-06 09:15:00,204.0,204.39,203.86,204.1,14304
7670,2023-09-06 09:45:00,204.1,204.25,203.87,204.1,18952
7671,2023-09-06 10:15:00,204.1,204.14,203.91,203.95,265809
7672,2023-09-06 10:45:00,203.95,204.0,203.91,203.99,78122
7673,2023-09-06 11:15:00,203.99,204.0,203.73,203.9,6846
7674,2023-09-06 11:45:00,203.9,203.92,203.6,203.9,8619
7675,2023-09-06 12:15:00,203.9,203.97,203.52,203.52,14251
7676,2023-09-06 12:45:00,203.54,203.54,203.29,203.53,5815
7677,2023-09-06 13:15:00,203.54,203.54,203.25,203.25,253212
7678,2023-09-06 13:45:00,203.25,203.31,203.2,203.3,379527
7679,2023-09-06 14:15:00,203.29,203.73,203.25,203.65,344223
7680,2023-09-06 14:45:00,203.65,204.45,203.65,204.45,75373
7681,2023-09-06 15:15:00,204.45,204.55,204.27,204.27,5765
7682,2023-09-07 09:15:00,204.44,204.44,203.66,203.98,66099
7683,2023-09-07 09:45:00,203.98,204.25,203.94,204.21,56647
7684,2023-09-07 10:15:00,204.21,204.55,204.12,204.55,48897
7685,2023-09-07 10:45:00,204.55,204.83,204.45,204.79,24791
7686,2023-09-07 11:15:00,204.79,204.8,204.42,204.65,95767
7687,2023-09-07 11:45:00,204.65,204.87,204.56,204.66,39990
7688,2023-09-07 12:15:00,204.77,204.89,204.47,204.85,46096
7689,2023-09-07 12:45:00,204.85,205.0,204.67,204.88,24558
7690,2023-09-07 13:15:00,204.88,205.19,204.76,205.19,78147
7691,2023-09-07 13:45:00,205.19,205.3,204.97,205.3,102103
7692,2023-09-07 14:15:00,205.3,205.83,205.29,205.74,45055
7693,2023-09-08 14:15:00,206.48,206.88,206.28,206.3,17006
7694,2023-09-08 14:45:00,206.49,206.5,206.21,206.4,7628
7695,2023-09-08 15:15:00,206.4,206.58,206.3,206.45,6656
7696,2023-09-11 09:15:00,207.45,207.85,207.0,207.34,30845
7697,2023-09-11 09:45:00,207.34,207.83,207.22,207.74,31493
7698,2023-09-11 10:15:00,207.73,207.92,207.45,207.69,62338
7699,2023-09-11 10:45:00,207.86,208.0,207.47,207.66,20954
7700,2023-09-11 11:15:00,207.88,208.1,207.73,207.9,29896
7701,2023-09-11 11:45:00,207.9,208.04,207.66,207.9,24530
7702,2023-09-11 12:15:00,207.9,208.07,207.7,208.07,25847
7703,2023-09-11 12:45:00,208.07,208.12,207.89,208.1,15259
7704,2023-09-11 13:15:00,208.1,208.2,207.89,208.1,15966
7705,2023-09-11 13:45:00,208.1,208.28,208.0,208.01,14582
7706,2023-09-11 14:15:00,208.01,208.19,207.95,208.14,19582
7707,2023-09-11 14:45:00,208.14,208.38,208.0,208.32,23274
7708,2023-09-11 15:15:00,208.32,208.5,208.17,208.24,75494
7709,2023-09-12 09:15:00,208.71,209.79,208.35,208.79,37193
7710,2023-09-12 09:45:00,208.78,208.78,207.5,208.27,32842
7711,2023-09-12 10:15:00,208.15,208.23,207.7,208.0,25143
7712,2023-09-12 10:45:00,208.0,208.5,207.89,208.48,13707
7713,2023-09-12 11:15:00,208.48,208.75,208.25,208.75,9949
7714,2023-09-12 11:45:00,208.75,208.84,208.48,208.62,17203
7715,2023-09-12 12:15:00,208.62,208.62,207.78,207.78,23920
7716,2023-09-12 12:45:00,207.78,208.32,207.77,208.15,5950
7717,2023-09-12 13:15:00,208.15,208.72,208.05,208.46,23266
7718,2023-09-12 13:45:00,208.46,208.5,208.1,208.42,3935
7719,2023-09-12 14:15:00,208.42,208.59,208.19,208.44,36117
7720,2023-09-12 14:45:00,208.44,208.56,208.06,208.11,13835
7721,2023-09-12 15:15:00,208.11,208.34,208.1,208.26,18165
7722,2023-09-13 09:15:00,208.43,208.59,207.75,208.16,26008
7723,2023-09-13 09:45:00,208.16,208.45,207.95,208.24,8715
7724,2023-09-13 10:15:00,208.23,208.55,208.0,208.38,4390
7725,2023-09-13 10:45:00,208.38,208.64,208.27,208.4,146626
7726,2023-09-13 11:15:00,208.4,209.0,208.31,208.85,113824
7727,2023-09-13 11:45:00,208.85,208.99,208.59,208.83,4298
7728,2023-09-13 12:15:00,208.83,209.15,208.8,209.15,4805
7729,2023-09-13 12:45:00,209.15,209.72,209.15,209.53,4393
7730,2023-09-13 13:15:00,209.53,209.64,209.3,209.3,4719
7731,2023-09-13 13:45:00,209.3,209.45,209.26,209.26,5127
7732,2023-09-13 14:15:00,209.26,209.53,209.26,209.34,10296
7733,2023-09-13 14:45:00,209.34,209.5,209.11,209.11,5220
7734,2023-09-13 15:15:00,209.11,209.44,209.11,209.25,17851
7735,2023-09-14 09:15:00,209.67,210.0,209.67,209.95,22254
7736,2023-09-14 09:45:00,209.95,209.99,209.55,209.56,16571
7737,2023-09-14 10:15:00,209.56,209.8,209.25,209.58,23069
7738,2023-09-14 10:45:00,209.57,209.58,209.12,209.46,161139
7739,2023-09-14 11:15:00,209.46,209.5,209.29,209.5,5204
7740,2023-09-14 11:45:00,209.5,209.5,209.3,209.36,155429
7741,2023-09-14 12:15:00,209.4,209.45,209.01,209.3,124482
7742,2023-09-14 12:45:00,209.3,209.3,209.0,209.11,337336
7743,2023-09-14 13:15:00,209.1,209.45,208.99,209.0,484698
7744,2023-09-14 13:45:00,209.0,209.16,208.64,208.86,878434
7745,2023-09-14 14:15:00,208.83,209.26,208.81,209.12,758626
7746,2023-09-14 14:45:00,209.12,209.5,209.01,209.35,5376
7747,2023-09-14 15:15:00,209.35,209.5,209.3,209.36,99269
7748,2023-09-15 09:15:00,209.98,210.0,209.62,209.93,10169
7749,2023-09-15 09:45:00,209.93,210.0,209.82,210.0,29251
7750,2023-09-15 10:15:00,210.0,210.05,209.81,210.0,6584
7751,2023-09-15 10:45:00,209.9,210.36,209.9,210.33,11027
7752,2023-09-15 11:15:00,210.35,210.4,210.1,210.19,14554
7753,2023-09-15 11:45:00,210.34,210.49,210.15,210.48,4762
7754,2023-09-15 12:15:00,210.48,210.48,209.9,210.09,21290
7755,2023-09-15 12:45:00,210.09,210.18,209.97,210.09,7992
7756,2023-09-15 13:15:00,210.09,210.29,209.97,210.21,7966
7757,2023-09-15 13:45:00,210.21,210.35,210.05,210.35,11446
7758,2023-09-15 14:15:00,210.35,210.49,210.2,210.38,22355
7759,2023-09-15 14:45:00,210.38,210.6,210.28,210.39,10313
7760,2023-09-15 15:15:00,210.39,210.39,210.08,210.27,18644
7761,2023-09-18 09:15:00,210.12,210.2,209.7,210.18,23073
7762,2023-09-18 09:45:00,210.18,210.23,209.92,210.0,215317
7763,2023-09-18 10:15:00,210.0,210.2,209.98,209.98,318572
7764,2023-09-18 10:45:00,209.98,210.16,209.94,210.0,305481
7765,2023-09-18 11:15:00,210.0,210.27,210.0,210.15,332135
7766,2023-09-18 11:45:00,210.11,210.24,209.97,209.97,313833
7767,2023-09-18 12:15:00,209.97,210.14,209.94,210.09,215051
7768,2023-09-18 12:45:00,210.09,210.09,209.84,210.0,4139
7769,2023-09-18 13:15:00,210.0,210.0,209.91,209.99,31500
7770,2023-09-18 13:45:00,209.99,210.0,209.71,209.75,733876
7771,2023-09-18 14:15:00,209.75,209.94,209.69,209.89,426225
7772,2023-09-18 14:45:00,209.89,209.97,209.51,209.51,22135
7773,2023-09-18 15:15:00,209.5,209.71,209.5,209.71,5945
7774,2023-09-20 09:15:00,208.49,209.0,208.49,208.54,16182
7775,2023-09-20 09:45:00,208.5,208.59,208.1,208.16,119562
7776,2023-09-20 10:15:00,208.14,208.25,207.95,208.0,334053
7777,2023-09-20 10:45:00,208.1,208.21,207.93,208.0,210165
7778,2023-09-20 11:15:00,208.0,208.03,207.9,208.0,76662
7779,2023-09-20 11:45:00,208.0,208.02,207.8,208.0,212656
7780,2023-09-20 12:15:00,208.0,208.0,207.81,208.0,13223
7781,2023-09-20 12:45:00,208.0,208.0,207.9,207.9,15983
7782,2023-09-20 13:15:00,207.9,207.91,207.77,207.8,11914
7783,2023-09-20 13:45:00,207.8,207.8,207.05,207.34,1853511
7784,2023-09-20 14:15:00,207.19,207.5,207.07,207.49,258115
7785,2023-09-20 14:45:00,207.49,207.53,207.11,207.5,28209
7786,2023-09-20 15:15:00,207.5,207.66,207.32,207.45,7161
7787,2023-09-21 09:15:00,206.34,206.73,206.28,206.35,21765
7788,2023-09-21 09:45:00,206.35,206.35,205.58,205.81,53911
7789,2023-09-21 10:15:00,205.8,205.95,205.7,205.8,9460
7790,2023-09-21 10:45:00,205.8,206.05,205.64,205.9,379440
7791,2023-09-21 11:15:00,206.04,206.04,205.72,205.8,247623
7792,2023-09-21 11:45:00,205.8,205.8,205.58,205.72,8076
7793,2023-09-21 12:15:00,205.72,205.79,205.51,205.74,42077
7794,2023-09-21 12:45:00,205.74,205.8,205.55,205.6,383074
7795,2023-09-21 13:15:00,205.6,205.88,205.55,205.6,488489
7796,2023-09-21 13:45:00,205.6,205.6,205.55,205.55,46425
7797,2023-09-21 14:15:00,205.55,205.62,205.45,205.5,153696
7798,2023-09-21 14:45:00,205.5,205.77,205.25,205.7,1261636
7799,2023-09-21 15:15:00,205.7,205.85,205.54,205.71,17379
7800,2023-09-22 09:15:00,205.86,206.1,205.37,205.64,23921
7801,2023-09-22 09:45:00,205.64,205.66,205.0,205.09,37677
7802,2023-09-22 10:15:00,205.09,205.65,205.0,205.52,350569
7803,2023-09-22 10:45:00,205.52,205.91,205.45,205.79,345643
7804,2023-09-22 11:15:00,205.65,205.84,205.42,205.53,338455
7805,2023-09-22 11:45:00,205.49,206.03,205.45,205.93,344145
7806,2023-09-22 12:15:00,205.87,206.17,205.76,206.05,338265
7807,2023-09-22 12:45:00,205.94,206.06,205.62,205.74,338377
7808,2023-09-22 13:15:00,205.75,205.89,205.09,205.15,300999
7809,2023-09-22 13:45:00,205.15,205.31,205.05,205.14,301327
7810,2023-09-22 14:15:00,205.14,205.36,205.01,205.17,281249
7811,2023-09-22 14:45:00,205.27,205.4,204.97,204.99,112160
7812,2023-09-22 15:15:00,204.97,205.26,204.9,205.08,64455
7813,2023-09-25 09:15:00,205.14,205.39,204.5,205.0,20652
7814,2023-09-25 09:45:00,205.0,205.0,204.25,204.48,12804
7815,2023-09-25 10:15:00,204.46,204.64,204.3,204.53,203153
7816,2023-09-25 10:45:00,204.53,204.59,204.2,204.25,271862
7817,2023-09-25 11:15:00,204.25,204.32,204.24,204.25,190975
7818,2023-09-25 11:45:00,204.25,204.69,204.23,204.55,673670
7819,2023-09-25 12:15:00,204.66,205.33,204.54,205.16,356485
7820,2023-09-25 12:45:00,205.16,205.53,205.1,205.14,352064
7821,2023-09-25 13:15:00,205.14,205.44,205.07,205.34,349883
7822,2023-09-25 13:45:00,205.34,205.34,204.39,204.39,385884
7823,2023-09-25 14:15:00,204.39,204.89,204.3,204.6,172469
7824,2023-09-25 14:45:00,204.6,205.22,204.6,205.17,8108
7825,2023-09-25 15:15:00,205.17,205.17,204.71,204.76,82505
7826,2023-09-26 09:15:00,204.9,205.14,204.69,204.94,8463
7827,2023-09-26 09:45:00,204.94,205.37,204.87,205.24,7626
7828,2023-09-26 10:15:00,205.24,205.29,204.9,205.09,3784
7829,2023-09-26 10:45:00,205.09,205.1,204.82,205.1,4699
7830,2023-09-26 11:15:00,205.1,205.13,204.93,204.93,6814
7831,2023-09-26 11:45:00,204.93,205.04,204.81,204.86,2567
7832,2023-09-26 12:15:00,204.86,205.01,204.75,204.79,35420
7833,2023-09-26 12:45:00,204.79,204.88,204.65,204.88,3442
7834,2023-09-26 13:15:00,204.88,204.88,204.72,204.81,981907
7835,2023-09-26 13:45:00,204.81,204.95,204.75,204.8,919496
7836,2023-09-26 14:15:00,204.8,204.9,204.72,204.8,413269
7837,2023-09-26 14:45:00,204.8,204.91,204.62,204.7,217394
7838,2023-09-26 15:15:00,204.7,204.88,204.65,204.67,320476
7839,2023-09-27 09:15:00,204.66,204.66,204.13,204.28,30302
7840,2023-09-27 09:45:00,204.28,204.36,203.75,203.83,23876
7841,2023-09-27 10:15:00,203.83,204.0,203.75,204.0,6118
7842,2023-09-27 10:45:00,204.0,204.5,203.88,204.5,10313
7843,2023-09-27 11:15:00,204.5,204.86,204.36,204.75,14425
7844,2023-09-27 11:45:00,204.75,204.89,204.46,204.8,7037
7845,2023-09-27 12:15:00,204.8,204.89,204.63,204.77,2531
7846,2023-09-27 12:45:00,204.77,205.1,204.68,205.08,4091
7847,2023-09-27 13:15:00,205.08,205.48,204.89,205.25,28111
7848,2023-09-27 13:45:00,205.25,205.44,205.16,205.3,2418
7849,2023-09-27 14:15:00,205.3,205.5,205.17,205.5,9342
7850,2023-09-27 14:45:00,205.63,205.71,205.46,205.68,3556
7851,2023-09-27 15:15:00,205.68,205.9,205.56,205.72,56499
7852,2023-09-28 09:15:00,206.45,206.45,205.2,205.26,14702
7853,2023-09-28 09:45:00,205.28,205.68,205.02,205.57,17752
7854,2023-09-28 10:15:00,205.57,205.85,205.25,205.37,31116
7855,2023-09-28 10:45:00,205.28,205.44,205.01,205.12,10375
7856,2023-09-28 11:15:00,205.13,205.15,204.6,204.8,18702
7857,2023-09-28 11:45:00,204.8,204.9,204.5,204.6,8820
7858,2023-09-28 12:15:00,204.7,204.8,204.24,204.57,27617
7859,2023-09-28 12:45:00,204.57,204.71,204.34,204.55,22475
7860,2023-09-28 13:15:00,204.55,204.58,204.25,204.5,659287
7861,2023-09-28 13:45:00,204.54,204.54,204.05,204.24,960163
7862,2023-09-28 14:15:00,204.24,204.5,203.95,204.3,1424717
7863,2023-09-28 14:45:00,204.3,204.38,203.66,203.76,244293
7864,2023-09-28 15:15:00,203.72,204.41,203.72,204.08,358213
7865,2023-09-29 09:15:00,204.79,205.0,204.23,205.0,51239
7866,2023-09-29 09:45:00,205.0,205.98,204.69,204.78,51428
7867,2023-09-29 10:15:00,204.78,204.87,204.56,204.73,21823
7868,2023-09-29 10:45:00,204.73,204.93,204.52,204.91,18522
7869,2023-09-29 11:15:00,204.8,205.52,204.8,205.45,28242
7870,2023-09-29 11:45:00,205.52,205.61,205.2,205.52,21838
7871,2023-09-29 12:15:00,205.52,205.68,205.12,205.52,28094
7872,2023-09-29 12:45:00,205.52,205.6,205.28,205.38,10882
7873,2023-09-29 13:15:00,205.38,205.71,205.32,205.65,14737
7874,2023-09-29 13:45:00,205.63,205.86,205.6,205.85,1512
7875,2023-09-29 14:15:00,205.85,206.0,205.67,205.71,4629
7876,2023-09-29 14:45:00,205.71,205.81,205.05,205.05,5483
7877,2023-09-29 15:15:00,205.05,205.81,204.96,205.1,28408
7878,2023-10-03 09:15:00,205.08,205.08,203.7,203.93,52457
7879,2023-10-03 09:45:00,203.93,203.94,203.44,203.49,31808
7880,2023-10-03 10:15:00,203.49,203.88,203.48,203.67,24411
7881,2023-10-03 10:45:00,203.74,203.85,203.6,203.78,23613
7882,2023-10-03 11:15:00,203.78,204.06,203.78,203.94,16916
7883,2023-10-03 11:45:00,203.95,203.95,203.61,203.89,24233
7884,2023-10-03 12:15:00,203.89,204.02,203.75,203.96,28576
7885,2023-10-03 12:45:00,203.96,204.19,203.95,204.1,36509
7886,2023-10-03 13:15:00,204.1,204.19,204.0,204.14,353505
7887,2023-10-03 13:45:00,204.14,204.3,203.8,203.86,939655
7888,2023-10-03 14:15:00,203.86,204.15,203.66,203.91,565618
7889,2023-10-03 14:45:00,203.91,204.1,203.8,204.01,625503
7890,2023-10-03 15:15:00,204.01,204.24,203.8,204.0,9267
7891,2023-10-04 09:15:00,203.5,203.87,202.34,202.58,66906
7892,2023-10-04 09:45:00,202.56,202.75,202.4,202.5,278751
7893,2023-10-04 10:15:00,202.46,202.9,202.42,202.73,67249
7894,2023-10-04 10:45:00,202.73,202.86,202.6,202.83,9228
7895,2023-10-04 11:15:00,202.83,202.85,202.5,202.55,55341
7896,2023-10-04 11:45:00,202.53,202.58,202.1,202.29,921822
7897,2023-10-04 12:15:00,202.29,202.37,202.01,202.2,266540
7898,2023-10-04 12:45:00,202.2,202.25,201.9,202.22,253436
7899,2023-10-04 13:15:00,202.23,202.28,202.0,202.17,277335
7900,2023-10-04 13:45:00,202.17,202.58,202.02,202.51,276823
7901,2023-10-04 14:15:00,202.51,202.86,202.41,202.86,460781
7902,2023-10-04 14:45:00,202.86,203.16,202.51,202.98,438179
7903,2023-10-04 15:15:00,203.0,203.1,202.8,203.04,8549
7904,2023-10-05 09:15:00,204.1,204.12,203.45,204.0,12091
7905,2023-10-05 09:45:00,204.14,204.14,203.83,203.92,22373
7906,2023-10-05 10:15:00,203.92,203.96,203.5,203.62,7435
7907,2023-10-05 10:45:00,203.62,204.44,203.51,204.42,32487
7908,2023-10-05 11:15:00,204.42,204.42,204.03,204.06,16628
7909,2023-10-05 11:45:00,204.06,204.28,203.85,204.15,11354
7910,2023-10-05 12:15:00,204.15,204.15,203.8,203.81,13074
7911,2023-10-05 12:45:00,203.81,204.07,203.64,203.85,7813
7912,2023-10-05 13:15:00,203.85,204.12,203.65,204.01,5880
7913,2023-10-05 13:45:00,204.01,204.14,203.89,204.02,8093
7914,2023-10-05 14:15:00,204.02,204.09,203.65,204.05,26922
7915,2023-10-05 14:45:00,204.05,204.05,203.66,203.73,24317
7916,2023-10-05 15:15:00,203.72,203.81,203.5,203.75,5935
7917,2023-10-06 09:15:00,204.79,204.79,204.27,204.5,21588
7918,2023-10-06 09:45:00,204.5,204.84,204.5,204.69,18116
7919,2023-10-06 10:15:00,204.69,204.93,204.53,204.84,14333
7920,2023-10-06 10:45:00,204.99,205.29,204.92,205.15,101088
7921,2023-10-06 11:15:00,205.15,205.15,204.63,204.93,13932
7922,2023-10-06 11:45:00,204.75,204.96,204.7,204.94,3806
7923,2023-10-06 12:15:00,204.94,205.0,204.75,205.0,5383
7924,2023-10-06 12:45:00,205.0,205.15,204.85,205.1,4327
7925,2023-10-06 13:15:00,205.1,205.28,205.1,205.2,17791
7926,2023-10-06 13:45:00,205.2,205.3,205.1,205.3,4392
7927,2023-10-06 14:15:00,205.3,205.36,205.16,205.36,305685
7928,2023-10-06 14:45:00,205.36,205.45,205.12,205.29,225093
7929,2023-10-06 15:15:00,205.23,205.45,204.9,205.26,19430
7930,2023-10-09 09:15:00,203.8,204.69,203.39,204.12,55330
7931,2023-10-09 09:45:00,204.2,204.49,204.2,204.42,12435
7932,2023-10-09 10:15:00,204.42,204.55,204.05,204.23,17775
7933,2023-10-09 10:45:00,204.23,204.44,204.06,204.24,16893
7934,2023-10-09 11:15:00,204.24,204.27,203.95,204.11,12536
7935,2023-10-09 11:45:00,204.11,204.28,204.1,204.18,13456
7936,2023-10-09 12:15:00,204.18,204.18,203.59,203.83,17725
7937,2023-10-09 12:45:00,203.83,203.85,203.6,203.65,12211
7938,2023-10-09 13:15:00,203.76,203.99,203.66,203.81,18151
7939,2023-10-09 13:45:00,203.96,203.96,203.6,203.8,14029
7940,2023-10-09 14:15:00,203.8,203.91,203.6,203.83,6569
7941,2023-10-09 14:45:00,203.83,204.0,203.67,203.77,122604
7942,2023-10-09 15:15:00,203.77,203.86,203.5,203.86,11121
7943,2023-10-10 09:15:00,204.22,204.68,204.22,204.64,6206
7944,2023-10-10 09:45:00,204.64,204.85,204.5,204.85,6270
7945,2023-10-10 10:15:00,204.87,204.87,204.7,204.71,2198
7946,2023-10-10 10:45:00,204.71,204.93,204.71,204.74,2652
7947,2023-10-10 11:15:00,204.74,204.99,204.7,204.9,12310
7948,2023-10-10 11:45:00,204.9,205.0,204.72,205.0,32149
7949,2023-10-10 12:15:00,205.0,205.29,205.0,205.2,9007
7950,2023-10-10 12:45:00,205.2,205.4,205.09,205.26,21210
7951,2023-10-10 13:15:00,205.26,205.45,205.14,205.45,11310
7952,2023-10-10 13:45:00,205.45,205.61,205.4,205.42,10398
7953,2023-10-10 14:15:00,205.42,205.69,205.42,205.69,6489
7954,2023-10-10 14:45:00,205.69,205.69,205.03,205.26,373520
7955,2023-10-10 15:15:00,205.26,205.44,205.19,205.22,13596
7956,2023-10-11 09:15:00,205.95,206.51,205.95,206.39,16342
7957,2023-10-11 09:45:00,206.27,206.6,206.25,206.46,18748
7958,2023-10-11 10:15:00,206.46,206.81,206.29,206.74,23114
7959,2023-10-11 10:45:00,206.74,206.8,206.52,206.67,6252
7960,2023-10-11 11:15:00,206.67,206.75,206.48,206.73,18070
7961,2023-10-11 11:45:00,206.73,206.79,206.51,206.63,10408
7962,2023-10-11 12:15:00,206.63,206.72,206.44,206.54,20934
7963,2023-10-11 12:45:00,206.53,206.85,206.42,206.85,21539
7964,2023-10-11 13:15:00,206.85,206.85,206.61,206.71,10335
7965,2023-10-11 13:45:00,206.71,206.73,206.51,206.65,15750
7966,2023-10-11 14:15:00,206.65,206.9,206.65,206.89,3309
7967,2023-10-11 14:45:00,206.89,206.95,206.68,206.79,11336
7968,2023-10-11 15:15:00,206.79,206.81,206.59,206.78,14069
7969,2023-10-12 09:15:00,206.97,207.14,206.6,206.73,13288
7970,2023-10-12 09:45:00,206.73,206.74,206.3,206.58,15704
7971,2023-10-12 10:15:00,206.58,206.76,206.4,206.61,3512
7972,2023-10-12 10:45:00,206.61,206.87,206.47,206.81,11983
7973,2023-10-12 11:15:00,206.81,206.83,206.58,206.66,2708
7974,2023-10-12 11:45:00,206.66,206.97,206.66,206.72,12290
7975,2023-10-12 12:15:00,206.72,206.91,206.68,206.83,4473
7976,2023-10-12 12:45:00,206.83,207.0,206.68,206.68,11273
7977,2023-10-12 13:15:00,206.68,206.76,206.68,206.76,1622
7978,2023-10-12 13:45:00,206.76,206.82,206.68,206.7,11918
7979,2023-10-12 14:15:00,206.7,206.78,206.56,206.67,18169
7980,2023-10-12 14:45:00,206.67,206.75,206.5,206.68,3880
7981,2023-10-12 15:15:00,206.67,206.88,206.5,206.62,6909
7982,2023-10-13 09:15:00,205.22,206.02,205.07,205.8,22623
7983,2023-10-13 09:45:00,205.78,205.8,205.6,205.67,5894
7984,2023-10-13 10:15:00,205.67,205.71,205.39,205.5,11931
7985,2023-10-13 10:45:00,205.5,205.56,205.33,205.49,6518
7986,2023-10-13 11:15:00,205.49,205.66,205.4,205.52,14748
7987,2023-10-13 11:45:00,205.52,205.69,205.4,205.56,3888
7988,2023-10-13 12:15:00,205.56,205.79,205.56,205.79,2501
7989,2023-10-13 12:45:00,205.79,206.11,205.66,206.11,2203
7990,2023-10-13 13:15:00,206.11,206.2,206.0,206.15,541
7991,2023-10-13 13:45:00,206.15,206.4,206.05,206.39,2719
7992,2023-10-13 14:15:00,206.39,206.73,206.39,206.45,14023
7993,2023-10-13 14:45:00,206.45,206.52,206.09,206.22,5907
7994,2023-10-13 15:15:00,206.22,206.22,205.92,206.1,24340
7995,2023-10-16 09:15:00,205.97,206.0,205.2,205.86,115311
7996,2023-10-16 09:45:00,205.86,206.12,205.5,206.12,9643
7997,2023-10-16 10:15:00,206.02,206.34,206.02,206.3,7102
7998,2023-10-16 10:45:00,206.42,206.42,206.0,206.19,7331
7999,2023-10-16 11:15:00,206.16,206.4,206.02,206.4,23331
8000,2023-10-16 11:45:00,206.4,206.5,206.18,206.38,5414
8001,2023-10-16 12:15:00,206.38,206.5,206.2,206.36,4275
8002,2023-10-16 12:45:00,206.36,206.5,206.21,206.3,5096
8003,2023-10-16 13:15:00,206.3,206.43,206.06,206.4,36850
8004,2023-10-16 13:45:00,206.4,206.44,206.16,206.25,1652
8005,2023-10-16 14:15:00,206.25,206.43,206.21,206.22,10828
8006,2023-10-16 14:45:00,206.34,206.38,206.0,206.06,5107
8007,2023-10-16 15:15:00,206.06,206.24,205.86,205.98,5564
8008,2023-10-17 09:15:00,206.85,207.12,206.66,207.05,151380
8009,2023-10-17 09:45:00,207.05,207.08,206.9,207.02,125655
8010,2023-10-17 10:15:00,206.93,207.08,206.9,207.08,13650
8011,2023-10-17 10:45:00,207.08,207.17,206.98,207.13,22885
8012,2023-10-17 11:15:00,207.13,207.13,206.95,207.01,7884
8013,2023-10-17 11:45:00,207.01,207.13,206.89,206.96,6803
8014,2023-10-17 12:15:00,206.96,207.19,206.91,207.05,6158
8015,2023-10-17 12:45:00,207.05,207.19,207.04,207.1,742
8016,2023-10-17 13:15:00,207.1,207.1,206.89,206.89,10314
8017,2023-10-17 13:45:00,206.89,207.01,206.38,206.38,4539
8018,2023-10-17 14:15:00,206.38,206.77,206.38,206.71,4316
8019,2023-10-17 14:45:00,206.71,206.79,206.55,206.78,16276
8020,2023-10-17 15:15:00,206.78,206.95,206.5,206.67,9804
8021,2023-10-18 09:15:00,206.71,206.81,206.3,206.64,8885
8022,2023-10-18 09:45:00,206.64,206.97,206.53,206.96,7342
8023,2023-10-18 10:15:00,206.96,207.07,206.63,206.73,9441
8024,2023-10-18 10:45:00,206.6,206.6,205.84,205.99,19872
8025,2023-10-18 11:15:00,205.99,206.18,205.96,206.02,60036
8026,2023-10-18 11:45:00,205.97,206.02,205.53,205.7,5459
8027,2023-10-18 12:15:00,205.7,205.79,205.4,205.59,29718
8028,2023-10-18 12:45:00,205.62,205.79,205.45,205.79,17523
8029,2023-10-18 13:15:00,205.79,205.8,205.51,205.68,2252
8030,2023-10-18 13:45:00,205.68,205.94,205.67,205.91,13756
8031,2023-10-18 14:15:00,205.91,205.91,205.42,205.54,30681
8032,2023-10-18 14:45:00,205.54,205.61,205.25,205.43,7707
8033,2023-10-18 15:15:00,205.43,205.43,205.24,205.36,12424
8034,2023-10-19 09:15:00,204.7,204.7,203.82,204.17,58710
8035,2023-10-19 09:45:00,204.17,204.63,204.08,204.45,30432
8036,2023-10-19 10:15:00,204.45,204.57,204.25,204.29,5362
8037,2023-10-19 10:45:00,204.29,204.48,204.25,204.46,6082
8038,2023-10-19 11:15:00,204.46,205.0,204.36,204.95,8260
8039,2023-10-19 11:45:00,204.95,205.0,204.85,205.0,6310
8040,2023-10-19 12:15:00,205.0,205.19,204.88,205.16,6183
8041,2023-10-19 12:45:00,205.0,205.2,204.9,205.12,8422
8042,2023-10-19 13:15:00,205.12,205.19,204.88,205.1,1176
8043,2023-10-19 13:45:00,205.1,205.44,205.08,205.19,1275
8044,2023-10-19 14:15:00,205.09,205.15,204.85,205.0,1821
8045,2023-10-19 14:45:00,205.08,205.08,204.81,204.93,2701
8046,2023-10-19 15:15:00,204.93,204.97,204.7,204.86,7057
8047,2023-10-20 09:15:00,204.38,204.57,204.2,204.35,20110
8048,2023-10-20 09:45:00,204.35,204.57,204.17,204.47,62937
8049,2023-10-20 10:15:00,204.46,204.46,204.16,204.2,12417
8050,2023-10-20 10:45:00,204.2,204.39,204.15,204.3,6637
8051,2023-10-20 11:15:00,204.3,204.44,204.11,204.11,3898
8052,2023-10-20 11:45:00,204.1,204.26,203.9,204.13,67338
8053,2023-10-20 12:15:00,204.13,204.27,203.77,203.8,132609
8054,2023-10-20 12:45:00,203.8,203.8,203.71,203.8,32913
8055,2023-10-20 13:15:00,203.8,203.8,203.72,203.8,737809
8056,2023-10-20 13:45:00,203.8,203.8,203.75,203.8,304794
8057,2023-10-20 14:15:00,203.8,203.8,203.62,203.7,6542
8058,2023-10-20 14:45:00,203.7,203.79,203.2,203.45,1144576
8059,2023-10-20 15:15:00,203.45,203.61,203.06,203.32,505218
8060,2023-10-23 09:15:00,203.27,203.68,203.27,203.45,43597
8061,2023-10-23 09:45:00,203.45,203.54,202.82,202.97,101690
8062,2023-10-23 10:15:00,202.97,202.99,202.69,202.82,23402
8063,2023-10-23 10:45:00,202.82,202.95,202.77,202.9,243151
8064,2023-10-23 11:15:00,202.9,202.9,202.72,202.76,19157
8065,2023-10-23 11:45:00,202.69,202.93,202.55,202.82,7003
8066,2023-10-23 12:15:00,202.82,202.9,202.64,202.75,3600
8067,2023-10-23 12:45:00,202.75,202.77,202.51,202.63,4236
8068,2023-10-23 13:15:00,202.63,202.68,202.31,202.55,19892
8069,2023-10-23 13:45:00,202.55,202.6,202.41,202.5,21135
8070,2023-10-23 14:15:00,202.5,202.5,202.15,202.18,22290
8071,2023-10-23 14:45:00,202.15,202.2,200.51,201.06,3200524
8072,2023-10-23 15:15:00,201.07,201.14,200.71,200.88,51696
8073,2023-10-25 09:15:00,200.79,201.93,200.79,201.53,83664
8074,2023-10-25 09:45:00,201.52,201.9,201.0,201.48,95295
8075,2023-10-25 10:15:00,201.48,201.51,201.01,201.01,78138
8076,2023-10-25 10:45:00,201.19,201.38,200.74,200.95,64260
8077,2023-10-25 11:15:00,200.95,201.14,200.31,200.47,52888
8078,2023-10-25 11:45:00,200.47,200.78,200.3,200.5,988099
8079,2023-10-25 12:15:00,200.5,200.5,199.7,199.7,60544
8080,2023-10-25 12:45:00,199.7,199.89,198.9,198.98,1806866
8081,2023-10-25 13:15:00,198.91,199.5,198.9,199.09,1862282
8082,2023-10-25 13:45:00,199.25,199.82,198.95,199.82,801755
8083,2023-10-25 14:15:00,199.7,199.86,199.12,199.44,426988
8084,2023-10-25 14:45:00,199.36,199.8,199.34,199.47,59138
8085,2023-10-25 15:15:00,199.47,199.5,199.0,199.35,66955
8086,2023-10-26 09:15:00,198.31,198.37,197.18,197.33,133472
8087,2023-10-26 09:45:00,197.3,197.5,197.1,197.14,81954
8088,2023-10-26 10:15:00,197.2,197.43,196.9,197.38,151150
8089,2023-10-26 10:45:00,197.38,197.49,197.02,197.05,105582
8090,2023-10-26 11:15:00,197.05,197.33,197.02,197.33,155688
8091,2023-10-26 11:45:00,197.21,197.45,197.05,197.15,113093
8092,2023-10-26 12:15:00,197.15,197.45,197.05,197.13,56885
8093,2023-10-26 12:45:00,197.21,197.54,197.1,197.46,58375
8094,2023-10-26 13:15:00,197.45,197.53,197.0,197.13,727461
8095,2023-10-26 13:45:00,197.05,197.29,197.0,197.27,1064151
8096,2023-10-26 14:15:00,197.27,197.37,197.02,197.17,63982
8097,2023-10-26 14:45:00,197.29,197.55,197.05,197.34,650958
8098,2023-10-26 15:15:00,197.34,197.64,197.25,197.28,298779
8099,2023-10-27 09:15:00,197.99,198.95,197.28,198.56,58562
8100,2023-10-27 09:45:00,198.56,198.88,198.5,198.58,60678
8101,2023-10-27 10:15:00,198.58,198.72,198.3,198.64,21635
8102,2023-10-27 10:45:00,198.55,198.85,198.5,198.76,13658
8103,2023-10-27 11:15:00,198.76,198.99,198.65,198.8,18561
8104,2023-10-27 11:45:00,198.8,199.19,198.77,199.09,13715
8105,2023-10-27 12:15:00,199.09,199.16,198.68,198.93,7213
8106,2023-10-27 12:45:00,198.93,199.05,198.79,198.8,10122
8107,2023-10-27 13:15:00,198.8,199.16,198.8,199.16,8919
8108,2023-10-27 13:45:00,199.16,199.36,198.85,199.03,32039
8109,2023-10-27 14:15:00,199.03,199.38,198.8,199.31,16115
8110,2023-10-27 14:45:00,199.31,199.32,198.99,198.99,118057
8111,2023-10-27 15:15:00,198.92,199.39,198.9,199.07,109794
8112,2023-10-30 09:15:00,199.3,199.75,198.03,198.03,61321
8113,2023-10-30 09:45:00,198.03,198.76,197.95,198.76,40459
8114,2023-10-30 10:15:00,198.75,199.32,198.66,199.24,25254
8115,2023-10-30 10:45:00,199.3,199.64,199.25,199.4,22570
8116,2023-10-30 11:15:00,199.43,199.95,199.28,199.75,13903
8117,2023-10-30 11:45:00,199.75,199.92,199.43,199.77,17943
8118,2023-10-30 12:15:00,199.77,199.8,199.5,199.75,22987
8119,2023-10-30 12:45:00,199.75,199.96,199.62,199.96,15219
8120,2023-10-30 13:15:00,199.76,200.0,199.76,199.92,4323
8121,2023-10-30 13:45:00,199.92,199.96,199.7,199.8,4267
8122,2023-10-30 14:15:00,199.75,199.92,199.65,199.92,24822
8123,2023-10-30 14:45:00,199.92,200.2,199.72,200.07,25955
8124,2023-10-30 15:15:00,200.07,200.23,200.0,200.07,8929
8125,2023-10-31 09:15:00,201.44,201.44,199.77,200.36,39248
8126,2023-10-31 09:45:00,200.36,200.36,199.62,199.69,23575
8127,2023-10-31 10:15:00,199.7,199.84,199.3,199.3,20968
8128,2023-10-31 10:45:00,199.3,199.68,199.3,199.63,12840
8129,2023-10-31 11:15:00,199.63,199.83,199.45,199.46,12002
8130,2023-10-31 11:45:00,199.46,199.54,199.31,199.44,6329
8131,2023-10-31 12:15:00,199.44,199.75,199.36,199.6,28212
8132,2023-10-31 12:45:00,199.6,199.67,199.35,199.57,42902
8133,2023-10-31 13:15:00,199.57,199.82,199.35,199.71,3021
8134,2023-10-31 13:45:00,199.71,199.79,199.53,199.75,6932
8135,2023-10-31 14:15:00,199.75,200.11,199.57,199.97,20892
8136,2023-10-31 14:45:00,199.97,200.1,199.21,199.6,17974
8137,2023-10-31 15:15:00,199.6,199.71,199.32,199.38,12617
8138,2023-11-01 09:15:00,199.49,199.7,199.25,199.46,29821
8139,2023-11-01 09:45:00,199.46,199.46,198.72,198.8,100945
8140,2023-11-01 10:15:00,198.8,199.06,198.72,199.04,46516
8141,2023-11-01 10:45:00,199.04,199.2,198.93,198.93,10961
8142,2023-11-01 11:15:00,198.93,199.17,198.93,199.09,6407
8143,2023-11-01 11:45:00,199.1,199.2,198.9,199.15,7478
8144,2023-11-01 12:15:00,199.15,199.25,198.95,199.03,5813
8145,2023-11-01 12:45:00,199.03,199.07,198.55,198.65,41165
8146,2023-11-01 13:15:00,198.63,198.91,198.48,198.91,89683
8147,2023-11-01 13:45:00,198.96,198.96,198.65,198.77,44653
8148,2023-11-01 14:15:00,198.77,198.84,198.55,198.66,10945
8149,2023-11-01 14:45:00,198.66,198.79,198.48,198.52,16802
8150,2023-11-01 15:15:00,198.52,198.6,198.35,198.46,30379
8151,2023-11-02 09:15:00,199.52,200.45,199.52,200.38,50534
8152,2023-11-02 09:45:00,200.38,200.38,199.92,200.0,12324
8153,2023-11-02 10:15:00,199.92,200.05,199.82,199.93,4669
8154,2023-11-02 10:45:00,199.93,199.97,199.75,199.93,8141
8155,2023-11-02 11:15:00,199.93,199.95,199.54,199.54,13701
8156,2023-11-02 11:45:00,199.54,199.66,199.4,199.55,8302
8157,2023-11-02 12:15:00,199.55,199.8,199.39,199.61,1762
8158,2023-11-02 12:45:00,199.61,199.85,199.61,199.72,2614
8159,2023-11-02 13:15:00,199.72,199.84,199.61,199.84,4783
8160,2023-11-02 13:45:00,199.84,200.0,199.73,200.0,5822
8161,2023-11-02 14:15:00,200.0,200.0,199.75,199.75,2476
8162,2023-11-02 14:45:00,199.75,200.16,199.71,199.95,11162
8163,2023-11-02 15:15:00,199.95,200.4,199.83,200.04,5452
8164,2023-11-03 09:15:00,201.35,201.49,200.89,201.2,27687
8165,2023-11-03 09:45:00,201.2,201.46,201.0,201.43,39609
8166,2023-11-03 10:15:00,201.43,201.49,201.17,201.28,7933
8167,2023-11-03 10:45:00,201.28,201.48,201.18,201.42,6011
8168,2023-11-03 11:15:00,201.42,201.45,201.11,201.29,35432
8169,2023-11-03 11:45:00,201.25,201.29,201.11,201.21,2164
8170,2023-11-03 12:15:00,201.21,201.38,201.11,201.32,3113
8171,2023-11-03 12:45:00,201.32,201.37,201.2,201.25,1967
8172,2023-11-03 13:15:00,201.25,201.38,201.21,201.36,3532
8173,2023-11-03 13:45:00,201.36,201.36,201.2,201.27,3505
8174,2023-11-03 14:15:00,201.3,201.45,201.12,201.22,21088
8175,2023-11-03 14:45:00,201.22,201.28,200.86,201.11,8035
8176,2023-11-03 15:15:00,201.11,201.13,200.85,200.98,24706
8177,2023-11-06 09:15:00,202.01,202.4,201.92,202.05,18284
8178,2023-11-06 09:45:00,202.05,202.4,202.05,202.35,18740
8179,2023-11-06 10:15:00,202.4,202.58,202.13,202.32,23932
8180,2023-11-06 10:45:00,202.32,202.33,201.85,202.15,8042
8181,2023-11-06 11:15:00,202.15,202.28,202.02,202.26,7822
8182,2023-11-06 11:45:00,202.26,202.37,202.12,202.37,5062
8183,2023-11-06 12:15:00,202.37,202.38,202.1,202.34,3045
8184,2023-11-06 12:45:00,202.34,202.39,202.2,202.3,4356
8185,2023-11-06 13:15:00,202.3,202.47,202.21,202.35,4093
8186,2023-11-06 13:45:00,202.35,202.45,202.25,202.45,2983
8187,2023-11-06 14:15:00,202.45,202.69,202.41,202.56,15188
8188,2023-11-06 14:45:00,202.56,202.94,202.5,202.94,14788
8189,2023-11-06 15:15:00,202.94,203.0,202.7,202.82,15138
8190,2023-11-07 09:15:00,202.94,202.94,202.27,202.51,22715
8191,2023-11-07 09:45:00,202.51,202.61,202.34,202.54,10191
8192,2023-11-07 10:15:00,202.54,202.8,202.47,202.79,11673
8193,2023-11-07 10:45:00,202.79,202.85,202.66,202.8,9243
8194,2023-11-07 11:15:00,202.8,202.86,202.41,202.46,17110
8195,2023-11-07 11:45:00,202.46,202.46,202.17,202.39,6025
8196,2023-11-07 12:15:00,202.39,202.5,202.25,202.4,6447
8197,2023-11-07 12:45:00,202.4,202.53,202.35,202.39,20642
8198,2023-11-07 13:15:00,202.39,202.51,202.32,202.51,18188
8199,2023-11-07 13:45:00,202.51,202.87,202.37,202.78,9050
8200,2023-11-07 14:15:00,202.78,202.83,202.6,202.76,29236
8201,2023-11-07 14:45:00,202.76,202.9,202.56,202.56,10228
8202,2023-11-07 15:15:00,202.56,202.98,202.56,202.77,4396
8203,2023-11-08 09:15:00,203.26,203.26,202.85,203.13,6745
8204,2023-11-08 09:45:00,203.13,203.41,203.0,203.24,13460
8205,2023-11-08 10:15:00,203.24,203.27,203.0,203.2,3727
8206,2023-11-08 10:45:00,203.2,203.28,202.85,202.85,21144
8207,2023-11-08 11:15:00,202.85,203.24,202.85,203.16,9138
8208,2023-11-08 11:45:00,203.16,203.31,203.06,203.09,25512
8209,2023-11-08 12:15:00,203.09,203.29,203.06,203.06,34626
8210,2023-11-08 12:45:00,203.06,203.2,203.01,203.07,2764
8211,2023-11-08 13:15:00,203.07,203.45,203.07,203.25,12765
8212,2023-11-08 13:45:00,203.25,203.47,203.25,203.4,13724
8213,2023-11-08 14:15:00,203.4,203.4,203.01,203.17,78812
8214,2023-11-08 14:45:00,203.17,203.37,203.1,203.27,55690
8215,2023-11-08 15:15:00,203.27,203.46,203.1,203.18,12672
8216,2023-11-09 09:15:00,203.07,203.3,202.91,203.1,35337
8217,2023-11-09 09:45:00,203.1,203.39,202.91,203.38,26150
8218,2023-11-09 10:15:00,203.38,203.39,203.01,203.21,21845
8219,2023-11-09 10:45:00,203.21,203.29,203.01,203.29,14680
8220,2023-11-09 11:15:00,203.29,203.45,203.14,203.23,18435
8221,2023-11-09 11:45:00,203.23,203.49,203.18,203.37,15522
8222,2023-11-09 12:15:00,203.37,203.44,203.27,203.27,15804
8223,2023-11-09 12:45:00,203.27,203.34,203.11,203.18,8198
8224,2023-11-09 13:15:00,203.18,203.29,203.0,203.11,27006
8225,2023-11-09 13:45:00,203.11,203.13,202.91,202.99,63583
8226,2023-11-09 14:15:00,202.99,203.12,202.7,202.78,298958
8227,2023-11-09 14:45:00,202.78,203.18,202.74,202.84,65104
8228,2023-11-09 15:15:00,202.84,203.17,202.75,202.81,47942
8229,2023-11-10 09:15:00,202.0,202.44,201.8,201.98,14522
8230,2023-11-10 09:45:00,201.98,202.04,201.75,202.0,6883
8231,2023-11-10 10:15:00,202.07,202.32,201.91,202.13,22590
8232,2023-11-10 10:45:00,202.13,202.38,201.94,202.19,8393
8233,2023-11-10 11:15:00,202.19,202.67,202.04,202.62,12584
8234,2023-11-10 11:45:00,202.63,202.67,202.32,202.58,1668
8235,2023-11-10 12:15:00,202.58,202.73,202.32,202.73,1439
8236,2023-11-10 12:45:00,202.73,202.95,202.48,202.7,6900
8237,2023-11-10 13:15:00,202.7,202.76,202.49,202.61,5669
8238,2023-11-10 13:45:00,202.61,202.74,202.24,202.24,23418
8239,2023-11-10 14:15:00,202.24,202.39,202.0,202.25,10336
8240,2023-11-10 14:45:00,202.24,202.69,202.24,202.6,4485
8241,2023-11-10 15:15:00,202.6,202.9,202.51,202.65,4755
8242,2023-11-12 18:15:00,204.3,204.3,203.11,203.54,67423
8243,2023-11-12 18:45:00,203.54,203.61,203.25,203.5,23763
8244,2023-11-12 19:15:00,203.47,203.47,203.47,203.47,0
8245,2023-11-13 09:15:00,203.24,203.5,202.9,203.0,11347
8246,2023-11-13 09:45:00,203.0,203.3,202.93,203.3,15447
8247,2023-11-13 10:15:00,203.3,203.39,202.74,202.9,38131
8248,2023-11-13 10:45:00,202.9,203.12,202.8,203.07,5326
8249,2023-11-13 11:15:00,203.07,203.31,202.92,203.18,6773
8250,2023-11-13 11:45:00,203.18,203.34,203.17,203.28,7900
8251,2023-11-13 12:15:00,203.28,203.4,203.1,203.34,3452
8252,2023-11-13 12:45:00,203.34,203.39,202.97,203.28,15213
8253,2023-11-13 13:15:00,203.28,203.31,203.01,203.29,1295
8254,2023-11-13 13:45:00,203.29,203.44,203.11,203.41,3340
8255,2023-11-13 14:15:00,203.41,203.45,203.21,203.45,1593
8256,2023-11-13 14:45:00,203.43,203.43,203.03,203.3,4507
8257,2023-11-13 15:15:00,203.3,203.35,202.81,203.03,18102
8258,2023-11-15 09:15:00,204.84,204.85,204.5,204.61,34697
8259,2023-11-15 09:45:00,204.61,204.99,204.59,204.91,11419
8260,2023-11-15 10:15:00,204.91,204.96,204.72,204.76,5436
8261,2023-11-15 10:45:00,204.76,205.0,204.58,204.94,20289
8262,2023-11-15 11:15:00,204.94,204.95,204.61,204.9,11917
8263,2023-11-15 11:45:00,204.9,204.9,204.66,204.74,4675
8264,2023-11-15 12:15:00,204.74,204.9,204.68,204.86,4659
8265,2023-11-15 12:45:00,204.8,205.0,204.67,204.9,7621
8266,2023-11-15 13:15:00,204.9,205.2,204.88,205.1,51813
8267,2023-11-15 13:45:00,205.1,205.2,204.94,204.94,15333
8268,2023-11-15 14:15:00,204.94,205.2,204.94,205.1,1772
8269,2023-11-15 14:45:00,205.1,205.28,204.92,205.1,60226
8270,2023-11-15 15:15:00,205.1,205.3,205.06,205.13,84186
8271,2023-11-16 09:15:00,205.0,205.48,204.71,205.4,7594
8272,2023-11-16 09:45:00,205.4,205.79,205.39,205.72,29214
8273,2023-11-16 10:15:00,205.72,205.79,205.5,205.79,2859
8274,2023-11-16 10:45:00,205.79,206.37,205.58,206.36,11879
8275,2023-11-16 11:15:00,206.4,206.5,206.25,206.39,3473
8276,2023-11-16 11:45:00,206.39,206.6,206.27,206.44,34647
8277,2023-11-16 12:15:00,206.44,206.6,206.35,206.59,10125
8278,2023-11-16 12:45:00,206.59,206.69,206.44,206.6,14552
8279,2023-11-16 13:15:00,206.6,206.6,206.4,206.4,4765
8280,2023-11-16 13:45:00,206.4,206.7,206.4,206.59,13583
8281,2023-11-16 14:15:00,206.59,207.05,206.59,207.05,34184
8282,2023-11-16 14:45:00,207.05,207.2,205.72,205.86,16085
8283,2023-11-16 15:15:00,205.86,206.52,205.85,206.08,16846
8284,2023-11-17 09:15:00,205.5,206.27,205.4,206.22,37074
8285,2023-11-17 09:45:00,206.22,206.69,206.22,206.54,7557
8286,2023-11-17 10:15:00,206.4,206.62,206.1,206.59,10137
8287,2023-11-17 10:45:00,206.65,206.65,206.15,206.35,10383
8288,2023-11-17 11:15:00,206.35,206.36,206.06,206.34,13372
8289,2023-11-17 11:45:00,206.34,206.39,206.1,206.14,3280
8290,2023-11-17 12:15:00,206.14,206.43,206.05,206.43,3055
8291,2023-11-17 12:45:00,206.43,206.49,206.16,206.34,10389
8292,2023-11-17 13:15:00,206.34,206.35,206.06,206.12,3306
8293,2023-11-17 13:45:00,206.12,206.4,206.01,206.2,6487
8294,2023-11-17 14:15:00,206.2,206.42,205.9,206.03,14268
8295,2023-11-17 14:45:00,206.03,206.38,205.97,206.05,12825
8296,2023-11-17 15:15:00,206.18,206.25,205.97,206.12,6186
8297,2023-11-20 09:15:00,206.22,206.36,205.71,205.97,25582
8298,2023-11-20 09:45:00,205.97,205.97,205.52,205.84,12345
8299,2023-11-20 10:15:00,205.84,206.16,205.73,205.93,8059
8300,2023-11-20 10:45:00,205.93,206.09,201.9,205.31,559239
8301,2023-11-20 11:15:00,205.31,205.48,205.17,205.46,27453
8302,2023-11-20 11:45:00,205.46,205.57,205.25,205.5,7014
8303,2023-11-20 12:15:00,205.61,205.61,205.3,205.32,4747
8304,2023-11-20 12:45:00,205.32,205.69,205.3,205.68,5216
8305,2023-11-20 13:15:00,205.68,205.68,205.41,205.63,4944
8306,2023-11-20 13:45:00,205.63,205.63,205.3,205.38,6233
8307,2023-11-20 14:15:00,205.38,205.65,205.38,205.55,6674
8308,2023-11-20 14:45:00,205.55,205.67,205.41,205.41,41060
8309,2023-11-20 15:15:00,205.41,205.53,205.37,205.49,8053
8310,2023-11-21 09:15:00,206.59,206.59,205.81,206.56,64535
8311,2023-11-21 09:45:00,206.5,206.52,206.26,206.28,7026
8312,2023-11-21 10:15:00,206.41,206.5,206.27,206.5,7542
8313,2023-11-21 10:45:00,206.5,206.51,206.31,206.34,7747
8314,2023-11-21 11:15:00,206.34,206.57,206.33,206.37,15783
8315,2023-11-21 11:45:00,206.37,206.64,206.32,206.64,4548
8316,2023-11-21 12:15:00,206.64,206.91,206.56,206.77,7158
8317,2023-11-21 12:45:00,206.77,206.82,206.34,206.34,2231
8318,2023-11-21 13:15:00,206.34,206.71,206.34,206.6,7706
8319,2023-11-21 13:45:00,206.6,206.67,206.39,206.6,3560
8320,2023-11-21 14:15:00,206.6,206.65,206.31,206.65,6467
8321,2023-11-21 14:45:00,206.65,206.65,206.37,206.52,100972
8322,2023-11-21 15:15:00,206.52,206.7,206.14,206.7,2044
8323,2023-11-22 09:15:00,206.99,206.99,206.28,206.6,9753
8324,2023-11-22 09:45:00,206.6,206.78,206.5,206.78,10791
8325,2023-11-22 10:15:00,206.78,206.78,206.35,206.7,5330
8326,2023-11-22 10:45:00,206.7,206.7,206.48,206.64,4124
8327,2023-11-22 11:15:00,206.64,206.7,206.41,206.59,6021
8328,2023-11-22 11:45:00,206.59,206.59,206.2,206.2,4021
8329,2023-11-22 12:15:00,206.2,206.29,205.7,206.06,16142
8330,2023-11-22 12:45:00,206.06,206.1,205.86,206.05,3116
8331,2023-11-22 13:15:00,206.05,206.19,205.88,206.13,4181
8332,2023-11-22 13:45:00,206.13,206.13,205.76,205.76,5952
8333,2023-11-22 14:15:00,205.76,206.55,205.76,206.54,5666
8334,2023-11-22 14:45:00,206.54,206.74,206.44,206.71,7175
8335,2023-11-22 15:15:00,206.71,206.74,206.5,206.62,7184
8336,2023-11-23 09:15:00,207.01,207.25,206.83,207.07,23217
8337,2023-11-23 09:45:00,207.07,207.2,206.68,206.81,37051
8338,2023-11-23 10:15:00,206.81,206.93,206.42,206.46,14766
8339,2023-11-23 10:45:00,206.46,206.77,206.46,206.6,16874
8340,2023-11-23 11:15:00,206.6,206.8,206.5,206.6,3152
8341,2023-11-23 11:45:00,206.6,206.71,206.53,206.53,3087
8342,2023-11-23 12:15:00,206.53,206.87,206.53,206.55,2630
8343,2023-11-23 12:45:00,206.7,206.7,206.47,206.56,1395
8344,2023-11-23 13:15:00,206.56,206.72,206.5,206.65,19908
8345,2023-11-23 13:45:00,206.65,206.85,206.58,206.73,22272
8346,2023-11-23 14:15:00,206.73,206.73,206.38,206.6,4549
8347,2023-11-23 14:45:00,206.6,206.63,206.5,206.63,6284
8348,2023-11-23 15:15:00,206.63,206.92,206.52,206.62,13414
8349,2023-11-24 09:15:00,206.89,206.89,206.59,206.68,14862
8350,2023-11-24 09:45:00,206.68,206.78,206.32,206.73,111327
8351,2023-11-24 10:15:00,206.73,206.8,206.5,206.68,3241
8352,2023-11-24 10:45:00,206.68,207.13,206.53,206.6,7473
8353,2023-11-24 11:15:00,206.6,206.9,206.59,206.85,5679
8354,2023-11-24 11:45:00,206.85,206.92,206.54,206.54,6803
8355,2023-11-24 12:15:00,206.54,206.78,206.5,206.65,3279
8356,2023-11-24 12:45:00,206.65,206.72,206.45,206.45,2923
8357,2023-11-24 13:15:00,206.45,206.57,206.25,206.52,2233
8358,2023-11-24 13:45:00,206.52,206.6,206.42,206.6,12055
8359,2023-11-24 14:15:00,206.6,206.8,206.43,206.47,4415
8360,2023-11-24 14:45:00,206.47,206.7,206.47,206.51,7265
8361,2023-11-24 15:15:00,206.51,206.64,206.51,206.58,4769
8362,2023-11-28 09:15:00,206.75,206.98,206.6,206.87,140383
8363,2023-11-28 09:45:00,206.85,207.0,206.66,206.79,74665
8364,2023-11-28 10:15:00,206.65,206.96,206.6,206.84,10499
8365,2023-11-28 10:45:00,206.84,207.31,206.69,207.1,101192
8366,2023-11-28 11:15:00,207.1,207.32,207.01,207.26,10689
8367,2023-11-28 11:45:00,207.26,207.5,207.11,207.27,645389
8368,2023-11-28 12:15:00,207.27,207.47,207.09,207.09,43987
8369,2023-11-28 12:45:00,207.09,207.21,207.0,207.03,39011
8370,2023-11-28 13:15:00,207.03,207.17,207.0,207.0,5411
8371,2023-11-28 13:45:00,207.0,207.14,207.0,207.14,2615
8372,2023-11-28 14:15:00,207.14,207.84,207.05,207.77,57415
8373,2023-11-28 14:45:00,207.6,207.8,207.41,207.8,10781
8374,2023-11-28 15:15:00,207.8,208.0,207.68,207.76,38379
8375,2023-11-29 09:15:00,208.51,208.63,208.15,208.54,64147
8376,2023-11-29 09:45:00,208.54,208.8,208.5,208.68,16557
8377,2023-11-29 10:15:00,208.68,208.8,208.58,208.72,16096
8378,2023-11-29 10:45:00,208.72,209.0,208.6,208.88,21344
8379,2023-11-29 11:15:00,208.88,208.99,208.66,208.98,7440
8380,2023-11-29 11:45:00,208.98,209.0,208.77,209.0,20801
8381,2023-11-29 12:15:00,209.0,209.1,208.9,209.03,20225
8382,2023-11-29 12:45:00,209.03,209.18,208.98,209.1,14793
8383,2023-11-29 13:15:00,209.1,209.25,209.07,209.22,9358
8384,2023-11-29 13:45:00,209.29,209.45,209.13,209.21,14055
8385,2023-11-29 14:15:00,209.21,209.44,209.14,209.35,12023
8386,2023-11-29 14:45:00,209.35,209.59,209.34,209.59,26277
8387,2023-11-29 15:15:00,209.59,209.62,209.5,209.53,5978
8388,2023-11-30 09:15:00,209.75,210.0,209.58,209.91,27012
8389,2023-11-30 09:45:00,209.91,209.95,209.0,209.32,36867
8390,2023-11-30 10:15:00,209.32,209.57,209.17,209.43,12827
8391,2023-11-30 10:45:00,209.43,209.78,209.1,209.16,8405
8392,2023-11-30 11:15:00,209.33,209.45,209.1,209.26,6483
8393,2023-11-30 11:45:00,209.26,209.42,209.07,209.24,8530
8394,2023-11-30 12:15:00,209.24,209.39,209.04,209.37,9721
8395,2023-11-30 12:45:00,209.37,209.73,209.12,209.27,6618
8396,2023-11-30 13:15:00,209.27,209.59,209.24,209.59,2908
8397,2023-11-30 13:45:00,209.59,209.85,209.29,209.36,5796
8398,2023-11-30 14:15:00,209.36,209.9,209.29,209.9,9179
8399,2023-11-30 14:45:00,209.9,209.99,209.68,209.98,41155
8400,2023-11-30 15:15:00,209.99,210.37,209.85,210.01,119056
8401,2023-12-01 09:15:00,210.5,211.09,210.5,210.9,22803
8402,2023-12-01 09:45:00,210.9,211.39,210.8,211.34,71358
8403,2023-12-01 10:15:00,211.35,211.48,211.2,211.37,9094
8404,2023-12-01 10:45:00,211.37,211.5,211.22,211.45,29699
8405,2023-12-01 11:15:00,211.45,211.85,211.25,211.82,10794
8406,2023-12-01 11:45:00,211.82,211.82,211.4,211.45,131671
8407,2023-12-01 12:15:00,211.4,211.45,211.31,211.4,9641
8408,2023-12-01 12:45:00,211.4,211.45,211.35,211.45,341257
8409,2023-12-01 13:15:00,211.45,211.5,211.34,211.45,2597
8410,2023-12-01 13:45:00,211.45,211.49,211.36,211.45,809458
8411,2023-12-01 14:15:00,211.45,211.45,211.38,211.38,108689
8412,2023-12-01 14:45:00,211.38,211.5,211.19,211.43,139457
8413,2023-12-01 15:15:00,211.43,211.66,211.35,211.35,9203
8414,2023-12-04 09:15:00,213.81,214.83,213.67,214.6,119140
8415,2023-12-04 09:45:00,214.5,214.74,214.28,214.49,90183
8416,2023-12-04 10:15:00,214.49,214.5,214.3,214.45,37154
8417,2023-12-04 10:45:00,214.45,214.7,214.4,214.68,23914
8418,2023-12-04 11:15:00,214.68,214.84,214.63,214.84,59723
8419,2023-12-04 11:45:00,214.84,215.1,214.72,214.99,74711
8420,2023-12-04 12:15:00,214.99,215.03,214.76,215.03,10713
8421,2023-12-04 12:45:00,215.03,215.23,214.85,215.22,17042
8422,2023-12-04 13:15:00,215.22,215.4,214.98,215.4,11366
8423,2023-12-04 13:45:00,215.4,215.55,215.11,215.52,13904
8424,2023-12-04 14:15:00,215.5,215.96,215.5,215.63,13471
8425,2023-12-04 14:45:00,215.63,216.0,215.5,215.77,19906
8426,2023-12-04 15:15:00,215.77,215.9,215.57,215.71,13445
8427,2023-12-05 09:15:00,217.18,217.18,215.97,216.6,55975
8428,2023-12-05 09:45:00,216.7,217.0,216.56,216.89,53781
8429,2023-12-05 10:15:00,216.89,217.35,216.89,217.35,113645
8430,2023-12-05 10:45:00,217.35,217.57,217.15,217.39,39075
8431,2023-12-05 11:15:00,217.39,217.39,216.35,216.5,28611
8432,2023-12-05 11:45:00,216.5,216.7,216.35,216.61,359046
8433,2023-12-05 12:15:00,216.61,216.82,216.52,216.6,238241
8434,2023-12-05 12:45:00,216.6,217.0,216.58,216.83,245584
8435,2023-12-05 13:15:00,216.93,217.2,216.73,217.1,242058
8436,2023-12-05 13:45:00,217.02,217.1,216.75,216.97,258768
8437,2023-12-05 14:15:00,216.97,217.29,216.77,217.2,159215
8438,2023-12-05 14:45:00,217.2,217.49,217.08,217.41,22267
8439,2023-12-05 15:15:00,217.48,217.81,217.43,217.43,57995
8440,2023-12-06 09:15:00,217.8,218.55,217.8,218.15,54990
8441,2023-12-06 09:45:00,218.17,218.5,217.91,217.91,161771
8442,2023-12-06 10:15:00,218.04,218.25,217.89,218.0,81758
8443,2023-12-06 10:45:00,218.0,218.39,218.0,218.17,296230
8444,2023-12-06 11:15:00,218.16,218.44,218.1,218.27,178994
8445,2023-12-06 11:45:00,218.27,218.62,218.1,218.23,262481
8446,2023-12-06 12:15:00,218.35,218.49,217.94,217.95,98281
8447,2023-12-06 12:45:00,217.95,218.05,217.69,217.7,7528
8448,2023-12-06 13:15:00,217.7,218.0,217.58,217.9,17613
8449,2023-12-06 13:45:00,217.9,218.37,217.9,218.3,530209
8450,2023-12-06 14:15:00,218.3,218.54,218.21,218.5,3823
8451,2023-12-06 14:45:00,218.5,218.66,218.3,218.44,9629
8452,2023-12-06 15:15:00,218.44,218.48,218.15,218.29,16580
8453,2023-12-07 09:15:00,218.03,218.03,217.4,217.85,24833
8454,2023-12-07 09:45:00,217.83,217.94,217.56,217.93,24866
8455,2023-12-07 10:15:00,217.93,218.28,217.78,218.06,138632
8456,2023-12-07 10:45:00,218.06,218.44,217.97,218.2,207399
8457,2023-12-07 11:15:00,218.2,218.4,218.0,218.12,26491
8458,2023-12-07 11:45:00,218.12,218.2,218.01,218.13,171740
8459,2023-12-07 12:15:00,218.13,218.2,218.08,218.2,40462
8460,2023-12-07 12:45:00,218.2,218.2,218.08,218.11,7139
8461,2023-12-07 13:15:00,218.11,218.2,218.08,218.2,30525
8462,2023-12-07 13:45:00,218.2,218.36,218.12,218.14,56972
8463,2023-12-07 14:15:00,218.14,218.25,218.12,218.12,401328
8464,2023-12-07 14:45:00,218.17,218.2,217.9,218.1,439866
8465,2023-12-07 15:15:00,218.1,218.29,218.0,218.0,5001
8466,2023-12-08 09:15:00,218.64,218.75,218.31,218.68,14712
8467,2023-12-08 09:45:00,218.68,219.0,218.63,218.86,37629
8468,2023-12-08 10:15:00,218.86,219.06,218.73,219.0,4956
8469,2023-12-08 10:45:00,219.0,219.05,218.27,218.66,27783
8470,2023-12-08 11:15:00,218.66,218.9,218.58,218.89,10045
8471,2023-12-08 11:45:00,218.89,218.9,218.56,218.69,6672
8472,2023-12-08 12:15:00,218.69,218.7,218.4,218.4,8361
8473,2023-12-08 12:45:00,218.4,218.44,217.96,218.12,714197
8474,2023-12-08 13:15:00,218.12,218.2,217.75,217.78,5494
8475,2023-12-08 13:45:00,217.78,218.2,217.66,218.18,60276
8476,2023-12-08 14:15:00,218.18,218.49,217.9,218.38,630787
8477,2023-12-08 14:45:00,218.38,218.82,218.21,218.69,37556
8478,2023-12-08 15:15:00,218.69,218.98,218.63,218.71,5403
8479,2023-12-11 09:15:00,218.96,219.24,218.46,219.0,44667
8480,2023-12-11 09:45:00,218.96,219.05,218.75,219.05,93217
8481,2023-12-11 10:15:00,219.03,219.29,218.7,218.78,151344
8482,2023-12-11 10:45:00,218.78,219.1,218.55,219.1,148570
8483,2023-12-11 11:15:00,219.01,219.1,218.8,219.0,28694
8484,2023-12-11 11:45:00,219.0,219.0,218.75,218.96,7534
8485,2023-12-11 12:15:00,218.97,218.97,218.63,218.88,5178
8486,2023-12-11 12:45:00,218.88,219.0,218.66,218.91,17842
8487,2023-12-11 13:15:00,218.91,219.0,218.75,219.0,5233
8488,2023-12-11 13:45:00,219.0,219.0,218.64,218.9,8088
8489,2023-12-11 14:15:00,218.9,219.05,218.88,218.93,16111
8490,2023-12-11 14:45:00,218.93,219.09,218.83,219.0,1021901
8491,2023-12-11 15:15:00,219.0,219.0,218.8,218.94,55417
8492,2023-12-12 09:15:00,219.34,219.47,219.05,219.3,16138
8493,2023-12-12 09:45:00,219.23,219.39,219.15,219.15,11115
8494,2023-12-12 10:15:00,219.15,219.29,218.9,219.13,10176
8495,2023-12-12 10:45:00,219.13,219.29,218.96,219.1,76904
8496,2023-12-12 11:15:00,219.1,219.2,218.95,219.0,37440
8497,2023-12-12 11:45:00,219.1,219.15,219.01,219.1,1251
8498,2023-12-12 12:15:00,219.1,219.1,219.0,219.0,9454
8499,2023-12-12 12:45:00,218.95,219.02,218.61,218.61,4130
8500,2023-12-12 13:15:00,218.61,218.7,218.52,218.58,773268
8501,2023-12-12 13:45:00,218.6,218.7,218.46,218.53,137855
8502,2023-12-12 14:15:00,218.5,218.57,218.1,218.15,3947
8503,2023-12-12 14:45:00,218.15,218.39,217.82,218.32,89579
8504,2023-12-12 15:15:00,218.3,218.3,218.0,218.08,428481
8505,2023-12-13 09:15:00,218.5,218.5,217.87,218.27,8968
8506,2023-12-13 09:45:00,218.27,218.3,217.6,217.92,16205
8507,2023-12-13 10:15:00,217.93,217.93,217.25,217.5,28040
8508,2023-12-13 10:45:00,217.5,217.75,217.37,217.5,164231
8509,2023-12-13 11:15:00,217.5,217.5,217.2,217.38,21304
8510,2023-12-13 11:45:00,217.38,217.4,217.15,217.2,119848
8511,2023-12-13 12:15:00,217.2,217.2,217.0,217.1,181854
8512,2023-12-13 12:45:00,217.1,217.5,217.06,217.25,490244
8513,2023-12-13 13:15:00,217.25,217.79,217.25,217.7,189548
8514,2023-12-13 13:45:00,217.7,217.97,217.56,217.83,188111
8515,2023-12-13 14:15:00,217.83,217.83,217.48,217.59,89785
8516,2023-12-13 14:45:00,217.59,218.42,217.47,218.28,14143
8517,2023-12-13 15:15:00,218.28,218.5,218.16,218.16,5449
8518,2023-12-14 09:15:00,220.29,220.51,219.76,220.4,23251
8519,2023-12-14 09:45:00,220.4,220.93,220.36,220.72,29344
8520,2023-12-14 10:15:00,220.72,220.79,220.43,220.58,8292
8521,2023-12-14 10:45:00,220.58,220.75,220.53,220.7,3994
8522,2023-12-14 11:15:00,220.71,220.9,220.61,220.9,58988
8523,2023-12-14 11:45:00,220.9,220.98,220.6,220.79,29013
8524,2023-12-14 12:15:00,220.79,220.88,220.61,220.69,1023
8525,2023-12-14 12:45:00,220.69,220.95,220.69,220.94,183904
8526,2023-12-14 13:15:00,220.94,221.25,220.77,221.24,21651
8527,2023-12-14 13:45:00,221.24,221.25,221.0,221.0,64585
8528,2023-12-14 14:15:00,221.0,221.1,221.0,221.04,386570
8529,2023-12-14 14:45:00,221.04,221.1,220.75,220.8,711591
8530,2023-12-14 15:15:00,220.8,221.3,220.77,220.8,283198
8531,2023-12-15 09:15:00,222.1,222.1,221.42,221.5,23925
8532,2023-12-15 09:45:00,221.5,222.4,221.5,222.31,471586
8533,2023-12-15 10:15:00,222.35,222.69,222.22,222.27,286541
8534,2023-12-15 10:45:00,222.21,222.32,221.86,222.21,382729
8535,2023-12-15 11:15:00,222.21,222.56,222.15,222.32,404780
8536,2023-12-15 11:45:00,222.32,222.46,222.16,222.18,292841
8537,2023-12-15 12:15:00,222.18,222.5,222.09,222.37,286540
8538,2023-12-15 12:45:00,222.37,222.56,222.26,222.28,294836
8539,2023-12-15 13:15:00,222.28,222.78,222.28,222.49,532900
8540,2023-12-15 13:45:00,222.5,222.8,222.45,222.74,479436
8541,2023-12-15 14:15:00,222.7,222.92,222.4,222.89,242025
8542,2023-12-15 14:45:00,222.89,223.72,222.79,223.7,83160
8543,2023-12-15 15:15:00,223.7,224.25,223.6,223.6,22870
8544,2023-12-18 09:15:00,223.42,223.9,222.75,223.4,57548
8545,2023-12-18 09:45:00,223.45,223.8,223.36,223.67,369480
8546,2023-12-18 10:15:00,223.67,223.97,223.5,223.65,310985
8547,2023-12-18 10:45:00,223.65,223.99,223.62,223.89,309152
8548,2023-12-18 11:15:00,223.89,223.97,223.72,223.84,306989
8549,2023-12-18 11:45:00,223.84,223.95,223.57,223.68,309876
8550,2023-12-18 12:15:00,223.68,223.79,223.4,223.67,300296
8551,2023-12-18 12:45:00,223.58,223.68,223.3,223.37,185007
8552,2023-12-18 13:15:00,223.37,223.56,223.26,223.4,151021
8553,2023-12-18 13:45:00,223.4,223.56,223.33,223.56,471348
8554,2023-12-18 14:15:00,223.44,223.9,223.4,223.5,319830
8555,2023-12-18 14:45:00,223.5,223.66,223.4,223.57,12343
8556,2023-12-18 15:15:00,223.6,223.6,223.33,223.55,4616
8557,2023-12-19 09:15:00,223.55,223.88,223.11,223.15,32519
8558,2023-12-19 09:45:00,223.15,223.2,222.5,222.83,20030
8559,2023-12-19 10:15:00,222.83,223.08,222.66,223.08,107172
8560,2023-12-19 10:45:00,223.08,223.26,222.92,223.08,726546
8561,2023-12-19 11:15:00,223.05,223.47,222.94,223.27,275022
8562,2023-12-19 11:45:00,223.27,223.77,223.27,223.45,320366
8563,2023-12-19 12:15:00,223.45,223.99,223.44,223.97,348305
8564,2023-12-19 12:45:00,223.97,224.0,223.65,223.73,347847
8565,2023-12-19 13:15:00,223.73,223.97,223.58,223.77,364250
8566,2023-12-19 13:45:00,223.77,224.14,223.71,223.94,353792
8567,2023-12-19 14:15:00,223.94,224.4,223.84,224.3,191076
8568,2023-12-19 14:45:00,224.3,224.3,223.62,223.87,19630
8569,2023-12-19 15:15:00,223.87,223.99,223.61,223.87,7824
8570,2023-12-20 09:15:00,224.99,225.15,224.32,224.91,34896
8571,2023-12-20 09:45:00,225.0,225.0,224.53,224.68,94689
8572,2023-12-20 10:15:00,224.8,225.0,224.64,224.84,462707
8573,2023-12-20 10:45:00,224.84,225.16,224.81,224.82,445560
8574,2023-12-20 11:15:00,224.82,224.93,224.4,224.5,373976
8575,2023-12-20 11:45:00,224.41,224.64,224.23,224.5,40951
8576,2023-12-20 12:15:00,224.5,224.5,224.16,224.49,413083
8577,2023-12-20 12:45:00,224.49,224.63,223.9,224.0,329126
8578,2023-12-20 13:15:00,224.0,224.0,222.27,223.16,17191
8579,2023-12-20 13:45:00,223.16,223.31,221.56,222.05,41487
8580,2023-12-20 14:15:00,222.05,222.46,221.13,221.26,204009
8581,2023-12-20 14:45:00,221.39,221.75,220.5,220.58,594413
8582,2023-12-20 15:15:00,220.5,220.67,220.21,220.67,27291
8583,2023-12-21 09:15:00,219.85,220.15,219.2,219.99,174761
8584,2023-12-21 09:45:00,219.99,220.67,219.69,220.67,83025
8585,2023-12-21 10:15:00,220.67,220.67,220.04,220.5,191238
8586,2023-12-21 10:45:00,220.5,220.99,220.36,220.66,1156340
8587,2023-12-21 11:15:00,220.75,220.76,220.4,220.5,1157404
8588,2023-12-21 11:45:00,220.5,221.04,220.5,220.96,316752
8589,2023-12-21 12:15:00,220.96,221.6,220.74,221.45,293234
8590,2023-12-21 12:45:00,221.45,221.75,221.16,221.42,289858
8591,2023-12-21 13:15:00,221.5,221.71,220.8,221.01,284802
8592,2023-12-21 13:45:00,221.01,221.48,220.83,221.2,167518
8593,2023-12-21 14:15:00,221.2,221.86,221.15,221.82,11944
8594,2023-12-21 14:45:00,221.82,221.84,221.36,221.71,11547
8595,2023-12-21 15:15:00,221.63,222.0,221.58,221.7,30173
8596,2023-12-22 09:15:00,221.92,222.27,221.55,221.81,59472
8597,2023-12-22 09:45:00,221.81,222.73,221.81,222.57,303423
8598,2023-12-22 10:15:00,222.57,222.8,222.3,222.5,496154
8599,2023-12-22 10:45:00,222.5,223.13,222.5,222.74,472550
8600,2023-12-22 11:15:00,222.91,223.1,222.65,222.91,497287
8601,2023-12-22 11:45:00,222.91,223.1,222.71,222.71,461998
8602,2023-12-22 12:15:00,222.67,222.88,222.11,222.3,279914
8603,2023-12-22 12:45:00,222.23,222.75,222.23,222.33,517256
8604,2023-12-22 13:15:00,222.3,222.62,222.11,222.18,403156
8605,2023-12-22 13:45:00,222.18,222.3,221.64,222.3,118843
8606,2023-12-22 14:15:00,222.18,222.98,222.18,222.98,810859
8607,2023-12-22 14:45:00,222.98,222.98,222.5,222.73,11842
8608,2023-12-22 15:15:00,222.84,222.88,222.5,222.74,20802
8609,2023-12-26 09:15:00,223.09,223.09,222.49,222.86,70918
8610,2023-12-26 09:45:00,222.84,223.55,222.83,223.45,15112
8611,2023-12-26 10:15:00,223.45,223.97,223.23,223.7,123462
8612,2023-12-26 10:45:00,223.63,223.91,223.55,223.7,294399
8613,2023-12-26 11:15:00,223.7,223.92,223.57,223.71,505172
8614,2023-12-26 11:45:00,223.75,223.89,223.59,223.75,865420
8615,2023-12-26 12:15:00,223.75,223.89,223.55,223.6,447787
8616,2023-12-26 12:45:00,223.6,223.84,223.41,223.55,44133
8617,2023-12-26 13:15:00,223.55,223.75,223.45,223.65,827385
8618,2023-12-26 13:45:00,223.65,223.9,223.55,223.56,193970
8619,2023-12-26 14:15:00,223.56,223.86,223.56,223.64,551535
8620,2023-12-26 14:45:00,223.64,223.7,223.45,223.6,324404
8621,2023-12-26 15:15:00,223.6,224.0,223.5,223.54,256641
8622,2023-12-27 09:15:00,224.4,224.74,224.15,224.72,23531
8623,2023-12-27 09:45:00,224.72,225.0,224.71,224.91,56034
8624,2023-12-27 10:15:00,224.93,225.0,224.76,224.9,431945
8625,2023-12-27 10:45:00,224.9,225.09,224.86,224.99,630787
8626,2023-12-27 11:15:00,224.99,225.16,224.86,225.14,680739
8627,2023-12-27 11:45:00,225.14,225.24,224.95,225.06,344886
8628,2023-12-27 12:15:00,225.06,225.09,224.68,224.94,127552
8629,2023-12-27 12:45:00,224.94,224.95,224.7,224.92,78700
8630,2023-12-27 13:15:00,224.92,224.92,224.6,224.78,107021
8631,2023-12-27 13:45:00,224.78,224.9,224.77,224.9,156483
8632,2023-12-27 14:15:00,224.9,225.05,224.7,225.0,1615216
8633,2023-12-27 14:45:00,225.0,226.05,225.0,226.04,331076
8634,2023-12-27 15:15:00,226.0,226.31,225.97,226.14,225320
8635,2023-12-28 09:15:00,227.15,227.35,226.25,226.85,57314
8636,2023-12-28 09:45:00,226.85,226.97,226.06,226.5,146081
8637,2023-12-28 10:15:00,226.5,226.8,226.15,226.41,337597
8638,2023-12-28 10:45:00,226.4,226.75,226.31,226.75,77483
8639,2023-12-28 11:15:00,226.75,226.75,226.5,226.75,5370
8640,2023-12-28 11:45:00,226.75,226.75,226.62,226.75,69373
8641,2023-12-28 12:15:00,226.75,227.0,226.62,226.86,1220237
8642,2023-12-28 12:45:00,226.86,227.0,226.77,226.9,311667
8643,2023-12-28 13:15:00,226.9,227.0,226.7,226.85,85071
8644,2023-12-28 13:45:00,226.85,227.0,226.68,226.77,457532
8645,2023-12-28 14:15:00,226.77,227.0,226.68,226.85,189652
8646,2023-12-28 14:45:00,226.85,227.19,226.65,227.19,180294
8647,2023-12-28 15:15:00,227.19,227.35,227.0,227.06,23935
8648,2023-12-29 09:15:00,227.06,227.06,226.15,226.56,48767
8649,2023-12-29 09:45:00,226.76,226.86,226.2,226.24,32528
8650,2023-12-29 10:15:00,226.24,226.67,226.13,226.5,309423
8651,2023-12-29 10:45:00,226.5,226.84,226.5,226.6,301926
8652,2023-12-29 11:15:00,226.74,226.8,226.54,226.7,310370
8653,2023-12-29 11:45:00,226.7,226.92,226.62,226.62,312889
8654,2023-12-29 12:15:00,226.62,226.93,226.5,226.59,222244
8655,2023-12-29 12:45:00,226.59,226.8,226.5,226.7,368353
8656,2023-12-29 13:15:00,226.7,226.89,226.5,226.6,144742
8657,2023-12-29 13:45:00,226.6,226.72,226.3,226.45,368051
8658,2023-12-29 14:15:00,226.3,226.6,226.2,226.57,702250
8659,2023-12-29 14:45:00,226.57,226.95,226.37,226.4,563045
8660,2023-12-29 15:15:00,226.52,226.76,226.31,226.55,243352
8661,2024-01-01 09:15:00,226.79,227.3,225.2,226.28,131087
8662,2024-01-01 09:45:00,226.29,226.69,226.27,226.29,8467
8663,2024-01-01 10:15:00,226.4,226.69,226.19,226.51,99023
8664,2024-01-01 10:45:00,226.51,226.85,226.51,226.8,36787
8665,2024-01-01 11:15:00,226.8,226.91,226.64,226.8,4415
8666,2024-01-01 11:45:00,226.8,226.8,226.51,226.8,8179
8667,2024-01-01 12:15:00,226.8,226.8,226.5,226.6,2432
8668,2024-01-01 12:45:00,226.6,226.75,226.6,226.75,9959
8669,2024-01-01 13:15:00,226.75,226.8,226.65,226.7,42825
8670,2024-01-01 13:45:00,226.7,227.3,226.7,227.3,5985
8671,2024-01-01 14:15:00,227.3,227.73,227.29,227.53,7517
8672,2024-01-01 14:45:00,227.53,227.98,226.73,226.9,23359
8673,2024-01-01 15:15:00,226.9,227.13,226.2,227.13,10672
8674,2024-01-02 09:15:00,227.55,227.79,226.36,226.77,200158
8675,2024-01-02 09:45:00,226.77,226.94,225.76,226.01,26258
8676,2024-01-02 10:15:00,226.2,226.36,225.2,225.51,88134
8677,2024-01-02 10:45:00,225.47,225.83,225.3,225.55,24847
8678,2024-01-02 11:15:00,225.55,225.83,225.3,225.5,25965
8679,2024-01-02 11:45:00,225.6,225.81,225.45,225.63,9845
8680,2024-01-02 12:15:00,225.63,226.15,225.6,226.15,7705
8681,2024-01-02 12:45:00,226.15,226.19,225.6,225.6,4378
8682,2024-01-02 13:15:00,225.6,226.2,225.6,226.08,11935
8683,2024-01-02 13:45:00,226.08,226.48,225.92,226.43,7036
8684,2024-01-02 14:15:00,226.25,226.55,226.06,226.55,18802
8685,2024-01-02 14:45:00,226.5,226.58,225.96,226.17,22880
8686,2024-01-02 15:15:00,226.17,226.31,225.8,226.13,17738
8687,2024-01-03 09:15:00,225.0,225.76,224.91,225.09,22772
8688,2024-01-03 09:45:00,224.81,225.36,224.81,225.26,15990
8689,2024-01-03 10:15:00,225.26,225.35,224.76,225.16,12317
8690,2024-01-03 10:45:00,225.16,225.24,224.9,225.24,10770
8691,2024-01-03 11:15:00,225.06,225.35,225.0,225.35,12763
8692,2024-01-03 11:45:00,225.35,225.58,225.15,225.28,10846
8693,2024-01-04 11:45:00,225.65,225.75,225.59,225.6,1187852
8694,2024-01-04 12:15:00,225.6,226.0,225.6,225.9,4955
8695,2024-01-04 12:45:00,225.9,226.09,225.85,226.07,21993
8696,2024-01-04 13:15:00,226.07,226.15,225.91,226.1,20203
8697,2024-01-04 13:45:00,226.1,226.1,225.75,226.03,8364
8698,2024-01-04 14:15:00,226.03,226.03,225.75,225.89,3390
8699,2024-01-04 14:45:00,225.89,226.05,225.8,225.9,12314
8700,2024-01-04 15:15:00,225.9,226.3,225.86,226.03,13980
8701,2024-01-05 09:15:00,225.26,226.89,225.26,226.66,29755
8702,2024-01-05 09:45:00,226.66,226.82,226.43,226.7,36009
8703,2024-01-05 10:15:00,226.69,226.8,226.3,226.3,15063
8704,2024-01-05 10:45:00,226.28,226.43,225.91,226.35,7436
8705,2024-01-05 11:15:00,226.35,226.39,226.0,226.17,4953
8706,2024-01-05 11:45:00,226.17,226.36,225.97,226.2,341782
8707,2024-01-05 12:15:00,226.2,226.43,226.13,226.13,317154
8708,2024-01-05 12:45:00,226.13,226.32,226.1,226.32,50699
8709,2024-01-05 13:15:00,226.32,226.32,226.0,226.13,67032
8710,2024-01-05 13:45:00,226.13,226.19,225.69,225.77,15642
8711,2024-01-05 14:15:00,225.77,226.12,225.5,226.12,649520
8712,2024-01-05 14:45:00,226.12,226.86,226.05,226.74,21862
8713,2024-01-05 15:15:00,226.77,226.77,226.29,226.61,9178
8714,2024-01-08 09:15:00,227.35,227.35,226.0,226.0,27706
8715,2024-01-08 09:45:00,226.0,226.49,225.83,226.49,15691
8716,2024-01-08 10:15:00,226.49,226.75,226.2,226.3,32445
8717,2024-01-08 10:45:00,226.3,226.3,225.36,225.61,17144
8718,2024-01-08 11:15:00,225.62,225.98,225.35,225.96,38014
8719,2024-01-08 11:45:00,225.96,225.96,225.0,225.5,13416
8720,2024-01-08 12:15:00,225.5,225.57,225.33,225.5,155806
8721,2024-01-08 12:45:00,225.5,225.55,225.24,225.3,7995
8722,2024-01-08 13:15:00,225.3,225.52,225.2,225.34,148235
8723,2024-01-08 13:45:00,225.34,225.45,225.2,225.45,57937
8724,2024-01-08 14:15:00,225.45,225.45,224.75,224.94,28867
8725,2024-01-08 14:45:00,224.94,224.99,224.41,224.55,474962
8726,2024-01-08 15:15:00,224.61,224.64,224.35,224.52,43884
8727,2024-01-09 09:15:00,226.24,226.24,225.62,225.85,17283
8728,2024-01-09 09:45:00,225.85,225.95,225.53,225.95,137519
8729,2024-01-09 10:15:00,225.9,226.48,225.81,226.45,225765
8730,2024-01-09 10:45:00,226.45,226.57,226.06,226.21,261653
8731,2024-01-09 11:15:00,226.21,226.43,226.04,226.18,200330
8732,2024-01-09 11:45:00,226.27,226.49,226.08,226.1,141559
8733,2024-01-09 12:15:00,226.1,226.49,226.09,226.36,321287
8734,2024-01-09 12:45:00,226.36,226.49,226.24,226.41,129568
8735,2024-01-09 13:15:00,226.41,226.45,226.16,226.32,28986
8736,2024-01-09 13:45:00,226.32,226.38,225.87,225.93,24226
8737,2024-01-09 14:15:00,225.93,225.94,224.92,224.95,82868
8738,2024-01-09 14:45:00,224.9,225.21,224.7,224.79,8304
8739,2024-01-09 15:15:00,224.79,225.01,224.55,224.78,7938
8740,2024-01-10 09:15:00,224.78,224.84,223.82,224.7,-1547749
8741,2024-01-10 09:45:00,224.71,224.8,224.31,224.63,31258
8742,2024-01-10 10:15:00,224.74,224.97,224.41,224.63,6447
8743,2024-01-10 10:45:00,224.63,224.72,224.39,224.72,5174
8744,2024-01-10 11:15:00,224.72,224.94,224.56,224.86,10998
8745,2024-01-10 11:45:00,224.86,224.86,224.3,224.55,8055
8746,2024-01-10 12:15:00,224.55,224.69,224.3,224.44,7681
8747,2024-01-10 12:45:00,224.44,224.63,224.04,224.47,6939
8748,2024-01-10 13:15:00,224.47,224.49,224.08,224.23,4451
8749,2024-01-10 13:45:00,224.23,224.69,224.17,224.69,2462
8750,2024-01-10 14:15:00,224.69,225.29,224.4,225.29,9742
8751,2024-01-10 14:45:00,225.29,225.98,224.96,225.44,10205
8752,2024-01-10 15:15:00,225.44,225.87,225.44,225.63,3784
8753,2024-01-11 09:15:00,226.6,226.6,225.81,226.06,26014
8754,2024-01-11 09:45:00,226.06,226.23,225.82,225.98,22038
8755,2024-01-11 10:15:00,225.96,226.16,225.75,225.97,5782
8756,2024-01-11 10:45:00,225.97,226.01,225.67,225.8,3833
8757,2024-01-11 11:15:00,225.8,225.96,225.7,225.92,273106
8758,2024-01-11 11:45:00,225.96,225.99,225.76,225.8,189920
8759,2024-01-11 12:15:00,225.8,226.04,225.75,226.01,298358
8760,2024-01-11 12:45:00,226.01,226.08,225.79,226.0,191723
8761,2024-01-11 13:15:00,226.0,226.0,225.8,225.81,156967
8762,2024-01-11 13:45:00,225.94,226.0,225.37,225.51,115971
8763,2024-01-11 14:15:00,225.51,225.8,225.28,225.76,29265
8764,2024-01-11 14:45:00,225.76,225.87,225.53,225.74,185234
8765,2024-01-11 15:15:00,225.75,225.87,225.64,225.69,39598
8766,2024-01-12 09:15:00,232.45,232.45,226.35,226.64,-1524754
8767,2024-01-12 09:45:00,226.73,227.49,226.64,227.47,69031
8768,2024-01-12 10:15:00,227.32,227.7,227.21,227.45,278408
8769,2024-01-12 10:45:00,227.45,227.78,227.43,227.45,183735
8770,2024-01-12 11:15:00,227.46,227.7,227.45,227.62,174605
8771,2024-01-12 11:45:00,227.6,227.75,227.44,227.53,169965
8772,2024-01-12 12:15:00,227.53,227.69,227.49,227.56,170016
8773,2024-01-12 12:45:00,227.56,227.96,227.53,227.69,195727
8774,2024-01-12 13:15:00,227.69,228.28,227.68,228.2,258903
8775,2024-01-12 13:45:00,228.2,228.3,227.96,228.09,1968
8776,2024-01-12 14:15:00,228.09,228.8,228.05,228.71,6882
8777,2024-01-12 14:45:00,228.71,228.71,228.02,228.22,17250
8778,2024-01-12 15:15:00,228.22,228.77,228.07,228.25,5179
8779,2024-01-15 09:15:00,229.64,230.3,229.32,229.83,46629
8780,2024-01-15 09:45:00,229.83,229.93,229.07,229.59,62874
8781,2024-01-15 10:15:00,229.59,229.96,229.43,229.68,206523
8782,2024-01-15 10:45:00,229.68,229.83,229.54,229.8,194730
8783,2024-01-15 11:15:00,229.8,230.0,229.62,229.97,352551
8784,2024-01-15 11:45:00,229.98,230.0,229.8,229.85,130160
8785,2024-01-15 12:15:00,229.85,230.1,229.82,229.91,244038
8786,2024-01-15 12:45:00,229.92,230.19,229.85,229.94,122084
8787,2024-01-15 13:15:00,229.93,230.24,229.8,229.99,117468
8788,2024-01-15 13:45:00,229.99,230.54,229.8,230.13,165909
8789,2024-01-15 14:15:00,230.13,230.48,229.97,230.36,105256
8790,2024-01-15 14:45:00,230.25,230.69,230.25,230.4,18619
8791,2024-01-15 15:15:00,230.4,230.6,230.4,230.55,6344
8792,2024-01-16 09:15:00,230.55,230.55,229.95,230.3,87203
8793,2024-01-16 09:45:00,230.3,230.6,230.16,230.39,16431
8794,2024-01-16 10:15:00,230.37,230.5,230.21,230.45,265438
8795,2024-01-16 10:45:00,230.45,230.7,230.4,230.66,246345
8796,2024-01-16 11:15:00,230.66,230.85,230.33,230.4,147289
8797,2024-01-16 11:45:00,230.4,230.59,230.15,230.16,106980
8798,2024-01-16 12:15:00,230.16,230.35,230.1,230.29,9516
8799,2024-01-16 12:45:00,230.29,230.29,229.7,229.7,10888
8800,2024-01-16 13:15:00,229.67,229.79,229.26,229.5,91021
8801,2024-01-16 13:45:00,229.5,230.1,229.48,229.82,414672
8802,2024-01-16 14:15:00,229.82,230.05,229.61,229.9,191059
8803,2024-01-16 14:45:00,229.94,230.1,229.75,229.99,3814
8804,2024-01-16 15:15:00,230.0,230.0,229.6,229.82,14687
8805,2024-01-17 09:15:00,228.31,228.42,227.4,227.85,-1530820
8806,2024-01-17 09:45:00,227.88,228.19,227.69,227.9,29222
8807,2024-01-17 10:15:00,227.9,227.93,227.16,227.29,44404
8808,2024-01-17 10:45:00,227.29,227.29,226.85,226.86,72131
8809,2024-01-17 11:15:00,226.86,227.03,226.28,226.54,18360
8810,2024-01-17 11:45:00,226.55,226.59,226.05,226.2,236957
8811,2024-01-17 12:15:00,226.2,226.54,226.1,226.15,189145
8812,2024-01-17 12:45:00,226.15,226.2,226.01,226.05,132896
8813,2024-01-17 13:15:00,226.05,226.08,225.82,226.0,104189
8814,2024-01-17 13:45:00,226.0,226.2,225.96,226.1,205512
8815,2024-01-17 14:15:00,226.1,226.1,225.4,225.45,130507
8816,2024-01-17 14:45:00,225.47,225.59,224.96,225.44,855540
8817,2024-01-17 15:15:00,225.44,225.55,225.11,225.23,85640
8818,2024-01-18 09:15:00,224.37,224.45,223.37,223.6,57504
8819,2024-01-18 09:45:00,223.6,224.1,222.6,223.74,63580
8820,2024-01-18 10:15:00,223.74,224.0,223.0,224.0,42789
8821,2024-01-18 10:45:00,224.0,224.5,223.86,224.49,14435
8822,2024-01-18 11:15:00,224.49,224.63,224.12,224.27,8739
8823,2024-01-18 11:45:00,224.27,224.99,224.27,224.7,25552
8824,2024-01-18 12:15:00,224.94,225.17,224.22,224.37,8818
8825,2024-01-18 12:45:00,224.37,224.5,224.05,224.31,2641
8826,2024-01-18 13:15:00,224.31,224.41,224.05,224.25,10700
8827,2024-01-18 13:45:00,224.25,224.3,224.0,224.3,10281
8828,2024-01-18 14:15:00,224.3,224.68,223.99,224.5,27823
8829,2024-01-18 14:45:00,224.6,224.64,224.26,224.44,324776
8830,2024-01-18 15:15:00,224.4,224.96,224.31,224.45,124890
8831,2024-01-19 09:15:00,226.39,226.39,225.41,226.1,41320
8832,2024-01-19 09:45:00,226.1,226.37,225.87,226.09,9714
8833,2024-01-19 10:15:00,226.09,226.45,226.0,226.1,7656
8834,2024-01-19 10:45:00,226.1,226.31,225.36,225.52,21843
8835,2024-01-19 11:15:00,225.52,225.71,225.26,225.67,9913
8836,2024-01-19 11:45:00,225.67,226.0,225.57,225.65,5364
8837,2024-01-19 12:15:00,225.65,225.8,225.39,225.69,20489
8838,2024-01-19 12:45:00,225.69,226.0,225.54,225.97,7668
8839,2024-01-19 13:15:00,225.97,226.19,225.61,226.03,2446
8840,2024-01-19 13:45:00,225.84,226.05,225.49,225.75,6516
8841,2024-01-19 14:15:00,225.75,226.4,225.63,226.4,17932
8842,2024-01-19 14:45:00,226.4,226.4,225.8,226.18,10279
8843,2024-01-19 15:15:00,226.18,226.45,226.01,226.07,5459
8844,2024-01-20 09:15:00,227.24,227.25,226.2,226.26,9444
8845,2024-01-20 09:45:00,226.26,226.5,226.01,226.2,18623
8846,2024-01-20 10:15:00,226.2,226.73,226.2,226.6,18051
8847,2024-01-20 10:45:00,226.6,226.8,226.3,226.71,9628
8848,2024-01-20 11:15:00,226.71,226.76,226.38,226.61,3948
8849,2024-01-20 11:45:00,226.61,226.67,226.4,226.55,2235
8850,2024-01-20 12:15:00,226.55,226.55,225.8,225.8,4938
8851,2024-01-20 12:45:00,225.8,226.5,225.8,226.19,11797
8852,2024-01-20 13:15:00,226.19,226.44,226.15,226.22,1420
8853,2024-01-20 13:45:00,226.22,226.39,226.0,226.18,7922
8854,2024-01-20 14:15:00,226.18,226.24,225.75,225.9,10614
8855,2024-01-20 14:45:00,225.9,226.13,225.31,225.81,3107
8856,2024-01-20 15:15:00,225.81,225.94,225.52,225.71,9086
8857,2024-01-23 09:15:00,226.51,228.0,226.51,227.04,50310
8858,2024-01-23 09:45:00,227.06,227.29,226.23,226.6,21549
8859,2024-01-23 10:15:00,226.6,226.6,225.11,225.27,33503
8860,2024-01-23 10:45:00,225.27,225.59,224.92,225.46,24935
8861,2024-01-23 11:15:00,225.46,225.47,224.5,224.6,11467
8862,2024-01-23 11:45:00,224.6,224.76,223.4,223.55,127507
8863,2024-01-23 12:15:00,223.55,224.21,223.4,223.5,277449
8864,2024-01-23 12:45:00,223.5,223.5,223.0,223.1,80657
8865,2024-01-23 13:15:00,223.1,223.25,222.98,222.98,97444
8866,2024-01-23 13:45:00,223.09,223.1,222.79,222.85,25676
8867,2024-01-23 14:15:00,222.85,222.9,221.91,222.0,165673
8868,2024-01-23 14:45:00,222.0,222.0,221.43,221.73,905918
8869,2024-01-23 15:15:00,221.72,223.8,221.65,221.65,107453
8870,2024-01-24 09:15:00,222.01,222.75,220.85,222.34,85731
8871,2024-01-24 09:45:00,222.33,223.81,222.25,222.91,26116
8872,2024-01-24 10:15:00,222.91,223.95,222.91,223.55,14380
8873,2024-01-24 10:45:00,223.55,223.89,223.15,223.68,34482
8874,2024-01-24 11:15:00,223.68,223.75,222.1,222.95,19217
8875,2024-01-24 11:45:00,222.95,222.95,222.22,222.3,178192
8876,2024-01-24 12:15:00,222.3,222.57,222.0,222.14,234658
8877,2024-01-24 12:45:00,222.14,223.2,222.02,222.8,37611
8878,2024-01-24 13:15:00,222.8,223.26,222.55,222.87,4229
8879,2024-01-24 13:45:00,222.87,223.48,222.6,223.33,3229
8880,2024-01-24 14:15:00,223.33,224.0,222.98,224.0,7890
8881,2024-01-24 14:45:00,224.0,224.38,223.73,224.38,21028
8882,2024-01-24 15:15:00,224.38,224.76,224.12,224.36,14987
8883,2024-01-25 09:15:00,224.65,224.65,223.26,223.72,22175
8884,2024-01-25 09:45:00,223.72,223.79,223.4,223.59,12917
8885,2024-01-25 10:15:00,223.57,223.57,222.64,222.94,158662
8886,2024-01-25 10:45:00,222.94,222.94,222.24,222.5,12787
8887,2024-01-25 11:15:00,222.56,223.39,222.49,223.32,11017
8888,2024-01-25 11:45:00,223.4,223.4,222.61,222.79,4302
8889,2024-01-25 12:15:00,222.79,222.85,222.5,222.71,7587
8890,2024-01-25 12:45:00,222.75,222.8,222.3,222.61,21323
8891,2024-01-25 13:15:00,222.75,222.8,222.3,222.6,187059
8892,2024-01-25 13:45:00,222.64,222.8,222.08,222.61,84265
8893,2024-01-25 14:15:00,222.5,222.75,222.3,222.4,11481
8894,2024-01-25 14:45:00,222.41,223.4,222.3,223.34,24989
8895,2024-01-25 15:15:00,223.35,223.8,223.18,223.19,7788
8896,2024-01-29 09:15:00,224.64,225.5,224.24,225.21,26527
8897,2024-01-29 09:45:00,225.36,225.87,225.14,225.6,19945
8898,2024-01-29 10:15:00,225.52,226.0,225.33,225.99,14085
8899,2024-01-29 10:45:00,225.99,226.07,225.72,225.89,7314
8900,2024-01-29 11:15:00,226.07,226.07,225.5,226.03,4896
8901,2024-01-29 11:45:00,226.03,226.29,225.64,226.19,369757
8902,2024-01-29 12:15:00,226.19,226.45,226.07,226.26,51106
8903,2024-01-29 12:45:00,226.26,226.7,226.26,226.56,6733
8904,2024-01-29 13:15:00,226.54,226.67,226.31,226.48,4020
8905,2024-01-29 13:45:00,226.48,226.98,226.48,226.71,3794
8906,2024-01-29 14:15:00,226.71,226.98,226.6,226.96,3980
8907,2024-01-29 14:45:00,226.96,227.0,226.52,226.87,23048
8908,2024-01-29 15:15:00,226.88,227.24,226.8,226.84,9264
8909,2024-01-30 09:15:00,227.79,227.79,226.5,227.43,56679
8910,2024-01-30 09:45:00,227.43,227.43,226.72,227.31,5713
8911,2024-01-30 10:15:00,227.35,227.35,226.72,226.81,10012
8912,2024-01-30 10:45:00,227.0,227.0,226.3,226.5,28890
8913,2024-01-30 11:15:00,226.5,226.98,226.3,226.78,9115
8914,2024-01-30 11:45:00,226.78,227.04,226.64,226.81,9704
8915,2024-01-30 12:15:00,226.81,226.84,226.51,226.51,2318
8916,2024-01-30 12:45:00,226.51,226.75,226.35,226.43,8151
8917,2024-01-30 13:15:00,226.43,226.81,226.35,226.71,12776
8918,2024-01-30 13:45:00,226.71,226.71,226.06,226.24,4831
8919,2024-01-30 14:15:00,226.25,226.48,225.28,225.44,25737
8920,2024-01-30 14:45:00,225.44,225.66,224.91,225.24,50021
8921,2024-01-30 15:15:00,225.27,225.34,225.0,225.05,14692
8922,2024-01-31 09:15:00,225.05,225.65,224.51,225.57,53893
8923,2024-01-31 09:45:00,225.71,225.99,225.05,225.96,14698
8924,2024-01-31 10:15:00,225.93,226.32,225.65,226.08,9761
8925,2024-01-31 10:45:00,226.08,226.55,225.94,226.54,3305
8926,2024-01-31 11:15:00,226.54,227.08,226.36,226.89,21620
8927,2024-01-31 11:45:00,226.89,227.05,226.89,226.91,2693
8928,2024-01-31 12:15:00,226.91,227.01,226.26,226.26,4757
8929,2024-01-31 12:45:00,226.5,226.69,226.24,226.69,4128
8930,2024-01-31 13:15:00,226.53,226.9,226.34,226.57,51493
8931,2024-01-31 13:45:00,226.57,227.05,226.28,226.54,52771
8932,2024-01-31 14:15:00,226.54,227.04,226.54,226.86,56299
8933,2024-01-31 14:45:00,226.86,227.3,226.6,227.19,12575
8934,2024-01-31 15:15:00,227.19,227.26,226.83,226.99,26134
8935,2024-02-01 09:15:00,227.12,227.84,226.8,227.14,27028
8936,2024-02-01 09:45:00,227.15,227.67,226.85,227.42,80015
8937,2024-02-01 10:15:00,227.42,227.79,227.31,227.57,8523
8938,2024-02-01 10:45:00,227.57,227.99,227.21,227.65,7897
8939,2024-02-01 11:15:00,227.65,227.65,226.61,226.93,7995
8940,2024-02-01 11:45:00,226.93,227.47,226.6,227.25,20575
8941,2024-02-01 12:15:00,227.1,227.58,226.51,227.33,254367
8942,2024-02-01 12:45:00,227.06,227.55,227.06,227.26,57905
8943,2024-02-01 13:15:00,227.26,227.46,226.65,226.72,16253
8944,2024-02-01 13:45:00,227.02,227.29,226.71,227.29,2844
8945,2024-02-01 14:15:00,227.29,227.29,226.9,227.11,8036
8946,2024-02-01 14:45:00,227.11,227.34,226.81,226.92,5748
8947,2024-02-01 15:15:00,226.9,227.0,226.51,226.88,4857
8948,2024-02-02 09:15:00,228.01,229.36,228.0,228.96,50072
8949,2024-02-02 09:45:00,228.96,229.2,228.78,229.2,17412
8950,2024-02-02 10:15:00,229.2,229.25,228.88,228.9,7771
8951,2024-02-02 10:45:00,228.9,229.76,228.83,229.76,16746
8952,2024-02-02 11:15:00,229.47,230.8,229.47,230.58,72541
8953,2024-02-02 11:45:00,230.43,230.65,230.0,230.0,244276
8954,2024-02-02 12:15:00,230.0,230.27,228.5,229.16,94979
8955,2024-02-02 12:45:00,229.16,229.16,228.12,228.12,58004
8956,2024-02-02 13:15:00,228.12,228.7,227.89,228.47,25646
8957,2024-02-02 13:45:00,228.47,228.6,228.14,228.6,20837
8958,2024-02-02 14:15:00,228.6,228.78,228.26,228.7,7486
8959,2024-02-02 14:45:00,228.7,228.87,227.82,228.0,392704
8960,2024-02-02 15:15:00,228.0,228.13,227.79,227.9,771282
8961,2024-02-05 09:15:00,228.95,228.95,227.72,228.4,50465
8962,2024-02-05 09:45:00,228.38,229.14,228.35,228.74,14458
8963,2024-02-05 10:15:00,228.74,228.81,228.0,228.43,103536
8964,2024-02-05 10:45:00,228.43,228.89,228.37,228.77,17098
8965,2024-02-05 11:15:00,228.77,229.09,228.59,228.73,24873
8966,2024-02-05 11:45:00,228.73,229.08,228.59,228.89,34793
8967,2024-02-05 12:15:00,228.68,229.09,228.66,228.97,11971
8968,2024-02-05 12:45:00,228.97,229.23,228.78,229.11,10941
8969,2024-02-05 13:15:00,229.11,229.23,228.65,228.89,12690
8970,2024-02-05 13:45:00,228.89,229.15,228.52,228.88,10355
8971,2024-02-05 14:15:00,228.88,229.1,227.23,227.29,114510
8972,2024-02-05 14:45:00,227.34,228.23,227.1,227.8,99992
8973,2024-02-05 15:15:00,227.83,227.84,227.0,227.63,13431
8974,2024-02-06 09:15:00,228.59,228.6,226.75,227.85,21230
8975,2024-02-06 09:45:00,227.88,228.27,227.71,228.19,28195
8976,2024-02-06 10:15:00,228.19,228.29,227.33,227.78,35521
8977,2024-02-06 10:45:00,227.78,228.29,227.68,228.29,5169
8978,2024-02-06 11:15:00,228.29,228.5,227.95,228.48,14632
8979,2024-02-06 11:45:00,228.48,228.6,228.25,228.58,4336
8980,2024-02-06 12:15:00,228.43,228.59,228.31,228.59,3385
8981,2024-02-06 12:45:00,228.59,228.77,228.3,228.59,8969
8982,2024-02-06 13:15:00,228.47,229.0,228.45,228.58,5510
8983,2024-02-06 13:45:00,228.58,229.06,228.58,228.73,12173
8984,2024-02-06 14:15:00,228.73,229.0,228.65,228.99,2822
8985,2024-02-06 14:45:00,228.99,229.05,228.61,228.71,12523
8986,2024-02-06 15:15:00,228.71,229.02,228.61,228.79,11718
8987,2024-02-07 09:15:00,229.99,230.0,229.29,229.42,18326
8988,2024-02-07 09:45:00,229.42,229.95,229.31,229.91,11766
8989,2024-02-07 10:15:00,229.91,229.98,229.25,229.34,33742
8990,2024-02-07 10:45:00,229.43,229.65,229.2,229.4,12897
8991,2024-02-07 11:15:00,229.4,229.57,228.65,228.8,24933
8992,2024-02-07 11:45:00,228.94,229.13,228.52,228.94,32171
8993,2024-02-07 12:15:00,228.99,229.3,228.78,229.12,7540
8994,2024-02-07 12:45:00,229.14,229.16,228.89,229.08,5446
8995,2024-02-07 13:15:00,229.09,229.5,228.9,229.4,10252
8996,2024-02-07 13:45:00,229.5,229.94,229.06,229.51,20835
8997,2024-02-07 14:15:00,229.62,229.94,229.1,229.25,34788
8998,2024-02-07 14:45:00,229.3,229.44,229.0,229.08,31581
8999,2024-02-07 15:15:00,229.08,229.41,229.05,229.2,7218
9000,2024-02-08 09:15:00,230.25,230.25,229.22,229.6,22311
9001,2024-02-08 09:45:00,229.77,229.99,229.28,229.5,18677
9002,2024-02-08 10:15:00,229.5,230.0,228.9,229.06,32783
9003,2024-02-08 10:45:00,229.07,229.32,227.38,227.66,79407
9004,2024-02-08 11:15:00,227.6,228.12,227.53,228.0,101573
9005,2024-02-08 11:45:00,228.0,228.38,227.82,228.3,16068
9006,2024-02-08 12:15:00,228.3,228.34,227.81,228.3,34868
9007,2024-02-08 12:45:00,228.3,228.38,228.0,228.31,6244
9008,2024-02-08 13:15:00,228.31,228.4,227.95,228.09,10003
9009,2024-02-08 13:45:00,228.09,228.19,227.55,227.68,186516
9010,2024-02-08 14:15:00,227.66,227.7,227.0,227.22,244568
9011,2024-02-08 14:45:00,227.2,229.0,226.9,227.25,697950
9012,2024-02-08 15:15:00,227.37,227.8,227.29,227.44,218587
9013,2024-02-09 09:15:00,227.7,227.79,226.75,227.1,14125
9014,2024-02-09 09:45:00,227.1,227.5,226.5,227.49,21460
9015,2024-02-09 10:15:00,227.32,227.49,226.85,226.99,16802
9016,2024-02-09 10:45:00,226.95,227.14,226.53,227.06,120736
9017,2024-02-09 11:15:00,226.82,227.45,226.66,227.15,19145
9018,2024-02-09 11:45:00,227.46,227.71,227.25,227.39,12464
9019,2024-02-09 12:15:00,227.39,227.89,227.38,227.89,30031
9020,2024-02-09 12:45:00,227.87,227.96,227.5,227.82,27419
9021,2024-02-09 13:15:00,227.81,227.81,227.27,227.65,5375
9022,2024-02-09 13:45:00,227.65,227.93,227.25,227.73,28433
9023,2024-02-09 14:15:00,227.73,228.15,227.6,227.77,20996
9024,2024-02-09 14:45:00,227.77,228.08,227.7,227.9,11118
9025,2024-02-09 15:15:00,228.0,228.02,227.52,227.71,10492
9026,2024-02-12 09:15:00,228.43,228.43,227.53,227.77,45186
9027,2024-02-12 09:45:00,227.72,227.73,226.91,227.1,18638
9028,2024-02-12 10:15:00,227.11,227.31,226.5,227.09,49024
9029,2024-02-12 10:45:00,227.09,227.39,226.83,227.36,27767
9030,2024-02-12 11:15:00,227.36,227.5,227.01,227.18,14498
9031,2024-02-12 11:45:00,227.18,227.19,226.2,226.63,46362
9032,2024-02-12 12:15:00,226.62,226.99,226.35,226.89,28106
9033,2024-02-12 12:45:00,226.89,226.93,225.95,226.05,21157
9034,2024-02-12 13:15:00,226.34,226.81,226.0,226.35,13125
9035,2024-02-12 13:45:00,226.52,226.99,226.25,226.81,8694
9036,2024-02-12 14:15:00,226.81,226.99,226.28,226.69,22264
9037,2024-02-12 14:45:00,226.69,226.72,225.95,226.16,27747
9038,2024-02-12 15:15:00,226.16,226.55,225.98,226.39,18777
9039,2024-02-13 09:15:00,227.3,227.3,225.7,226.19,52829
9040,2024-02-13 09:45:00,226.19,227.45,226.1,227.41,53504
9041,2024-02-13 10:15:00,227.41,227.43,226.85,227.38,11796
9042,2024-02-13 10:45:00,227.36,227.82,227.2,227.82,9349
9043,2024-02-13 11:15:00,227.81,227.84,227.04,227.1,22775
9044,2024-02-13 11:45:00,227.1,227.59,226.62,226.73,24718
9045,2024-02-13 12:15:00,226.55,226.85,226.31,226.65,18946
9046,2024-02-13 12:45:00,226.65,227.34,226.44,227.12,3558
9047,2024-02-13 13:15:00,227.12,227.64,226.83,227.53,15512
9048,2024-02-13 13:45:00,227.53,227.8,227.25,227.48,6495
9049,2024-02-13 14:15:00,227.48,227.72,227.25,227.44,13804
9050,2024-02-13 14:45:00,227.42,227.7,227.3,227.55,60106
9051,2024-02-13 15:15:00,227.55,227.7,227.26,227.54,8910
9052,2024-02-14 09:15:00,226.0,226.43,225.45,225.91,44159
9053,2024-02-14 09:45:00,225.91,226.42,225.65,226.25,77454
9054,2024-02-14 10:15:00,226.25,226.5,226.1,226.2,14640
9055,2024-02-14 10:45:00,226.2,226.6,225.85,226.29,94924
9056,2024-02-14 11:15:00,226.29,226.44,225.96,226.25,16606
9057,2024-02-14 11:45:00,226.25,226.42,226.02,226.3,18491
9058,2024-02-14 12:15:00,226.3,226.87,226.28,226.75,8780
9059,2024-02-14 12:45:00,226.75,227.26,226.51,226.96,100781
9060,2024-02-14 13:15:00,226.96,226.96,226.36,226.82,8488
9061,2024-02-14 13:45:00,226.82,227.4,226.61,227.4,20322
9062,2024-02-14 14:15:00,227.4,228.08,227.34,228.0,8011
9063,2024-02-14 14:45:00,228.0,228.69,227.91,228.14,29766
9064,2024-02-14 15:15:00,228.14,228.82,228.07,228.44,12657
9065,2024-02-15 09:15:00,229.29,229.29,228.25,228.25,40910
9066,2024-02-15 09:45:00,228.25,229.0,228.25,229.0,45475
9067,2024-02-15 10:15:00,229.0,229.19,228.6,228.77,7914
9068,2024-02-15 10:45:00,228.77,229.07,228.51,228.96,8911
9069,2024-02-15 11:15:00,228.96,229.0,228.13,228.72,126916
9070,2024-02-15 11:45:00,228.72,228.93,228.4,228.82,32158
9071,2024-02-15 12:15:00,228.82,228.94,228.41,228.47,25969
9072,2024-02-15 12:45:00,228.47,228.79,228.42,228.47,12445
9073,2024-02-15 13:15:00,228.47,229.43,228.46,229.43,35507
9074,2024-02-15 13:45:00,229.43,229.5,229.1,229.22,8593
9075,2024-02-15 14:15:00,229.22,229.22,228.76,228.99,37313
9076,2024-02-15 14:45:00,228.99,229.4,228.86,229.27,7475
9077,2024-02-15 15:15:00,229.27,229.48,229.06,229.22,4420
9078,2024-02-16 09:15:00,229.31,230.19,229.31,230.0,27130
9079,2024-02-16 09:45:00,230.0,230.41,229.8,230.4,32749
9080,2024-02-16 10:15:00,230.4,230.5,230.3,230.5,41137
9081,2024-02-16 10:45:00,230.5,230.5,230.18,230.3,75503
9082,2024-02-16 11:15:00,230.3,230.3,230.1,230.1,30960
9083,2024-02-16 11:45:00,230.1,230.3,230.1,230.3,42063
9084,2024-02-16 12:15:00,230.3,230.3,230.22,230.22,33857
9085,2024-02-16 12:45:00,230.22,230.5,230.22,230.35,513265
9086,2024-02-16 13:15:00,230.35,230.49,230.28,230.3,209817
9087,2024-02-16 13:45:00,230.3,230.5,230.28,230.3,164433
9088,2024-02-16 14:15:00,230.3,230.5,230.29,230.41,185903
9089,2024-02-16 14:45:00,230.35,230.65,230.29,230.34,322660
9090,2024-02-16 15:15:00,230.34,230.48,230.21,230.4,52253
9091,2024-02-19 09:15:00,231.24,231.35,230.5,230.69,40112
9092,2024-02-19 09:45:00,230.69,230.8,230.15,230.79,6138
9093,2024-02-19 10:15:00,230.79,231.14,230.45,230.82,10594
9094,2024-02-19 10:45:00,230.82,231.3,230.81,231.3,10929
9095,2024-02-19 11:15:00,231.3,231.62,231.28,231.6,18710
9096,2024-02-19 11:45:00,231.8,231.87,231.41,231.87,14377
9097,2024-02-19 12:15:00,231.87,232.0,231.75,231.99,5096
9098,2024-02-19 12:45:00,231.99,232.0,231.75,231.95,9231
9099,2024-02-19 13:15:00,231.95,231.99,231.75,231.79,5411
9100,2024-02-19 13:45:00,231.79,232.14,231.77,231.87,29908
9101,2024-02-19 14:15:00,231.87,232.3,231.82,232.11,10230
9102,2024-02-19 14:45:00,232.11,232.11,231.23,231.5,31093
9103,2024-02-19 15:15:00,231.5,231.77,231.38,231.54,14936
9104,2024-02-20 09:15:00,231.54,231.54,230.93,231.39,20610
9105,2024-02-20 09:45:00,231.39,231.55,230.75,231.16,42357
9106,2024-02-20 10:15:00,231.06,231.57,231.02,231.15,11783
9107,2024-02-20 10:45:00,231.0,231.41,231.0,231.16,25317
9108,2024-02-20 11:15:00,231.16,231.61,231.16,231.51,20280
9109,2024-02-20 11:45:00,231.43,232.1,231.43,231.9,23064
9110,2024-02-20 12:15:00,231.9,231.98,231.77,231.85,42382
9111,2024-02-20 12:45:00,231.85,231.85,231.51,231.7,14695
9112,2024-02-20 13:15:00,231.7,231.71,231.51,231.7,82677
9113,2024-02-20 13:45:00,231.7,231.7,230.83,231.1,71905
9114,2024-02-20 14:15:00,231.1,231.6,231.1,231.42,1065531
9115,2024-02-20 14:45:00,231.41,232.17,231.1,232.11,202528
9116,2024-02-20 15:15:00,232.11,232.3,231.67,231.67,10183
9117,2024-02-21 09:15:00,231.68,232.6,231.67,232.32,19375
9118,2024-02-21 09:45:00,232.32,232.52,232.16,232.32,9092
9119,2024-02-21 10:15:00,232.32,232.4,231.81,231.91,36272
9120,2024-02-21 10:45:00,231.92,232.12,231.62,232.0,305643
9121,2024-02-21 11:15:00,232.0,232.22,231.64,232.05,243306
9122,2024-02-21 11:45:00,231.93,232.24,231.8,232.0,66473
9123,2024-02-21 12:15:00,231.92,232.29,231.9,232.0,205786
9124,2024-02-21 12:45:00,232.0,232.44,231.9,232.31,144259
9125,2024-02-21 13:15:00,232.26,232.44,231.97,232.22,141924
9126,2024-02-21 13:45:00,232.06,232.19,231.2,231.3,11808
9127,2024-02-21 14:15:00,231.29,231.57,230.17,230.49,22675
9128,2024-02-21 14:45:00,230.46,230.72,230.0,230.72,342734
9129,2024-02-21 15:15:00,230.94,230.94,230.2,230.36,9867
9130,2024-02-22 09:15:00,230.85,230.92,230.0,230.8,16044
9131,2024-02-22 09:45:00,230.8,230.94,229.45,229.73,24490
9132,2024-02-22 10:15:00,229.73,229.9,229.29,229.69,13945
9133,2024-02-22 10:45:00,229.69,229.82,229.2,229.75,5570
9134,2024-02-22 11:15:00,229.75,230.0,229.35,229.8,5518
9135,2024-02-22 11:45:00,229.82,230.25,229.75,230.1,11570
9136,2024-02-22 12:15:00,230.08,230.18,229.72,229.95,32425
9137,2024-02-22 12:45:00,230.13,230.22,229.8,229.98,8730
9138,2024-02-22 13:15:00,229.86,230.44,229.86,230.31,1927
9139,2024-02-22 13:45:00,230.31,231.38,230.29,231.0,3196
9140,2024-02-22 14:15:00,231.0,231.61,230.8,231.46,9122
9141,2024-02-22 14:45:00,231.46,232.55,231.25,232.31,40365
9142,2024-02-22 15:15:00,232.31,232.76,232.18,232.38,23252
9143,2024-02-23 09:15:00,233.08,233.08,232.38,232.56,17937
9144,2024-02-23 09:45:00,232.56,233.0,232.55,232.9,9213
9145,2024-02-23 10:15:00,232.9,233.19,232.3,232.5,12399
9146,2024-02-23 10:45:00,232.5,233.11,232.35,232.5,270787
9147,2024-02-23 11:15:00,232.5,232.76,232.4,232.5,106868
9148,2024-02-23 11:45:00,232.5,232.8,232.32,232.33,38405
9149,2024-02-23 12:15:00,232.33,232.75,232.33,232.5,204881
9150,2024-02-23 12:45:00,232.5,232.76,232.41,232.43,113778
9151,2024-02-23 13:15:00,232.43,232.5,232.2,232.5,32988
9152,2024-02-23 13:45:00,232.5,232.5,232.17,232.28,2353
9153,2024-02-23 14:15:00,232.28,232.45,232.2,232.4,57039
9154,2024-02-23 14:45:00,232.4,232.41,232.19,232.29,6057
9155,2024-02-23 15:15:00,232.29,232.3,231.7,231.71,620067
9156,2024-02-26 09:15:00,231.7,231.97,230.27,231.86,21694
9157,2024-02-26 09:45:00,231.94,232.07,231.26,231.68,5917
9158,2024-02-26 10:15:00,231.68,231.71,231.27,231.47,7330
9159,2024-02-26 10:45:00,231.47,231.61,231.11,231.45,10186
9160,2024-02-26 11:15:00,231.45,231.54,231.17,231.44,12023
9161,2024-02-26 11:45:00,231.44,231.54,231.15,231.28,3008
9162,2024-02-26 12:15:00,231.28,231.42,230.91,231.24,7160
9163,2024-02-26 12:45:00,231.24,231.75,231.1,231.74,4623
9164,2024-02-26 13:15:00,231.74,231.87,231.5,231.5,2507
9165,2024-02-26 13:45:00,231.5,232.0,231.5,231.91,18378
9166,2024-02-26 14:15:00,231.85,232.0,231.63,231.82,9553
9167,2024-02-26 14:45:00,231.82,231.95,231.25,231.58,135230
9168,2024-02-26 15:15:00,231.75,231.79,231.3,231.79,6577
9169,2024-02-27 09:15:00,231.5,231.91,231.0,231.77,58953
9170,2024-02-27 09:45:00,231.77,232.0,231.5,231.57,4699
9171,2024-02-27 10:15:00,231.57,231.79,231.24,231.79,7592
9172,2024-02-27 10:45:00,231.79,232.06,231.54,231.92,6766
9173,2024-02-27 11:15:00,231.92,232.02,231.62,231.65,5347
9174,2024-02-27 11:45:00,231.65,231.78,231.28,231.56,19141
9175,2024-02-27 12:15:00,231.56,231.82,231.3,231.79,5979
9176,2024-02-27 12:45:00,231.79,232.48,231.74,232.4,17726
9177,2024-02-27 13:15:00,232.4,232.76,232.01,232.23,18175
9178,2024-02-27 13:45:00,232.23,232.23,231.65,232.16,11455
9179,2024-02-27 14:15:00,232.16,232.31,231.7,232.07,8279
9180,2024-02-27 14:45:00,231.92,232.41,231.81,232.24,28341
9181,2024-02-27 15:15:00,232.24,232.5,231.9,232.21,12330
9182,2024-02-28 09:15:00,232.43,232.65,231.9,232.1,24178
9183,2024-02-28 09:45:00,232.1,232.31,231.59,232.0,720397
9184,2024-02-28 10:15:00,232.0,232.21,231.9,232.01,99738
9185,2024-02-28 10:45:00,232.01,232.01,230.34,230.79,24171
9186,2024-02-28 11:15:00,230.79,231.04,230.4,230.4,60727
9187,2024-02-28 11:45:00,230.35,230.7,230.21,230.67,42884
9188,2024-02-28 12:15:00,230.67,230.82,230.5,230.74,56961
9189,2024-02-28 12:45:00,230.76,230.77,229.54,229.54,88096
9190,2024-02-28 13:15:00,229.68,230.64,229.68,230.44,155970
9191,2024-02-28 13:45:00,230.44,230.72,230.1,230.5,68772
9192,2024-02-28 14:15:00,230.5,230.5,229.83,230.02,78837
9193,2024-02-28 14:45:00,230.02,230.4,229.58,229.65,176530
9194,2024-02-28 15:15:00,229.65,229.69,229.26,229.58,81243
9195,2024-02-29 09:15:00,230.09,230.09,228.98,229.37,181882
9196,2024-02-29 09:45:00,229.41,230.11,228.75,228.75,112987
9197,2024-02-29 10:15:00,228.75,229.16,228.56,229.0,93743
9198,2024-02-29 10:45:00,229.0,229.67,228.69,229.67,82611
9199,2024-02-29 11:15:00,229.67,229.93,229.21,229.59,68858
9200,2024-02-29 11:45:00,229.59,229.76,229.24,229.5,82150
9201,2024-02-29 12:15:00,229.5,229.5,228.8,229.49,64328
9202,2024-02-29 12:45:00,229.49,229.71,229.27,229.7,66493
9203,2024-02-29 13:15:00,229.7,230.0,229.17,229.67,115986
9204,2024-02-29 13:45:00,229.67,229.96,229.17,229.48,75148
9205,2024-02-29 14:15:00,229.6,229.7,228.97,229.68,91397
9206,2024-02-29 14:45:00,229.68,230.07,229.05,230.07,1047972
9207,2024-02-29 15:15:00,230.07,230.5,229.77,229.77,594657
9208,2024-03-01 09:15:00,230.8,231.5,230.56,231.5,398400
9209,2024-03-01 09:45:00,231.5,231.9,231.24,231.9,117397
9210,2024-03-01 10:15:00,231.9,231.95,231.55,231.58,285129
9211,2024-03-01 10:45:00,231.58,232.22,231.55,232.03,446530
9212,2024-03-01 11:15:00,232.0,232.9,231.96,232.75,360582
9213,2024-03-01 11:45:00,232.75,232.9,232.52,232.72,235402
9214,2024-03-01 12:15:00,232.84,232.99,232.61,232.98,245790
9215,2024-03-01 12:45:00,232.98,233.1,232.65,232.73,421218
9216,2024-03-01 13:15:00,232.78,233.16,232.65,233.0,242160
9217,2024-03-01 13:45:00,233.0,233.25,232.89,233.25,220774
9218,2024-03-01 14:15:00,233.25,233.31,232.99,233.07,326007
9219,2024-03-01 14:45:00,233.13,233.3,233.01,233.14,332521
9220,2024-03-01 15:15:00,233.14,233.32,233.01,233.17,297558
9221,2024-03-02 09:15:00,234.28,234.28,233.4,233.99,7994
9222,2024-03-02 09:45:00,233.99,234.11,233.51,234.11,1477
9223,2024-03-02 11:15:00,234.11,234.89,233.61,233.99,1402
9224,2024-03-02 11:45:00,233.99,233.99,233.63,233.66,1690
9225,2024-03-02 12:15:00,233.63,234.0,233.63,233.77,1017
9226,2024-03-04 09:15:00,233.78,234.4,233.78,233.83,25283
9227,2024-03-04 09:45:00,233.83,234.24,233.75,234.2,8343
9228,2024-03-04 10:15:00,234.2,234.4,234.0,234.3,8286
9229,2024-03-04 10:45:00,234.3,234.3,233.9,234.22,10100
9230,2024-03-04 11:15:00,234.22,234.35,233.98,234.25,18814
9231,2024-03-04 11:45:00,234.25,234.4,233.96,234.19,4343
9232,2024-03-04 12:15:00,234.19,234.4,234.06,234.2,6972
9233,2024-03-04 12:45:00,234.2,234.39,234.0,234.19,4279
9234,2024-03-04 13:15:00,234.19,234.41,234.19,234.37,2614
9235,2024-03-04 13:45:00,234.37,234.51,234.0,234.34,46462
9236,2024-03-04 14:15:00,234.34,234.51,234.23,234.39,3830
9237,2024-03-04 14:45:00,234.39,234.51,234.09,234.46,51429
9238,2024-03-04 15:15:00,234.46,234.51,234.0,234.15,11268
9239,2024-03-05 09:15:00,234.11,234.27,233.39,234.26,47935
9240,2024-03-05 09:45:00,234.15,234.15,233.59,233.79,11201
9241,2024-03-05 10:15:00,233.82,233.82,233.08,233.3,16068
9242,2024-03-05 10:45:00,233.3,233.64,233.24,233.38,4159
9243,2024-03-05 11:15:00,233.38,233.76,233.06,233.61,9606
9244,2024-03-05 11:45:00,233.61,233.99,233.61,233.8,18569
9245,2024-03-05 12:15:00,233.8,233.8,233.44,233.76,3455
9246,2024-03-05 12:45:00,233.76,234.32,233.54,234.08,608466
9247,2024-03-05 13:15:00,234.08,234.08,233.7,233.79,167631
9248,2024-03-05 13:45:00,233.79,234.0,233.45,233.73,48322
9249,2024-03-05 14:15:00,233.73,233.8,233.55,233.79,338660
9250,2024-03-05 14:45:00,233.79,233.9,233.5,233.73,12797
9251,2024-03-05 15:15:00,233.73,233.75,233.16,233.48,264346
9252,2024-03-06 09:15:00,233.56,233.65,233.0,233.65,14610
9253,2024-03-06 09:45:00,233.65,233.86,233.0,233.36,120757
9254,2024-03-06 10:15:00,233.36,233.63,233.0,233.2,40304
9255,2024-03-06 10:45:00,233.2,233.2,232.91,233.08,27338
9256,2024-03-06 11:15:00,233.08,233.2,232.55,232.82,100695
9257,2024-03-06 11:45:00,232.82,233.0,232.55,232.8,49539
9258,2024-03-06 12:15:00,232.8,233.05,232.6,232.8,484942
9259,2024-03-06 12:45:00,232.8,233.19,232.72,232.96,147413
9260,2024-03-06 13:15:00,233.12,233.5,232.75,233.43,131026
9261,2024-03-06 13:45:00,233.43,234.2,233.3,234.2,324569
9262,2024-03-06 14:15:00,234.2,235.0,233.98,235.0,113814
9263,2024-03-06 14:45:00,235.0,235.0,234.59,235.0,10602
9264,2024-03-06 15:15:00,234.81,235.19,234.81,234.98,4828
9265,2024-03-07 09:15:00,235.85,235.85,234.56,234.9,20612
9266,2024-03-07 09:45:00,234.9,235.24,234.71,235.0,90237
9267,2024-03-07 10:15:00,235.0,235.15,234.67,234.79,8182
9268,2024-03-07 10:45:00,234.73,235.32,234.6,235.0,162271
9269,2024-03-07 11:15:00,235.0,235.15,234.77,234.99,138511
9270,2024-03-07 11:45:00,234.99,235.0,234.8,235.0,5078
9271,2024-03-07 12:15:00,235.0,235.0,234.88,235.0,5580
9272,2024-03-07 12:45:00,235.0,235.24,234.9,235.22,445573
9273,2024-03-07 13:15:00,235.27,235.27,234.98,235.2,179042
9274,2024-03-07 13:45:00,235.2,235.21,234.95,235.0,156992
9275,2024-03-07 14:15:00,235.0,235.28,234.92,234.92,145648
9276,2024-03-07 14:45:00,234.88,235.18,234.82,235.0,186918
9277,2024-03-07 15:15:00,235.0,235.0,234.8,234.97,70160
9278,2024-03-11 09:15:00,234.81,242.0,234.67,235.05,61703
9279,2024-03-11 09:45:00,235.05,235.17,234.54,234.83,15192
9280,2024-03-11 10:15:00,234.81,235.01,234.65,234.79,11832
9281,2024-03-11 10:45:00,234.79,234.79,234.38,234.39,78330
9282,2024-03-11 11:15:00,234.5,234.67,234.3,234.5,37338
9283,2024-03-11 11:45:00,234.5,234.5,234.05,234.11,21242
9284,2024-03-11 12:15:00,234.11,234.5,234.03,234.5,30316
9285,2024-03-11 12:45:00,234.5,234.5,234.4,234.5,3992
9286,2024-03-11 13:15:00,234.5,234.5,234.2,234.4,257040
9287,2024-03-11 13:45:00,234.4,234.4,234.28,234.4,29094
9288,2024-03-11 14:15:00,234.4,234.4,234.0,234.2,57502
9289,2024-03-11 14:45:00,234.2,234.25,233.5,233.7,484965
9290,2024-03-11 15:15:00,233.74,233.89,233.18,233.33,509158
9291,2024-03-12 09:15:00,233.7,234.69,233.45,234.67,20118
9292,2024-03-12 09:45:00,234.71,234.89,234.38,234.88,28087
9293,2024-03-12 10:15:00,234.89,234.96,234.0,234.28,22364
9294,2024-03-12 10:45:00,234.0,234.25,233.1,234.25,51592
9295,2024-03-12 11:15:00,234.27,234.3,233.84,233.9,7601
9296,2024-03-12 11:45:00,233.9,234.24,233.65,233.82,687242
9297,2024-03-12 12:15:00,233.63,233.99,233.63,233.84,212297
9298,2024-03-12 12:45:00,233.84,233.95,233.51,233.86,232536
9299,2024-03-12 13:15:00,233.86,234.28,233.7,233.93,338218
9300,2024-03-12 13:45:00,233.93,234.16,233.76,233.85,281474
9301,2024-03-12 14:15:00,233.8,233.99,233.42,233.5,175336
9302,2024-03-12 14:45:00,233.5,233.87,233.43,233.5,174844
9303,2024-03-12 15:15:00,233.5,233.75,233.43,233.55,51310
9304,2024-03-13 09:15:00,234.55,234.69,233.32,233.42,26353
9305,2024-03-13 09:45:00,233.5,233.73,233.01,233.72,19798
9306,2024-03-13 10:15:00,233.75,233.8,233.17,233.3,53687
9307,2024-03-13 10:45:00,233.3,233.36,232.54,232.81,136164
9308,2024-03-13 11:15:00,232.81,232.96,231.78,231.94,17216
9309,2024-03-13 11:45:00,231.94,231.94,231.24,231.3,16433
9310,2024-03-13 12:15:00,231.3,231.43,230.74,231.1,734940
9311,2024-03-13 12:45:00,231.04,231.58,230.95,231.4,318254
9312,2024-03-13 13:15:00,231.39,231.46,230.92,231.0,103449
9313,2024-03-13 13:45:00,231.0,231.0,230.4,230.4,53890
9314,2024-03-13 14:15:00,230.4,230.4,229.45,229.5,144798
9315,2024-03-13 14:45:00,229.5,230.8,229.48,230.0,502399
9316,2024-03-13 15:15:00,230.0,230.3,229.75,230.13,55806
9317,2024-03-14 09:15:00,229.79,230.77,229.62,230.17,93533
9318,2024-03-14 09:45:00,230.17,230.91,230.17,230.51,88812
9319,2024-03-14 10:15:00,230.51,231.26,230.5,231.0,31773
9320,2024-03-14 10:45:00,231.0,231.41,230.97,231.06,187683
9321,2024-03-14 11:15:00,231.06,231.99,230.9,231.99,157539
9322,2024-03-14 11:45:00,231.99,232.1,231.76,232.0,232910
9323,2024-03-14 12:15:00,232.0,232.34,231.84,231.95,198976
9324,2024-03-14 12:45:00,231.96,232.0,231.75,231.9,75538
9325,2024-03-14 13:15:00,231.9,232.0,231.7,231.7,16770
9326,2024-03-14 13:45:00,231.7,231.7,231.26,231.5,212392
9327,2024-03-14 14:15:00,231.5,231.6,231.34,231.49,226186
9328,2024-03-14 14:45:00,231.49,231.93,231.32,231.67,171454
9329,2024-03-14 15:15:00,231.67,231.97,231.61,231.63,29680
9330,2024-03-15 09:15:00,231.04,231.5,230.45,230.6,46677
9331,2024-03-15 09:45:00,230.76,230.93,230.19,230.5,53068
9332,2024-03-15 10:15:00,230.5,230.5,229.62,229.97,82192
9333,2024-03-15 10:45:00,229.97,230.0,229.56,229.79,42811
9334,2024-03-15 11:15:00,229.79,229.86,229.45,229.81,424174
9335,2024-03-15 11:45:00,229.81,229.98,229.33,229.46,107687
9336,2024-03-15 12:15:00,229.46,229.5,229.32,229.5,41413
9337,2024-03-15 12:45:00,229.5,230.1,229.5,229.99,290781
9338,2024-03-15 13:15:00,229.99,230.55,229.62,230.42,156909
9339,2024-03-15 13:45:00,230.37,230.64,230.0,230.02,202317
9340,2024-03-15 14:15:00,230.02,230.34,229.74,230.24,362370
9341,2024-03-15 14:45:00,230.24,230.71,230.08,230.46,124784
9342,2024-03-15 15:15:00,230.5,230.79,230.3,230.47,38499
9343,2024-03-18 09:15:00,230.7,230.79,229.55,229.66,25644
9344,2024-03-18 09:45:00,229.66,230.47,229.66,230.05,10455
9345,2024-03-18 10:15:00,230.05,230.69,230.05,230.25,7168
9346,2024-03-18 10:45:00,230.25,230.48,229.9,230.0,287162
9347,2024-03-18 11:15:00,229.75,230.0,229.65,229.82,300908
9348,2024-03-18 11:45:00,229.82,230.39,229.77,230.13,167285
9349,2024-03-18 12:15:00,230.13,230.99,230.13,230.52,157751
9350,2024-03-18 12:45:00,230.47,230.83,230.4,230.65,161962
9351,2024-03-18 13:15:00,230.65,230.95,230.46,230.5,157780
9352,2024-03-18 13:45:00,230.5,230.89,230.36,230.51,160348
9353,2024-03-18 14:15:00,230.51,231.26,230.51,231.05,201911
9354,2024-03-18 14:45:00,231.05,231.05,230.2,230.46,121581
9355,2024-03-18 15:15:00,230.3,230.85,230.3,230.38,39022
9356,2024-03-19 09:15:00,229.86,229.9,229.43,229.89,36814
9357,2024-03-19 09:45:00,229.76,229.87,228.83,229.05,25122
9358,2024-03-19 10:15:00,229.0,229.07,228.6,229.0,23618
9359,2024-03-19 10:45:00,229.0,229.0,228.45,228.5,66270
9360,2024-03-19 11:15:00,228.5,228.94,228.4,228.46,252182
9361,2024-03-19 11:45:00,228.45,228.5,228.34,228.5,15888
9362,2024-03-19 12:15:00,228.5,229.0,228.37,228.37,319548
9363,2024-03-19 12:45:00,228.37,228.85,228.37,228.62,169851
9364,2024-03-19 13:15:00,228.62,228.79,228.48,228.65,150254
9365,2024-03-19 13:45:00,228.65,228.77,228.28,228.38,64722
9366,2024-03-19 14:15:00,228.38,228.5,228.11,228.5,32813
9367,2024-03-19 14:45:00,228.5,228.5,228.3,228.38,15062
9368,2024-03-19 15:15:00,228.4,228.4,228.0,228.02,381624
9369,2024-03-20 09:15:00,228.79,229.19,228.31,228.98,24752
9370,2024-03-20 09:45:00,228.98,229.35,227.95,228.0,106276
9371,2024-03-20 10:15:00,227.93,228.26,227.55,227.68,26236
9372,2024-03-20 10:45:00,227.66,228.35,227.45,228.0,340416
9373,2024-03-20 11:15:00,228.0,228.69,227.8,228.36,152440
9374,2024-03-20 11:45:00,228.36,228.79,228.15,228.15,143444
9375,2024-03-20 12:15:00,228.15,228.89,228.15,228.82,143340
9376,2024-03-20 12:45:00,228.68,229.11,228.55,229.02,206956
9377,2024-03-20 13:15:00,229.02,229.28,228.66,228.97,124550
9378,2024-03-20 13:45:00,228.97,228.99,228.25,228.51,126840
9379,2024-03-20 14:15:00,228.51,228.64,228.04,228.39,166952
9380,2024-03-20 14:45:00,228.39,228.5,228.0,228.23,127432
9381,2024-03-20 15:15:00,228.3,228.62,228.18,228.18,19572
9382,2024-03-21 09:15:00,230.15,230.38,229.78,230.22,21332
9383,2024-03-21 09:45:00,230.36,231.08,230.16,231.0,51954
9384,2024-03-21 10:15:00,231.0,231.05,230.51,230.8,34087
9385,2024-03-21 10:45:00,230.8,230.8,230.55,230.8,18865
9386,2024-03-21 11:15:00,230.8,230.8,230.37,230.49,7058
9387,2024-03-21 11:45:00,230.49,230.5,229.69,229.99,4626
9388,2024-03-21 12:15:00,229.99,230.01,229.7,229.95,44425
9389,2024-03-21 12:45:00,229.95,230.15,229.8,230.1,285558
9390,2024-03-21 13:15:00,230.1,230.49,230.0,230.35,117582
9391,2024-03-21 13:45:00,230.35,230.35,229.97,230.02,43706
9392,2024-03-21 14:15:00,229.97,230.39,229.97,230.34,879533
9393,2024-03-21 14:45:00,230.21,230.44,230.0,230.44,106011
9394,2024-03-21 15:15:00,230.44,230.69,230.28,230.41,6571
9395,2024-03-22 09:15:00,229.8,229.98,229.02,229.86,59100
9396,2024-03-22 09:45:00,229.74,230.46,229.4,230.45,67370
9397,2024-03-22 10:15:00,230.31,230.94,230.16,230.45,136319
9398,2024-03-22 10:45:00,230.48,230.85,230.3,230.48,136035
9399,2024-03-22 11:15:00,230.56,231.1,230.48,231.0,135918
9400,2024-03-22 11:45:00,231.0,231.25,230.71,231.0,72810
9401,2024-03-22 12:15:00,231.0,231.0,230.66,230.79,3732
9402,2024-03-22 12:45:00,230.79,231.25,230.79,231.15,202847
9403,2024-03-22 13:15:00,231.15,231.24,230.89,230.92,197309
9404,2024-03-22 13:45:00,230.92,231.25,230.92,231.12,176849
9405,2024-03-22 14:15:00,231.12,231.85,231.12,231.69,154149
9406,2024-03-22 14:45:00,231.67,232.0,230.79,230.79,143012
9407,2024-03-22 15:15:00,230.8,231.3,230.8,231.11,48756
9408,2024-03-26 09:15:00,230.39,230.99,230.23,230.44,22904
9409,2024-03-26 09:45:00,230.45,230.88,230.23,230.6,10248
9410,2024-03-26 10:15:00,230.6,230.99,230.4,230.76,8197
9411,2024-03-26 10:45:00,230.76,230.85,230.4,230.5,65385
9412,2024-03-26 11:15:00,230.5,230.79,230.42,230.5,183771
9413,2024-03-26 11:45:00,230.5,230.7,230.4,230.4,156506
9414,2024-03-26 12:15:00,230.4,230.7,230.4,230.6,200522
9415,2024-03-26 12:45:00,230.55,230.8,230.5,230.64,169083
9416,2024-03-26 13:15:00,230.69,230.89,230.45,230.5,114803
9417,2024-03-26 13:45:00,230.5,230.78,230.45,230.5,201585
9418,2024-03-26 14:15:00,230.5,230.5,230.41,230.5,18803
9419,2024-03-26 14:45:00,230.5,230.5,230.2,230.28,16047
9420,2024-03-26 15:15:00,230.3,230.51,230.0,230.05,344177
9421,2024-03-27 09:15:00,230.79,231.14,230.05,230.99,66084
9422,2024-03-27 09:45:00,231.1,231.75,230.9,231.68,13567
9423,2024-03-27 10:15:00,231.68,231.72,231.25,231.37,104218
9424,2024-03-27 10:45:00,231.37,231.66,231.3,231.37,10641
9425,2024-03-27 11:15:00,231.49,231.68,231.37,231.49,38713
9426,2024-03-27 11:45:00,231.49,231.69,231.4,231.42,95808
9427,2024-03-27 12:15:00,231.6,231.64,231.31,231.5,4088
9428,2024-03-27 12:45:00,231.5,231.59,231.3,231.4,31309
9429,2024-03-27 13:15:00,231.4,231.7,231.36,231.59,75009
9430,2024-03-27 13:45:00,231.59,231.75,231.51,231.75,1475
9431,2024-03-27 14:15:00,231.75,231.8,231.44,231.72,4940
9432,2024-03-27 14:45:00,231.72,231.77,231.25,231.26,24642
9433,2024-03-27 15:15:00,231.26,231.79,231.25,231.47,16964
9434,2024-03-28 09:15:00,232.29,232.45,231.63,232.45,18186
9435,2024-03-28 09:45:00,232.45,233.24,232.35,233.0,26376
9436,2024-03-28 10:15:00,233.07,233.7,232.73,233.56,49843
9437,2024-03-28 10:45:00,233.56,233.69,233.37,233.69,52095
9438,2024-03-28 11:15:00,233.69,233.7,233.45,233.62,22914
9439,2024-03-28 11:45:00,233.62,233.68,233.11,233.4,25444
9440,2024-03-28 12:15:00,233.4,234.15,233.13,234.09,42629
9441,2024-03-28 12:45:00,234.0,234.3,233.86,234.03,80215
9442,2024-03-28 13:15:00,234.0,234.25,233.92,234.25,15865
9443,2024-03-28 13:45:00,234.14,234.6,234.14,234.57,110387
9444,2024-03-28 14:15:00,234.62,235.1,234.53,235.1,49299
9445,2024-03-28 14:45:00,235.08,235.1,232.94,233.22,41461
9446,2024-03-28 15:15:00,233.22,233.67,233.1,233.54,14208
9447,2024-04-01 09:15:00,234.2,235.29,234.11,234.72,74076
9448,2024-04-01 09:45:00,234.72,235.29,234.67,235.18,52684
9449,2024-04-01 10:15:00,235.18,235.4,234.93,235.08,43967
9450,2024-04-01 10:45:00,235.09,235.38,234.63,234.84,61368
9451,2024-04-01 11:15:00,235.0,235.12,234.6,234.82,35744
9452,2024-04-01 11:45:00,234.82,235.06,234.52,234.52,40546
9453,2024-04-01 12:15:00,234.52,234.83,234.51,234.73,47828
9454,2024-04-01 12:45:00,234.65,234.75,234.25,234.59,41427
9455,2024-04-01 13:15:00,234.59,234.75,234.36,234.63,36436
9456,2024-04-01 13:45:00,234.63,234.75,234.36,234.58,35657
9457,2024-04-01 14:15:00,234.58,234.7,234.27,234.27,33267
9458,2024-04-01 14:45:00,234.25,234.71,234.25,234.57,50355
9459,2024-04-01 15:15:00,234.57,235.0,234.5,234.63,22507
9460,2024-04-02 09:15:00,234.35,235.08,234.2,234.92,24389
9461,2024-04-02 09:45:00,234.92,234.92,234.46,234.58,22501
9462,2024-04-02 10:15:00,234.58,234.82,234.44,234.56,13982
9463,2024-04-02 10:45:00,234.56,234.9,234.4,234.87,35614
9464,2024-04-02 11:15:00,234.87,235.02,234.71,234.92,17560
9465,2024-04-02 11:45:00,234.92,234.93,234.62,234.8,5651
9466,2024-04-02 12:15:00,234.8,234.95,234.79,234.8,11093
9467,2024-04-02 12:45:00,234.8,234.89,234.56,234.78,5699
9468,2024-04-02 13:15:00,234.78,234.86,234.5,234.84,3284
9469,2024-04-02 13:45:00,234.84,234.88,234.61,234.83,3086
9470,2024-04-02 14:15:00,234.83,235.02,234.79,234.8,756491
9471,2024-04-02 14:45:00,234.82,235.08,234.8,235.08,10911
9472,2024-04-02 15:15:00,235.08,235.41,235.06,235.33,256323
9473,2024-04-03 09:15:00,234.79,234.79,234.1,234.29,32708
9474,2024-04-03 09:45:00,234.25,235.06,234.2,235.03,11375
9475,2024-04-03 10:15:00,235.03,235.04,234.75,234.9,11726
9476,2024-04-03 10:45:00,234.9,234.9,234.62,234.9,6320
9477,2024-04-03 11:15:00,234.9,235.25,234.82,235.21,11158
9478,2024-04-03 11:45:00,235.21,235.25,234.91,235.25,10049
9479,2024-04-03 12:15:00,235.25,235.77,235.19,235.6,164938
9480,2024-04-03 12:45:00,235.75,235.93,235.59,235.59,96287
9481,2024-04-03 13:15:00,235.59,235.78,235.45,235.68,91752
9482,2024-04-03 13:45:00,235.68,235.73,235.16,235.67,91850
9483,2024-04-03 14:15:00,235.68,235.71,234.91,235.11,211305
9484,2024-04-03 14:45:00,235.11,235.23,234.82,234.99,11097
9485,2024-04-03 15:15:00,234.99,235.27,234.71,234.92,9053
9486,2024-04-04 09:15:00,236.45,236.45,235.24,235.28,16223
9487,2024-04-04 09:45:00,235.2,235.47,234.5,234.5,27320
9488,2024-04-04 10:15:00,234.5,235.09,234.5,234.88,17493
9489,2024-04-04 10:45:00,234.8,234.98,233.75,234.88,77824
9490,2024-04-04 11:15:00,234.88,234.95,234.1,234.55,8602
9491,2024-04-04 11:45:00,234.55,234.81,234.2,234.52,28246
9492,2024-04-04 12:15:00,234.52,235.27,234.3,235.24,5889
9493,2024-04-04 12:45:00,235.26,235.52,235.11,235.45,6627
9494,2024-04-04 13:15:00,235.45,236.34,235.29,236.18,28947
9495,2024-04-04 13:45:00,236.16,236.16,235.55,235.99,22039
9496,2024-04-04 14:15:00,235.99,235.99,235.72,235.96,3108
9497,2024-04-04 14:45:00,235.96,235.99,235.33,235.75,18262
9498,2024-04-04 15:15:00,235.75,236.0,235.48,235.7,12778
9499,2024-04-05 09:15:00,235.04,235.34,234.7,235.21,28113
9500,2024-04-05 09:45:00,235.21,235.5,235.04,235.36,16506
9501,2024-04-05 10:15:00,235.36,235.7,235.13,235.48,16398
9502,2024-04-05 10:45:00,235.48,235.86,235.48,235.86,25590
9503,2024-04-05 11:15:00,235.86,235.88,235.42,235.65,7387
9504,2024-04-05 11:45:00,235.65,235.73,235.5,235.54,7507
9505,2024-04-05 12:15:00,235.54,235.84,235.53,235.54,6207
9506,2024-04-05 12:45:00,235.54,235.72,235.3,235.6,5749
9507,2024-04-05 13:15:00,235.6,235.74,235.45,235.6,6679
9508,2024-04-05 13:45:00,235.6,235.95,235.5,235.74,9754
9509,2024-04-05 14:15:00,235.74,235.8,235.53,235.6,10480
9510,2024-04-05 14:45:00,235.6,235.92,235.51,235.87,6071
9511,2024-04-05 15:15:00,235.87,236.15,235.7,235.9,14540
9512,2024-04-08 09:15:00,235.67,236.51,235.6,236.36,42964
9513,2024-04-08 09:45:00,236.36,236.49,236.22,236.48,7611
9514,2024-04-08 10:15:00,236.48,236.49,236.19,236.3,16360
9515,2024-04-08 10:45:00,236.3,236.49,236.3,236.48,14359
9516,2024-04-08 11:15:00,236.48,236.85,236.35,236.85,15371
9517,2024-04-08 11:45:00,236.85,236.85,236.49,236.83,12174
9518,2024-04-08 12:15:00,236.83,237.0,236.61,236.98,14070
9519,2024-04-08 12:45:00,236.98,237.0,236.8,237.0,22492
9520,2024-04-08 13:15:00,237.0,237.0,236.69,236.82,7290
9521,2024-04-08 13:45:00,236.82,236.9,236.5,236.61,19029
9522,2024-04-08 14:15:00,236.61,237.0,236.61,236.99,44109
9523,2024-04-08 14:45:00,236.99,237.05,236.75,236.99,32461
9524,2024-04-08 15:15:00,236.99,237.0,236.71,236.93,5767
9525,2024-04-09 09:15:00,237.99,237.99,237.2,237.7,37354
9526,2024-04-09 09:45:00,237.7,237.8,237.52,237.64,6399
9527,2024-04-09 10:15:00,237.66,237.99,237.59,237.99,19246
9528,2024-04-09 10:45:00,237.99,237.99,237.59,237.8,7592
9529,2024-04-09 11:15:00,237.79,237.82,237.55,237.67,6876
9530,2024-04-09 11:45:00,237.67,237.82,237.51,237.51,7544
9531,2024-04-09 12:15:00,237.51,237.67,237.14,237.31,4500
9532,2024-04-09 12:45:00,237.31,237.43,237.19,237.35,2052
9533,2024-04-09 13:15:00,237.35,237.35,237.0,237.13,4924
9534,2024-04-09 13:45:00,237.13,237.13,236.76,236.79,8756
9535,2024-04-09 14:15:00,236.79,237.24,236.75,237.08,5409
9536,2024-04-09 14:45:00,237.08,237.24,236.93,237.08,5974
9537,2024-04-09 15:15:00,237.09,237.21,237.08,237.15,7971
9538,2024-04-10 09:15:00,237.93,237.93,237.31,237.61,21808
9539,2024-04-10 09:45:00,237.46,237.63,237.15,237.49,12179
9540,2024-04-10 10:15:00,237.49,237.6,237.3,237.6,8872
9541,2024-04-10 10:45:00,237.6,237.6,237.15,237.4,179910
9542,2024-04-10 11:15:00,237.4,237.43,237.01,237.2,5773
9543,2024-04-10 11:45:00,237.2,237.47,237.0,237.47,6793
9544,2024-04-10 12:15:00,237.47,237.53,237.16,237.49,28901
9545,2024-04-10 12:45:00,237.49,237.74,237.36,237.71,25402
9546,2024-04-10 13:15:00,237.71,237.85,237.53,237.78,16021
9547,2024-04-10 13:45:00,237.78,237.9,237.48,237.79,11919
9548,2024-04-10 14:15:00,237.79,237.99,237.6,237.94,9069
9549,2024-04-10 14:45:00,237.94,237.95,237.62,237.89,9817
9550,2024-04-10 15:15:00,237.89,237.89,237.3,237.74,7063
9551,2024-04-12 09:15:00,236.76,237.59,236.76,236.79,53667
9552,2024-04-12 09:45:00,236.79,237.0,236.69,236.96,14741
9553,2024-04-12 10:15:00,236.97,237.3,236.64,237.0,221830
9554,2024-04-12 10:45:00,237.0,237.13,236.82,237.0,74850
9555,2024-04-12 11:15:00,237.0,237.44,237.0,237.2,19453
9556,2024-04-12 11:45:00,237.2,237.67,237.14,237.65,10144
9557,2024-04-12 12:15:00,237.65,237.65,236.25,236.51,26202
9558,2024-04-12 12:45:00,236.51,236.61,236.11,236.37,14471
9559,2024-04-12 13:15:00,236.37,236.52,236.21,236.36,22390
9560,2024-04-12 13:45:00,236.36,236.54,236.05,236.14,8454
9561,2024-04-12 14:15:00,236.14,236.36,236.05,236.1,22172
9562,2024-04-12 14:45:00,236.06,236.22,235.8,235.9,77691
9563,2024-04-12 15:15:00,235.91,236.0,235.7,235.88,26213
9564,2024-04-15 09:15:00,234.18,234.77,233.22,233.42,161533
9565,2024-04-15 09:45:00,233.44,234.34,233.4,234.12,59563
9566,2024-04-15 10:15:00,234.25,234.48,234.0,234.48,52229
9567,2024-04-15 10:45:00,234.47,234.86,234.13,234.28,25467
9568,2024-04-15 11:15:00,234.28,234.49,234.17,234.3,44266
9569,2024-04-15 11:45:00,234.3,234.59,234.15,234.59,28538
9570,2024-04-15 12:15:00,234.59,234.6,233.9,234.04,176679
9571,2024-04-15 12:45:00,234.04,234.04,233.49,233.6,16186
9572,2024-04-15 13:15:00,233.6,233.76,233.44,233.54,43349
9573,2024-04-15 13:45:00,233.57,233.72,233.5,233.5,8470
9574,2024-04-15 14:15:00,233.5,233.7,233.31,233.45,44604
9575,2024-04-15 14:45:00,233.47,233.56,233.2,233.28,62927
9576,2024-04-15 15:15:00,233.3,233.51,233.2,233.31,31412
9577,2024-04-16 09:15:00,232.07,232.6,231.64,232.5,131413
9578,2024-04-16 09:45:00,232.5,232.69,232.2,232.49,19659
9579,2024-04-16 10:15:00,232.4,232.61,232.1,232.43,24318
9580,2024-04-16 10:45:00,232.43,232.52,232.15,232.5,10091
9581,2024-04-16 11:15:00,232.5,232.63,232.32,232.42,57072
9582,2024-04-16 11:45:00,232.42,232.43,231.9,232.16,19072
9583,2024-04-16 12:15:00,232.16,232.19,231.7,231.74,10755
9584,2024-04-16 12:45:00,231.68,231.88,231.5,231.55,13137
9585,2024-04-16 13:15:00,231.42,231.84,231.16,231.82,56551
9586,2024-04-16 13:45:00,231.75,232.01,231.63,231.99,16232
9587,2024-04-16 14:15:00,231.99,232.05,231.64,231.85,10969
9588,2024-04-16 14:45:00,231.85,232.2,231.6,232.04,37198
9589,2024-04-16 15:15:00,232.27,232.4,231.97,231.97,5304
9590,2024-04-18 09:15:00,232.9,233.2,231.98,232.46,45999
9591,2024-04-18 09:45:00,233.09,233.2,232.07,232.32,69527
9592,2024-04-18 10:15:00,232.09,232.45,232.09,232.44,7859
9593,2024-04-18 10:45:00,232.44,233.43,232.2,233.41,13609
9594,2024-04-18 11:15:00,233.41,233.47,232.99,233.35,30387
9595,2024-04-18 11:45:00,233.35,233.42,233.1,233.38,6838
9596,2024-04-18 12:15:00,233.38,233.96,233.21,233.7,49404
9597,2024-04-18 12:45:00,233.7,233.7,233.4,233.54,5229
9598,2024-04-18 13:15:00,233.54,233.6,231.4,231.57,72886
9599,2024-04-18 13:45:00,231.49,232.15,231.49,231.93,28074
9600,2024-04-18 14:15:00,231.93,232.22,231.0,231.0,33209
9601,2024-04-18 14:45:00,231.0,231.24,230.09,230.11,54870
9602,2024-04-18 15:15:00,230.12,231.27,230.05,230.63,89129
9603,2024-04-19 09:15:00,229.5,229.5,228.37,228.97,151998
9604,2024-04-19 09:45:00,229.12,229.48,228.7,229.39,126474
9605,2024-04-19 10:15:00,229.39,229.45,229.0,229.22,88725
9606,2024-04-19 10:45:00,229.22,229.37,228.97,229.28,25101
9607,2024-04-19 11:15:00,229.28,229.9,229.2,229.8,56119
9608,2024-04-19 11:45:00,229.8,229.91,229.5,229.91,33326
9609,2024-04-19 12:15:00,229.91,230.86,229.89,230.86,81258
9610,2024-04-19 12:45:00,230.86,231.09,230.6,231.0,29010
9611,2024-04-19 13:15:00,230.81,231.0,230.52,230.88,29341
9612,2024-04-19 13:45:00,230.88,232.3,230.85,232.12,7037
9613,2024-04-19 14:15:00,232.12,232.19,231.44,231.44,6938
9614,2024-04-19 14:45:00,231.44,232.24,231.44,232.05,18071
9615,2024-04-19 15:15:00,232.17,232.2,231.75,231.87,17198
9616,2024-04-22 09:15:00,234.15,234.15,232.6,232.78,48068
9617,2024-04-22 09:45:00,232.78,233.09,232.4,233.09,21364
9618,2024-04-22 10:15:00,233.09,233.15,232.72,233.15,21867
9619,2024-04-22 10:45:00,233.15,233.6,233.0,233.47,41875
9620,2024-04-22 11:15:00,233.47,233.63,233.26,233.53,15441
9621,2024-04-22 11:45:00,233.51,233.72,233.18,233.43,14785
9622,2024-04-22 12:15:00,233.5,233.61,233.33,233.57,22819
9623,2024-04-22 12:45:00,233.57,233.58,233.15,233.33,25325
9624,2024-04-22 13:15:00,233.32,233.48,233.15,233.44,28742
9625,2024-04-22 13:45:00,233.44,233.64,233.3,233.55,27430
9626,2024-04-22 14:15:00,233.51,233.79,233.15,233.79,24222
9627,2024-04-22 14:45:00,233.75,234.0,233.55,234.0,15806
9628,2024-04-22 15:15:00,234.0,234.14,233.79,233.92,10290
9629,2024-04-23 09:15:00,234.89,234.89,234.09,234.62,38239
9630,2024-04-23 09:45:00,234.62,234.62,234.26,234.4,14502
9631,2024-04-23 10:15:00,234.4,234.9,234.31,234.39,127629
9632,2024-04-23 10:45:00,234.39,234.5,234.1,234.48,16890
9633,2024-04-23 11:15:00,234.48,234.61,234.2,234.55,16327
9634,2024-04-23 11:45:00,234.55,234.8,234.38,234.8,29550
9635,2024-04-23 12:15:00,234.8,234.89,234.57,234.71,15400
9636,2024-04-23 12:45:00,234.7,234.78,234.21,234.5,52182
9637,2024-04-23 13:15:00,234.5,234.56,234.0,234.0,55261
9638,2024-04-23 13:45:00,234.0,234.36,233.9,234.3,48755
9639,2024-04-23 14:15:00,234.3,234.64,234.3,234.44,46032
9640,2024-04-23 14:45:00,234.45,234.63,234.1,234.14,60512
9641,2024-04-23 15:15:00,234.14,234.42,234.02,234.36,6512
9642,2024-04-24 09:15:00,235.49,235.49,234.27,234.7,37661
9643,2024-04-24 09:45:00,234.7,235.15,234.65,235.08,18297
9644,2024-04-24 10:15:00,235.08,235.4,234.77,235.36,15397
9645,2024-04-24 10:45:00,235.36,235.37,234.92,235.29,61063
9646,2024-04-24 11:15:00,235.29,235.36,234.9,235.0,14352
9647,2024-04-24 11:45:00,235.0,235.33,234.58,235.29,23202
9648,2024-04-24 12:15:00,235.29,235.31,234.76,235.24,17167
9649,2024-04-24 12:45:00,235.24,235.26,235.01,235.15,9507
9650,2024-04-24 13:15:00,235.15,235.27,234.99,234.99,54237
9651,2024-04-24 13:45:00,234.99,235.19,234.6,235.19,9576
9652,2024-04-24 14:15:00,235.19,235.22,234.5,234.66,45795
9653,2024-04-24 14:45:00,234.67,234.88,234.14,234.66,55764
9654,2024-04-24 15:15:00,234.69,234.9,234.48,234.56,16303
9655,2024-04-25 09:15:00,234.55,234.67,233.69,234.62,18508
9656,2024-04-25 09:45:00,234.62,234.95,234.4,234.95,15689
9657,2024-04-25 10:15:00,234.95,235.44,234.57,234.97,21563
9658,2024-04-25 10:45:00,234.83,235.04,234.0,235.02,22918
9659,2024-04-25 11:15:00,235.04,235.04,234.5,234.81,11974
9660,2024-04-25 11:45:00,234.81,234.86,234.48,234.66,19909
9661,2024-04-25 12:15:00,234.66,234.79,234.51,234.61,28640
9662,2024-04-25 12:45:00,234.65,235.29,234.5,235.06,17320
9663,2024-04-25 13:15:00,235.23,235.39,234.72,235.19,15250
9664,2024-04-25 13:45:00,235.3,236.48,235.2,236.29,71474
9665,2024-04-25 14:15:00,236.5,236.77,236.05,236.53,72797
9666,2024-04-25 14:45:00,236.73,236.73,236.02,236.02,27427
9667,2024-04-25 15:15:00,236.42,236.44,235.81,236.21,26991
9668,2024-04-26 09:15:00,236.9,236.9,236.03,236.16,23252
9669,2024-04-26 09:45:00,236.16,236.54,235.8,235.87,18469
9670,2024-04-26 10:15:00,235.87,235.99,235.52,235.61,14045
9671,2024-04-26 10:45:00,235.61,236.13,235.56,235.7,7973
9672,2024-04-26 11:15:00,235.73,236.06,235.56,236.05,8151
9673,2024-04-26 11:45:00,236.05,236.12,235.65,235.84,9689
9674,2024-04-26 12:15:00,235.84,235.99,235.5,235.5,24943
9675,2024-04-26 12:45:00,235.5,235.85,235.47,235.84,12084
9676,2024-04-26 13:15:00,235.84,235.84,234.94,235.0,54855
9677,2024-04-26 13:45:00,235.15,235.19,234.76,235.19,32839
9678,2024-04-26 14:15:00,235.14,235.26,234.8,235.11,9932
9679,2024-04-26 14:45:00,235.11,235.3,234.45,234.69,58048
9680,2024-04-26 15:15:00,234.73,235.23,234.62,234.81,59081
9681,2024-04-29 09:15:00,235.79,236.6,235.2,235.6,23273
9682,2024-04-29 09:45:00,235.6,235.6,235.0,235.55,8072
9683,2024-04-29 10:15:00,235.53,236.0,235.29,235.8,8913
9684,2024-04-29 10:45:00,235.8,236.0,235.77,235.98,6697
9685,2024-04-29 11:15:00,235.98,236.13,235.8,236.13,10028
9686,2024-04-29 11:45:00,236.13,236.31,235.93,236.07,8220
9687,2024-04-29 12:15:00,236.07,236.44,236.03,236.42,31316
9688,2024-04-29 12:45:00,236.42,236.55,236.22,236.51,23451
9689,2024-04-29 13:15:00,236.51,236.93,236.31,236.93,28616
9690,2024-04-29 13:45:00,236.93,236.97,236.61,236.87,68549
9691,2024-04-29 14:15:00,236.87,237.07,236.36,236.86,35151
9692,2024-04-29 14:45:00,236.86,237.23,236.61,236.95,19698
9693,2024-04-30 14:45:00,237.45,237.6,236.27,236.38,20056
9694,2024-04-30 15:15:00,236.38,236.62,236.07,236.34,28326
9695,2024-05-02 09:15:00,236.48,237.05,236.45,236.89,52408
9696,2024-05-02 09:45:00,236.89,237.36,236.51,237.1,20174
9697,2024-05-02 10:15:00,237.1,237.36,236.93,237.1,18254
9698,2024-05-02 10:45:00,237.1,237.35,236.83,237.2,41813
9699,2024-05-02 11:15:00,237.2,237.29,236.7,237.25,10800
9700,2024-05-02 11:45:00,237.25,237.25,236.95,237.12,11303
9701,2024-05-02 12:15:00,237.12,237.43,237.06,237.09,7360
9702,2024-05-02 12:45:00,237.09,237.25,236.88,237.2,3816
9703,2024-05-02 13:15:00,237.2,237.6,237.1,237.34,21190
9704,2024-05-02 13:45:00,237.34,237.49,237.11,237.25,57382
9705,2024-05-02 14:15:00,237.25,237.25,236.77,236.99,7435
9706,2024-05-02 14:45:00,236.99,237.27,236.88,237.16,13020
9707,2024-05-02 15:15:00,236.95,237.36,236.94,237.12,28558
9708,2024-05-03 09:15:00,238.0,238.5,237.89,238.28,27870
9709,2024-05-03 09:45:00,238.28,238.35,237.5,237.65,11746
9710,2024-05-03 10:15:00,237.65,237.7,236.5,236.9,41537
9711,2024-05-03 10:45:00,236.9,237.17,236.6,236.83,46417
9712,2024-05-03 11:15:00,236.83,236.83,235.4,235.81,90883
9713,2024-05-03 11:45:00,235.81,235.84,235.25,235.52,65314
9714,2024-05-03 12:15:00,235.52,236.2,235.37,236.16,76710
9715,2024-05-03 12:45:00,236.16,236.16,234.5,234.86,69101
9716,2024-05-03 13:15:00,234.86,235.0,234.25,234.44,36839
9717,2024-05-03 13:45:00,234.44,234.83,234.15,234.81,41934
9718,2024-05-03 14:15:00,234.78,235.22,234.5,235.16,37682
9719,2024-05-03 14:45:00,235.15,235.54,234.97,235.54,18927
9720,2024-05-03 15:15:00,235.54,235.57,235.1,235.24,37811
9721,2024-05-06 09:15:00,236.29,236.54,234.84,235.27,155662
9722,2024-05-06 09:45:00,235.27,235.4,234.8,235.03,121962
9723,2024-05-06 10:15:00,235.03,235.85,235.0,235.7,8832
9724,2024-05-06 10:45:00,235.7,236.09,235.22,235.72,9753
9725,2024-05-06 11:15:00,235.6,235.76,235.2,235.6,8421
9726,2024-05-06 11:45:00,235.6,235.87,235.29,235.65,5449
9727,2024-05-06 12:15:00,235.65,235.85,235.06,235.34,7215
9728,2024-05-06 12:45:00,235.34,235.42,235.01,235.01,3687
9729,2024-05-06 13:15:00,235.01,235.01,234.5,234.79,58312
9730,2024-05-06 13:45:00,234.79,235.0,234.68,234.87,37130
9731,2024-05-06 14:15:00,234.87,234.99,234.5,234.8,8586
9732,2024-05-06 14:45:00,234.8,235.19,234.51,234.8,20731
9733,2024-05-06 15:15:00,234.8,235.15,234.74,234.74,9770
9734,2024-05-07 09:15:00,235.35,235.39,234.74,234.91,18168
9735,2024-05-07 09:45:00,235.16,235.29,234.3,234.58,15285
9736,2024-05-07 10:15:00,234.56,234.56,233.69,233.95,24918
9737,2024-05-07 10:45:00,233.95,234.1,233.52,233.7,61617
9738,2024-05-07 11:15:00,233.7,233.7,232.88,233.27,53834
9739,2024-05-07 11:45:00,233.13,233.52,233.11,233.46,12834
9740,2024-05-07 12:15:00,233.46,233.63,233.08,233.18,15991
9741,2024-05-07 12:45:00,233.18,233.34,232.9,233.0,24191
9742,2024-05-07 13:15:00,233.0,233.93,232.91,233.91,19559
9743,2024-05-07 13:45:00,233.89,233.95,233.46,233.88,8108
9744,2024-05-07 14:15:00,233.89,233.95,233.08,233.79,33146
9745,2024-05-07 14:45:00,233.82,234.3,233.5,233.78,24626
9746,2024-05-07 15:15:00,233.78,233.79,233.47,233.62,4694
9747,2024-05-08 09:15:00,233.65,233.66,232.5,233.19,21487
9748,2024-05-08 09:45:00,233.22,233.5,232.86,233.48,8710
9749,2024-05-08 10:15:00,233.48,233.48,232.45,232.52,44813
9750,2024-05-08 10:45:00,232.64,233.06,232.48,232.98,13675
9751,2024-05-08 11:15:00,233.01,233.5,232.87,233.47,17019
9752,2024-05-08 11:45:00,233.47,234.06,233.41,234.05,19144
9753,2024-05-08 12:15:00,234.0,234.27,233.65,233.92,11445
9754,2024-05-08 12:45:00,233.92,234.21,233.81,234.09,16008
9755,2024-05-08 13:15:00,234.09,234.38,233.54,233.82,13552
9756,2024-05-08 13:45:00,233.82,233.9,233.29,233.41,24261
9757,2024-05-08 14:15:00,233.41,233.6,233.07,233.6,13047
9758,2024-05-08 14:45:00,233.6,233.85,233.37,233.66,11258
9759,2024-05-08 15:15:00,233.66,234.3,233.4,233.59,26057
9760,2024-05-09 09:15:00,233.07,233.55,232.85,232.98,28319
9761,2024-05-09 09:45:00,232.98,233.25,232.5,232.58,34357
9762,2024-05-09 10:15:00,232.58,232.71,231.9,231.96,60569
9763,2024-05-09 10:45:00,231.96,232.2,231.82,231.99,20868
9764,2024-05-09 11:15:00,231.98,232.2,231.75,232.19,18165
9765,2024-05-09 11:45:00,232.19,232.39,232.0,232.29,10952
9766,2024-05-09 12:15:00,232.29,232.46,231.8,231.89,10176
9767,2024-05-09 12:45:00,231.89,231.92,231.0,231.19,49950
9768,2024-05-09 13:15:00,231.19,231.23,230.8,231.06,30894
9769,2024-05-09 13:45:00,231.06,231.4,230.87,231.15,91536
9770,2024-05-09 14:15:00,231.15,231.34,230.26,230.26,54703
9771,2024-05-09 14:45:00,230.32,230.81,230.01,230.01,235646
9772,2024-05-09 15:15:00,230.04,230.54,229.9,230.09,282606
9773,2024-05-10 09:15:00,231.05,231.6,230.39,231.46,40435
9774,2024-05-10 09:45:00,231.49,231.99,231.21,231.86,51685
9775,2024-05-10 10:15:00,231.86,232.0,231.45,231.74,25603
9776,2024-05-10 10:45:00,231.73,231.79,231.0,231.46,53382
9777,2024-05-10 11:15:00,231.41,231.83,231.15,231.5,26843
9778,2024-05-10 11:45:00,231.46,231.47,230.96,230.96,24478
9779,2024-05-10 12:15:00,231.22,231.32,230.71,231.1,26714
9780,2024-05-10 12:45:00,231.15,231.17,230.51,230.8,21336
9781,2024-05-10 13:15:00,230.81,231.21,230.49,231.18,27274
9782,2024-05-10 13:45:00,230.93,231.49,230.93,231.17,19518
9783,2024-05-10 14:15:00,231.01,231.27,230.93,231.23,34666
9784,2024-05-10 14:45:00,231.21,231.53,231.0,231.48,21981
9785,2024-05-10 15:15:00,231.45,231.6,230.7,231.43,27424
9786,2024-05-13 09:15:00,232.1,232.1,229.46,229.46,72169
9787,2024-05-13 09:45:00,229.45,229.93,229.23,229.77,105408
9788,2024-05-13 10:15:00,229.79,229.79,229.02,229.13,62913
9789,2024-05-13 10:45:00,229.13,230.06,229.01,229.98,83821
9790,2024-05-13 11:15:00,229.81,230.84,229.81,230.54,21297
9791,2024-05-13 11:45:00,230.53,230.76,230.23,230.73,24789
9792,2024-05-13 12:15:00,230.73,231.3,230.5,231.12,23306
9793,2024-05-13 12:45:00,231.12,231.24,230.69,231.18,17201
9794,2024-05-13 13:15:00,231.18,231.24,230.22,230.65,36422
9795,2024-05-13 13:45:00,230.65,232.0,230.53,231.95,21946
9796,2024-05-13 14:15:00,231.98,232.17,231.53,231.85,45774
9797,2024-05-13 14:45:00,231.85,232.24,231.53,231.8,17653
9798,2024-05-13 15:15:00,231.8,237.41,231.63,232.53,18627
9799,2024-05-14 09:15:00,233.47,233.47,231.61,232.45,41778
9800,2024-05-14 09:45:00,232.42,232.43,231.75,231.95,37674
9801,2024-05-14 10:15:00,231.95,232.44,231.63,232.16,40816
9802,2024-05-14 10:45:00,232.49,232.77,231.7,232.74,29431
9803,2024-05-14 11:15:00,232.74,232.88,232.44,232.76,15463
9804,2024-05-14 11:45:00,232.76,232.93,232.44,232.86,19695
9805,2024-05-14 12:15:00,232.86,232.99,232.63,232.85,20923
9806,2024-05-14 12:45:00,232.85,233.24,232.76,233.15,14136
9807,2024-05-14 13:15:00,233.11,233.3,232.89,233.3,14179
9808,2024-05-14 13:45:00,233.33,233.7,233.3,233.46,14838
9809,2024-05-14 14:15:00,233.52,233.68,233.2,233.32,19305
9810,2024-05-14 14:45:00,233.32,233.5,232.87,233.26,23225
9811,2024-05-14 15:15:00,233.25,233.5,232.68,233.07,28556
9812,2024-05-15 09:15:00,233.66,233.85,233.32,233.85,44286
9813,2024-05-15 09:45:00,233.85,233.99,232.62,232.92,85600
9814,2024-05-15 10:15:00,232.85,232.98,232.39,232.61,58752
9815,2024-05-15 10:45:00,232.64,233.5,232.6,233.29,50298
9816,2024-05-15 11:15:00,233.29,233.39,232.56,232.81,82979
9817,2024-05-15 11:45:00,232.81,233.27,232.7,233.02,50077
9818,2024-05-15 12:15:00,233.02,233.13,232.68,232.96,45311
9819,2024-05-15 12:45:00,233.05,233.18,232.77,232.92,66887
9820,2024-05-15 13:15:00,232.87,233.07,232.65,232.87,70988
9821,2024-05-15 13:45:00,232.88,233.23,232.62,233.14,82402
9822,2024-05-15 14:15:00,233.14,233.15,232.75,233.0,97123
9823,2024-05-15 14:45:00,233.02,233.3,232.8,233.05,75182
9824,2024-05-15 15:15:00,233.05,233.34,232.8,232.99,16839
9825,2024-05-16 09:15:00,234.36,234.36,233.31,233.43,29058
9826,2024-05-16 09:45:00,233.49,233.7,233.2,233.53,20145
9827,2024-05-16 10:15:00,233.52,233.57,232.65,232.97,44858
9828,2024-05-16 10:45:00,233.21,233.21,232.26,232.46,31791
9829,2024-05-16 11:15:00,232.49,232.82,232.06,232.82,25280
9830,2024-05-16 11:45:00,232.89,233.75,232.41,233.53,15099
9831,2024-05-16 12:15:00,233.83,233.94,232.5,232.8,40731
9832,2024-05-16 12:45:00,232.8,232.91,232.0,232.32,97088
9833,2024-05-16 13:15:00,232.32,232.32,231.5,231.7,54787
9834,2024-05-16 13:45:00,231.73,232.4,231.55,231.66,44156
9835,2024-05-16 14:15:00,231.66,233.3,231.6,233.28,26366
9836,2024-05-16 14:45:00,233.3,234.65,233.27,234.64,47706
9837,2024-05-16 15:15:00,234.64,235.0,234.47,234.6,15653
9838,2024-05-17 09:15:00,234.6,234.75,234.1,234.27,32488
9839,2024-05-17 09:45:00,234.27,234.98,234.11,234.63,166174
9840,2024-05-17 10:15:00,234.63,235.29,234.38,235.26,14036
9841,2024-05-17 10:45:00,235.26,235.39,234.79,235.36,22721
9842,2024-05-17 11:15:00,235.36,235.58,235.01,235.56,16236
9843,2024-05-17 11:45:00,235.56,235.69,235.27,235.36,19366
9844,2024-05-17 12:15:00,235.36,235.62,235.15,235.55,34936
9845,2024-05-17 12:45:00,235.55,235.6,234.95,235.44,49077
9846,2024-05-17 13:15:00,235.44,235.59,235.01,235.28,18837
9847,2024-05-17 13:45:00,235.28,235.6,235.22,235.56,12661
9848,2024-05-17 14:15:00,235.56,235.59,235.22,235.46,22669
9849,2024-05-17 14:45:00,235.46,235.46,235.0,235.39,24023
9850,2024-05-17 15:15:00,235.39,235.49,235.17,235.24,14611
9851,2024-05-18 09:15:00,235.73,235.97,235.14,235.6,8149
9852,2024-05-18 09:45:00,235.6,235.6,235.25,235.25,539
9853,2024-05-18 11:15:00,235.25,237.0,235.25,235.65,7239
9854,2024-05-18 11:45:00,235.33,235.8,235.33,235.5,9201
9855,2024-05-18 12:15:00,235.5,235.9,235.4,235.58,2264
9856,2024-05-18 12:45:00,235.58,235.58,235.58,235.58,0
9857,2024-05-21 09:15:00,236.6,236.6,235.23,235.5,66686
9858,2024-05-21 09:45:00,235.5,235.59,235.38,235.58,34367
9859,2024-05-21 10:15:00,235.58,235.81,235.11,235.4,141484
9860,2024-05-21 10:45:00,235.4,235.9,235.35,235.79,28062
9861,2024-05-21 11:15:00,235.84,235.95,235.47,235.95,9119
9862,2024-05-21 11:45:00,235.95,236.16,235.64,236.16,23809
9863,2024-05-21 12:15:00,236.16,236.24,235.88,236.24,55891
9864,2024-05-21 12:45:00,236.24,236.48,236.0,236.47,35458
9865,2024-05-21 13:15:00,236.47,236.49,236.0,236.36,11972
9866,2024-05-21 13:45:00,236.38,236.88,235.95,236.34,91279
9867,2024-05-21 14:15:00,236.34,236.35,236.1,236.27,4394
9868,2024-05-21 14:45:00,236.27,236.39,235.8,236.03,13546
9869,2024-05-21 15:15:00,236.03,236.23,235.8,236.02,17992
9870,2024-05-22 09:15:00,236.8,237.0,235.85,235.99,28643
9871,2024-05-22 09:45:00,235.98,236.59,235.78,236.4,26680
9872,2024-05-22 10:15:00,236.4,236.54,236.01,236.14,7387
9873,2024-05-22 10:45:00,236.14,236.55,236.11,236.49,6421
9874,2024-05-22 11:15:00,236.49,236.5,236.0,236.38,27430
9875,2024-05-22 11:45:00,236.38,236.51,236.21,236.46,3997
9876,2024-05-22 12:15:00,236.46,236.69,236.23,236.52,16189
9877,2024-05-22 12:45:00,236.52,236.71,236.22,236.26,7765
9878,2024-05-22 13:15:00,236.26,236.71,236.26,236.46,3582
9879,2024-05-22 13:45:00,236.46,236.9,236.43,236.5,3097
9880,2024-05-22 14:15:00,236.61,236.8,236.43,236.69,122676
9881,2024-05-22 14:45:00,236.73,236.95,236.21,236.8,33640
9882,2024-05-22 15:15:00,236.8,237.0,236.68,236.78,6685
9883,2024-05-23 09:15:00,236.78,237.45,236.23,237.4,12858
9884,2024-05-23 09:45:00,237.4,237.52,237.2,237.41,11439
9885,2024-05-23 10:15:00,237.41,237.85,237.25,237.5,19001
9886,2024-05-23 10:45:00,237.5,237.85,237.29,237.83,9630
9887,2024-05-23 11:15:00,237.83,238.0,237.58,237.97,7832
9888,2024-05-23 11:45:00,237.97,238.38,237.77,238.29,46750
9889,2024-05-23 12:15:00,238.29,239.1,238.17,238.99,22440
9890,2024-05-23 12:45:00,238.99,239.2,238.83,238.93,50352
9891,2024-05-23 13:15:00,238.93,239.3,238.7,239.08,25374
9892,2024-05-23 13:45:00,239.08,239.8,238.9,239.79,34798
9893,2024-05-23 14:15:00,239.81,240.38,239.59,240.1,61982
9894,2024-05-23 14:45:00,240.1,240.6,239.73,240.55,35451
9895,2024-05-23 15:15:00,240.55,240.66,240.02,240.4,24799
9896,2024-05-24 09:15:00,239.89,240.99,239.5,240.41,33319
9897,2024-05-24 09:45:00,240.41,240.71,240.0,240.16,22624
9898,2024-05-24 10:15:00,240.32,240.67,240.1,240.59,88792
9899,2024-05-24 10:45:00,240.69,241.1,240.51,240.89,241658
9900,2024-05-24 11:15:00,240.96,241.1,240.87,241.05,10049
9901,2024-05-24 11:45:00,241.15,241.35,240.82,241.24,277854
9902,2024-05-24 12:15:00,241.24,241.45,241.08,241.42,65737
9903,2024-05-24 12:45:00,241.43,241.65,241.3,241.5,29067
9904,2024-05-24 13:15:00,241.49,241.77,241.4,241.63,18436
9905,2024-05-24 13:45:00,241.63,241.75,241.4,241.65,15904
9906,2024-05-24 14:15:00,241.65,241.8,240.96,241.53,73297
9907,2024-05-24 14:45:00,241.51,241.51,240.8,241.19,16816
9908,2024-05-24 15:15:00,241.19,241.25,240.65,240.99,18230
9909,2024-05-27 09:15:00,241.8,241.8,241.0,241.6,37863
9910,2024-05-27 09:45:00,241.6,241.6,240.91,241.1,19406
9911,2024-05-27 10:15:00,241.09,241.25,240.9,241.25,11083
9912,2024-05-27 10:45:00,241.25,241.64,241.17,241.46,20735
9913,2024-05-27 11:15:00,241.46,241.67,241.3,241.65,16665
9914,2024-05-27 11:45:00,241.65,242.2,241.54,242.06,19195
9915,2024-05-27 12:15:00,242.06,242.68,242.06,242.49,23004
9916,2024-05-27 12:45:00,242.49,242.55,242.0,242.37,7050
9917,2024-05-27 13:15:00,242.37,242.53,242.15,242.17,22993
9918,2024-05-27 13:45:00,242.17,242.43,242.07,242.17,12148
9919,2024-05-27 14:15:00,242.17,242.33,241.62,241.8,20055
9920,2024-05-27 14:45:00,241.8,241.85,240.04,240.94,18162
9921,2024-05-27 15:15:00,240.94,241.12,240.7,240.86,6902
9922,2024-05-28 09:15:00,241.36,241.38,240.51,240.79,27610
9923,2024-05-28 09:45:00,240.79,241.15,240.55,240.75,12302
9924,2024-05-28 10:15:00,240.75,241.3,240.67,241.3,27995
9925,2024-05-28 10:45:00,241.3,241.3,241.0,241.02,37768
9926,2024-05-28 11:15:00,241.02,241.32,240.71,240.97,37122
9927,2024-05-28 11:45:00,240.97,241.14,240.8,240.99,3700
9928,2024-05-28 12:15:00,240.87,241.0,239.98,240.37,15963
9929,2024-05-28 12:45:00,240.37,240.84,240.15,240.64,7066
9930,2024-05-28 13:15:00,240.71,240.84,240.4,240.73,1843
9931,2024-05-28 13:45:00,240.73,240.84,240.4,240.79,36699
9932,2024-05-28 14:15:00,240.79,240.9,240.04,240.63,52610
9933,2024-05-28 14:45:00,240.63,240.74,240.33,240.53,38804
9934,2024-05-28 15:15:00,240.62,240.76,240.0,240.49,40717
9935,2024-05-29 09:15:00,240.09,240.2,239.13,239.6,56272
9936,2024-05-29 09:45:00,239.6,239.61,239.04,239.06,41195
9937,2024-05-29 10:15:00,239.06,239.14,238.62,238.96,48416
9938,2024-05-29 10:45:00,238.92,239.06,238.66,238.72,26152
9939,2024-05-29 11:15:00,238.69,238.92,238.46,238.7,53852
9940,2024-05-29 11:45:00,238.7,238.85,238.5,238.7,51629
9941,2024-05-29 12:15:00,238.7,238.99,238.66,238.96,48534
9942,2024-05-29 12:45:00,238.96,239.46,238.82,239.1,25763
9943,2024-05-29 13:15:00,239.11,239.4,239.04,239.23,50812
9944,2024-05-29 13:45:00,239.23,239.34,238.76,238.95,9588
9945,2024-05-29 14:15:00,238.95,238.95,238.56,238.65,119275
9946,2024-05-29 14:45:00,238.65,238.82,238.27,238.7,389784
9947,2024-05-29 15:15:00,238.7,238.75,238.41,238.6,25946
9948,2024-05-30 09:15:00,238.6,238.6,237.2,237.48,99064
9949,2024-05-30 09:45:00,237.48,237.54,236.9,236.9,53784
9950,2024-05-30 10:15:00,236.98,237.5,236.85,237.29,129134
9951,2024-05-30 10:45:00,237.32,237.42,236.8,236.8,67617
9952,2024-05-30 11:15:00,236.8,237.08,236.75,236.88,15058
9953,2024-05-30 11:45:00,236.83,237.23,236.75,237.05,14109
9954,2024-05-30 12:15:00,237.05,237.13,236.8,237.06,14279
9955,2024-05-30 12:45:00,237.09,237.42,237.0,237.15,10682
9956,2024-05-30 13:15:00,237.15,237.19,236.52,236.79,45345
9957,2024-05-30 13:45:00,236.8,237.0,236.61,236.62,79923
9958,2024-05-30 14:15:00,236.62,236.76,236.17,236.19,43240
9959,2024-05-30 14:45:00,236.19,237.99,235.8,237.57,183476
9960,2024-05-30 15:15:00,237.9,238.0,237.1,237.12,47620
9961,2024-05-31 09:15:00,238.4,238.48,237.37,238.0,50956
9962,2024-05-31 09:45:00,237.99,237.99,236.85,236.9,22570
9963,2024-05-31 10:15:00,236.9,237.5,236.58,237.02,24170
9964,2024-05-31 10:45:00,237.02,237.15,236.5,236.93,20958
9965,2024-05-31 11:15:00,236.93,237.19,236.61,237.19,8315
9966,2024-05-31 11:45:00,237.19,237.2,236.61,236.63,14521
9967,2024-05-31 12:15:00,236.6,236.88,236.6,236.65,9028
9968,2024-05-31 12:45:00,236.65,237.1,236.6,237.0,24097
9969,2024-05-31 13:15:00,237.0,237.35,236.91,237.35,8219
9970,2024-05-31 13:45:00,237.35,237.99,237.35,237.76,44349
9971,2024-05-31 14:15:00,237.76,237.76,236.39,236.75,45815
9972,2024-05-31 14:45:00,236.75,237.03,236.3,236.94,84323
9973,2024-05-31 15:15:00,236.94,238.05,236.67,236.96,46845
9974,2024-06-03 09:15:00,240.5,245.0,240.5,242.99,267229
9975,2024-06-03 09:45:00,242.71,243.8,241.82,243.79,140389
9976,2024-06-03 10:15:00,243.79,243.79,243.11,243.12,68166
9977,2024-06-03 10:45:00,243.12,243.54,243.01,243.3,412841
9978,2024-06-03 11:15:00,243.32,243.45,243.05,243.45,97906
9979,2024-06-03 11:45:00,243.38,244.0,243.38,244.0,68375
9980,2024-06-03 12:15:00,244.0,244.41,243.79,244.13,32319
9981,2024-06-03 12:45:00,244.13,244.26,243.9,244.19,38496
9982,2024-06-03 13:15:00,244.18,244.2,243.58,244.05,32495
9983,2024-06-03 13:45:00,244.06,244.4,243.85,244.39,34084
9984,2024-06-03 14:15:00,244.39,244.4,243.79,244.17,252418
9985,2024-06-03 14:45:00,244.35,244.35,243.8,244.05,46057
9986,2024-06-03 15:15:00,244.05,244.49,244.03,244.21,254628
9987,2024-06-04 09:15:00,236.89,241.0,235.57,238.17,666003
9988,2024-06-04 09:45:00,238.3,241.15,238.14,240.67,1179241
9989,2024-06-04 10:15:00,240.78,240.88,238.0,238.59,740524
9990,2024-06-04 10:45:00,238.0,240.8,235.6,240.28,880258
9991,2024-06-04 11:15:00,240.27,241.44,237.0,241.44,141021
9992,2024-06-04 11:45:00,240.99,240.99,234.0,237.5,286270
9993,2024-06-04 12:15:00,237.43,238.25,234.1,236.5,168864
9994,2024-06-04 12:45:00,236.0,240.0,232.56,233.28,284793
9995,2024-06-04 13:15:00,233.38,239.15,232.31,239.0,444002
9996,2024-06-04 13:45:00,233.5,239.5,233.5,238.03,194148
9997,2024-06-04 14:15:00,238.71,239.3,235.0,238.89,103776
9998,2024-06-04 14:45:00,238.89,239.0,236.21,237.1,105735
9999,2024-06-04 15:15:00,237.1,238.0,230.12,234.08,200190
10000,2024-06-05 09:15:00,235.04,237.7,229.13,231.7,248680
10001,2024-06-05 09:45:00,231.7,232.34,229.33,232.33,86248
10002,2024-06-05 10:15:00,232.32,232.41,230.9,231.25,258668
10003,2024-06-05 10:45:00,231.25,234.82,231.25,234.82,216205
10004,2024-06-05 11:15:00,234.82,235.67,234.18,234.73,42889
10005,2024-06-05 11:45:00,234.73,234.75,233.08,234.14,31577
10006,2024-06-05 12:15:00,234.14,235.09,234.1,234.64,95131
10007,2024-06-05 12:45:00,234.66,235.99,234.0,235.64,36178
10008,2024-06-05 13:15:00,235.64,236.0,235.21,235.94,59640
10009,2024-06-05 13:45:00,235.94,237.06,235.56,236.44,48210
10010,2024-06-05 14:15:00,236.44,237.64,236.12,237.54,199740
10011,2024-06-05 14:45:00,237.66,238.0,237.15,237.99,47106
10012,2024-06-05 15:15:00,237.99,237.99,236.0,237.41,34534
10013,2024-06-06 09:15:00,238.6,239.0,237.76,238.89,49385
10014,2024-06-06 09:45:00,238.78,239.26,238.21,239.14,25484
10015,2024-06-06 10:15:00,239.22,240.0,239.2,239.9,35610
10016,2024-06-06 10:45:00,239.9,240.51,239.69,240.4,41094
10017,2024-06-06 11:15:00,240.4,240.41,239.06,239.13,25575
10018,2024-06-06 11:45:00,239.13,239.49,238.02,238.37,19197
10019,2024-06-06 12:15:00,238.37,239.25,238.37,238.86,13138
10020,2024-06-06 12:45:00,238.51,239.18,237.89,238.38,31240
10021,2024-06-06 13:15:00,238.4,239.94,238.13,239.94,27490
10022,2024-06-06 13:45:00,239.91,239.98,238.69,239.35,8313
10023,2024-06-06 14:15:00,239.35,239.46,238.15,238.57,13453
10024,2024-06-06 14:45:00,238.57,239.45,238.26,239.4,15893
10025,2024-06-06 15:15:00,239.4,239.87,239.22,239.3,11395
10026,2024-06-07 09:15:00,239.89,241.22,239.06,240.52,91929
10027,2024-06-07 09:45:00,240.53,241.2,240.18,241.2,146225
10028,2024-06-07 10:15:00,241.2,242.0,240.55,241.52,110225
10029,2024-06-07 10:45:00,242.0,242.0,241.5,241.94,10477
10030,2024-06-07 11:15:00,242.0,243.0,241.9,242.68,127849
10031,2024-06-07 11:45:00,242.44,243.7,242.44,243.38,282179
10032,2024-06-07 12:15:00,243.38,243.5,243.0,243.39,78294
10033,2024-06-07 12:45:00,243.4,243.8,243.3,243.3,116153
10034,2024-06-07 13:15:00,243.5,243.5,242.72,243.4,34451
10035,2024-06-07 13:45:00,243.5,243.75,243.22,243.65,30405
10036,2024-06-07 14:15:00,243.65,244.94,243.54,243.72,141444
10037,2024-06-07 14:45:00,244.17,244.68,243.7,244.34,50012
10038,2024-06-07 15:15:00,244.34,244.79,244.0,244.17,45125
10039,2024-06-10 09:15:00,244.39,245.5,243.73,244.46,115367
10040,2024-06-10 09:45:00,244.46,244.75,243.73,244.71,28177
10041,2024-06-10 10:15:00,244.71,245.0,244.29,244.8,21759
10042,2024-06-10 10:45:00,244.8,245.14,244.5,245.08,41541
10043,2024-06-10 11:15:00,245.09,245.15,244.84,244.92,13416
10044,2024-06-10 11:45:00,244.92,245.15,244.6,244.89,156695
10045,2024-06-10 12:15:00,244.89,245.0,244.4,244.69,17917
10046,2024-06-10 12:45:00,244.69,245.0,244.56,244.84,19357
10047,2024-06-10 13:15:00,244.84,244.97,244.61,244.9,26199
10048,2024-06-10 13:45:00,244.9,245.0,244.77,244.95,48147
10049,2024-06-10 14:15:00,244.95,244.95,243.73,244.3,132348
10050,2024-06-10 14:45:00,244.3,244.3,243.82,244.1,44248
10051,2024-06-10 15:15:00,244.1,244.1,243.55,243.91,12832
10052,2024-06-11 09:15:00,243.91,245.09,243.91,243.95,24648
10053,2024-06-11 09:45:00,243.95,244.79,243.9,244.65,241455
10054,2024-06-11 10:15:00,244.65,245.0,244.52,244.81,42582
10055,2024-06-11 10:45:00,244.68,244.93,244.5,244.71,57294
10056,2024-06-11 11:15:00,244.71,244.71,244.43,244.7,13844
10057,2024-06-11 11:45:00,244.7,244.7,244.49,244.67,58055
10058,2024-06-11 12:15:00,244.62,245.0,244.6,244.8,51077
10059,2024-06-11 12:45:00,244.8,245.0,244.75,245.0,40714
10060,2024-06-11 13:15:00,245.0,245.48,244.93,245.46,51548
10061,2024-06-11 13:45:00,245.47,245.55,244.8,245.0,57372
10062,2024-06-11 14:15:00,245.0,245.19,244.61,245.11,12231
10063,2024-06-11 14:45:00,245.11,245.11,244.22,244.43,95422
10064,2024-06-11 15:15:00,244.45,244.45,244.03,244.27,20105
10065,2024-06-12 09:15:00,245.28,245.33,244.55,245.33,33827
10066,2024-06-12 09:45:00,245.33,245.74,245.13,245.65,27801
10067,2024-06-12 10:15:00,245.65,246.0,245.27,245.71,18439
10068,2024-06-12 10:45:00,245.71,245.9,245.44,245.7,23775
10069,2024-06-12 11:15:00,245.7,245.88,245.35,245.5,27173
10070,2024-06-12 11:45:00,245.5,245.95,245.39,245.88,38841
10071,2024-06-12 12:15:00,245.88,245.89,245.46,245.7,16894
10072,2024-06-12 12:45:00,245.7,245.75,245.26,245.51,103105
10073,2024-06-12 13:15:00,245.67,245.8,245.44,245.73,11119
10074,2024-06-12 13:45:00,245.73,245.8,245.1,245.3,17077
10075,2024-06-12 14:15:00,245.3,245.48,245.01,245.3,11630
10076,2024-06-12 14:45:00,245.3,245.45,244.87,245.19,22713
10077,2024-06-12 15:15:00,245.19,245.4,244.75,245.09,21548
10078,2024-06-13 09:15:00,246.8,246.8,245.6,245.67,18288
10079,2024-06-13 09:45:00,245.67,245.95,245.5,245.95,9866
10080,2024-06-13 10:15:00,245.95,245.95,245.5,245.72,7947
10081,2024-06-13 10:45:00,245.72,245.8,245.3,245.6,11484
10082,2024-06-13 11:15:00,245.6,245.8,245.41,245.79,3773
10083,2024-06-13 11:45:00,245.79,245.89,245.52,245.8,7330
10084,2024-06-13 12:15:00,245.8,246.0,245.5,245.51,4412
10085,2024-06-13 12:45:00,245.51,245.9,245.51,245.9,12816
10086,2024-06-13 13:15:00,245.9,245.9,245.6,245.89,20895
10087,2024-06-13 13:45:00,245.89,245.9,245.65,245.79,8003
10088,2024-06-13 14:15:00,245.79,245.8,245.51,245.55,10514
10089,2024-06-13 14:45:00,245.55,245.9,245.5,245.66,11034
10090,2024-06-13 15:15:00,245.66,245.95,245.66,245.77,8050
10091,2024-06-14 09:15:00,246.69,246.7,245.0,245.46,20740
10092,2024-06-14 09:45:00,245.46,246.23,245.23,246.18,73703
10093,2024-06-14 10:15:00,246.01,246.32,245.91,246.11,8635
10094,2024-06-14 10:45:00,246.11,246.31,246.0,246.25,3676
10095,2024-06-14 11:15:00,246.25,246.38,246.01,246.38,19495
10096,2024-06-14 11:45:00,246.34,246.35,246.0,246.29,6828
10097,2024-06-14 12:15:00,246.29,246.29,246.02,246.05,5429
10098,2024-06-14 12:45:00,246.2,246.25,246.1,246.25,25807
10099,2024-06-14 13:15:00,246.25,246.25,246.02,246.25,10291
10100,2024-06-14 13:45:00,246.25,246.25,246.0,246.24,6826
10101,2024-06-14 14:15:00,246.24,246.49,245.95,246.33,15370
10102,2024-06-14 14:45:00,246.34,246.62,246.16,246.58,11864
10103,2024-06-14 15:15:00,246.59,247.0,246.28,246.52,83697
10104,2024-06-18 09:15:00,247.95,248.1,246.86,247.24,69171
10105,2024-06-18 09:45:00,247.44,247.54,247.24,247.32,16045
10106,2024-06-18 10:15:00,247.41,247.58,247.06,247.3,61682
10107,2024-06-18 10:45:00,247.3,247.6,247.14,247.57,39943
10108,2024-06-18 11:15:00,247.55,247.69,247.26,247.65,39004
10109,2024-06-18 11:45:00,247.65,247.68,247.28,247.55,19299
10110,2024-06-18 12:15:00,247.55,247.56,247.21,247.4,18140
10111,2024-06-18 12:45:00,247.4,247.63,247.0,247.63,17739
10112,2024-06-18 13:15:00,247.63,247.74,247.07,247.74,22584
10113,2024-06-18 13:45:00,247.74,247.8,247.45,247.6,13817
10114,2024-06-18 14:15:00,247.6,247.84,247.4,247.43,21313
10115,2024-06-18 14:45:00,247.43,247.96,247.43,247.59,16166
10116,2024-06-18 15:15:00,247.97,248.08,247.51,247.84,16025
10117,2024-06-19 09:15:00,248.15,248.2,247.3,247.87,29887
10118,2024-06-19 09:45:00,247.87,248.0,247.35,247.72,16327
10119,2024-06-19 10:15:00,247.46,247.66,246.07,246.7,95304
10120,2024-06-19 10:45:00,246.69,247.44,246.17,247.43,23288
10121,2024-06-19 11:15:00,247.4,247.8,246.94,247.79,27133
10122,2024-06-19 11:45:00,247.79,247.95,246.96,247.63,33041
10123,2024-06-19 12:15:00,247.63,248.11,247.4,248.0,15747
10124,2024-06-19 12:45:00,248.0,248.04,247.16,247.41,22359
10125,2024-06-19 13:15:00,247.41,247.97,247.25,247.81,13999
10126,2024-06-19 13:45:00,247.81,247.95,247.25,247.95,21938
10127,2024-06-19 14:15:00,247.95,248.5,247.7,248.2,18207
10128,2024-06-19 14:45:00,248.2,248.5,247.21,247.4,30336
10129,2024-06-19 15:15:00,247.45,247.88,247.0,247.58,19382
10130,2024-06-20 09:15:00,247.58,247.74,247.0,247.3,22842
10131,2024-06-20 09:45:00,247.3,247.59,246.57,247.33,28323
10132,2024-06-20 10:15:00,247.33,247.81,246.92,247.7,26704
10133,2024-06-20 10:45:00,247.7,247.99,247.3,247.9,11598
10134,2024-06-20 11:15:00,247.9,247.91,247.5,247.89,14537
10135,2024-06-20 11:45:00,247.89,248.13,247.62,247.81,17576
10136,2024-06-20 12:15:00,247.81,248.09,247.75,247.75,9871
10137,2024-06-20 12:45:00,247.75,248.19,247.7,247.97,11486
10138,2024-06-20 13:15:00,247.99,248.5,247.79,248.5,21117
10139,2024-06-20 13:45:00,248.5,248.5,247.62,248.04,19653
10140,2024-06-20 14:15:00,248.04,248.43,247.88,248.0,15425
10141,2024-06-20 14:45:00,248.0,248.16,247.63,247.65,23630
10142,2024-06-20 15:15:00,247.65,248.38,247.65,248.05,27619
10143,2024-06-21 09:15:00,248.2,248.8,247.8,247.82,52313
10144,2024-06-21 09:45:00,248.09,248.4,247.73,248.22,18974
10145,2024-06-21 10:15:00,248.25,248.47,247.82,248.0,22296
10146,2024-06-21 10:45:00,248.0,248.0,247.15,247.85,30654
10147,2024-06-21 11:15:00,247.85,248.0,247.51,248.0,12133
10148,2024-06-21 11:45:00,248.0,248.0,247.51,247.9,12969
10149,2024-06-21 12:15:00,247.9,247.9,246.72,246.78,248090
10150,2024-06-21 12:45:00,246.76,246.81,246.33,246.6,46675
10151,2024-06-21 13:15:00,246.58,246.87,246.35,246.7,12473
10152,2024-06-21 13:45:00,246.73,247.9,246.5,247.76,15074
10153,2024-06-21 14:15:00,247.76,247.79,246.1,246.55,76360
10154,2024-06-21 14:45:00,246.61,247.4,246.5,246.66,30711
10155,2024-06-21 15:15:00,246.64,246.8,246.45,246.8,14262
10156,2024-06-24 09:15:00,245.41,246.16,245.36,245.7,70757
10157,2024-06-24 09:45:00,245.7,246.5,245.64,246.5,31350
10158,2024-06-24 10:15:00,246.58,246.95,246.05,246.95,12462
10159,2024-06-24 10:45:00,246.95,247.52,246.73,246.98,16571
10160,2024-06-24 11:15:00,247.18,247.69,246.87,246.9,58428
10161,2024-06-24 11:45:00,246.9,247.93,246.77,247.71,22674
10162,2024-06-24 12:15:00,247.72,248.0,247.21,247.21,16216
10163,2024-06-24 12:45:00,247.45,247.93,247.25,247.92,11348
10164,2024-06-24 13:15:00,247.92,247.99,247.35,247.89,14924
10165,2024-06-24 13:45:00,247.88,247.98,247.39,247.7,12628
10166,2024-06-24 14:15:00,247.69,247.81,247.45,247.67,27865
10167,2024-06-24 14:45:00,247.7,247.99,247.32,247.88,56435
10168,2024-06-24 15:15:00,247.88,248.0,247.57,247.76,8959
10169,2024-06-25 09:15:00,248.48,248.48,247.37,248.15,19848
10170,2024-06-25 09:45:00,248.15,248.5,247.86,248.28,16972
10171,2024-06-25 10:15:00,248.5,248.61,247.87,248.21,14982
10172,2024-06-25 10:45:00,248.46,248.67,248.21,248.38,27859
10173,2024-06-25 11:15:00,248.37,248.37,248.01,248.33,36885
10174,2024-06-25 11:45:00,248.34,248.5,248.16,248.45,45149
10175,2024-06-25 12:15:00,248.44,248.85,248.1,248.84,22055
10176,2024-06-25 12:45:00,248.85,249.19,248.52,249.19,26610
10177,2024-06-25 13:15:00,249.19,249.43,248.81,249.35,33767
10178,2024-06-25 13:45:00,249.34,249.35,249.03,249.35,21059
10179,2024-06-25 14:15:00,249.35,249.35,249.11,249.35,21076
10180,2024-06-25 14:45:00,249.35,249.42,249.1,249.41,22539
10181,2024-06-25 15:15:00,249.41,249.41,249.21,249.35,13375
10182,2024-06-26 09:15:00,248.24,249.7,248.24,249.35,29259
10183,2024-06-26 09:45:00,249.35,249.45,249.01,249.35,16565
10184,2024-06-26 10:15:00,249.35,249.36,249.07,249.26,28563
10185,2024-06-26 10:45:00,249.35,249.8,249.02,249.78,82220
10186,2024-06-26 11:15:00,249.79,250.29,249.56,250.09,62922
10187,2024-06-26 11:45:00,250.18,250.67,249.9,250.28,78074
10188,2024-06-26 12:15:00,250.32,250.77,250.09,250.69,39236
10189,2024-06-26 12:45:00,250.56,250.84,250.09,250.56,22051
10190,2024-06-26 13:15:00,250.59,250.79,250.27,250.6,13151
10191,2024-06-26 13:45:00,250.6,250.67,250.24,250.66,34118
10192,2024-06-26 14:15:00,250.66,250.8,250.45,250.78,33350
10193,2024-06-26 14:45:00,250.78,250.99,250.29,250.7,55695
10194,2024-06-26 15:15:00,250.7,250.8,250.31,250.72,25573
10195,2024-06-27 09:15:00,251.25,251.25,249.84,250.4,78717
10196,2024-06-27 09:45:00,250.6,251.65,250.51,251.56,22029
10197,2024-06-27 10:15:00,251.56,251.96,250.8,251.05,82304
10198,2024-06-27 10:45:00,251.01,251.47,250.26,251.47,22497
10199,2024-06-27 11:15:00,251.47,251.88,251.2,251.5,14008
10200,2024-06-27 11:45:00,251.5,251.95,251.24,251.9,51663
10201,2024-06-27 12:15:00,251.9,252.09,251.64,251.8,49380
10202,2024-06-27 12:45:00,251.79,252.2,251.3,251.81,53461
10203,2024-06-27 13:15:00,251.81,252.0,251.3,251.73,19031
10204,2024-06-27 13:45:00,251.67,251.95,251.3,251.38,14768
10205,2024-06-27 14:15:00,251.38,251.87,251.32,251.85,53676
10206,2024-06-27 14:45:00,251.85,252.88,251.64,252.88,105637
10207,2024-06-27 15:15:00,252.88,253.25,252.67,252.67,30405
10208,2024-06-28 09:15:00,253.52,253.9,252.78,253.9,77871
10209,2024-06-28 09:45:00,253.9,254.49,253.56,254.17,43198
10210,2024-06-28 10:15:00,254.17,254.27,253.5,254.23,21906
10211,2024-06-28 10:45:00,254.23,254.33,253.68,254.0,70222
10212,2024-06-28 11:15:00,254.32,254.34,253.7,254.32,19714
10213,2024-06-28 11:45:00,254.26,254.28,253.5,253.95,21657
10214,2024-06-28 12:15:00,253.95,253.95,253.0,253.3,39337
10215,2024-06-28 12:45:00,253.29,253.42,252.75,253.42,25214
10216,2024-06-28 13:15:00,253.43,253.68,253.22,253.63,19832
10217,2024-06-28 13:45:00,253.63,254.19,253.37,254.02,16547
10218,2024-06-28 14:15:00,253.99,254.1,253.02,253.44,28048
10219,2024-06-28 14:45:00,253.44,253.82,252.57,252.7,65778
10220,2024-06-28 15:15:00,252.67,253.0,252.57,252.94,25369
10221,2024-07-01 09:15:00,253.3,253.49,252.8,253.18,37371
10222,2024-07-01 09:45:00,253.18,253.76,253.18,253.39,28681
10223,2024-07-01 10:15:00,253.39,253.58,253.26,253.53,14035
10224,2024-07-01 10:45:00,253.28,253.53,253.12,253.53,8723
10225,2024-07-01 11:15:00,253.53,253.53,253.25,253.53,38844
10226,2024-07-01 11:45:00,253.53,253.53,253.45,253.52,10813
10227,2024-07-01 12:15:00,253.52,253.98,253.48,253.88,43136
10228,2024-07-01 12:45:00,253.88,253.99,253.61,253.8,6737
10229,2024-07-01 13:15:00,253.8,254.25,253.29,253.85,21532
10230,2024-07-01 13:45:00,253.85,254.23,253.54,253.99,6904
10231,2024-07-01 14:15:00,253.99,254.31,253.7,254.31,46675
10232,2024-07-01 14:45:00,254.31,254.32,253.81,254.1,23016
10233,2024-07-01 15:15:00,254.1,254.25,254.0,254.17,104946
10234,2024-07-02 09:15:00,255.4,255.4,253.5,253.82,80377
10235,2024-07-02 09:45:00,253.82,254.34,253.5,254.0,43455
10236,2024-07-02 10:15:00,253.9,254.37,253.86,254.3,11541
10237,2024-07-02 10:45:00,254.3,254.57,254.07,254.54,28078
10238,2024-07-02 11:15:00,254.56,254.74,254.02,254.14,13727
10239,2024-07-02 11:45:00,254.14,254.52,254.0,254.26,4295
10240,2024-07-02 12:15:00,254.25,254.4,253.71,253.71,8291
10241,2024-07-02 12:45:00,253.89,253.99,253.2,253.71,34532
10242,2024-07-02 13:15:00,253.71,254.85,253.7,254.16,32198
10243,2024-07-02 13:45:00,254.16,254.5,253.8,254.06,17708
10244,2024-07-02 14:15:00,254.1,254.25,253.84,254.01,7596
10245,2024-07-02 14:45:00,254.01,254.2,254.01,254.19,20695
10246,2024-07-02 15:15:00,254.19,254.2,253.8,254.08,8514
10247,2024-07-03 09:15:00,255.41,255.41,254.11,254.99,54441
10248,2024-07-03 09:45:00,254.99,255.4,254.78,255.15,85311
10249,2024-07-03 10:15:00,255.15,255.35,254.71,254.8,18565
10250,2024-07-03 10:45:00,255.11,255.3,254.81,255.1,19731
10251,2024-07-03 11:15:00,255.1,255.13,254.5,254.76,20983
10252,2024-07-03 11:45:00,254.79,254.99,254.53,254.95,26122
10253,2024-07-03 12:15:00,254.95,255.4,254.79,255.25,8857
10254,2024-07-03 12:45:00,255.25,255.5,255.1,255.32,15611
10255,2024-07-03 13:15:00,255.32,255.35,255.1,255.33,5059
10256,2024-07-03 13:45:00,255.33,255.35,254.92,255.3,42260
10257,2024-07-03 14:15:00,255.3,255.3,254.92,255.21,8724
10258,2024-07-03 14:45:00,255.24,255.6,255.1,255.5,16500
10259,2024-07-03 15:15:00,255.63,255.95,255.28,255.64,42259
10260,2024-07-04 09:15:00,256.44,256.52,256.0,256.44,25348
10261,2024-07-04 09:45:00,256.44,256.94,256.32,256.65,26020
10262,2024-07-04 10:15:00,256.65,256.71,256.0,256.12,24523
10263,2024-07-04 10:45:00,256.12,256.38,255.85,256.3,12033
10264,2024-07-04 11:15:00,256.3,256.4,255.92,256.21,13283
10265,2024-07-04 11:45:00,256.21,256.3,256.0,256.27,9107
10266,2024-07-04 12:15:00,256.23,256.3,256.1,256.3,4209
10267,2024-07-04 12:45:00,256.3,256.56,255.6,256.07,67515
10268,2024-07-04 13:15:00,256.07,256.3,255.84,256.02,5073
10269,2024-07-04 13:45:00,256.02,256.36,255.79,256.36,24734
10270,2024-07-04 14:15:00,256.36,256.38,255.96,256.29,5361
10271,2024-07-04 14:45:00,256.35,256.36,255.5,255.89,14440
10272,2024-07-04 15:15:00,255.66,256.17,255.6,255.78,16913
10273,2024-07-05 09:15:00,256.2,256.2,254.42,255.17,32073
10274,2024-07-05 09:45:00,255.17,255.2,254.61,255.2,20320
10275,2024-07-05 10:15:00,255.2,255.53,255.0,255.5,7476
10276,2024-07-05 10:45:00,255.32,255.5,255.17,255.2,14164
10277,2024-07-05 11:15:00,255.2,255.53,255.1,255.3,106457
10278,2024-07-05 11:45:00,255.3,255.58,255.22,255.5,15705
10279,2024-07-05 12:15:00,255.5,255.5,255.32,255.32,273432
10280,2024-07-05 12:45:00,255.32,255.4,255.07,255.19,3677
10281,2024-07-05 13:15:00,255.19,255.3,254.96,254.96,105834
10282,2024-07-05 13:45:00,254.96,255.0,254.71,254.75,40079
10283,2024-07-05 14:15:00,254.75,255.08,254.55,254.6,47635
10284,2024-07-05 14:45:00,254.6,255.7,254.52,255.7,773775
10285,2024-07-05 15:15:00,255.7,255.7,255.26,255.26,208836
10286,2024-07-08 09:15:00,256.74,257.25,254.95,255.08,33111
10287,2024-07-08 09:45:00,255.1,255.5,254.93,255.39,14518
10288,2024-07-08 10:15:00,255.12,255.64,255.0,255.43,17923
10289,2024-07-08 10:45:00,255.43,255.44,254.85,255.08,13733
10290,2024-07-08 11:15:00,255.08,255.37,254.89,255.16,15705
10291,2024-07-08 11:45:00,255.16,255.35,254.87,254.91,11402
10292,2024-07-08 12:15:00,254.95,255.29,254.8,255.27,7910
10293,2024-07-08 12:45:00,255.27,255.46,255.06,255.23,4421
10294,2024-07-08 13:15:00,255.45,255.48,255.06,255.21,3779
10295,2024-07-08 13:45:00,255.21,255.41,255.06,255.22,6156
10296,2024-07-08 14:15:00,255.22,255.39,255.02,255.32,42929
10297,2024-07-08 14:45:00,255.32,255.5,255.2,255.4,9867
10298,2024-07-08 15:15:00,255.39,255.6,255.25,255.39,105452
10299,2024-07-09 09:15:00,255.39,256.0,255.31,256.0,16746
10300,2024-07-09 09:45:00,256.0,256.2,255.8,256.0,11795
10301,2024-07-09 10:15:00,255.99,256.0,255.57,255.94,27817
10302,2024-07-09 10:45:00,255.88,256.16,255.86,256.05,51023
10303,2024-07-09 11:15:00,256.05,256.34,255.85,256.25,68935
10304,2024-07-09 11:45:00,256.08,256.34,255.96,255.98,31651
10305,2024-07-09 12:15:00,255.98,256.27,255.96,256.16,30754
10306,2024-07-09 12:45:00,256.2,256.56,255.96,256.34,30482
10307,2024-07-09 13:15:00,256.44,256.72,256.24,256.3,33443
10308,2024-07-09 13:45:00,256.39,256.57,256.2,256.44,30570
10309,2024-07-09 14:15:00,256.44,256.57,256.17,256.33,37354
10310,2024-07-09 14:45:00,256.48,256.73,256.26,256.44,21970
10311,2024-07-09 15:15:00,256.55,256.68,256.33,256.48,7829
10312,2024-07-10 09:15:00,257.19,257.19,256.16,256.28,26231
10313,2024-07-10 09:45:00,256.42,256.42,255.75,255.78,23168
10314,2024-07-10 10:15:00,255.78,256.18,253.95,254.52,104036
10315,2024-07-10 10:45:00,254.64,254.75,254.0,254.63,299968
10316,2024-07-10 11:15:00,254.63,254.78,254.31,254.78,81234
10317,2024-07-10 11:45:00,254.78,255.34,254.5,254.97,61717
10318,2024-07-10 12:15:00,255.13,255.36,254.91,255.14,11765
10319,2024-07-10 12:45:00,255.14,255.42,255.11,255.33,43536
10320,2024-07-10 13:15:00,255.33,255.42,255.01,255.13,4721
10321,2024-07-10 13:45:00,255.13,255.27,254.66,254.98,5721
10322,2024-07-10 14:15:00,254.98,255.65,254.61,255.5,57173
10323,2024-07-10 14:45:00,255.57,255.89,255.31,255.67,9963
10324,2024-07-10 15:15:00,255.67,255.89,255.57,255.7,9426
10325,2024-07-11 09:15:00,256.59,256.59,255.6,256.0,27396
10326,2024-07-11 09:45:00,256.0,256.0,255.5,255.76,6925
10327,2024-07-11 10:15:00,255.76,255.76,255.06,255.34,14816
10328,2024-07-11 10:45:00,255.2,255.39,255.16,255.34,13988
10329,2024-07-11 11:15:00,255.34,255.5,255.21,255.35,8246
10330,2024-07-11 11:45:00,255.35,255.5,254.7,255.5,136507
10331,2024-07-11 12:15:00,255.5,255.72,255.27,255.7,5893
10332,2024-07-11 12:45:00,255.7,256.0,255.57,255.88,4717
10333,2024-07-11 13:15:00,255.85,256.0,255.5,255.6,16078
10334,2024-07-11 13:45:00,255.6,256.26,255.51,256.06,17581
10335,2024-07-11 14:15:00,256.06,256.15,255.75,256.07,17302
10336,2024-07-11 14:45:00,256.07,256.26,255.76,256.09,20298
10337,2024-07-11 15:15:00,256.09,256.09,255.5,255.99,15209
10338,2024-07-12 09:15:00,256.69,256.7,256.0,256.41,13834
10339,2024-07-12 09:45:00,256.45,256.6,255.92,256.25,9793
10340,2024-07-12 10:15:00,256.25,256.43,256.0,256.06,17354
10341,2024-07-12 10:45:00,256.06,258.24,256.06,257.62,521993
10342,2024-07-12 11:15:00,257.62,257.65,257.03,257.18,212723
10343,2024-07-12 11:45:00,257.18,257.63,257.05,257.36,106002
10344,2024-07-12 12:15:00,257.36,257.59,257.05,257.11,6207
10345,2024-07-12 12:45:00,257.38,257.45,257.13,257.45,112569
10346,2024-07-12 13:15:00,257.45,257.8,257.45,257.6,124756
10347,2024-07-12 13:45:00,257.74,258.0,257.6,257.9,169032
10348,2024-07-12 14:15:00,257.9,258.0,257.64,257.8,9566
10349,2024-07-12 14:45:00,257.8,257.8,257.15,257.17,112489
10350,2024-07-12 15:15:00,257.17,257.35,257.0,257.2,201791
10351,2024-07-15 09:15:00,257.61,258.7,257.61,257.93,96618
10352,2024-07-15 09:45:00,257.93,258.31,257.62,258.2,50030
10353,2024-07-15 10:15:00,258.2,258.7,258.0,258.4,47687
10354,2024-07-15 10:45:00,258.4,259.04,258.13,258.97,67043
10355,2024-07-15 11:15:00,258.92,259.15,258.14,259.15,52293
10356,2024-07-15 11:45:00,259.15,259.17,258.51,259.13,41714
10357,2024-07-15 12:15:00,258.73,259.16,258.3,259.02,39950
10358,2024-07-15 12:45:00,259.02,259.1,258.53,259.1,43039
10359,2024-07-15 13:15:00,259.1,259.1,258.5,258.5,70868
10360,2024-07-15 13:45:00,258.5,258.65,258.33,258.33,37428
10361,2024-07-15 14:15:00,258.33,258.65,258.31,258.65,113720
10362,2024-07-15 14:45:00,258.65,259.13,258.15,258.63,235420
10363,2024-07-15 15:15:00,258.63,258.63,258.26,258.26,21123
10364,2024-07-16 09:15:00,258.26,259.55,258.26,258.72,47756
10365,2024-07-16 09:45:00,258.72,258.96,258.55,258.84,40163
10366,2024-07-16 10:15:00,258.84,259.13,258.7,259.03,12350
10367,2024-07-16 10:45:00,259.03,259.28,258.84,259.1,27907
10368,2024-07-16 11:15:00,259.1,259.2,258.85,259.14,11195
10369,2024-07-16 11:45:00,259.14,259.17,258.86,259.1,7286
10370,2024-07-16 12:15:00,259.1,259.1,258.61,258.79,8857
10371,2024-07-16 12:45:00,258.79,259.2,258.79,259.11,12465
10372,2024-07-16 13:15:00,259.11,259.16,258.54,258.87,57504
10373,2024-07-16 13:45:00,258.87,258.98,258.53,258.7,18600
10374,2024-07-16 14:15:00,258.7,258.75,258.25,258.4,16366
10375,2024-07-16 14:45:00,258.6,258.8,258.41,258.59,9270
10376,2024-07-16 15:15:00,258.59,258.76,258.4,258.59,10704
10377,2024-07-18 09:15:00,258.5,258.78,257.76,258.18,68360
10378,2024-07-18 09:45:00,258.48,259.27,258.42,259.1,28767
10379,2024-07-18 10:15:00,259.0,259.1,258.7,258.81,17349
10380,2024-07-18 10:45:00,259.03,259.05,258.0,258.1,16842
10381,2024-07-18 11:15:00,258.1,258.25,257.57,257.95,24900
10382,2024-07-18 11:45:00,257.95,258.65,257.64,258.65,19216
10383,2024-07-18 12:15:00,258.65,258.79,258.38,258.74,5508
10384,2024-07-18 12:45:00,258.79,259.5,258.61,259.34,92486
10385,2024-07-18 13:15:00,259.5,259.75,259.38,259.69,4333
10386,2024-07-18 13:45:00,259.69,260.79,259.41,260.79,113452
10387,2024-07-18 14:15:00,260.79,260.79,260.16,260.72,413468
10388,2024-07-18 14:45:00,260.73,260.73,260.3,260.5,14412
10389,2024-07-18 15:15:00,260.5,260.67,260.3,260.37,57692
10390,2024-07-19 09:15:00,261.25,261.25,259.76,259.84,73610
10391,2024-07-19 09:45:00,260.14,260.14,259.37,259.56,24389
10392,2024-07-19 10:15:00,259.57,259.86,259.27,259.64,18796
10393,2024-07-19 10:45:00,259.64,259.64,259.05,259.3,23744
10394,2024-07-19 11:15:00,259.34,259.34,258.73,259.06,11669
10395,2024-07-19 11:45:00,259.05,259.34,258.56,259.24,51228
10396,2024-07-19 12:15:00,259.24,259.34,258.6,258.9,9911
10397,2024-07-19 12:45:00,258.9,258.97,258.51,258.67,3894
10398,2024-07-19 13:15:00,258.67,259.12,258.5,258.74,11765
10399,2024-07-19 13:45:00,258.74,259.52,258.6,258.69,44596
10400,2024-07-19 14:15:00,258.69,258.92,258.5,258.75,46576
10401,2024-07-19 14:45:00,258.81,258.99,258.3,258.43,548636
10402,2024-07-19 15:15:00,258.45,260.0,258.35,258.53,450361
10403,2024-07-22 09:15:00,258.22,258.35,256.69,257.69,35136
10404,2024-07-22 09:45:00,257.69,258.61,257.46,258.31,21390
10405,2024-07-22 10:15:00,258.5,258.9,258.32,258.78,7047
10406,2024-07-22 10:45:00,258.75,259.0,258.21,258.49,14617
10407,2024-07-22 11:15:00,258.48,258.67,258.05,258.65,8161
10408,2024-07-22 11:45:00,258.65,258.68,258.06,258.34,17618
10409,2024-07-22 12:15:00,258.35,258.38,257.6,258.0,43494
10410,2024-07-22 12:45:00,258.0,258.14,257.56,257.95,22968
10411,2024-07-22 13:15:00,257.95,258.28,257.9,258.2,28549
10412,2024-07-22 13:45:00,258.2,258.25,257.8,258.02,18365
10413,2024-07-22 14:15:00,258.02,258.24,257.7,257.95,28125
10414,2024-07-22 14:45:00,257.95,258.22,257.45,257.9,51942
10415,2024-07-22 15:15:00,257.9,258.28,257.56,258.03,6966
10416,2024-07-23 09:15:00,258.6,258.69,257.4,257.61,30884
10417,2024-07-23 09:45:00,257.61,257.86,257.3,257.49,8658
10418,2024-07-23 10:15:00,257.49,257.82,257.25,257.74,16196
10419,2024-07-23 10:45:00,257.74,258.71,257.4,258.0,126863
10420,2024-07-23 11:15:00,258.0,258.27,256.8,257.94,42926
10421,2024-07-23 11:45:00,257.88,257.9,257.23,257.82,33686
10422,2024-07-23 12:15:00,257.8,257.95,253.65,257.43,1143909
10423,2024-07-23 12:45:00,257.43,257.49,255.85,255.85,413627
10424,2024-07-23 13:15:00,255.85,257.46,255.65,256.48,309486
10425,2024-07-23 13:45:00,256.49,257.9,256.2,257.78,245168
10426,2024-07-23 14:15:00,257.75,258.44,257.08,258.05,18989
10427,2024-07-23 14:45:00,258.05,258.5,257.75,257.82,18794
10428,2024-07-23 15:15:00,257.75,258.0,257.5,257.88,6691
10429,2024-07-24 09:15:00,257.79,258.33,256.55,257.19,34953
10430,2024-07-24 09:45:00,257.18,257.78,256.8,257.55,11350
10431,2024-07-24 10:15:00,257.55,257.98,257.01,257.54,11660
10432,2024-07-24 10:45:00,257.24,257.82,257.12,257.47,13992
10433,2024-07-24 11:15:00,257.47,257.58,256.97,256.99,11853
10434,2024-07-24 11:45:00,256.99,257.33,256.75,256.94,19556
10435,2024-07-24 12:15:00,256.94,256.94,256.08,256.3,146985
10436,2024-07-24 12:45:00,256.3,256.74,256.2,256.73,17330
10437,2024-07-24 13:15:00,256.73,256.89,256.25,256.88,25444
10438,2024-07-24 13:45:00,256.88,256.88,256.13,256.3,21390
10439,2024-07-24 14:15:00,256.3,257.62,256.2,257.5,21040
10440,2024-07-24 14:45:00,257.5,257.64,256.91,257.19,30251
10441,2024-07-24 15:15:00,257.19,257.4,257.01,257.14,7606
10442,2024-07-25 09:15:00,254.95,256.01,254.95,255.93,692702
10443,2024-07-25 09:45:00,255.93,256.04,255.41,255.99,101075
10444,2024-07-25 10:15:00,255.99,256.2,255.72,256.0,148074
10445,2024-07-25 10:45:00,256.25,256.38,255.92,256.31,11981
10446,2024-07-25 11:15:00,256.31,256.53,255.86,256.45,8735
10447,2024-07-25 11:45:00,256.45,256.76,256.16,256.6,146514
10448,2024-07-25 12:15:00,256.6,256.89,256.45,256.68,13715
10449,2024-07-25 12:45:00,256.68,257.04,256.61,256.9,25470
10450,2024-07-25 13:15:00,256.61,257.07,256.56,256.74,6824
10451,2024-07-25 13:45:00,256.77,257.25,256.56,257.25,5634
10452,2024-07-25 14:15:00,257.25,257.25,256.9,256.9,11542
10453,2024-07-25 14:45:00,256.95,257.24,256.66,257.07,423344
10454,2024-07-25 15:15:00,257.07,257.29,256.21,256.9,16934
10455,2024-07-26 09:15:00,264.6,264.6,257.08,258.32,25029
10456,2024-07-26 09:45:00,258.32,258.8,257.98,258.69,17759
10457,2024-07-26 10:15:00,258.69,259.0,258.56,259.0,13324
10458,2024-07-26 10:45:00,259.0,259.42,258.95,259.39,11356
10459,2024-07-26 11:15:00,259.39,259.65,259.19,259.6,102989
10460,2024-07-26 11:45:00,259.6,259.83,258.94,259.31,128634
10461,2024-07-26 12:15:00,259.31,259.96,259.05,259.96,36777
10462,2024-07-26 12:45:00,259.96,260.5,259.71,260.35,13256
10463,2024-07-26 13:15:00,260.5,260.85,260.25,260.73,39308
10464,2024-07-26 13:45:00,260.73,260.96,260.17,260.82,14860
10465,2024-07-26 14:15:00,260.83,260.84,260.24,260.75,41621
10466,2024-07-26 14:45:00,260.74,261.3,260.49,261.15,29634
10467,2024-07-26 15:15:00,261.15,261.15,260.78,260.96,18636
10468,2024-07-29 09:15:00,262.69,263.02,261.51,261.53,56751
10469,2024-07-29 09:45:00,261.53,261.93,261.47,261.58,16017
10470,2024-07-29 10:15:00,261.53,261.95,261.21,261.71,8976
10471,2024-07-29 10:45:00,261.71,262.28,261.52,262.28,30254
10472,2024-07-29 11:15:00,262.28,262.99,262.28,262.98,22640
10473,2024-07-29 11:45:00,262.96,263.0,262.1,262.35,15992
10474,2024-07-29 12:15:00,262.36,262.4,261.15,262.11,15304
10475,2024-07-29 12:45:00,262.11,262.26,261.58,261.7,12531
10476,2024-07-29 13:15:00,261.7,262.12,261.57,262.09,22038
10477,2024-07-29 13:45:00,262.09,262.09,261.31,261.37,110651
10478,2024-07-29 14:15:00,261.3,261.69,260.85,261.58,33306
10479,2024-07-29 14:45:00,261.58,261.85,261.35,261.44,392987
10480,2024-07-29 15:15:00,261.44,261.72,261.42,261.56,14277
10481,2024-07-30 09:15:00,262.09,263.0,261.01,262.0,93092
10482,2024-07-30 09:45:00,262.0,262.19,261.57,261.9,320720
10483,2024-07-30 10:15:00,261.9,262.33,261.71,262.3,13394
10484,2024-07-30 10:45:00,262.3,262.75,262.23,262.65,196076
10485,2024-07-30 11:15:00,262.65,262.85,262.36,262.75,24972
10486,2024-07-30 11:45:00,262.75,262.75,262.26,262.4,13444
10487,2024-07-30 12:15:00,262.64,262.65,262.4,262.64,21037
10488,2024-07-30 12:45:00,262.64,262.65,262.34,262.65,17512
10489,2024-07-30 13:15:00,262.65,262.65,261.81,262.0,60616
10490,2024-07-30 13:45:00,262.0,262.55,262.0,262.55,17840
10491,2024-07-30 14:15:00,262.55,262.98,262.37,262.98,68857
10492,2024-07-30 14:45:00,262.98,263.01,261.77,261.87,174487
10493,2024-07-30 15:15:00,261.84,261.95,261.62,261.85,34064
10494,2024-07-31 09:15:00,262.0,262.85,261.31,261.79,443344
10495,2024-07-31 09:45:00,261.79,262.3,261.65,262.17,17807
10496,2024-07-31 10:15:00,262.3,262.45,262.18,262.33,5951
10497,2024-07-31 10:45:00,262.33,262.41,262.0,262.28,31762
10498,2024-07-31 11:15:00,262.28,262.44,262.01,262.44,11771
10499,2024-07-31 11:45:00,262.44,262.45,262.35,262.4,12725
10500,2024-07-31 12:15:00,262.4,262.82,262.2,262.59,17904
10501,2024-07-31 12:45:00,262.59,262.76,262.0,262.55,8920
10502,2024-07-31 13:15:00,262.53,262.84,262.32,262.74,202514
10503,2024-07-31 13:45:00,262.74,262.79,262.5,262.65,1704
10504,2024-07-31 14:15:00,262.35,263.0,262.31,262.82,10000
10505,2024-07-31 14:45:00,262.84,262.87,262.58,262.7,13267
10506,2024-07-31 15:15:00,262.7,263.0,262.61,262.8,8360
10507,2024-08-01 09:15:00,263.43,263.86,263.0,263.6,44157
10508,2024-08-01 09:45:00,263.6,263.6,263.5,263.6,61135
10509,2024-08-01 10:15:00,263.6,263.6,263.3,263.3,21536
10510,2024-08-01 10:45:00,263.3,263.47,263.11,263.35,28139
10511,2024-08-01 11:15:00,263.35,263.35,263.16,263.34,7153
10512,2024-08-01 11:45:00,263.34,263.35,263.1,263.11,8262
10513,2024-08-01 12:15:00,263.11,263.32,263.0,263.09,33219
10514,2024-08-01 12:45:00,263.09,263.38,262.8,263.38,30150
10515,2024-08-01 13:15:00,263.38,263.38,262.93,262.94,3906
10516,2024-08-01 13:45:00,262.94,263.14,262.8,263.0,15485
10517,2024-08-01 14:15:00,263.0,263.43,262.75,263.43,117880
10518,2024-08-01 14:45:00,263.45,263.49,263.05,263.2,218295
10519,2024-08-01 15:15:00,263.2,263.22,262.76,263.15,47517
10520,2024-08-02 09:15:00,262.0,262.02,260.6,261.25,1437413
10521,2024-08-02 09:45:00,261.2,261.2,260.65,261.12,846300
10522,2024-08-02 10:15:00,261.12,261.55,260.88,261.54,1017431
10523,2024-08-02 10:45:00,261.53,261.87,261.38,261.63,707015
10524,2024-08-02 11:15:00,261.63,261.89,261.55,261.82,48835
10525,2024-08-02 11:45:00,261.82,261.95,261.33,261.46,482980
10526,2024-08-02 12:15:00,261.46,261.55,261.1,261.19,321985
10527,2024-08-02 12:45:00,261.15,261.4,261.02,261.25,268467
10528,2024-08-02 13:15:00,261.25,261.65,261.1,261.55,270044
10529,2024-08-02 13:45:00,261.54,261.67,261.1,261.2,259770
10530,2024-08-02 14:15:00,261.26,261.49,260.8,260.89,282983
10531,2024-08-02 14:45:00,260.91,261.2,260.45,260.78,209501
10532,2024-08-02 15:15:00,260.88,261.39,260.6,260.66,18882
10533,2024-08-05 09:15:00,259.0,259.0,255.56,256.05,884469
10534,2024-08-05 09:45:00,256.0,257.41,256.0,256.23,2622041
10535,2024-08-05 10:15:00,256.22,256.76,255.1,255.34,1330119
10536,2024-08-05 10:45:00,255.34,255.63,253.21,253.3,1092046
10537,2024-08-05 11:15:00,253.27,253.4,251.9,253.15,1957450
10538,2024-08-05 11:45:00,253.34,254.49,253.31,253.91,4433824
10539,2024-08-05 12:15:00,253.97,254.83,252.56,252.74,226974
10540,2024-08-05 12:45:00,252.77,253.95,252.59,253.75,222384
10541,2024-08-05 13:15:00,253.75,254.75,253.65,254.35,116720
10542,2024-08-05 13:45:00,254.34,254.83,254.1,254.42,241006
10543,2024-08-05 14:15:00,254.41,256.0,253.2,255.72,207076
10544,2024-08-05 14:45:00,255.72,256.47,255.0,256.03,114146
10545,2024-08-05 15:15:00,256.3,257.8,255.03,256.26,35167
10546,2024-08-06 09:15:00,256.45,256.98,255.9,255.97,106322
10547,2024-08-06 09:45:00,255.97,256.78,255.97,256.09,48412
10548,2024-08-06 10:15:00,256.09,256.31,254.4,254.77,23863
10549,2024-08-06 10:45:00,254.77,255.83,254.73,255.45,48762
10550,2024-08-06 11:15:00,255.45,255.72,255.3,255.55,27089
10551,2024-08-06 11:45:00,255.55,255.66,255.2,255.51,62778
10552,2024-08-06 12:15:00,255.51,255.55,254.8,254.91,17888
10553,2024-08-06 12:45:00,254.91,255.11,254.71,254.79,21558
10554,2024-08-06 13:15:00,254.78,254.98,253.72,253.88,27647
10555,2024-08-06 13:45:00,253.88,254.1,253.18,253.32,41256
10556,2024-08-06 14:15:00,253.29,253.84,252.9,252.9,74686
10557,2024-08-06 14:45:00,252.87,253.5,252.72,253.0,73528
10558,2024-08-06 15:15:00,253.0,253.4,252.76,253.08,25107
10559,2024-08-07 09:15:00,256.8,256.8,255.01,255.66,37208
10560,2024-08-07 09:45:00,255.71,255.79,255.06,255.39,12123
10561,2024-08-07 10:15:00,255.14,256.64,255.14,256.09,13840
10562,2024-08-07 10:45:00,256.33,256.33,255.5,255.67,11130
10563,2024-08-07 11:15:00,255.76,255.78,255.21,255.71,12836
10564,2024-08-07 11:45:00,255.71,255.78,255.31,255.51,8238
10565,2024-08-07 12:15:00,255.5,255.82,255.4,255.45,139234
10566,2024-08-07 12:45:00,255.45,255.45,255.15,255.3,20587
10567,2024-08-07 13:15:00,255.3,255.5,254.81,255.48,49311
10568,2024-08-07 13:45:00,255.48,255.71,255.3,255.71,12815
10569,2024-08-07 14:15:00,255.74,256.16,255.74,255.98,23905
10570,2024-08-07 14:45:00,255.96,256.39,255.69,256.39,41936
10571,2024-08-07 15:15:00,256.39,256.61,256.17,256.24,45187
10572,2024-08-08 09:15:00,255.98,255.98,255.12,255.45,14622
10573,2024-08-08 09:45:00,255.45,255.72,254.3,254.58,17324
10574,2024-08-08 10:15:00,254.8,255.57,254.61,255.22,5984
10575,2024-08-08 10:45:00,255.22,255.36,254.5,255.08,7667
10576,2024-08-08 11:15:00,255.11,255.56,254.66,255.17,12454
10577,2024-08-08 11:45:00,255.17,256.0,254.95,256.0,22423
10578,2024-08-08 12:15:00,256.44,256.54,255.99,256.35,14594
10579,2024-08-08 12:45:00,256.35,256.35,254.55,254.8,44384
10580,2024-08-08 13:15:00,254.8,254.99,254.06,254.89,22238
10581,2024-08-08 13:45:00,254.89,255.0,254.3,254.78,20578
10582,2024-08-08 14:15:00,254.78,255.19,254.51,254.77,24484
10583,2024-08-08 14:45:00,254.77,255.08,254.35,254.39,28728
10584,2024-08-08 15:15:00,254.36,255.0,253.86,254.3,26582
10585,2024-08-09 09:15:00,257.11,257.8,256.22,257.09,63649
10586,2024-08-09 09:45:00,257.09,257.2,256.74,256.87,421399
10587,2024-08-09 10:15:00,256.87,256.91,256.22,256.32,9738
10588,2024-08-09 10:45:00,256.32,256.99,256.28,256.77,32692
10589,2024-08-09 11:15:00,256.8,256.94,256.61,256.86,7180
10590,2024-08-09 11:45:00,256.86,256.98,256.29,256.52,69650
10591,2024-08-09 12:15:00,256.52,256.6,256.28,256.5,63588
10592,2024-08-09 12:45:00,256.5,256.8,256.21,256.75,57781
10593,2024-08-09 13:15:00,256.75,257.05,256.55,256.92,70198
10594,2024-08-09 13:45:00,256.92,257.21,256.75,257.13,4356
10595,2024-08-09 14:15:00,257.16,257.16,256.7,256.95,9316
10596,2024-08-09 14:45:00,256.95,257.05,256.72,256.85,19581
10597,2024-08-09 15:15:00,256.83,256.98,256.37,256.63,56548
10598,2024-08-12 09:15:00,255.79,256.68,255.6,255.96,35732
10599,2024-08-12 09:45:00,255.97,255.97,255.26,255.9,17179
10600,2024-08-12 10:15:00,255.86,256.7,255.86,256.7,15969
10601,2024-08-12 10:45:00,256.7,257.74,256.55,257.74,24056
10602,2024-08-12 11:15:00,257.74,258.0,257.39,257.39,10974
10603,2024-08-12 11:45:00,257.57,257.74,257.38,257.44,27665
10604,2024-08-12 12:15:00,257.38,257.76,257.1,257.72,11809
10605,2024-08-12 12:45:00,257.71,257.72,257.3,257.35,13981
10606,2024-08-12 13:15:00,257.35,257.56,257.1,257.56,5752
10607,2024-08-12 13:45:00,257.56,257.9,257.35,257.42,10406
10608,2024-08-12 14:15:00,257.42,257.68,257.15,257.5,25400
10609,2024-08-12 14:45:00,257.5,257.5,256.01,256.4,22909
10610,2024-08-12 15:15:00,256.54,256.81,256.41,256.6,14267
10611,2024-08-13 09:15:00,256.96,256.96,256.22,256.7,10665
10612,2024-08-13 09:45:00,256.7,256.99,256.45,256.81,36595
10613,2024-08-13 10:15:00,256.8,256.8,256.21,256.42,9798
10614,2024-08-13 10:45:00,256.42,256.61,256.23,256.5,22753
10615,2024-08-13 11:15:00,256.5,256.68,256.28,256.58,14375
10616,2024-08-13 11:45:00,256.58,256.68,256.05,256.43,12443
10617,2024-08-13 12:15:00,256.43,256.43,255.81,255.99,17473
10618,2024-08-13 12:45:00,255.99,255.99,255.5,255.78,24377
10619,2024-08-13 13:15:00,255.78,255.96,255.35,255.35,10723
10620,2024-08-13 13:45:00,255.35,255.44,254.54,254.9,27038
10621,2024-08-13 14:15:00,254.85,255.15,254.56,254.78,18363
10622,2024-08-13 14:45:00,254.78,254.93,254.52,254.58,27389
10623,2024-08-13 15:15:00,254.59,254.84,254.5,254.66,35251
10624,2024-08-14 09:15:00,255.07,255.07,254.34,254.6,20360
10625,2024-08-14 09:45:00,254.61,255.1,254.34,254.65,20361
10626,2024-08-14 10:15:00,254.65,255.07,254.6,254.91,27614
10627,2024-08-14 10:45:00,254.91,255.04,254.52,254.73,6954
10628,2024-08-14 11:15:00,254.73,254.91,254.55,254.77,7922
10629,2024-08-14 11:45:00,254.74,254.99,254.59,254.99,13312
10630,2024-08-14 12:15:00,254.99,255.02,254.65,254.97,11707
10631,2024-08-14 12:45:00,254.94,255.33,254.9,255.15,10970
10632,2024-08-14 13:15:00,255.18,255.18,254.7,255.0,16228
10633,2024-08-14 13:45:00,255.0,255.15,254.75,255.08,13822
10634,2024-08-14 14:15:00,255.08,255.12,254.61,254.61,19939
10635,2024-08-14 14:45:00,254.82,254.94,254.55,254.72,24834
10636,2024-08-14 15:15:00,254.72,254.9,254.61,254.76,9470
10637,2024-08-16 09:15:00,255.57,257.43,255.57,256.95,56931
10638,2024-08-16 09:45:00,256.9,256.95,256.25,256.53,67579
10639,2024-08-16 10:15:00,256.53,256.54,255.5,256.02,46777
10640,2024-08-16 10:45:00,256.02,256.23,255.75,255.85,38155
10641,2024-08-16 11:15:00,255.85,256.88,255.75,256.88,45891
10642,2024-08-16 11:45:00,256.88,257.78,256.85,257.59,45319
10643,2024-08-16 12:15:00,257.59,257.94,257.16,257.8,49216
10644,2024-08-16 12:45:00,257.8,258.15,257.45,257.99,36355
10645,2024-08-16 13:15:00,257.99,258.25,257.72,258.25,68672
10646,2024-08-16 13:45:00,258.25,258.81,257.97,258.79,64250
10647,2024-08-16 14:15:00,258.79,258.79,258.2,258.37,44063
10648,2024-08-16 14:45:00,258.4,259.0,258.16,259.0,48460
10649,2024-08-16 15:15:00,259.0,259.29,258.77,258.77,19199
10650,2024-08-19 09:15:00,259.08,259.78,259.06,259.67,20798
10651,2024-08-19 09:45:00,259.67,259.77,259.3,259.36,18101
10652,2024-08-19 10:15:00,259.4,259.59,258.93,259.2,17282
10653,2024-08-19 10:45:00,259.2,259.28,258.74,259.0,33340
10654,2024-08-19 11:15:00,259.0,259.65,259.0,259.53,5550
10655,2024-08-19 11:45:00,259.53,259.56,259.3,259.3,33725
10656,2024-08-19 12:15:00,259.3,259.47,259.16,259.35,51929
10657,2024-08-19 12:45:00,259.35,259.58,259.21,259.48,3469
10658,2024-08-19 13:15:00,259.48,259.63,259.21,259.3,5416
10659,2024-08-19 13:45:00,259.3,259.39,259.11,259.35,7081
10660,2024-08-19 14:15:00,259.35,259.62,259.3,259.49,29136
10661,2024-08-19 14:45:00,259.49,259.58,259.11,259.39,7923
10662,2024-08-19 15:15:00,259.39,259.62,259.15,259.33,10125
10663,2024-08-20 09:15:00,260.4,260.4,259.35,260.1,13009
10664,2024-08-20 09:45:00,260.27,260.91,260.06,260.91,17595
10665,2024-08-20 10:15:00,261.06,261.06,260.51,260.53,12104
10666,2024-08-20 10:45:00,260.53,260.75,260.23,260.74,12608
10667,2024-08-20 11:15:00,260.74,260.9,260.26,260.66,11737
10668,2024-08-20 11:45:00,260.66,260.92,260.46,260.9,29060
10669,2024-08-20 12:15:00,260.9,260.92,260.63,260.86,14691
10670,2024-08-20 12:45:00,260.86,260.92,260.67,260.92,14585
10671,2024-08-20 13:15:00,260.92,260.96,260.29,260.92,43607
10672,2024-08-20 13:45:00,260.92,261.0,260.64,260.76,10915
10673,2024-08-20 14:15:00,260.93,260.93,260.65,260.85,17761
10674,2024-08-20 14:45:00,260.85,260.85,260.45,260.5,30915
10675,2024-08-20 15:15:00,260.5,260.78,260.38,260.53,15918
10676,2024-08-21 09:15:00,260.68,260.79,260.27,260.35,15200
10677,2024-08-21 09:45:00,260.35,260.69,260.31,260.65,20250
10678,2024-08-21 10:15:00,260.75,261.25,260.6,260.81,8735
10679,2024-08-21 10:45:00,260.81,261.09,260.42,260.42,12599
10680,2024-08-21 11:15:00,260.42,261.07,260.42,260.82,108994
10681,2024-08-21 11:45:00,260.82,260.9,260.51,260.85,52547
10682,2024-08-21 12:15:00,260.85,260.9,260.6,260.85,9808
10683,2024-08-21 12:45:00,260.85,260.87,260.56,260.78,11290
10684,2024-08-21 13:15:00,260.78,260.78,260.54,260.78,8289
10685,2024-08-21 13:45:00,260.78,260.9,260.53,260.89,31565
10686,2024-08-21 14:15:00,260.67,260.9,260.61,260.65,21121
10687,2024-08-21 14:45:00,260.63,261.01,260.63,261.01,51336
10688,2024-08-21 15:15:00,261.0,261.5,260.87,260.96,7487
10689,2024-08-22 09:15:00,261.68,261.7,261.24,261.59,17683
10690,2024-08-22 09:45:00,261.59,261.66,261.27,261.27,16371
10691,2024-08-22 10:15:00,261.27,261.45,261.17,261.41,3471
10692,2024-08-22 10:45:00,261.41,261.48,261.22,261.48,7477
10693,2024-08-23 10:45:00,261.64,261.91,261.43,261.87,7196
10694,2024-08-23 11:15:00,261.87,261.9,261.42,261.77,7157
10695,2024-08-23 11:45:00,261.78,261.94,261.54,261.87,18116
10696,2024-08-23 12:15:00,261.87,261.94,261.6,261.83,14102
10697,2024-08-23 12:45:00,261.83,261.85,261.42,261.8,17420
10698,2024-08-23 13:15:00,261.8,261.8,261.5,261.79,14744
10699,2024-08-23 13:45:00,261.79,261.8,261.55,261.8,11286
10700,2024-08-23 14:15:00,261.8,262.0,261.62,261.86,21107
10701,2024-08-23 14:45:00,261.86,261.93,261.55,261.89,82055
10702,2024-08-23 15:15:00,261.88,261.88,261.35,261.68,22074
10703,2024-08-26 09:15:00,262.48,263.26,261.88,263.01,38184
10704,2024-08-26 09:45:00,263.01,263.55,262.86,263.5,28202
10705,2024-08-26 10:15:00,263.5,263.7,263.17,263.33,16406
10706,2024-08-26 10:45:00,263.33,263.33,263.0,263.22,15451
10707,2024-08-26 11:15:00,263.22,263.65,263.0,263.64,24803
10708,2024-08-26 11:45:00,263.5,263.65,263.24,263.5,10846
10709,2024-08-26 12:15:00,263.5,263.75,263.31,263.7,11144
10710,2024-08-26 12:45:00,263.52,263.79,263.32,263.79,55928
10711,2024-08-26 13:15:00,263.79,263.79,263.36,263.5,22209
10712,2024-08-26 13:45:00,263.5,263.67,263.35,263.49,35382
10713,2024-08-26 14:15:00,263.5,263.66,263.4,263.65,91456
10714,2024-08-26 14:45:00,263.42,263.65,263.2,263.3,31833
10715,2024-08-26 15:15:00,263.3,263.62,263.2,263.26,126599
10716,2024-08-27 09:15:00,263.76,263.76,262.92,263.16,33241
10717,2024-08-27 09:45:00,263.05,263.75,263.0,263.55,42440
10718,2024-08-27 10:15:00,263.55,263.68,263.21,263.52,10748
10719,2024-08-27 10:45:00,263.52,263.91,263.26,263.9,31266
10720,2024-08-27 11:15:00,263.9,264.1,263.75,263.97,17152
10721,2024-08-27 11:45:00,263.97,263.97,263.52,263.85,7119
10722,2024-08-27 12:15:00,263.85,263.9,263.6,263.8,5925
10723,2024-08-27 12:45:00,263.8,263.99,263.65,263.88,4815
10724,2024-08-27 13:15:00,263.88,263.96,263.59,263.93,9429
10725,2024-08-27 13:45:00,263.93,264.05,263.75,263.96,8738
10726,2024-08-27 14:15:00,263.96,263.97,263.61,263.89,4061
10727,2024-08-27 14:45:00,263.89,263.89,263.29,263.49,23903
10728,2024-08-27 15:15:00,263.49,263.6,263.26,263.49,14224
10729,2024-08-28 09:15:00,263.85,263.98,263.01,263.26,33870
10730,2024-08-28 09:45:00,263.26,263.75,263.26,263.63,11513
10731,2024-08-28 10:15:00,263.63,263.73,263.4,263.6,14899
10732,2024-08-28 10:45:00,263.6,263.8,263.4,263.8,6795
10733,2024-08-28 11:15:00,263.8,264.4,263.72,264.4,17639
10734,2024-08-28 11:45:00,264.5,264.5,264.2,264.41,9337
10735,2024-08-28 12:15:00,264.41,264.6,264.3,264.37,15164
10736,2024-08-28 12:45:00,264.37,264.66,264.22,264.61,33420
10737,2024-08-28 13:15:00,264.61,264.66,264.15,264.55,25549
10738,2024-08-28 13:45:00,264.55,264.57,264.29,264.57,7836
10739,2024-08-28 14:15:00,264.57,264.57,264.11,264.28,13928
10740,2024-08-28 14:45:00,264.29,264.39,263.7,263.79,8597
10741,2024-08-28 15:15:00,263.79,264.04,263.5,263.71,10002
10742,2024-08-29 09:15:00,263.95,264.21,263.5,264.1,15349
10743,2024-08-29 09:45:00,264.1,264.66,263.98,264.52,13014
10744,2024-08-29 10:15:00,264.52,264.68,264.11,264.24,9814
10745,2024-08-29 10:45:00,264.22,264.56,264.21,264.54,55699
10746,2024-08-29 11:15:00,264.54,264.62,264.31,264.5,5137
10747,2024-08-29 11:45:00,264.5,264.5,264.07,264.21,3732
10748,2024-08-29 12:15:00,264.21,265.0,264.07,264.8,10575
10749,2024-08-29 12:45:00,264.8,264.99,264.6,264.69,11411
10750,2024-08-29 13:15:00,264.68,264.8,264.52,264.79,12743
10751,2024-08-29 13:45:00,264.63,264.8,263.53,264.27,14130
10752,2024-08-29 14:15:00,264.24,264.28,263.57,263.7,34024
10753,2024-08-29 14:45:00,263.7,265.23,263.55,264.79,98168
10754,2024-08-29 15:15:00,264.79,264.98,264.55,264.8,9189
10755,2024-08-30 09:15:00,265.9,265.97,265.22,265.88,26906
10756,2024-08-30 09:45:00,265.88,265.88,265.32,265.63,5641
10757,2024-08-30 10:15:00,265.63,265.63,265.3,265.41,8344
10758,2024-08-30 10:45:00,265.41,265.75,265.33,265.73,33356
10759,2024-08-30 11:15:00,265.73,265.9,265.51,265.81,5038
10760,2024-08-30 11:45:00,265.81,265.95,265.52,265.89,4077
10761,2024-08-30 12:15:00,265.89,265.95,265.61,265.63,5289
10762,2024-08-30 12:45:00,265.63,265.84,265.62,265.7,5033
10763,2024-08-30 13:15:00,265.7,266.0,265.58,265.91,20546
10764,2024-08-30 13:45:00,265.91,266.0,265.61,265.72,6436
10765,2024-08-30 14:15:00,265.72,265.99,265.43,265.86,232482
10766,2024-08-30 14:45:00,265.51,265.9,265.41,265.9,206261
10767,2024-08-30 15:15:00,265.9,266.05,265.69,265.79,13651
10768,2024-09-02 09:15:00,267.09,267.09,266.2,266.43,30059
10769,2024-09-02 09:45:00,266.43,266.56,266.1,266.56,43548
10770,2024-09-02 10:15:00,266.56,266.62,266.2,266.5,8206
10771,2024-09-02 10:45:00,266.5,266.7,266.26,266.65,16209
10772,2024-09-02 11:15:00,266.65,266.7,266.16,266.16,71039
10773,2024-09-02 11:45:00,266.34,266.42,266.04,266.34,13132
10774,2024-09-02 12:15:00,266.29,266.5,266.12,266.34,172682
10775,2024-09-02 12:45:00,266.37,266.37,265.79,266.15,27748
10776,2024-09-02 13:15:00,266.15,266.18,265.82,265.83,8898
10777,2024-09-02 13:45:00,265.83,266.42,265.83,266.3,12951
10778,2024-09-02 14:15:00,266.1,266.44,265.79,266.07,585992
10779,2024-09-02 14:45:00,266.07,266.36,265.9,266.18,13299
10780,2024-09-02 15:15:00,266.18,266.37,266.0,266.06,36603
10781,2024-09-03 09:15:00,266.19,266.28,265.52,266.24,16198
10782,2024-09-03 09:45:00,266.24,266.24,265.87,266.0,14019
10783,2024-09-03 10:15:00,265.9,266.24,265.9,266.24,35236
10784,2024-09-03 10:45:00,266.24,266.3,266.04,266.18,6132
10785,2024-09-03 11:15:00,266.06,266.26,265.8,266.16,22511
10786,2024-09-03 11:45:00,266.16,266.16,265.7,266.09,21077
10787,2024-09-03 12:15:00,266.09,266.25,265.93,266.02,6324
10788,2024-09-03 12:45:00,266.23,266.48,265.85,266.48,11697
10789,2024-09-03 13:15:00,266.48,266.63,266.22,266.41,8394
10790,2024-09-03 13:45:00,266.41,266.99,266.01,266.54,45806
10791,2024-09-03 14:15:00,266.55,266.71,266.12,266.65,29731
10792,2024-09-03 14:45:00,266.65,266.69,266.22,266.49,21079
10793,2024-09-03 15:15:00,266.49,266.53,266.27,266.48,8644
10794,2024-09-04 09:15:00,264.96,265.22,264.29,264.75,47013
10795,2024-09-04 09:45:00,264.75,265.65,264.72,265.65,19932
10796,2024-09-04 10:15:00,265.63,265.64,264.93,265.0,14535
10797,2024-09-04 10:45:00,265.05,265.4,265.0,265.3,15883
10798,2024-09-04 11:15:00,265.3,265.39,265.0,265.3,6771
10799,2024-09-04 11:45:00,265.0,265.41,265.0,265.37,7731
10800,2024-09-04 12:15:00,265.37,265.46,265.3,265.43,9277
10801,2024-09-04 12:45:00,265.43,265.55,265.25,265.55,4939
10802,2024-09-04 13:15:00,265.55,266.0,265.55,265.74,22079
10803,2024-09-04 13:45:00,265.74,265.86,265.35,265.73,8690
10804,2024-09-04 14:15:00,265.73,265.76,265.32,265.68,16316
10805,2024-09-04 14:45:00,265.51,265.96,265.45,265.73,45424
10806,2024-09-04 15:15:00,265.85,267.0,265.69,265.75,8427
10807,2024-09-05 09:15:00,266.39,266.59,265.82,266.19,19755
10808,2024-09-05 09:45:00,266.19,266.27,265.86,266.0,8940
10809,2024-09-05 10:15:00,266.0,266.05,265.33,265.34,43969
10810,2024-09-05 10:45:00,265.35,265.5,265.2,265.3,24633
10811,2024-09-05 11:15:00,265.3,265.35,265.21,265.35,49580
10812,2024-09-05 11:45:00,265.35,265.61,265.3,265.59,48294
10813,2024-09-05 12:15:00,265.59,265.79,265.39,265.42,33077
10814,2024-09-05 12:45:00,265.76,265.95,265.41,265.82,3838
10815,2024-09-05 13:15:00,265.53,265.86,265.41,265.77,65542
10816,2024-09-05 13:45:00,265.77,265.86,265.52,265.8,4109
10817,2024-09-05 14:15:00,265.8,265.81,265.3,265.5,161415
10818,2024-09-05 14:45:00,265.47,265.62,265.22,265.49,12327
10819,2024-09-05 15:15:00,265.56,265.63,265.21,265.42,5571
10820,2024-09-06 09:15:00,265.6,265.6,264.4,264.6,18090
10821,2024-09-06 09:45:00,264.6,264.6,262.76,263.17,39249
10822,2024-09-06 10:15:00,263.16,263.47,262.5,263.15,84772
10823,2024-09-06 10:45:00,263.18,263.3,262.55,262.59,46779
10824,2024-09-06 11:15:00,262.59,263.25,262.59,263.22,15965
10825,2024-09-06 11:45:00,263.27,263.43,263.1,263.43,19165
10826,2024-09-06 12:15:00,263.43,263.64,263.2,263.25,17234
10827,2024-09-06 12:45:00,263.25,263.25,262.3,262.68,59180
10828,2024-09-06 13:15:00,262.68,262.93,262.42,262.88,12314
10829,2024-09-06 13:45:00,262.88,262.89,262.51,262.67,13584
10830,2024-09-06 14:15:00,262.68,262.71,262.2,262.41,41508
10831,2024-09-06 14:45:00,262.44,262.65,262.0,262.57,44715
10832,2024-09-06 15:15:00,262.58,263.33,262.43,262.57,23242
10833,2024-09-09 09:15:00,262.24,262.45,261.5,262.28,33218
10834,2024-09-09 09:45:00,262.22,262.5,261.92,262.18,18144
10835,2024-09-09 10:15:00,262.18,262.57,261.95,262.57,17422
10836,2024-09-09 10:45:00,262.57,262.97,262.5,262.78,12848
10837,2024-09-09 11:15:00,262.78,262.78,262.35,262.65,10948
10838,2024-09-09 11:45:00,262.65,262.78,261.88,261.99,16178
10839,2024-09-09 12:15:00,261.9,262.58,261.52,262.39,34081
10840,2024-09-09 12:45:00,262.39,262.68,261.9,262.22,4351
10841,2024-09-09 13:15:00,262.59,262.78,262.21,262.35,6191
10842,2024-09-09 13:45:00,262.76,262.78,262.27,262.78,12998
10843,2024-09-09 14:15:00,262.78,262.92,262.28,262.91,196819
10844,2024-09-09 14:45:00,262.91,263.2,262.05,262.71,1244923
10845,2024-09-09 15:15:00,262.68,262.88,262.14,262.14,20339
10846,2024-09-10 09:15:00,262.54,263.56,262.54,262.93,13663
10847,2024-09-10 09:45:00,262.93,262.95,262.08,262.4,15314
10848,2024-09-10 10:15:00,262.2,262.9,262.2,262.82,28873
10849,2024-09-10 10:45:00,262.82,263.27,262.42,263.27,12478
10850,2024-09-10 11:15:00,263.22,263.44,263.03,263.43,6590
10851,2024-09-10 11:45:00,263.43,263.78,263.17,263.72,13921
10852,2024-09-10 12:15:00,263.72,264.0,263.44,263.99,10241
10853,2024-09-10 12:45:00,263.99,264.25,263.74,264.12,34251
10854,2024-09-10 13:15:00,264.12,264.47,263.99,264.47,6884
10855,2024-09-10 13:45:00,264.36,264.81,264.13,264.66,17480
10856,2024-09-10 14:15:00,264.66,264.8,264.5,264.57,52227
10857,2024-09-10 14:45:00,264.57,264.57,263.71,264.02,20235
10858,2024-09-10 15:15:00,264.02,264.45,264.0,264.24,4243
10859,2024-09-11 09:15:00,264.9,264.9,263.15,264.2,17020
10860,2024-09-11 09:45:00,264.2,264.39,263.91,264.39,12425
10861,2024-09-11 10:15:00,264.39,264.5,264.01,264.4,5832
10862,2024-09-11 10:45:00,264.5,264.5,264.23,264.5,5064
10863,2024-09-11 11:15:00,264.5,264.5,264.21,264.44,5279
10864,2024-09-11 11:45:00,264.44,264.5,264.01,264.49,4844
10865,2024-09-11 12:15:00,264.49,264.5,264.48,264.48,18308
10866,2024-09-11 12:45:00,264.48,264.5,264.12,264.42,6951
10867,2024-09-11 13:15:00,264.23,264.43,264.0,264.19,4512
10868,2024-09-11 13:45:00,264.19,264.24,263.25,263.33,24778
10869,2024-09-11 14:15:00,263.33,263.52,263.17,263.4,9592
10870,2024-09-11 14:45:00,263.4,263.4,262.6,262.96,27886
10871,2024-09-11 15:15:00,262.96,263.3,262.8,262.96,11309
10872,2024-09-12 09:15:00,264.8,268.33,263.53,264.42,39774
10873,2024-09-12 09:45:00,264.42,264.47,263.78,264.19,4713
10874,2024-09-12 10:15:00,264.19,264.27,263.68,264.0,4283
10875,2024-09-12 10:45:00,264.0,264.08,263.59,264.08,6813
10876,2024-09-12 11:15:00,264.08,264.2,263.27,263.99,8932
10877,2024-09-12 11:45:00,263.99,264.0,263.56,263.94,2583
10878,2024-09-12 12:15:00,263.94,263.98,263.6,263.97,1678
10879,2024-09-12 12:45:00,263.96,264.07,263.6,263.65,5811
10880,2024-09-12 13:15:00,263.96,264.01,263.66,263.95,1851
10881,2024-09-12 13:45:00,263.95,265.81,263.73,265.75,26075
10882,2024-09-12 14:15:00,265.75,266.0,265.55,266.0,42551
10883,2024-09-12 14:45:00,265.86,267.44,265.86,267.3,2795721
10884,2024-09-12 15:15:00,267.3,267.41,265.32,266.91,1328911
10885,2024-09-13 09:15:00,267.02,267.83,266.21,266.75,135887
10886,2024-09-13 09:45:00,266.74,266.92,266.48,266.55,33890
10887,2024-09-13 10:15:00,266.55,267.2,266.5,266.93,29679
10888,2024-09-13 10:45:00,266.93,267.65,266.93,267.63,31474
10889,2024-09-13 11:15:00,267.63,267.63,267.08,267.33,31206
10890,2024-09-13 11:45:00,267.33,267.4,267.16,267.4,7187
10891,2024-09-13 12:15:00,267.4,267.6,267.32,267.47,4999
10892,2024-09-13 12:45:00,267.47,267.55,267.3,267.45,5104
10893,2024-09-13 13:15:00,267.45,267.49,266.93,267.06,40462
10894,2024-09-13 13:45:00,267.06,267.4,267.01,267.35,6547
10895,2024-09-13 14:15:00,267.35,267.4,267.04,267.18,6724
10896,2024-09-13 14:45:00,267.17,267.26,266.7,267.06,25575
10897,2024-09-13 15:15:00,267.06,267.11,266.83,266.97,18114
10898,2024-09-16 09:15:00,268.1,268.1,267.14,267.95,30465
10899,2024-09-16 09:45:00,267.95,268.12,267.76,268.02,14828
10900,2024-09-16 10:15:00,268.04,268.07,267.64,268.0,52820
10901,2024-09-16 10:45:00,267.84,268.0,267.43,267.72,12224
10902,2024-09-16 11:15:00,267.71,267.89,267.25,267.44,16201
10903,2024-09-16 11:45:00,267.44,267.64,267.27,267.4,20040
10904,2024-09-16 12:15:00,267.4,267.89,267.25,267.89,5019
10905,2024-09-16 12:45:00,267.89,267.89,267.45,267.8,3971
10906,2024-09-16 13:15:00,267.8,268.0,267.75,267.84,3247
10907,2024-09-16 13:45:00,268.0,268.4,267.82,268.12,9880
10908,2024-09-16 14:15:00,268.12,268.13,267.8,268.06,11531
10909,2024-09-16 14:45:00,268.06,268.14,267.75,267.84,21060
10910,2024-09-16 15:15:00,267.82,268.0,267.55,267.97,7311
10911,2024-09-17 09:15:00,268.04,268.04,267.24,267.85,44509
10912,2024-09-17 09:45:00,267.85,267.88,267.2,267.33,17224
10913,2024-09-17 10:15:00,267.33,267.77,267.21,267.65,7101
10914,2024-09-17 10:45:00,267.77,268.0,267.5,267.95,9680
10915,2024-09-17 11:15:00,267.98,268.25,267.77,268.1,15528
10916,2024-09-17 11:45:00,268.1,268.23,267.92,268.11,8841
10917,2024-09-17 12:15:00,268.11,268.2,267.82,268.2,7868
10918,2024-09-17 12:45:00,268.19,268.27,268.01,268.26,24732
10919,2024-09-17 13:15:00,268.26,268.55,268.0,268.55,25680
10920,2024-09-17 13:45:00,268.55,268.61,268.1,268.48,11715
10921,2024-09-17 14:15:00,268.48,268.55,268.0,268.45,10571
10922,2024-09-17 14:45:00,268.45,268.48,268.25,268.41,14332
10923,2024-09-17 15:15:00,268.35,268.48,268.16,268.35,8774
10924,2024-09-18 09:15:00,268.25,268.35,267.5,268.0,20235
10925,2024-09-18 09:45:00,268.0,268.25,267.72,268.0,15147
10926,2024-09-18 10:15:00,268.0,268.32,267.76,268.32,9087
10927,2024-09-18 10:45:00,268.39,268.49,268.11,268.4,7324
10928,2024-09-18 11:15:00,268.4,268.5,268.2,268.49,6548
10929,2024-09-18 11:45:00,268.49,268.55,268.2,268.49,8518
10930,2024-09-18 12:15:00,268.49,268.54,268.25,268.54,2940
10931,2024-09-18 12:45:00,268.54,268.54,267.6,267.75,12500
10932,2024-09-18 13:15:00,267.75,267.78,266.67,267.35,28333
10933,2024-09-18 13:45:00,267.38,267.97,267.16,267.59,14453
10934,2024-09-18 14:15:00,267.59,267.9,267.28,267.53,12200
10935,2024-09-18 14:45:00,267.53,268.2,267.26,267.99,8066
10936,2024-09-18 15:15:00,268.02,268.09,267.21,267.83,5274
10937,2024-09-19 09:15:00,269.16,270.0,268.94,269.9,28578
10938,2024-09-19 09:45:00,269.9,270.09,269.05,269.42,20385
10939,2024-09-19 10:15:00,269.39,269.5,268.75,269.04,20952
10940,2024-09-19 10:45:00,269.04,269.29,268.6,268.85,78002
10941,2024-09-19 11:15:00,268.85,269.0,267.57,267.75,85333
10942,2024-09-19 11:45:00,268.0,268.39,267.47,267.96,80583
10943,2024-09-19 12:15:00,268.3,268.49,267.85,268.26,79718
10944,2024-09-19 12:45:00,268.26,268.49,267.6,267.61,72454
10945,2024-09-19 13:15:00,267.61,268.14,267.6,267.78,77329
10946,2024-09-19 13:45:00,267.78,268.07,267.66,267.8,73746
10947,2024-09-19 14:15:00,267.8,268.19,267.71,268.06,84180
10948,2024-09-19 14:45:00,268.06,268.29,267.76,268.04,98090
10949,2024-09-19 15:15:00,268.29,269.0,268.01,268.06,13276
10950,2024-09-20 09:15:00,269.43,269.43,268.15,268.3,21301
10951,2024-09-20 09:45:00,268.3,269.87,268.3,269.39,12888
10952,2024-09-20 10:15:00,269.39,270.37,269.11,270.35,19483
10953,2024-09-20 10:45:00,270.35,270.81,269.73,270.8,31486
10954,2024-09-20 11:15:00,270.8,270.92,270.4,270.5,21110
10955,2024-09-20 11:45:00,270.5,270.74,270.41,270.6,445608
10956,2024-09-20 12:15:00,270.5,270.77,270.4,270.61,438234
10957,2024-09-20 12:45:00,270.61,271.5,270.58,271.12,408047
10958,2024-09-20 13:15:00,271.12,271.5,268.75,268.97,561114
10959,2024-09-20 13:45:00,268.97,270.78,268.81,269.96,105285
10960,2024-09-20 14:15:00,269.96,270.9,269.58,269.99,186337
10961,2024-09-20 14:45:00,270.27,271.65,270.01,271.22,26847
10962,2024-09-20 15:15:00,271.25,271.75,271.12,271.36,18382
10963,2024-09-23 09:15:00,272.23,272.87,272.0,272.5,355929
10964,2024-09-23 09:45:00,272.5,273.0,272.47,272.47,223631
10965,2024-09-23 10:15:00,272.5,272.5,272.35,272.5,15558
10966,2024-09-23 10:45:00,272.5,272.5,272.35,272.35,5016
10967,2024-09-23 11:15:00,272.49,272.5,272.21,272.5,15703
10968,2024-09-23 11:45:00,272.5,272.5,272.21,272.49,7891
10969,2024-09-23 12:15:00,272.49,272.5,272.27,272.3,5700
10970,2024-09-23 12:45:00,272.3,272.45,272.26,272.45,106661
10971,2024-09-23 13:15:00,272.45,272.55,272.31,272.5,580879
10972,2024-09-23 13:45:00,272.5,272.79,272.45,272.54,368743
10973,2024-09-23 14:15:00,272.75,273.19,272.54,272.76,391805
10974,2024-09-23 14:45:00,272.77,273.15,272.76,272.94,479842
10975,2024-09-23 15:15:00,272.94,272.98,272.78,272.93,45537
10976,2024-09-24 09:15:00,272.42,273.27,272.42,273.22,28766
10977,2024-09-24 09:45:00,273.22,273.58,273.11,273.56,152754
10978,2024-09-24 10:15:00,273.56,273.58,273.34,273.58,28022
10979,2024-09-24 10:45:00,273.58,273.58,273.17,273.58,76150
10980,2024-09-24 11:15:00,273.58,273.58,273.13,273.14,12446
10981,2024-09-24 11:45:00,273.14,273.35,273.11,273.35,13138
10982,2024-09-24 12:15:00,273.35,273.35,273.2,273.34,19322
10983,2024-09-24 12:45:00,273.34,273.35,273.2,273.35,9425
10984,2024-09-24 13:15:00,273.35,273.42,273.3,273.42,66972
10985,2024-09-24 13:45:00,273.42,273.66,273.34,273.66,78795
10986,2024-09-24 14:15:00,273.66,273.66,273.35,273.66,28364
10987,2024-09-24 14:45:00,273.66,273.75,273.22,273.4,58167
10988,2024-09-24 15:15:00,273.4,273.7,273.25,273.4,13505
10989,2024-09-25 09:15:00,273.36,273.5,273.0,273.25,18820
10990,2024-09-25 09:45:00,273.5,273.72,273.14,273.15,22891
10991,2024-09-25 10:15:00,273.28,273.43,273.13,273.36,6948
10992,2024-09-25 10:45:00,273.36,273.42,273.0,273.0,9877
10993,2024-09-25 11:15:00,273.31,273.56,273.08,273.09,11763
10994,2024-09-25 11:45:00,273.38,273.46,273.0,273.29,16153
10995,2024-09-25 12:15:00,273.29,273.35,273.0,273.29,6496
10996,2024-09-25 12:45:00,273.29,273.3,273.08,273.25,6209
10997,2024-09-25 13:15:00,273.26,273.66,273.09,273.33,64631
10998,2024-09-25 13:45:00,273.56,274.0,273.25,273.96,18795
10999,2024-09-25 14:15:00,273.94,273.98,273.44,273.81,8785
11000,2024-09-25 14:45:00,273.89,274.26,273.57,274.2,30012
11001,2024-09-25 15:15:00,274.2,274.21,273.96,273.96,14945
11002,2024-09-26 09:15:00,274.0,274.6,273.92,274.39,31800
11003,2024-09-26 09:45:00,274.37,274.74,274.13,274.7,17965
11004,2024-09-26 10:15:00,274.7,274.79,274.33,274.7,10797
11005,2024-09-26 10:45:00,274.68,274.72,274.19,274.5,116399
11006,2024-09-26 11:15:00,274.5,275.4,274.3,274.71,73657
11007,2024-09-26 11:45:00,274.71,275.0,274.51,274.89,18231
11008,2024-09-26 12:15:00,274.89,275.0,274.61,274.85,6060
11009,2024-09-26 12:45:00,274.85,274.93,274.45,274.7,12591
11010,2024-09-26 13:15:00,274.7,274.89,274.48,274.79,8626
11011,2024-09-26 13:45:00,274.79,274.84,274.26,274.44,6032
11012,2024-09-26 14:15:00,274.44,275.76,274.44,275.47,9051
11013,2024-09-26 14:45:00,275.47,276.25,275.34,275.62,265857
11014,2024-09-26 15:15:00,275.4,275.79,275.29,275.56,1755331
11015,2024-09-27 09:15:00,275.57,276.58,275.57,276.55,28097
11016,2024-09-27 09:45:00,276.55,276.96,276.08,276.72,19856
11017,2024-09-27 10:15:00,276.52,276.85,276.17,276.6,18947
11018,2024-09-27 10:45:00,276.6,276.87,276.31,276.66,10612
11019,2024-09-27 11:15:00,276.66,276.66,276.01,276.55,8327
11020,2024-09-27 11:45:00,276.55,276.55,276.16,276.55,4508
11021,2024-09-27 12:15:00,276.55,276.68,276.13,276.34,17233
11022,2024-09-27 12:45:00,276.34,276.67,275.92,275.99,11184
11023,2024-09-27 13:15:00,275.99,276.19,275.7,276.0,10595
11024,2024-09-27 13:45:00,276.0,276.62,276.0,276.0,21888
11025,2024-09-27 14:15:00,276.0,276.5,275.94,276.34,17947
11026,2024-09-27 14:45:00,276.34,276.47,275.69,275.9,16861
11027,2024-09-27 15:15:00,276.1,276.23,275.88,276.11,15211
11028,2024-09-30 09:15:00,275.9,276.6,273.66,274.5,65496
11029,2024-09-30 09:45:00,274.54,274.54,273.76,274.17,42221
11030,2024-09-30 10:15:00,274.1,274.35,273.81,273.99,25127
11031,2024-09-30 10:45:00,273.99,274.19,273.6,273.8,52328
11032,2024-09-30 11:15:00,273.79,273.89,273.3,273.43,30835
11033,2024-09-30 11:45:00,273.43,273.66,273.3,273.47,27740
11034,2024-09-30 12:15:00,273.46,273.58,273.1,273.45,38339
11035,2024-09-30 12:45:00,273.45,273.58,273.11,273.23,24164
11036,2024-09-30 13:15:00,273.24,273.24,272.49,273.04,60205
11037,2024-09-30 13:45:00,273.07,273.2,272.7,272.76,51777
11038,2024-09-30 14:15:00,272.7,272.82,272.25,272.5,68075
11039,2024-09-30 14:45:00,272.5,273.0,272.35,272.58,47738
11040,2024-09-30 15:15:00,272.58,272.67,272.3,272.56,61993
11041,2024-10-01 09:15:00,273.1,273.58,272.5,273.12,70315
11042,2024-10-01 09:45:00,273.12,273.22,272.6,272.72,18113
11043,2024-10-01 10:15:00,272.72,272.75,271.67,271.98,37970
11044,2024-10-01 10:45:00,271.98,272.35,271.52,271.9,108785
11045,2024-10-01 11:15:00,271.9,272.3,271.79,272.1,16511
11046,2024-10-01 11:45:00,272.34,272.82,272.25,272.72,28375
11047,2024-10-01 12:15:00,272.72,272.85,272.04,272.12,23698
11048,2024-10-01 12:45:00,272.15,272.38,271.85,272.38,9110
11049,2024-10-01 13:15:00,272.38,272.67,272.03,272.49,4143
11050,2024-10-01 13:45:00,272.49,272.5,272.22,272.43,8447
11051,2024-10-01 14:15:00,272.43,272.48,271.92,272.0,19303
11052,2024-10-01 14:45:00,272.0,272.63,271.82,272.34,27718
11053,2024-10-01 15:15:00,272.34,272.7,272.12,272.44,12799
11054,2024-10-03 09:15:00,270.95,271.74,269.53,270.7,76115
11055,2024-10-03 09:45:00,270.67,270.76,269.6,269.68,73152
11056,2024-10-03 10:15:00,269.71,269.88,269.46,269.61,93915
11057,2024-10-03 10:45:00,269.61,269.61,269.1,269.35,36029
11058,2024-10-03 11:15:00,269.35,269.35,268.3,268.4,70475
11059,2024-10-03 11:45:00,268.4,268.56,268.2,268.28,54283
11060,2024-10-03 12:15:00,268.28,268.51,268.0,268.32,58687
11061,2024-10-03 12:45:00,268.3,268.5,267.85,268.43,81673
11062,2024-10-03 13:15:00,268.41,268.96,267.2,267.24,89256
11063,2024-10-03 13:45:00,267.2,268.3,266.64,268.05,212671
11064,2024-10-03 14:15:00,268.05,269.5,267.5,268.9,92165
11065,2024-10-03 14:45:00,269.0,270.0,266.8,266.95,191117
11066,2024-10-03 15:15:00,266.95,267.52,266.82,266.92,90595
11067,2024-10-04 09:15:00,267.49,268.75,265.01,266.0,115073
11068,2024-10-04 09:45:00,266.11,267.17,265.79,266.29,65747
11069,2024-10-04 10:15:00,266.34,266.96,265.95,266.96,47699
11070,2024-10-04 10:45:00,266.96,267.94,266.96,267.58,25278
11071,2024-10-04 11:15:00,267.58,267.7,267.0,267.53,19420
11072,2024-10-04 11:45:00,267.52,268.8,267.18,268.8,14265
11073,2024-10-04 12:15:00,268.8,268.95,266.1,266.2,36559
11074,2024-10-04 12:45:00,266.35,266.85,264.69,265.2,48799
11075,2024-10-04 13:15:00,265.2,265.39,264.36,264.6,77030
11076,2024-10-04 13:45:00,264.6,265.06,264.36,264.75,39165
11077,2024-10-04 14:15:00,264.5,265.87,264.0,264.4,62204
11078,2024-10-04 14:45:00,264.4,266.0,264.2,265.89,353486
11079,2024-10-04 15:15:00,266.09,269.93,265.52,265.52,29986
11080,2024-10-07 09:15:00,265.55,266.49,264.5,264.89,151075
11081,2024-10-07 09:45:00,264.84,265.0,264.1,264.7,38935
11082,2024-10-07 10:15:00,264.73,264.88,263.63,263.85,51905
11083,2024-10-07 10:45:00,263.91,263.91,262.0,263.16,79830
11084,2024-10-07 11:15:00,263.16,264.06,262.84,263.61,50428
11085,2024-10-07 11:45:00,263.62,263.83,262.97,263.36,318754
11086,2024-10-07 12:15:00,263.33,263.56,262.75,262.86,55321
11087,2024-10-07 12:45:00,262.86,262.86,261.67,261.9,185734
11088,2024-10-07 13:15:00,261.96,262.3,260.95,261.37,42507
11089,2024-10-07 13:45:00,261.37,262.5,261.0,261.76,39837
11090,2024-10-07 14:15:00,261.7,262.24,261.25,262.24,35405
11091,2024-10-07 14:45:00,262.33,265.0,261.92,264.78,41965
11092,2024-10-07 15:15:00,264.78,266.0,263.5,264.58,35073
11093,2024-10-08 09:15:00,262.74,262.81,261.5,262.04,107540
11094,2024-10-08 09:45:00,262.06,262.92,262.0,262.31,74232
11095,2024-10-08 10:15:00,262.26,263.44,262.1,263.26,26827
11096,2024-10-08 10:45:00,263.26,263.65,262.8,263.3,29297
11097,2024-10-08 11:15:00,263.3,263.95,263.2,263.65,38365
11098,2024-10-08 11:45:00,263.68,263.78,262.85,263.35,22637
11099,2024-10-08 12:15:00,263.35,263.51,263.0,263.11,20571
11100,2024-10-08 12:45:00,263.11,263.76,262.7,263.75,24508
11101,2024-10-08 13:15:00,263.75,264.2,263.3,264.03,235894
11102,2024-10-08 13:45:00,264.03,264.49,264.0,264.43,28143
11103,2024-10-08 14:15:00,264.43,264.5,263.67,263.72,82460
11104,2024-10-08 14:45:00,263.72,264.26,263.1,264.1,29998
11105,2024-10-08 15:15:00,264.1,264.46,263.74,263.97,27721
11106,2024-10-09 09:15:00,264.6,265.23,264.13,264.62,59463
11107,2024-10-09 09:45:00,264.62,265.92,264.35,265.86,20115
11108,2024-10-09 10:15:00,265.88,266.0,265.2,265.9,15631
11109,2024-10-09 10:45:00,265.9,266.25,265.72,266.25,13478
11110,2024-10-09 11:15:00,266.25,266.49,265.84,265.84,25589
11111,2024-10-09 11:45:00,265.84,265.91,265.0,265.33,8931
11112,2024-10-09 12:15:00,265.33,265.7,265.03,265.36,31819
11113,2024-10-09 12:45:00,265.36,265.7,265.0,265.19,12076
11114,2024-10-09 13:15:00,265.19,265.34,264.7,265.03,9970
11115,2024-10-09 13:45:00,264.95,265.43,264.95,265.13,4698
11116,2024-10-09 14:15:00,265.13,265.13,264.38,264.42,8706
11117,2024-10-09 14:45:00,264.42,264.69,263.4,263.59,28688
11118,2024-10-09 15:15:00,263.6,264.48,263.51,263.83,13713
11119,2024-10-10 09:15:00,264.64,264.79,264.0,264.31,16183
11120,2024-10-10 09:45:00,264.31,265.44,264.0,265.26,14030
11121,2024-10-10 10:15:00,265.31,265.49,264.31,264.63,11928
11122,2024-10-10 10:45:00,264.63,264.89,264.25,264.35,11239
11123,2024-10-10 11:15:00,264.35,264.49,264.0,264.18,390848
11124,2024-10-10 11:45:00,264.18,264.62,264.1,264.45,14534
11125,2024-10-10 12:15:00,264.45,264.62,264.2,264.36,8293
11126,2024-10-10 12:45:00,264.36,264.42,263.88,264.38,10176
11127,2024-10-10 13:15:00,264.38,264.57,264.01,264.03,2765
11128,2024-10-10 13:45:00,264.03,264.39,264.02,264.36,12289
11129,2024-10-10 14:15:00,264.36,264.48,264.02,264.04,6774
11130,2024-10-10 14:45:00,264.17,264.17,263.8,264.08,13720
11131,2024-10-10 15:15:00,264.0,264.32,263.8,264.06,12330
11132,2024-10-11 09:15:00,264.49,264.49,263.5,263.61,15360
11133,2024-10-11 09:45:00,263.61,264.37,263.61,264.3,8370
11134,2024-10-11 10:15:00,264.3,264.31,263.5,263.84,8304
11135,2024-10-11 10:45:00,263.39,263.79,263.15,263.45,15779
11136,2024-10-11 11:15:00,263.45,263.46,262.9,263.1,45664
11137,2024-10-11 11:45:00,263.15,263.47,263.0,263.24,36852
11138,2024-10-11 12:15:00,263.24,263.64,263.13,263.58,68508
11139,2024-10-11 12:45:00,263.58,263.75,263.32,263.67,225826
11140,2024-10-11 13:15:00,263.67,263.88,263.51,263.6,6989
11141,2024-10-11 13:45:00,263.59,263.82,263.5,263.61,17020
11142,2024-10-11 14:15:00,263.61,263.77,263.32,263.66,10381
11143,2024-10-11 14:45:00,263.66,263.78,263.33,263.66,56132
11144,2024-10-11 15:15:00,263.67,263.83,263.37,263.66,10347
11145,2024-10-14 09:15:00,264.7,264.97,264.0,264.66,29602
11146,2024-10-14 09:45:00,264.66,265.33,264.66,264.98,12868
11147,2024-10-14 10:15:00,264.98,265.2,264.8,264.88,35263
11148,2024-10-14 10:45:00,264.88,265.09,264.75,265.09,15246
11149,2024-10-14 11:15:00,265.09,265.39,265.0,265.38,23896
11150,2024-10-14 11:45:00,265.37,265.63,265.18,265.37,22524
11151,2024-10-14 12:15:00,265.37,265.61,265.01,265.38,13587
11152,2024-10-14 12:45:00,265.38,265.46,265.0,265.13,6148
11153,2024-10-14 13:15:00,265.12,265.33,265.0,265.21,10384
11154,2024-10-14 13:45:00,265.21,265.37,265.06,265.13,9727
11155,2024-10-14 14:15:00,265.13,265.49,265.13,265.35,18928
11156,2024-10-14 14:45:00,265.35,265.44,265.11,265.2,16583
11157,2024-10-14 15:15:00,265.2,265.48,265.05,265.38,81540
11158,2024-10-15 09:15:00,265.5,265.97,265.5,265.61,25720
11159,2024-10-15 09:45:00,265.79,265.79,264.11,264.64,57703
11160,2024-10-15 10:15:00,264.64,265.0,264.11,264.94,18952
11161,2024-10-15 10:45:00,264.94,265.0,264.5,264.77,7864
11162,2024-10-15 11:15:00,264.81,264.82,264.22,264.48,17398
11163,2024-10-15 11:45:00,264.48,264.96,264.4,264.8,4503
11164,2024-10-15 12:15:00,264.8,264.8,264.02,264.3,143386
11165,2024-10-15 12:45:00,264.3,264.55,263.67,264.05,59263
11166,2024-10-15 13:15:00,264.05,264.37,263.72,264.34,205841
11167,2024-10-15 13:45:00,264.34,264.41,263.78,263.98,71628
11168,2024-10-15 14:15:00,263.98,264.32,263.8,264.04,106675
11169,2024-10-15 14:45:00,264.09,264.4,263.9,264.3,15479
11170,2024-10-15 15:15:00,264.3,264.5,264.01,264.31,18976
11171,2024-10-16 09:15:00,264.25,264.73,263.51,264.39,12361
11172,2024-10-16 09:45:00,264.39,264.86,264.39,264.67,17188
11173,2024-10-16 10:15:00,264.67,264.8,264.07,264.28,19265
11174,2024-10-16 10:45:00,264.28,264.28,263.9,264.1,6937
11175,2024-10-16 11:15:00,264.1,264.1,263.2,263.3,32252
11176,2024-10-16 11:45:00,263.3,263.5,263.0,263.5,9819
11177,2024-10-16 12:15:00,263.5,263.69,263.2,263.5,13683
11178,2024-10-16 12:45:00,263.5,263.83,263.4,263.83,4894
11179,2024-10-16 13:15:00,263.83,263.83,263.21,263.6,24585
11180,2024-10-16 13:45:00,263.6,264.2,263.39,263.98,4336
11181,2024-10-16 14:15:00,263.98,264.5,263.98,264.09,60011
11182,2024-10-16 14:45:00,264.09,264.15,263.1,263.36,273807
11183,2024-10-16 15:15:00,263.37,263.37,263.07,263.09,11910
11184,2024-10-17 09:15:00,263.95,263.95,262.05,262.24,31154
11185,2024-10-17 09:45:00,262.24,262.27,261.75,262.14,26742
11186,2024-10-17 10:15:00,262.14,262.36,261.74,262.36,19803
11187,2024-10-17 10:45:00,262.36,262.36,261.65,261.74,17541
11188,2024-10-17 11:15:00,261.72,261.94,261.51,261.7,18978
11189,2024-10-17 11:45:00,261.7,261.85,261.52,261.7,13249
11190,2024-10-17 12:15:00,261.69,261.82,261.6,261.6,14747
11191,2024-10-17 12:45:00,261.58,261.83,261.12,261.73,88534
11192,2024-10-17 13:15:00,261.73,261.73,261.42,261.49,15826
11193,2024-10-17 13:45:00,261.49,261.55,261.11,261.25,37042
11194,2024-10-17 14:15:00,261.25,261.59,261.02,261.24,239781
11195,2024-10-17 14:45:00,261.23,261.49,261.1,261.46,25669
11196,2024-10-17 15:15:00,261.47,261.55,261.02,261.36,31726
11197,2024-10-18 09:15:00,261.29,261.29,259.2,260.24,158944
11198,2024-10-18 09:45:00,260.24,260.95,260.0,260.63,26250
11199,2024-10-18 10:15:00,260.63,261.36,260.36,261.23,27496
11200,2024-10-18 10:45:00,261.23,261.48,260.8,261.13,10128
11201,2024-10-18 11:15:00,261.13,261.86,260.69,261.67,18719
11202,2024-10-18 11:45:00,261.59,262.07,261.5,261.85,5962
11203,2024-10-18 12:15:00,261.85,262.62,261.66,262.33,8990
11204,2024-10-18 12:45:00,262.33,262.55,261.8,262.09,13196
11205,2024-10-18 13:15:00,262.09,262.65,262.0,262.6,14234
11206,2024-10-18 13:45:00,262.6,262.78,262.26,262.47,245864
11207,2024-10-18 14:15:00,262.47,262.8,262.46,262.5,34046
11208,2024-10-18 14:45:00,262.64,262.8,262.26,262.27,25958
11209,2024-10-18 15:15:00,262.39,262.72,262.28,262.64,66736
11210,2024-10-21 09:15:00,263.03,263.37,260.97,261.01,43647
11211,2024-10-21 09:45:00,261.1,262.3,260.04,261.82,178579
11212,2024-10-21 10:15:00,261.82,262.17,261.51,262.14,28561
11213,2024-10-21 10:45:00,262.14,262.26,261.75,262.01,15850
11214,2024-10-21 11:15:00,262.01,262.09,261.35,261.6,9953
11215,2024-10-21 11:45:00,261.6,261.64,260.9,261.12,38590
11216,2024-10-21 12:15:00,261.1,261.55,261.0,261.54,9197
11217,2024-10-21 12:45:00,261.54,261.54,261.06,261.49,17224
11218,2024-10-21 13:15:00,261.49,261.79,261.23,261.55,9697
11219,2024-10-21 13:45:00,261.72,262.61,261.5,262.01,20287
11220,2024-10-21 14:15:00,262.21,262.62,262.0,262.1,9108
11221,2024-10-21 14:45:00,262.1,262.14,261.5,261.82,106400
11222,2024-10-21 15:15:00,261.81,262.0,261.39,261.77,693148
11223,2024-10-22 09:15:00,262.26,262.26,261.69,262.14,21417
11224,2024-10-22 09:45:00,262.14,262.83,261.45,261.45,35569
11225,2024-10-22 10:15:00,261.45,261.5,260.26,260.68,42554
11226,2024-10-22 10:45:00,260.67,261.3,260.5,261.21,13532
11227,2024-10-22 11:15:00,261.0,261.28,260.27,260.27,36977
11228,2024-10-22 11:45:00,260.27,260.82,260.01,260.5,41069
11229,2024-10-22 12:15:00,260.45,260.84,260.0,260.21,22087
11230,2024-10-22 12:45:00,260.1,260.25,259.64,260.0,48223
11231,2024-10-22 13:15:00,260.0,260.05,259.24,259.47,245823
11232,2024-10-22 13:45:00,259.47,260.07,259.3,260.06,27869
11233,2024-10-22 14:15:00,260.08,260.08,258.98,259.36,125907
11234,2024-10-22 14:45:00,259.35,259.42,258.2,258.27,225225
11235,2024-10-22 15:15:00,258.27,258.68,258.27,258.49,134816
11236,2024-10-23 09:15:00,259.11,259.11,257.56,257.9,80370
11237,2024-10-23 09:45:00,257.76,259.18,257.76,259.01,182354
11238,2024-10-23 10:15:00,259.01,259.36,258.3,258.74,76170
11239,2024-10-23 10:45:00,258.74,259.81,258.58,259.43,112768
11240,2024-10-23 11:15:00,259.43,259.83,259.25,259.76,79253
11241,2024-10-23 11:45:00,259.7,259.89,259.12,259.12,8626
11242,2024-10-23 12:15:00,259.2,259.55,258.8,259.3,14325
11243,2024-10-23 12:45:00,259.3,259.66,259.12,259.28,20631
11244,2024-10-23 13:15:00,259.28,259.45,259.0,259.23,60355
11245,2024-10-23 13:45:00,259.23,259.32,258.51,258.51,69272
11246,2024-10-23 14:15:00,258.56,258.59,258.0,258.1,87772
11247,2024-10-23 14:45:00,258.1,258.48,258.05,258.18,267954
11248,2024-10-23 15:15:00,258.1,258.63,258.0,258.2,44033
11249,2024-10-24 09:15:00,257.67,259.04,257.0,257.31,36902
11250,2024-10-24 09:45:00,257.31,258.33,257.0,258.27,34124
11251,2024-10-24 10:15:00,258.27,258.33,257.72,258.08,19317
11252,2024-10-24 10:45:00,258.08,258.13,257.5,257.75,51063
11253,2024-10-24 11:15:00,257.75,257.75,257.49,257.74,225094
11254,2024-10-24 11:45:00,257.75,257.9,257.5,257.5,9357
11255,2024-10-24 12:15:00,257.5,257.78,257.34,257.6,203858
11256,2024-10-24 12:45:00,257.38,257.64,257.38,257.5,9079
11257,2024-10-24 13:15:00,257.6,257.6,257.42,257.5,8624
11258,2024-10-24 13:45:00,257.55,257.62,257.25,257.38,63098
11259,2024-10-24 14:15:00,257.48,257.48,257.13,257.2,396824
11260,2024-10-24 14:45:00,257.2,257.56,257.19,257.27,227773
11261,2024-10-24 15:15:00,257.27,257.5,257.11,257.15,372956
11262,2024-10-25 09:15:00,257.99,257.99,256.11,256.4,30482
11263,2024-10-25 09:45:00,256.39,256.5,255.31,255.64,36631
11264,2024-10-25 10:15:00,255.62,255.69,254.93,254.97,231252
11265,2024-10-25 10:45:00,254.98,255.22,254.55,255.05,101657
11266,2024-10-25 11:15:00,255.12,255.56,254.7,255.16,42159
11267,2024-10-25 11:45:00,255.14,255.31,254.7,254.74,26558
11268,2024-10-25 12:15:00,254.78,255.07,254.42,254.78,98364
11269,2024-10-25 12:45:00,254.78,254.97,254.6,254.92,314697
11270,2024-10-25 13:15:00,254.92,254.92,254.4,254.6,80118
11271,2024-10-25 13:45:00,254.6,254.91,254.5,254.6,56964
11272,2024-10-25 14:15:00,254.6,254.66,254.25,254.5,32918
11273,2024-10-25 14:45:00,254.56,255.73,254.44,255.71,51506
11274,2024-10-25 15:15:00,255.71,256.0,255.5,255.58,31223
11275,2024-10-28 09:15:00,256.52,256.52,255.5,255.52,40860
11276,2024-10-28 09:45:00,255.52,256.76,255.25,256.69,19658
11277,2024-10-28 10:15:00,256.74,257.95,256.54,257.69,164806
11278,2024-10-28 10:45:00,257.69,257.95,257.22,257.4,20632
11279,2024-10-28 11:15:00,257.64,258.0,257.43,258.0,7317
11280,2024-10-28 11:45:00,258.0,258.65,257.64,258.65,88675
11281,2024-10-28 12:15:00,258.65,258.7,258.15,258.31,34515
11282,2024-10-28 12:45:00,258.31,258.31,257.64,258.03,14018
11283,2024-10-28 13:15:00,258.03,258.39,257.8,257.98,4538
11284,2024-10-28 13:45:00,257.98,258.15,257.3,257.61,16322
11285,2024-10-28 14:15:00,257.61,257.99,257.33,257.78,120267
11286,2024-10-28 14:45:00,257.78,257.86,256.62,257.21,33499
11287,2024-10-28 15:15:00,257.2,258.35,257.0,257.14,120678
11288,2024-10-29 09:15:00,257.8,257.8,255.84,256.15,34585
11289,2024-10-29 09:45:00,256.06,256.25,255.46,256.13,32539
11290,2024-10-29 10:15:00,256.13,256.29,255.5,255.58,18139
11291,2024-10-29 10:45:00,255.58,255.85,255.21,255.8,135568
11292,2024-10-29 11:15:00,255.8,256.23,255.6,256.23,8386
11293,2024-10-29 11:45:00,256.23,256.75,256.0,256.62,9321
11294,2024-10-29 12:15:00,256.62,257.0,256.52,256.85,7699
11295,2024-10-29 12:45:00,256.85,257.31,256.61,257.14,7619
11296,2024-10-29 13:15:00,257.15,257.15,256.6,256.9,7600
11297,2024-10-29 13:45:00,256.9,258.05,256.52,258.0,19883
11298,2024-10-29 14:15:00,258.0,258.4,257.56,258.21,13537
11299,2024-10-29 14:45:00,258.15,258.74,258.03,258.7,19276
11300,2024-10-29 15:15:00,258.7,258.8,258.13,258.49,12772
11301,2024-10-30 09:15:00,258.25,258.25,257.4,258.06,22721
11302,2024-10-30 09:45:00,258.06,258.15,257.56,258.1,33392
11303,2024-10-30 10:15:00,258.1,258.24,257.7,258.01,16194
11304,2024-10-30 10:45:00,258.01,258.35,257.91,258.35,64231
11305,2024-10-30 11:15:00,258.35,258.59,258.14,258.5,19927
11306,2024-10-30 11:45:00,258.5,258.5,258.0,258.35,14140
11307,2024-10-30 12:15:00,258.35,258.53,258.12,258.49,27110
11308,2024-10-30 12:45:00,258.49,258.82,258.1,258.29,12502
11309,2024-10-30 13:15:00,258.29,258.29,257.4,257.64,31556
11310,2024-10-30 13:45:00,257.64,257.73,257.14,257.16,22464
11311,2024-10-30 14:15:00,257.11,257.6,256.75,257.54,21187
11312,2024-10-30 14:45:00,257.54,257.58,257.0,257.29,27370
11313,2024-10-30 15:15:00,257.29,257.5,257.06,257.32,8451
11314,2024-10-31 09:15:00,257.2,257.2,256.17,256.52,18532
11315,2024-10-31 09:45:00,256.54,256.99,256.54,256.73,6884
11316,2024-10-31 10:15:00,256.73,256.73,256.36,256.54,9767
11317,2024-10-31 10:45:00,256.46,256.53,256.0,256.34,15906
11318,2024-10-31 11:15:00,256.34,256.5,256.25,256.42,8255
11319,2024-10-31 11:45:00,256.42,256.42,256.25,256.32,5424
11320,2024-10-31 12:15:00,256.32,256.32,255.9,255.9,16453
11321,2024-10-31 12:45:00,255.96,256.08,255.8,256.06,13273
11322,2024-10-31 13:15:00,256.06,256.1,255.81,255.96,15952
11323,2024-10-31 13:45:00,255.96,256.28,255.75,255.79,42343
11324,2024-10-31 14:15:00,255.79,256.11,255.51,255.96,18736
11325,2024-10-31 14:45:00,255.96,256.19,255.6,255.91,30467
11326,2024-10-31 15:15:00,255.97,257.0,255.75,255.94,17665
11327,2024-11-01 17:45:00,257.4,260.97,256.1,257.5,58334
11328,2024-11-01 18:15:00,257.7,257.79,256.88,256.97,61003
11329,2024-11-04 09:15:00,257.94,257.94,254.41,254.57,68952
11330,2024-11-04 09:45:00,254.5,254.58,253.27,253.47,196471
11331,2024-11-04 10:15:00,253.49,253.73,252.8,252.99,116063
11332,2024-11-04 10:45:00,252.98,253.18,251.94,252.23,125608
11333,2024-11-04 11:15:00,252.18,252.8,251.9,252.47,301620
11334,2024-11-04 11:45:00,252.44,253.27,252.28,253.15,170746
11335,2024-11-04 12:15:00,253.15,253.36,252.46,252.47,244250
11336,2024-11-04 12:45:00,252.58,253.0,252.33,252.9,183255
11337,2024-11-04 13:15:00,252.91,252.98,252.51,252.7,189925
11338,2024-11-04 13:45:00,252.69,253.34,252.64,253.24,168798
11339,2024-11-04 14:15:00,253.24,253.71,253.01,253.51,35247
11340,2024-11-04 14:45:00,253.51,254.1,253.46,253.98,127602
11341,2024-11-04 15:15:00,253.98,257.0,253.58,254.23,211598
11342,2024-11-05 09:15:00,253.76,254.6,253.25,253.36,41747
11343,2024-11-05 09:45:00,253.36,253.92,253.04,253.36,54298
11344,2024-11-05 10:15:00,253.49,254.56,253.11,253.46,85164
11345,2024-11-05 10:45:00,253.46,253.79,253.3,253.62,32096
11346,2024-11-05 11:15:00,253.62,253.67,252.3,252.35,283254
11347,2024-11-05 11:45:00,252.35,252.71,252.15,252.42,48844
11348,2024-11-05 12:15:00,252.46,252.88,252.2,252.82,37007
11349,2024-11-05 12:45:00,252.74,253.14,252.6,252.94,28744
11350,2024-11-05 13:15:00,252.94,254.73,252.65,254.45,22315
11351,2024-11-05 13:45:00,254.47,255.43,254.47,255.3,18841
11352,2024-11-05 14:15:00,255.3,255.95,255.19,255.65,26353
11353,2024-11-05 14:45:00,255.65,256.0,255.51,255.76,44699
11354,2024-11-05 15:15:00,255.76,255.8,255.54,255.8,28768
11355,2024-11-06 09:15:00,255.83,257.49,255.83,257.4,41678
11356,2024-11-06 09:45:00,257.4,258.21,257.31,257.87,19495
11357,2024-11-06 10:15:00,257.85,257.95,256.63,256.74,74785
11358,2024-11-06 10:45:00,256.74,257.25,256.74,257.25,146509
11359,2024-11-06 11:15:00,257.25,257.5,257.02,257.45,31884
11360,2024-11-06 11:45:00,257.45,258.2,257.31,258.1,10078
11361,2024-11-06 12:15:00,258.1,258.2,257.66,258.0,9343
11362,2024-11-06 12:45:00,258.06,258.3,257.76,258.2,18098
11363,2024-11-06 13:15:00,258.3,258.8,258.04,258.72,96977
11364,2024-11-06 13:45:00,258.72,259.05,258.42,258.96,23952
11365,2024-11-06 14:15:00,258.96,259.42,258.49,258.77,61110
11366,2024-11-06 14:45:00,258.77,258.98,258.35,258.6,15556
11367,2024-11-06 15:15:00,258.6,259.13,258.51,258.84,10047
11368,2024-11-07 09:15:00,258.58,258.84,257.31,257.69,49483
11369,2024-11-07 09:45:00,257.72,257.8,256.0,256.17,44807
11370,2024-11-07 10:15:00,256.21,256.35,255.74,256.03,26982
11371,2024-11-07 10:45:00,256.03,256.58,255.91,256.34,16342
11372,2024-11-07 11:15:00,256.34,256.34,255.8,256.18,25287
11373,2024-11-07 11:45:00,256.16,256.16,255.82,255.97,23012
11374,2024-11-07 12:15:00,255.95,256.29,255.81,256.22,14216
11375,2024-11-07 12:45:00,256.22,256.37,256.05,256.15,14013
11376,2024-11-07 13:15:00,256.15,256.18,255.76,255.82,37981
11377,2024-11-07 13:45:00,255.79,256.17,255.79,256.14,327411
11378,2024-11-07 14:15:00,256.14,256.15,255.81,255.84,361535
11379,2024-11-07 14:45:00,255.86,256.12,255.75,255.94,263797
11380,2024-11-07 15:15:00,255.94,256.39,255.76,255.96,108215
11381,2024-11-08 09:15:00,257.74,257.95,254.32,255.66,54777
11382,2024-11-08 09:45:00,255.66,256.54,255.3,255.63,17013
11383,2024-11-08 10:15:00,255.93,256.08,255.4,255.65,118184
11384,2024-11-08 10:45:00,255.65,255.65,255.36,255.61,106480
11385,2024-11-08 11:15:00,255.61,255.64,255.09,255.32,105764
11386,2024-11-08 11:45:00,255.32,255.35,254.8,255.1,267139
11387,2024-11-08 12:15:00,255.1,255.39,255.0,255.22,136033
11388,2024-11-08 12:45:00,255.37,255.56,255.2,255.56,174852
11389,2024-11-08 13:15:00,255.56,255.74,255.25,255.44,314575
11390,2024-11-08 13:45:00,255.44,255.56,255.15,255.25,284928
11391,2024-11-08 14:15:00,255.25,255.61,255.1,255.59,282024
11392,2024-11-08 14:45:00,255.59,255.6,255.21,255.44,286399
11393,2024-11-08 15:15:00,255.47,255.47,254.88,255.36,234566
11394,2024-11-11 09:15:00,255.88,255.88,254.02,255.35,43318
11395,2024-11-11 09:45:00,255.34,255.58,255.03,255.09,17753
11396,2024-11-11 10:15:00,255.09,256.5,254.91,256.33,16051
11397,2024-11-11 10:45:00,256.13,256.8,256.09,256.8,24017
11398,2024-11-11 11:15:00,256.8,257.28,256.8,257.28,10271
11399,2024-11-11 11:45:00,257.28,257.29,256.25,256.49,14518
11400,2024-11-11 12:15:00,256.49,256.55,255.97,256.2,10489
11401,2024-11-11 12:45:00,256.2,256.33,256.0,256.14,6254
11402,2024-11-11 13:15:00,256.14,256.19,255.25,255.42,12563
11403,2024-11-11 13:45:00,255.42,255.47,254.9,254.9,23784
11404,2024-11-11 14:15:00,254.9,255.8,254.5,255.78,18962
11405,2024-11-11 14:45:00,255.78,255.85,255.0,255.37,19242
11406,2024-11-11 15:15:00,255.25,256.0,254.97,255.2,12018
11407,2024-11-12 09:15:00,255.03,256.47,255.03,255.43,17451
11408,2024-11-12 09:45:00,255.4,256.1,255.0,255.5,15635
11409,2024-11-12 10:15:00,255.5,255.75,254.81,255.02,29961
11410,2024-11-12 10:45:00,255.02,255.41,254.68,255.26,70880
11411,2024-11-12 11:15:00,255.25,255.46,254.75,255.15,10998
11412,2024-11-12 11:45:00,255.15,255.3,254.87,254.88,9876
11413,2024-11-12 12:15:00,254.88,255.11,254.2,254.25,6028
11414,2024-11-12 12:45:00,254.31,254.32,253.55,253.84,35787
11415,2024-11-12 13:15:00,253.84,253.84,252.9,253.12,561564
11416,2024-11-12 13:45:00,253.12,253.61,252.85,253.25,459708
11417,2024-11-12 14:15:00,253.24,253.71,252.91,253.3,608740
11418,2024-11-12 14:45:00,253.32,254.02,252.5,252.5,962099
11419,2024-11-12 15:15:00,252.53,253.94,252.21,253.05,645207
11420,2024-11-13 09:15:00,252.26,252.69,251.35,251.35,47063
11421,2024-11-13 09:45:00,251.38,251.73,250.88,251.04,276151
11422,2024-11-13 10:15:00,251.06,251.3,250.5,250.7,141850
11423,2024-11-13 10:45:00,250.81,251.59,250.66,250.88,34177
11424,2024-11-13 11:15:00,250.87,250.98,250.51,250.6,25442
11425,2024-11-13 11:45:00,250.51,250.91,250.5,250.57,20821
11426,2024-11-13 12:15:00,250.6,250.9,250.5,250.55,63467
11427,2024-11-13 12:45:00,250.55,250.6,250.02,250.46,47000
11428,2024-11-13 13:15:00,250.48,250.65,250.05,250.65,35201
11429,2024-11-13 13:45:00,250.65,251.07,250.11,250.27,30974
11430,2024-11-13 14:15:00,250.27,250.29,249.18,249.29,239941
11431,2024-11-13 14:45:00,249.2,249.95,248.7,249.08,906331
11432,2024-11-13 15:15:00,249.14,250.38,249.13,249.24,489513
11433,2024-11-14 09:15:00,250.18,251.47,248.76,249.43,72779
11434,2024-11-14 09:45:00,249.4,250.31,249.24,249.85,148115
11435,2024-11-14 10:15:00,249.85,249.85,249.2,249.44,180487
11436,2024-11-14 10:45:00,249.48,249.5,248.51,248.6,28308
11437,2024-11-14 11:15:00,248.52,248.9,248.52,248.79,10892
11438,2024-11-14 11:45:00,248.79,249.29,248.6,249.29,19523
11439,2024-11-14 12:15:00,249.29,249.29,248.7,248.71,56804
11440,2024-11-14 12:45:00,248.71,249.22,248.67,249.2,12930
11441,2024-11-14 13:15:00,249.2,249.35,248.71,248.71,20613
11442,2024-11-14 13:45:00,248.71,249.17,248.67,249.0,8478
11443,2024-11-14 14:15:00,249.0,249.18,248.77,249.0,26113
11444,2024-11-14 14:45:00,249.06,249.09,248.54,248.94,13583
11445,2024-11-14 15:15:00,248.97,249.31,248.86,248.94,21773
11446,2024-11-18 09:15:00,250.0,250.48,247.25,247.25,79401
11447,2024-11-18 09:45:00,247.32,248.51,247.3,248.13,56501
11448,2024-11-18 10:15:00,248.08,248.16,247.22,247.27,43139
11449,2024-11-18 10:45:00,247.27,247.74,247.04,247.37,31318
11450,2024-11-18 11:15:00,247.38,247.89,247.3,247.88,15417
11451,2024-11-18 11:45:00,247.88,248.44,247.63,248.4,33872
11452,2024-11-18 12:15:00,248.43,249.29,248.07,248.9,43506
11453,2024-11-18 12:45:00,248.9,249.2,248.32,248.49,25077
11454,2024-11-18 13:15:00,248.49,248.57,248.0,248.24,18947
11455,2024-11-18 13:45:00,248.24,248.6,248.12,248.47,78659
11456,2024-11-18 14:15:00,248.47,248.47,247.6,247.96,35400
11457,2024-11-18 14:45:00,247.96,248.34,247.83,248.03,32093
11458,2024-11-18 15:15:00,248.03,248.34,248.02,248.13,152166
11459,2024-11-19 09:15:00,248.6,250.59,248.6,250.4,110574
11460,2024-11-19 09:45:00,250.5,250.77,250.02,250.59,37503
11461,2024-11-19 10:15:00,250.59,251.2,250.4,250.83,28164
11462,2024-11-19 10:45:00,250.83,251.0,250.44,250.99,22011
11463,2024-11-19 11:15:00,250.99,251.36,250.91,251.36,14693
11464,2024-11-19 11:45:00,251.36,251.36,250.9,251.14,17128
11465,2024-11-19 12:15:00,251.14,251.33,250.9,250.95,6627
11466,2024-11-19 12:45:00,250.95,251.25,250.9,251.25,11965
11467,2024-11-19 13:15:00,251.25,251.35,251.0,251.24,119666
11468,2024-11-19 13:45:00,251.24,251.37,250.52,250.75,19929
11469,2024-11-19 14:15:00,250.75,250.96,250.5,250.51,116233
11470,2024-11-19 14:45:00,250.51,250.78,248.3,248.3,47012
11471,2024-11-19 15:15:00,248.3,248.76,248.06,248.48,58724
11472,2024-11-21 09:15:00,249.22,249.22,246.2,246.81,86956
11473,2024-11-21 09:45:00,246.79,247.38,246.46,246.94,65937
11474,2024-11-21 10:15:00,246.81,247.34,246.81,247.13,28344
11475,2024-11-21 10:45:00,247.1,247.37,246.9,247.06,37917
11476,2024-11-21 11:15:00,247.06,247.19,246.83,246.9,47773
11477,2024-11-21 11:45:00,246.9,247.24,246.9,247.05,190844
11478,2024-11-21 12:15:00,247.04,247.11,246.94,246.99,25311
11479,2024-11-21 12:45:00,246.99,247.02,246.6,246.95,24809
11480,2024-11-21 13:15:00,246.95,247.16,246.7,246.97,17875
11481,2024-11-21 13:45:00,246.8,247.04,246.72,246.74,19276
11482,2024-11-21 14:15:00,246.7,246.98,246.7,246.71,154605
11483,2024-11-21 14:45:00,246.88,246.89,246.66,246.75,133350
11484,2024-11-21 15:15:00,246.75,247.2,246.66,246.88,31712
11485,2024-11-22 09:15:00,246.88,248.93,246.87,248.08,79937
11486,2024-11-22 09:45:00,248.08,249.5,247.51,249.49,103359
11487,2024-11-22 10:15:00,249.48,249.5,248.64,248.86,9275
11488,2024-11-22 10:45:00,248.86,249.09,248.23,248.96,17944
11489,2024-11-22 11:15:00,248.96,249.24,248.5,249.0,19412
11490,2024-11-22 11:45:00,249.0,250.0,248.93,249.59,10812
11491,2024-11-22 12:15:00,249.59,250.23,249.38,250.22,7519
11492,2024-11-22 12:45:00,250.22,250.63,249.8,250.37,6681
11493,2024-11-22 13:15:00,250.37,250.4,250.01,250.35,10263
11494,2024-11-22 13:45:00,250.3,251.99,250.3,251.66,22798
11495,2024-11-22 14:15:00,251.66,252.24,251.2,251.8,30637
11496,2024-11-22 14:45:00,251.8,252.6,251.8,252.4,47294
11497,2024-11-22 15:15:00,252.34,252.62,251.76,252.25,24237
11498,2024-11-25 09:15:00,256.34,256.63,255.31,256.35,111219
11499,2024-11-25 09:45:00,256.4,256.63,255.7,256.37,41801
11500,2024-11-25 10:15:00,256.34,257.17,256.05,257.17,63612
11501,2024-11-25 10:45:00,257.15,257.28,256.9,256.93,20517
11502,2024-11-25 11:15:00,257.03,257.07,256.51,256.63,28552
11503,2024-11-25 11:45:00,256.63,256.63,256.05,256.53,11295
11504,2024-11-25 12:15:00,256.54,256.86,256.32,256.68,73938
11505,2024-11-25 12:45:00,256.67,256.68,255.1,255.64,24815
11506,2024-11-25 13:15:00,255.64,256.21,255.5,255.56,53328
11507,2024-11-25 13:45:00,255.56,256.05,255.31,255.76,174827
11508,2024-11-25 14:15:00,255.75,256.37,255.73,256.2,83142
11509,2024-11-25 14:45:00,256.32,256.48,255.6,256.18,30497
11510,2024-11-25 15:15:00,256.21,257.0,255.9,256.28,31303
11511,2024-11-26 09:15:00,257.08,257.25,256.2,256.55,41923
11512,2024-11-26 09:45:00,256.55,256.58,255.51,255.89,25711
11513,2024-11-26 10:15:00,255.89,255.89,255.16,255.59,11998
11514,2024-11-26 10:45:00,255.59,255.99,255.37,255.79,12538
11515,2024-11-26 11:15:00,255.79,256.0,255.51,255.71,11275
11516,2024-11-26 11:45:00,255.71,256.18,255.64,255.77,31832
11517,2024-11-26 12:15:00,255.77,255.85,255.12,255.5,13016
11518,2024-11-26 12:45:00,255.56,255.65,255.31,255.52,10510
11519,2024-11-26 13:15:00,255.52,255.69,255.15,255.44,5527
11520,2024-11-26 13:45:00,255.3,255.91,255.27,255.83,9981
11521,2024-11-26 14:15:00,255.79,256.27,255.59,256.23,29760
11522,2024-11-26 14:45:00,256.23,256.3,255.43,255.8,22204
11523,2024-11-26 15:15:00,255.8,255.93,255.5,255.72,4893
11524,2024-11-27 09:15:00,256.28,256.28,255.0,255.26,10642
11525,2024-11-27 09:45:00,255.44,256.19,255.32,255.79,11476
11526,2024-11-27 10:15:00,255.79,255.8,255.6,255.7,8601
11527,2024-11-27 10:45:00,255.7,255.86,255.3,255.84,12510
11528,2024-11-27 11:15:00,255.84,256.06,255.57,256.05,17147
11529,2024-11-27 11:45:00,256.05,256.09,255.34,255.75,15539
11530,2024-11-27 12:15:00,255.88,256.87,255.88,256.87,5244
11531,2024-11-27 12:45:00,256.9,257.0,256.7,256.9,42923
11532,2024-11-27 13:15:00,256.9,257.15,256.69,257.15,7731
11533,2024-11-27 13:45:00,257.15,257.45,256.55,256.63,30833
11534,2024-11-27 14:15:00,256.63,257.09,256.62,256.73,5183
11535,2024-11-27 14:45:00,256.73,256.92,256.5,256.7,11390
11536,2024-11-27 15:15:00,256.7,257.0,256.55,256.68,17141
11537,2024-11-28 09:15:00,257.49,257.49,256.34,256.71,18501
11538,2024-11-28 09:45:00,256.71,257.44,256.57,257.34,25991
11539,2024-11-28 10:15:00,257.31,257.32,254.55,255.18,29273
11540,2024-11-28 10:45:00,255.18,255.25,254.27,254.77,140354
11541,2024-11-28 11:15:00,254.77,254.77,254.25,254.46,117650
11542,2024-11-28 11:45:00,254.5,255.09,254.32,254.45,120339
11543,2024-11-28 12:15:00,254.45,254.85,253.87,254.12,45939
11544,2024-11-28 12:45:00,254.19,254.25,253.5,253.65,118512
11545,2024-11-28 13:15:00,253.62,253.96,253.5,253.68,50479
11546,2024-11-28 13:45:00,253.68,254.5,252.51,253.38,73901
11547,2024-11-28 14:15:00,253.38,253.88,252.78,253.07,67433
11548,2024-11-28 14:45:00,253.09,253.28,252.74,252.95,46038
11549,2024-11-28 15:15:00,252.95,253.57,252.83,253.19,63412
11550,2024-11-29 09:15:00,253.78,254.35,253.1,254.04,34858
11551,2024-11-29 09:45:00,254.04,254.69,253.6,253.66,17479
11552,2024-11-29 10:15:00,253.6,255.1,253.4,254.6,28997
11553,2024-11-29 10:45:00,254.42,255.17,254.42,255.05,26985
11554,2024-11-29 11:15:00,255.05,255.15,254.53,254.56,3570
11555,2024-11-29 11:45:00,254.56,254.97,254.41,254.97,6329
11556,2024-11-29 12:15:00,254.97,255.07,254.75,254.92,7383
11557,2024-11-29 12:45:00,254.92,255.08,254.74,255.0,3865
11558,2024-11-29 13:15:00,255.0,255.45,254.83,255.38,13332
11559,2024-11-29 13:45:00,255.38,255.42,255.0,255.0,27492
11560,2024-11-29 14:15:00,255.0,255.63,254.85,255.57,25184
11561,2024-11-29 14:45:00,255.57,255.61,254.84,254.84,14980
11562,2024-11-29 15:15:00,255.12,255.18,254.74,254.98,12681
11563,2024-12-02 09:15:00,254.18,255.19,253.88,255.11,41392
11564,2024-12-02 09:45:00,255.11,255.28,254.52,255.08,93961
11565,2024-12-02 10:15:00,255.08,255.69,254.7,255.0,175765
11566,2024-12-02 10:45:00,255.06,255.24,254.76,255.2,23625
11567,2024-12-02 11:15:00,255.2,255.48,255.17,255.47,11105
11568,2024-12-02 11:45:00,255.45,255.55,255.06,255.32,24759
11569,2024-12-02 12:15:00,255.32,255.8,255.23,255.64,18078
11570,2024-12-02 12:45:00,255.64,255.77,255.37,255.5,40112
11571,2024-12-02 13:15:00,255.5,255.74,255.26,255.73,13947
11572,2024-12-02 13:45:00,255.73,256.42,255.45,256.35,24587
11573,2024-12-02 14:15:00,256.35,256.75,256.15,256.75,32188
11574,2024-12-02 14:45:00,256.75,256.85,256.2,256.63,36541
11575,2024-12-02 15:15:00,256.63,256.71,256.3,256.6,16695
11576,2024-12-03 09:15:00,256.88,256.98,256.45,256.93,49558
11577,2024-12-03 09:45:00,256.93,257.17,256.63,257.15,18859
11578,2024-12-03 10:15:00,257.15,257.9,257.05,257.85,17847
11579,2024-12-03 10:45:00,257.85,258.09,257.54,257.8,21365
11580,2024-12-03 11:15:00,257.8,258.3,257.67,257.93,21204
11581,2024-12-03 11:45:00,257.93,258.23,257.65,257.99,26333
11582,2024-12-03 12:15:00,257.83,258.07,257.67,258.07,12215
11583,2024-12-03 12:45:00,258.07,258.14,257.93,257.95,9163
11584,2024-12-03 13:15:00,257.95,258.25,257.66,258.15,43778
11585,2024-12-03 13:45:00,258.15,258.3,258.01,258.3,13184
11586,2024-12-03 14:15:00,258.3,258.43,258.02,258.31,24985
11587,2024-12-03 14:45:00,258.31,258.5,258.11,258.17,26865
11588,2024-12-03 15:15:00,258.33,258.33,257.71,258.2,18382
11589,2024-12-04 09:15:00,258.38,259.15,258.2,259.0,48994
11590,2024-12-04 09:45:00,259.0,259.43,258.9,259.11,20750
11591,2024-12-04 10:15:00,259.1,259.26,258.75,259.1,45820
11592,2024-12-04 10:45:00,259.1,259.16,258.74,259.06,14160
11593,2024-12-04 11:15:00,258.95,259.19,258.87,259.05,14967
11594,2024-12-04 11:45:00,259.05,259.17,257.25,258.0,42849
11595,2024-12-04 12:15:00,258.0,258.57,257.95,257.99,30726
11596,2024-12-04 12:45:00,257.99,258.57,257.9,258.52,7569
11597,2024-12-04 13:15:00,258.52,259.0,258.33,258.84,35416
11598,2024-12-04 13:45:00,258.84,259.27,258.63,259.2,13643
11599,2024-12-04 14:15:00,259.2,259.23,258.01,258.57,11796
11600,2024-12-04 14:45:00,258.57,258.66,258.0,258.5,15088
11601,2024-12-04 15:15:00,258.5,258.5,258.36,258.46,14659
11602,2024-12-05 09:15:00,259.1,259.11,258.35,258.53,35058
11603,2024-12-05 09:45:00,258.59,258.65,257.75,257.87,27556
11604,2024-12-05 10:15:00,257.96,258.22,257.61,258.19,16129
11605,2024-12-05 10:45:00,258.19,258.47,257.0,257.68,20958
11606,2024-12-05 11:15:00,257.69,257.69,256.9,257.45,36364
11607,2024-12-05 11:45:00,257.45,259.88,257.13,259.84,20093
11608,2024-12-05 12:15:00,259.8,260.39,259.63,259.88,28005
11609,2024-12-05 12:45:00,259.88,260.09,259.45,260.09,13665
11610,2024-12-05 13:15:00,260.09,260.38,259.5,260.25,16783
11611,2024-12-05 13:45:00,260.25,261.15,260.0,261.06,25968
11612,2024-12-05 14:15:00,261.05,262.05,260.8,261.65,341956
11613,2024-12-05 14:45:00,261.94,261.95,258.87,261.28,197873
11614,2024-12-05 15:15:00,261.28,261.42,260.41,260.41,19635
11615,2024-12-06 09:15:00,260.24,261.36,260.24,261.0,30966
11616,2024-12-06 09:45:00,261.21,261.3,260.09,260.38,24795
11617,2024-12-06 10:15:00,260.38,261.46,260.16,261.35,50478
11618,2024-12-06 10:45:00,261.35,261.5,261.0,261.22,17912
11619,2024-12-06 11:15:00,261.22,261.22,260.69,261.0,40891
11620,2024-12-06 11:45:00,261.0,261.36,260.7,261.28,13898
11621,2024-12-06 12:15:00,261.28,261.4,260.83,261.09,12680
11622,2024-12-06 12:45:00,261.38,261.5,261.09,261.32,12495
11623,2024-12-06 13:15:00,261.32,261.38,260.9,261.14,121166
11624,2024-12-06 13:45:00,261.02,261.21,260.8,261.16,25509
11625,2024-12-06 14:15:00,261.16,261.2,260.8,260.91,21077
11626,2024-12-06 14:45:00,261.06,261.14,260.7,260.95,112198
11627,2024-12-06 15:15:00,260.95,261.09,260.76,260.82,61815
11628,2024-12-09 09:15:00,261.0,261.3,260.14,260.3,34496
11629,2024-12-09 09:45:00,260.3,260.48,259.7,259.89,47081
11630,2024-12-09 10:15:00,259.89,260.42,259.69,260.27,36710
11631,2024-12-09 10:45:00,260.25,260.55,260.16,260.49,21578
11632,2024-12-09 11:15:00,260.45,260.99,260.38,260.89,19067
11633,2024-12-09 11:45:00,260.89,261.0,260.53,260.84,17428
11634,2024-12-09 12:15:00,260.83,260.94,260.0,260.12,38899
11635,2024-12-09 12:45:00,260.28,260.5,260.25,260.5,12449
11636,2024-12-09 13:15:00,260.49,260.5,260.25,260.5,10201
11637,2024-12-09 13:45:00,260.5,260.5,260.1,260.32,17485
11638,2024-12-09 14:15:00,260.3,260.39,260.14,260.34,11362
11639,2024-12-09 14:45:00,260.35,260.5,260.01,260.2,17363
11640,2024-12-09 15:15:00,260.2,260.36,259.86,260.14,15239
11641,2024-12-10 09:15:00,260.5,260.88,259.95,260.57,21422
11642,2024-12-10 09:45:00,260.57,260.99,260.3,260.74,16099
11643,2024-12-10 10:15:00,260.77,260.86,260.14,260.43,12628
11644,2024-12-10 10:45:00,260.44,260.69,260.17,260.46,17119
11645,2024-12-10 11:15:00,260.69,260.8,260.45,260.75,14029
11646,2024-12-10 11:45:00,260.75,260.78,260.31,260.43,10331
11647,2024-12-10 12:15:00,260.43,260.43,259.43,259.69,15607
11648,2024-12-10 12:45:00,259.67,259.89,259.51,259.7,14052
11649,2024-12-10 13:15:00,259.7,259.86,259.45,259.49,157771
11650,2024-12-10 13:45:00,259.49,259.63,259.21,259.56,9161
11651,2024-12-10 14:15:00,259.56,259.64,259.06,259.59,12839
11652,2024-12-10 14:45:00,259.59,260.22,259.55,260.15,18012
11653,2024-12-10 15:15:00,260.15,260.3,259.62,260.08,8046
11654,2024-12-11 09:15:00,260.59,260.59,259.84,260.0,33933
11655,2024-12-11 09:45:00,260.0,260.24,259.6,260.09,17799
11656,2024-12-11 10:15:00,260.09,260.55,259.81,260.55,13304
11657,2024-12-11 10:45:00,260.55,260.64,260.3,260.48,9925
11658,2024-12-11 11:15:00,260.48,260.94,260.3,260.74,25283
11659,2024-12-11 11:45:00,260.88,260.9,260.4,260.82,18376
11660,2024-12-11 12:15:00,260.82,260.85,260.26,260.53,46951
11661,2024-12-11 12:45:00,260.51,260.77,260.14,260.74,9026
11662,2024-12-11 13:15:00,260.74,260.77,260.28,260.62,12049
11663,2024-12-11 13:45:00,260.61,260.79,260.33,260.45,47488
11664,2024-12-11 14:15:00,260.69,260.72,260.31,260.59,8529
11665,2024-12-11 14:45:00,260.53,260.53,260.1,260.45,40596
11666,2024-12-11 15:15:00,260.45,260.45,260.0,260.34,7343
11667,2024-12-12 09:15:00,260.34,260.58,259.92,260.22,26207
11668,2024-12-12 09:45:00,260.29,260.36,259.92,260.01,27161
11669,2024-12-12 10:15:00,260.01,260.19,259.8,260.05,17026
11670,2024-12-12 10:45:00,260.07,260.18,259.65,260.0,15734
11671,2024-12-12 11:15:00,260.0,260.03,259.74,260.0,9141
11672,2024-12-12 11:45:00,260.0,260.0,259.28,259.54,20404
11673,2024-12-12 12:15:00,259.45,259.88,259.3,259.88,11504
11674,2024-12-12 12:45:00,259.87,259.91,259.47,259.73,14525
11675,2024-12-12 13:15:00,259.74,259.84,259.3,259.49,23178
11676,2024-12-12 13:45:00,259.5,259.57,259.3,259.57,12209
11677,2024-12-12 14:15:00,259.58,259.77,259.41,259.51,10358
11678,2024-12-12 14:45:00,259.68,259.75,258.94,259.75,29863
11679,2024-12-12 15:15:00,259.75,259.8,259.18,259.62,13688
11680,2024-12-13 09:15:00,259.3,259.59,257.2,257.5,53879
11681,2024-12-13 09:45:00,257.5,257.64,257.15,257.51,128456
11682,2024-12-13 10:15:00,257.51,257.51,255.94,256.35,258982
11683,2024-12-13 10:45:00,256.31,257.29,255.83,256.85,71502
11684,2024-12-13 11:15:00,256.85,257.78,256.5,257.74,33550
11685,2024-12-13 11:45:00,257.74,259.77,257.68,259.24,36995
11686,2024-12-13 12:15:00,259.63,260.0,258.98,259.44,12668
11687,2024-12-13 12:45:00,259.42,260.3,259.0,260.24,15211
11688,2024-12-13 13:15:00,260.25,260.9,259.45,260.7,11393
11689,2024-12-13 13:45:00,260.7,261.0,260.41,260.59,16476
11690,2024-12-13 14:15:00,260.79,261.06,260.58,261.0,34837
11691,2024-12-13 14:45:00,261.0,261.5,260.65,261.45,24593
11692,2024-12-13 15:15:00,261.15,261.41,261.01,261.15,31173
