datetime,close,RSI,RSI_SMA,Signal
2019-12-19 08:15:00,12223.4,,,
2019-12-19 09:15:00,12211.0,,,
2019-12-19 10:15:00,12226.2,,,
2019-12-19 11:15:00,12246.6,,,
2019-12-19 12:15:00,12233.45,,,
2019-12-19 13:15:00,12250.4,,,
2019-12-19 14:15:00,12258.45,,,
2019-12-19 15:15:00,12261.55,,,
2019-12-19 16:15:00,12259.8,,,
2019-12-20 08:15:00,12266.45,,,
2019-12-20 09:15:00,12280.5,,,
2019-12-20 10:15:00,12281.1,,,
2019-12-20 11:15:00,12284.75,,,
2019-12-20 12:15:00,12269.9,67.78,,
2019-12-20 13:15:00,12277.0,69.43,,
2019-12-20 14:15:00,12267.15,70.74,,
2019-12-20 15:15:00,12272.45,68.43,,
2019-12-20 16:15:00,12267.45,59.47,,
2019-12-23 08:15:00,12235.45,50.78,,
2019-12-23 09:15:00,12270.95,56.97,,
2019-12-23 10:15:00,12265.5,52.43,,
2019-12-23 11:15:00,12269.15,52.61,,
2019-12-23 12:15:00,12256.65,48.99,,
2019-12-23 13:15:00,12246.6,43.78,,
2019-12-23 14:15:00,12264.15,44.99,,
2019-12-23 15:15:00,12270.2,46.77,,
2019-12-23 16:15:00,12266.15,44.49,55.54714285714285,
2019-12-24 08:15:00,12269.25,49.79,54.26214285714286,
2019-12-24 09:15:00,12260.25,44.73,52.49785714285714,
2019-12-24 10:15:00,12247.3,43.88,50.57928571428572,
2019-12-24 11:15:00,12249.5,42.79,48.74785714285714,
2019-12-24 12:15:00,12246.65,43.37,47.597857142857144,
2019-12-24 13:15:00,12245.35,53.92,47.82214285714286,
2019-12-24 14:15:00,12211.25,26.08,45.61571428571428,Buy
2019-12-24 15:15:00,12208.7,26.7,43.777857142857144,Hold
2019-12-24 16:15:00,12212.0,26.49,41.912142857142854,Hold
2019-12-26 08:15:00,12211.85,29.49,40.519285714285715,Hold
2019-12-26 09:15:00,12208.55,31.43,39.63714285714286,Hold
2019-12-26 10:15:00,12194.3,14.78,37.47928571428571,Hold
2019-12-26 11:15:00,12189.15,8.75,34.76357142857143,Hold
2019-12-26 12:15:00,12175.6,7.98,32.15571428571429,Hold
2019-12-26 13:15:00,12161.4,4.63,28.93,Hold
2019-12-26 14:15:00,12130.9,3.92,26.014999999999997,Hold
2019-12-26 15:15:00,12125.7,4.15,23.177142857142858,Hold
2019-12-26 16:15:00,12130.9,6.27,20.568571428571428,Hold
2019-12-27 08:15:00,12172.9,28.9,19.535,Hold
2019-12-27 09:15:00,12192.05,36.16,18.26642857142857,Hold
2020-01-01 13:15:00,12182.05,41.34,19.356428571428573,Hold
2020-01-01 14:15:00,12182.3,42.06,20.45357142857143,Hold
2020-01-01 15:15:00,12184.8,41.78,21.545714285714286,Hold
2020-01-01 16:15:00,12189.7,43.49,22.545714285714286,Hold
2020-01-02 08:15:00,12198.55,47.15,23.66857142857143,Hold
2020-01-02 09:15:00,12219.6,56.93,26.679285714285715,Hold
2020-01-02 10:15:00,12228.45,60.55,30.379285714285714,Hold
2020-01-02 11:15:00,12256.05,70.09,34.815714285714286,Sell
2020-01-02 12:15:00,12258.45,75.75,39.895714285714284,Waiting
2020-01-02 13:15:00,12262.7,90.63,46.089285714285715,Waiting
2020-01-02 14:15:00,12283.55,94.38,52.534285714285716,Waiting
2020-01-02 15:15:00,12281.0,92.84,58.71785714285714,Waiting
2020-01-02 16:15:00,12282.95,90.71,63.13285714285714,Waiting
2020-01-03 08:15:00,12261.1,75.05,65.91071428571429,Waiting
2020-01-03 09:15:00,12254.55,76.97,68.45571428571428,Waiting
2020-01-03 10:15:00,12243.45,71.05,70.52642857142857,Waiting
2020-01-03 11:15:00,12222.9,61.67,71.94714285714285,Waiting
2020-01-03 12:15:00,12236.6,63.63,73.38571428571429,Waiting
2020-01-03 13:15:00,12214.55,54.32,73.89785714285713,Waiting
2020-01-03 14:15:00,12226.6,51.99,73.545,Waiting
2020-01-03 15:15:00,12231.6,50.91,72.85642857142857,Waiting
2020-01-03 16:15:00,12223.8,39.44,70.66714285714286,Waiting
2020-01-06 08:15:00,12170.6,28.41,67.28571428571429,Waiting
2020-01-06 09:15:00,12086.8,18.92,62.16357142857142,Buy
2020-01-06 10:15:00,12070.7,11.75,56.26142857142857,Hold
2020-01-06 11:15:00,12022.1,10.08,50.35,Hold
2020-01-06 12:15:00,12019.05,9.45,44.54571428571428,Hold
2020-01-06 13:15:00,11991.4,9.28,39.847857142857144,Hold
2020-01-06 14:15:00,11994.5,10.33,35.08785714285714,Hold
2020-01-06 15:15:00,11994.95,10.82,30.785714285714285,Hold
2020-01-06 16:15:00,11988.1,11.31,27.18857142857143,Hold
2020-01-07 08:15:00,12079.1,29.31,24.737142857142857,Hold
2020-01-07 09:15:00,12130.8,39.8,23.7,Hold
2020-01-07 10:15:00,12063.1,32.46,22.305,Hold
2020-01-07 11:15:00,12078.6,33.95,21.09357142857143,Hold
2020-01-07 12:15:00,12034.0,31.51,20.527142857142856,Hold
2020-01-07 13:15:00,12039.9,35.98,21.067857142857143,Hold
2020-01-07 14:15:00,12055.15,46.02,23.00357142857143,Hold
2020-01-07 15:15:00,12064.4,49.19,25.677857142857142,Hold
2020-01-07 16:15:00,12060.3,55.52,28.923571428571428,Hold
2020-01-08 08:15:00,11939.1,41.39,31.205000000000002,Hold
2020-01-08 09:15:00,11996.05,50.47,34.14714285714286,Hold
2020-01-08 10:15:00,11964.55,47.13,36.77571428571429,Hold
2020-01-08 11:15:00,11959.55,46.64,39.33428571428571,Hold
2020-01-08 12:15:00,11991.1,50.27,42.117142857142866,Hold
2020-01-08 13:15:00,12007.55,42.49,43.05857142857143,Hold
2020-01-08 14:15:00,12023.5,37.83,42.917857142857144,Hold
2020-01-08 15:15:00,12028.6,45.44,43.845000000000006,Hold
2020-01-08 16:15:00,12021.6,42.29,44.440714285714286,Hold
2020-01-09 08:15:00,12153.15,63.04,46.692857142857136,Hold
2020-01-09 09:15:00,12156.35,62.82,48.61000000000001,Hold
2020-01-09 10:15:00,12177.8,63.32,49.84571428571428,Hold
2020-01-09 11:15:00,12189.9,63.55,50.871428571428574,Hold
2020-01-09 12:15:00,12206.55,65.37,51.575,Hold
2020-01-09 13:15:00,12195.05,84.97,54.68785714285715,Sell
2020-01-09 14:15:00,12217.8,83.42,57.041428571428575,Waiting
2020-01-09 15:15:00,12219.25,92.21,60.261428571428574,Waiting
2020-01-09 16:15:00,12215.4,92.56,63.541428571428575,Waiting
2020-01-10 08:15:00,12271.0,93.11,66.60142857142857,Waiting
2020-01-10 09:15:00,12266.65,91.46,70.0992857142857,Waiting
2020-01-10 10:15:00,12286.15,91.55,73.93642857142856,Waiting
2020-01-10 11:15:00,12300.1,91.78,77.24642857142858,Waiting
2020-01-10 12:15:00,12287.7,90.28,80.67428571428572,Waiting
2020-01-10 13:15:00,12237.65,66.98,80.9557142857143,Waiting
2020-01-10 14:15:00,12258.85,69.21,81.41214285714285,Waiting
2020-01-10 15:15:00,12259.0,66.54,81.64214285714286,Waiting
2020-01-10 16:15:00,12256.5,64.12,81.68285714285715,Waiting
2020-01-13 08:15:00,12296.7,67.37,81.8257142857143,Waiting
2020-01-13 09:15:00,12317.9,72.82,80.95785714285715,Waiting
2020-01-13 10:15:00,12330.65,71.77,80.12571428571428,Waiting
2020-01-13 11:15:00,12328.0,70.89,78.60285714285715,Waiting
2020-01-13 12:15:00,12310.5,67.35,76.80214285714285,Waiting
2020-01-13 13:15:00,12300.9,56.56,74.19142857142857,Waiting
2020-01-13 14:15:00,12331.0,62.68,72.13571428571429,Waiting
2020-01-13 15:15:00,12331.1,59.59,69.85285714285713,Waiting
2020-01-13 16:15:00,12329.6,56.65,67.34357142857144,Waiting
2020-01-14 08:15:00,12333.1,60.66,65.22785714285715,Waiting
2020-01-14 09:15:00,12336.75,79.74,66.13928571428572,Waiting
2020-01-14 10:15:00,12333.85,75.29,66.57357142857143,Waiting
2020-01-14 11:15:00,12345.7,77.09,67.32714285714286,Waiting
2020-01-14 12:15:00,12338.2,74.76,68.08714285714287,Waiting
2020-01-14 13:15:00,12327.85,61.52,67.66928571428572,Waiting
2020-01-14 14:15:00,12361.55,64.78,67.095,Waiting
2020-01-14 15:15:00,12358.55,60.12,66.26285714285714,Waiting
2020-01-14 16:15:00,12360.05,61.72,65.60785714285714,Waiting
2020-01-15 08:15:00,12349.4,64.97,65.43785714285714,Waiting
2020-01-15 09:15:00,12292.65,47.67,64.80285714285715,Waiting
2020-01-15 10:15:00,12303.9,41.43,63.285000000000004,Waiting
2020-01-15 11:15:00,12292.3,38.57,61.78357142857143,Waiting
2020-01-15 12:15:00,12298.95,41.24,60.68285714285714,Waiting
2020-01-15 13:15:00,12294.6,39.04,59.13857142857143,Waiting
2020-01-15 14:15:00,12348.65,52.63,57.20214285714286,Waiting
2020-01-15 15:15:00,12349.0,53.39,55.63785714285715,Waiting
2020-01-15 16:15:00,12340.35,48.79,53.61642857142857,Waiting
2020-01-16 08:15:00,12347.1,52.03,51.99285714285714,Waiting
2020-01-16 09:15:00,12371.3,59.31,51.835,Waiting
2020-01-16 10:15:00,12322.1,42.08,50.21357142857143,Waiting
2020-01-16 11:15:00,12331.3,44.66,49.10928571428572,Waiting
2020-01-16 12:15:00,12354.55,49.01,48.20142857142857,Waiting
2020-01-16 13:15:00,12364.2,52.68,47.32357142857143,Waiting
2020-01-16 14:15:00,12360.25,65.15,48.57214285714286,Waiting
2020-01-16 15:15:00,12354.05,61.5,50.005714285714284,Waiting
2020-01-16 16:15:00,12354.05,64.96,51.89071428571429,Waiting
2020-01-17 08:15:00,12328.4,56.53,52.98285714285714,Waiting
2020-01-17 09:15:00,12377.65,65.36,54.86285714285714,Waiting
2020-01-17 10:15:00,12368.35,54.37,54.98714285714285,Waiting
2020-01-17 11:15:00,12345.95,49.38,54.700714285714284,Waiting
2020-01-17 12:15:00,12363.95,54.59,55.115,Waiting
2020-01-17 13:15:00,12361.9,52.93,55.17928571428571,Waiting
2020-01-17 14:15:00,12350.7,45.7,54.207142857142856,Waiting
2020-01-17 15:15:00,12353.0,58.03,55.34642857142857,Waiting
2020-01-17 16:15:00,12346.1,53.89,56.005714285714284,Waiting
2020-01-20 08:15:00,12427.95,64.76,57.130714285714284,Waiting
2020-01-20 09:15:00,12311.05,42.53,56.40571428571429,Waiting
2020-01-20 10:15:00,12290.05,40.59,54.65142857142856,Waiting
2020-01-20 11:15:00,12295.6,42.15,53.269285714285715,Waiting
2020-01-20 12:15:00,12247.85,37.36,51.29785714285715,Waiting
2020-01-20 13:15:00,12257.85,41.28,50.20857142857143,Waiting
2020-01-20 14:15:00,12250.25,32.44,47.857142857142854,Waiting
2020-01-21 14:15:00,12167.7,26.99,45.901428571428575,Waiting
2020-01-21 15:15:00,12164.6,28.24,44.39142857142857,Buy
2020-01-21 16:15:00,12169.65,25.94,42.345000000000006,Hold
2020-01-22 08:15:00,12218.35,34.07,40.99785714285714,Hold
2020-01-22 09:15:00,12170.75,31.52,39.985,Hold
2020-01-22 10:15:00,12133.55,28.97,37.909285714285716,Hold
2020-01-22 11:15:00,12120.25,28.62,36.104285714285716,Hold
2020-01-22 12:15:00,12135.2,18.27,32.78357142857143,Hold
2020-01-22 13:15:00,12107.75,22.66,31.364285714285717,Hold
2020-01-22 14:15:00,12107.2,23.98,30.177857142857142,Hold
2020-01-22 15:15:00,12103.0,22.49,28.773571428571433,Hold
2020-01-22 16:15:00,12108.15,27.28,28.053571428571427,Hold
2020-01-23 08:15:00,12123.75,28.58,27.14642857142857,Hold
2020-01-23 09:15:00,12158.5,36.51,27.437142857142856,Hold
2020-01-23 10:15:00,12115.8,41.36,28.46357142857143,Hold
2020-01-23 11:15:00,12139.15,46.03,29.734285714285715,Hold
2020-01-23 12:15:00,12180.05,51.46,31.557142857142857,Hold
2020-01-23 13:15:00,12165.75,41.83,32.11142857142857,Hold
2020-01-23 14:15:00,12180.75,51.73,33.555,Hold
2020-01-23 15:15:00,12177.25,58.55,35.667857142857144,Hold
2020-01-23 16:15:00,12179.9,62.17,38.06428571428571,Hold
2020-01-24 08:15:00,12174.55,58.36,40.92785714285714,Hold
2020-01-24 09:15:00,12229.6,73.16,44.53499999999999,Sell
2020-01-24 10:15:00,12229.35,73.24,48.05357142857143,Waiting
2020-01-24 11:15:00,12224.75,73.13,51.67071428571428,Waiting
2020-01-24 12:15:00,12242.2,74.33,55.03142857142857,Waiting
2020-01-24 13:15:00,12262.0,74.72,58.32714285714286,Waiting
2020-01-24 14:15:00,12247.6,67.18,60.517857142857146,Waiting
2020-01-24 15:15:00,12247.05,80.22,63.29357142857143,Waiting
2020-01-24 16:15:00,12253.45,78.55,65.61642857142857,Waiting
2020-01-27 08:15:00,12197.1,53.95,65.79428571428572,Waiting
2020-01-27 09:15:00,12202.45,58.88,67.01214285714285,Waiting
2020-01-27 10:15:00,12191.15,52.56,67.07142857142857,Waiting
2020-01-27 11:15:00,12197.65,54.95,66.81428571428572,Waiting
2020-01-27 12:15:00,12177.55,49.47,65.90714285714286,Waiting
2020-01-27 13:15:00,12169.75,48.94,65.23428571428572,Waiting
2020-01-27 14:15:00,12122.9,25.49,61.82928571428572,Waiting
2020-01-27 15:15:00,12112.8,24.39,58.339999999999996,Buy
2020-01-27 16:15:00,12111.8,24.78,54.886428571428574,Hold
2020-01-28 08:15:00,12148.1,30.62,51.76428571428572,Hold
2020-01-28 09:15:00,12121.3,21.84,47.98714285714285,Hold
2020-01-28 10:15:00,12108.75,22.0,44.76,Hold
2020-01-28 11:15:00,12136.15,29.82,41.160000000000004,Hold
2020-01-28 12:15:00,12137.0,28.38,37.57642857142857,Hold
2020-01-28 13:15:00,12075.9,27.88,35.714285714285715,Hold
2020-01-28 14:15:00,12067.35,25.63,33.339285714285715,Hold
2020-01-28 15:15:00,12060.3,26.03,31.444285714285712,Hold
2020-01-28 16:15:00,12060.25,24.22,29.249285714285715,Hold
2020-01-29 08:15:00,12114.9,39.59,28.543571428571425,Hold
2020-01-29 09:15:00,12137.65,44.92,28.256428571428568,Hold
2020-01-29 10:15:00,12151.3,55.02,30.365714285714287,Hold
2020-01-29 11:15:00,12153.35,57.38,32.722142857142856,Hold
2020-01-29 12:15:00,12148.5,56.59,34.994285714285716,Hold
2020-01-29 13:15:00,12151.65,50.72,36.43,Hold
2020-01-29 14:15:00,12133.95,52.68,38.63285714285714,Hold
2020-01-29 15:15:00,12131.3,54.98,40.98857142857143,Hold
2020-01-29 16:15:00,12132.85,49.18,42.371428571428574,Hold
2020-01-30 08:15:00,12147.75,52.5,44.09428571428572,Hold
2020-01-30 09:15:00,12065.6,47.82,45.518571428571434,Hold
2020-01-30 10:15:00,12054.05,47.21,47.06,Hold
2020-01-30 11:15:00,12051.25,48.07,48.63428571428572,Hold
2020-01-30 12:15:00,12031.7,44.38,50.07428571428572,Hold
2020-01-30 13:15:00,12012.7,26.59,49.14571428571429,Hold
2020-01-30 14:15:00,12035.65,26.66,47.84142857142857,Hold
2020-01-30 15:15:00,12019.85,20.21,45.355000000000004,Hold
2020-01-30 16:15:00,12025.45,21.48,42.79071428571428,Hold
2020-01-31 08:15:00,12100.4,41.83,41.73642857142857,Hold
2020-01-31 09:15:00,12042.75,34.39,40.57,Hold
2020-01-31 10:15:00,11996.4,31.78,39.07714285714285,Hold
2020-01-31 11:15:00,11969.6,29.87,37.28357142857143,Hold
2020-01-31 12:15:00,11993.9,33.63,36.17285714285715,Hold
2020-01-31 13:15:00,12040.2,38.2,35.151428571428575,Hold
2020-01-31 14:15:00,11958.4,38.23,34.46642857142857,Hold
2020-01-31 15:15:00,11956.5,39.06,33.88428571428572,Hold
2020-01-31 16:15:00,11967.25,40.74,33.36071428571428,Hold
2020-02-03 08:15:00,11627.45,23.88,31.896428571428572,Hold
2020-02-03 09:15:00,11709.5,31.89,32.275,Hold
2020-02-03 10:15:00,11730.45,31.72,32.63642857142857,Hold
2020-02-03 11:15:00,11682.05,30.53,33.37357142857143,Hold
2020-02-03 12:15:00,11700.75,31.57,34.09428571428571,Hold
2020-02-03 13:15:00,11682.85,24.65,32.86714285714286,Hold
2020-02-03 14:15:00,11695.95,27.74,32.39214285714286,Hold
2020-02-03 15:15:00,11719.4,31.68,32.385,Hold
2020-02-03 16:15:00,11724.05,33.27,32.62785714285714,Hold
2020-02-04 08:15:00,11786.25,36.55,32.83642857142857,Hold
2020-02-04 09:15:00,11853.35,38.22,32.837857142857146,Hold
2020-02-04 10:15:00,11909.7,46.83,33.45214285714285,Hold
2020-02-04 11:15:00,11945.2,49.29,34.18285714285714,Hold
2020-02-04 12:15:00,11943.4,48.49,34.73642857142857,Hold
2020-02-04 13:15:00,11954.85,85.31,39.12428571428571,Sell
2020-02-04 14:15:00,11976.1,83.09,42.78142857142858,Waiting
2020-02-04 15:15:00,11978.55,82.28,46.392857142857146,Waiting
2020-02-04 16:15:00,11982.45,94.2,50.940714285714286,Waiting
2020-02-05 08:15:00,12005.85,94.28,55.42000000000001,Waiting
2020-02-05 09:15:00,12037.9,99.5,60.76642857142857,Waiting
2020-02-05 10:15:00,12032.7,98.0,65.785,Waiting
2020-02-05 11:15:00,11993.0,87.28,69.75642857142857,Waiting
2020-02-05 12:15:00,12014.65,87.84,73.65428571428572,Waiting
2020-02-05 13:15:00,12058.35,87.22,77.27357142857143,Waiting
2020-02-05 14:15:00,12087.4,85.74,80.66785714285713,Waiting
2020-02-05 15:15:00,12092.3,83.08,83.25714285714285,Waiting
2020-02-05 16:15:00,12092.8,80.62,85.495,Waiting
2020-02-06 08:15:00,12120.0,83.15,87.9707142857143,Waiting
2020-02-06 09:15:00,12113.15,80.23,87.60785714285716,Waiting
2020-02-06 10:15:00,12085.1,70.29,86.69357142857143,Waiting
2020-02-06 11:15:00,12131.0,74.43,86.13285714285713,Waiting
2020-02-06 12:15:00,12141.0,74.92,84.75571428571428,Waiting
2020-02-06 13:15:00,12126.5,69.51,82.98642857142856,Waiting
2020-02-06 14:15:00,12136.55,67.17,80.67714285714285,Waiting
2020-02-06 15:15:00,12134.05,67.81,78.52071428571428,Waiting
2020-02-06 16:15:00,12133.25,78.55,77.89714285714285,Waiting
2020-02-07 08:15:00,12151.15,78.21,77.20928571428571,Waiting
2020-02-07 09:15:00,12116.6,62.51,75.44428571428571,Waiting
2020-02-07 10:15:00,12103.6,53.74,73.15857142857143,Waiting
2020-02-07 11:15:00,12082.9,47.98,70.65142857142857,Waiting
2020-02-07 12:15:00,12100.5,51.54,68.57428571428571,Waiting
2020-02-07 13:15:00,12090.9,43.73,65.75857142857143,Waiting
2020-02-07 14:15:00,12100.9,47.4,63.41357142857142,Waiting
2020-02-07 15:15:00,12093.0,51.84,62.09571428571429,Waiting
2020-02-07 16:15:00,12086.4,37.31,59.44428571428572,Waiting
2020-02-10 14:15:00,12038.75,26.04,55.95285714285715,Waiting
2020-02-10 15:15:00,12040.5,28.56,53.027857142857144,Buy
2020-02-10 16:15:00,12036.8,24.32,49.96714285714285,Hold
2020-02-11 08:15:00,12108.4,45.13,48.347142857142856,Hold
2020-02-11 09:15:00,12157.7,53.92,46.58785714285714,Hold
2020-02-11 10:15:00,12139.3,48.1,44.43714285714286,Hold
2020-02-11 11:15:00,12124.45,51.34,43.63928571428572,Hold
2020-02-11 12:15:00,12139.75,56.13,43.81,Hold
2020-02-11 13:15:00,12131.95,58.7,44.57571428571429,Hold
2020-02-11 14:15:00,12114.35,52.46,44.64142857142857,Hold
2020-02-11 15:15:00,12105.9,52.67,45.28000000000001,Hold
2020-02-11 16:15:00,12110.65,51.77,45.59214285714286,Hold
2020-02-12 08:15:00,12151.0,59.41,46.13285714285714,Hold
2020-02-12 09:15:00,12222.4,68.24,48.34214285714285,Hold
2020-02-12 10:15:00,12209.1,75.16,51.85071428571428,Sell
2020-02-12 11:15:00,12198.0,72.64,54.99928571428571,Waiting
2020-02-12 12:15:00,12198.25,73.44,58.50785714285714,Waiting
2020-02-12 13:15:00,12208.75,67.71,60.12071428571429,Waiting
2020-02-12 14:15:00,12194.45,57.4,60.369285714285716,Waiting
2020-02-12 15:15:00,12198.65,62.67,61.410000000000004,Waiting
2020-02-12 16:15:00,12203.55,67.64,62.574285714285715,Waiting
2020-02-13 08:15:00,12219.55,67.74,63.403571428571425,Waiting
2020-02-13 09:15:00,12167.8,56.67,63.25857142857142,Waiting
2020-02-13 10:15:00,12162.75,59.44,63.75714285714286,Waiting
2020-02-13 11:15:00,12147.25,57.85,64.12714285714286,Waiting
2020-02-13 12:15:00,12157.3,58.68,64.62071428571429,Waiting
2020-02-13 13:15:00,12148.55,49.48,63.91142857142857,Waiting
2020-02-13 14:15:00,12174.5,37.5,61.715714285714284,Waiting
2020-02-13 15:15:00,12177.25,41.2,59.290000000000006,Waiting
2020-02-13 16:15:00,12166.9,41.38,57.057142857142864,Waiting
2020-02-14 08:15:00,12190.15,48.01,55.24071428571428,Waiting
2020-02-14 09:15:00,12199.3,47.66,53.80857142857143,Waiting
2020-02-14 10:15:00,12122.15,36.35,52.305,Waiting
2020-02-14 11:15:00,12160.25,43.57,50.940714285714286,Waiting
2020-02-14 12:15:00,12152.3,41.51,49.074285714285715,Waiting
2020-02-14 13:15:00,12145.2,37.31,46.90071428571429,Waiting
2020-02-14 14:15:00,12114.8,40.24,45.72714285714286,Waiting
2020-02-14 15:15:00,12112.85,40.7,44.38857142857143,Waiting
2020-02-14 16:15:00,12112.6,43.16,43.339285714285715,Waiting
2020-02-17 08:15:00,12131.8,45.14,42.37214285714286,Waiting
2020-02-17 09:15:00,12104.45,42.15,41.848571428571425,Waiting
2020-02-17 10:15:00,12096.2,35.13,41.67928571428571,Waiting
2020-02-17 11:15:00,12093.25,34.05,41.16857142857143,Waiting
2020-02-17 12:15:00,12059.25,31.25,40.445,Waiting
2020-02-17 13:15:00,12048.95,24.24,38.747142857142855,Waiting
2020-02-17 14:15:00,12042.7,21.13,36.85214285714286,Buy
2020-02-17 15:15:00,12045.9,30.67,36.44642857142857,Hold
2020-02-17 16:15:00,12050.05,16.26,34.495714285714286,Hold
2020-02-18 08:15:00,12028.25,14.99,32.60142857142857,Hold
2020-02-18 09:15:00,11971.4,11.7,30.772142857142857,Hold
2020-02-18 10:15:00,11934.95,11.4,28.712142857142855,Hold
2020-02-18 11:15:00,11924.95,11.02,26.592142857142857,Hold
2020-02-18 12:15:00,11929.65,12.73,24.418571428571425,Hold
2020-02-18 13:15:00,11932.4,6.46,21.655714285714286,Hold
2020-02-18 14:15:00,12000.75,30.8,20.845000000000002,Hold
2020-02-18 15:15:00,12010.45,34.21,20.779285714285717,Hold
2020-02-18 16:15:00,12007.7,34.23,20.79214285714286,Hold
2020-02-19 08:15:00,12090.6,54.9,22.481428571428573,Hold
2020-02-19 09:15:00,12070.7,53.3,24.557142857142857,Hold
2020-02-19 10:15:00,12068.15,53.9,26.89785714285714,Hold
2020-02-19 11:15:00,12092.6,56.72,28.75857142857143,Hold
2020-02-19 12:15:00,12116.4,59.04,31.814285714285713,Hold
2020-02-19 13:15:00,12099.65,59.86,35.019285714285715,Hold
2020-02-19 14:15:00,12123.5,73.12,39.40642857142858,Sell
2020-02-19 15:15:00,12129.8,82.61,44.49285714285714,Waiting
2020-02-19 16:15:00,12130.3,85.5,49.81285714285714,Waiting
2020-02-20 08:15:00,12119.0,82.0,54.760714285714286,Waiting
2020-02-20 09:15:00,12113.3,80.27,60.03285714285715,Waiting
2020-02-20 10:15:00,12128.35,75.99,63.260714285714286,Waiting
2020-02-20 11:15:00,12139.85,76.16,66.25714285714285,Waiting
2020-02-20 12:15:00,12137.7,76.35,69.26571428571428,Waiting
2020-02-20 13:15:00,12117.55,57.33,69.43928571428572,Waiting
2020-02-20 14:15:00,12084.35,53.46,69.45071428571428,Waiting
2020-02-20 15:15:00,12080.4,53.08,69.39214285714284,Waiting
2020-02-20 16:15:00,12083.7,47.49,68.73285714285714,Waiting
2020-02-24 08:15:00,12012.55,26.91,66.43785714285714,Waiting
2020-02-24 09:15:00,11956.1,22.87,63.795714285714276,Buy
2020-02-24 10:15:00,11953.15,15.04,59.64714285714286,Hold
2020-02-24 11:15:00,11964.25,16.68,54.93785714285714,Hold
2020-02-24 12:15:00,11953.65,15.84,49.96214285714286,Hold
2020-02-24 13:15:00,11917.2,14.43,45.135714285714286,Hold
2020-02-24 14:15:00,11831.45,11.26,40.20642857142856,Hold
2020-02-24 15:15:00,11822.15,7.23,35.295,Hold
2020-02-24 16:15:00,11838.6,8.5,30.462142857142858,Hold
2020-02-25 08:15:00,11877.5,17.45,26.255,Hold
2020-02-25 09:15:00,11847.15,17.02,23.375714285714285,Hold
2020-02-25 10:15:00,11841.7,18.25,20.860714285714288,Hold
2020-02-25 11:15:00,11856.4,21.49,18.604285714285716,Hold
2020-02-25 12:15:00,11818.95,19.0,16.569285714285716,Hold
2020-02-25 13:15:00,11793.1,21.26,16.165714285714284,Hold
2020-02-25 14:15:00,11801.45,26.82,16.447857142857142,Hold
2020-02-25 15:15:00,11810.9,29.09,17.451428571428572,Hold
2020-02-25 16:15:00,11813.2,27.21,18.20357142857143,Hold
2020-02-26 08:15:00,11738.55,22.8,18.700714285714287,Hold
2020-02-26 09:15:00,11713.75,23.49,19.347857142857144,Hold
2020-02-26 10:15:00,11696.9,28.63,20.58857142857143,Hold
2020-02-26 11:15:00,11715.05,33.46,22.462142857142855,Hold
2020-02-26 12:15:00,11733.6,33.89,24.275714285714287,Hold
2020-02-26 13:15:00,11721.5,23.91,24.737142857142857,Hold
2020-02-26 14:15:00,11689.0,23.74,25.217142857142857,Hold
2020-02-26 15:15:00,11683.55,23.74,25.609285714285715,Hold
2020-02-26 16:15:00,11675.45,19.28,25.451428571428572,Hold
2020-02-27 08:15:00,11661.25,20.94,25.59,Hold
2020-02-27 09:15:00,11558.45,16.31,25.236428571428572,Hold
2020-02-27 10:15:00,11563.6,15.53,24.430000000000003,Hold
2020-02-27 11:15:00,11563.8,13.21,23.295714285714286,Hold
2020-02-27 12:15:00,11604.7,22.16,22.935000000000002,Hold
2020-02-27 13:15:00,11586.45,26.08,23.169285714285714,Hold
2020-02-27 14:15:00,11640.05,39.37,24.303571428571427,Hold
2020-02-27 15:15:00,11633.3,40.56,25.155714285714286,Hold
2020-02-27 16:15:00,11618.45,35.51,25.302142857142858,Hold
2020-02-28 08:15:00,11382.0,18.11,24.175000000000004,Hold
2020-02-28 09:15:00,11290.85,15.84,23.59857142857143,Hold
2020-02-28 10:15:00,11283.95,16.51,23.082142857142856,Hold
2020-02-28 11:15:00,11256.3,15.93,22.524285714285714,Hold
2020-02-28 12:15:00,11289.05,20.35,22.600714285714286,Hold
2020-02-28 13:15:00,11271.3,20.24,22.55071428571429,Hold
2020-02-28 14:15:00,11197.3,21.17,22.89785714285714,Hold
2020-02-28 15:15:00,11208.35,21.91,23.353571428571428,Hold
2020-02-28 16:15:00,11219.2,23.2,24.06714285714286,Hold
2020-03-02 13:15:00,11395.55,36.56,25.095714285714283,Hold
2020-03-02 14:15:00,11050.35,25.75,25.072142857142858,Hold
2020-03-02 15:15:00,11134.85,27.77,24.243571428571425,Hold
2020-03-02 16:15:00,11149.25,28.84,23.40642857142857,Hold
2020-03-03 08:15:00,11217.55,33.26,23.245714285714286,Hold
2020-03-03 09:15:00,11274.1,44.7,25.145,Hold
2020-03-03 10:15:00,11197.5,45.35,27.252857142857145,Hold
2020-03-03 11:15:00,11190.1,45.32,29.310714285714287,Hold
2020-03-03 12:15:00,11198.9,47.08,31.535714285714285,Hold
2020-03-03 13:15:00,11276.4,49.39,33.61,Hold
2020-03-03 14:15:00,11298.25,51.3,35.82857142857143,Hold
2020-03-03 15:15:00,11322.1,56.35,38.34142857142857,Hold
2020-03-03 16:15:00,11330.45,56.23,40.792857142857144,Hold
2020-03-04 08:15:00,11351.35,56.67,43.18357142857143,Hold
2020-03-04 09:15:00,11302.0,44.58,43.756428571428565,Hold
2020-03-04 10:15:00,11242.3,66.6,46.67428571428571,Hold
2020-03-04 11:15:00,11259.1,62.17,49.131428571428565,Hold
2020-03-04 12:15:00,11171.55,51.91,50.77928571428572,Hold
2020-03-04 13:15:00,11124.35,41.71,51.38285714285714,Hold
2020-03-04 14:15:00,11258.8,48.81,51.67642857142857,Hold
2020-03-04 15:15:00,11251.3,54.71,52.34499999999999,Hold
2020-03-04 16:15:00,11254.2,55.66,53.08357142857143,Hold
2020-03-05 08:15:00,11306.05,58.79,53.92,Hold
2020-03-05 09:15:00,11270.1,49.45,53.924285714285716,Hold
2020-03-05 10:15:00,11347.05,53.91,54.11071428571428,Hold
2020-03-05 11:15:00,11368.8,53.76,53.925714285714285,Hold
2020-03-05 12:15:00,11364.25,52.74,53.67642857142857,Hold
2020-03-05 13:15:00,11307.5,46.64,52.959999999999994,Hold
2020-03-05 14:15:00,11261.95,46.92,53.12714285714286,Hold
2020-03-05 15:15:00,11258.15,51.34,52.037142857142854,Hold
2020-03-05 16:15:00,11258.95,49.99,51.167142857142856,Hold
2020-03-06 08:15:00,10942.65,35.81,50.01714285714286,Hold
2020-03-06 09:15:00,10935.5,37.68,49.729285714285716,Hold
2020-03-06 10:15:00,10896.25,22.99,47.885,Hold
2020-03-06 11:15:00,10915.3,25.39,45.79071428571429,Hold
2020-03-06 12:15:00,10980.6,31.64,44.074999999999996,Hold
2020-03-06 13:15:00,10974.3,26.28,41.75285714285714,Hold
2020-03-06 14:15:00,10995.3,29.93,40.35857142857143,Hold
2020-03-06 15:15:00,10983.75,20.66,37.98357142857143,Hold
2020-03-06 16:15:00,10979.55,17.65,35.40428571428571,Hold
2020-03-09 08:15:00,10742.05,12.72,32.54571428571428,Hold
2020-03-09 09:15:00,10578.55,11.28,30.020000000000003,Hold
2020-03-09 10:15:00,10544.8,11.42,27.48428571428571,Hold
2020-03-09 11:15:00,10554.5,12.39,24.70214285714286,Hold
2020-03-09 12:15:00,10350.95,10.11,21.853571428571428,Hold
2020-03-09 13:15:00,10418.0,20.49,20.759285714285713,Hold
2020-03-09 14:15:00,10466.6,24.8,19.839285714285715,Hold
2020-03-09 15:15:00,10425.8,24.76,19.965714285714284,Hold
2020-03-09 16:15:00,10451.45,25.29,19.958571428571428,Hold
2020-03-11 08:15:00,10334.3,17.37,18.939285714285713,Hold
2020-03-11 09:15:00,10421.15,24.17,18.78857142857143,Hold
2020-03-11 10:15:00,10409.15,22.4,18.250714285714285,Hold
2020-03-11 11:15:00,10462.85,26.41,18.66142857142857,Hold
2020-03-11 12:15:00,10512.65,29.69,19.521428571428572,Hold
2020-03-11 13:15:00,10484.7,36.31,21.20642857142857,Hold
2020-03-11 14:15:00,10454.2,42.3,23.42214285714286,Hold
2020-03-11 15:15:00,10445.85,43.67,25.725714285714282,Hold
2020-03-11 16:15:00,10448.9,43.19,27.92571428571429,Hold
2020-03-12 08:15:00,10039.95,34.14,29.642142857142858,Hold
2020-03-12 09:15:00,9909.7,25.65,30.010714285714283,Hold
2020-03-12 10:15:00,9733.15,18.7,29.574999999999996,Hold
2020-03-12 11:15:00,9717.75,19.11,29.17142857142857,Hold
2020-03-12 12:15:00,9772.25,21.1,28.872142857142858,Hold
2020-03-12 13:15:00,9710.5,22.14,29.212857142857143,Hold
2020-03-12 14:15:00,9567.3,13.7,28.465,Hold
2020-03-12 15:15:00,9635.55,18.61,28.194285714285716,Hold
2020-03-12 16:15:00,9633.1,14.87,27.37,Hold
2020-03-13 08:15:00,9107.6,7.59,25.791428571428572,Hold
2020-03-13 09:15:00,8555.15,5.77,23.610000000000003,Hold
2020-03-13 10:15:00,9559.35,35.82,23.147142857142857,Hold
2020-03-13 11:15:00,9700.15,38.66,22.78928571428571,Hold
2020-03-13 12:15:00,9991.4,43.6,22.81857142857143,Hold
2020-03-13 13:15:00,9971.6,48.93,23.875,Hold
2020-03-13 14:15:00,9971.85,51.02,25.687142857142856,Hold
2020-03-13 15:15:00,9966.6,54.05,28.212142857142858,Hold
2020-03-13 16:15:00,10023.65,55.23,30.792142857142856,Hold
2020-03-16 08:15:00,9587.8,47.21,32.65714285714286,Hold
2020-03-16 09:15:00,9513.3,47.03,34.434999999999995,Hold
2020-03-16 10:15:00,9530.55,49.42,36.98642857142857,Hold
2020-03-16 11:15:00,9436.75,46.91,39.00785714285714,Hold
2020-03-16 12:15:00,9435.1,46.93,41.29785714285714,Hold
2020-03-16 13:15:00,9261.25,52.68,44.51857142857143,Hold
2020-03-16 14:15:00,9175.1,62.91,48.6,Hold
2020-03-16 15:15:00,9206.7,37.66,48.73142857142857,Hold
2020-03-16 16:15:00,9199.1,30.67,48.160714285714285,Hold
2020-03-17 08:15:00,9285.4,17.64,46.306428571428576,Hold
2020-03-17 09:15:00,9335.75,21.65,44.35785714285714,Hold
2020-03-17 10:15:00,9272.4,20.48,42.17642857142857,Hold
2020-03-17 11:15:00,9275.75,20.79,39.800714285714285,Hold
2020-03-17 12:15:00,9311.05,19.31,37.235,Hold
2020-03-17 13:15:00,9223.55,27.59,35.833571428571425,Hold
2020-03-17 14:15:00,8929.4,21.72,34.02571428571429,Hold
2020-03-17 15:15:00,8939.25,21.15,32.00642857142857,Hold
2020-03-17 16:15:00,8966.7,25.48,30.475714285714282,Hold
2020-03-18 08:15:00,9088.45,33.93,29.54714285714286,Hold
2020-03-18 09:15:00,8831.35,31.5,28.034285714285716,Hold
2020-03-18 10:15:00,8794.55,32.9,25.890714285714285,Hold
2020-03-18 11:15:00,8649.2,27.27,25.148571428571426,Hold
2020-03-18 12:15:00,8612.5,26.64,24.860714285714288,Hold
2020-03-18 13:15:00,8536.95,19.93,25.024285714285718,Hold
2020-03-18 14:15:00,8450.2,15.43,24.579999999999995,Hold
2020-03-18 15:15:00,8534.95,21.69,24.666428571428575,Hold
2020-03-18 16:15:00,8541.5,21.88,24.744285714285716,Hold
2020-03-19 08:15:00,8063.3,14.32,24.387857142857143,Hold
2020-03-19 09:15:00,8017.55,14.67,23.465,Hold
2020-03-19 10:15:00,8363.65,33.92,24.33642857142857,Hold
2020-03-19 11:15:00,8157.35,30.0,24.96857142857143,Hold
2020-03-19 12:15:00,8303.35,34.01,25.57785714285714,Hold
2020-03-19 13:15:00,8551.55,37.8,25.854285714285712,Hold
2020-03-19 14:15:00,8258.45,37.19,26.260714285714283,Hold
2020-03-19 15:15:00,8259.8,37.85,26.614285714285717,Hold
2020-03-19 16:15:00,8269.7,40.81,27.581428571428575,Hold
2020-03-20 08:15:00,8284.45,41.97,28.67642857142857,Hold
2020-03-20 09:15:00,8357.35,45.6,30.509999999999998,Hold
2020-03-20 10:15:00,8341.9,47.25,32.78285714285715,Hold
2020-03-20 11:15:00,8596.8,51.45,34.90857142857143,Hold
2020-03-20 12:15:00,8713.75,53.83,37.190714285714286,Hold
2020-03-20 13:15:00,8561.6,62.95,40.66428571428571,Hold
2020-03-20 14:15:00,8740.95,67.58,44.44357142857143,Hold
2020-03-20 15:15:00,8746.6,61.15,46.388571428571424,Hold
2020-03-20 16:15:00,8749.7,69.57,49.214999999999996,Hold
2020-03-23 15:15:00,7593.45,35.94,49.35285714285714,Hold
2020-03-23 16:15:00,7634.6,30.21,48.81071428571429,Hold
2020-03-24 08:15:00,7848.3,40.83,49.07071428571429,Hold
2020-03-24 09:15:00,7607.05,36.83,48.99785714285714,Hold
2020-03-24 10:15:00,7706.45,39.03,48.87071428571428,Hold
2020-03-24 11:15:00,7776.1,40.31,48.75214285714286,Hold
2020-03-24 12:15:00,7880.2,41.01,48.424285714285716,Hold
2020-03-24 13:15:00,7893.55,41.54,48.01642857142857,Hold
2020-03-24 14:15:00,7830.75,34.42,46.8,Hold
2020-03-24 15:15:00,7819.3,31.0,45.16928571428571,Hold
2020-03-24 16:15:00,7856.8,34.26,43.120000000000005,Hold
2020-03-25 08:15:00,7735.15,26.94,40.21714285714285,Hold
2020-03-25 09:15:00,7791.15,28.59,37.89142857142857,Hold
2020-03-25 10:15:00,7834.35,29.85,35.05428571428571,Hold
2020-03-25 11:15:00,7937.3,64.11,37.066428571428574,Hold
2020-03-25 12:15:00,8174.35,69.09,39.84357142857143,Hold
2020-03-25 13:15:00,8310.25,67.29,41.73357142857143,Hold
2020-03-25 14:15:00,8300.85,81.41,44.917857142857144,Sell
2020-03-25 15:15:00,8300.2,79.52,47.809999999999995,Waiting
2020-03-25 16:15:00,8297.8,77.8,50.487857142857145,Waiting
2020-03-26 08:15:00,8451.0,78.9,53.19428571428572,Waiting
2020-03-26 09:15:00,8676.65,82.63,56.12928571428571,Waiting
2020-03-26 10:15:00,8600.25,81.71,59.50714285714286,Waiting
2020-03-26 11:15:00,8724.6,84.13,63.30214285714286,Waiting
2020-03-26 12:15:00,8706.7,82.52,66.74928571428572,Waiting
2020-03-26 13:15:00,8542.15,79.9,70.53214285714286,Waiting
2020-03-26 14:15:00,8622.2,80.25,74.22214285714287,Waiting
2020-03-26 15:15:00,8642.7,79.92,77.79857142857144,Waiting
2020-03-26 16:15:00,8653.55,78.45,78.82285714285716,Waiting
2020-03-27 08:15:00,8949.1,79.41,79.55999999999999,Waiting
2020-03-27 09:15:00,8821.4,69.52,79.7192857142857,Waiting
2020-03-27 10:15:00,8569.35,58.65,78.09357142857142,Waiting
2020-03-27 11:15:00,8687.95,61.61,76.8142857142857,Waiting
2020-03-27 12:15:00,8593.65,58.4,75.42857142857143,Waiting
2020-03-27 13:15:00,8757.85,58.66,73.98285714285714,Waiting
2020-03-27 14:15:00,8663.45,49.6,71.62357142857142,Waiting
2020-03-27 15:15:00,8684.85,52.67,69.54928571428572,Waiting
2020-03-27 16:15:00,8674.4,48.3,66.99,Waiting
2020-03-30 08:15:00,8385.95,40.8,64.01,Waiting
2020-03-30 09:15:00,8479.35,48.12,61.74,Waiting
2020-03-30 10:15:00,8516.05,46.74,59.346428571428575,Waiting
2020-03-30 11:15:00,8435.35,43.86,56.77071428571429,Waiting
2020-03-30 12:15:00,8391.8,42.4,54.19571428571429,Waiting
2020-03-30 13:15:00,8398.85,30.8,50.723571428571425,Waiting
2020-03-30 14:15:00,8305.6,31.56,48.012142857142855,Waiting
2020-03-30 15:15:00,8282.95,37.75,46.519285714285715,Waiting
2020-03-30 16:15:00,8289.35,31.14,44.34285714285714,Waiting
2020-03-31 08:15:00,8529.35,47.33,43.55214285714286,Waiting
2020-03-31 09:15:00,8426.9,35.5,41.89785714285714,Waiting
2020-03-31 10:15:00,8454.5,40.27,41.23142857142857,Waiting
2020-03-31 11:15:00,8568.15,45.0,40.68357142857143,Waiting
2020-03-31 12:15:00,8549.1,44.67,40.42428571428571,Waiting
2020-03-31 13:15:00,8606.0,61.66,41.91428571428571,Waiting
2020-03-31 14:15:00,8602.25,57.2,42.56285714285714,Waiting
2020-03-31 15:15:00,8577.95,53.68,43.058571428571426,Waiting
2020-03-31 16:15:00,8557.0,57.78,44.05285714285714,Waiting
2020-04-01 08:15:00,8584.1,62.57,45.49357142857143,Waiting
2020-04-01 09:15:00,8383.05,49.18,46.806428571428576,Waiting
2020-04-01 10:15:00,8274.2,48.39,48.00857142857143,Waiting
2020-04-01 11:15:00,8302.35,50.99,48.95428571428572,Waiting
2020-04-01 12:15:00,8265.4,48.82,50.21714285714285,Waiting
2020-04-01 13:15:00,8222.6,31.15,49.06142857142857,Waiting
2020-04-01 14:15:00,8252.05,38.19,49.253571428571426,Waiting
2020-04-01 15:15:00,8254.65,36.04,48.951428571428565,Waiting
2020-04-01 16:15:00,8263.6,25.07,47.527857142857144,Waiting
2020-04-03 08:15:00,8356.55,35.94,46.90428571428571,
2020-04-03 09:15:00,8176.6,23.42,44.17285714285715,Buy
2020-04-03 10:15:00,8127.5,22.18,41.67142857142857,Hold
2020-04-03 11:15:00,8132.5,23.29,39.50071428571429,Hold
2020-04-03 12:15:00,8147.75,25.29,37.18,Hold
2020-04-03 13:15:00,8090.15,21.24,34.22785714285714,Hold
2020-04-03 14:15:00,8075.65,27.13,32.652857142857144,Hold
2020-04-03 15:15:00,8092.45,34.33,31.648571428571433,Hold
2020-04-03 16:15:00,8106.6,32.71,30.342857142857145,Hold
2020-04-07 08:15:00,8446.3,60.41,31.170714285714286,Hold
2020-04-07 09:15:00,8411.3,60.96,33.3,Hold
2020-04-07 10:15:00,8487.05,62.95,35.068571428571424,Hold
2020-04-07 11:15:00,8530.75,64.56,37.105714285714285,Hold
2020-04-07 12:15:00,8622.45,67.4,40.12928571428571,Hold
2020-04-07 13:15:00,8687.05,66.48,42.31071428571429,Hold
2020-04-07 14:15:00,8810.5,83.49,46.60142857142857,Sell
2020-04-07 15:15:00,8775.75,84.78,51.07285714285714,Waiting
2020-04-07 16:15:00,8785.9,84.86,55.47071428571429,Waiting
2020-04-08 08:15:00,8688.9,76.56,59.13285714285714,Waiting
2020-04-08 09:15:00,8980.95,85.54,63.72571428571428,Waiting
2020-04-08 10:15:00,8987.6,86.61,67.97428571428571,Waiting
2020-04-08 11:15:00,8887.5,79.92,71.23071428571428,Waiting
2020-04-08 12:15:00,8843.7,77.13,74.40357142857144,Waiting
2020-04-08 13:15:00,8721.85,62.08,74.52285714285713,Waiting
2020-04-08 14:15:00,8734.75,64.46,74.77285714285713,Waiting
2020-04-08 15:15:00,8749.9,62.42,74.735,Waiting
2020-04-08 16:15:00,8752.4,60.9,74.47357142857143,Waiting
2020-04-09 08:15:00,8973.05,65.3,74.32357142857143,Waiting
2020-04-09 09:15:00,8996.45,64.01,74.14714285714285,Waiting
2020-04-09 10:15:00,8948.2,56.69,72.23285714285714,Waiting
2020-04-09 11:15:00,9041.5,62.22,70.62142857142858,Waiting
2020-04-09 12:15:00,9081.0,63.21,69.075,Waiting
2020-04-09 13:15:00,9045.95,66.92,68.38642857142857,Waiting
2020-04-09 14:15:00,9115.55,58.08,66.425,Waiting
2020-04-09 15:15:00,9103.5,56.91,64.30357142857143,Waiting
2020-04-09 16:15:00,9098.95,64.24,63.18357142857143,Waiting
2020-04-13 08:15:00,9103.95,68.49,62.566428571428574,Waiting
2020-04-13 09:15:00,8948.7,65.39,62.80285714285714,Waiting
2020-04-13 10:15:00,9006.6,67.38,63.01142857142857,Waiting
2020-04-13 11:15:00,9055.75,68.74,63.462857142857146,Waiting
2020-04-13 12:15:00,8991.45,63.61,63.65642857142858,Waiting
2020-04-13 13:15:00,8950.3,48.37,62.44714285714286,Waiting
2020-04-13 14:15:00,8988.8,49.46,61.40785714285714,Waiting
2020-04-13 15:15:00,8993.85,53.4,61.17285714285714,Waiting
2020-04-13 16:15:00,9006.9,47.07,60.090714285714284,Waiting
2020-04-15 08:15:00,9196.4,57.8,59.70428571428571,Waiting
2020-04-15 09:15:00,9233.1,62.62,59.39714285714285,Waiting
2020-04-15 10:15:00,9232.5,58.69,59.440714285714286,Waiting
2020-04-15 11:15:00,9226.5,59.22,59.60571428571428,Waiting
2020-04-15 12:15:00,9162.85,54.4,58.902857142857144,Waiting
2020-04-15 13:15:00,8948.7,41.7,56.98928571428571,Waiting
2020-04-15 14:15:00,8925.35,48.55,55.78642857142857,Waiting
2020-04-15 15:15:00,8925.2,44.54,54.154999999999994,Waiting
2020-04-15 16:15:00,8940.6,41.91,52.238571428571426,Waiting
2020-04-16 08:15:00,8851.25,40.48,50.58642857142858,Waiting
2020-04-16 09:15:00,8889.85,45.88,50.40857142857143,Waiting
2020-04-17 09:15:00,9229.35,61.62,51.277142857142856,Waiting
2020-04-17 10:15:00,9186.2,58.96,51.674285714285716,Waiting
2020-04-17 11:15:00,9129.2,55.47,52.27428571428571,Waiting
2020-04-17 12:15:00,9131.35,46.5,51.46714285714285,Waiting
2020-04-17 13:15:00,9164.8,46.31,50.30214285714286,Waiting
2020-04-17 14:15:00,9273.35,51.97,49.82214285714286,Waiting
2020-04-17 15:15:00,9288.5,52.97,49.37571428571429,Waiting
2020-04-17 16:15:00,9291.0,56.52,49.527142857142856,Waiting
2020-04-20 08:15:00,9390.2,75.45,51.93785714285714,Waiting
2020-04-20 09:15:00,9287.15,69.1,53.40571428571428,Waiting
2020-04-20 10:15:00,9309.7,69.83,55.21214285714286,Waiting
2020-04-20 11:15:00,9272.7,66.75,56.986428571428576,Waiting
2020-04-20 12:15:00,9273.0,73.37,59.33571428571429,Waiting
2020-04-20 13:15:00,9287.0,72.63,61.246428571428574,Waiting
2020-04-20 14:15:00,9262.7,52.97,60.628571428571426,Waiting
2020-04-20 15:15:00,9266.9,57.71,60.53928571428571,Waiting
2020-04-20 16:15:00,9263.5,64.29,61.16928571428572,Waiting
2020-04-21 08:15:00,9016.95,41.99,60.847142857142856,Waiting
2020-04-21 09:15:00,9009.95,38.74,60.30642857142857,Waiting
2020-04-21 10:15:00,9017.0,28.14,58.604285714285716,Waiting
2020-04-21 11:15:00,9001.55,25.54,56.645,Buy
2020-04-21 12:15:00,8945.5,23.01,54.25142857142857,Hold
2020-04-21 13:15:00,8942.55,8.84,49.493571428571435,Hold
2020-04-21 14:15:00,8986.1,18.92,45.909285714285716,Hold
2020-04-21 15:15:00,8978.7,14.73,41.973571428571425,Hold
2020-04-21 16:15:00,8981.6,16.55,38.387857142857136,Hold
2020-04-22 08:15:00,9026.75,24.35,34.886428571428574,Hold
2020-04-22 09:15:00,8986.65,20.32,31.150000000000002,Hold
2020-04-22 10:15:00,9110.0,37.38,30.03642857142857,Hold
2020-04-22 11:15:00,9098.45,36.25,28.50357142857143,Hold
2020-04-22 12:15:00,9144.4,40.91,26.833571428571428,Hold
2020-04-22 13:15:00,9143.5,65.46,28.509999999999998,Hold
2020-04-22 14:15:00,9188.0,69.92,30.737142857142857,Hold
2020-04-22 15:15:00,9194.95,69.92,33.721428571428575,Hold
2020-04-22 16:15:00,9195.5,72.46,37.07285714285714,Sell
2020-04-23 08:15:00,9232.35,84.76,41.48357142857143,Waiting
2020-04-23 09:15:00,9262.4,86.37,47.021428571428565,Waiting
2020-04-23 10:15:00,9261.25,84.62,51.714285714285715,Waiting
2020-04-23 11:15:00,9311.0,87.79,56.93285714285714,Waiting
2020-04-23 12:15:00,9289.6,83.61,61.722857142857144,Waiting
2020-04-23 13:15:00,9312.8,82.79,65.89714285714287,Waiting
2020-04-23 14:15:00,9315.55,91.23,70.96214285714287,Waiting
2020-04-23 15:15:00,9305.85,84.33,74.3157142857143,Waiting
2020-04-23 16:15:00,9300.15,86.1,77.87642857142858,Waiting
2020-04-24 08:15:00,9163.9,52.64,78.71428571428571,Waiting
2020-04-24 09:15:00,9183.25,55.12,77.97571428571429,Waiting
2020-04-24 10:15:00,9188.25,50.04,76.55571428571429,Waiting
2020-04-24 11:15:00,9219.9,53.34,75.37142857142858,Waiting
2020-04-24 12:15:00,9268.45,58.66,74.38571428571429,Waiting
2020-04-24 13:15:00,9185.15,44.96,71.54285714285714,Waiting
2020-04-24 14:15:00,9145.0,37.72,68.06785714285715,Waiting
2020-04-24 15:15:00,9164.85,40.29,64.90142857142857,Waiting
2020-04-24 16:15:00,9174.8,35.09,61.13714285714286,Waiting
2020-04-27 08:15:00,9259.7,47.13,58.53142857142858,Waiting
2020-04-27 09:15:00,9339.6,52.32,56.355,Waiting
2020-04-27 10:15:00,9352.15,53.12,53.63285714285714,Waiting
2020-04-27 11:15:00,9341.0,52.99,51.394285714285715,Waiting
2020-04-27 12:15:00,9356.05,54.68,49.15,Waiting
2020-04-27 13:15:00,9320.8,65.8,50.089999999999996,Waiting
2020-04-27 14:15:00,9284.75,59.89,50.43071428571428,Waiting
2020-04-27 15:15:00,9275.3,58.41,51.028571428571425,Waiting
2020-04-27 16:15:00,9289.2,56.93,51.285000000000004,Waiting
2020-04-28 08:15:00,9389.8,60.99,51.45142857142857,Waiting
2020-04-28 09:15:00,9284.05,58.61,52.42642857142857,Waiting
2020-04-28 10:15:00,9300.35,64.11,54.311428571428564,Waiting
2020-04-28 11:15:00,9292.0,61.79,55.847142857142856,Waiting
2020-04-28 12:15:00,9340.8,64.36,57.93785714285714,Waiting
2020-04-28 13:15:00,9365.45,60.21,58.872142857142855,Waiting
2020-04-28 14:15:00,9384.35,54.9,59.056428571428576,Waiting
2020-04-28 15:15:00,9388.15,54.02,59.12071428571429,Waiting
2020-04-28 16:15:00,9401.6,56.73,59.38785714285715,Waiting
2020-04-29 08:15:00,9408.6,55.94,59.47785714285714,Waiting
2020-04-29 09:15:00,9463.0,65.41,59.449999999999996,Waiting
2020-04-29 10:15:00,9481.9,72.19,60.32857142857143,Waiting
2020-04-29 11:15:00,9483.8,73.87,61.432857142857145,Waiting
2020-04-29 12:15:00,9504.4,74.27,62.67142857142857,Waiting
2020-04-29 13:15:00,9527.35,68.8,63.22928571428571,Waiting
2020-04-29 14:15:00,9552.2,97.07,65.97642857142857,Waiting
2020-04-29 15:15:00,9525.75,88.2,67.69714285714285,Waiting
2020-04-29 16:15:00,9536.15,91.1,69.79071428571429,Waiting
2020-04-30 08:15:00,9753.5,94.32,71.93071428571429,Waiting
2020-04-30 09:15:00,9837.35,94.96,74.41285714285713,Waiting
2020-04-30 10:15:00,9841.85,94.82,77.2642857142857,Waiting
2020-04-30 11:15:00,9864.3,95.0,80.19142857142856,Waiting
2020-04-30 12:15:00,9813.15,86.31,82.30428571428571,Waiting
2020-04-30 13:15:00,9811.05,85.81,84.43785714285714,Waiting
2020-04-30 14:15:00,9871.5,85.97,85.90642857142858,Waiting
2020-04-30 15:15:00,9866.0,84.63,86.79499999999999,Waiting
2020-04-30 16:15:00,9852.0,82.49,87.41071428571429,Waiting
2020-05-04 08:15:00,9533.5,51.68,85.79714285714286,Waiting
2020-05-04 09:15:00,9377.2,42.48,83.91714285714285,Waiting
2020-05-04 10:15:00,9384.75,41.46,79.94500000000001,Waiting
2020-05-04 11:15:00,9376.8,42.26,76.66357142857143,Waiting
2020-05-04 12:15:00,9357.05,40.78,73.06928571428571,Waiting
2020-05-04 13:15:00,9319.75,22.59,67.94571428571427,Waiting
2020-05-04 14:15:00,9278.35,12.68,62.06857142857143,Buy
2020-05-04 15:15:00,9308.7,15.59,56.409285714285716,Hold
2020-05-04 16:15:00,9305.1,13.01,50.55285714285714,Hold
2020-05-05 08:15:00,9429.4,26.86,46.306428571428576,Hold
2020-05-05 09:15:00,9369.3,25.1,41.96999999999999,Hold
2020-05-05 10:15:00,9378.0,20.46,37.29071428571429,Hold
2020-05-05 11:15:00,9342.3,19.75,32.65642857142857,Hold
2020-05-05 12:15:00,9371.05,22.68,28.384285714285713,Hold
2020-05-05 13:15:00,9333.85,33.33,27.073571428571427,Hold
2020-05-05 14:15:00,9199.05,34.57,26.508571428571425,Hold
2020-05-05 15:15:00,9212.75,35.26,26.065714285714282,Hold
2020-05-05 16:15:00,9222.45,36.82,25.677142857142858,Hold
2020-05-06 08:15:00,9226.8,38.57,25.51928571428572,Hold
2020-05-06 09:15:00,9279.95,46.6,27.23428571428571,Hold
2020-05-06 10:15:00,9313.9,53.07,30.119285714285713,Hold
2020-05-06 11:15:00,9327.05,51.64,32.69428571428572,Hold
2020-05-06 12:15:00,9267.05,46.92,35.11642857142857,Hold
2020-05-06 13:15:00,9282.55,35.57,35.73857142857143,Hold
2020-05-06 14:15:00,9270.45,39.27,36.75071428571429,Hold
2020-05-06 15:15:00,9272.65,38.4,38.03214285714286,Hold
2020-05-06 16:15:00,9287.65,43.7,39.74285714285714,Hold
2020-05-07 08:15:00,9234.05,35.06,40.627142857142864,Hold
2020-05-07 09:15:00,9240.7,39.11,41.040000000000006,Hold
2020-05-07 10:15:00,9212.1,52.03,42.287142857142854,Hold
2020-05-08 10:15:00,9341.15,64.69,44.38928571428572,Hold
2020-05-08 11:15:00,9331.85,62.53,46.22571428571429,Hold
2020-05-08 12:15:00,9340.35,62.88,47.96214285714286,Hold
2020-05-08 13:15:00,9295.4,51.79,48.332857142857144,Hold
2020-05-08 14:15:00,9245.95,42.42,47.57214285714286,Hold
2020-05-08 15:15:00,9257.1,42.16,46.895,Hold
2020-05-08 16:15:00,9250.6,47.9,46.964999999999996,Hold
2020-05-11 08:15:00,9348.15,56.91,48.489285714285714,Hold
2020-05-11 09:15:00,9384.15,61.4,50.06999999999999,Hold
2020-05-11 10:15:00,9354.95,57.83,51.457857142857144,Hold
2020-05-11 11:15:00,9337.1,54.68,52.24214285714286,Hold
2020-05-11 12:15:00,9346.7,61.63,54.14,Hold
2020-05-11 13:15:00,9292.8,54.9,55.267857142857146,Hold
2020-05-11 14:15:00,9241.1,52.61,55.309285714285714,Hold
2020-05-11 15:15:00,9240.6,38.2,53.417142857142856,Hold
2020-05-11 16:15:00,9247.3,40.02,51.80928571428571,Hold
2020-05-12 08:15:00,9168.85,32.62,49.64785714285714,Hold
2020-05-12 09:15:00,9095.2,30.83,48.15071428571429,Hold
2020-05-12 10:15:00,9102.25,35.03,47.62285714285714,Hold
2020-05-12 11:15:00,9082.55,32.13,46.90642857142857,Hold
2020-05-12 12:15:00,9100.8,35.02,45.98642857142857,Hold
2020-05-12 13:15:00,9118.95,22.76,43.547142857142866,Hold
2020-05-12 14:15:00,9168.95,25.25,40.96500000000001,Hold
2020-05-12 15:15:00,9198.55,32.03,39.12214285714286,Hold
2020-05-12 16:15:00,9209.8,35.15,37.72714285714285,Hold
2020-05-13 08:15:00,9584.2,64.97,37.965714285714284,Hold
2020-05-13 09:15:00,9392.45,55.35,37.99785714285714,Hold
2020-05-13 10:15:00,9424.45,60.06,38.53000000000001,Hold
2020-05-13 11:15:00,9415.75,59.52,40.05285714285714,Hold
2020-05-13 12:15:00,9368.25,56.3,41.21571428571429,Hold
2020-05-13 13:15:00,9387.0,62.11,43.32214285714286,Hold
2020-05-13 14:15:00,9387.8,67.67,45.95357142857143,Hold
2020-05-13 15:15:00,9388.7,67.43,48.267857142857146,Hold
2020-05-13 16:15:00,9383.4,68.63,50.875,Hold
2020-05-14 08:15:00,9213.95,55.9,52.36642857142858,Hold
2020-05-14 09:15:00,9239.6,56.24,54.757857142857134,Hold
2020-05-14 10:15:00,9214.5,52.42,56.69857142857143,Hold
2020-05-14 11:15:00,9208.7,50.55,58.021428571428565,Hold
2020-05-14 12:15:00,9222.05,50.67,59.13,Hold
2020-05-14 13:15:00,9144.95,14.7,55.53928571428571,Hold
2020-05-14 14:15:00,9136.8,20.85,53.074999999999996,Hold
2020-05-14 15:15:00,9145.65,16.44,49.95928571428572,Hold
2020-05-14 16:15:00,9150.1,17.69,46.971428571428575,Hold
2020-05-15 08:15:00,9182.4,26.53,44.84499999999999,Hold
2020-05-15 09:15:00,9084.05,18.15,41.705000000000005,Hold
2020-05-15 10:15:00,9064.1,17.28,38.105714285714285,Hold
2020-05-15 11:15:00,9066.15,17.48,34.53785714285714,Hold
2020-05-15 12:15:00,9086.1,20.88,31.127142857142854,Hold
2020-05-15 13:15:00,9143.2,41.12,30.071428571428573,Hold
2020-05-15 14:15:00,9134.75,36.24,28.642857142857142,Hold
2020-05-15 15:15:00,9135.8,38.97,27.682142857142857,Hold
2020-05-15 16:15:00,9129.4,38.91,26.850714285714282,Hold
2020-05-18 08:15:00,9158.3,41.46,26.192857142857147,Hold
2020-05-18 09:15:00,8938.1,29.96,27.282857142857146,Hold
2020-05-18 10:15:00,8857.55,26.28,27.670714285714286,Hold
2020-05-18 11:15:00,8868.35,26.52,28.39071428571429,Hold
2020-05-18 12:15:00,8889.45,28.53,29.165,Hold
2020-05-18 13:15:00,8904.05,26.39,29.154999999999998,Hold
2020-05-18 14:15:00,8823.05,27.19,29.80071428571429,Hold
2020-05-18 15:15:00,8822.45,28.14,30.576428571428572,Hold
2020-05-18 16:15:00,8833.1,29.24,31.416428571428575,Hold
2020-05-19 08:15:00,8961.7,40.72,32.83357142857143,Hold
2020-05-19 09:15:00,8970.85,36.15,32.47857142857143,Hold
2020-05-19 10:15:00,8970.95,36.65,32.50785714285714,Hold
2020-05-19 11:15:00,8987.85,38.25,32.45642857142857,Hold
2020-05-19 12:15:00,8945.35,36.18,32.261428571428574,Hold
2020-05-19 13:15:00,8875.3,29.98,31.44142857142857,Hold
2020-05-19 14:15:00,8882.2,44.34,32.46857142857143,Hold
2020-05-19 15:15:00,8888.0,53.64,34.42285714285715,Hold
2020-05-19 16:15:00,8889.5,52.58,36.28428571428571,Hold
2020-05-20 08:15:00,8889.15,49.96,37.815,Hold
2020-05-20 09:15:00,8967.35,57.0,40.00142857142857,Hold
2020-05-20 10:15:00,8932.6,63.49,42.59428571428571,Hold
2020-05-20 11:15:00,8950.4,65.12,45.23571428571428,Hold
2020-05-20 12:15:00,8961.7,65.17,47.80214285714286,Hold
2020-05-20 13:15:00,9001.1,55.89,48.885714285714286,Hold
2020-05-20 14:15:00,9062.3,61.82,50.71928571428571,Hold
2020-05-20 15:15:00,9077.25,63.23,52.61785714285714,Hold
2020-05-20 16:15:00,9086.65,62.53,54.35214285714285,Hold
2020-05-21 08:15:00,9079.45,68.69,56.674285714285716,Hold
2020-05-21 09:15:00,9109.75,86.74,60.728571428571435,Sell
2020-05-21 10:15:00,9129.6,87.26,63.794285714285714,Waiting
2020-05-21 11:15:00,9134.25,87.21,66.19214285714285,Waiting
2020-05-21 12:15:00,9164.95,88.25,68.74,Waiting
2020-05-21 13:15:00,9143.4,83.34,71.12428571428572,Waiting
2020-05-21 14:15:00,9111.9,71.6,72.16714285714286,Waiting
2020-05-21 15:15:00,9101.45,77.21,73.14714285714285,Waiting
2020-05-21 16:15:00,9100.7,75.63,73.89785714285713,Waiting
2020-05-22 08:15:00,9067.9,66.87,74.01928571428572,Waiting
2020-05-22 09:15:00,9068.0,62.15,74.46642857142857,Waiting
2020-05-22 10:15:00,9009.25,40.28,72.92785714285715,Waiting
2020-05-22 11:15:00,9007.9,36.63,71.02785714285714,Waiting
2020-05-22 12:15:00,8996.65,32.77,68.90214285714286,Waiting
2020-05-22 13:15:00,9043.9,44.1,67.14571428571428,Waiting
2020-05-22 14:15:00,9031.5,36.19,63.535000000000004,Waiting
2020-05-22 15:15:00,9046.45,35.07,59.80714285714286,Waiting
2020-05-22 16:15:00,9050.1,34.84,56.06642857142857,Waiting
2020-05-26 08:15:00,9099.75,39.0,52.548571428571435,Waiting
2020-05-26 09:15:00,9127.55,47.38,49.980000000000004,Waiting
2020-05-26 10:15:00,9104.55,48.75,48.347857142857144,Waiting
2020-05-26 11:15:00,9095.05,48.91,46.326428571428565,Waiting
2020-05-26 12:15:00,9066.9,44.73,44.11928571428571,Waiting
2020-05-26 13:15:00,9010.4,41.65,42.317857142857136,Waiting
2020-05-26 14:15:00,9019.65,43.16,40.96142857142858,Waiting
2020-05-26 15:15:00,9034.55,54.09,41.94785714285714,Waiting
2020-05-26 16:15:00,9046.1,55.97,43.32928571428572,Waiting
2020-05-27 08:15:00,9082.2,62.41,45.44642857142857,Waiting
2020-05-27 09:15:00,9031.5,48.22,45.74071428571428,Waiting
2020-05-27 10:15:00,9103.05,58.78,47.35428571428571,Waiting
2020-05-27 11:15:00,9107.0,57.64,48.96642857142857,Waiting
2020-05-27 12:15:00,9182.35,64.13,51.058571428571426,Waiting
2020-05-27 13:15:00,9268.5,66.73,53.03928571428571,Waiting
2020-05-27 14:15:00,9321.25,68.29,54.53285714285715,Waiting
2020-05-27 15:15:00,9314.95,70.52,56.087857142857146,Waiting
2020-05-27 16:15:00,9316.0,71.91,57.730714285714285,Waiting
2020-05-28 08:15:00,9364.95,78.38,60.13428571428572,Waiting
2020-05-28 09:15:00,9432.8,89.37,63.542857142857144,Waiting
2020-05-28 10:15:00,9471.55,89.93,66.88357142857144,Waiting
2020-05-28 11:15:00,9471.1,89.58,69.41857142857143,Waiting
2020-05-29 11:15:00,9473.1,89.4,71.80642857142857,Waiting
2020-05-29 12:15:00,9473.95,88.66,73.68142857142857,Waiting
2020-05-29 13:15:00,9540.75,98.71,77.28785714285713,Waiting
2020-05-29 14:15:00,9590.3,98.65,80.13571428571429,Waiting
2020-05-29 15:15:00,9571.15,94.98,82.80285714285715,Waiting
2020-05-29 16:15:00,9568.95,93.65,84.91142857142857,Waiting
2020-06-01 08:15:00,9726.85,94.54,86.89785714285715,Waiting
2020-06-01 09:15:00,9835.15,95.07,88.8107142857143,Waiting
2020-06-01 10:15:00,9849.35,96.23,90.64714285714287,Waiting
2020-06-01 11:15:00,9903.05,96.54,92.40642857142858,Waiting
2020-06-01 12:15:00,9915.25,96.33,93.68857142857142,Waiting
2020-06-01 13:15:00,9834.6,83.11,93.24142857142859,Waiting
2020-06-01 14:15:00,9830.95,81.44,92.63499999999999,Waiting
2020-06-01 15:15:00,9817.15,79.58,91.9207142857143,Waiting
2020-06-01 16:15:00,9811.25,78.71,91.15714285714284,Waiting
2020-06-02 08:15:00,9880.85,80.94,90.60571428571428,Waiting
2020-06-02 09:15:00,9870.6,77.44,89.08642857142857,Waiting
2020-06-02 10:15:00,9893.7,76.4,87.49714285714286,Waiting
2020-06-02 11:15:00,9920.8,80.01,86.42785714285715,Waiting
2020-06-02 12:15:00,9956.05,81.44,85.55571428571429,Waiting
2020-06-02 13:15:00,9964.3,75.48,84.1942857142857,Waiting
2020-06-02 14:15:00,9977.3,69.18,82.345,Waiting
2020-06-02 15:15:00,9980.6,68.24,80.34571428571428,Waiting
2020-06-02 16:15:00,9995.1,64.36,78.04714285714284,Waiting
2020-06-03 08:15:00,10108.3,72.9,76.37357142857142,Waiting
2020-06-03 09:15:00,10090.3,85.62,76.55285714285715,Waiting
2020-06-03 10:15:00,10089.1,86.21,76.89357142857143,Waiting
2020-06-03 11:15:00,10128.15,90.74,77.6907142857143,Waiting
2020-06-03 12:15:00,10109.85,87.88,78.34571428571428,Waiting
2020-06-03 13:15:00,10149.45,86.89,78.77071428571428,Waiting
2020-06-03 14:15:00,10050.6,69.88,78.23071428571427,Waiting
2020-06-03 15:15:00,10064.25,69.24,77.7192857142857,Waiting
2020-06-03 16:15:00,10069.1,67.61,76.83357142857143,Waiting
2020-06-04 08:15:00,10054.25,62.26,75.46357142857143,Waiting
2020-06-04 09:15:00,10060.1,62.03,74.50285714285714,Waiting
2020-06-04 10:15:00,10051.65,59.44,73.80714285714285,Waiting
2020-06-04 11:15:00,9984.4,50.42,72.53428571428572,Waiting
2020-06-04 12:15:00,9954.05,45.66,71.19857142857143,Waiting
2020-06-04 13:15:00,9996.65,36.14,68.57285714285715,Waiting
2020-06-04 14:15:00,10025.6,42.18,65.47,Waiting
2020-06-04 15:15:00,10037.35,43.9,62.44785714285714,Waiting
2020-06-04 16:15:00,10030.55,37.55,58.64857142857142,Waiting
2020-06-05 08:15:00,10093.8,48.16,55.811428571428564,Waiting
2020-06-05 09:15:00,10086.0,42.17,52.61714285714286,Waiting
2020-06-05 10:15:00,10082.4,55.13,51.56357142857143,Waiting
2020-06-05 11:15:00,10110.05,57.07,50.694285714285705,Waiting
2020-06-05 12:15:00,10118.0,57.47,49.96999999999999,Waiting
2020-06-05 13:15:00,10166.15,65.52,50.202857142857134,Waiting
2020-06-05 14:15:00,10138.6,60.27,50.07714285714285,Waiting
2020-06-05 15:15:00,10157.5,63.48,50.36571428571428,Waiting
2020-06-05 16:15:00,10168.25,77.35,52.28928571428571,Waiting
2020-06-08 08:15:00,10326.75,90.14,55.46642857142857,Waiting
2020-06-08 09:15:00,10287.9,81.63,58.715714285714284,Waiting
2020-06-08 10:15:00,10303.4,81.07,61.49357142857143,Waiting
2020-06-08 11:15:00,10290.8,78.3,63.950714285714284,Waiting
2020-06-08 12:15:00,10214.75,67.81,66.11214285714286,Waiting
2020-06-08 13:15:00,10170.5,57.7,66.79357142857143,Waiting
2020-06-08 14:15:00,10164.2,57.87,67.91499999999999,Waiting
2020-06-08 15:15:00,10176.25,59.29,68.21214285714285,Waiting
2020-06-08 16:15:00,10176.15,56.92,68.20142857142858,Waiting
2020-06-09 08:15:00,10181.15,56.65,68.14285714285714,Waiting
2020-06-09 09:15:00,10248.25,58.32,67.62857142857142,Waiting
2020-06-09 10:15:00,10252.05,62.08,67.75785714285715,Waiting
2020-06-09 11:15:00,10266.6,61.72,67.63214285714285,Waiting
2020-06-09 12:15:00,10179.25,51.01,65.75071428571428,Waiting
2020-06-09 13:15:00,10096.5,25.31,61.12,Waiting
2020-06-09 14:15:00,10051.75,24.99,57.074285714285715,Buy
2020-06-09 15:15:00,10037.65,21.77,52.83857142857142,Hold
2020-06-09 16:15:00,10027.25,21.88,48.808571428571426,Hold
2020-06-10 08:15:00,10072.6,33.77,46.377142857142864,Hold
2020-06-10 09:15:00,10071.25,37.44,44.93,Hold
2020-06-10 10:15:00,10123.7,45.41,44.04,Hold
2020-06-10 11:15:00,10088.95,40.59,42.70428571428572,Hold
2020-06-10 12:15:00,10112.9,43.51,41.74642857142857,Hold
2020-06-10 13:15:00,10102.1,41.99,40.699285714285715,Hold
2020-06-10 14:15:00,10129.3,36.89,39.16857142857143,Hold
2020-06-10 15:15:00,10139.9,37.82,37.43571428571429,Hold
2020-06-10 16:15:00,10140.2,35.83,35.58642857142857,Hold
2020-06-11 08:15:00,10094.1,39.48,34.76285714285714,Hold
2020-06-11 09:15:00,10090.8,49.12,36.46357142857143,Hold
2020-06-11 10:15:00,10022.95,45.87,37.955,Hold
2020-06-11 11:15:00,10023.05,47.82,39.815714285714286,Hold
2020-06-11 12:15:00,10014.7,48.11,41.68928571428571,Hold
2020-06-11 13:15:00,9957.85,33.32,41.65714285714286,Hold
2020-06-11 14:15:00,9893.65,28.17,40.995,Hold
2020-06-11 15:15:00,9910.35,21.25,39.269285714285715,Hold
2020-06-11 16:15:00,9910.1,23.43,38.04357142857143,Hold
2020-06-12 08:15:00,9544.95,8.1,35.51428571428572,Hold
2020-06-12 09:15:00,9677.35,23.43,34.18857142857143,Hold
2020-06-12 10:15:00,9715.35,24.45,33.3,Hold
2020-06-12 11:15:00,9754.7,27.04,32.529999999999994,Hold
2020-06-12 12:15:00,9758.15,27.31,31.92142857142857,Hold
2020-06-12 13:15:00,9871.95,37.79,31.800714285714285,Hold
2020-06-12 14:15:00,9974.7,44.25,31.452857142857145,Hold
2020-06-12 15:15:00,9956.1,46.52,31.499285714285715,Hold
2020-06-12 16:15:00,9958.7,46.66,31.416428571428572,Hold
2020-06-15 08:15:00,9919.35,45.2,31.208571428571428,Hold
2020-06-15 09:15:00,9867.1,45.41,32.07214285714286,Hold
2020-06-15 10:15:00,9770.15,43.96,33.2,Hold
2020-06-15 11:15:00,9735.15,41.58,34.652142857142856,Hold
2020-06-15 12:15:00,9765.6,43.25,36.06785714285714,Hold
2020-06-15 13:15:00,9822.75,68.23,40.36285714285714,Hold
2020-06-15 14:15:00,9810.25,60.35,43.0,Hold
2020-06-15 15:15:00,9810.35,57.86,45.38642857142857,Hold
2020-06-15 16:15:00,9817.65,55.5,47.419285714285714,Hold
2020-06-16 08:15:00,10014.8,66.75,50.23642857142857,Hold
2020-06-16 09:15:00,9985.35,58.32,51.70285714285715,Hold
2020-06-16 10:15:00,9986.3,51.0,52.185,Hold
2020-06-16 11:15:00,9940.5,48.71,52.34142857142857,Hold
2020-06-16 12:15:00,9843.15,41.77,51.992142857142866,Hold
2020-06-16 13:15:00,9862.7,45.85,52.03857142857142,Hold
2020-06-16 14:15:00,9915.35,53.54,52.619285714285716,Hold
2020-06-16 15:15:00,9906.2,61.44,53.86785714285714,Hold
2020-06-16 16:15:00,9898.4,64.39,55.49714285714286,Hold
2020-06-17 08:15:00,9876.7,59.94,56.68928571428571,Hold
2020-06-17 09:15:00,9937.6,60.21,56.11642857142858,Hold
2020-06-17 10:15:00,9883.95,56.11,55.813571428571436,Hold
2020-06-17 11:15:00,9939.25,59.78,55.95071428571429,Hold
2020-06-17 12:15:00,9949.7,59.98,56.27071428571429,Hold
2020-06-18 12:15:00,9964.3,44.73,54.69785714285714,Hold
2020-06-18 13:15:00,10056.55,56.57,54.57285714285714,Hold
2020-06-18 14:15:00,10082.95,58.51,55.10928571428571,Hold
2020-06-18 15:15:00,10088.85,64.06,56.20571428571428,Hold
2020-06-18 16:15:00,10090.5,78.63,58.83857142857143,Sell
2020-06-19 08:15:00,10119.0,79.07,61.21142857142858,Waiting
2020-06-19 09:15:00,10130.5,76.91,62.880714285714284,Waiting
2020-06-19 10:15:00,10139.8,79.21,64.15,Waiting
2020-06-19 11:15:00,10195.7,83.18,65.49214285714285,Waiting
2020-06-19 12:15:00,10169.5,82.35,67.09285714285714,Waiting
2020-06-19 13:15:00,10185.3,80.4,68.535,Waiting
2020-06-19 14:15:00,10249.75,93.74,71.22285714285714,Waiting
2020-06-19 15:15:00,10253.75,92.86,73.58571428571429,Waiting
2020-06-19 16:15:00,10256.45,92.7,75.92285714285713,Waiting
2020-06-22 08:15:00,10318.75,93.56,79.41071428571429,Waiting
2020-06-22 09:15:00,10331.95,92.01,81.94214285714284,Waiting
2020-06-22 10:15:00,10301.55,82.94,83.68714285714285,Waiting
2020-06-22 11:15:00,10301.1,82.52,85.00571428571428,Waiting
2020-06-22 12:15:00,10338.5,84.24,85.40642857142858,Waiting
2020-06-22 13:15:00,10374.9,84.58,85.79999999999998,Waiting
2020-06-22 14:15:00,10317.55,72.49,85.48428571428572,Waiting
2020-06-22 15:15:00,10327.1,72.51,85.00571428571428,Waiting
2020-06-22 16:15:00,10323.25,67.52,83.88714285714285,Waiting
2020-06-23 08:15:00,10347.95,74.61,83.33428571428571,Waiting
2020-06-23 09:15:00,10358.9,74.27,82.89642857142857,Waiting
2020-06-23 10:15:00,10363.0,69.04,81.13214285714285,Waiting
2020-06-23 11:15:00,10386.0,70.9,79.56357142857144,Waiting
2020-06-23 12:15:00,10424.9,73.89,78.22,Waiting
2020-06-23 13:15:00,10410.4,65.04,76.18285714285715,Waiting
2020-06-23 14:15:00,10469.35,69.6,74.58214285714287,Waiting
2020-06-23 15:15:00,10477.0,76.77,74.14142857142858,Waiting
2020-06-23 16:15:00,10483.1,77.29,73.76785714285714,Waiting
2020-06-24 08:15:00,10529.25,77.88,73.31357142857142,Waiting
2020-06-24 09:15:00,10544.6,76.42,72.73071428571428,Waiting
2020-06-24 10:15:00,10471.2,72.79,72.75214285714286,Waiting
2020-06-24 11:15:00,10478.95,72.64,72.76142857142857,Waiting
2020-06-24 12:15:00,10448.4,67.28,72.74428571428571,Waiting
2020-06-24 13:15:00,10396.75,56.27,71.4342857142857,Waiting
2020-06-24 14:15:00,10302.25,44.01,69.27285714285713,Waiting
2020-06-24 15:15:00,10307.3,44.12,67.49285714285715,Waiting
2020-06-24 16:15:00,10320.2,42.9,65.49285714285715,Waiting
2020-06-25 08:15:00,10235.55,31.41,62.45857142857143,Waiting
2020-06-25 09:15:00,10262.7,35.85,60.37357142857143,Waiting
2020-06-25 10:15:00,10334.25,37.36,58.07071428571429,Waiting
2020-06-25 11:15:00,10269.3,32.45,54.904999999999994,Waiting
2020-06-25 12:15:00,10244.65,30.46,51.56,Waiting
2020-06-25 13:15:00,10343.85,36.02,48.57,Waiting
2020-06-25 14:15:00,10284.6,31.62,45.370000000000005,Waiting
2020-06-25 15:15:00,10281.4,35.1,42.67785714285714,Waiting
2020-06-25 16:15:00,10285.05,34.68,39.96642857142857,Waiting
2020-06-26 08:15:00,10378.9,45.01,38.37571428571429,Waiting
2020-06-26 09:15:00,10384.4,49.05,37.86,Waiting
2020-06-26 10:15:00,10369.85,55.93,38.71142857142858,Waiting
2020-06-26 11:15:00,10373.05,55.79,39.545,Waiting
2020-06-26 12:15:00,10350.4,52.61,40.23857142857143,Waiting
2020-06-26 13:15:00,10345.95,61.09,42.35857142857143,Waiting
2020-06-26 14:15:00,10379.3,61.57,44.19571428571429,Waiting
2020-06-26 15:15:00,10397.65,57.03,45.60071428571428,Waiting
2020-06-26 16:15:00,10400.25,66.86,48.058571428571426,Waiting
2020-06-29 08:15:00,10311.95,57.44,49.98571428571429,Waiting
2020-06-29 09:15:00,10242.2,37.97,50.125,Waiting
2020-06-29 10:15:00,10255.9,46.19,51.16571428571429,Waiting
2020-06-29 11:15:00,10253.95,46.35,51.96928571428572,Waiting
2020-06-29 12:15:00,10278.45,49.17,53.00428571428571,Waiting
2020-06-29 13:15:00,10275.9,33.14,52.15642857142857,Waiting
2020-06-29 14:15:00,10326.05,41.67,51.62928571428572,Waiting
2020-06-29 15:15:00,10314.35,42.01,50.635,Waiting
2020-06-29 16:15:00,10315.2,41.61,49.62214285714286,Waiting
2020-06-30 08:15:00,10382.6,54.13,49.730714285714285,Waiting
2020-06-30 09:15:00,10384.45,54.97,49.29357142857143,Waiting
2020-06-30 10:15:00,10368.5,48.54,48.362857142857145,Waiting
2020-06-30 11:15:00,10349.55,43.5,47.39642857142858,Waiting
2020-06-30 12:15:00,10368.3,45.87,45.89714285714286,Waiting
2020-06-30 13:15:00,10361.2,58.07,45.942142857142855,Waiting
2020-06-30 14:15:00,10301.85,60.12,47.52428571428572,Waiting
2020-06-30 15:15:00,10308.6,59.16,48.450714285714284,Waiting
2020-06-30 16:15:00,10307.2,59.27,49.37357142857143,Waiting
2020-07-01 08:15:00,10323.8,58.12,50.01285714285715,Waiting
2020-07-01 09:15:00,10350.5,62.29,52.095000000000006,Waiting
2020-07-01 10:15:00,10336.95,52.04,52.83571428571428,Waiting
2020-07-01 11:15:00,10387.8,62.0,54.263571428571424,Waiting
2020-07-01 12:15:00,10422.05,65.74,55.98714285714285,Waiting
2020-07-01 13:15:00,10432.65,58.85,56.324285714285715,Waiting
2020-07-01 14:15:00,10436.4,59.13,56.621428571428574,Waiting
2020-07-01 15:15:00,10416.65,58.35,57.32214285714286,Waiting
2020-07-01 16:15:00,10418.85,62.76,58.69785714285714,Waiting
2020-07-02 08:15:00,10493.05,69.07,60.355,Waiting
2020-07-02 09:15:00,10533.6,73.91,61.48642857142857,Waiting
2020-07-02 10:15:00,10505.1,80.83,62.965714285714284,Waiting
2020-07-02 11:15:00,10556.6,83.12,64.67714285714285,Waiting
2020-07-02 12:15:00,10561.4,83.64,66.41785714285713,Waiting
2020-07-02 13:15:00,10593.1,84.27,68.28571428571428,Waiting
2020-07-02 14:15:00,10546.55,73.75,69.10428571428571,Waiting
2020-07-02 15:15:00,10552.45,76.6,70.85857142857142,Waiting
2020-07-02 16:15:00,10562.0,73.94,71.71142857142857,Waiting
2020-07-03 08:15:00,10614.95,75.22,72.38857142857142,Waiting
2020-07-03 09:15:00,10597.15,71.11,73.26428571428572,Waiting
2020-07-03 10:15:00,10588.95,69.35,73.99428571428572,Waiting
2020-07-03 11:15:00,10614.35,74.72,75.16357142857143,Waiting
2020-07-03 12:15:00,10588.5,70.03,75.68285714285715,Waiting
2020-07-03 13:15:00,10602.45,65.06,75.39642857142857,Waiting
2020-07-03 14:15:00,10606.75,61.19,74.48785714285714,Waiting
2020-07-03 15:15:00,10609.35,67.31,73.52214285714285,Waiting
2020-07-03 16:15:00,10603.35,59.15,71.81,Waiting
2020-07-06 08:15:00,10723.85,71.88,70.97,Waiting
2020-07-06 09:15:00,10736.55,70.36,69.97642857142857,Waiting
2020-07-06 10:15:00,10748.95,81.81,70.55214285714285,Waiting
2020-07-06 11:15:00,10765.65,82.41,70.96714285714286,Waiting
2020-07-06 12:15:00,10794.9,83.41,71.64357142857143,Waiting
2020-07-06 13:15:00,10769.05,73.97,71.55428571428571,Waiting
2020-07-06 14:15:00,10765.9,77.5,72.01071428571429,Waiting
2020-07-06 15:15:00,10763.5,78.99,72.69928571428571,Waiting
2020-07-06 16:15:00,10769.8,77.57,72.90285714285714,Waiting
2020-07-07 08:15:00,10802.85,87.07,74.12,Waiting
2020-07-07 09:15:00,10774.95,78.46,75.07714285714285,Waiting
2020-07-07 10:15:00,10733.45,68.62,75.60785714285714,Waiting
2020-07-07 11:15:00,10728.6,67.41,75.61500000000001,Waiting
2020-07-07 12:15:00,10766.7,71.8,76.51857142857143,Waiting
2020-07-07 13:15:00,10768.0,58.64,75.57285714285715,Waiting
2020-07-08 13:15:00,10823.1,64.53,75.15642857142856,Waiting
2020-07-08 14:15:00,10708.85,44.98,72.52571428571429,Waiting
2020-07-08 15:15:00,10683.9,39.98,69.495,Waiting
2020-07-08 16:15:00,10694.95,37.18,66.19285714285714,Waiting
2020-07-09 08:15:00,10755.55,48.41,64.36714285714285,Waiting
2020-07-09 09:15:00,10781.05,51.7,62.52428571428572,Waiting
2020-07-09 10:15:00,10776.5,51.45,60.55714285714286,Waiting
2020-07-09 11:15:00,10775.15,50.6,58.630714285714284,Waiting
2020-07-09 12:15:00,10765.25,45.53,55.66357142857142,Waiting
2020-07-09 13:15:00,10798.4,52.75,53.82714285714285,Waiting
2020-07-09 14:15:00,10811.25,59.79,53.19642857142857,Waiting
2020-07-09 15:15:00,10822.6,61.63,52.78357142857143,Waiting
2020-07-09 16:15:00,10832.5,58.75,51.85142857142858,Waiting
2020-07-10 08:15:00,10764.1,49.56,51.202857142857134,Waiting
2020-07-10 09:15:00,10808.9,48.36,50.04785714285714,Waiting
2020-07-10 10:15:00,10752.05,55.76,50.817857142857136,Waiting
2020-07-10 11:15:00,10748.45,59.12,52.185,Waiting
2020-07-10 12:15:00,10756.7,58.8,53.729285714285716,Waiting
2020-07-10 13:15:00,10751.0,49.23,53.78785714285714,Waiting
2020-07-10 14:15:00,10761.1,46.45,53.41285714285714,Waiting
2020-07-10 15:15:00,10772.0,49.22,53.25357142857143,Waiting
2020-07-10 16:15:00,10772.6,49.55,53.17857142857143,Waiting
2020-07-13 08:15:00,10851.85,62.17,54.367142857142866,Waiting
2020-07-13 09:15:00,10857.6,59.02,54.815000000000005,Waiting
2020-07-13 10:15:00,10835.1,53.53,54.36785714285714,Waiting
2020-07-13 11:15:00,10807.25,47.83,53.38214285714286,Waiting
2020-07-13 12:15:00,10811.25,46.95,52.53928571428571,Waiting
2020-07-13 13:15:00,10785.2,53.45,52.81714285714286,Waiting
2020-07-13 14:15:00,10796.5,47.73,52.77214285714286,Waiting
2020-07-13 15:15:00,10807.45,62.21,53.23285714285714,Waiting
2020-07-13 16:15:00,10815.2,64.45,53.61357142857143,Waiting
2020-07-14 08:15:00,10750.85,48.98,52.912142857142854,Waiting
2020-07-14 09:15:00,10717.65,44.7,52.58857142857143,Waiting
2020-07-14 10:15:00,10628.65,33.17,51.64,Waiting
2020-07-14 11:15:00,10638.25,32.95,50.47785714285714,Waiting
2020-07-14 12:15:00,10569.0,27.91,48.932142857142864,Waiting
2020-07-14 13:15:00,10631.7,25.22,46.29285714285714,Buy
2020-07-14 14:15:00,10610.3,23.11,43.72785714285714,Hold
2020-07-14 15:15:00,10605.15,24.02,41.620000000000005,Hold
2020-07-14 16:15:00,10609.75,26.45,40.09285714285714,Hold
2020-07-15 08:15:00,10701.0,39.12,39.53357142857143,Hold
2020-07-15 09:15:00,10756.3,47.3,39.09428571428571,Hold
2020-07-15 10:15:00,10800.35,50.34,39.28071428571429,Hold
2020-07-15 11:15:00,10784.1,47.97,38.263571428571424,Hold
2020-07-15 12:15:00,10793.7,48.13,37.097857142857144,Hold
2020-07-15 13:15:00,10786.2,53.41,37.41428571428571,Hold
2020-07-15 14:15:00,10600.2,41.26,37.16857142857143,Hold
2020-07-15 15:15:00,10616.55,48.99,38.29857142857143,Hold
2020-07-15 16:15:00,10635.45,49.77,39.5,Hold
2020-07-16 08:15:00,10706.2,61.25,41.88142857142857,Hold
2020-07-16 09:15:00,10670.4,53.32,43.888571428571424,Hold
2020-07-16 10:15:00,10650.85,53.49,46.058571428571426,Hold
2020-07-16 11:15:00,10650.55,53.94,48.19571428571429,Hold
2020-07-16 12:15:00,10645.3,53.08,50.09785714285714,Hold
2020-07-16 13:15:00,10660.15,45.92,50.58357142857143,Hold
2020-07-16 14:15:00,10746.05,49.03,50.707142857142856,Hold
2020-07-16 15:15:00,10726.5,42.71,50.162142857142854,Hold
2020-07-16 16:15:00,10728.45,44.35,49.90357142857143,Hold
2020-07-17 08:15:00,10752.0,45.88,49.74285714285715,Hold
2020-07-17 09:15:00,10808.95,52.05,49.645714285714284,Hold
2020-07-17 10:15:00,10811.85,78.41,52.29928571428571,Sell
2020-07-17 11:15:00,10817.95,77.79,54.35642857142857,Waiting
2020-07-17 12:15:00,10802.15,73.2,56.029999999999994,Waiting
2020-07-17 13:15:00,10834.8,70.02,56.65642857142857,Waiting
2020-07-17 14:15:00,10900.9,82.8,58.76214285714286,Waiting
2020-07-17 15:15:00,10924.65,88.5,61.26285714285715,Waiting
2020-07-17 16:15:00,10927.85,88.68,63.74428571428571,Waiting
2020-07-20 08:15:00,10999.45,91.68,66.50142857142858,Waiting
2020-07-20 09:15:00,10999.45,91.38,69.74857142857142,Waiting
2020-07-20 10:15:00,10981.95,84.53,72.28428571428572,Waiting
2020-07-20 11:15:00,10978.95,88.83,75.57857142857142,Waiting
2020-07-20 12:15:00,10996.3,89.34,78.79214285714285,Waiting
2020-07-20 13:15:00,11021.65,89.39,81.9,Waiting
2020-07-20 14:15:00,11032.2,87.73,84.44857142857143,Waiting
2020-07-20 15:15:00,11029.3,86.75,85.04428571428572,Waiting
2020-07-20 16:15:00,11027.7,86.0,85.63071428571429,Waiting
2020-07-21 08:15:00,11126.1,93.31,87.06714285714285,Waiting
2020-07-21 09:15:00,11125.0,92.38,88.66428571428571,Waiting
2020-07-21 10:15:00,11134.7,90.87,89.24071428571429,Waiting
2020-07-21 11:15:00,11152.75,90.69,89.39714285714287,Waiting
2020-07-21 12:15:00,11165.35,90.99,89.56214285714286,Waiting
2020-07-21 13:15:00,11143.5,80.02,88.72928571428572,Waiting
2020-07-21 14:15:00,11164.7,81.64,88.03357142857143,Waiting
2020-07-21 15:15:00,11157.9,85.13,88.07642857142858,Waiting
2020-07-21 16:15:00,11170.2,86.81,87.93214285714285,Waiting
2020-07-22 08:15:00,11231.2,88.71,87.88714285714286,Waiting
2020-07-22 09:15:00,11141.35,66.27,86.23571428571428,Waiting
2020-07-22 10:15:00,11175.95,68.34,84.85071428571428,Waiting
2020-07-22 11:15:00,11176.85,68.92,83.57714285714285,Waiting
2020-07-22 12:15:00,11138.15,62.93,81.92928571428571,Waiting
2020-07-22 13:15:00,11088.85,45.07,78.48357142857142,Waiting
2020-07-22 14:15:00,11133.9,51.05,75.53142857142858,Waiting
2020-07-22 15:15:00,11144.1,51.11,72.69142857142857,Waiting
2020-07-22 16:15:00,11143.65,48.88,69.705,Waiting
2020-07-23 08:15:00,11135.0,46.21,66.50642857142857,Waiting
2020-07-23 09:15:00,11155.15,51.46,64.46642857142858,Waiting
2020-07-23 10:15:00,11192.2,53.31,62.44285714285714,Waiting
2020-07-23 11:15:00,11208.9,56.0,60.36214285714285,Waiting
2020-07-23 12:15:00,11199.85,53.52,57.98428571428571,Waiting
2020-07-23 13:15:00,11217.9,48.24,55.09357142857142,Waiting
2020-07-23 14:15:00,11213.1,62.22,54.80428571428571,Waiting
2020-07-23 15:15:00,11230.65,59.89,54.20071428571429,Waiting
2020-07-23 16:15:00,11235.85,60.5,53.59928571428571,Waiting
2020-07-24 08:15:00,11149.95,51.8,52.80428571428571,Waiting
2020-07-24 09:15:00,11161.7,62.54,54.05214285714286,Waiting
2020-07-24 10:15:00,11118.3,47.3,53.784285714285716,Waiting
2020-07-24 11:15:00,11129.55,47.49,53.52571428571429,Waiting
2020-07-24 12:15:00,11109.55,44.49,53.21214285714286,Waiting
2020-07-24 13:15:00,11184.25,56.56,53.951428571428565,Waiting
2020-07-24 14:15:00,11202.8,56.37,54.30214285714285,Waiting
2020-07-24 15:15:00,11197.25,50.74,54.11857142857143,Waiting
2020-07-24 16:15:00,11197.75,48.29,53.56785714285714,Waiting
2020-07-27 08:15:00,11225.0,53.65,53.57714285714286,Waiting
2020-07-27 09:15:00,11113.6,38.09,52.85214285714286,Waiting
2020-07-27 10:15:00,11129.7,40.71,51.315714285714286,Waiting
2020-07-27 11:15:00,11153.55,41.53,50.00428571428572,Waiting
2020-07-27 12:15:00,11167.5,42.64,48.728571428571435,Waiting
2020-07-27 13:15:00,11160.1,51.32,48.69428571428572,Waiting
2020-07-27 14:15:00,11147.1,48.11,47.66357142857142,Waiting
2020-07-28 14:15:00,11301.9,68.42,49.172142857142866,Waiting
2020-07-28 15:15:00,11290.05,66.09,50.50071428571429,Waiting
2020-07-28 16:15:00,11292.45,69.0,52.25142857142857,Waiting
2020-07-29 08:15:00,11276.9,60.97,52.566428571428574,Waiting
2020-07-29 09:15:00,11281.45,59.63,52.799285714285716,Waiting
2020-07-29 10:15:00,11261.1,57.55,53.285714285714285,Waiting
2020-07-29 11:15:00,11281.75,59.48,54.084999999999994,Waiting
2020-07-29 12:15:00,11281.0,56.72,54.30428571428571,Waiting
2020-07-29 13:15:00,11204.25,61.87,56.00285714285714,Waiting
2020-07-29 14:15:00,11206.35,60.42,57.410714285714285,Waiting
2020-07-29 15:15:00,11195.7,55.94,58.44,Waiting
2020-07-29 16:15:00,11198.45,54.5,59.287142857142854,Waiting
2020-07-30 08:15:00,11254.3,62.02,60.05142857142857,Waiting
2020-07-30 09:15:00,11277.75,66.23,61.34571428571429,Waiting
2020-07-30 10:15:00,11290.75,47.86,59.877142857142864,Waiting
2020-07-30 11:15:00,11279.85,48.04,58.587857142857146,Waiting
2020-07-30 12:15:00,11184.25,34.67,56.135714285714286,Waiting
2020-07-30 13:15:00,11128.4,31.12,54.003571428571426,Waiting
2020-07-30 14:15:00,11107.6,28.77,51.799285714285716,Waiting
2020-07-30 15:15:00,11093.6,29.22,49.77571428571429,Buy
2020-07-30 16:15:00,11094.05,25.49,47.347857142857144,Hold
2020-07-31 08:15:00,11139.5,33.45,45.68571428571429,Hold
2020-07-31 09:15:00,11083.4,35.15,43.777142857142856,Hold
2020-07-31 10:15:00,11096.0,36.78,42.08857142857143,Hold
2020-07-31 11:15:00,11093.45,37.51,40.77214285714285,Hold
2020-07-31 12:15:00,11080.6,35.95,39.44714285714286,Hold
2020-07-31 13:15:00,11093.85,28.71,37.06785714285714,Hold
2020-07-31 14:15:00,11070.15,22.47,33.942142857142855,Hold
2020-07-31 15:15:00,11084.3,22.71,32.145714285714284,Hold
2020-07-31 16:15:00,11088.25,24.2,30.442857142857143,Hold
2020-08-03 08:15:00,11057.55,29.32,30.060714285714287,Hold
2020-08-03 09:15:00,10952.45,25.26,29.642142857142858,Hold
2020-08-03 10:15:00,10965.8,29.64,29.704285714285714,Hold
2020-08-03 11:15:00,10966.9,31.11,29.839285714285715,Hold
2020-08-03 12:15:00,10925.3,27.59,29.989285714285717,Hold
2020-08-03 13:15:00,10911.35,16.93,28.809285714285714,Hold
2020-08-03 14:15:00,10892.65,18.99,27.655,Hold
2020-08-03 15:15:00,10893.95,15.9,26.163571428571426,Hold
2020-08-03 16:15:00,10899.85,17.69,24.74785714285714,Hold
2020-08-04 08:15:00,10946.65,29.92,24.31714285714286,Hold
2020-08-04 09:15:00,10989.75,35.68,24.815,Hold
2020-08-04 10:15:00,11005.9,40.97,26.13642857142857,Hold
2020-08-04 11:15:00,11064.15,47.48,27.905714285714286,Hold
2020-08-04 12:15:00,11055.85,45.99,29.462142857142858,Hold
2020-08-04 13:15:00,11051.6,49.21,30.88285714285714,Hold
2020-08-04 14:15:00,11096.4,72.67,34.269285714285715,Sell
2020-08-04 15:15:00,11099.75,71.78,37.27928571428571,Waiting
2020-08-04 16:15:00,11102.85,71.96,40.19714285714286,Waiting
2020-08-05 08:15:00,11155.75,85.91,44.36285714285714,Waiting
2020-08-05 09:15:00,11212.6,91.41,49.68285714285714,Waiting
2020-08-05 10:15:00,11190.8,90.64,54.800714285714285,Waiting
2020-08-05 11:15:00,11119.4,75.8,59.07928571428572,Waiting
2020-08-05 12:15:00,11117.7,75.17,63.184999999999995,Waiting
2020-08-05 13:15:00,11104.65,69.8,66.03357142857143,Waiting
2020-08-05 14:15:00,11103.9,66.0,68.19928571428571,Waiting
2020-08-05 15:15:00,11115.15,65.53,69.95357142857144,Waiting
2020-08-05 16:15:00,11120.1,59.37,70.80285714285715,Waiting
2020-08-06 08:15:00,11185.7,68.25,72.39285714285714,Waiting
2020-08-06 09:15:00,11164.95,65.22,73.53642857142857,Waiting
2020-08-06 10:15:00,11164.7,60.42,72.66142857142857,Waiting
2020-08-06 11:15:00,11161.8,59.48,71.78285714285714,Waiting
2020-08-06 12:15:00,11251.05,67.92,71.49428571428571,Waiting
2020-08-06 13:15:00,11208.6,56.56,69.39785714285713,Waiting
2020-08-06 14:15:00,11200.45,48.29,66.31785714285715,Waiting
2020-08-06 15:15:00,11209.35,52.72,63.60928571428571,Waiting
2020-08-06 16:15:00,11205.35,65.69,62.887142857142855,Waiting
2020-08-07 08:15:00,11186.65,61.85,61.93571428571429,Waiting
2020-08-07 09:15:00,11202.15,66.62,61.708571428571425,Waiting
2020-08-07 10:15:00,11181.75,62.43,61.45357142857142,Waiting
2020-08-07 11:15:00,11194.3,62.59,61.24357142857143,Waiting
2020-08-07 12:15:00,11195.6,62.15,61.442142857142855,Waiting
2020-08-07 13:15:00,11197.6,52.41,60.310714285714276,Waiting
2020-08-07 14:15:00,11213.45,60.01,59.93857142857142,Waiting
2020-08-07 15:15:00,11213.1,59.99,59.90785714285714,Waiting
2020-08-07 16:15:00,11215.95,61.18,60.02928571428571,Waiting
2020-08-10 08:15:00,11270.25,54.63,59.08,Waiting
2020-08-10 09:15:00,11308.1,74.54,60.36428571428571,Waiting
2020-08-10 10:15:00,11324.55,79.41,62.58714285714286,Waiting
2020-08-10 11:15:00,11314.45,74.76,64.16142857142857,Waiting
2020-08-10 12:15:00,11308.4,74.05,64.75857142857143,Waiting
2020-08-10 13:15:00,11255.75,63.92,64.90642857142856,Waiting
2020-08-10 14:15:00,11268.35,63.49,64.68285714285715,Waiting
2020-08-10 15:15:00,11274.25,70.04,65.22642857142857,Waiting
2020-08-10 16:15:00,11274.7,68.38,65.64,Waiting
2020-08-11 08:15:00,11322.25,73.9,66.47928571428572,Waiting
2020-08-11 09:15:00,11344.6,75.76,68.14714285714287,Waiting
2020-08-11 10:15:00,11325.85,69.5,68.825,Waiting
2020-08-11 11:15:00,11320.05,68.21,69.41214285714287,Waiting
2020-08-11 12:15:00,11352.55,71.13,70.12285714285714,Waiting
2020-08-11 13:15:00,11353.25,65.39,70.89142857142858,Waiting
2020-08-11 14:15:00,11323.2,52.88,69.34428571428572,Waiting
2020-08-11 15:15:00,11319.75,49.04,67.175,Waiting
2020-08-11 16:15:00,11332.2,53.53,65.65857142857143,Waiting
2020-08-12 08:15:00,11289.0,46.64,63.70071428571429,Waiting
2020-08-12 09:15:00,11271.05,53.02,62.922142857142866,Waiting
2020-08-12 10:15:00,11293.05,54.69,62.29357142857143,Waiting
2020-08-12 11:15:00,11289.8,52.99,61.075714285714284,Waiting
2020-08-12 12:15:00,11312.9,56.75,60.245,Waiting
2020-08-12 13:15:00,11305.9,46.63,58.29714285714285,Waiting
2020-08-12 14:15:00,11310.05,42.3,55.90714285714286,Waiting
2020-08-12 15:15:00,11312.15,46.7,54.278571428571425,Waiting
2020-08-12 16:15:00,11309.2,47.35,52.78857142857142,Waiting
2020-08-13 08:15:00,11334.85,45.53,50.959999999999994,Waiting
2020-08-13 09:15:00,11337.2,45.98,49.57357142857143,Waiting
2020-08-13 10:15:00,11347.75,56.81,49.854285714285716,Waiting
2020-08-13 11:15:00,11300.8,45.76,49.620000000000005,Waiting
2020-08-13 12:15:00,11304.75,43.62,48.91214285714286,Waiting
2020-08-13 13:15:00,11306.8,55.11,49.51714285714286,Waiting
2020-08-13 14:15:00,11297.65,58.05,49.87642857142857,Waiting
2020-08-13 15:15:00,11311.6,55.9,49.962857142857146,Waiting
2020-08-13 16:15:00,11311.65,57.1,50.25642857142857,Waiting
2020-08-14 08:15:00,11353.3,61.71,50.61071428571429,Waiting
2020-08-14 09:15:00,11345.85,61.55,51.67642857142857,Waiting
2020-08-14 10:15:00,11324.7,53.86,52.50214285714286,Waiting
2020-08-14 11:15:00,11355.25,59.87,53.44285714285714,Waiting
2020-08-14 12:15:00,11326.55,53.55,53.885714285714286,Waiting
2020-08-14 13:15:00,11188.35,29.46,52.737857142857145,Waiting
2020-08-14 14:15:00,11178.0,28.17,51.465714285714284,Buy
2020-08-14 15:15:00,11186.85,27.84,49.396428571428565,Hold
2020-08-14 16:15:00,11183.05,31.59,48.38428571428572,Hold
2020-08-17 11:15:00,11216.65,37.4,47.94,Hold
2020-08-17 12:15:00,11212.75,36.62,46.61928571428571,Hold
2020-08-17 13:15:00,11199.4,36.18,45.05714285714286,Hold
2020-08-17 14:15:00,11241.7,40.9,43.98571428571428,Hold
2020-08-17 15:15:00,11256.85,43.13,42.98785714285714,Hold
2020-08-17 16:15:00,11259.65,37.0,41.22285714285714,Hold
2020-08-18 08:15:00,11259.8,37.81,39.527142857142856,Hold
2020-08-18 09:15:00,11317.65,49.1,39.18714285714286,Hold
2020-08-18 10:15:00,11318.1,44.83,38.11285714285714,Hold
2020-08-18 11:15:00,11306.45,47.06,37.64928571428572,Hold
2020-08-18 12:15:00,11320.05,80.23,41.27571428571429,Sell
2020-08-18 13:15:00,11366.05,87.1,45.485,Waiting
2020-08-18 14:15:00,11383.5,87.52,49.74785714285714,Waiting
2020-08-18 15:15:00,11389.8,89.08,53.85428571428571,Waiting
2020-08-18 16:15:00,11389.6,87.41,57.42642857142857,Waiting
2020-08-19 08:15:00,11452.15,91.3,61.332142857142856,Waiting
2020-08-19 09:15:00,11431.65,89.11,65.11285714285715,Waiting
2020-08-19 10:15:00,11419.5,83.32,68.14285714285714,Waiting
2020-08-19 11:15:00,11426.7,82.81,70.97714285714285,Waiting
2020-08-19 12:15:00,11436.15,83.24,74.28,Waiting
2020-08-19 13:15:00,11445.2,83.78,77.56357142857142,Waiting
2020-08-19 14:15:00,11403.9,66.72,78.82214285714285,Waiting
2020-08-19 15:15:00,11414.65,68.0,80.47714285714285,Waiting
2020-08-19 16:15:00,11419.7,71.65,82.23357142857142,Waiting
2020-08-20 08:15:00,11317.45,49.63,80.04785714285713,Waiting
2020-08-20 09:15:00,11331.2,44.52,77.00642857142859,Waiting
2020-08-20 10:15:00,11333.15,41.68,73.73214285714286,Waiting
2020-08-20 11:15:00,11336.9,41.18,70.31071428571428,Waiting
2020-08-20 12:15:00,11332.1,40.56,66.96428571428571,Waiting
2020-08-20 13:15:00,11310.5,23.13,62.095000000000006,Waiting
2020-08-20 14:15:00,11310.4,25.07,57.520714285714284,Buy
2020-08-20 15:15:00,11310.25,26.37,53.45285714285715,Hold
2020-08-20 16:15:00,11309.6,23.93,49.24714285714286,Hold
2020-08-21 08:15:00,11409.65,45.8,46.57285714285714,Hold
2020-08-21 09:15:00,11385.1,40.91,43.510714285714286,Hold
2020-08-21 10:15:00,11390.65,47.75,42.15571428571428,Hold
2020-08-21 11:15:00,11396.25,46.83,40.64357142857143,Hold
2020-08-21 12:15:00,11395.65,45.79,38.79642857142857,Hold
2020-08-21 13:15:00,11400.4,72.08,40.4,Sell
2020-08-21 14:15:00,11369.05,59.21,41.449285714285715,Waiting
2020-08-21 15:15:00,11375.85,60.15,42.76857142857143,Waiting
2020-08-21 16:15:00,11378.7,59.98,44.11142857142857,Waiting
2020-08-24 08:15:00,11412.0,66.79,45.98500000000001,Waiting
2020-08-24 09:15:00,11444.2,76.9,49.825714285714284,Waiting
2020-08-24 10:15:00,11430.8,72.99,53.24857142857143,Waiting
2020-08-24 11:15:00,11449.05,74.79,56.707142857142856,Waiting
2020-08-24 12:15:00,11478.55,77.36,60.52357142857143,Waiting
2020-08-24 13:15:00,11475.3,65.49,61.93,Waiting
2020-08-24 14:15:00,11467.3,71.03,64.08142857142857,Waiting
2020-08-24 15:15:00,11464.45,69.15,65.61,Waiting
2020-08-24 16:15:00,11473.65,69.71,67.24428571428571,Waiting
2020-08-25 08:15:00,11513.1,74.97,69.32857142857144,Waiting
2020-08-25 09:15:00,11498.0,69.88,69.17142857142856,Waiting
2020-08-25 10:15:00,11465.3,69.5,69.90642857142858,Waiting
2020-08-25 11:15:00,11483.7,70.86,70.67142857142856,Waiting
2020-08-25 12:15:00,11475.7,68.4,71.27285714285715,Waiting
2020-08-25 13:15:00,11439.45,55.15,70.44142857142857,Waiting
2020-08-25 14:15:00,11470.35,54.93,68.87214285714286,Waiting
2020-08-25 15:15:00,11481.0,59.56,67.91285714285713,Waiting
2020-08-25 16:15:00,11479.75,56.25,66.58857142857143,Waiting
2020-08-26 08:15:00,11512.85,56.88,65.12571428571428,Waiting
2020-08-26 09:15:00,11465.65,48.35,63.901428571428575,Waiting
2020-08-26 10:15:00,11482.45,52.51,62.57857142857143,Waiting
2020-08-26 11:15:00,11477.75,52.19,61.367142857142866,Waiting
2020-08-26 12:15:00,11493.7,53.23,60.19,Waiting
2020-08-26 13:15:00,11509.7,49.41,58.364285714285714,Waiting
2020-08-26 14:15:00,11551.25,58.49,57.550714285714285,Waiting
2020-08-26 15:15:00,11555.25,65.79,57.285714285714285,Waiting
2020-08-26 16:15:00,11551.15,62.47,56.68642857142857,Waiting
2020-08-27 08:15:00,11609.3,70.84,56.86071428571428,Waiting
2020-08-27 09:15:00,11596.7,76.48,58.38428571428572,Waiting
2020-08-27 10:15:00,11596.2,73.61,59.71857142857142,Waiting
2020-08-27 11:15:00,11601.9,73.11,60.68642857142857,Waiting
2020-08-27 12:15:00,11581.4,68.1,61.53285714285715,Waiting
2020-08-27 13:15:00,11580.0,63.48,62.00428571428572,Waiting
2020-08-27 14:15:00,11555.6,69.87,63.541428571428575,Waiting
2020-08-27 15:15:00,11565.15,68.87,64.71000000000001,Waiting
2020-08-27 16:15:00,11574.0,71.56,66.09357142857142,Waiting
2020-08-28 08:15:00,11602.95,73.12,67.51428571428572,Waiting
2020-08-28 09:15:00,11603.75,71.27,69.07571428571428,Waiting
2020-08-28 10:15:00,11635.2,69.9,69.89071428571428,Waiting
2020-08-28 11:15:00,11662.25,72.86,70.39571428571428,Waiting
2020-08-28 12:15:00,11632.6,65.69,70.62571428571428,Waiting
2020-08-28 13:15:00,11654.15,60.06,69.85571428571428,Waiting
2020-08-28 14:15:00,11643.7,60.64,68.72428571428573,Waiting
2020-08-28 15:15:00,11639.35,59.6,67.72357142857143,Waiting
2020-08-28 16:15:00,11655.25,61.36,66.88428571428571,Waiting
2020-08-31 08:15:00,11777.55,79.13,67.67214285714286,Waiting
2020-08-31 09:15:00,11753.05,74.05,68.42714285714285,Waiting
2020-08-31 10:15:00,11654.75,61.43,67.82428571428571,Waiting
2020-08-31 11:15:00,11578.7,51.35,66.57285714285715,Waiting
2020-08-31 12:15:00,11511.05,44.37,64.63071428571429,Waiting
2020-08-31 13:15:00,11430.4,35.87,61.970000000000006,Waiting
2020-08-31 14:15:00,11402.4,34.22,59.32357142857143,Waiting
2020-08-31 15:15:00,11365.55,29.04,56.404999999999994,Waiting
2020-08-31 16:15:00,11342.45,24.99,52.98571428571428,Buy
2020-09-01 08:15:00,11464.3,38.5,51.04357142857143,Hold
2020-09-01 09:15:00,11444.4,35.63,49.29857142857143,Hold
2020-09-01 10:15:00,11412.2,34.6,47.43857142857143,Hold
2020-09-01 11:15:00,11467.4,39.29,45.987857142857145,Hold
2020-09-01 12:15:00,11537.65,43.14,44.68642857142857,Hold
2020-09-01 13:15:00,11486.1,31.46,41.28142857142858,Hold
2020-09-01 14:15:00,11477.4,32.11,38.285714285714285,Hold
2020-09-01 15:15:00,11489.05,37.88,36.603571428571435,Hold
2020-09-01 16:15:00,11496.1,43.28,36.027142857142856,Hold
2020-09-02 08:15:00,11478.55,47.12,36.223571428571425,Hold
2020-09-02 09:15:00,11471.05,54.14,37.528571428571425,Hold
2020-09-02 10:15:00,11468.55,57.1,39.16285714285714,Hold
2020-09-02 11:15:00,11474.75,62.55,41.556428571428576,Hold
2020-09-02 12:15:00,11472.8,65.74,44.46714285714285,Hold
2020-09-02 13:15:00,11506.05,56.41,45.746428571428574,Hold
2020-09-02 14:15:00,11529.8,62.97,47.699285714285715,Hold
2020-09-02 15:15:00,11545.0,71.26,50.31785714285714,Sell
2020-09-02 16:15:00,11543.0,64.59,52.125,Waiting
2020-09-03 08:15:00,11566.2,56.73,53.09571428571428,Waiting
2020-09-03 09:15:00,11561.15,72.67,56.03928571428571,Waiting
2020-09-03 10:15:00,11557.25,74.84,59.09142857142857,Waiting
2020-09-03 11:15:00,11519.5,58.15,60.53928571428571,Waiting
2020-09-03 12:15:00,11532.1,59.36,61.68785714285714,Waiting
2020-09-04 12:15:00,11435.5,42.07,61.32714285714286,Waiting
2020-09-04 13:15:00,11394.65,37.47,60.136428571428574,Waiting
2020-09-04 14:15:00,11343.25,32.29,58.364285714285714,Waiting
2020-09-04 15:15:00,11354.1,33.17,56.26571428571428,Waiting
2020-09-04 16:15:00,11356.5,33.79,53.98357142857144,Waiting
2020-09-07 08:15:00,11359.6,27.72,51.93428571428571,Waiting
2020-09-07 09:15:00,11314.65,19.25,48.811428571428564,Buy
2020-09-07 10:15:00,11320.7,17.08,44.94142857142857,Hold
2020-09-07 11:15:00,11322.3,17.57,41.58285714285715,Hold
2020-09-07 12:15:00,11334.6,14.85,38.59142857142857,Hold
2020-09-07 13:15:00,11344.2,17.52,34.652142857142856,Hold
2020-09-07 14:15:00,11356.55,20.69,30.784285714285712,Hold
2020-09-07 15:15:00,11375.5,27.75,28.61285714285714,Hold
2020-09-07 16:15:00,11375.15,24.8,26.14428571428571,Hold
2020-09-08 08:15:00,11378.55,36.95,25.77857142857143,Hold
2020-09-08 09:15:00,11383.9,47.06,26.46357142857143,Hold
2020-09-08 10:15:00,11406.4,70.54,29.195714285714285,Sell
2020-09-08 11:15:00,11411.4,69.37,31.78142857142857,Waiting
2020-09-08 12:15:00,11411.8,68.95,34.292857142857144,Waiting
2020-09-08 13:15:00,11411.7,68.23,37.18642857142857,Waiting
2020-09-08 14:15:00,11325.4,52.92,39.59142857142857,Waiting
2020-09-08 15:15:00,11306.5,46.4,41.6857142857143,Waiting
2020-09-08 16:15:00,11294.3,43.26,43.52071428571429,Waiting
2020-09-09 08:15:00,11218.6,28.61,44.503571428571426,Waiting
2020-09-09 09:15:00,11240.5,31.7,45.51642857142857,
2020-09-09 10:15:00,11238.6,28.39,46.06642857142857,Buy
2020-09-09 11:15:00,11196.8,19.79,45.49785714285714,Hold
2020-09-09 12:15:00,11240.65,30.18,45.88214285714286,Hold
2020-09-09 13:15:00,11233.25,28.84,45.30285714285714,Hold
2020-09-09 14:15:00,11280.75,36.62,44.557142857142864,Hold
2020-09-09 15:15:00,11279.45,32.57,41.84499999999999,Hold
2020-09-09 16:15:00,11285.1,32.69,39.22500000000001,Hold
2020-09-10 08:15:00,11363.3,44.52,37.480000000000004,Hold
2020-09-10 09:15:00,11360.1,44.21,35.76428571428571,Hold
2020-09-10 10:15:00,11404.7,59.81,36.25642857142857,Hold
2020-09-10 11:15:00,11410.25,63.28,37.46214285714286,Hold
2020-09-10 12:15:00,11399.15,63.45,38.90428571428571,Hold
2020-09-10 13:15:00,11385.35,75.44,42.24928571428571,Sell
2020-09-10 14:15:00,11452.55,78.42,45.58642857142856,Waiting
2020-09-10 15:15:00,11459.75,79.23,49.21785714285714,Waiting
2020-09-10 16:15:00,11453.0,87.31,54.04071428571429,Waiting
2020-09-11 08:15:00,11447.8,84.0,57.885000000000005,Waiting
2020-09-11 09:15:00,11457.65,86.54,62.00642857142857,Waiting
2020-09-11 10:15:00,11457.65,84.07,65.39571428571429,Waiting
2020-09-11 11:15:00,11454.95,83.62,69.04214285714286,Waiting
2020-09-11 12:15:00,11429.7,75.77,72.11928571428572,Waiting
2020-09-11 13:15:00,11459.75,70.75,73.99285714285715,Waiting
2020-09-11 14:15:00,11470.45,72.99,76.04857142857144,Waiting
2020-09-11 15:15:00,11460.9,63.71,76.32714285714285,Waiting
2020-09-11 16:15:00,11455.0,60.9,76.15714285714286,Waiting
2020-09-14 08:15:00,11540.15,75.24,76.99928571428572,Waiting
2020-09-14 09:15:00,11530.05,76.25,77.05714285714285,Waiting
2020-09-14 10:15:00,11540.75,70.13,76.465,Waiting
2020-09-14 11:15:00,11553.25,70.83,75.86500000000001,Waiting
2020-09-14 12:15:00,11536.85,67.91,74.47928571428572,Waiting
2020-09-14 13:15:00,11442.55,49.19,71.99285714285715,Waiting
2020-09-14 14:15:00,11446.5,48.24,69.25714285714285,Waiting
2020-09-14 15:15:00,11421.3,44.69,66.44428571428571,Waiting
2020-09-14 16:15:00,11421.05,45.01,63.686428571428564,Waiting
2020-09-15 08:15:00,11487.2,57.55,62.385,Waiting
2020-09-15 09:15:00,11484.95,53.57,61.15785714285714,Waiting
2020-09-15 10:15:00,11464.2,49.14,59.45428571428571,Waiting
2020-09-15 11:15:00,11487.05,53.47,58.722857142857144,Waiting
2020-09-15 12:15:00,11478.95,53.16,58.17,Waiting
2020-09-15 13:15:00,11517.95,46.66,56.12857142857143,Waiting
2020-09-15 14:15:00,11520.8,48.58,54.152142857142856,Waiting
2020-09-15 15:15:00,11524.9,47.51,52.53642857142857,Waiting
2020-09-15 16:15:00,11531.75,46.57,50.80357142857143,Waiting
2020-09-16 08:15:00,11538.45,50.26,49.542857142857144,Waiting
2020-09-16 09:15:00,11544.3,73.68,51.29214285714285,Waiting
2020-09-16 10:15:00,11540.35,71.84,52.97785714285714,Waiting
2020-09-16 11:15:00,11546.0,81.93,55.63785714285715,Waiting
2020-09-16 12:15:00,11563.7,83.53,58.38928571428572,Waiting
2020-09-16 13:15:00,11590.0,79.73,59.973571428571425,Waiting
2020-09-16 14:15:00,11601.15,81.96,62.00142857142857,Waiting
2020-09-16 15:15:00,11596.5,89.92,64.91428571428573,Waiting
2020-09-16 16:15:00,11600.05,88.59,67.42285714285715,Waiting
2020-09-17 08:15:00,11539.4,65.19,68.28214285714286,Waiting
2020-09-17 09:15:00,11568.95,63.46,69.48214285714286,Waiting
2020-09-17 10:15:00,11569.3,62.97,70.51,Waiting
2020-09-17 11:15:00,11520.0,48.94,70.61214285714286,Waiting
2020-09-17 12:15:00,11525.6,48.67,70.76214285714285,Waiting
2020-09-17 13:15:00,11532.0,48.6,70.64357142857143,Waiting
2020-09-17 14:15:00,11523.15,45.47,68.62857142857143,Waiting
2020-09-17 15:15:00,11514.65,44.61,66.68357142857143,Waiting
2020-09-17 16:15:00,11519.25,44.36,64.0,Waiting
2020-09-18 08:15:00,11581.05,53.08,61.824999999999996,Waiting
2020-09-18 09:15:00,11565.0,45.39,59.372142857142855,Waiting
2020-09-18 10:15:00,11546.1,40.13,56.38428571428572,Waiting
2020-09-18 11:15:00,11557.85,43.24,53.05,Waiting
2020-09-18 12:15:00,11560.35,43.03,49.79571428571428,Waiting
2020-09-18 13:15:00,11568.4,56.24,49.15642857142858,Waiting
2020-09-18 14:15:00,11508.4,38.47,47.37142857142857,Waiting
2020-09-18 15:15:00,11508.5,38.41,45.617142857142866,Waiting
2020-09-18 16:15:00,11516.8,49.28,45.64142857142857,Waiting
2020-09-21 08:15:00,11503.8,45.24,45.39642857142858,Waiting
2020-09-21 09:15:00,11488.45,40.84,44.84214285714285,Waiting
2020-09-21 10:15:00,11483.25,41.48,44.55714285714286,Waiting
2020-09-21 11:15:00,11500.15,47.01,44.72857142857142,Waiting
2020-09-21 12:15:00,11448.65,37.8,44.26,Waiting
2020-09-21 13:15:00,11318.15,13.29,41.417857142857144,Waiting
2020-09-21 14:15:00,11261.85,11.95,39.02928571428572,Buy
2020-09-21 15:15:00,11234.9,11.71,36.99928571428571,Hold
2020-09-21 16:15:00,11222.2,8.8,34.53928571428571,Hold
2020-09-22 08:15:00,11301.75,23.31,33.130714285714284,Hold
2020-09-22 09:15:00,11159.75,16.96,30.325,Hold
2020-09-22 10:15:00,11137.3,18.05,28.86642857142857,Hold
2020-09-22 11:15:00,11169.9,22.4,27.722857142857144,Hold
2020-09-22 12:15:00,11188.0,23.62,25.889999999999997,Hold
2020-09-22 13:15:00,11147.6,22.62,24.274285714285718,Hold
2020-09-22 14:15:00,11161.5,24.81,23.129285714285714,Hold
2020-09-22 15:15:00,11170.35,26.03,22.025714285714283,Hold
2020-09-22 16:15:00,11174.0,24.5,20.41785714285714,Hold
2020-09-23 08:15:00,11258.75,35.89,20.28142857142857,Hold
2020-09-23 09:15:00,11195.8,39.89,22.18142857142857,Hold
2020-09-23 10:15:00,11222.8,46.61,24.657142857142855,Hold
2020-09-23 11:15:00,11138.75,42.4,26.849285714285713,Hold
2020-09-23 12:15:00,11127.55,42.51,29.25714285714286,Hold
2020-09-23 13:15:00,11109.4,33.13,29.958571428571428,Hold
2020-09-24 13:15:00,10899.2,29.59,30.860714285714288,Hold
2020-09-24 14:15:00,10800.45,26.43,31.459285714285716,Hold
2020-09-24 15:15:00,10795.35,22.74,31.483571428571427,Hold
2020-09-24 16:15:00,10824.65,23.98,31.509285714285713,Hold
2020-09-25 08:15:00,10910.4,34.05,32.325714285714284,Hold
2020-09-25 09:15:00,10885.2,31.7,32.81785714285714,Hold
2020-09-25 10:15:00,10918.45,33.84,33.37571428571429,Hold
2020-09-25 11:15:00,10976.7,38.17,34.35214285714286,Hold
2020-09-25 12:15:00,10980.8,31.55,34.042142857142856,Hold
2020-09-25 13:15:00,11024.7,38.35,33.93214285714286,Hold
2020-09-25 14:15:00,11056.15,38.72,33.36857142857143,Hold
2020-09-25 15:15:00,11044.9,42.95,33.40785714285715,Hold
2020-09-25 16:15:00,11035.65,43.08,33.448571428571434,Hold
2020-09-28 08:15:00,11140.85,52.09,34.80285714285714,Hold
2020-09-28 09:15:00,11163.0,73.43,37.934285714285714,Sell
2020-09-28 10:15:00,11195.4,89.77,42.45857142857143,Waiting
2020-09-28 11:15:00,11208.35,90.94,47.33,Waiting
2020-09-28 12:15:00,11212.9,90.47,52.07928571428572,Waiting
2020-09-28 13:15:00,11225.8,88.77,55.987857142857145,Waiting
2020-09-28 14:15:00,11226.45,94.64,60.48357142857143,Waiting
2020-09-28 15:15:00,11227.0,94.14,64.79071428571429,Waiting
2020-09-28 16:15:00,11239.35,93.25,68.725,Waiting
2020-09-29 08:15:00,11288.6,94.12,73.19428571428571,Waiting
2020-09-29 09:15:00,11257.15,84.55,76.49428571428572,Waiting
2020-09-29 10:15:00,11207.85,71.41,78.8292857142857,Waiting
2020-09-29 11:15:00,11225.15,75.02,81.11999999999999,Waiting
2020-09-29 12:15:00,11207.2,73.25,83.27499999999999,Waiting
2020-09-29 13:15:00,11242.5,67.0,84.34,Waiting
2020-09-29 14:15:00,11228.55,61.27,83.47142857142858,Waiting
2020-09-29 15:15:00,11220.8,54.77,80.97142857142858,Waiting
2020-09-29 16:15:00,11222.65,52.8,78.24714285714286,Waiting
2020-09-30 08:15:00,11244.45,55.79,75.77,Waiting
2020-09-30 09:15:00,11212.95,47.79,72.84285714285714,Waiting
2020-09-30 10:15:00,11253.3,54.06,69.94428571428571,Waiting
2020-09-30 11:15:00,11231.95,50.7,66.84142857142857,Waiting
2020-09-30 12:15:00,11252.9,51.88,63.88642857142857,Waiting
2020-09-30 13:15:00,11288.7,50.01,60.73571428571428,Waiting
2020-09-30 14:15:00,11247.4,48.63,58.17000000000001,Waiting
2020-09-30 15:15:00,11231.15,53.6,56.89785714285714,Waiting
2020-09-30 16:15:00,11226.3,50.18,55.12357142857143,Waiting
2020-10-01 08:15:00,11364.45,68.24,54.76571428571429,Waiting
2020-10-01 09:15:00,11388.6,67.39,54.79357142857143,Waiting
2020-10-01 10:15:00,11400.2,70.55,55.45642857142857,Waiting
2020-10-01 11:15:00,11408.0,72.41,56.71642857142857,Waiting
2020-10-01 12:15:00,11401.85,71.23,58.03285714285714,Waiting
2020-10-01 13:15:00,11412.75,70.47,59.08142857142857,Waiting
2020-10-01 14:15:00,11427.6,77.21,61.182857142857145,Waiting
2020-10-01 15:15:00,11417.2,72.48,62.49857142857143,Waiting
2020-10-01 16:15:00,11422.65,77.35,64.40214285714286,Waiting
2020-10-05 08:15:00,11487.8,79.9,66.40357142857144,Waiting
2020-10-05 09:15:00,11538.75,80.65,68.59214285714286,Waiting
2020-10-05 10:15:00,11555.85,90.19,71.56071428571428,Waiting
2020-10-05 11:15:00,11533.9,88.87,74.08000000000001,Waiting
2020-10-05 12:15:00,11481.1,79.13,76.14785714285713,Waiting
2020-10-05 13:15:00,11527.3,73.57,76.52857142857142,Waiting
2020-10-05 14:15:00,11501.5,66.26,76.44785714285715,Waiting
2020-10-05 15:15:00,11503.0,65.25,76.06928571428571,Waiting
2020-10-05 16:15:00,11507.5,64.91,75.53357142857143,Waiting
2020-10-06 08:15:00,11603.45,73.8,75.71714285714286,Waiting
2020-10-06 09:15:00,11601.35,72.74,75.87928571428571,Waiting
2020-10-06 10:15:00,11595.35,70.67,75.41214285714285,Waiting
2020-10-06 11:15:00,11598.0,72.71,75.42857142857143,Waiting
2020-10-06 12:15:00,11592.85,71.39,75.00285714285714,Waiting
2020-10-06 13:15:00,11596.5,66.16,74.02142857142857,Waiting
2020-10-06 14:15:00,11663.15,67.67,73.0942857142857,Waiting
2020-10-06 15:15:00,11670.9,66.79,71.42285714285715,Waiting
2020-10-06 16:15:00,11661.7,69.37,70.03,Waiting
2020-10-07 08:15:00,11679.25,83.62,70.35071428571429,Waiting
2020-10-07 09:15:00,11733.55,84.06,71.1,Waiting
2020-10-07 10:15:00,11711.35,85.07,72.44357142857143,Waiting
2020-10-07 11:15:00,11712.25,85.04,73.85714285714286,Waiting
2020-10-07 12:15:00,11728.2,85.6,75.33500000000001,Waiting
2020-10-07 13:15:00,11737.5,80.01,75.77857142857142,Waiting
2020-10-07 14:15:00,11732.6,79.02,76.22714285714285,Waiting
2020-10-07 15:15:00,11743.3,82.04,77.03928571428571,Waiting
2020-10-07 16:15:00,11748.05,82.21,77.71785714285714,Waiting
2020-10-08 08:15:00,11835.4,88.48,78.93857142857142,Waiting
2020-10-08 09:15:00,11863.6,89.31,80.59214285714287,Waiting
2020-10-08 10:15:00,11880.15,87.47,82.00642857142859,Waiting
2020-10-08 11:15:00,11890.85,87.59,83.49214285714287,Waiting
2020-10-08 12:15:00,11892.45,90.49,85.00071428571428,Waiting
2020-10-08 13:15:00,11867.25,82.13,84.89428571428572,Waiting
2020-10-08 14:15:00,11835.15,68.79,83.80357142857143,Waiting
2020-10-08 15:15:00,11838.45,75.27,83.10357142857143,Waiting
2020-10-08 16:15:00,11834.2,73.93,82.30999999999999,Waiting
2020-10-09 08:15:00,11852.05,74.12,81.49000000000001,Waiting
2020-10-09 09:15:00,11850.45,72.68,80.96642857142858,Waiting
2020-10-09 10:15:00,11915.15,79.55,81.00428571428573,Waiting
2020-10-09 11:15:00,11898.8,74.72,80.48142857142857,Waiting
2020-10-09 12:15:00,11890.4,72.37,79.77857142857144,Waiting
2020-10-09 13:15:00,11908.4,64.67,78.07785714285716,Waiting
2020-10-09 14:15:00,11911.6,60.72,76.03571428571429,Waiting
2020-10-09 15:15:00,11924.5,60.07,74.07857142857144,Waiting
2020-10-09 16:15:00,11935.65,60.15,72.11857142857143,Waiting
2020-10-12 08:15:00,11973.55,65.78,70.35357142857143,Waiting
2020-10-12 09:15:00,11973.65,72.95,69.69785714285715,Waiting
2020-10-12 10:15:00,11950.15,75.76,70.19571428571429,Waiting
2020-10-12 11:15:00,11913.95,64.74,69.44357142857143,Waiting
2020-10-12 12:15:00,11920.6,66.71,68.92785714285715,Waiting
2020-10-12 13:15:00,11919.5,63.95,68.20142857142856,Waiting
2020-10-12 14:15:00,11929.6,65.81,67.71071428571429,Waiting
2020-10-12 15:15:00,11936.65,55.58,65.99857142857142,Waiting
2020-10-12 16:15:00,11936.2,60.58,64.98857142857143,Waiting
2020-10-13 08:15:00,11934.65,63.03,64.32142857142857,Waiting
2020-10-13 09:15:00,11959.7,64.5,64.3092857142857,Waiting
2020-10-13 10:15:00,11970.75,66.01,64.68714285714285,Waiting
2020-10-13 11:15:00,11956.85,58.71,64.59,Waiting
2020-10-13 12:15:00,11921.95,46.73,63.63142857142857,Waiting
2020-10-13 13:15:00,11940.6,41.34,61.885714285714286,Waiting
2020-10-13 14:15:00,11938.75,40.91,59.597142857142856,Waiting
2020-10-13 15:15:00,11933.1,45.1,57.40714285714286,Waiting
2020-10-13 16:15:00,11925.25,53.88,56.63142857142857,Waiting
2020-10-14 08:15:00,11917.4,48.91,55.36,Waiting
2020-10-14 09:15:00,11851.3,33.92,53.214999999999996,Waiting
2020-10-14 10:15:00,11849.25,30.3,50.67857142857143,Waiting
2020-10-14 11:15:00,11853.75,29.42,48.81,Waiting
2020-10-14 12:15:00,11843.65,28.07,46.487857142857145,Buy
2020-10-14 13:15:00,11864.85,34.87,44.47642857142858,Hold
2020-10-14 14:15:00,11916.25,41.55,42.83714285714286,Hold
2020-10-15 14:15:00,11665.75,19.28,39.49928571428571,Hold
2020-10-15 15:15:00,11671.25,20.74,36.787142857142854,Hold
2020-10-15 16:15:00,11668.95,22.23,35.037142857142854,Hold
2020-10-16 08:15:00,11727.4,28.48,34.11857142857143,Hold
2020-10-16 09:15:00,11732.4,29.3,33.28928571428572,Hold
2020-10-16 10:15:00,11764.9,33.99,32.495714285714286,Hold
2020-10-16 11:15:00,11738.2,32.81,30.990714285714287,Hold
2020-10-16 12:15:00,11761.05,36.02,30.07,Hold
2020-10-16 13:15:00,11766.3,41.47,30.60928571428571,Hold
2020-10-16 14:15:00,11764.55,41.5,31.409285714285716,Hold
2020-10-16 15:15:00,11758.9,40.5,32.200714285714284,Hold
2020-10-16 16:15:00,11769.6,42.59,33.237857142857145,Hold
2020-10-19 08:15:00,11879.2,51.22,34.40571428571429,Hold
2020-10-19 09:15:00,11869.95,45.76,34.706428571428575,Hold
2020-10-19 10:15:00,11852.8,79.91,39.037142857142854,Sell
2020-10-19 11:15:00,11846.9,78.05,43.130714285714284,Waiting
2020-10-19 12:15:00,11857.55,79.34,47.209999999999994,Waiting
2020-10-19 13:15:00,11873.85,76.22,50.620000000000005,Waiting
2020-10-19 14:15:00,11877.8,76.13,53.964999999999996,Waiting
2020-10-19 15:15:00,11875.9,72.42,56.709999999999994,Waiting
2020-10-19 16:15:00,11878.5,81.39,60.18,Waiting
2020-10-20 08:15:00,11861.0,72.91,62.815000000000005,Waiting
2020-10-20 09:15:00,11908.35,77.29,65.37357142857142,Waiting
2020-10-20 10:15:00,11932.05,79.68,68.10071428571429,Waiting
2020-10-20 11:15:00,11939.0,81.76,71.04785714285715,Waiting
2020-10-20 12:15:00,11914.3,74.32,73.31428571428572,Waiting
2020-10-20 13:15:00,11897.0,54.34,73.53714285714285,Waiting
2020-10-20 14:15:00,11900.5,57.66,74.38714285714286,Waiting
2020-10-20 15:15:00,11897.45,62.04,73.11071428571428,Waiting
2020-10-20 16:15:00,11898.3,64.25,72.125,Waiting
2020-10-21 08:15:00,11958.55,71.97,71.59857142857143,Waiting
2020-10-21 09:15:00,12006.05,75.32,71.53428571428572,Waiting
2020-10-21 10:15:00,11998.4,72.77,71.29428571428572,Waiting
2020-10-21 11:15:00,12012.55,74.66,71.45428571428572,Waiting
2020-10-21 12:15:00,11991.5,69.12,70.57785714285714,Waiting
2020-10-21 13:15:00,11804.8,43.95,68.50928571428571,Waiting
2020-10-21 14:15:00,11950.75,53.76,66.82857142857144,Waiting
2020-10-21 15:15:00,11943.65,51.06,64.78428571428572,Waiting
2020-10-21 16:15:00,11933.5,49.5,62.48,Waiting
2020-10-22 08:15:00,11890.0,47.86,60.589999999999996,Waiting
2020-10-22 09:15:00,11897.8,50.07,60.285000000000004,Waiting
2020-10-22 10:15:00,11906.35,50.52,59.775,Waiting
2020-10-22 11:15:00,11903.55,50.54,58.95357142857143,Waiting
2020-10-22 12:15:00,11886.55,48.99,57.863571428571426,Waiting
2020-10-22 13:15:00,11895.45,44.03,55.86785714285714,Waiting
2020-10-22 14:15:00,11896.7,38.67,53.25,Waiting
2020-10-22 15:15:00,11904.6,40.29,50.93,Waiting
2020-10-22 16:15:00,11906.7,38.76,48.36571428571428,Waiting
2020-10-23 08:15:00,11957.9,46.65,46.760714285714286,Waiting
2020-10-23 09:15:00,11949.15,72.35,48.78928571428571,Waiting
2020-10-23 10:15:00,11931.75,45.11,48.17142857142857,Waiting
2020-10-23 11:15:00,11927.55,45.8,47.79571428571428,Waiting
2020-10-23 12:15:00,11956.7,55.51,48.225,Waiting
2020-10-23 13:15:00,11936.8,62.52,49.27214285714286,Waiting
2020-10-23 14:15:00,11930.85,58.93,49.904999999999994,Waiting
2020-10-23 15:15:00,11926.2,55.48,50.25928571428572,Waiting
2020-10-23 16:15:00,11930.3,57.33,50.744285714285716,Waiting
2020-10-26 08:15:00,11937.4,64.73,51.86857142857143,Waiting
2020-10-26 09:15:00,11903.25,51.97,52.43571428571429,Waiting
2020-10-26 10:15:00,11884.4,47.14,53.04071428571428,Waiting
2020-10-26 11:15:00,11824.35,35.0,52.66285714285714,Waiting
2020-10-26 12:15:00,11777.95,29.36,51.99142857142857,Waiting
2020-10-26 13:15:00,11723.45,12.8,49.573571428571434,Buy
2020-10-26 14:15:00,11770.05,24.63,46.165000000000006,Hold
2020-10-26 15:15:00,11778.5,27.73,44.92357142857143,Hold
2020-10-26 16:15:00,11778.05,28.03,43.65428571428572,Hold
2020-10-27 08:15:00,11807.1,28.01,41.690000000000005,Hold
2020-10-27 09:15:00,11788.15,28.09,39.23071428571428,Hold
2020-10-27 10:15:00,11804.9,32.01,37.30785714285714,Hold
2020-10-27 11:15:00,11836.55,38.11,36.067142857142855,Hold
2020-10-27 12:15:00,11852.55,40.01,34.83,Hold
2020-10-27 13:15:00,11851.45,38.78,32.97642857142857,Hold
2020-10-27 14:15:00,11884.4,47.53,32.659285714285716,Hold
2020-10-27 15:15:00,11889.85,50.74,32.916428571428575,Hold
2020-10-27 16:15:00,11886.35,59.94,34.697857142857146,Hold
2020-10-28 08:15:00,11922.6,73.98,37.885,Sell
2020-10-28 09:15:00,11890.2,79.82,42.67214285714285,Waiting
2020-10-28 10:15:00,11816.8,57.63,45.02928571428571,Waiting
2020-10-28 11:15:00,11839.9,59.56,47.30285714285714,Waiting
2020-10-28 12:15:00,11746.75,46.22,48.60214285714285,Waiting
2020-10-28 13:15:00,11731.95,40.59,49.50071428571429,Waiting
2020-10-28 14:15:00,11731.15,42.53,50.53214285714286,Waiting
2020-10-28 15:15:00,11730.6,39.82,51.09000000000001,Waiting
2020-10-28 16:15:00,11726.85,33.73,50.777142857142856,Waiting
2020-10-29 08:15:00,11633.3,23.57,49.60285714285715,Waiting
2020-10-29 09:15:00,11704.25,34.81,49.31928571428572,
2020-10-29 10:15:00,11690.7,29.18,48.00857142857143,Buy
2020-10-29 11:15:00,11725.65,33.4,46.769999999999996,Hold
2020-10-29 12:15:00,11649.0,29.1,44.56714285714286,Hold
2020-10-29 13:15:00,11656.25,25.29,41.089285714285715,Hold
2020-10-29 14:15:00,11679.0,30.05,37.534285714285716,Hold
2020-10-29 15:15:00,11673.5,34.47,35.88,Hold
2020-10-29 16:15:00,11669.5,30.73,33.82071428571428,Hold
2020-10-30 08:15:00,11678.45,40.46,33.409285714285716,Hold
2020-10-30 09:15:00,11739.25,50.9,34.145714285714284,Hold
2020-10-30 10:15:00,11643.25,41.2,34.050714285714285,Hold
2020-10-30 11:15:00,11578.05,36.47,33.81142857142857,Hold
2020-10-30 12:15:00,11579.1,36.84,34.03357142857143,Hold
2020-10-30 13:15:00,11615.05,48.19,35.792142857142856,Hold
2020-10-30 14:15:00,11648.7,44.04,36.45142857142857,Hold
2020-10-30 15:15:00,11646.25,45.12,37.589999999999996,Hold
2020-10-30 16:15:00,11647.85,40.78,38.11714285714286,Hold
2020-11-02 08:15:00,11697.35,56.13,40.04785714285714,Hold
2020-11-02 09:15:00,11575.05,42.03,41.243571428571435,Hold
2020-11-02 10:15:00,11623.7,44.84,42.3,Hold
2020-11-02 11:15:00,11604.65,43.73,42.96142857142858,Hold
2020-11-02 12:15:00,11620.6,45.64,44.026428571428575,Hold
2020-11-02 13:15:00,11648.8,47.45,44.52571428571429,Hold
2020-11-02 14:15:00,11656.95,42.2,43.90428571428571,Hold
2020-11-02 15:15:00,11646.9,50.41,44.56214285714286,Hold
2020-11-02 16:15:00,11653.0,59.79,46.22785714285715,Hold
2020-11-03 08:15:00,11734.45,66.77,48.36571428571428,Hold
2020-11-03 09:15:00,11782.05,67.59,49.75142857142857,Hold
2020-11-03 10:15:00,11783.5,65.23,51.265,Hold
2020-11-03 11:15:00,11817.1,68.04,52.902142857142856,Hold
2020-11-03 12:15:00,11817.85,67.98,54.845000000000006,Hold
2020-11-03 13:15:00,11802.75,62.02,55.26571428571429,Hold
2020-11-03 14:15:00,11815.4,86.56,58.44642857142858,Sell
2020-11-03 15:15:00,11823.0,84.64,61.28928571428572,Waiting
2020-11-04 15:15:00,11893.45,92.58,64.77857142857144,Waiting
2020-11-04 16:15:00,11892.5,91.95,68.08642857142857,Waiting
2020-11-05 08:15:00,12062.4,94.4,71.44,Waiting
2020-11-05 09:15:00,12071.35,94.41,75.16928571428572,Waiting
2020-11-05 10:15:00,12074.45,96.51,78.46214285714287,Waiting
2020-11-05 11:15:00,12080.0,96.5,81.08428571428571,Waiting
2020-11-05 12:15:00,12105.6,96.02,83.17357142857144,Waiting
2020-11-05 13:15:00,12083.3,89.85,84.76357142857144,Waiting
2020-11-05 14:15:00,12122.25,90.77,86.58785714285715,Waiting
2020-11-05 15:15:00,12124.85,90.02,88.15785714285713,Waiting
2020-11-05 16:15:00,12127.3,90.07,89.7357142857143,Waiting
2020-11-06 08:15:00,12156.65,94.19,92.03357142857142,Waiting
2020-11-06 09:15:00,12196.15,94.56,92.605,Waiting
2020-11-06 10:15:00,12179.75,90.91,93.05285714285715,Waiting
2020-11-06 11:15:00,12203.9,89.83,92.85642857142857,Waiting
2020-11-06 12:15:00,12250.75,91.12,92.79714285714284,Waiting
2020-11-06 13:15:00,12253.05,85.56,92.16571428571429,Waiting
2020-11-06 14:15:00,12265.25,85.74,91.54642857142856,Waiting
2020-11-06 15:15:00,12266.5,85.64,90.77,Waiting
2020-11-06 16:15:00,12260.8,83.53,89.84357142857142,Waiting
2020-11-09 08:15:00,12399.4,88.4,89.29928571428572,Waiting
2020-11-09 09:15:00,12434.1,94.41,89.625,Waiting
2020-11-09 10:15:00,12406.2,86.98,89.35428571428572,Waiting
2020-11-09 11:15:00,12375.45,80.41,88.66785714285716,Waiting
2020-11-09 12:15:00,12402.6,81.51,88.05642857142857,Waiting
2020-11-09 13:15:00,12436.5,81.7,87.16428571428573,Waiting
2020-11-09 14:15:00,12465.65,81.26,86.21428571428571,Waiting
2020-11-09 15:15:00,12469.3,84.61,85.76428571428572,Waiting
2020-11-09 16:15:00,12469.2,83.65,85.32285714285715,Waiting
2020-11-10 08:15:00,12556.4,85.17,84.89785714285715,Waiting
2020-11-10 09:15:00,12556.05,85.02,84.85928571428573,Waiting
2020-11-10 10:15:00,12576.7,85.31,84.82857142857144,Waiting
2020-11-10 11:15:00,12571.6,84.29,84.73214285714286,Waiting
2020-11-10 12:15:00,12615.2,86.7,84.95857142857143,Waiting
2020-11-10 13:15:00,12532.85,65.64,83.33285714285714,Waiting
2020-11-10 14:15:00,12625.3,69.74,81.57071428571429,Waiting
2020-11-10 15:15:00,12632.9,74.43,80.67428571428572,Waiting
2020-11-10 16:15:00,12643.75,80.21,80.66,Waiting
2020-11-11 08:15:00,12680.6,80.63,80.59714285714286,Waiting
2020-11-11 09:15:00,12737.8,81.58,80.58857142857143,Waiting
2020-11-11 10:15:00,12628.3,64.59,79.39785714285713,Waiting
2020-11-11 11:15:00,12664.2,66.53,78.10642857142857,Waiting
2020-11-11 12:15:00,12630.1,62.9,76.62428571428572,Waiting
2020-11-11 13:15:00,12717.45,62.91,75.03428571428572,Waiting
2020-11-11 14:15:00,12746.75,64.61,73.57642857142856,Waiting
2020-11-11 15:15:00,12757.5,64.06,72.05857142857143,Waiting
2020-11-11 16:15:00,12757.0,64.52,70.64642857142857,Waiting
2020-11-12 08:15:00,12702.15,56.69,68.50285714285714,Waiting
2020-11-12 09:15:00,12699.45,64.62,68.42999999999999,Waiting
2020-11-12 10:15:00,12675.75,55.03,67.37928571428571,Waiting
2020-11-12 11:15:00,12684.6,55.15,66.00214285714286,Waiting
2020-11-12 12:15:00,12680.1,53.66,64.10571428571428,Waiting
2020-11-12 13:15:00,12686.4,50.62,61.96214285714286,Waiting
2020-11-12 14:15:00,12692.85,44.58,59.31928571428572,Waiting
2020-11-12 15:15:00,12692.15,60.43,59.02214285714286,Waiting
2020-11-12 16:15:00,12693.2,55.35,58.223571428571425,Waiting
2020-11-13 08:15:00,12659.7,55.47,57.692857142857136,Waiting
2020-11-13 09:15:00,12652.0,32.85,55.54571428571428,Waiting
2020-11-13 10:15:00,12700.65,39.03,53.71857142857142,Waiting
2020-11-13 11:15:00,12690.15,33.96,51.56857142857143,Waiting
2020-11-13 12:15:00,12691.1,34.34,49.41285714285715,Waiting
2020-11-13 13:15:00,12703.7,50.46,48.96785714285714,Waiting
2020-11-13 14:15:00,12722.2,56.18,48.365,Waiting
2020-11-13 15:15:00,12717.0,62.47,48.896428571428565,Waiting
2020-11-13 16:15:00,12723.35,61.89,49.377857142857145,Waiting
2020-11-14 17:15:00,12823.35,77.71,51.09571428571428,Waiting
2020-11-14 18:15:00,12770.6,63.81,52.03785714285715,Waiting
2020-11-14 19:15:00,12780.25,64.18,53.43785714285714,Waiting
2020-11-17 08:15:00,12932.5,76.14,54.559999999999995,Waiting
2020-11-17 09:15:00,12862.8,66.05,55.32428571428572,Waiting
2020-11-17 10:15:00,12810.55,63.79,55.91857142857143,Waiting
2020-11-17 11:15:00,12828.15,65.81,58.27285714285714,Waiting
2020-11-17 12:15:00,12843.55,63.64,60.03071428571429,Waiting
2020-11-17 13:15:00,12862.0,66.16,62.330714285714286,Waiting
2020-11-17 14:15:00,12875.5,66.94,64.6592857142857,Waiting
2020-11-17 15:15:00,12876.15,66.2,65.78357142857143,Waiting
2020-11-17 16:15:00,12879.8,65.23,66.42999999999999,Waiting
2020-11-18 08:15:00,12860.1,63.45,66.5,Waiting
2020-11-18 09:15:00,12862.75,63.2,66.59357142857142,Waiting
2020-11-18 10:15:00,12842.55,52.14,64.76714285714286,Waiting
2020-11-18 11:15:00,12838.55,58.5,64.38785714285714,Waiting
2020-11-18 12:15:00,12855.7,59.27,64.03714285714285,Waiting
2020-11-18 13:15:00,12906.55,45.76,61.867142857142866,Waiting
2020-11-18 14:15:00,12943.1,64.73,61.77285714285714,Waiting
2020-11-18 15:15:00,12945.5,80.29,62.95142857142857,Waiting
2020-11-18 16:15:00,12937.35,75.6,63.65071428571428,Waiting
2020-11-19 08:15:00,12839.5,49.32,62.62785714285714,Waiting
2020-11-19 09:15:00,12951.15,61.46,62.292142857142856,Waiting
2020-11-19 10:15:00,12936.65,57.84,61.64214285714286,Waiting
2020-11-19 11:15:00,12949.9,59.16,61.13928571428572,Waiting
2020-11-19 12:15:00,12921.95,54.94,60.40428571428571,Waiting
2020-11-19 13:15:00,12861.1,50.11,59.45142857142857,Waiting
2020-11-19 14:15:00,12771.3,41.76,57.92,Waiting
2020-11-19 15:15:00,12760.25,42.46,57.228571428571435,Waiting
2020-11-19 16:15:00,12758.3,42.62,56.09428571428572,Waiting
2020-11-20 08:15:00,12813.4,46.37,55.17285714285715,Waiting
2020-11-20 09:15:00,12829.25,42.93,54.97071428571429,Waiting
2020-11-20 10:15:00,12749.05,33.57,52.745000000000005,Waiting
2020-11-20 11:15:00,12786.75,37.32,49.67571428571428,Waiting
2020-11-20 12:15:00,12813.45,40.39,47.16071428571428,Waiting
2020-11-20 13:15:00,12868.15,52.38,47.37928571428571,Waiting
2020-11-20 14:15:00,12866.35,41.37,45.944285714285705,Waiting
2020-11-20 15:15:00,12849.35,41.16,44.75285714285714,Waiting
2020-11-20 16:15:00,12844.4,39.14,43.32285714285714,Waiting
2020-11-23 08:15:00,12960.3,53.34,43.20857142857143,Waiting
2020-11-23 09:15:00,12880.75,51.66,43.31928571428572,Waiting
2020-11-23 10:15:00,12875.15,60.22,44.63785714285715,Waiting
2020-11-23 11:15:00,12883.5,62.19,46.04714285714285,Waiting
2020-11-23 12:15:00,12902.65,63.81,47.56071428571429,Waiting
2020-11-23 13:15:00,12952.7,63.46,48.78142857142857,Waiting
2020-11-23 14:15:00,12933.8,60.04,50.00357142857143,Waiting
2020-11-23 15:15:00,12923.9,69.42,52.56428571428571,Waiting
2020-11-23 16:15:00,12926.75,66.85,54.673571428571435,Waiting
2020-11-24 08:15:00,13002.6,70.36,56.814285714285724,Waiting
2020-11-24 09:15:00,13033.5,68.76,57.98428571428571,Waiting
2020-11-24 10:15:00,13014.05,66.11,59.751428571428576,Waiting
2020-11-24 11:15:00,13016.3,68.82,61.72714285714285,Waiting
2020-11-24 12:15:00,13028.5,70.41,63.96071428571428,Waiting
2020-11-24 13:15:00,13049.4,62.52,64.61642857142857,Waiting
2020-11-24 14:15:00,13044.75,79.18,66.58214285714286,Waiting
2020-11-25 14:15:00,12860.7,48.43,65.74,Waiting
2020-11-25 15:15:00,12851.9,46.56,64.62357142857142,Waiting
2020-11-25 16:15:00,12858.9,45.11,63.28785714285714,Waiting
2020-11-26 08:15:00,12906.45,44.81,61.955714285714286,Waiting
2020-11-26 09:15:00,12832.75,39.9,60.51714285714286,Waiting
2020-11-26 10:15:00,12841.8,41.78,58.542857142857144,Waiting
2020-11-26 11:15:00,12796.25,37.96,56.47928571428571,Waiting
2020-11-26 12:15:00,12903.3,41.34,54.40642857142857,Waiting
2020-11-26 13:15:00,12934.5,41.37,52.449999999999996,Waiting
2020-11-26 14:15:00,12988.35,47.89,51.14857142857142,Waiting
2020-11-26 15:15:00,13007.0,49.26,49.75142857142857,Waiting
2020-11-26 16:15:00,13017.15,49.09,48.228571428571435,Waiting
2020-11-27 08:15:00,13012.05,46.92,47.11428571428571,Waiting
2020-11-27 09:15:00,12976.45,44.64,44.64714285714286,Waiting
2020-11-27 10:15:00,12957.15,60.21,45.48857142857143,Waiting
2020-11-27 11:15:00,12983.15,63.4,46.69142857142857,Waiting
2020-11-27 12:15:00,12974.8,61.8,47.88357142857143,Waiting
2020-11-27 13:15:00,12982.1,58.39,48.853571428571435,Waiting
2020-11-27 14:15:00,12979.4,69.3,50.95357142857142,Waiting
2020-11-27 15:15:00,12970.65,66.97,52.75285714285714,Waiting
2020-11-27 16:15:00,12941.95,70.09,55.04785714285715,Waiting
2020-12-01 08:15:00,13062.2,71.14,57.17642857142857,Waiting
2020-12-01 09:15:00,13034.55,63.43,58.75214285714286,Waiting
2020-12-01 10:15:00,13080.3,62.62,59.80428571428571,Waiting
2020-12-01 11:15:00,13075.95,59.85,60.56071428571429,Waiting
2020-12-01 12:15:00,13086.1,59.85,61.32928571428572,Waiting
2020-12-01 13:15:00,13117.2,63.98,62.54785714285715,Waiting
2020-12-01 14:15:00,13107.15,68.65,64.26285714285714,Waiting
2020-12-01 15:15:00,13099.0,70.91,65.02714285714286,Waiting
2020-12-01 16:15:00,13099.2,68.51,65.39214285714286,Waiting
2020-12-02 08:15:00,13121.4,72.4,66.14928571428571,Waiting
2020-12-02 09:15:00,13080.2,63.58,66.52,Waiting
2020-12-02 10:15:00,13089.0,64.92,66.20714285714287,Waiting
2020-12-02 11:15:00,13080.3,64.93,66.06142857142858,Waiting
2020-12-02 12:15:00,13031.6,61.58,65.45357142857144,Waiting
2020-12-02 13:15:00,13010.15,40.98,63.299285714285716,Waiting
2020-12-02 14:15:00,13121.2,61.65,63.172142857142866,Waiting
2020-12-02 15:15:00,13106.05,53.77,62.540000000000006,Waiting
2020-12-02 16:15:00,13105.45,54.37,62.14857142857143,Waiting
2020-12-03 08:15:00,13215.3,64.78,62.50071428571429,Waiting
2020-12-03 09:15:00,13158.95,54.51,61.824285714285715,Waiting
2020-12-03 10:15:00,13162.55,56.07,60.925714285714285,Waiting
2020-12-03 11:15:00,13141.35,54.51,59.75428571428572,Waiting
2020-12-03 12:15:00,13130.1,53.22,58.66214285714286,Waiting
2020-12-03 13:15:00,13141.0,52.09,57.21142857142856,Waiting
2020-12-03 14:15:00,13138.45,56.77,56.72500000000001,Waiting
2020-12-03 15:15:00,13129.45,54.7,55.995,Waiting
2020-12-03 16:15:00,13136.9,56.6,55.4,Waiting
2020-12-04 08:15:00,13177.4,67.32,55.809999999999995,Waiting
2020-12-04 09:15:00,13228.8,74.25,58.186428571428564,Waiting
2020-12-04 10:15:00,13231.9,66.14,58.50714285714286,Waiting
2020-12-04 11:15:00,13208.8,64.64,59.28357142857143,Waiting
2020-12-04 12:15:00,13200.2,63.2,59.91428571428571,Waiting
2020-12-04 13:15:00,13196.6,46.3,58.59428571428572,Waiting
2020-12-04 14:15:00,13256.6,69.05,59.63285714285714,Waiting
2020-12-04 15:15:00,13270.55,70.26,60.646428571428565,Waiting
2020-12-04 16:15:00,13271.05,76.37,62.207857142857144,Waiting
2020-12-07 08:15:00,13264.85,77.97,63.97571428571428,Waiting
2020-12-07 09:15:00,13296.25,79.7,65.94785714285715,Waiting
2020-12-07 10:15:00,13288.9,78.26,67.48285714285714,Waiting
2020-12-07 11:15:00,13322.55,83.2,69.51857142857143,Waiting
2020-12-07 12:15:00,13332.65,83.35,71.42928571428571,Waiting
2020-12-07 13:15:00,13313.4,74.98,71.97642857142857,Waiting
2020-12-07 14:15:00,13358.25,74.36,71.98428571428572,Waiting
2020-12-07 15:15:00,13353.35,72.71,72.45357142857142,Waiting
2020-12-07 16:15:00,13354.6,79.68,73.52785714285713,Waiting
2020-12-08 08:15:00,13393.85,85.05,75.08857142857143,Waiting
2020-12-08 09:15:00,13422.75,87.5,78.03142857142858,Waiting
2020-12-08 10:15:00,13380.2,71.75,78.22428571428573,Waiting
2020-12-08 11:15:00,13344.95,62.18,77.64714285714285,Waiting
2020-12-08 12:15:00,13380.5,66.07,76.91142857142857,Waiting
2020-12-08 13:15:00,13397.05,68.84,76.25928571428572,Waiting
2020-12-08 14:15:00,13388.5,64.06,75.14214285714286,Waiting
2020-12-08 15:15:00,13384.3,64.69,74.17285714285715,Waiting
2020-12-08 16:15:00,13387.75,61.07,72.59214285714286,Waiting
2020-12-09 08:15:00,13458.1,67.68,71.47285714285714,Waiting
2020-12-09 09:15:00,13480.7,73.35,71.35642857142857,Waiting
2020-12-09 10:15:00,13488.45,70.27,71.06428571428572,Waiting
2020-12-09 11:15:00,13482.7,70.09,70.87714285714286,Waiting
2020-12-09 12:15:00,13491.1,70.74,70.23857142857142,Waiting
2020-12-09 13:15:00,13542.05,71.74,69.28785714285713,Waiting
2020-12-09 14:15:00,13532.7,67.11,67.83142857142857,Waiting
2020-12-09 15:15:00,13527.2,75.86,68.125,Waiting
2020-12-09 16:15:00,13531.55,86.83,69.88571428571429,Waiting
2020-12-10 08:15:00,13488.5,70.71,70.21714285714286,Waiting
2020-12-10 09:15:00,13415.75,52.95,69.08214285714286,Waiting
2020-12-10 10:15:00,13451.8,59.19,68.73428571428572,Waiting
2020-12-10 11:15:00,13418.6,54.59,68.01285714285714,Waiting
2020-12-10 12:15:00,13434.9,56.1,67.65785714285714,Waiting
2020-12-10 13:15:00,13416.9,43.83,65.95428571428572,Waiting
2020-12-10 14:15:00,13471.25,48.71,64.19428571428571,Waiting
2020-12-10 15:15:00,13478.85,48.69,62.652857142857144,Waiting
2020-12-10 16:15:00,13481.6,49.85,61.207142857142856,Waiting
2020-12-11 08:15:00,13512.3,52.75,59.922142857142866,Waiting
2020-12-11 09:15:00,13556.6,51.92,58.50642857142857,Waiting
2020-12-11 10:15:00,13553.25,52.76,57.48142857142857,Waiting
2020-12-11 11:15:00,13547.0,52.65,55.82357142857143,Waiting
2020-12-11 12:15:00,13547.4,52.15,53.34642857142857,Waiting
2020-12-11 13:15:00,13446.75,45.11,51.517857142857146,Waiting
2020-12-11 14:15:00,13518.05,62.03,52.166428571428575,Waiting
2020-12-11 15:15:00,13516.0,58.21,52.096428571428575,Waiting
2020-12-11 16:15:00,13504.25,61.58,52.59571428571429,Waiting
2020-12-14 08:15:00,13571.45,66.23,53.31928571428572,Waiting
2020-12-14 09:15:00,13542.8,64.6,54.80285714285714,Waiting
2020-12-14 10:15:00,13524.7,56.76,55.377857142857145,Waiting
2020-12-14 11:15:00,13521.45,55.45,55.86071428571428,Waiting
2020-12-14 12:15:00,13536.4,56.8,56.357142857142854,Waiting
2020-12-14 13:15:00,13543.45,54.11,56.45428571428571,Waiting
2020-12-14 14:15:00,13562.25,50.8,56.37428571428571,Waiting
2020-12-14 15:15:00,13556.05,50.39,56.205,Waiting
2020-12-14 16:15:00,13553.45,50.91,56.080714285714286,Waiting
2020-12-15 08:15:00,13547.2,49.97,55.925000000000004,Waiting
2020-12-15 09:15:00,13463.45,52.44,56.44857142857143,Waiting
2020-12-15 10:15:00,13469.8,41.29,54.96714285714285,Waiting
2020-12-15 11:15:00,13516.65,50.1,54.38785714285715,Waiting
2020-12-15 12:15:00,13538.05,55.1,53.925,Waiting
2020-12-15 13:15:00,13569.45,49.66,52.74142857142857,Waiting
2020-12-15 14:15:00,13571.75,55.38,52.082857142857144,Waiting
2020-12-15 15:15:00,13566.3,58.11,52.17928571428571,Waiting
2020-12-15 16:15:00,13565.35,58.63,52.40642857142858,Waiting
2020-12-16 08:15:00,13663.1,68.79,53.262857142857136,Waiting
2020-12-16 09:15:00,13658.5,67.19,54.19714285714286,Waiting
2020-12-17 09:15:00,13712.4,70.3,55.589999999999996,Waiting
2020-12-17 10:15:00,13723.05,72.31,57.15571428571428,Waiting
2020-12-17 11:15:00,13728.05,73.18,58.746428571428574,Waiting
2020-12-17 12:15:00,13741.2,75.29,60.555,Waiting
2020-12-17 13:15:00,13766.15,96.61,63.71,Waiting
2020-12-17 14:15:00,13744.85,90.49,67.22428571428571,Waiting
2020-12-17 15:15:00,13733.55,85.66,69.7642857142857,Waiting
2020-12-17 16:15:00,13735.5,84.68,71.87714285714286,Waiting
2020-12-18 08:15:00,13764.4,84.55,74.36928571428572,Waiting
2020-12-18 09:15:00,13695.05,67.65,75.24571428571429,Waiting
2020-12-18 10:15:00,13708.3,69.89,76.08714285714287,Waiting
2020-12-18 11:15:00,13704.75,69.38,76.855,Waiting
2020-12-18 12:15:00,13704.3,57.85,76.07357142857143,Waiting
2020-12-18 13:15:00,13751.45,65.25,75.93499999999999,Waiting
2020-12-18 14:15:00,13761.75,59.44,75.15928571428572,Waiting
2020-12-18 15:15:00,13758.9,57.07,74.07071428571429,Waiting
2020-12-18 16:15:00,13743.2,52.87,72.61999999999999,Waiting
2020-12-21 08:15:00,13741.9,50.14,70.82357142857143,Waiting
2020-12-21 09:15:00,13755.65,47.82,67.33857142857143,Waiting
2020-12-21 10:15:00,13729.25,46.83,64.22,Waiting
2020-12-21 11:15:00,13726.95,48.61,61.57357142857143,Waiting
2020-12-21 12:15:00,13671.4,38.98,58.30928571428571,Waiting
2020-12-21 13:15:00,13582.75,24.09,53.99071428571428,Waiting
2020-12-21 14:15:00,13338.9,16.08,50.307142857142864,Buy
2020-12-21 15:15:00,13302.4,12.99,46.24285714285715,Hold
2020-12-21 16:15:00,13281.95,12.6,42.18714285714285,Hold
2020-12-22 08:15:00,13373.65,24.82,39.82785714285715,Hold
2020-12-22 09:15:00,13301.4,16.98,36.38,Hold
2020-12-22 10:15:00,13260.2,14.8,33.191428571428574,Hold
2020-12-22 11:15:00,13241.65,14.48,30.149285714285714,Hold
2020-12-22 12:15:00,13278.55,19.0,27.73,Hold
2020-12-22 13:15:00,13427.8,32.5,26.47,Hold
2020-12-22 14:15:00,13470.0,34.57,25.523571428571426,Hold
2020-12-22 15:15:00,13470.9,35.65,24.724999999999998,Hold
2020-12-22 16:15:00,13464.0,35.47,23.78642857142857,Hold
2020-12-23 08:15:00,13473.5,38.48,23.750714285714285,Hold
2020-12-23 09:15:00,13494.05,44.39,25.200714285714287,Hold
2020-12-23 10:15:00,13523.45,66.01,28.767142857142858,Hold
2020-12-23 11:15:00,13538.3,71.27,32.93,Sell
2020-12-23 12:15:00,13540.0,74.08,37.32142857142857,Waiting
2020-12-23 13:15:00,13553.45,69.65,40.52357142857142,Waiting
2020-12-23 14:15:00,13605.2,84.75,45.36428571428571,Waiting
2020-12-23 15:15:00,13615.6,93.74,51.00285714285714,Waiting
2020-12-23 16:15:00,13610.15,96.86,56.887142857142855,Waiting
2020-12-24 08:15:00,13672.15,97.05,62.46214285714286,Waiting
2020-12-24 09:15:00,13733.35,96.26,67.01642857142858,Waiting
2020-12-24 10:15:00,13656.65,75.59,69.94642857142857,Waiting
2020-12-24 11:15:00,13675.85,76.75,72.88214285714285,Waiting
2020-12-24 12:15:00,13695.9,79.27,76.01071428571427,Waiting
2020-12-24 13:15:00,13727.85,80.38,79.00357142857142,Waiting
2020-12-24 14:15:00,13749.75,80.44,81.57857142857144,Waiting
2020-12-24 15:15:00,13745.8,78.18,82.44785714285715,Waiting
2020-12-24 16:15:00,13740.4,76.24,82.80285714285715,Waiting
2020-12-28 08:15:00,13815.15,80.03,83.22785714285713,Waiting
2020-12-28 09:15:00,13843.8,80.67,84.015,Waiting
2020-12-28 10:15:00,13827.75,75.43,83.34928571428573,Waiting
2020-12-28 11:15:00,13849.25,76.03,82.08428571428571,Waiting
2020-12-28 12:15:00,13865.15,77.77,80.72071428571428,Waiting
2020-12-28 13:15:00,13861.95,73.7,79.05285714285715,Waiting
2021-01-01 08:15:00,13996.1,77.75,77.73071428571428,Waiting
2021-01-01 09:15:00,14025.25,93.28,78.99428571428572,Waiting
2021-01-01 10:15:00,14029.35,93.04,80.15785714285714,Waiting
2021-01-01 11:15:00,14023.05,91.21,81.01071428571429,Waiting
2021-01-01 12:15:00,14030.35,90.63,81.74285714285713,Waiting
2021-01-01 13:15:00,14043.45,90.4,82.4542857142857,Waiting
2021-01-01 14:15:00,14015.0,84.69,82.91928571428572,Waiting
2021-01-01 15:15:00,14022.7,86.16,83.62785714285714,Waiting
2021-01-01 16:15:00,14014.8,80.86,83.68714285714286,Waiting
2021-01-04 08:15:00,14104.35,83.89,83.91714285714285,Waiting
2021-01-04 09:15:00,14086.55,83.51,84.49428571428572,Waiting
2021-01-04 10:15:00,14017.8,69.45,84.02428571428571,Waiting
2021-01-04 11:15:00,14060.7,71.24,83.55785714285715,Waiting
2021-01-04 12:15:00,14085.5,73.19,83.52142857142857,Waiting
2021-01-04 13:15:00,14096.55,64.0,82.53928571428571,Waiting
2021-01-04 14:15:00,14128.0,64.23,80.46428571428571,Waiting
2021-01-04 15:15:00,14143.75,65.34,78.48571428571428,Waiting
2021-01-04 16:15:00,14143.65,66.45,76.71714285714286,Waiting
2021-01-05 08:15:00,14075.15,55.24,74.18928571428572,Waiting
2021-01-05 09:15:00,14071.6,53.37,71.54428571428572,Waiting
2021-01-05 10:15:00,14119.75,61.96,69.92071428571428,Waiting
2021-01-05 11:15:00,14139.3,62.96,68.26357142857144,Waiting
2021-01-05 12:15:00,14133.0,63.19,67.00142857142858,Waiting
2021-01-05 13:15:00,14164.8,57.74,65.13357142857143,Waiting
2021-01-05 14:15:00,14207.2,64.53,63.777857142857144,Waiting
2021-01-05 15:15:00,14210.45,77.56,64.35714285714286,Waiting
2021-01-05 16:15:00,14196.35,71.15,64.35071428571429,Waiting
2021-01-06 08:15:00,14240.95,72.82,64.32428571428571,Waiting
2021-01-06 09:15:00,14191.7,62.56,64.22142857142858,Waiting
2021-01-06 10:15:00,14216.45,61.89,64.05428571428571,Waiting
2021-01-06 11:15:00,14189.05,55.9,63.379999999999995,Waiting
2021-01-06 12:15:00,14179.05,54.5,62.526428571428575,Waiting
2021-01-06 13:15:00,14074.85,49.97,62.15,Waiting
2021-01-06 14:15:00,14148.85,57.73,62.46142857142858,Waiting
2021-01-06 15:15:00,14139.75,52.17,61.762142857142855,Waiting
2021-01-06 16:15:00,14134.05,49.41,60.79428571428572,Waiting
2021-01-07 08:15:00,14253.75,60.78,60.62214285714286,Waiting
2021-01-07 09:15:00,14203.1,53.31,60.30571428571428,Waiting
2021-01-07 10:15:00,14187.35,48.2,59.13928571428572,Waiting
2021-01-07 11:15:00,14193.1,48.44,57.05928571428571,Waiting
2021-01-07 12:15:00,14207.55,51.01,55.62071428571428,Waiting
2021-01-07 13:15:00,14188.5,45.05,53.637142857142855,Waiting
2021-01-07 14:15:00,14135.65,44.75,52.365,Waiting
2021-01-07 15:15:00,14130.0,41.59,50.915000000000006,Waiting
2021-01-07 16:15:00,14148.45,45.98,50.20642857142857,Waiting
2021-01-08 08:15:00,14258.4,56.56,50.353571428571435,Waiting
2021-01-08 09:15:00,14253.35,67.63,51.615,Waiting
2021-01-08 10:15:00,14273.7,63.8,52.04857142857143,Waiting
2021-01-08 11:15:00,14287.8,66.18,53.049285714285716,Waiting
2021-01-08 12:15:00,14289.15,67.12,54.31428571428571,Waiting
2021-01-08 13:15:00,14286.0,54.79,53.88642857142857,Waiting
2021-01-08 14:15:00,14357.25,71.58,55.191428571428574,Waiting
2021-01-08 15:15:00,14350.15,73.36,56.98857142857143,Waiting
2021-01-08 16:15:00,14343.9,71.6,58.642857142857146,Waiting
2021-01-11 10:15:00,14443.0,77.15,60.510000000000005,Waiting
2021-01-11 11:15:00,14433.35,78.86,62.925000000000004,Waiting
2021-01-11 12:15:00,14440.6,90.27,66.17642857142857,Waiting
2021-01-11 13:15:00,14467.1,92.19,69.79071428571429,Waiting
2021-01-12 13:15:00,14570.1,93.55,73.18857142857144,Waiting
2021-01-12 14:15:00,14569.6,91.54,75.68714285714285,Waiting
2021-01-12 15:15:00,14566.2,91.94,77.42357142857144,Waiting
2021-01-12 16:15:00,14574.75,91.68,79.41499999999999,Waiting
2021-01-13 08:15:00,14639.8,92.71,81.30999999999999,Waiting
2021-01-13 09:15:00,14623.4,89.13,82.88214285714287,Waiting
2021-01-13 10:15:00,14601.95,85.46,85.07285714285715,Waiting
2021-01-13 11:15:00,14560.0,74.36,85.27142857142857,Waiting
2021-01-13 12:15:00,14545.6,73.08,85.25142857142858,Waiting
2021-01-13 13:15:00,14499.3,66.76,84.90571428571427,Waiting
2021-01-13 14:15:00,14575.8,65.06,84.04214285714286,Waiting
2021-01-13 15:15:00,14555.65,63.55,82.94857142857143,Waiting
2021-01-13 16:15:00,14558.3,63.17,81.01285714285713,Waiting
2021-01-14 08:15:00,14550.05,59.68,78.69071428571428,Waiting
2021-01-14 09:15:00,14507.8,41.53,74.975,Waiting
2021-01-14 10:15:00,14567.55,49.76,71.99071428571429,Waiting
2021-01-14 11:15:00,14569.9,50.43,69.02571428571429,Waiting
2021-01-14 12:15:00,14584.8,51.16,66.13142857142857,Waiting
2021-01-14 13:15:00,14592.0,43.62,62.62499999999999,Waiting
2021-01-14 14:15:00,14587.6,45.06,59.47714285714285,Waiting
2021-01-14 15:15:00,14599.65,49.67,56.92071428571428,Waiting
2021-01-14 16:15:00,14597.5,55.98,55.60785714285714,Waiting
2021-01-15 08:15:00,14594.35,58.07,54.535714285714285,Waiting
2021-01-15 09:15:00,14535.95,55.83,53.754999999999995,Waiting
2021-01-15 10:15:00,14483.35,34.07,51.541428571428575,Waiting
2021-01-15 11:15:00,14501.25,40.56,49.89928571428571,Waiting
2021-01-15 12:15:00,14520.2,43.74,48.51142857142857,Waiting
2021-01-15 13:15:00,14406.2,32.46,46.56714285714286,Waiting
2021-01-15 14:15:00,14433.45,40.59,46.5,Waiting
2021-01-15 15:15:00,14443.55,32.05,45.235,Waiting
2021-01-15 16:15:00,14434.4,30.76,43.83,Waiting
2021-01-18 08:15:00,14453.3,31.54,42.42857142857143,Waiting
2021-01-18 09:15:00,14340.1,22.75,40.93785714285714,Waiting
2021-01-18 10:15:00,14328.75,22.41,39.32,Buy
2021-01-18 11:15:00,14298.1,19.09,37.135714285714286,Hold
2021-01-18 12:15:00,14315.5,21.97,34.70642857142857,Hold
2021-01-18 13:15:00,14400.9,33.47,32.949285714285715,Hold
2021-01-18 14:15:00,14287.0,30.57,31.145000000000003,Hold
2021-01-18 15:15:00,14241.65,30.92,30.919999999999998,Hold
2021-01-18 16:15:00,14228.4,28.31,30.044999999999998,Hold
2021-01-19 08:15:00,14371.65,40.14,29.787857142857142,Hold
2021-01-19 09:15:00,14412.5,50.46,31.073571428571427,Hold
2021-01-19 10:15:00,14433.0,49.97,31.743571428571432,Hold
2021-01-19 11:15:00,14468.85,51.81,33.155,Hold
2021-01-19 12:15:00,14481.15,53.33,34.76714285714286,Hold
2021-01-19 13:15:00,14495.75,53.04,36.30285714285714,Hold
2021-01-19 14:15:00,14526.75,65.16,39.332142857142856,Hold
2021-01-19 15:15:00,14511.7,64.77,42.35785714285714,Hold
2021-01-19 16:15:00,14526.85,68.94,45.91857142857143,Hold
2021-01-20 08:15:00,14538.3,68.63,49.25142857142857,Hold
2021-01-20 09:15:00,14576.85,65.96,51.57214285714285,Hold
2021-01-20 10:15:00,14611.7,84.4,55.417142857142856,Sell
2021-01-20 11:15:00,14606.95,92.34,59.80428571428571,Waiting
2021-01-20 12:15:00,14602.25,94.21,64.51142857142857,Waiting
2021-01-20 13:15:00,14631.85,92.08,68.22142857142858,Waiting
2021-01-20 14:15:00,14643.85,91.26,71.13571428571429,Waiting
2021-01-20 15:15:00,14630.85,86.26,73.72785714285715,Waiting
2021-01-20 16:15:00,14623.1,81.51,75.8492857142857,Waiting
2021-01-21 08:15:00,14730.95,86.7,78.23285714285714,Waiting
2021-01-21 09:15:00,14727.3,85.15,80.52642857142857,Waiting
2021-01-21 10:15:00,14741.25,84.34,81.89642857142857,Waiting
2021-01-21 11:15:00,14734.45,86.63,83.45785714285714,Waiting
2021-01-21 12:15:00,14740.85,86.23,84.69285714285715,Waiting
2021-01-21 13:15:00,14699.9,74.88,85.13928571428572,Waiting
2021-01-21 14:15:00,14586.45,51.2,84.08500000000001,Waiting
2021-01-21 15:15:00,14620.2,51.07,81.70428571428572,Waiting
2021-01-21 16:15:00,14630.4,52.9,78.88714285714285,Waiting
2021-01-22 08:15:00,14583.4,47.89,75.57857142857142,Waiting
2021-01-22 09:15:00,14601.25,46.48,72.32142857142857,Waiting
2021-01-22 10:15:00,14499.35,36.22,68.39,Waiting
2021-01-22 11:15:00,14503.25,37.62,64.91571428571429,Waiting
2021-01-22 12:15:00,14401.25,31.81,61.36571428571428,Waiting
2021-01-22 13:15:00,14402.1,17.29,56.40785714285714,Waiting
2021-01-22 14:15:00,14362.95,16.15,51.47928571428571,Buy
2021-01-22 15:15:00,14374.4,15.76,46.580714285714286,Hold
2021-01-22 16:15:00,14367.0,15.74,41.51714285714285,Hold
2021-01-25 08:15:00,14477.8,29.47,37.462857142857146,Hold
2021-01-25 09:15:00,14376.45,26.93,34.03785714285714,Hold
2021-01-25 10:15:00,14411.6,35.96,32.949285714285715,Hold
2021-01-25 11:15:00,14356.45,29.53,31.410714285714285,Hold
2021-01-25 12:15:00,14399.45,32.94,29.984999999999996,Hold
2021-01-25 13:15:00,14316.7,31.29,28.799285714285713,Hold
2021-01-25 14:15:00,14240.5,26.61,27.38,Hold
2021-01-25 15:15:00,14225.2,29.97,26.93357142857143,Hold
2021-01-25 16:15:00,14251.6,32.2,26.54642857142857,Hold
2021-01-27 08:15:00,14237.95,36.8,26.90285714285714,Hold
2021-01-27 09:15:00,14167.5,32.96,28.022142857142853,Hold
2021-01-27 10:15:00,14146.75,33.86,29.287142857142857,Hold
2021-01-27 11:15:00,14086.4,29.96,30.301428571428573,Hold
2021-01-27 12:15:00,14066.7,29.46,31.28142857142857,Hold
2021-01-27 13:15:00,13978.1,14.75,30.23,Hold
2021-01-27 14:15:00,13965.3,16.86,29.51071428571429,Hold
2021-01-27 15:15:00,13963.95,11.83,27.787142857142857,Hold
2021-01-27 16:15:00,13964.25,13.11,26.614285714285717,Hold
2021-01-28 08:15:00,13810.4,4.16,24.55857142857143,Hold
2021-01-28 09:15:00,13866.4,13.43,23.282857142857143,Hold
2021-01-28 10:15:00,13862.6,15.22,22.469285714285714,Hold
2021-01-28 11:15:00,13811.9,14.29,21.349285714285713,Hold
2021-01-28 12:15:00,13740.6,9.03,19.694285714285716,Hold
2021-01-28 13:15:00,13802.15,17.55,18.319285714285716,Hold
2021-01-28 14:15:00,13822.8,22.28,17.556428571428572,Hold
2021-01-28 15:15:00,13823.4,23.12,16.789285714285715,Hold
2021-01-28 16:15:00,13819.75,25.53,16.472857142857144,Hold
2021-01-29 08:15:00,13946.6,40.79,17.282142857142855,Hold
2021-01-29 09:15:00,13855.9,40.66,19.132857142857144,Hold
2021-01-29 10:15:00,13869.9,42.72,20.979999999999997,Hold
2021-01-29 11:15:00,13786.95,37.99,22.84857142857143,Hold
2021-01-29 12:15:00,13767.8,37.0,24.555,Hold
2021-01-29 13:15:00,13804.1,49.51,27.794285714285714,Hold
2021-01-29 14:15:00,13625.6,34.17,29.275714285714287,Hold
2021-01-29 15:15:00,13620.2,34.1,30.624285714285715,Hold
2021-01-29 16:15:00,13660.8,39.96,32.457857142857144,Hold
2021-02-01 08:15:00,13758.6,51.16,35.46714285714285,Hold
2021-02-01 09:15:00,13746.65,46.19,37.512857142857136,Hold
2021-02-01 10:15:00,13760.9,45.72,39.18714285714286,Hold
2021-02-01 11:15:00,13807.45,48.96,41.03285714285715,Hold
2021-02-01 12:15:00,14021.85,60.32,43.517857142857146,Hold
2021-02-01 13:15:00,14145.9,60.2,44.90428571428571,Hold
2021-02-01 14:15:00,14253.7,70.02,47.00142857142857,Sell
2021-02-02 14:15:00,14642.9,78.23,49.53785714285714,Waiting
2021-02-02 15:15:00,14665.0,83.56,52.79285714285714,Waiting
2021-02-02 16:15:00,14673.45,84.9,56.214285714285715,Waiting
2021-02-03 08:15:00,14754.9,85.41,58.778571428571425,Waiting
2021-02-03 09:15:00,14753.6,98.4,63.36642857142857,Waiting
2021-02-03 10:15:00,14791.55,98.89,67.99428571428571,Waiting
2021-02-03 11:15:00,14811.0,98.87,72.20214285714286,Waiting
2021-02-03 12:15:00,14848.35,98.81,75.60571428571428,Waiting
2021-02-03 13:15:00,14820.4,97.42,79.265,Waiting
2021-02-03 14:15:00,14792.85,95.04,82.78785714285713,Waiting
2021-02-03 15:15:00,14789.8,94.57,86.04571428571428,Waiting
2021-02-03 16:15:00,14783.6,92.61,88.35214285714287,Waiting
2021-02-04 08:15:00,14789.05,91.48,90.58642857142857,Waiting
2021-02-04 09:15:00,14749.95,85.12,91.66499999999999,Waiting
2021-02-04 10:15:00,14784.45,70.12,91.08571428571429,Waiting
2021-02-04 11:15:00,14821.8,71.36,90.21428571428571,Waiting
2021-02-04 12:15:00,14831.7,71.47,89.255,Waiting
2021-02-04 13:15:00,14903.3,70.69,88.20357142857144,Waiting
2021-02-04 14:15:00,14885.0,67.49,85.99571428571429,Waiting
2021-02-04 15:15:00,14884.25,63.69,83.48142857142857,Waiting
2021-02-04 16:15:00,14889.5,62.1,80.855,Waiting
2021-02-05 08:15:00,14952.6,64.89,78.43214285714286,Waiting
2021-02-05 09:15:00,14946.45,69.2,76.41642857142857,Waiting
2021-02-05 10:15:00,14940.25,74.01,74.91428571428573,Waiting
2021-02-05 11:15:00,14981.75,77.79,73.71571428571428,Waiting
2021-02-05 12:15:00,14914.55,66.11,71.82285714285715,Waiting
2021-02-05 13:15:00,14946.2,68.17,70.15785714285714,Waiting
2021-02-05 14:15:00,14918.65,70.04,69.08071428571428,Waiting
2021-02-05 15:15:00,14933.6,68.58,68.9707142857143,Waiting
2021-02-05 16:15:00,14940.85,66.03,68.59,Waiting
2021-02-08 08:15:00,15064.3,73.98,68.76928571428572,Waiting
2021-02-08 09:15:00,15103.25,72.11,68.87071428571429,Waiting
2021-02-08 10:15:00,15114.8,75.79,69.46357142857143,Waiting
2021-02-08 11:15:00,15091.2,72.09,70.06357142857144,Waiting
2021-02-08 12:15:00,15124.55,73.67,70.89,Waiting
2021-02-08 13:15:00,15138.15,70.76,71.30928571428572,Waiting
2021-02-08 14:15:00,15116.2,68.34,71.24785714285714,Waiting
2021-02-08 15:15:00,15123.8,69.77,70.94500000000001,Waiting
2021-02-08 16:15:00,15129.45,67.24,70.19142857142857,Waiting
2021-02-09 08:15:00,15164.15,81.53,71.29285714285714,Waiting
2021-02-09 09:15:00,15168.55,80.17,72.15,Waiting
2021-02-09 10:15:00,15219.15,88.37,73.45928571428571,Waiting
2021-02-09 11:15:00,15222.35,88.01,74.84714285714286,Waiting
2021-02-09 12:15:00,15236.3,88.22,76.43214285714285,Waiting
2021-02-09 13:15:00,15243.25,83.13,77.08571428571429,Waiting
2021-02-09 14:15:00,15115.05,51.64,75.62357142857142,Waiting
2021-02-09 15:15:00,15112.65,49.69,73.75928571428572,Waiting
2021-02-09 16:15:00,15110.6,52.95,72.39214285714286,Waiting
2021-02-10 08:15:00,15119.05,49.09,70.63642857142858,Waiting
2021-02-10 09:15:00,15077.15,40.81,68.49714285714286,Waiting
2021-02-10 10:15:00,15069.25,42.62,66.66,Waiting
2021-02-10 11:15:00,15096.0,45.88,64.95357142857144,Waiting
2021-02-10 12:15:00,15074.95,42.27,63.17,Waiting
2021-02-10 13:15:00,15042.25,32.61,59.675714285714285,Waiting
2021-02-10 14:15:00,15106.55,42.45,56.98142857142857,Waiting
2021-02-10 15:15:00,15135.3,39.21,53.46999999999999,Waiting
2021-02-10 16:15:00,15137.8,39.1,49.97642857142857,Waiting
2021-02-11 08:15:00,15073.25,31.41,45.91857142857143,Waiting
2021-02-11 09:15:00,15148.9,40.7,42.88785714285715,Waiting
2021-02-11 10:15:00,15126.8,51.46,42.875,Waiting
2021-02-11 11:15:00,15128.25,51.95,43.03642857142857,Waiting
2021-02-11 12:15:00,15135.8,53.11,43.04785714285714,Waiting
2021-02-11 13:15:00,15148.9,53.64,43.372857142857136,Waiting
2021-02-11 14:15:00,15173.55,62.26,44.90500000000001,Waiting
2021-02-11 15:15:00,15181.5,64.28,46.45214285714286,Waiting
2021-02-11 16:15:00,15176.65,60.86,47.52214285714286,Waiting
2021-02-12 08:15:00,15186.2,65.47,49.17928571428571,Waiting
2021-02-12 09:15:00,15192.95,72.58,52.034285714285716,Waiting
2021-02-12 10:15:00,15238.0,70.9,54.06642857142857,Waiting
2021-02-12 11:15:00,15198.75,59.76,55.534285714285716,Waiting
2021-02-12 12:15:00,15221.75,62.15,57.18071428571428,Waiting
2021-02-12 13:15:00,15117.05,55.68,58.91428571428572,Waiting
2021-02-12 14:15:00,15162.15,51.87,59.71214285714286,Waiting
2021-02-12 15:15:00,15169.85,56.32,60.05928571428571,Waiting
2021-02-12 16:15:00,15164.7,55.29,60.29785714285715,Waiting
2021-02-15 08:15:00,15270.3,65.2,61.16142857142857,Waiting
2021-02-15 09:15:00,15289.1,65.64,62.01857142857143,Waiting
2021-02-15 10:15:00,15314.9,65.73,62.26642857142857,Waiting
2021-02-15 11:15:00,15304.3,63.59,62.21714285714285,Waiting
2021-02-15 12:15:00,15319.25,65.43,62.54357142857143,Waiting
2021-02-15 13:15:00,15297.45,61.73,62.276428571428575,Waiting
2021-02-15 14:15:00,15317.25,62.75,61.574285714285715,Waiting
2021-02-15 15:15:00,15326.1,59.77,60.77928571428572,Waiting
2021-02-15 16:15:00,15335.5,66.23,61.24142857142858,Waiting
2021-02-16 08:15:00,15371.45,67.24,61.605,Waiting
2021-02-16 09:15:00,15393.2,89.31,64.00714285714285,Waiting
2021-02-16 10:15:00,15383.1,84.93,66.36857142857143,Waiting
2021-02-16 11:15:00,15354.0,77.27,67.86500000000001,Waiting
2021-02-16 12:15:00,15275.3,63.45,68.44785714285715,Waiting
2021-02-16 13:15:00,15276.9,51.07,67.43857142857144,Waiting
2021-02-16 14:15:00,15312.4,53.6,66.57857142857142,Waiting
2021-02-16 15:15:00,15321.95,51.15,65.53714285714287,Waiting
2021-02-16 16:15:00,15317.95,52.27,64.72857142857143,Waiting
2021-02-17 08:15:00,15279.9,43.93,63.192857142857136,Waiting
2021-02-17 09:15:00,15240.55,41.67,61.760000000000005,Waiting
2021-02-17 10:15:00,15291.55,46.55,60.60285714285715,Waiting
2021-02-17 11:15:00,15286.4,44.62,59.520714285714284,Waiting
2021-02-17 12:15:00,15229.2,37.25,57.450714285714284,Waiting
2021-02-17 13:15:00,15229.5,31.39,54.89,Waiting
2021-02-17 14:15:00,15218.15,26.41,50.39714285714285,Waiting
2021-02-17 15:15:00,15206.75,26.31,46.21,Buy
2021-02-17 16:15:00,15196.25,27.7,42.669285714285714,Hold
2021-02-18 08:15:00,15238.7,44.23,41.29642857142857,Hold
2021-02-18 09:15:00,15226.45,42.31,40.67071428571428,Hold
2021-02-18 10:15:00,15218.8,34.41,39.3,Hold
2021-02-18 11:15:00,15152.8,26.29,37.52428571428572,Hold
2021-02-18 12:15:00,15135.95,25.37,35.60285714285714,Hold
2021-02-18 13:15:00,15130.8,27.85,34.45428571428571,Hold
2021-02-18 14:15:00,15113.45,29.8,33.60642857142857,Hold
2021-02-18 15:15:00,15107.15,15.84,31.412857142857142,Hold
2021-02-18 16:15:00,15120.2,20.09,29.660714285714285,Hold
2021-02-19 08:15:00,15074.8,20.98,28.49857142857143,Hold
2021-02-19 09:15:00,15101.9,28.21,28.271428571428572,Hold
2021-02-19 10:15:00,15067.65,26.16,28.253571428571426,Hold
2021-02-19 11:15:00,15082.1,30.45,28.549285714285713,Hold
2021-02-19 12:15:00,15080.4,31.31,28.807142857142857,Hold
2021-02-19 13:15:00,14912.5,12.54,26.54357142857143,Hold
2021-02-19 14:15:00,15006.25,28.7,25.571428571428566,Hold
2021-02-19 15:15:00,15001.3,28.85,25.174285714285713,Hold
2021-02-19 16:15:00,15003.45,33.42,25.68357142857143,Hold
2021-02-22 09:15:00,14878.2,26.94,25.795714285714286,Hold
2021-02-22 10:15:00,14858.25,26.24,25.680714285714288,Hold
2021-02-22 11:15:00,14794.65,24.28,25.28642857142857,Hold
2021-02-22 12:15:00,14777.35,23.86,25.859285714285715,Hold
2021-02-22 13:15:00,14708.45,20.02,25.854285714285712,Hold
2021-02-22 14:15:00,14681.95,20.58,25.82571428571428,Hold
2021-02-22 15:15:00,14651.95,16.45,24.985714285714288,Hold
2021-02-22 16:15:00,14640.9,17.04,24.33428571428571,Hold
2021-02-23 08:15:00,14782.25,30.64,24.347857142857144,Hold
2021-02-23 09:15:00,14754.95,29.66,24.229999999999997,Hold
2021-02-23 10:15:00,14824.55,43.73,26.457857142857144,Hold
2021-02-23 11:15:00,14726.45,30.18,26.563571428571432,Hold
2021-02-23 12:15:00,14779.1,35.26,27.021428571428572,Hold
2021-02-23 13:15:00,14738.6,33.28,27.01142857142857,Hold
2021-02-23 14:15:00,14726.95,38.85,27.862142857142857,Hold
2021-02-23 15:15:00,14710.55,39.06,28.77785714285714,Hold
2021-02-23 16:15:00,14717.8,43.79,30.17142857142857,Hold
2021-02-24 08:15:00,14729.15,46.07,31.757857142857144,Hold
2021-02-24 09:15:00,14820.45,58.82,34.52928571428571,Hold
2021-02-24 15:15:00,14781.2,57.66,37.17785714285714,Hold
2021-02-24 16:15:00,14982.0,70.16,41.01428571428571,Sell
2021-02-25 08:15:00,15079.85,74.24,45.1,Waiting
2021-02-25 09:15:00,15118.15,70.93,47.97785714285715,Waiting
2021-02-25 10:15:00,15136.4,74.04,51.14785714285714,Waiting
2021-02-25 11:15:00,15083.7,66.69,52.78785714285715,Waiting
2021-02-25 12:15:00,15130.9,77.88,56.195,Waiting
2021-02-25 13:15:00,15139.75,76.45,59.137142857142855,Waiting
2021-02-25 14:15:00,15095.7,76.06,62.19285714285714,Waiting
2021-02-25 15:15:00,15097.6,77.44,64.94928571428571,Waiting
2021-02-25 16:15:00,15103.8,79.56,67.84214285714286,Waiting
2021-02-26 08:15:00,14888.6,59.78,68.98428571428572,Waiting
2021-02-26 09:15:00,14877.6,58.5,69.87214285714286,Waiting
2021-02-26 10:15:00,14744.45,45.85,68.94571428571429,Waiting
2021-02-26 11:15:00,14608.8,41.47,67.78928571428573,Waiting
2021-02-26 12:15:00,14591.15,26.4,64.66357142857143,Waiting
2021-02-26 13:15:00,14688.1,26.32,61.24071428571428,Buy
2021-02-26 14:15:00,14548.3,19.32,57.55428571428571,Hold
2021-02-26 15:15:00,14478.2,16.43,53.43928571428571,Hold
2021-02-26 16:15:00,14523.15,21.18,50.18857142857143,Hold
2021-03-01 08:15:00,14702.5,30.61,46.81214285714286,Hold
2021-03-01 09:15:00,14735.1,32.07,43.64214285714286,Hold
2021-03-01 10:15:00,14786.5,36.39,40.808571428571426,Hold
2021-03-01 11:15:00,14708.95,33.96,37.70285714285715,Hold
2021-03-01 12:15:00,14727.65,34.64,34.49428571428571,Hold
2021-03-01 13:15:00,14749.9,43.27,33.315000000000005,Hold
2021-03-01 14:15:00,14761.25,44.36,32.305,Hold
2021-03-01 15:15:00,14777.05,51.78,32.72857142857143,Hold
2021-03-01 16:15:00,14785.8,61.24,34.14071428571429,Hold
2021-03-02 08:15:00,14865.3,66.14,36.979285714285716,Hold
2021-03-02 09:15:00,14920.95,64.41,39.699999999999996,Hold
2021-03-02 10:15:00,14809.95,66.8,43.09142857142858,Hold
2021-03-02 11:15:00,14835.2,74.32,47.22642857142857,Sell
2021-03-02 12:15:00,14810.25,70.1,50.72071428571429,Waiting
2021-03-02 13:15:00,14856.95,63.28,53.05428571428571,Waiting
2021-03-02 14:15:00,14932.8,65.82,55.464999999999996,Waiting
2021-03-02 15:15:00,14953.55,64.06,57.44142857142857,Waiting
2021-03-02 16:15:00,14944.75,72.44,60.190000000000005,Waiting
2021-03-03 08:15:00,15064.4,76.89,63.207857142857144,Waiting
2021-03-03 09:15:00,15036.85,72.72,65.31142857142856,Waiting
2021-03-03 10:15:00,15064.6,73.41,67.38642857142857,Waiting
2021-03-03 11:15:00,15109.0,74.53,69.01142857142857,Waiting
2021-03-03 12:15:00,15123.5,74.75,69.97642857142857,Waiting
2021-03-03 13:15:00,15130.45,71.74,70.37642857142858,Waiting
2021-03-03 14:15:00,15248.45,74.36,71.08714285714287,Waiting
2021-03-03 15:15:00,15249.3,89.09,72.67928571428571,Waiting
2021-03-03 16:15:00,15240.5,87.15,73.59571428571428,Waiting
2021-03-04 08:15:00,15026.75,64.74,73.21285714285715,Waiting
2021-03-04 09:15:00,15065.5,64.36,73.28999999999999,Waiting
2021-03-04 10:15:00,15134.25,64.0,73.16,Waiting
2021-03-04 11:15:00,15134.75,62.96,73.08142857142857,Waiting
2021-03-04 12:15:00,15193.9,66.62,72.66571428571429,Waiting
2021-03-04 13:15:00,15157.3,56.97,71.24285714285715,Waiting
2021-03-04 14:15:00,15083.7,53.29,69.855,Waiting
2021-03-04 15:15:00,15068.5,50.28,68.20285714285714,Waiting
2021-03-04 16:15:00,15088.3,48.47,66.34142857142857,Waiting
2021-03-05 08:15:00,14977.95,40.56,63.89928571428572,Waiting
2021-03-05 09:15:00,15063.9,46.09,62.06714285714286,Waiting
2021-03-05 10:15:00,15005.25,34.62,59.228571428571435,Waiting
2021-03-05 11:15:00,15007.0,34.7,55.34357142857143,Waiting
2021-03-05 12:15:00,15009.45,35.29,51.63928571428571,Waiting
2021-03-05 13:15:00,14890.45,40.13,49.881428571428565,Waiting
2021-03-05 14:15:00,14954.9,42.28,48.30428571428572,Waiting
2021-03-05 15:15:00,14954.05,36.1,46.31142857142857,Waiting
2021-03-05 16:15:00,14962.85,36.91,44.45071428571429,Waiting
2021-03-08 08:15:00,15002.45,34.97,42.190000000000005,Waiting
2021-03-08 09:15:00,15089.4,45.06,41.339285714285715,Waiting
2021-03-08 10:15:00,15024.7,45.65,40.79357142857143,Waiting
2021-03-08 11:15:00,15012.35,45.84,40.47642857142857,Waiting
2021-03-08 12:15:00,15006.95,43.85,40.14642857142858,Waiting
2021-03-08 13:15:00,14985.0,50.62,40.865,Waiting
2021-03-08 14:15:00,14963.65,40.14,40.44,Waiting
2021-03-08 15:15:00,14967.9,45.89,41.245,Waiting
2021-03-08 16:15:00,14963.0,45.19,41.994285714285716,Waiting
2021-03-09 08:15:00,15049.9,53.74,43.31214285714286,Waiting
2021-03-09 09:15:00,15054.05,69.17,45.386428571428574,Waiting
2021-03-09 10:15:00,15055.25,63.81,46.92428571428571,Waiting
2021-03-09 11:15:00,15058.15,64.24,48.93428571428571,Waiting
2021-03-09 12:15:00,14973.55,51.21,49.955714285714286,Waiting
2021-03-09 13:15:00,14985.45,47.94,50.88214285714285,Waiting
2021-03-09 14:15:00,15114.55,52.76,51.43214285714286,Waiting
2021-03-09 15:15:00,15107.05,60.33,52.480714285714285,Waiting
2021-03-09 16:15:00,15099.0,60.99,53.56285714285714,Waiting
2021-03-10 08:15:00,15202.15,69.84,55.419285714285714,Waiting
2021-03-10 09:15:00,15191.9,71.54,56.91357142857142,Waiting
2021-03-10 10:15:00,15150.15,68.63,58.94857142857143,Waiting
2021-03-10 11:15:00,15121.55,64.63,60.287142857142854,Waiting
2021-03-10 12:15:00,15163.55,67.84,61.904999999999994,Waiting
2021-03-10 13:15:00,15180.75,63.29,62.58714285714286,Waiting
2021-03-10 14:15:00,15176.1,62.38,62.10214285714285,Waiting
2021-03-10 15:15:00,15171.85,61.76,61.955714285714286,Waiting
2021-03-10 16:15:00,15167.4,60.98,61.722857142857144,Waiting
2021-03-12 08:15:00,15321.15,80.67,63.82714285714285,Waiting
2021-03-12 09:15:00,15288.45,75.79,65.81642857142857,Waiting
2021-03-12 10:15:00,15270.1,66.32,66.785,Waiting
2021-03-12 11:15:00,15254.1,65.16,67.13000000000001,Waiting
2021-03-12 12:15:00,15204.05,59.96,67.05642857142857,Waiting
2021-03-12 13:15:00,14994.45,33.61,64.46857142857142,Waiting
2021-03-12 14:15:00,15029.95,37.71,62.05214285714286,Waiting
2021-03-12 15:15:00,15023.55,39.85,59.996428571428574,Waiting
2021-03-12 16:15:00,15022.55,41.69,58.35785714285714,Waiting
2021-03-15 08:15:00,15048.4,40.07,56.37428571428571,Waiting
2021-03-15 09:15:00,14890.2,29.84,53.985,Waiting
2021-03-16 09:15:00,14984.75,38.2,52.25785714285714,
2021-03-16 10:15:00,15028.75,41.59,50.81714285714286,
2021-03-16 11:15:00,14990.1,39.98,49.31714285714286,
2021-03-16 12:15:00,14939.25,25.57,45.381428571428565,Buy
2021-03-16 13:15:00,14913.5,25.8,41.81071428571429,Hold
2021-03-16 14:15:00,14900.5,25.98,38.92928571428571,Hold
2021-03-16 15:15:00,14915.3,27.95,36.27142857142857,Hold
2021-03-16 16:15:00,14924.0,30.74,34.184285714285714,Hold
2021-03-17 08:15:00,14946.55,45.56,35.03785714285714,Hold
2021-03-17 09:15:00,14866.15,35.99,34.915,Hold
2021-03-17 10:15:00,14874.8,37.33,34.735,Hold
2021-03-17 11:15:00,14861.7,36.57,34.369285714285716,Hold
2021-03-17 12:15:00,14830.15,31.96,33.790000000000006,Hold
2021-03-17 13:15:00,14791.0,39.79,34.50071428571429,Hold
2021-03-17 14:15:00,14698.85,20.42,33.230714285714285,Hold
2021-03-17 15:15:00,14703.3,13.33,31.212142857142855,Hold
2021-03-17 16:15:00,14706.1,15.19,29.44142857142857,Hold
2021-03-18 08:15:00,14855.5,41.73,30.595714285714287,Hold
2021-03-18 09:15:00,14807.85,40.0,31.610000000000003,Hold
2021-03-18 10:15:00,14785.05,39.27,32.559285714285714,Hold
2021-03-18 11:15:00,14825.95,42.08,33.56857142857143,Hold
2021-03-18 12:15:00,14708.85,34.01,33.80214285714286,Hold
2021-03-18 13:15:00,14506.0,24.17,32.27428571428572,Hold
2021-03-18 14:15:00,14586.15,33.58,32.10214285714286,Hold
2021-03-18 15:15:00,14571.2,32.33,31.745,Hold
2021-03-18 16:15:00,14582.6,33.72,31.541428571428575,Hold
2021-03-19 08:15:00,14471.15,30.85,31.462142857142855,Hold
2021-03-19 09:15:00,14500.9,34.37,31.075,Hold
2021-03-19 10:15:00,14615.55,45.62,32.875,Hold
2021-03-19 11:15:00,14519.8,41.19,34.865,Hold
2021-03-19 12:15:00,14578.8,44.2,36.93714285714286,Hold
2021-03-19 13:15:00,14674.35,41.32,36.90785714285715,Hold
2021-03-19 14:15:00,14747.7,47.19,37.42142857142857,Hold
2021-03-19 15:15:00,14726.2,47.25,37.99142857142857,Hold
2021-03-19 16:15:00,14737.05,45.72,38.25142857142857,Hold
2021-03-22 08:15:00,14736.3,51.49,39.5,Hold
2021-03-22 09:15:00,14731.8,65.6,42.45928571428572,Hold
2021-03-22 10:15:00,14684.2,57.09,44.138571428571424,Hold
2021-03-22 11:15:00,14681.0,58.08,45.97785714285714,Hold
2021-03-22 12:15:00,14626.4,53.03,47.357142857142854,Hold
2021-03-22 13:15:00,14693.55,66.4,49.896428571428565,Hold
2021-03-22 14:15:00,14756.3,67.96,52.29571428571428,Hold
2021-03-22 15:15:00,14747.75,60.92,53.388571428571424,Hold
2021-03-22 16:15:00,14743.85,71.83,55.57714285714286,Sell
2021-03-23 08:15:00,14768.55,69.81,57.40642857142858,Waiting
2021-03-23 09:15:00,14772.5,62.67,58.93142857142857,Waiting
2021-03-23 10:15:00,14801.95,57.9,59.69642857142857,Waiting
2021-03-23 11:15:00,14764.65,55.35,60.275,Waiting
2021-03-23 12:15:00,14789.0,56.97,61.07857142857143,Waiting
2021-03-23 13:15:00,14815.85,59.97,61.68428571428571,Waiting
2021-03-23 14:15:00,14817.4,60.81,61.34214285714286,Waiting
2021-03-23 15:15:00,14785.1,63.26,61.78285714285715,Waiting
2021-03-23 16:15:00,14809.6,66.0,62.348571428571425,Waiting
2021-03-24 08:15:00,14712.45,59.68,62.82357142857143,Waiting
2021-03-24 09:15:00,14668.85,47.07,61.44285714285714,Waiting
2021-03-24 10:15:00,14628.35,33.95,59.01357142857143,Waiting
2021-03-24 11:15:00,14631.9,35.29,57.182857142857145,Waiting
2021-03-24 12:15:00,14616.7,34.3,54.50214285714286,Waiting
2021-03-24 13:15:00,14636.6,33.51,51.909285714285716,Waiting
2021-03-24 14:15:00,14549.6,26.94,49.357142857142854,Waiting
2021-03-24 15:15:00,14551.1,22.45,46.824999999999996,Buy
2021-03-24 16:15:00,14561.85,26.35,44.753571428571426,Hold
2021-03-25 08:15:00,14570.9,23.62,42.37142857142857,Hold
2021-03-25 09:15:00,14436.4,13.59,39.05857142857143,Hold
2021-03-25 10:15:00,14370.3,11.83,35.559999999999995,Hold
2021-03-25 11:15:00,14315.1,11.38,31.854285714285712,Hold
2021-03-25 12:15:00,14295.7,7.42,27.669999999999998,Hold
2021-03-25 13:15:00,14400.7,24.5,25.157142857142855,Hold
2021-03-25 14:15:00,14298.9,22.37,23.392857142857142,Hold
2021-03-25 15:15:00,14315.85,25.81,22.81142857142857,Hold
2021-03-25 16:15:00,14348.25,28.98,22.360714285714288,Hold
2021-03-26 08:15:00,14506.3,43.25,23.0,Hold
2021-03-26 09:15:00,14480.6,40.53,23.50142857142857,Hold
2021-03-26 10:15:00,14481.85,45.41,24.820714285714285,Hold
2021-03-26 11:15:00,14539.55,49.27,26.736428571428572,Hold
2021-03-26 12:15:00,14528.85,47.92,28.277142857142856,Hold
2021-03-26 13:15:00,14533.75,47.65,29.993571428571425,Hold
2021-03-26 14:15:00,14496.15,54.31,32.902142857142856,Hold
2021-03-26 15:15:00,14523.0,61.68,36.462857142857146,Hold
2021-03-26 16:15:00,14518.25,66.84,40.424285714285716,Hold
2021-03-30 08:15:00,14628.5,73.98,45.17857142857143,Sell
2021-03-30 09:15:00,14741.05,74.26,48.73285714285714,Waiting
2021-03-30 10:15:00,14757.9,87.23,53.36571428571428,Waiting
2021-03-30 11:15:00,14722.3,82.0,57.37928571428572,Waiting
2021-03-30 12:15:00,14761.8,82.2,61.18071428571428,Waiting
2021-03-30 13:15:00,14851.2,80.06,63.81,Waiting
2021-03-30 14:15:00,14849.55,83.57,66.88428571428571,Waiting
2021-03-30 15:15:00,14837.85,81.79,69.48285714285716,Waiting
2021-03-30 16:15:00,14853.55,80.31,71.7,Waiting
2021-03-31 08:15:00,14811.85,75.77,73.68928571428572,Waiting
2021-03-31 09:15:00,14747.2,67.53,75.10928571428572,Waiting
2021-03-31 10:15:00,14741.35,71.25,76.31928571428571,Waiting
2021-03-31 11:15:00,14734.65,69.0,76.84214285714286,Waiting
2021-03-31 12:15:00,14747.65,70.3,77.08928571428571,Waiting
2021-03-31 13:15:00,14740.25,62.09,76.24,Waiting
2021-03-31 14:15:00,14693.4,43.99,74.07785714285714,Waiting
2021-03-31 15:15:00,14687.25,40.84,70.7642857142857,Waiting
2021-03-31 16:15:00,14690.7,45.53,68.15928571428572,Waiting
2021-04-01 08:15:00,14798.4,54.34,66.16928571428572,Waiting
2021-04-01 09:15:00,14765.9,38.32,63.18785714285714,Waiting
2021-04-01 10:15:00,14727.75,34.83,59.70642857142858,Waiting
2021-04-01 11:15:00,14753.6,39.87,56.71214285714285,Waiting
2021-04-01 12:15:00,14791.7,42.94,54.042857142857144,Waiting
2021-04-01 13:15:00,14842.8,53.46,52.44928571428572,Waiting
2021-04-01 14:15:00,14875.55,65.44,52.3,Waiting
2021-04-01 15:15:00,14864.75,64.67,51.830000000000005,Waiting
2021-04-01 16:15:00,14864.1,65.62,51.58857142857143,Waiting
2021-04-05 08:15:00,14837.7,60.52,50.89,Waiting
2021-04-05 09:15:00,14574.45,37.87,49.160000000000004,Waiting
2021-04-05 10:15:00,14473.3,35.09,48.52428571428571,Waiting
2021-04-05 11:15:00,14537.5,40.59,48.50642857142857,Waiting
2021-04-05 12:15:00,14574.65,43.01,48.326428571428565,Waiting
2021-04-05 13:15:00,14647.0,40.47,47.33571428571429,Waiting
2021-04-05 14:15:00,14632.3,41.4,47.55571428571428,Waiting
2021-04-05 15:15:00,14648.15,44.72,48.26214285714286,Waiting
2021-04-05 16:15:00,14650.45,42.94,48.48142857142857,Waiting
2021-04-06 08:15:00,14737.0,46.49,48.735,Waiting
2021-04-06 09:15:00,14721.95,41.87,47.90714285714285,Waiting
2021-04-06 10:15:00,14729.15,39.8,46.07571428571429,Waiting
2021-04-07 10:15:00,14856.65,49.51,44.99285714285715,Waiting
2021-04-07 11:15:00,14858.25,49.65,43.85214285714285,Waiting
2021-04-07 12:15:00,14872.35,52.11,43.25142857142857,Waiting
2021-04-07 13:15:00,14834.1,71.71,45.66857142857142,Waiting
2021-04-07 14:15:00,14818.35,83.66,49.13785714285715,Waiting
2021-04-07 15:15:00,14807.2,79.35,51.90642857142857,Waiting
2021-04-07 16:15:00,14808.85,77.62,54.378571428571426,Waiting
2021-04-08 08:15:00,14875.65,77.32,57.010714285714286,Waiting
2021-04-08 09:15:00,14941.2,82.91,59.97571428571428,Waiting
2021-04-08 10:15:00,14940.0,82.1,62.645714285714284,Waiting
2021-04-08 11:15:00,14889.0,73.7,64.84285714285714,Waiting
2021-04-08 12:15:00,14932.2,71.22,66.60928571428572,Waiting
2021-04-08 13:15:00,14945.5,74.39,68.93214285714285,Waiting
2021-04-08 14:15:00,14866.65,62.97,70.58714285714285,Waiting
2021-04-08 15:15:00,14879.7,52.77,70.82,Waiting
2021-04-08 16:15:00,14877.65,52.33,71.01142857142857,Waiting
2021-04-09 08:15:00,14882.65,51.27,70.95142857142856,Waiting
2021-04-09 09:15:00,14906.25,59.2,70.05785714285715,Waiting
2021-04-09 10:15:00,14845.9,53.15,67.87857142857142,Waiting
2021-04-09 11:15:00,14853.25,55.32,66.16214285714285,Waiting
2021-04-09 12:15:00,14861.9,56.03,64.62,Waiting
2021-04-09 13:15:00,14822.6,43.57,62.20928571428571,Waiting
2021-04-09 14:15:00,14832.85,34.83,58.775,Waiting
2021-04-09 15:15:00,14838.2,35.91,55.47571428571428,Waiting
2021-04-09 16:15:00,14838.05,41.79,53.19642857142857,Waiting
2021-04-12 08:15:00,14644.65,18.79,49.45142857142857,Waiting
2021-04-12 09:15:00,14454.75,11.49,44.95857142857143,Buy
2021-04-12 10:15:00,14427.05,12.5,41.353571428571435,Hold
2021-04-12 11:15:00,14322.25,8.88,38.21857142857143,Hold
2021-04-12 12:15:00,14320.25,8.88,35.115,Hold
2021-04-12 13:15:00,14317.7,8.17,32.03642857142857,Hold
2021-04-12 14:15:00,14301.6,4.73,28.145714285714284,Hold
2021-04-12 15:15:00,14336.15,10.3,25.085,Hold
2021-04-12 16:15:00,14354.7,11.84,21.979285714285712,Hold
2021-04-13 08:15:00,14364.9,12.05,18.837857142857143,Hold
2021-04-13 09:15:00,14442.75,22.61,17.340714285714288,Hold
2021-04-13 10:15:00,14355.4,19.01,16.210714285714285,Hold
2021-04-13 11:15:00,14324.25,17.73,14.912142857142856,Hold
2021-04-13 12:15:00,14331.4,18.46,13.245714285714286,Hold
2021-04-13 13:15:00,14463.95,37.83,14.605714285714287,Hold
2021-04-13 14:15:00,14509.25,54.56,17.682142857142857,Hold
2021-04-13 15:15:00,14525.4,58.39,20.96,Hold
2021-04-13 16:15:00,14525.7,71.12,25.405714285714286,Sell
2021-04-15 08:15:00,14522.4,70.92,29.837142857142858,Waiting
2021-04-15 09:15:00,14453.85,62.4,33.71071428571428,Waiting
2021-04-15 10:15:00,14367.15,55.29,37.32214285714286,Waiting
2021-04-15 11:15:00,14429.9,57.24,40.675000000000004,Waiting
2021-04-15 12:15:00,14426.3,55.66,43.805,Waiting
2021-04-15 13:15:00,14514.35,60.51,47.26642857142857,Waiting
2021-04-15 14:15:00,14587.7,60.26,49.955714285714286,Waiting
2021-04-15 15:15:00,14592.45,69.01,53.527142857142856,Waiting
2021-04-15 16:15:00,14587.35,72.01,57.40428571428571,Waiting
2021-04-16 08:15:00,14599.6,72.25,61.24642857142857,Waiting
2021-04-16 09:15:00,14654.4,68.14,63.41142857142857,Waiting
2021-04-16 10:15:00,14671.25,66.31,64.25071428571428,Waiting
2021-04-16 11:15:00,14644.7,61.77,64.49214285714285,Waiting
2021-04-16 12:15:00,14658.3,62.75,63.894285714285715,Waiting
2021-04-16 13:15:00,14653.3,62.54,63.29571428571429,Waiting
2021-04-16 14:15:00,14618.4,66.85,63.613571428571426,Waiting
2021-04-16 15:15:00,14602.45,78.18,65.24857142857142,Waiting
2021-04-16 16:15:00,14591.25,72.05,66.30642857142857,Waiting
2021-04-19 08:15:00,14306.6,40.75,65.24142857142857,Waiting
2021-04-19 09:15:00,14288.55,30.43,63.09285714285715,Waiting
2021-04-19 10:15:00,14308.2,23.29,60.45214285714286,Waiting
2021-04-19 11:15:00,14269.95,21.04,57.02571428571429,Buy
2021-04-19 12:15:00,14315.05,27.19,53.82428571428572,Hold
2021-04-19 13:15:00,14354.45,30.35,50.83142857142858,Hold
2021-04-19 14:15:00,14361.9,24.64,47.72428571428571,Hold
2021-04-19 15:15:00,14365.25,22.83,44.61857142857143,Hold
2021-04-19 16:15:00,14361.15,23.78,41.90500000000001,Hold
2021-04-20 08:15:00,14526.7,40.5,40.31571428571429,Hold
2021-04-20 09:15:00,14444.9,36.46,38.45285714285715,Hold
2021-04-20 10:15:00,14433.35,37.6,36.363571428571426,Hold
2021-04-20 11:15:00,14397.2,36.61,33.394285714285715,Hold
2021-04-20 12:15:00,14377.25,36.19,30.832857142857144,Hold
2021-04-20 13:15:00,14369.3,56.29,31.942857142857143,Hold
2021-04-20 14:15:00,14314.95,52.47,33.51714285714286,Hold
2021-04-20 15:15:00,14299.1,49.14,35.363571428571426,Hold
2021-04-20 16:15:00,14280.05,50.99,37.50285714285714,Hold
2021-04-22 08:15:00,14219.15,40.91,38.48285714285714,Hold
2021-04-22 09:15:00,14244.4,39.28,39.12071428571429,Hold
2021-04-22 10:15:00,14253.85,39.51,40.182857142857145,Hold
2021-04-22 11:15:00,14322.5,46.32,41.86071428571428,Hold
2021-04-22 12:15:00,14345.35,48.68,43.63928571428572,Hold
2021-04-22 13:15:00,14399.4,36.95,43.385714285714286,Hold
2021-04-22 14:15:00,14406.3,45.33,44.019285714285715,Hold
2021-04-22 15:15:00,14399.15,45.81,44.605714285714285,Hold
2021-04-22 16:15:00,14399.1,50.26,45.580714285714286,Hold
2021-04-23 08:15:00,14326.35,44.01,46.13928571428571,Hold
2021-04-23 09:15:00,14392.9,52.44,45.864285714285714,Hold
2021-04-23 10:15:00,14449.2,63.82,46.675000000000004,Hold
2021-04-23 11:15:00,14429.05,63.26,47.68357142857143,Hold
2021-04-23 12:15:00,14396.7,61.59,48.440714285714286,Hold
2021-04-23 13:15:00,14351.05,63.51,50.055,Hold
2021-04-23 14:15:00,14341.3,60.25,51.55285714285714,Hold
2021-04-23 15:15:00,14346.0,59.85,53.005714285714284,Hold
2021-04-23 16:15:00,14331.7,51.11,53.347857142857144,Hold
2021-04-26 08:15:00,14449.45,60.24,54.17357142857143,Hold
2021-04-26 09:15:00,14522.9,61.7,55.941428571428574,Hold
2021-04-26 10:15:00,14538.15,62.3,57.153571428571425,Hold
2021-04-26 11:15:00,14515.4,60.53,58.205,Hold
2021-04-26 12:15:00,14498.15,58.7,58.807857142857145,Hold
2021-04-26 13:15:00,14486.5,65.77,60.362142857142864,Hold
2021-04-26 14:15:00,14480.0,59.73,60.88285714285714,Hold
2021-04-26 15:15:00,14491.55,55.25,60.270714285714284,Hold
2021-04-26 16:15:00,14489.05,57.78,59.87928571428571,Hold
2021-04-27 08:15:00,14493.8,63.57,60.02071428571429,Hold
2021-04-27 09:15:00,14566.55,77.99,61.055,Sell
2021-04-27 10:15:00,14587.4,81.07,62.542142857142856,Waiting
2021-04-27 11:15:00,14624.85,82.52,64.16142857142857,Waiting
2021-04-27 12:15:00,14599.55,80.45,66.25714285714285,Waiting
2021-04-27 13:15:00,14632.55,75.79,67.36785714285715,Waiting
2021-04-27 14:15:00,14654.35,71.67,68.08,Waiting
2021-04-27 15:15:00,14657.9,70.53,68.66785714285714,Waiting
2021-04-27 16:15:00,14655.8,75.9,69.76571428571428,Waiting
2021-04-28 08:15:00,14710.5,84.42,71.60285714285713,Waiting
2021-04-28 09:15:00,14754.95,89.33,73.28571428571429,Waiting
2021-04-28 10:15:00,14776.0,91.6,75.56214285714285,Waiting
2021-04-28 11:15:00,14787.7,91.6,78.15857142857143,Waiting
2021-04-29 11:15:00,14904.3,94.17,80.75785714285713,Waiting
2021-04-29 12:15:00,14913.6,94.23,82.94785714285715,Waiting
2021-04-29 13:15:00,14899.7,90.07,83.8107142857143,Waiting
2021-04-29 14:15:00,14893.45,88.15,84.31642857142857,Waiting
2021-04-29 15:15:00,14879.3,83.67,84.39857142857143,Waiting
2021-04-29 16:15:00,14888.6,89.94,85.07642857142858,Waiting
2021-04-30 08:15:00,14747.35,62.21,84.10642857142857,Waiting
2021-04-30 09:15:00,14803.8,64.8,83.61571428571429,Waiting
2021-04-30 10:15:00,14811.8,65.11,83.22857142857143,Waiting
2021-04-30 11:15:00,14784.9,62.09,82.24214285714287,Waiting
2021-04-30 12:15:00,14761.65,55.09,80.14714285714285,Waiting
2021-04-30 13:15:00,14700.35,44.74,76.96214285714287,Waiting
2021-04-30 14:15:00,14630.9,37.22,73.07785714285714,Waiting
2021-04-30 15:15:00,14614.0,34.84,69.02357142857143,Waiting
2021-04-30 16:15:00,14619.1,19.1,63.66142857142857,Waiting
2021-05-03 08:15:00,14481.05,13.36,57.885,Buy
2021-05-03 09:15:00,14543.05,22.06,53.027142857142856,Hold
2021-05-03 10:15:00,14544.4,22.45,48.33428571428572,Hold
2021-05-03 11:15:00,14569.35,25.94,44.21071428571429,Hold
2021-05-03 12:15:00,14590.05,27.23,39.73142857142857,Hold
2021-05-03 13:15:00,14559.1,32.74,37.62642857142857,Hold
2021-05-03 14:15:00,14628.8,34.34,35.450714285714284,Hold
2021-05-03 15:15:00,14631.7,33.73,33.20928571428571,Hold
2021-05-03 16:15:00,14645.15,37.06,31.421428571428574,Hold
2021-05-04 08:15:00,14687.25,43.34,30.582142857142856,Hold
2021-05-04 09:15:00,14647.4,45.07,30.60571428571429,Hold
2021-05-04 10:15:00,14686.25,55.46,31.90857142857143,Hold
2021-05-04 11:15:00,14668.75,55.39,33.37642857142857,Hold
2021-05-04 12:15:00,14578.1,46.54,35.33642857142858,Hold
2021-05-04 13:15:00,14603.05,62.71,38.861428571428576,Hold
2021-05-04 14:15:00,14504.4,46.26,40.59000000000001,Hold
2021-05-04 15:15:00,14502.65,45.96,42.269285714285715,Hold
2021-05-04 16:15:00,14507.1,43.73,43.54,Hold
2021-05-05 08:15:00,14604.15,51.23,45.25428571428572,Hold
2021-05-05 09:15:00,14551.65,49.37,46.44214285714286,Hold
2021-05-05 10:15:00,14563.35,43.9,47.125,Hold
2021-05-05 11:15:00,14571.7,44.46,47.89142857142857,Hold
2021-05-05 12:15:00,14614.4,47.31,48.62357142857143,Hold
2021-05-05 13:15:00,14552.45,38.59,48.284285714285716,Hold
2021-05-05 14:15:00,14621.0,47.87,48.48428571428571,Hold
2021-05-05 15:15:00,14629.45,45.18,47.75,Hold
2021-05-05 16:15:00,14635.95,47.16,47.162142857142854,Hold
2021-05-06 08:15:00,14668.35,58.68,48.02928571428571,Hold
2021-05-06 09:15:00,14650.3,54.6,47.449999999999996,Hold
2021-05-06 10:15:00,14636.85,65.48,48.82285714285714,Hold
2021-05-06 11:15:00,14673.2,68.44,50.42857142857143,Hold
2021-05-06 12:15:00,14712.75,70.67,52.35285714285715,Sell
2021-05-06 13:15:00,14691.9,60.41,53.00857142857143,Waiting
2021-05-06 14:15:00,14721.85,71.34,54.57785714285715,Waiting
2021-05-06 15:15:00,14741.0,71.86,56.574999999999996,Waiting
2021-05-06 16:15:00,14732.75,69.83,58.387142857142855,Waiting
2021-05-07 08:15:00,14816.85,72.62,60.195,Waiting
2021-05-07 09:15:00,14834.1,84.96,63.50714285714286,Waiting
2021-05-07 10:15:00,14811.55,76.7,65.56642857142857,Waiting
2021-05-07 11:15:00,14791.05,71.9,67.47500000000001,Waiting
2021-05-07 12:15:00,14778.05,68.93,69.03,Waiting
2021-05-07 13:15:00,14834.0,70.76,69.89285714285714,Waiting
2021-05-07 14:15:00,14827.3,72.83,71.19500000000001,Waiting
2021-05-07 15:15:00,14806.35,71.45,71.62142857142858,Waiting
2021-05-07 16:15:00,14810.35,68.9,71.65428571428572,Waiting
2021-05-10 08:15:00,14928.25,74.43,71.92285714285714,Waiting
2021-05-10 09:15:00,14920.6,76.72,73.08785714285715,Waiting
2021-05-10 10:15:00,14932.6,75.7,73.39928571428571,Waiting
2021-05-10 11:15:00,14940.8,75.04,73.62642857142858,Waiting
2021-05-10 12:15:00,14934.7,75.44,74.02714285714286,Waiting
2021-05-10 13:15:00,14946.8,70.0,73.84,Waiting
2021-05-10 14:15:00,14941.2,67.1,72.56428571428572,Waiting
2021-05-10 15:15:00,14944.1,72.58,72.27000000000001,Waiting
2021-05-10 16:15:00,14949.4,78.44,72.73714285714286,Waiting
2021-05-11 08:15:00,14789.7,51.37,71.48285714285714,Waiting
2021-05-11 09:15:00,14845.85,51.39,70.09928571428571,Waiting
2021-05-11 10:15:00,14831.75,50.51,68.505,Waiting
2021-05-11 11:15:00,14883.45,58.32,67.56714285714285,Waiting
2021-05-11 12:15:00,14849.3,53.95,66.49928571428572,Waiting
2021-05-11 13:15:00,14831.0,37.66,63.87285714285714,Waiting
2021-05-11 14:15:00,14854.75,41.97,61.39071428571429,Waiting
2021-05-11 15:15:00,14849.35,39.68,58.817857142857136,Waiting
2021-05-11 16:15:00,14845.1,38.02,56.17357142857143,Waiting
2021-05-12 08:15:00,14823.55,36.61,53.4,Waiting
2021-05-12 09:15:00,14740.25,28.76,50.45428571428571,Waiting
2021-05-12 10:15:00,14712.5,27.5,47.62571428571429,Buy
2021-05-12 11:15:00,14758.5,33.17,44.81071428571429,Hold
2021-05-12 12:15:00,14775.1,34.51,41.67285714285715,Hold
2021-05-12 13:15:00,14745.15,44.86,41.20785714285715,Hold
2021-05-12 14:15:00,14707.9,33.34,39.91857142857143,Hold
2021-05-12 15:15:00,14706.15,34.37,38.76571428571429,Hold
2021-05-12 16:15:00,14699.65,24.22,36.33,Hold
2021-05-14 08:15:00,14749.4,36.58,35.089285714285715,Hold
2021-05-14 09:15:00,14685.15,32.56,34.725,Hold
2021-05-14 10:15:00,14663.35,27.0,33.65571428571429,Hold
2021-05-14 11:15:00,14623.1,24.91,32.60071428571429,Hold
2021-05-14 12:15:00,14666.5,31.78,32.154999999999994,Hold
2021-05-14 13:15:00,14659.75,32.77,31.880714285714287,Hold
2021-05-14 14:15:00,14672.65,41.65,32.801428571428566,Hold
2021-05-14 15:15:00,14687.95,46.87,34.184999999999995,Hold
2021-05-14 16:15:00,14681.0,39.04,34.604285714285716,Hold
2021-05-17 08:15:00,14756.25,47.71,35.54714285714286,Hold
2021-05-17 09:15:00,14808.15,57.26,36.432857142857145,Hold
2021-05-17 10:15:00,14802.75,61.79,38.464999999999996,Hold
2021-05-17 11:15:00,14827.9,64.31,40.60357142857142,Hold
2021-05-17 12:15:00,14836.95,66.04,43.59071428571429,Hold
2021-05-17 13:15:00,14871.4,64.78,45.605000000000004,Hold
2021-05-17 14:15:00,14921.15,79.63,48.96714285714285,Sell
2021-05-17 15:15:00,14925.85,84.43,53.06928571428572,Waiting
2021-05-17 16:15:00,14925.15,94.2,58.01857142857143,Waiting
2021-05-18 08:15:00,15067.2,95.5,62.57,Waiting
2021-05-18 09:15:00,15057.35,94.84,67.00357142857143,Waiting
2021-05-18 10:15:00,15126.25,95.41,70.84357142857142,Waiting
2021-05-18 11:15:00,15121.6,94.36,74.2357142857143,Waiting
2021-05-18 12:15:00,15101.2,91.84,78.00714285714285,Waiting
2021-05-18 13:15:00,15109.35,90.58,81.06928571428571,Waiting
2021-05-18 14:15:00,15104.6,88.21,83.28,Waiting
2021-05-18 15:15:00,15113.55,89.69,85.27285714285713,Waiting
2021-05-18 16:15:00,15110.15,88.17,86.97714285714287,Waiting
2021-05-19 08:15:00,15058.6,76.88,87.75142857142858,Waiting
2021-05-19 09:15:00,15102.05,77.38,88.65142857142857,Waiting
2021-05-19 10:15:00,15090.55,72.11,88.11428571428571,Waiting
2021-05-19 11:15:00,15120.15,73.82,87.35642857142857,Waiting
2021-05-19 12:15:00,15098.5,70.21,85.64285714285712,Waiting
2021-05-20 12:15:00,14987.6,39.99,81.67785714285712,Waiting
2021-05-20 13:15:00,14968.85,39.12,77.69785714285715,Waiting
2021-05-20 14:15:00,14906.45,22.53,72.49214285714285,Waiting
2021-05-20 15:15:00,14919.9,25.34,67.56214285714286,Buy
2021-05-20 16:15:00,14920.65,26.81,62.91714285714285,Hold
2021-05-21 08:15:00,14987.8,36.44,59.050000000000004,Hold
2021-05-21 09:15:00,15059.8,45.65,56.01,Hold
2021-05-21 10:15:00,15096.05,48.39,53.06,Hold
2021-05-21 11:15:00,15092.95,48.41,50.21999999999999,Hold
2021-05-21 12:15:00,15082.05,52.34,48.46714285714285,Hold
2021-05-21 13:15:00,15117.3,51.54,46.62142857142857,Hold
2021-05-21 14:15:00,15182.5,58.4,45.64214285714286,Hold
2021-05-21 15:15:00,15180.25,55.78,44.353571428571435,Hold
2021-05-21 16:15:00,15183.1,58.44,43.512857142857136,Hold
2021-05-24 08:15:00,15211.35,76.73,46.137142857142855,Sell
2021-05-24 09:15:00,15187.3,75.77,48.754999999999995,Waiting
2021-05-24 10:15:00,15218.5,89.74,53.55571428571428,Waiting
2021-05-24 11:15:00,15213.7,88.26,58.05,Waiting
2021-05-24 12:15:00,15219.4,88.4,62.449285714285715,Waiting
2021-05-24 13:15:00,15204.95,82.29,65.72428571428571,Waiting
2021-05-24 14:15:00,15203.2,76.95,67.96000000000001,Waiting
2021-05-24 15:15:00,15183.65,67.57,69.33,Waiting
2021-05-24 16:15:00,15184.35,68.51,70.76571428571428,Waiting
2021-05-25 08:15:00,15291.75,80.53,72.7792857142857,Waiting
2021-05-25 09:15:00,15261.0,71.2,74.18357142857144,Waiting
2021-05-25 10:15:00,15236.75,59.1,74.23357142857142,Waiting
2021-05-25 11:15:00,15250.4,61.34,74.63071428571428,Waiting
2021-05-25 12:15:00,15243.4,59.62,74.715,Waiting
2021-05-25 13:15:00,15176.5,45.05,72.45214285714286,Waiting
2021-05-25 14:15:00,15200.7,51.9,70.74714285714286,Waiting
2021-05-25 15:15:00,15221.5,50.44,67.94000000000001,Waiting
2021-05-25 16:15:00,15219.75,50.89,65.27071428571429,Waiting
2021-05-26 08:15:00,15257.05,55.08,62.89071428571429,Waiting
2021-05-26 09:15:00,15241.8,54.96,60.93857142857143,Waiting
2021-05-26 10:15:00,15301.25,61.43,59.83,Waiting
2021-05-26 11:15:00,15297.35,63.76,59.55785714285714,Waiting
2021-05-26 12:15:00,15289.55,62.51,59.12928571428572,Waiting
2021-05-26 13:15:00,15301.7,51.53,57.057857142857145,Waiting
2021-05-26 14:15:00,15302.8,57.07,56.04857142857143,Waiting
2021-05-26 15:15:00,15305.2,62.51,56.29214285714285,Waiting
2021-05-26 16:15:00,15301.25,59.63,56.169999999999995,Waiting
2021-05-27 08:15:00,15323.95,64.4,56.511428571428574,Waiting
2021-05-27 09:15:00,15314.4,81.02,59.080714285714286,Waiting
2021-05-27 10:15:00,15326.4,79.91,61.08142857142857,Waiting
2021-05-27 11:15:00,15351.75,80.34,63.21714285714285,Waiting
2021-05-27 12:15:00,15348.25,79.69,65.27428571428571,Waiting
2021-05-27 13:15:00,15302.25,60.04,65.62857142857143,Waiting
2021-05-27 14:15:00,15331.75,68.79,66.61642857142857,Waiting
2021-05-27 15:15:00,15345.5,61.43,66.61642857142857,Waiting
2021-05-27 16:15:00,15370.15,66.98,66.84642857142856,Waiting
2021-05-28 08:15:00,15421.2,75.55,67.77785714285714,Waiting
2021-05-28 09:15:00,15431.4,75.36,69.48,Waiting
2021-05-28 10:15:00,15401.65,67.38,70.21642857142857,Waiting
2021-05-28 11:15:00,15437.0,70.77,70.80642857142858,Waiting
2021-05-28 12:15:00,15435.55,71.33,71.64214285714286,Waiting
2021-05-28 13:15:00,15440.9,69.66,72.01785714285714,Waiting
2021-05-28 14:15:00,15437.2,71.06,71.30642857142857,Waiting
2021-05-28 15:15:00,15450.45,71.18,70.68285714285715,Waiting
2021-05-28 16:15:00,15454.2,68.88,69.86428571428571,Waiting
2021-05-31 08:15:00,15437.75,65.75,68.86857142857143,Waiting
2021-05-31 09:15:00,15496.9,82.73,70.48928571428571,Waiting
2021-05-31 10:15:00,15518.5,82.26,71.45142857142856,Waiting
2021-05-31 11:15:00,15536.95,82.54,72.95928571428571,Waiting
2021-05-31 12:15:00,15558.25,82.34,74.05642857142857,Waiting
2021-05-31 13:15:00,15569.7,79.56,74.34285714285714,Waiting
2021-05-31 14:15:00,15585.35,79.99,74.67357142857144,Waiting
2021-05-31 15:15:00,15588.9,90.63,76.3342857142857,Waiting
2021-05-31 16:15:00,15576.0,83.41,77.23714285714286,Waiting
2021-06-01 08:15:00,15629.65,87.3,78.37785714285714,Waiting
2021-06-01 09:15:00,15592.0,75.83,78.81857142857143,Waiting
2021-06-01 10:15:00,15556.35,68.36,78.62571428571428,Waiting
2021-06-01 11:15:00,15567.6,68.17,78.41071428571429,Waiting
2021-06-01 12:15:00,15575.85,68.6,78.39071428571428,Waiting
2021-06-01 13:15:00,15561.65,69.08,78.62857142857142,Waiting
2021-06-01 14:15:00,15575.0,64.0,77.29071428571429,Waiting
2021-06-01 15:15:00,15580.0,61.72,75.82357142857143,Waiting
2021-06-01 16:15:00,15572.0,56.96,73.99642857142858,Waiting
2021-06-02 08:15:00,15520.35,43.28,71.20642857142857,Waiting
2021-06-02 09:15:00,15508.4,39.16,68.32071428571429,Waiting
2021-06-02 10:15:00,15509.15,35.77,65.16214285714285,Waiting
2021-06-02 11:15:00,15486.55,32.16,60.98571428571428,Waiting
2021-06-02 12:15:00,15467.85,31.52,57.27928571428571,Waiting
2021-06-02 13:15:00,15495.85,24.94,52.824999999999996,Waiting
2021-06-02 14:15:00,15573.05,46.91,50.75928571428572,
2021-06-02 15:15:00,15590.9,55.98,49.875,
2021-06-02 16:15:00,15590.65,54.15,48.873571428571424,
2021-06-03 08:15:00,15655.55,61.92,48.39642857142858,
2021-06-03 09:15:00,15655.5,64.65,48.08,
2021-06-03 10:15:00,15645.05,61.04,47.86857142857143,
2021-06-03 11:15:00,15655.95,61.75,47.87071428571428,
2021-06-03 12:15:00,15633.35,59.08,48.02214285714286,
2021-06-03 13:15:00,15670.8,73.24,50.162142857142854,
2021-06-03 14:15:00,15695.65,77.82,52.92357142857143,
2021-06-03 15:15:00,15694.8,77.57,55.909285714285716,
2021-06-03 16:15:00,15686.6,81.04,59.40071428571429,
2021-06-04 08:15:00,15712.5,87.13,63.37285714285714,
2021-06-04 09:15:00,15728.6,86.65,67.78071428571428,
2021-06-04 10:15:00,15670.25,66.27,69.16357142857143,
2021-06-04 11:15:00,15664.0,62.73,69.64571428571428,
2021-06-04 12:15:00,15665.75,63.01,70.27857142857142,
2021-06-04 13:15:00,15662.25,51.47,69.53214285714286,
2021-06-04 14:15:00,15671.35,53.35,68.725,
2021-06-04 15:15:00,15676.25,56.76,68.41928571428572,
2021-06-04 16:15:00,15669.25,52.93,67.78928571428571,
2021-06-07 08:15:00,15725.1,67.64,68.40071428571427,
2021-06-07 09:15:00,15715.6,59.65,67.42999999999999,
2021-06-07 10:15:00,15736.25,58.91,66.07928571428572,
2021-06-07 11:15:00,15719.55,55.08,64.47285714285714,
2021-06-07 12:15:00,15735.4,59.71,62.949285714285715,
2021-06-07 13:15:00,15754.5,58.59,60.910714285714285,
2021-06-07 14:15:00,15752.55,55.2,58.66428571428571,
2021-06-07 15:15:00,15746.95,71.58,59.04357142857143,
2021-06-07 16:15:00,15746.25,73.89,59.840714285714284,
2021-06-08 08:15:00,15773.9,77.3,60.86142857142857,
2021-06-08 09:15:00,15695.15,56.02,61.18642857142857,
2021-06-08 10:15:00,15719.7,58.37,61.545,
2021-06-08 11:15:00,15713.6,56.44,61.52214285714285,
2021-06-08 12:15:00,15727.7,59.84,62.01571428571429,
2021-06-08 13:15:00,15748.55,54.47,61.075,
2021-06-09 13:15:00,15679.95,44.45,59.989285714285714,
2021-06-09 14:15:00,15638.9,35.75,58.334999999999994,
2021-06-09 15:15:00,15636.95,37.36,57.06928571428572,
2021-06-09 16:15:00,15640.25,34.86,55.294285714285714,
2021-06-10 08:15:00,15692.1,41.01,54.03857142857142,
2021-06-10 09:15:00,15693.25,41.44,53.055714285714295,
2021-06-10 10:15:00,15693.05,42.09,50.949285714285715,
2021-06-10 11:15:00,15724.1,47.02,49.03000000000001,
2021-06-10 12:15:00,15706.9,40.71,46.416428571428575,
2021-06-10 13:15:00,15727.55,55.35,46.36857142857143,
2021-06-10 14:15:00,15733.35,52.4,45.942142857142855,
2021-06-10 15:15:00,15741.4,54.86,45.82928571428572,
2021-06-10 16:15:00,15745.45,53.22,45.35642857142857,
2021-06-11 08:15:00,15796.45,57.83,45.59642857142857,
2021-06-11 09:15:00,15809.1,75.84,47.83857142857143,
2021-06-11 10:15:00,15813.35,90.92,51.77928571428572,
2021-06-11 11:15:00,15754.2,71.68,54.230714285714285,
2021-06-11 12:15:00,15793.25,74.99,57.097142857142856,
2021-06-11 13:15:00,15809.25,71.67,59.287142857142854,
2021-06-11 14:15:00,15799.5,69.05,61.25928571428572,
2021-06-11 15:15:00,15800.9,69.26,63.2,
2021-06-11 16:15:00,15805.0,65.98,64.55428571428571,
2021-06-14 08:15:00,15791.4,66.93,66.42714285714285,
2021-06-14 09:15:00,15733.25,50.99,66.11571428571429,
2021-06-14 10:15:00,15704.8,45.39,65.615,
2021-06-14 11:15:00,15719.8,46.59,65.02428571428571,
2021-06-14 12:15:00,15723.15,46.47,64.54214285714286,
2021-06-14 13:15:00,15798.95,50.37,64.00928571428572,
2021-06-14 14:15:00,15808.2,49.87,62.15428571428572,
2021-06-14 15:15:00,15816.5,50.46,59.26428571428571,
2021-06-14 16:15:00,15809.45,59.55,58.39785714285715,
2021-06-15 08:15:00,15866.95,61.98,57.46857142857143,
2021-06-15 09:15:00,15887.05,62.48,56.81214285714286,
2021-06-15 10:15:00,15883.75,63.8,56.43714285714286,
2021-06-15 11:15:00,15876.7,62.19,55.93214285714286,
2021-06-15 12:15:00,15887.4,62.97,55.71714285714285,
2021-06-15 13:15:00,15888.95,65.96,55.64785714285715,
2021-06-15 14:15:00,15877.0,77.71,57.55642857142857,
2021-06-15 15:15:00,15866.75,83.58,60.284285714285716,
2021-06-15 16:15:00,15858.05,79.43,62.629999999999995,
2021-06-16 08:15:00,15847.5,75.69,64.71714285714286,
2021-06-16 09:15:00,15826.1,57.23,65.20714285714286,
2021-06-16 10:15:00,15783.8,44.47,64.82142857142857,
2021-06-16 11:15:00,15787.65,43.33,64.31214285714286,
2021-06-16 12:15:00,15788.65,45.05,63.27642857142856,
2021-06-16 13:15:00,15814.3,35.24,61.366428571428564,
2021-06-16 14:15:00,15768.25,20.93,58.39857142857143,Buy
2021-06-16 15:15:00,15760.3,20.46,55.30285714285714,Hold
2021-06-16 16:15:00,15756.0,20.73,52.34142857142857,Hold
2021-06-17 08:15:00,15648.3,10.57,48.598571428571425,Hold
2021-06-17 09:15:00,15735.45,30.26,46.04857142857143,Hold
2021-06-17 10:15:00,15743.35,32.63,42.82857142857143,Hold
2021-06-17 11:15:00,15710.5,30.82,39.06,Hold
2021-06-17 12:15:00,15725.6,33.99,35.81428571428571,Hold
2021-06-17 13:15:00,15654.65,29.66,32.526428571428575,Hold
2021-06-17 14:15:00,15704.55,37.91,31.146428571428572,Hold
2021-06-17 15:15:00,15681.4,39.41,30.785,Hold
2021-06-17 16:15:00,15680.3,38.84,30.464285714285715,Hold
2021-06-18 08:15:00,15756.5,47.11,30.611428571428572,Hold
2021-06-18 09:15:00,15622.2,35.55,30.63357142857143,Hold
2021-06-18 10:15:00,15538.6,33.65,31.542142857142856,Hold
2021-06-18 11:15:00,15558.4,35.86,32.64214285714286,Hold
2021-06-18 12:15:00,15584.3,38.33,33.89928571428571,Hold
2021-06-18 13:15:00,15625.15,48.27,36.59214285714285,Hold
2021-06-18 14:15:00,15683.2,45.92,37.71071428571429,Hold
2021-06-18 15:15:00,15717.15,48.03,38.81071428571429,Hold
2021-06-18 16:15:00,15719.85,50.74,40.23357142857143,Hold
2021-06-21 08:15:00,15525.85,37.74,40.50142857142857,Hold
2021-06-21 09:15:00,15596.65,46.44,41.699999999999996,Hold
2021-06-21 10:15:00,15603.05,43.42,42.09357142857143,Hold
2021-06-21 11:15:00,15605.4,44.93,42.487857142857145,Hold
2021-06-21 12:15:00,15687.75,50.45,43.31714285714286,Hold
2021-06-21 13:15:00,15715.1,47.35,43.33428571428572,Hold
2021-06-21 14:15:00,15744.65,59.03,45.011428571428574,Hold
2021-06-21 15:15:00,15753.55,67.82,47.45214285714285,Hold
2021-06-21 16:15:00,15748.6,66.17,49.617142857142866,Hold
2021-06-22 08:15:00,15840.5,69.58,51.84928571428571,Hold
2021-06-22 09:15:00,15884.4,69.73,53.38214285714286,Hold
2021-06-22 10:15:00,15863.95,64.59,54.715714285714284,Hold
2021-06-22 11:15:00,15868.9,62.85,55.77428571428572,Hold
2021-06-22 12:15:00,15847.05,60.43,56.46642857142857,Hold
2021-06-22 13:15:00,15819.0,83.03,59.701428571428565,Sell
2021-06-22 14:15:00,15777.9,71.89,61.519285714285715,Waiting
2021-06-22 15:15:00,15762.5,68.85,63.33571428571428,Waiting
2021-06-22 16:15:00,15765.85,68.92,65.04928571428572,Waiting
2021-06-23 08:15:00,15862.8,69.95,66.44214285714285,Waiting
2021-06-23 09:15:00,15752.6,53.6,66.88857142857142,Waiting
2021-06-23 10:15:00,15765.5,52.06,66.39071428571428,Waiting
2021-06-23 11:15:00,15758.25,50.47,65.15142857142857,Waiting
2021-06-23 12:15:00,15719.0,47.25,63.8,Waiting
2021-06-23 13:15:00,15748.6,40.33,61.71071428571429,Waiting
2021-06-23 14:15:00,15684.6,29.83,58.86071428571429,Waiting
2021-06-23 15:15:00,15690.6,31.97,56.53071428571428,
2021-06-23 16:15:00,15696.1,32.05,54.330714285714286,
2021-06-24 08:15:00,15737.3,39.04,52.80285714285714,
2021-06-24 09:15:00,15731.3,40.84,49.78928571428572,
2021-06-24 10:15:00,15753.7,47.37,48.03785714285715,
2021-06-24 11:15:00,15763.95,50.16,46.70285714285715,
2021-06-24 12:15:00,15789.7,52.5,45.529999999999994,
2021-06-24 13:15:00,15805.25,42.73,43.58571428571429,
2021-06-24 14:15:00,15793.95,56.96,43.825714285714284,
2021-06-24 15:15:00,15790.8,54.4,43.99285714285714,
2021-06-24 16:15:00,15794.15,56.34,44.412142857142854,
2021-06-25 08:15:00,15839.35,70.8,46.09428571428572,
2021-06-25 09:15:00,15796.55,57.93,47.35142857142857,
2021-06-25 10:15:00,15805.7,74.45,50.53857142857142,
2021-06-25 11:15:00,15828.95,76.12,53.69214285714286,
2021-06-25 12:15:00,15841.95,76.78,56.887142857142855,
2021-06-25 13:15:00,15862.35,74.86,59.44571428571429,
2021-06-25 14:15:00,15866.35,77.06,62.03285714285714,
2021-06-25 15:15:00,15855.25,71.31,63.74285714285714,
2021-06-25 16:15:00,15849.35,68.26,65.03571428571429,
2021-06-28 08:15:00,15915.35,72.92,66.49428571428571,
2021-06-28 09:15:00,15861.6,59.02,67.65785714285714,
2021-06-28 10:15:00,15826.2,54.79,67.50285714285715,
2021-06-28 11:15:00,15832.75,56.17,67.62928571428571,
2021-06-28 12:15:00,15844.05,57.17,67.68857142857144,
2021-06-28 13:15:00,15834.0,49.14,66.14142857142858,
2021-06-28 14:15:00,15833.8,56.9,66.06785714285715,
2021-06-29 14:15:00,15744.4,41.25,63.69642857142857,
2021-06-29 15:15:00,15753.6,38.8,61.03071428571428,
2021-06-29 16:15:00,15749.55,35.88,58.10928571428571,
2021-06-30 08:15:00,15776.9,37.22,55.42071428571428,
2021-06-30 09:15:00,15806.2,41.64,52.89071428571429,
2021-06-30 10:15:00,15833.7,47.13,51.16357142857142,
2021-06-30 11:15:00,15831.85,47.65,49.691428571428574,
2021-06-30 12:15:00,15817.75,34.75,46.964999999999996,
2021-06-30 13:15:00,15787.05,37.45,45.42428571428571,
2021-06-30 14:15:00,15713.95,33.23,43.88428571428572,
2021-06-30 15:15:00,15715.25,32.16,42.169285714285714,
2021-06-30 16:15:00,15730.65,33.0,40.442857142857136,
2021-07-01 08:15:00,15755.05,38.65,39.693571428571424,
2021-07-01 09:15:00,15716.65,34.83,38.11714285714286,
2021-07-01 10:15:00,15709.65,44.28,38.333571428571425,
2021-07-01 11:15:00,15698.75,41.02,38.49214285714286,
2021-07-01 12:15:00,15714.35,44.45,39.104285714285716,
2021-07-01 13:15:00,15709.3,38.53,39.19785714285714,
2021-07-01 14:15:00,15677.35,28.33,38.24714285714286,Buy
2021-07-01 15:15:00,15691.75,25.02,36.667857142857144,Hold
2021-07-01 16:15:00,15694.35,25.87,35.11214285714286,Hold
2021-07-02 08:15:00,15705.85,30.18,34.785714285714285,Hold
2021-07-02 09:15:00,15684.4,31.2,34.339285714285715,Hold
2021-07-02 10:15:00,15661.95,38.31,34.70214285714285,Hold
2021-07-02 11:15:00,15679.1,42.41,35.434285714285714,Hold
2021-07-02 12:15:00,15699.4,43.57,36.18928571428572,Hold
2021-07-02 13:15:00,15687.3,35.33,35.95214285714285,Hold
2021-07-02 14:15:00,15722.05,51.19,37.12071428571429,Hold
2021-07-02 15:15:00,15733.05,55.06,37.89071428571429,Hold
2021-07-02 16:15:00,15729.5,56.87,39.02285714285714,Hold
2021-07-05 08:15:00,15793.4,64.52,40.45642857142857,Hold
2021-07-05 09:15:00,15815.95,68.41,42.590714285714284,Hold
2021-07-05 10:15:00,15824.0,77.59,46.10928571428571,Sell
2021-07-05 11:15:00,15828.9,76.76,49.805,Waiting
2021-07-05 12:15:00,15821.05,74.23,53.25928571428572,Waiting
2021-07-05 13:15:00,15828.7,73.84,56.377857142857145,Waiting
2021-07-05 14:15:00,15839.4,81.39,59.962857142857146,Waiting
2021-07-05 15:15:00,15841.45,89.62,63.62785714285714,Waiting
2021-07-05 16:15:00,15841.75,88.79,66.94071428571428,Waiting
2021-07-06 08:15:00,15813.75,76.31,69.27928571428572,Waiting
2021-07-06 09:15:00,15864.65,84.62,72.8,Waiting
2021-07-06 10:15:00,15881.85,83.49,75.10714285714286,Waiting
2021-07-06 11:15:00,15902.4,84.12,77.18285714285715,Waiting
2021-07-06 12:15:00,15888.45,80.74,78.88785714285714,Waiting
2021-07-06 13:15:00,15895.8,75.35,79.66142857142857,Waiting
2021-07-06 14:15:00,15806.2,48.19,78.21714285714286,Waiting
2021-07-06 15:15:00,15811.9,47.73,76.08428571428571,Waiting
2021-07-06 16:15:00,15816.9,47.75,74.01214285714286,Waiting
2021-07-07 08:15:00,15819.6,49.72,72.26142857142857,Waiting
2021-07-07 09:15:00,15812.5,46.9,70.33714285714287,Waiting
2021-07-07 10:15:00,15827.55,47.77,67.93571428571428,Waiting
2021-07-07 11:15:00,15831.6,48.16,64.97428571428571,Waiting
2021-07-07 12:15:00,15834.1,48.58,62.10214285714286,Waiting
2021-07-07 13:15:00,15854.6,57.79,60.77928571428571,Waiting
2021-07-07 14:15:00,15881.85,53.61,58.56428571428571,Waiting
2021-07-07 15:15:00,15887.4,51.22,56.25928571428572,Waiting
2021-07-07 16:15:00,15880.8,44.93,53.459999999999994,Waiting
2021-07-08 08:15:00,15855.4,42.63,50.73785714285714,Waiting
2021-07-08 09:15:00,15853.5,40.34,48.237142857142864,Waiting
2021-07-08 10:15:00,15833.55,59.16,49.020714285714284,Waiting
2021-07-08 11:15:00,15793.1,44.89,48.817857142857136,Waiting
2021-07-08 12:15:00,15753.9,35.56,47.94714285714286,Waiting
2021-07-08 13:15:00,15724.5,30.58,46.58,Waiting
2021-07-08 14:15:00,15738.3,35.25,45.747857142857136,Waiting
2021-07-08 15:15:00,15728.7,29.92,44.472857142857144,Waiting
2021-07-08 16:15:00,15727.75,28.64,43.07857142857143,Buy
2021-07-09 08:15:00,15688.25,23.96,41.32,Hold
2021-07-09 09:15:00,15674.65,17.06,38.410714285714285,Hold
2021-07-09 10:15:00,15680.85,10.13,35.305,Hold
2021-07-09 11:15:00,15678.35,8.03,32.220000000000006,Hold
2021-07-09 12:15:00,15677.2,8.21,29.59714285714286,Hold
2021-07-09 13:15:00,15701.6,18.3,27.859285714285715,Hold
2021-07-09 14:15:00,15686.3,17.34,26.21642857142857,Hold
2021-07-09 15:15:00,15693.5,21.21,23.505714285714287,Hold
2021-07-09 16:15:00,15699.65,27.64,22.273571428571433,Hold
2021-07-12 08:15:00,15766.8,52.72,23.499285714285712,Hold
2021-07-12 09:15:00,15771.8,61.13,25.68142857142857,Hold
2021-07-12 10:15:00,15771.75,58.42,27.33642857142857,Hold
2021-07-12 11:15:00,15766.5,59.72,29.465,Hold
2021-07-12 12:15:00,15701.7,44.96,30.630714285714284,Hold
2021-07-12 13:15:00,15687.9,49.92,32.485,Hold
2021-07-12 14:15:00,15687.0,52.81,35.03857142857143,Hold
2021-07-12 15:15:00,15701.65,54.56,38.21214285714286,Hold
2021-07-12 16:15:00,15690.6,52.59,41.395,Hold
2021-07-13 08:15:00,15794.0,67.22,45.61,Hold
2021-07-13 09:15:00,15763.55,58.97,48.515,Hold
2021-07-13 10:15:00,15764.9,61.87,51.69571428571429,Hold
2021-07-13 11:15:00,15793.2,64.15,54.76285714285715,Hold
2021-07-13 12:15:00,15805.65,64.78,57.41571428571429,Hold
2021-07-13 13:15:00,15800.9,55.76,57.63285714285714,Hold
2021-07-13 14:15:00,15816.15,57.24,57.355000000000004,Hold
2021-07-13 15:15:00,15811.4,56.37,57.20857142857143,Hold
2021-07-13 16:15:00,15807.9,56.69,56.99214285714286,Hold
2021-07-14 08:15:00,15808.7,71.8,58.909285714285716,Sell
2021-07-14 09:15:00,15787.65,69.74,60.324999999999996,Waiting
2021-07-14 10:15:00,15835.9,74.82,61.89714285714286,Waiting
2021-07-14 11:15:00,15837.05,73.63,63.25928571428572,Waiting
2021-07-14 12:15:00,15874.9,79.41,65.175,Waiting
2021-07-14 13:15:00,15854.85,63.23,64.89,Waiting
2021-07-14 14:15:00,15862.95,73.94,65.95928571428571,Waiting
2021-07-14 15:15:00,15837.2,65.58,66.22428571428571,Waiting
2021-07-14 16:15:00,15844.85,62.22,66.08642857142857,Waiting
2021-07-15 08:15:00,15872.15,64.7,66.08071428571428,Waiting
2021-07-15 09:15:00,15886.8,68.19,66.96857142857142,Waiting
2021-07-15 10:15:00,15932.5,71.83,68.01071428571429,Waiting
2021-07-15 11:15:00,15933.3,73.21,69.21357142857143,Waiting
2021-07-15 12:15:00,15932.4,73.94,70.44571428571429,Waiting
2021-07-15 13:15:00,15946.3,75.19,70.68785714285714,Waiting
2021-07-15 14:15:00,15920.3,73.85,70.98142857142857,Waiting
2021-07-15 15:15:00,15921.25,68.49,70.5292857142857,Waiting
2021-07-15 16:15:00,15918.2,67.44,70.08714285714285,Waiting
2021-07-16 08:15:00,15958.35,67.76,69.255,Waiting
2021-07-16 09:15:00,15927.4,64.75,69.36357142857142,Waiting
2021-07-16 10:15:00,15938.75,65.21,68.74,Waiting
2021-07-16 11:15:00,15909.15,64.22,68.64285714285714,Waiting
2021-07-16 12:15:00,15919.0,64.53,68.80785714285715,Waiting
2021-07-16 13:15:00,15904.45,56.66,68.23357142857142,Waiting
2021-07-16 14:15:00,15923.7,57.47,67.46785714285714,Waiting
2021-07-16 15:15:00,15922.4,47.51,65.73071428571428,Waiting
2021-07-16 16:15:00,15921.2,47.02,63.86,Waiting
2021-07-19 14:15:00,15751.1,25.64,60.410000000000004,Waiting
2021-07-19 15:15:00,15760.15,24.66,56.800714285714285,Buy
2021-07-19 16:15:00,15758.25,26.39,53.410714285714285,Hold
2021-07-20 08:15:00,15703.95,22.6,50.13285714285714,Hold
2021-07-20 09:15:00,15676.5,21.29,46.83642857142858,Hold
2021-07-20 10:15:00,15591.6,10.63,42.75571428571429,Hold
2021-07-20 11:15:00,15584.25,11.2,38.93071428571428,Hold
2021-07-20 12:15:00,15670.35,24.04,35.99,Hold
2021-07-20 13:15:00,15676.65,26.45,33.292142857142856,Hold
2021-07-20 14:15:00,15636.95,23.06,30.330000000000002,Hold
2021-07-20 15:15:00,15625.6,23.2,27.939999999999998,Hold
2021-07-20 16:15:00,15624.5,20.21,25.278571428571432,Hold
2021-07-22 08:15:00,15736.6,34.84,24.37357142857143,Hold
2021-07-22 09:15:00,15791.1,40.24,23.889285714285712,Hold
2021-07-22 10:15:00,15808.0,55.55,26.025714285714287,Hold
2021-07-22 11:15:00,15819.35,55.74,28.245714285714286,Hold
2021-07-22 12:15:00,15796.25,53.54,30.185,Hold
2021-07-22 13:15:00,15807.05,60.46,32.88928571428572,Hold
2021-07-22 14:15:00,15819.55,64.96,36.00857142857143,Hold
2021-07-22 15:15:00,15831.55,79.61,40.93571428571429,Sell
2021-07-22 16:15:00,15829.55,80.68,45.89857142857142,Waiting
2021-07-23 08:15:00,15856.8,77.34,49.705714285714286,Waiting
2021-07-23 09:15:00,15850.6,75.52,53.21071428571428,Waiting
2021-07-23 10:15:00,15835.6,81.42,57.37928571428572,Waiting
2021-07-23 11:15:00,15844.85,84.91,61.787142857142854,Waiting
2021-07-23 12:15:00,15876.15,86.55,66.52571428571429,Waiting
2021-07-23 13:15:00,15892.5,81.37,69.84928571428571,Waiting
2021-07-23 14:15:00,15860.6,65.38,71.645,Waiting
2021-07-23 15:15:00,15847.05,58.77,71.875,Waiting
2021-07-23 16:15:00,15850.4,57.24,71.98214285714286,Waiting
2021-07-26 08:15:00,15849.3,63.78,72.71357142857143,Waiting
2021-07-26 09:15:00,15870.8,65.68,73.08642857142857,Waiting
2021-07-26 10:15:00,15880.65,65.23,73.10571428571428,Waiting
2021-07-26 11:15:00,15849.8,54.16,71.28785714285713,Waiting
2021-07-26 12:15:00,15850.95,54.89,69.44571428571429,Waiting
2021-07-26 13:15:00,15852.1,48.78,67.4057142857143,Waiting
2021-07-26 14:15:00,15823.25,43.64,65.12857142857143,Waiting
2021-07-26 15:15:00,15824.7,47.3,62.69142857142857,Waiting
2021-07-26 16:15:00,15821.15,43.95,59.76571428571429,Waiting
2021-07-27 08:15:00,15860.5,46.16,56.88071428571429,Waiting
2021-07-27 09:15:00,15868.75,43.94,54.20714285714286,Waiting
2021-07-27 10:15:00,15850.1,47.12,52.902857142857144,Waiting
2021-07-27 11:15:00,15834.3,46.55,52.03000000000001,Waiting
2021-07-27 12:15:00,15715.15,27.51,49.90642857142858,Waiting
2021-07-27 13:15:00,15724.85,29.88,47.485,Buy
2021-07-27 14:15:00,15745.4,29.66,44.912142857142854,Hold
2021-07-27 15:15:00,15748.15,28.0,42.25285714285714,Hold
2021-07-27 16:15:00,15744.65,30.8,40.58428571428572,Hold
2021-07-28 08:15:00,15761.55,34.56,39.13214285714286,Hold
2021-07-28 09:15:00,15648.2,24.63,37.40714285714286,Hold
2021-07-28 10:15:00,15588.95,22.89,35.925000000000004,Hold
2021-07-28 11:15:00,15631.6,29.6,34.660714285714285,Hold
2021-07-28 12:15:00,15666.05,34.62,33.99428571428571,Hold
2021-07-28 13:15:00,15688.3,32.33,33.00642857142857,Hold
2021-07-28 14:15:00,15713.1,34.55,32.33571428571428,Hold
2021-07-28 15:15:00,15709.35,35.6,31.512857142857143,Hold
2021-07-28 16:15:00,15714.65,37.49,30.865714285714287,Hold
2021-07-29 08:15:00,15762.7,55.84,32.88928571428571,Hold
2021-07-29 09:15:00,15772.65,55.87,34.745714285714286,Hold
2021-07-29 10:15:00,15793.85,55.94,36.62285714285714,Hold
2021-07-29 11:15:00,15785.5,54.51,38.51642857142857,Hold
2021-07-29 12:15:00,15798.5,56.36,40.34214285714285,Hold
2021-07-29 13:15:00,15796.5,54.28,41.75071428571429,Hold
2021-07-29 14:15:00,15777.15,70.51,45.027857142857144,Sell
2021-07-29 15:15:00,15781.65,87.11,49.615,Waiting
2021-07-29 16:15:00,15783.3,84.7,53.55071428571428,Waiting
2021-08-02 08:15:00,15874.9,87.87,57.35428571428571,Waiting
2021-08-02 09:15:00,15851.75,79.54,60.72642857142858,Waiting
2021-08-02 10:15:00,15866.05,78.73,63.88214285714287,Waiting
2021-08-02 11:15:00,15875.2,80.54,67.09214285714286,Waiting
2021-08-02 12:15:00,15876.2,80.22,70.14428571428572,Waiting
2021-08-02 13:15:00,15883.55,76.67,71.63214285714285,Waiting
2021-08-02 14:15:00,15889.3,76.23,73.08642857142857,Waiting
2021-08-02 15:15:00,15889.6,73.77,74.36,Waiting
2021-08-02 16:15:00,15887.75,76.22,75.91071428571429,Waiting
2021-08-03 08:15:00,15951.55,81.14,77.68071428571429,Waiting
2021-08-03 09:15:00,15969.35,83.04,79.73500000000001,Waiting
2021-08-03 10:15:00,15972.1,89.79,81.11214285714287,Waiting
2021-08-03 11:15:00,16006.3,90.9,81.38285714285713,Waiting
2021-08-03 12:15:00,16036.55,91.76,81.88714285714286,Waiting
2021-08-03 13:15:00,16030.8,85.86,81.74357142857143,Waiting
2021-08-03 14:15:00,16125.7,97.37,83.01714285714286,Waiting
2021-08-03 15:15:00,16135.45,97.33,84.3457142857143,Waiting
2021-08-03 16:15:00,16125.75,93.93,85.30214285714285,Waiting
2021-08-04 08:15:00,16195.25,95.11,86.36571428571429,Waiting
2021-08-04 09:15:00,16251.75,95.71,87.72571428571429,Waiting
2021-08-04 10:15:00,16271.5,95.85,89.12714285714286,Waiting
2021-08-04 11:15:00,16257.4,92.71,90.48,Waiting
2021-08-04 12:15:00,16236.25,88.73,91.37357142857142,Waiting
2021-08-04 13:15:00,16266.6,87.83,91.85142857142857,Waiting
2021-08-04 14:15:00,16265.2,86.98,92.13285714285713,Waiting
2021-08-04 15:15:00,16254.6,84.63,91.76428571428572,Waiting
2021-08-04 16:15:00,16253.0,82.87,91.1907142857143,Waiting
2021-08-05 08:15:00,16288.95,83.12,90.57357142857143,Waiting
2021-08-05 09:15:00,16240.35,74.72,89.77785714285713,Waiting
2021-08-05 10:15:00,16239.0,67.15,87.61928571428572,Waiting
2021-08-05 11:15:00,16278.65,69.88,85.65857142857143,Waiting
2021-08-05 12:15:00,16328.65,75.33,84.33,Waiting
2021-08-05 13:15:00,16337.3,70.91,82.60142857142857,Waiting
2021-08-05 14:15:00,16283.45,54.7,79.67214285714284,Waiting
2021-08-05 15:15:00,16281.1,51.5,76.50428571428571,Waiting
2021-08-05 16:15:00,16281.8,53.98,73.73785714285714,Waiting
2021-08-06 08:15:00,16304.4,61.08,71.76285714285714,Waiting
2021-08-06 09:15:00,16317.25,58.73,69.68428571428572,Waiting
2021-08-06 10:15:00,16270.4,50.77,67.09785714285714,Waiting
2021-08-06 11:15:00,16279.7,53.75,64.89214285714286,Waiting
2021-08-06 12:15:00,16260.05,51.0,62.61571428571428,Waiting
2021-08-06 13:15:00,16259.0,45.28,59.91285714285714,Waiting
2021-08-06 14:15:00,16229.75,48.22,58.019999999999996,Waiting
2021-08-06 15:15:00,16248.95,51.57,56.90714285714286,Waiting
2021-08-06 16:15:00,16254.7,45.75,55.18357142857143,Waiting
2021-08-09 08:15:00,16281.35,40.86,52.721428571428575,Waiting
2021-08-09 09:15:00,16299.3,42.91,50.721428571428575,Waiting
2021-08-09 10:15:00,16289.45,51.34,50.48142857142857,Waiting
2021-08-09 11:15:00,16259.0,45.62,50.06142857142857,Waiting
2021-08-09 12:15:00,16241.65,42.53,49.24357142857143,Waiting
2021-08-09 13:15:00,16230.75,35.67,47.42857142857143,Waiting
2021-08-09 14:15:00,16259.9,39.51,46.05571428571428,Waiting
2021-08-09 15:15:00,16262.15,48.2,45.87214285714286,Waiting
2021-08-09 16:15:00,16252.95,44.15,45.18642857142857,Waiting
2021-08-10 08:15:00,16274.8,53.19,45.34285714285715,Waiting
2021-08-10 09:15:00,16294.2,57.06,46.184285714285714,Waiting
2021-08-11 09:15:00,16218.0,48.02,46.17,Waiting
2021-08-11 10:15:00,16181.9,39.29,45.292857142857144,Waiting
2021-08-11 11:15:00,16188.25,39.41,44.839999999999996,Waiting
2021-08-11 12:15:00,16232.1,42.56,44.96142857142856,Waiting
2021-08-11 13:15:00,16253.6,43.17,44.980000000000004,Waiting
2021-08-11 14:15:00,16282.2,48.97,44.810714285714276,Waiting
2021-08-11 15:15:00,16286.7,54.23,45.42571428571428,Waiting
2021-08-11 16:15:00,16276.0,55.36,46.34214285714285,Waiting
2021-08-12 08:15:00,16303.65,60.81,48.13785714285715,Waiting
2021-08-12 09:15:00,16326.95,60.11,49.60928571428571,Waiting
2021-08-12 10:15:00,16331.6,60.4,50.480714285714285,Waiting
2021-08-12 11:15:00,16348.2,63.96,51.895714285714284,Waiting
2021-08-12 12:15:00,16352.3,61.98,52.52357142857142,Waiting
2021-08-12 13:15:00,16348.8,58.88,52.653571428571425,Waiting
2021-08-12 14:15:00,16357.3,79.03,54.868571428571435,Waiting
2021-08-12 15:15:00,16366.0,93.32,58.72785714285714,Waiting
2021-08-12 16:15:00,16359.9,90.44,62.37285714285714,Waiting
2021-08-13 08:15:00,16385.7,89.55,65.72928571428572,Waiting
2021-08-13 09:15:00,16444.2,91.22,69.16142857142857,Waiting
2021-08-13 10:15:00,16471.65,91.18,72.17642857142857,Waiting
2021-08-13 11:15:00,16489.35,91.65,74.84928571428573,Waiting
2021-08-13 12:15:00,16489.85,95.88,77.74357142857143,Waiting
2021-08-13 13:15:00,16519.55,95.92,80.25142857142858,Waiting
2021-08-13 14:15:00,16524.45,95.57,82.78428571428572,Waiting
2021-08-13 15:15:00,16523.15,94.89,85.24785714285714,Waiting
2021-08-13 16:15:00,16517.0,91.6,87.22214285714287,Waiting
2021-08-16 08:15:00,16518.4,91.48,89.32928571428572,Waiting
2021-08-16 09:15:00,16535.9,93.67,91.8142857142857,Waiting
2021-08-16 10:15:00,16571.0,94.37,92.91,Waiting
2021-08-16 11:15:00,16567.7,92.84,92.87571428571428,Waiting
2021-08-16 12:15:00,16564.85,94.14,93.14,Waiting
2021-08-16 13:15:00,16567.15,93.48,93.4207142857143,Waiting
2021-08-16 14:15:00,16568.3,91.01,93.4057142857143,Waiting
2021-08-16 15:15:00,16555.15,80.47,92.64071428571427,Waiting
2021-08-16 16:15:00,16546.7,72.45,91.26928571428572,Waiting
2021-08-17 08:15:00,16545.25,71.52,89.5292857142857,Waiting
2021-08-17 09:15:00,16561.2,68.12,87.54357142857144,Waiting
2021-08-17 10:15:00,16577.15,70.91,85.78214285714284,Waiting
2021-08-17 11:15:00,16525.8,50.75,82.62928571428571,Waiting
2021-08-17 12:15:00,16530.9,53.97,79.94142857142856,Waiting
2021-08-17 13:15:00,16576.25,63.21,77.92214285714284,Waiting
2021-08-17 14:15:00,16622.0,67.42,76.04714285714286,Waiting
2021-08-17 15:15:00,16620.05,61.46,73.69642857142857,Waiting
2021-08-17 16:15:00,16611.2,59.9,71.34357142857144,Waiting
2021-08-18 08:15:00,16691.95,71.36,69.71642857142857,Waiting
2021-08-18 09:15:00,16696.55,71.58,68.15214285714286,Waiting
2021-08-18 10:15:00,16679.55,67.62,66.48142857142857,Waiting
2021-08-18 11:15:00,16640.15,62.43,65.19285714285715,Waiting
2021-08-18 12:15:00,16581.75,54.47,63.90857142857142,Waiting
2021-08-18 13:15:00,16563.85,52.28,62.534285714285716,Waiting
2021-08-18 14:15:00,16576.6,51.9,61.37571428571429,Waiting
2021-08-18 15:15:00,16558.2,47.68,59.71642857142857,Waiting
2021-08-18 16:15:00,16552.05,53.62,59.92142857142857,Waiting
2021-08-20 08:15:00,16382.5,35.91,58.631428571428565,Waiting
2021-08-20 09:15:00,16466.35,40.28,56.993571428571435,Waiting
2021-08-20 10:15:00,16416.4,31.95,54.459999999999994,Waiting
2021-08-20 11:15:00,16471.1,38.03,52.78642857142857,Waiting
2021-08-20 12:15:00,16440.6,36.75,51.132857142857134,Waiting
2021-08-20 13:15:00,16466.5,30.86,48.24,Waiting
2021-08-20 14:15:00,16460.55,30.01,45.270714285714284,Waiting
2021-08-20 15:15:00,16417.7,28.75,42.49428571428571,Waiting
2021-08-20 16:15:00,16415.7,30.61,40.22142857142857,
2021-08-23 08:15:00,16592.25,50.75,39.955714285714286,
2021-08-23 09:15:00,16501.25,45.94,39.50285714285714,
2021-08-23 10:15:00,16463.6,42.89,38.85928571428571,
2021-08-23 11:15:00,16513.9,47.32,38.83357142857143,
2021-08-23 12:15:00,16496.45,46.68,38.337857142857146,
2021-08-23 13:15:00,16527.45,60.36,40.08428571428571,
2021-08-23 14:15:00,16497.3,52.4,40.95,
2021-08-23 15:15:00,16489.25,56.03,42.67,
2021-08-23 16:15:00,16487.9,51.53,43.63428571428572,
2021-08-24 08:15:00,16561.4,60.17,45.30714285714286,
2021-08-24 09:15:00,16515.55,54.0,46.959999999999994,
2021-08-24 10:15:00,16532.35,55.75,48.79857142857143,
2021-08-24 11:15:00,16557.85,61.54,51.14071428571429,
2021-08-24 12:15:00,16565.25,62.21,53.39785714285714,
2021-08-24 13:15:00,16617.3,52.57,53.527857142857144,
2021-08-24 14:15:00,16624.95,65.28,54.909285714285716,
2021-08-24 15:15:00,16618.1,70.66,56.892857142857146,
2021-08-24 16:15:00,16614.35,65.34,58.18,
2021-08-25 08:15:00,16654.0,72.54,60.027142857142856,
2021-08-25 09:15:00,16681.15,72.23,60.875,
2021-08-25 10:15:00,16680.85,79.06,62.77928571428571,
2021-08-25 11:15:00,16664.9,77.13,64.28642857142857,
2021-08-25 12:15:00,16667.2,77.61,66.14928571428571,
2021-08-25 13:15:00,16649.8,66.46,66.59857142857143,
2021-08-25 14:15:00,16629.4,73.41,67.985,
2021-08-25 15:15:00,16641.45,72.88,69.20857142857143,
2021-08-25 16:15:00,16633.25,67.05,69.60214285714285,
2021-08-26 08:15:00,16627.95,64.32,69.75285714285715,
2021-08-26 09:15:00,16667.65,62.18,70.43928571428572,
2021-08-26 10:15:00,16664.0,59.63,70.03571428571429,
2021-08-26 11:15:00,16650.75,57.81,69.11785714285715,
2021-08-26 12:15:00,16638.6,55.58,68.42071428571428,
2021-08-26 13:15:00,16641.35,46.5,66.56071428571428,
2021-08-26 14:15:00,16640.05,36.72,64.02428571428571,
2021-08-26 15:15:00,16637.9,36.28,60.96857142857142,
2021-08-26 16:15:00,16633.5,39.17,58.25714285714286,
2021-08-27 08:15:00,16642.55,41.88,55.705,
2021-08-27 09:15:00,16636.6,45.3,54.19357142857143,
2021-08-27 10:15:00,16667.2,62.56,53.41857142857143,
2021-08-27 11:15:00,16689.65,64.98,52.854285714285716,
2021-08-27 12:15:00,16699.3,70.34,53.089285714285715,
2021-08-27 13:15:00,16695.65,71.06,53.57071428571429,
2021-08-27 14:15:00,16711.65,66.06,53.847857142857144,
2021-08-27 15:15:00,16696.05,60.76,53.92857142857143,
2021-08-27 16:15:00,16690.15,63.91,54.364285714285714,
2021-08-30 08:15:00,16775.85,81.9,56.244285714285716,
2021-08-30 09:15:00,16850.45,86.43,59.096428571428575,
2021-08-30 10:15:00,16868.7,87.61,62.73142857142857,
2021-08-30 11:15:00,16862.3,86.4,66.31142857142858,
2021-08-30 12:15:00,16885.0,88.51,69.83571428571429,
2021-08-30 13:15:00,16896.9,88.61,73.17357142857144,
2021-08-30 14:15:00,16933.45,91.23,76.45428571428572,
2021-08-30 15:15:00,16943.0,90.69,78.46357142857143,
2021-08-30 16:15:00,16938.5,88.77,80.16285714285713,
2021-08-31 08:15:00,16947.5,88.74,81.47714285714287,
2021-08-31 09:15:00,16955.15,90.01,82.8307142857143,
2021-09-01 09:15:00,17199.9,94.14,84.83642857142857,
2021-09-01 10:15:00,17112.5,83.32,86.44785714285715,
2021-09-01 11:15:00,17099.55,82.39,87.76785714285714,
2021-09-01 12:15:00,17116.05,80.23,87.64857142857143,
2021-09-01 13:15:00,17118.4,77.32,86.99785714285713,
2021-09-01 14:15:00,17068.5,69.13,85.67785714285715,
2021-09-01 15:15:00,17059.2,68.75,84.41714285714285,
2021-09-01 16:15:00,17058.5,67.25,82.89857142857143,
2021-09-02 08:15:00,17095.4,68.8,81.48357142857142,
2021-09-02 09:15:00,17127.0,68.5,79.86,
2021-09-02 10:15:00,17150.8,69.34,78.33500000000001,
2021-09-02 11:15:00,17174.4,71.2,77.08,
2021-09-02 12:15:00,17189.6,71.52,75.85,
2021-09-02 13:15:00,17216.3,72.45,74.59571428571428,
2021-09-02 14:15:00,17231.45,54.48,71.76285714285714,
2021-09-02 15:15:00,17225.35,70.84,70.87142857142857,
2021-09-02 16:15:00,17233.15,75.15,70.35428571428571,
2021-09-03 08:15:00,17262.45,76.29,70.07285714285715,
2021-09-03 09:15:00,17300.45,78.98,70.19142857142857,
2021-09-03 10:15:00,17234.75,75.2,70.625,
2021-09-03 11:15:00,17270.45,79.65,71.40357142857142,
2021-09-03 12:15:00,17294.6,81.09,72.39214285714286,
2021-09-03 13:15:00,17269.6,73.68,72.74071428571429,
2021-09-03 14:15:00,17320.6,75.0,73.20500000000001,
2021-09-03 15:15:00,17336.1,74.45,73.57000000000001,
2021-09-03 16:15:00,17320.55,69.7,73.46285714285715,
2021-09-06 08:15:00,17399.35,74.14,73.64999999999999,
2021-09-06 09:15:00,17400.65,72.53,73.6557142857143,
2021-09-06 10:15:00,17365.6,65.64,74.45285714285716,
2021-09-06 11:15:00,17368.0,66.77,74.16214285714285,
2021-09-06 12:15:00,17390.35,67.87,73.64214285714286,
2021-09-06 13:15:00,17377.15,63.54,72.73142857142857,
2021-09-06 14:15:00,17375.4,59.67,71.35214285714285,
2021-09-06 15:15:00,17378.4,72.12,71.13214285714285,
2021-09-06 16:15:00,17379.65,68.81,70.35785714285716,
2021-09-07 08:15:00,17401.55,68.56,69.46285714285715,
2021-09-07 09:15:00,17310.9,55.84,68.18857142857142,
2021-09-07 10:15:00,17329.25,51.35,66.49928571428572,
2021-09-07 11:15:00,17384.25,56.68,65.23,
2021-09-07 12:15:00,17410.0,62.06,64.68428571428572,
2021-09-07 13:15:00,17410.2,51.86,63.09285714285715,
2021-09-07 14:15:00,17361.95,44.29,61.07571428571429,
2021-09-07 15:15:00,17351.35,47.74,59.797142857142866,
2021-09-07 16:15:00,17356.3,48.16,58.46785714285715,
2021-09-08 08:15:00,17375.75,47.68,57.025714285714294,
2021-09-08 09:15:00,17339.15,44.37,55.65642857142858,
2021-09-08 10:15:00,17368.2,49.01,54.895,
2021-09-08 11:15:00,17364.6,48.11,53.18,
2021-09-08 12:15:00,17262.25,37.42,50.93785714285714,
2021-09-08 13:15:00,17324.9,42.45,49.07285714285714,
2021-09-08 14:15:00,17351.2,54.55,48.980714285714285,
2021-09-08 15:15:00,17368.3,54.42,49.199999999999996,
2021-09-08 16:15:00,17368.05,47.91,48.57357142857143,
2021-09-09 08:15:00,17312.85,38.34,46.87928571428571,
2021-09-09 09:15:00,17324.7,40.02,46.03357142857142,
2021-09-09 10:15:00,17349.15,48.42,46.32857142857143,
2021-09-09 11:15:00,17347.45,49.51,46.455,
2021-09-09 12:15:00,17318.05,45.45,46.26142857142857,
2021-09-09 13:15:00,17344.2,46.3,46.16285714285714,
2021-09-09 14:15:00,17364.5,53.09,46.78571428571429,
2021-09-09 15:15:00,17375.4,50.92,46.92214285714285,
2021-09-09 16:15:00,17357.35,49.11,46.993571428571435,
2021-09-13 08:15:00,17363.55,66.31,49.05714285714286,
2021-09-13 09:15:00,17286.55,44.1,49.175000000000004,
2021-09-13 10:15:00,17316.15,44.66,48.46857142857142,
2021-09-13 11:15:00,17331.3,44.33,47.74785714285714,
2021-09-13 12:15:00,17361.15,49.03,47.82785714285715,
2021-09-13 13:15:00,17363.0,58.29,49.25285714285714,
2021-09-13 14:15:00,17357.7,55.58,50.364285714285714,
2021-09-13 15:15:00,17355.95,51.24,50.565714285714286,
2021-09-13 16:15:00,17351.3,50.7,50.65071428571429,
2021-09-14 08:15:00,17420.35,66.2,52.13285714285714,
2021-09-14 09:15:00,17416.8,62.38,53.28142857142857,
2021-09-14 10:15:00,17424.3,60.66,53.82214285714286,
2021-09-14 11:15:00,17410.1,56.12,54.19357142857143,
2021-09-14 12:15:00,17390.2,55.75,54.66785714285714,
2021-09-14 13:15:00,17391.1,54.92,53.854285714285716,
2021-09-14 14:15:00,17376.0,70.48,55.73857142857143,
2021-09-14 15:15:00,17383.6,67.18,57.347142857142856,
2021-09-14 16:15:00,17381.9,63.83,58.74,
2021-09-15 08:15:00,17387.65,58.34,59.40500000000001,
2021-09-15 09:15:00,17447.75,69.52,60.20714285714286,
2021-09-15 10:15:00,17452.25,71.86,61.370000000000005,
2021-09-15 11:15:00,17468.7,74.41,63.025,
2021-09-15 12:15:00,17494.2,78.38,65.00214285714286,
2021-09-15 13:15:00,17521.05,74.02,65.56071428571428,
2021-09-15 14:15:00,17513.5,72.64,66.29357142857143,
2021-09-15 15:15:00,17517.5,72.18,67.11642857142857,
2021-09-15 16:15:00,17517.7,77.43,68.63857142857142,
2021-09-16 08:15:00,17539.2,87.68,70.91928571428572,
2021-09-16 09:15:00,17559.2,88.77,73.33714285714287,
2021-09-16 10:15:00,17535.8,85.5,74.41,
2021-09-16 11:15:00,17579.1,87.48,75.86,
2021-09-16 12:15:00,17580.25,88.11,77.5942857142857,
2021-09-16 13:15:00,17609.15,89.08,79.79,
2021-09-16 14:15:00,17625.45,87.08,81.04428571428572,
2021-09-16 15:15:00,17631.75,87.18,82.13857142857144,
2021-09-16 16:15:00,17627.55,84.66,82.87071428571429,
2021-09-17 08:15:00,17709.65,87.7,83.53642857142857,
2021-09-17 09:15:00,17751.55,88.31,84.55714285714285,
2021-09-17 10:15:00,17756.45,90.74,85.85,
2021-09-17 11:15:00,17620.85,62.02,85.12428571428572,
2021-09-17 12:15:00,17652.65,64.63,84.21000000000001,
2021-09-17 13:15:00,17631.7,60.04,82.23571428571428,
2021-09-17 14:15:00,17581.8,52.3,79.63071428571428,
2021-09-17 15:15:00,17583.0,55.04,77.455,
2021-09-17 16:15:00,17601.2,52.49,74.95571428571428,
2021-09-20 08:15:00,17443.85,38.63,71.42142857142858,
2021-09-20 09:15:00,17548.45,45.51,68.30928571428572,
2021-09-20 10:15:00,17610.1,48.93,65.58428571428571,
2021-09-20 11:15:00,17511.9,42.63,62.402142857142856,
2021-09-20 12:15:00,17547.5,45.26,59.587857142857146,
2021-09-20 13:15:00,17470.25,35.73,55.87571428571429,
2021-09-20 14:15:00,17417.4,30.35,51.73571428571428,
2021-09-20 15:15:00,17388.4,28.95,47.32214285714286,Buy
2021-09-20 16:15:00,17366.3,33.27,45.26857142857143,Hold
2021-09-21 08:15:00,17450.5,37.57,43.33571428571428,Hold
2021-09-21 09:15:00,17373.55,35.15,41.55785714285714,Hold
2021-09-21 10:15:00,17368.2,37.05,40.46857142857143,Hold
2021-09-22 10:15:00,17580.1,49.86,40.098571428571425,Hold
2021-09-22 11:15:00,17566.1,48.3,39.799285714285716,Hold
2021-09-22 12:15:00,17596.85,58.46,41.215714285714284,Hold
2021-09-22 13:15:00,17594.0,52.84,41.739285714285714,Hold
2021-09-22 14:15:00,17535.6,45.34,41.48285714285714,Hold
2021-09-22 15:15:00,17551.55,52.76,42.20642857142857,Hold
2021-09-22 16:15:00,17548.35,50.06,42.54928571428571,Hold
2021-09-23 08:15:00,17670.85,63.74,44.55,Hold
2021-09-23 09:15:00,17725.9,71.07,47.458571428571425,Sell
2021-09-23 10:15:00,17731.15,74.19,50.69,Waiting
2021-09-23 11:15:00,17761.95,77.58,53.855000000000004,Waiting
2021-09-23 12:15:00,17761.1,74.5,56.49285714285714,Waiting
2021-09-23 13:15:00,17781.7,85.34,60.07785714285715,Waiting
2021-09-23 14:15:00,17832.8,87.28,63.66571428571429,Waiting
2021-09-23 15:15:00,17823.0,78.84,65.7357142857143,Waiting
2021-09-23 16:15:00,17826.3,81.7,68.12142857142857,Waiting
2021-09-24 08:15:00,17897.45,83.34,69.89857142857143,Waiting
2021-09-24 09:15:00,17877.35,80.27,71.85785714285714,Waiting
2021-09-24 10:15:00,17910.95,92.34,75.215,Waiting
2021-09-24 11:15:00,17880.2,85.87,77.58,Waiting
2021-09-24 12:15:00,17862.3,83.2,79.94714285714285,Waiting
2021-09-24 13:15:00,17850.4,74.79,80.73642857142856,Waiting
2021-09-24 14:15:00,17866.35,71.74,80.78428571428572,Waiting
2021-09-24 15:15:00,17845.1,66.8,80.25642857142859,Waiting
2021-09-24 16:15:00,17842.65,62.99,79.21428571428574,Waiting
2021-09-27 08:15:00,17932.2,71.42,78.99428571428572,Waiting
2021-09-27 09:15:00,17885.8,62.24,77.3442857142857,Waiting
2021-09-27 10:15:00,17844.15,51.37,74.77928571428572,Waiting
2021-09-27 11:15:00,17868.5,55.29,73.09714285714286,Waiting
2021-09-27 12:15:00,17886.45,56.76,71.3157142857143,Waiting
2021-09-27 13:15:00,17882.5,48.02,68.79285714285714,Waiting
2021-09-27 14:15:00,17860.75,47.81,66.47428571428571,Waiting
2021-09-27 15:15:00,17853.2,41.83,62.86642857142857,Waiting
2021-09-27 16:15:00,17858.2,46.64,60.06428571428571,Waiting
2021-09-28 08:15:00,17906.45,56.17,58.133571428571436,Waiting
2021-09-28 09:15:00,17877.3,53.58,56.61857142857143,Waiting
2021-09-28 10:15:00,17791.05,41.55,54.46214285714286,Waiting
2021-09-28 11:15:00,17731.75,38.28,52.425000000000004,Waiting
2021-09-28 12:15:00,17619.25,31.18,50.152857142857144,Waiting
2021-09-28 13:15:00,17615.5,18.82,46.39571428571429,Waiting
2021-09-28 14:15:00,17769.7,40.57,44.847857142857144,
2021-09-28 15:15:00,17751.75,42.19,44.19214285714286,
2021-09-28 16:15:00,17734.15,38.52,42.99428571428571,
2021-09-29 08:15:00,17657.95,32.24,41.24285714285714,
2021-09-29 09:15:00,17663.6,33.03,40.17214285714285,
2021-09-29 10:15:00,17654.4,33.69,39.16357142857144,
2021-09-29 11:15:00,17652.6,34.0,38.604285714285716,
2021-09-29 12:15:00,17698.6,38.05,37.99071428571428,
2021-09-29 13:15:00,17736.8,37.1,36.628571428571426,
2021-09-29 14:15:00,17701.35,36.75,35.42642857142857,
2021-09-29 15:15:00,17713.95,43.47,35.56357142857143,
2021-09-29 16:15:00,17709.45,47.92,36.25214285714286,
2021-09-30 08:15:00,17718.9,61.52,38.419285714285714,
2021-09-30 09:15:00,17703.1,59.85,41.35,
2021-09-30 10:15:00,17690.45,36.92,41.089285714285715,
2021-09-30 11:15:00,17729.8,46.62,41.40571428571428,
2021-09-30 12:15:00,17652.85,39.41,41.46928571428572,
2021-09-30 13:15:00,17636.0,46.62,42.496428571428574,
2021-09-30 14:15:00,17629.3,44.73,43.332142857142856,
2021-09-30 15:15:00,17586.15,40.51,43.819285714285705,
2021-09-30 16:15:00,17606.35,43.88,44.52499999999999,
2021-10-01 08:15:00,17531.9,29.49,43.91357142857142,Buy
2021-10-01 09:15:00,17486.15,19.72,42.67214285714285,Hold
2021-10-01 10:15:00,17528.45,29.45,42.15071428571429,Hold
2021-10-01 11:15:00,17475.3,24.13,40.769285714285715,Hold
2021-10-01 12:15:00,17503.7,28.8,39.403571428571425,Hold
2021-10-01 13:15:00,17525.25,30.53,37.19,Hold
2021-10-01 14:15:00,17530.45,32.26,35.21928571428571,Hold
2021-10-01 15:15:00,17522.9,32.6,34.910714285714285,Hold
2021-10-01 16:15:00,17528.05,27.45,33.54142857142857,Hold
2021-10-04 08:15:00,17615.55,45.93,34.00714285714286,Hold
2021-10-04 09:15:00,17712.4,57.1,34.755714285714284,Hold
2021-10-04 10:15:00,17727.0,58.95,35.77142857142857,Hold
2021-10-04 11:15:00,17694.4,60.11,37.17142857142857,Hold
2021-10-04 12:15:00,17676.55,56.59,38.07928571428572,Hold
2021-10-04 13:15:00,17699.45,67.4,40.787142857142854,Hold
2021-10-04 14:15:00,17697.85,74.21,44.67928571428571,Sell
2021-10-04 15:15:00,17695.5,71.03,47.64928571428572,Waiting
2021-10-04 16:15:00,17699.85,82.22,51.798571428571435,Waiting
2021-10-05 08:15:00,17661.35,71.98,54.88285714285714,Waiting
2021-10-05 09:15:00,17683.55,72.04,57.847857142857144,Waiting
2021-10-05 10:15:00,17686.25,71.84,60.675000000000004,Waiting
2021-10-05 11:15:00,17695.2,74.06,63.63642857142857,Waiting
2021-10-05 12:15:00,17756.35,77.57,67.21642857142858,Waiting
2021-10-05 13:15:00,17793.6,74.47,69.25500000000001,Waiting
2021-10-05 14:15:00,17827.6,69.14,70.115,Waiting
2021-10-05 15:15:00,17818.2,65.42,70.57714285714286,Waiting
2021-10-05 16:15:00,17828.3,74.5,71.605,Waiting
2021-10-06 08:15:00,17861.5,82.04,73.42285714285715,Waiting
2021-10-06 09:15:00,17831.95,72.43,73.78214285714286,Waiting
2021-10-06 10:15:00,17825.1,71.17,73.56500000000001,Waiting
2021-10-06 11:15:00,17863.9,74.99,73.84785714285715,Waiting
2021-10-06 12:15:00,17775.3,58.96,72.18642857142858,Waiting
2021-10-06 13:15:00,17761.25,62.59,71.51571428571428,Waiting
2021-10-06 14:15:00,17651.9,46.73,69.70785714285715,Waiting
2021-10-06 15:15:00,17625.3,44.0,67.7192857142857,Waiting
2021-10-06 16:15:00,17628.8,43.39,65.52857142857144,Waiting
2021-10-07 08:15:00,17810.55,54.35,63.87,Waiting
2021-10-07 09:15:00,17808.45,51.26,62.21214285714286,Waiting
2021-10-07 10:15:00,17802.9,47.79,60.68714285714286,Waiting
2021-10-07 11:15:00,17837.95,51.69,59.70642857142857,Waiting
2021-10-07 12:15:00,17847.75,51.66,58.075,Waiting
2021-10-07 13:15:00,17845.5,48.56,55.683571428571426,Waiting
2021-10-07 14:15:00,17790.75,46.44,53.82714285714286,Waiting
2021-10-07 15:15:00,17788.55,46.82,52.087857142857146,Waiting
2021-10-07 16:15:00,17796.2,43.77,49.85785714285714,Waiting
2021-10-08 08:15:00,17886.85,60.23,49.94857142857143,Waiting
2021-10-08 09:15:00,17894.7,62.38,49.933571428571426,Waiting
2021-10-08 10:15:00,17908.95,78.95,52.235,Waiting
2021-10-08 11:15:00,17863.95,75.81,54.50714285714285,Waiting
2021-10-08 12:15:00,17879.9,76.44,56.86785714285714,Waiting
2021-10-08 13:15:00,17917.7,66.19,57.71357142857143,Waiting
2021-10-08 14:15:00,17895.85,62.46,58.51357142857143,Waiting
2021-10-08 15:15:00,17888.5,62.15,59.53928571428571,Waiting
2021-10-08 16:15:00,17907.4,60.33,60.15642857142858,Waiting
2021-10-11 08:15:00,17867.55,52.7,60.23071428571428,Waiting
2021-10-11 09:15:00,17979.25,64.06,61.337857142857146,Waiting
2021-10-11 10:15:00,18016.0,74.6,63.34928571428571,Waiting
2021-10-11 11:15:00,17981.85,69.74,64.98642857142856,Waiting
2021-10-12 11:15:00,17902.8,59.5,66.11,Waiting
2021-10-12 12:15:00,17936.5,54.92,65.73071428571428,Waiting
2021-10-12 13:15:00,17964.25,56.64,65.32071428571429,Waiting
2021-10-12 14:15:00,17991.45,57.68,63.801428571428566,Waiting
2021-10-12 15:15:00,18003.05,63.81,62.94428571428572,Waiting
2021-10-12 16:15:00,18004.05,62.7,61.962857142857146,Waiting
2021-10-13 08:15:00,18097.85,66.54,61.987857142857145,Waiting
2021-10-13 09:15:00,18117.65,70.44,62.55785714285714,Waiting
2021-10-13 10:15:00,18139.1,72.51,63.29785714285715,Waiting
2021-10-13 11:15:00,18138.35,71.44,64.09142857142857,Waiting
2021-10-13 12:15:00,18170.1,78.52,65.93571428571428,Waiting
2021-10-13 13:15:00,18163.3,71.62,66.47571428571429,Waiting
2021-10-13 14:15:00,18167.3,69.26,66.0942857142857,Waiting
2021-10-13 15:15:00,18156.95,73.73,66.37928571428571,Waiting
2021-10-13 16:15:00,18165.75,94.01,68.8442857142857,Waiting
2021-10-14 08:15:00,18272.85,95.19,71.7207142857143,Waiting
2021-10-14 09:15:00,18275.45,94.84,74.44928571428571,Waiting
2021-10-14 10:15:00,18299.7,94.8,77.10071428571429,Waiting
2021-10-14 11:15:00,18309.95,94.78,79.31285714285715,Waiting
2021-10-14 12:15:00,18283.7,88.0,81.12,Waiting
2021-10-14 13:15:00,18308.75,85.24,82.4557142857143,Waiting
2021-10-14 14:15:00,18340.05,85.79,83.55214285714285,Waiting
2021-10-14 15:15:00,18334.7,83.2,84.3157142857143,Waiting
2021-10-14 16:15:00,18339.05,83.65,85.18785714285714,Waiting
2021-10-18 08:15:00,18500.1,88.6,85.90785714285714,Waiting
2021-10-18 09:15:00,18498.8,89.75,87.20285714285716,Waiting
2021-10-18 10:15:00,18494.15,88.67,88.58928571428571,Waiting
2021-10-18 11:15:00,18514.9,91.33,89.84642857142858,Waiting
2021-10-18 12:15:00,18492.15,86.51,89.3107142857143,Waiting
2021-10-18 13:15:00,18528.95,83.99,88.51071428571429,Waiting
2021-10-18 14:15:00,18475.0,73.31,86.97285714285715,Waiting
2021-10-18 15:15:00,18473.85,71.5,85.30857142857144,Waiting
2021-10-18 16:15:00,18476.6,70.96,83.60714285714286,Waiting
2021-10-19 08:15:00,18602.35,82.06,83.18285714285715,Waiting
2021-10-19 09:15:00,18457.85,62.09,81.5292857142857,Waiting
2021-10-19 10:15:00,18536.55,64.8,80.02999999999999,Waiting
2021-10-19 11:15:00,18573.5,67.17,78.88499999999999,Waiting
2021-10-19 12:15:00,18582.25,67.38,77.72285714285715,Waiting
2021-10-19 13:15:00,18515.15,51.24,75.05428571428571,Waiting
2021-10-19 14:15:00,18403.9,43.37,71.74142857142857,Waiting
2021-10-19 15:15:00,18418.8,44.81,68.60857142857144,Waiting
2021-10-19 16:15:00,18422.15,43.46,65.18928571428572,Waiting
2021-10-20 08:15:00,18439.9,46.29,62.316428571428574,Waiting
2021-10-20 09:15:00,18444.8,43.74,59.441428571428574,Waiting
2021-10-20 10:15:00,18400.1,44.35,57.372857142857136,Waiting
2021-10-20 11:15:00,18302.75,38.72,55.03142857142857,Waiting
2021-10-20 12:15:00,18345.7,41.81,52.94928571428572,Waiting
2021-10-20 13:15:00,18254.4,27.24,49.03357142857143,Waiting
2021-10-20 14:15:00,18259.8,34.16,47.03857142857144,
2021-10-20 15:15:00,18280.8,27.47,44.37214285714286,Buy
2021-10-20 16:15:00,18282.3,22.64,41.191428571428574,Hold
2021-10-21 08:15:00,18382.7,34.01,38.807857142857145,Hold
2021-10-21 09:15:00,18245.5,30.57,37.33142857142857,Hold
2021-10-21 10:15:00,18131.6,30.46,36.409285714285716,Hold
2021-10-21 11:15:00,18163.55,32.12,35.502857142857145,Hold
2021-10-21 12:15:00,18139.2,30.74,34.59428571428571,Hold
2021-10-21 13:15:00,18076.65,26.7,33.195,Hold
2021-10-21 14:15:00,18168.3,34.04,32.50214285714286,Hold
2021-10-21 15:15:00,18198.4,38.16,32.059999999999995,Hold
2021-10-21 16:15:00,18219.6,44.64,32.48285714285714,Hold
2021-10-22 08:15:00,18230.7,42.27,32.51571428571429,Hold
2021-10-22 09:15:00,18278.4,51.71,34.26357142857143,Hold
2021-10-22 10:15:00,18263.85,50.29,35.41571428571428,Hold
2021-10-22 11:15:00,18145.6,41.62,36.426428571428566,Hold
2021-10-22 12:15:00,18083.0,38.51,37.56,Hold
2021-10-22 13:15:00,18142.05,35.44,37.662142857142854,Hold
2021-10-22 14:15:00,18122.85,41.34,38.43142857142857,Hold
2021-10-22 15:15:00,18114.85,48.61,39.72785714285714,Hold
2021-10-22 16:15:00,18111.7,45.48,40.68214285714286,Hold
2021-10-25 08:15:00,18229.5,56.77,42.54142857142857,Hold
2021-10-25 09:15:00,18008.3,45.86,43.910000000000004,Hold
2021-10-25 10:15:00,18116.6,46.93,44.830714285714286,Hold
2021-10-25 11:15:00,18153.45,47.35,45.48714285714285,Hold
2021-10-25 12:15:00,18146.3,45.61,45.55642857142857,Hold
2021-10-25 13:15:00,18098.8,42.43,45.56785714285714,Hold
2021-10-25 14:15:00,18120.95,40.69,44.78071428571428,Hold
2021-10-25 15:15:00,18139.6,42.69,44.237857142857145,Hold
2021-10-25 16:15:00,18135.85,49.34,44.78928571428572,Hold
2021-10-26 08:15:00,18154.5,55.17,45.979285714285716,Hold
2021-10-26 09:15:00,18234.35,56.48,47.482142857142854,Hold
2021-10-26 10:15:00,18163.0,52.63,48.28857142857144,Hold
2021-10-26 11:15:00,18159.95,52.97,48.60000000000001,Hold
2021-10-26 12:15:00,18163.8,53.43,49.167857142857144,Hold
2021-10-26 13:15:00,18246.85,51.2,48.77,Hold
2021-10-26 14:15:00,18263.25,74.49,50.815000000000005,Sell
2021-10-26 15:15:00,18291.0,69.82,52.449999999999996,Waiting
2021-10-26 16:15:00,18308.1,68.4,53.95357142857143,Waiting
2021-10-27 08:15:00,18295.85,67.58,55.52285714285715,Waiting
2021-10-27 09:15:00,18298.25,76.23,57.93714285714286,Waiting
2021-10-27 10:15:00,18310.4,75.58,60.42928571428571,Waiting
2021-10-27 11:15:00,18293.05,70.8,62.43714285714286,Waiting
2021-10-27 12:15:00,18310.7,72.84,64.11571428571428,Waiting
2021-10-27 13:15:00,18312.5,71.58,65.28785714285713,Waiting
2021-10-27 14:15:00,18227.2,49.04,64.75642857142857,Waiting
2021-10-27 15:15:00,18185.05,53.22,64.79857142857142,Waiting
2021-10-27 16:15:00,18184.85,53.67,64.84857142857143,Waiting
2021-10-28 08:15:00,18187.65,53.52,64.855,Waiting
2021-10-28 09:15:00,18092.45,27.97,63.19571428571429,Waiting
2021-10-28 10:15:00,18038.15,21.02,59.37642857142857,Buy
2021-10-28 11:15:00,18023.35,14.36,55.415000000000006,Hold
2021-10-28 12:15:00,18007.85,9.84,51.232142857142854,Hold
2021-10-28 13:15:00,17950.1,8.78,47.03214285714285,Hold
2021-10-28 14:15:00,17853.65,6.7,42.065714285714286,Hold
2021-10-28 15:15:00,17810.45,4.09,36.95928571428572,Hold
2021-10-28 16:15:00,17865.2,13.23,32.847142857142856,Hold
2021-10-29 08:15:00,17833.05,9.95,28.355,Hold
2021-10-29 09:15:00,17856.2,13.06,24.175,Hold
2021-10-29 10:15:00,17834.3,14.56,21.712142857142855,Hold
2021-10-29 11:15:00,17820.85,15.35,19.00714285714286,Hold
2021-10-29 12:15:00,17742.6,13.37,16.12857142857143,Hold
2021-10-29 13:15:00,17642.8,11.12,13.1,Hold
2021-10-29 14:15:00,17647.75,13.57,12.071428571428571,Hold
2021-10-29 15:15:00,17673.85,18.71,11.906428571428572,Hold
2021-10-29 16:15:00,17711.5,24.23,12.611428571428572,Hold
2021-11-01 08:15:00,17783.15,33.01,14.266428571428573,Hold
2021-11-01 09:15:00,17761.15,34.89,16.13142857142857,Hold
2021-11-01 10:15:00,17750.1,40.41,18.539285714285715,Hold
2021-11-01 11:15:00,17777.55,46.86,21.594285714285714,Hold
2021-11-01 12:15:00,17791.5,42.38,23.67642857142857,Hold
2021-11-02 12:15:00,17912.05,56.91,27.030714285714286,Hold
2021-11-02 13:15:00,17889.05,52.87,29.874285714285715,Hold
2021-11-02 14:15:00,17896.1,55.55,32.80214285714286,Hold
2021-11-02 15:15:00,17895.65,56.88,35.76857142857143,Hold
2021-11-02 16:15:00,17889.15,65.52,39.493571428571435,Hold
2021-11-03 08:15:00,17947.95,85.39,44.798571428571435,Sell
2021-11-03 09:15:00,17961.3,85.67,49.94857142857143,Waiting
2021-11-03 10:15:00,17976.0,85.29,54.70428571428572,Waiting
2021-11-03 11:15:00,17897.3,69.8,57.95928571428572,Waiting
2021-11-03 12:15:00,17808.85,52.64,59.361428571428576,Waiting
2021-11-03 13:15:00,17857.6,59.41,61.112857142857145,Waiting
2021-11-03 14:15:00,17820.5,56.53,62.26428571428571,Waiting
2021-11-03 15:15:00,17830.0,55.04,62.848571428571425,Waiting
2021-11-03 16:15:00,17833.0,54.07,63.683571428571426,Waiting
2021-11-04 17:15:00,17935.05,52.34,63.357142857142854,Waiting
2021-11-04 18:15:00,17921.05,53.32,63.38928571428572,Waiting
2021-11-04 19:15:00,17916.8,52.16,63.14714285714286,Waiting
2021-11-08 08:15:00,18040.2,61.99,63.51214285714286,Waiting
2021-11-08 09:15:00,17855.15,47.82,62.24785714285714,Waiting
2021-11-08 10:15:00,17918.1,48.1,59.58428571428571,Waiting
2021-11-08 11:15:00,17966.8,50.34,57.06071428571429,Waiting
2021-11-08 12:15:00,18038.5,53.56,54.794285714285714,Waiting
2021-11-08 13:15:00,18067.3,60.27,54.11357142857143,Waiting
2021-11-08 14:15:00,18064.0,67.18,55.152142857142856,Waiting
2021-11-08 15:15:00,18086.35,65.97,55.62071428571429,Waiting
2021-11-08 16:15:00,18083.35,69.27,56.53071428571429,Waiting
2021-11-09 08:15:00,18084.35,68.88,57.519285714285715,Waiting
2021-11-09 09:15:00,18055.1,65.87,58.362142857142864,Waiting
2021-11-09 10:15:00,18032.4,57.85,58.75571428571429,Waiting
2021-11-09 11:15:00,18043.05,59.88,59.22428571428571,Waiting
2021-11-09 12:15:00,18053.15,60.94,59.85142857142857,Waiting
2021-11-09 13:15:00,18018.05,47.93,58.847142857142856,Waiting
2021-11-09 14:15:00,18043.75,75.13,60.79785714285715,Waiting
2021-11-09 15:15:00,18056.3,71.27,62.45285714285715,Waiting
2021-11-09 16:15:00,18051.6,65.09,63.50642857142857,Waiting
2021-11-10 08:15:00,17973.45,38.68,62.44357142857143,Waiting
2021-11-10 09:15:00,17960.3,30.31,60.30357142857143,Waiting
2021-11-10 10:15:00,17966.0,32.12,57.799285714285716,Waiting
2021-11-10 11:15:00,17959.95,25.48,54.90714285714285,Waiting
2021-11-10 12:15:00,17984.35,32.27,52.26428571428572,
2021-11-10 13:15:00,18049.95,45.0,50.558571428571426,
2021-11-10 14:15:00,18010.85,43.74,48.97785714285714,
2021-11-10 15:15:00,18016.0,47.56,48.24285714285714,
2021-11-10 16:15:00,18012.35,45.34,47.20428571428572,
2021-11-11 08:15:00,17967.45,38.22,45.58142857142857,
2021-11-11 09:15:00,17878.1,33.27,44.534285714285716,
2021-11-11 10:15:00,17845.55,26.68,41.07357142857143,Buy
2021-11-11 11:15:00,17849.0,25.08,37.77428571428572,Hold
2021-11-11 12:15:00,17884.05,31.23,35.355714285714285,Hold
2021-11-11 13:15:00,17819.85,32.23,34.895,Hold
2021-11-11 14:15:00,17867.4,40.05,35.590714285714284,Hold
2021-11-11 15:15:00,17886.45,41.71,36.27571428571429,Hold
2021-11-11 16:15:00,17886.7,42.28,37.47571428571428,Hold
2021-11-12 08:15:00,17977.6,49.38,38.69785714285714,Hold
2021-11-12 09:15:00,17952.35,40.25,38.35857142857143,Hold
2021-11-12 10:15:00,17939.3,42.46,38.26714285714286,Hold
2021-11-12 11:15:00,17961.1,44.41,38.042142857142856,Hold
2021-11-12 12:15:00,18020.2,50.72,38.42642857142857,Hold
2021-11-12 13:15:00,18090.55,60.76,40.03642857142857,Hold
2021-11-12 14:15:00,18096.85,72.37,42.82928571428572,Sell
2021-11-12 15:15:00,18104.8,77.92,46.48928571428571,Waiting
2021-11-12 16:15:00,18098.65,76.73,50.17857142857143,Waiting
2021-11-15 08:15:00,18140.95,77.09,53.45428571428572,Waiting
2021-11-15 09:15:00,18157.65,89.58,57.550714285714285,Waiting
2021-11-15 10:15:00,18139.4,84.22,60.705714285714286,Waiting
2021-11-15 11:15:00,18105.1,76.49,63.19,Waiting
2021-11-15 12:15:00,18083.05,72.6,65.35571428571428,Waiting
2021-11-15 13:15:00,18135.45,69.93,66.82357142857143,Waiting
2021-11-15 14:15:00,18106.45,69.28,68.89714285714287,Waiting
2021-11-15 15:15:00,18106.3,71.59,70.97785714285715,Waiting
2021-11-15 16:15:00,18093.6,67.54,72.63000000000001,Waiting
2021-11-16 08:15:00,18127.05,65.18,73.66285714285713,Waiting
2021-11-16 09:15:00,18081.75,48.65,72.79785714285715,Waiting
2021-11-16 10:15:00,18037.0,41.81,70.615,Waiting
2021-11-16 11:15:00,18085.95,47.68,68.45500000000001,Waiting
2021-11-16 12:15:00,18117.8,52.22,66.70428571428572,Waiting
2021-11-16 13:15:00,18068.85,41.78,64.18214285714285,Waiting
2021-11-16 14:15:00,18002.3,34.1,60.21928571428571,Waiting
2021-11-16 15:15:00,17975.45,33.51,56.597142857142856,Waiting
2021-11-16 16:15:00,17962.85,35.04,53.636428571428574,Waiting
2021-11-17 08:15:00,17939.35,34.94,50.94642857142857,Waiting
2021-11-17 09:15:00,17974.75,32.53,48.27499999999999,Waiting
2021-11-17 10:15:00,18003.8,38.84,46.10071428571428,Waiting
2021-11-17 11:15:00,17955.35,35.15,43.497857142857136,Waiting
2021-11-17 12:15:00,17984.2,39.57,41.5,Waiting
2021-11-17 13:15:00,17969.1,34.4,39.30142857142857,Waiting
2021-11-17 14:15:00,17894.9,32.54,38.15071428571429,Waiting
2021-11-17 15:15:00,17888.7,35.07,37.669285714285714,Waiting
2021-11-17 16:15:00,17887.2,27.87,36.254285714285714,Waiting
2021-11-18 08:15:00,17890.55,22.98,34.16571428571429,Buy
2021-11-18 09:15:00,17794.25,20.66,32.65714285714286,Hold
2021-11-18 10:15:00,17764.8,22.44,31.82428571428571,Hold
2021-11-18 11:15:00,17719.9,21.53,30.96857142857143,Hold
2021-11-18 12:15:00,17745.65,26.49,30.357857142857146,Hold
2021-11-18 13:15:00,17803.65,36.33,30.45714285714286,Hold
2021-11-18 14:15:00,17752.65,28.31,30.155714285714286,Hold
2021-11-18 15:15:00,17761.45,25.36,29.192857142857143,Hold
2021-11-18 16:15:00,17746.2,27.2,28.625,Hold
2021-11-22 08:15:00,17796.25,30.42,27.971428571428568,Hold
2021-11-22 09:15:00,17634.45,23.29,27.177857142857142,Hold
2021-11-22 10:15:00,17549.3,22.89,26.488571428571426,Hold
2021-11-22 11:15:00,17455.95,20.14,25.422142857142855,Hold
2021-11-22 12:15:00,17490.7,23.84,25.134285714285713,Hold
2021-11-22 13:15:00,17395.8,20.88,24.98428571428571,Hold
2021-11-22 14:15:00,17395.5,23.54,25.19,Hold
2021-11-22 15:15:00,17441.45,29.0,25.65857142857143,Hold
2021-11-22 16:15:00,17441.05,30.78,26.319285714285712,Hold
2021-11-23 08:15:00,17281.75,23.0,26.069999999999997,Hold
2021-11-23 09:15:00,17338.95,22.93,25.11285714285714,Hold
2021-11-23 10:15:00,17384.6,28.42,25.120714285714286,Hold
2021-11-23 11:15:00,17455.2,33.26,25.685000000000002,Hold
2021-11-23 12:15:00,17435.75,33.11,26.107142857142858,Hold
2021-11-23 13:15:00,17528.7,36.09,26.51214285714286,Hold
2021-11-23 14:15:00,17504.8,42.13,27.857857142857142,Hold
2021-11-23 15:15:00,17479.75,45.45,29.469285714285718,Hold
2021-11-23 16:15:00,17496.85,52.97,31.814285714285717,Hold
2021-11-24 08:15:00,17550.05,54.2,33.98285714285714,Hold
2021-11-24 09:15:00,17529.85,60.62,36.82142857142857,Hold
2021-11-24 10:15:00,17590.1,64.08,39.71714285714285,Hold
2021-11-24 11:15:00,17572.05,59.84,41.92,Hold
2021-11-24 12:15:00,17577.4,60.2,44.02142857142858,Hold
2021-11-25 12:15:00,17516.95,70.65,47.425000000000004,Sell
2021-11-25 13:15:00,17508.7,66.31,50.52357142857142,Waiting
2021-11-25 14:15:00,17529.75,64.64,53.11071428571428,Waiting
2021-11-25 15:15:00,17552.05,60.82,55.07928571428572,Waiting
2021-11-25 16:15:00,17547.0,62.84,57.20285714285715,Waiting
2021-11-26 08:15:00,17338.75,32.68,56.95928571428571,Waiting
2021-11-26 09:15:00,17249.8,29.22,56.037142857142854,Waiting
2021-11-26 10:15:00,17165.55,26.65,54.69428571428572,Buy
2021-11-26 11:15:00,17148.75,24.12,52.63357142857143,Hold
2021-11-26 12:15:00,17177.35,21.23,50.278571428571425,Hold
2021-11-26 13:15:00,17127.7,20.31,47.39928571428571,Hold
2021-11-26 14:15:00,17018.65,10.65,43.58285714285715,Hold
2021-11-26 15:15:00,17019.75,11.06,40.098571428571425,Hold
2021-11-26 16:15:00,17006.55,10.19,36.526428571428575,Hold
2021-11-29 08:15:00,17055.8,17.33,32.71785714285714,Hold
2021-11-29 09:15:00,17086.35,20.99,29.48071428571428,Hold
2021-11-29 10:15:00,17094.4,19.56,26.260714285714283,Hold
2021-11-29 11:15:00,17154.55,23.6,23.60214285714286,Hold
2021-11-29 12:15:00,17089.3,21.85,20.674285714285713,Hold
2021-11-29 13:15:00,17128.35,33.66,20.744285714285713,Hold
2021-11-29 14:15:00,17053.55,34.42,21.115714285714287,Hold
2021-11-29 15:15:00,17050.2,39.49,22.032857142857146,Hold
2021-11-29 16:15:00,17040.7,40.02,23.16857142857143,Hold
2021-11-30 08:15:00,17051.15,37.94,24.362142857142857,Hold
2021-11-30 09:15:00,17259.0,59.63,27.170714285714286,Hold
2021-11-30 10:15:00,17145.05,59.21,30.639285714285716,Hold
2021-11-30 11:15:00,17079.35,53.97,33.70428571428572,Hold
2021-11-30 12:15:00,17088.9,55.51,36.941428571428574,Hold
2021-11-30 13:15:00,17148.75,56.13,39.712857142857146,Hold
2021-11-30 14:15:00,16982.45,44.19,41.37,Hold
2021-11-30 15:15:00,16946.2,41.96,42.970000000000006,Hold
2021-11-30 16:15:00,16975.15,39.93,44.13642857142857,Hold
2021-12-01 08:15:00,17104.4,50.79,46.20357142857143,Hold
2021-12-01 09:15:00,17109.45,48.97,47.29714285714285,Hold
2021-12-01 10:15:00,17196.15,57.64,48.95571428571429,Hold
2021-12-01 11:15:00,17167.65,56.13,50.14428571428572,Hold
2021-12-01 12:15:00,17152.35,55.79,51.270714285714284,Hold
2021-12-01 13:15:00,17089.9,51.91,52.26857142857143,Hold
2021-12-01 14:15:00,17166.95,44.8,51.20928571428572,Hold
2021-12-01 15:15:00,17171.95,51.73,50.675,Hold
2021-12-01 16:15:00,17186.8,57.41,50.92071428571428,Hold
2021-12-02 08:15:00,17183.2,56.56,50.99571428571428,Hold
2021-12-02 09:15:00,17286.8,59.05,51.20428571428571,Hold
2021-12-02 10:15:00,17285.45,75.34,53.42928571428571,Sell
2021-12-02 11:15:00,17279.1,79.3,56.096428571428575,Waiting
2021-12-02 12:15:00,17320.5,79.75,58.94071428571429,Waiting
2021-12-02 13:15:00,17317.9,73.52,60.56428571428571,Waiting
2021-12-02 14:15:00,17404.1,77.54,62.605000000000004,Waiting
2021-12-02 15:15:00,17411.05,73.61,63.74571428571428,Waiting
2021-12-02 16:15:00,17404.35,77.31,65.25857142857141,Waiting
2021-12-03 08:15:00,17424.9,81.07,67.06428571428572,Waiting
2021-12-03 09:15:00,17393.05,87.15,69.58142857142857,Waiting
2021-12-03 10:15:00,17406.55,84.78,72.43714285714285,Waiting
2021-12-03 11:15:00,17382.7,79.0,74.385,Waiting
2021-12-03 12:15:00,17289.55,61.63,74.68642857142856,Waiting
2021-12-03 13:15:00,17238.85,55.69,74.62428571428572,Waiting
2021-12-03 14:15:00,17197.0,39.48,73.22642857142857,Waiting
2021-12-03 15:15:00,17202.15,40.33,70.72571428571429,Waiting
2021-12-03 16:15:00,17209.55,41.95,68.05785714285715,Waiting
2021-12-06 08:15:00,17209.05,35.75,64.91499999999999,Waiting
2021-12-06 09:15:00,17144.55,30.86,61.86785714285714,Waiting
2021-12-06 10:15:00,17117.55,13.6,57.300714285714285,Waiting
2021-12-06 11:15:00,17056.95,10.42,52.787142857142854,Buy
2021-12-06 12:15:00,17059.45,11.08,48.056428571428576,Hold
2021-12-06 13:15:00,16996.2,5.88,42.68571428571429,Hold
2021-12-06 14:15:00,16908.6,5.27,36.83714285714286,Hold
2021-12-06 15:15:00,16908.0,2.85,30.985000000000003,Hold
2021-12-06 16:15:00,16913.85,4.09,25.634285714285713,Hold
2021-12-07 08:15:00,17044.1,27.59,23.202857142857145,Hold
2021-12-07 09:15:00,17091.5,36.47,21.830000000000002,Hold
2021-12-07 10:15:00,17167.95,47.49,22.402142857142856,Hold
2021-12-07 11:15:00,17195.45,49.44,23.052857142857142,Hold
2021-12-07 12:15:00,17187.9,48.2,23.499285714285715,Hold
2021-12-07 13:15:00,17231.45,51.74,24.641428571428573,Hold
2021-12-07 14:15:00,17175.55,52.44,26.18285714285714,Hold
2021-12-07 15:15:00,17173.0,54.53,29.106428571428573,Hold
2021-12-07 16:15:00,17179.2,60.97,32.71714285714286,Hold
2021-12-08 08:15:00,17315.25,68.52,36.82,Hold
2021-12-08 09:15:00,17405.8,78.52,42.00857142857143,Sell
2021-12-08 10:15:00,17409.5,89.5,48.025,Waiting
2021-12-08 11:15:00,17423.05,89.8,54.23571428571428,Waiting
2021-12-08 12:15:00,17433.0,89.86,60.36214285714285,Waiting
2021-12-08 13:15:00,17453.9,87.82,64.66428571428571,Waiting
2021-12-08 14:15:00,17472.45,87.13,68.28285714285714,Waiting
2021-12-08 15:15:00,17468.8,84.18,70.90357142857142,Waiting
2021-12-08 16:15:00,17469.15,83.14,73.3107142857143,Waiting
2021-12-09 08:15:00,17524.4,86.52,76.04785714285715,Waiting
2021-12-09 09:15:00,17411.85,67.03,77.14,Waiting
2021-12-09 10:15:00,17429.6,75.84,78.81142857142856,Waiting
2021-12-09 11:15:00,17472.05,78.14,80.49785714285714,Waiting
2021-12-09 12:15:00,17530.9,80.11,81.865,Waiting
2021-12-09 13:15:00,17484.1,67.06,81.76071428571427,Waiting
2021-12-09 14:15:00,17517.0,62.72,80.63214285714285,Waiting
2021-12-09 15:15:00,17516.8,62.37,78.69428571428571,Waiting
2021-12-09 16:15:00,17505.65,59.58,76.53571428571429,Waiting
2021-12-10 08:15:00,17476.05,54.77,74.02928571428572,Waiting
2021-12-10 09:15:00,17442.95,48.82,71.24357142857143,Waiting
2021-12-10 10:15:00,17461.1,48.77,68.50357142857142,Waiting
2021-12-10 11:15:00,17443.1,47.31,65.87,Waiting
2021-12-10 12:15:00,17420.6,45.14,63.15571428571429,Waiting
2021-12-10 13:15:00,17462.15,43.59,60.089285714285715,Waiting
2021-12-10 14:15:00,17522.35,62.75,59.78357142857143,Waiting
2021-12-10 15:15:00,17499.0,57.91,58.502857142857145,Waiting
2021-12-10 16:15:00,17497.35,53.18,56.720000000000006,Waiting
2021-12-13 08:15:00,17619.1,59.57,55.252857142857145,Waiting
2021-12-13 09:15:00,17615.5,65.73,55.15785714285715,Waiting
2021-12-13 10:15:00,17567.4,55.82,54.665,Waiting
2021-12-13 11:15:00,17550.6,53.76,54.050000000000004,Waiting
2021-12-13 12:15:00,17393.65,40.59,52.69357142857143,Waiting
2021-12-13 13:15:00,17365.1,40.66,51.68571428571429,Waiting
2021-12-13 14:15:00,17366.1,43.16,51.28142857142857,Waiting
2021-12-13 15:15:00,17375.7,42.29,50.81857142857143,Waiting
2021-12-13 16:15:00,17385.5,44.72,50.63357142857143,Waiting
2021-12-14 08:15:00,17283.2,39.01,50.19571428571429,Waiting
2021-12-14 09:15:00,17279.2,34.43,49.541428571428575,Waiting
2021-12-14 10:15:00,17268.95,26.44,46.94785714285714,Waiting
2021-12-14 11:15:00,17339.7,36.39,45.410714285714285,
2021-12-14 12:15:00,17347.95,37.38,44.28214285714286,
2021-12-14 13:15:00,17359.2,22.99,41.669285714285714,Buy
2021-12-15 13:15:00,17282.9,19.98,38.401428571428575,Hold
2021-12-15 14:15:00,17220.8,19.48,35.80571428571429,Hold
2021-12-15 15:15:00,17214.25,19.84,33.38285714285714,Hold
2021-12-15 16:15:00,17209.55,27.29,32.432857142857145,Hold
2021-12-16 08:15:00,17373.0,50.73,33.152142857142856,Hold
2021-12-16 09:15:00,17267.4,42.35,33.09428571428571,Hold
2021-12-16 10:15:00,17280.75,42.68,33.12214285714286,Hold
2021-12-16 11:15:00,17220.85,38.22,32.65785714285714,Hold
2021-12-16 12:15:00,17247.45,47.13,33.237857142857145,Hold
2021-12-16 13:15:00,17222.8,45.62,34.037142857142854,Hold
2021-12-16 14:15:00,17236.85,47.52,35.542857142857144,Hold
2021-12-16 15:15:00,17277.05,44.92,36.152142857142856,Hold
2021-12-16 16:15:00,17287.25,45.1,36.70357142857143,Hold
2021-12-17 08:15:00,17276.0,43.28,38.152857142857144,Hold
2021-12-17 09:15:00,17105.8,37.58,39.410000000000004,Hold
2021-12-17 10:15:00,17037.3,37.24,40.67857142857143,Hold
2021-12-17 11:15:00,17011.05,36.25,41.85071428571429,Hold
2021-12-17 12:15:00,17049.55,39.65,42.73357142857143,Hold
2021-12-17 13:15:00,17075.45,26.58,41.00857142857143,Hold
2021-12-17 14:15:00,16981.55,27.08,39.917857142857144,Hold
2021-12-17 15:15:00,16995.1,27.1,38.805,Hold
2021-12-17 16:15:00,16995.65,30.05,38.221428571428575,Hold
2021-12-20 08:15:00,16824.25,20.16,36.295,Hold
2021-12-20 09:15:00,16600.9,15.75,34.16142857142857,Hold
2021-12-20 10:15:00,16593.05,14.3,31.788571428571426,Hold
2021-12-20 11:15:00,16546.7,9.77,29.277857142857147,Hold
2021-12-20 12:15:00,16444.85,7.85,26.617142857142856,Hold
2021-12-20 13:15:00,16524.0,14.77,24.58071428571429,Hold
2021-12-20 14:15:00,16619.1,25.47,23.715714285714284,Hold
2021-12-20 15:15:00,16626.3,27.92,23.05,Hold
2021-12-20 16:15:00,16613.0,28.32,22.483571428571427,Hold
2021-12-21 08:15:00,16773.15,36.71,22.273571428571426,Hold
2021-12-21 09:15:00,16810.7,37.41,23.04714285714286,Hold
2021-12-21 10:15:00,16881.3,45.12,24.33571428571429,Hold
2021-12-21 11:15:00,16926.75,46.78,25.74142857142857,Hold
2021-12-21 12:15:00,16887.85,45.09,26.815714285714286,Hold
2021-12-21 13:15:00,16792.95,48.47,28.83785714285714,Hold
2021-12-21 14:15:00,16776.6,60.78,32.05428571428572,Hold
2021-12-21 15:15:00,16777.2,61.4,35.41857142857143,Hold
2021-12-21 16:15:00,16788.9,65.67,39.41142857142857,Hold
2021-12-22 08:15:00,16865.55,78.14,44.43214285714286,Sell
2021-12-22 09:15:00,16884.0,76.2,48.82,Waiting
2021-12-22 10:15:00,16868.25,70.5,52.03642857142857,Waiting
2021-12-22 11:15:00,16878.15,70.63,55.08714285714286,Waiting
2021-12-22 12:15:00,16875.05,71.84,58.19571428571429,Waiting
2021-12-22 13:15:00,16877.5,61.79,59.987142857142864,Waiting
2021-12-22 14:15:00,16947.65,64.42,61.916428571428575,Waiting
2021-12-22 15:15:00,16966.9,60.1,62.986428571428576,Waiting
2021-12-22 16:15:00,16966.65,55.27,63.59285714285714,Waiting
2021-12-23 08:15:00,17066.8,70.35,65.39714285714287,Waiting
2021-12-23 09:15:00,17057.65,87.4,68.17785714285715,Waiting
2021-12-23 10:15:00,17040.85,87.29,70.07142857142857,Waiting
2021-12-23 11:15:00,17070.05,88.24,71.98857142857142,Waiting
2021-12-23 12:15:00,17085.9,88.36,73.60928571428572,Waiting
2021-12-23 13:15:00,17049.75,76.57,73.49714285714286,Waiting
2021-12-23 14:15:00,17087.5,77.81,73.61214285714286,Waiting
2021-12-23 15:15:00,17046.95,72.87,73.78142857142858,Waiting
2021-12-23 16:15:00,17051.8,72.51,73.91571428571429,Waiting
2021-12-24 08:15:00,17149.5,78.57,74.39642857142857,Waiting
2021-12-24 09:15:00,16944.7,54.92,73.9057142857143,Waiting
2021-12-24 10:15:00,16968.1,51.61,72.99071428571429,Waiting
2021-12-24 11:15:00,16988.2,51.67,72.38857142857142,Waiting
2021-12-24 12:15:00,16943.5,48.3,71.89071428571428,Waiting
2021-12-24 13:15:00,17041.3,48.12,70.30285714285715,Waiting
2021-12-24 14:15:00,17002.7,46.12,67.35428571428572,Waiting
2021-12-24 15:15:00,17009.0,47.72,64.52785714285714,Waiting
2021-12-24 16:15:00,16998.05,44.7,61.417857142857144,Waiting
2021-12-27 08:15:00,16937.75,39.77,57.94714285714286,Waiting
2021-12-27 09:15:00,16963.65,43.97,55.61857142857143,Waiting
2021-12-27 10:15:00,17011.65,44.76,53.25785714285714,Waiting
2021-12-27 11:15:00,17020.9,48.12,51.49,Waiting
2021-12-27 12:15:00,17040.45,49.2,49.825,Waiting
2021-12-27 13:15:00,17079.95,44.64,47.401428571428575,Waiting
2021-12-27 14:15:00,17087.45,65.8,48.17857142857143,Waiting
2021-12-27 15:15:00,17088.8,64.04,49.06642857142857,Waiting
2021-12-27 16:15:00,17101.95,63.45,49.90785714285715,Waiting
2021-12-28 08:15:00,17177.6,75.79,51.87142857142857,Waiting
2021-12-28 09:15:00,17208.0,71.57,53.54642857142857,Waiting
2021-12-28 10:15:00,17207.15,79.32,55.91785714285714,Waiting
2021-12-28 11:15:00,17238.5,80.71,58.27428571428572,Waiting
2021-12-28 12:15:00,17212.3,77.54,60.62,Waiting
2021-12-28 13:15:00,17234.45,92.29,64.37142857142858,Waiting
2021-12-28 14:15:00,17239.1,91.79,67.78714285714285,Waiting
2021-12-28 15:15:00,17239.35,90.4,71.04714285714286,Waiting
2021-12-28 16:15:00,17233.35,88.13,73.905,Waiting
2021-12-29 08:15:00,17220.1,82.99,76.31857142857143,Waiting
2021-12-29 09:15:00,17252.65,82.55,79.02642857142857,Waiting
2021-12-29 10:15:00,17221.7,73.25,79.55857142857143,Waiting
2021-12-29 11:15:00,17210.25,70.32,80.00714285714287,Waiting
2021-12-29 12:15:00,17230.1,70.97,80.5442857142857,Waiting
2021-12-29 13:15:00,17244.85,63.74,79.68357142857143,Waiting
2021-12-29 14:15:00,17217.9,52.05,78.28928571428573,Waiting
2021-12-29 15:15:00,17186.3,46.17,75.92142857142858,Waiting
2021-12-29 16:15:00,17188.2,39.63,72.98714285714286,Waiting
2021-12-30 08:15:00,17201.45,47.64,70.85142857142857,Waiting
2021-12-30 09:15:00,17247.6,52.59,68.01571428571428,Waiting
2021-12-30 10:15:00,17230.65,48.41,64.91714285714286,Waiting
2021-12-30 11:15:00,17232.55,48.73,61.94071428571429,Waiting
2021-12-30 12:15:00,17251.5,53.24,59.44857142857143,Waiting
2021-12-30 13:15:00,17222.65,50.43,57.12285714285714,Waiting
2021-12-30 14:15:00,17211.0,42.43,54.25714285714285,Waiting
2021-12-30 15:15:00,17211.0,47.81,52.44,Waiting
2021-12-30 16:15:00,17230.25,53.97,51.27214285714286,Waiting
2021-12-31 08:15:00,17244.5,52.92,49.98285714285714,Waiting
2021-12-31 09:15:00,17350.15,65.61,50.11642857142857,Waiting
2021-12-31 10:15:00,17351.2,71.4,51.49857142857143,Waiting
2021-12-31 11:15:00,17359.15,80.03,53.91714285714285,Waiting
2021-12-31 12:15:00,17396.85,82.24,56.96071428571428,Waiting
2021-12-31 13:15:00,17354.3,71.66,58.67642857142857,Waiting
2021-12-31 14:15:00,17351.4,66.76,59.688571428571436,Waiting
2021-12-31 15:15:00,17357.9,71.27,61.32142857142857,Waiting
2021-12-31 16:15:00,17364.25,71.69,62.96142857142856,Waiting
2022-01-03 08:15:00,17387.15,72.05,64.305,Waiting
2022-01-03 09:15:00,17499.45,85.4,66.80285714285715,Waiting
2022-01-03 10:15:00,17528.35,88.87,70.12,Waiting
2022-01-03 11:15:00,17523.7,87.87,72.98142857142857,Waiting
2022-01-03 12:15:00,17575.85,88.76,75.46642857142857,Waiting
2022-01-03 13:15:00,17611.5,89.28,78.06357142857144,Waiting
2022-01-03 14:15:00,17638.5,87.11,79.59928571428573,Waiting
2022-01-04 14:15:00,17798.2,90.84,80.98785714285714,Waiting
2022-01-04 15:15:00,17820.05,91.07,81.77642857142858,Waiting
2022-01-04 16:15:00,17806.85,88.2,82.20214285714285,Waiting
2022-01-05 08:15:00,17820.1,95.91,83.9342857142857,Waiting
2022-01-05 09:15:00,17845.7,96.63,86.06785714285715,Waiting
2022-01-05 10:15:00,17798.35,88.58,87.30428571428571,Waiting
2022-01-05 11:15:00,17863.05,89.64,88.58642857142857,Waiting
2022-01-05 12:15:00,17925.5,90.25,89.88642857142857,Waiting
2022-01-05 13:15:00,17912.05,86.2,89.94357142857143,Waiting
2022-01-05 14:15:00,17935.4,86.06,89.74285714285715,Waiting
2022-01-05 15:15:00,17911.5,83.22,89.41071428571429,Waiting
2022-01-05 16:15:00,17909.5,81.27,88.87571428571427,Waiting
2022-01-06 08:15:00,17768.5,62.29,86.94785714285715,Waiting
2022-01-06 09:15:00,17723.5,56.47,84.75928571428572,Waiting
2022-01-06 10:15:00,17679.6,39.04,81.05928571428572,Waiting
2022-01-06 11:15:00,17677.85,36.35,77.15071428571427,Waiting
2022-01-06 12:15:00,17711.85,41.23,73.79571428571428,Waiting
2022-01-06 13:15:00,17728.2,41.57,69.91428571428573,Waiting
2022-01-06 14:15:00,17739.85,40.03,65.87142857142858,Waiting
2022-01-06 15:15:00,17744.85,44.52,62.72428571428571,Waiting
2022-01-06 16:15:00,17748.35,36.58,58.934285714285714,Waiting
2022-01-07 08:15:00,17797.6,34.56,54.95642857142857,Waiting
2022-01-07 09:15:00,17885.1,47.24,52.17357142857143,Waiting
2022-01-07 10:15:00,17825.05,39.49,48.847142857142856,Waiting
2022-01-07 11:15:00,17794.6,39.0,45.68857142857143,Waiting
2022-01-07 12:15:00,17765.85,37.13,42.535714285714285,Waiting
2022-01-07 13:15:00,17749.55,47.81,41.501428571428576,Waiting
2022-01-07 14:15:00,17810.2,59.65,41.728571428571435,Waiting
2022-01-07 15:15:00,17826.7,67.44,43.75714285714286,Waiting
2022-01-07 16:15:00,17818.2,66.38,45.902142857142856,Waiting
2022-01-10 08:15:00,17913.3,70.58,47.99857142857143,Waiting
2022-01-10 09:15:00,17967.6,72.69,50.22142857142857,Waiting
2022-01-10 10:15:00,17961.8,71.27,52.452857142857134,Waiting
2022-01-10 11:15:00,17938.95,67.99,54.12928571428571,Waiting
2022-01-10 12:15:00,17963.35,69.18,56.457857142857144,Waiting
2022-01-10 13:15:00,17964.5,66.29,58.72428571428571,Waiting
2022-01-10 14:15:00,18004.7,62.86,59.839999999999996,Waiting
2022-01-10 15:15:00,18006.9,72.33,62.18571428571429,Waiting
2022-01-10 16:15:00,18005.45,77.88,64.96285714285715,Waiting
2022-01-11 08:15:00,17997.75,82.47,68.20142857142856,Waiting
2022-01-11 09:15:00,17991.95,84.97,70.85571428571428,Waiting
2022-01-11 10:15:00,18035.6,84.19,72.60857142857142,Waiting
2022-01-11 11:15:00,18028.55,81.52,73.61428571428571,Waiting
2022-01-11 12:15:00,18064.15,85.41,74.97357142857143,Waiting
2022-01-11 13:15:00,18065.55,80.02,75.64785714285713,Waiting
2022-01-11 14:15:00,18058.45,72.01,75.59928571428573,Waiting
2022-01-11 15:15:00,18062.1,74.56,75.83428571428571,Waiting
2022-01-11 16:15:00,18059.15,82.61,76.87857142857142,Waiting
2022-01-12 08:15:00,18170.4,88.18,78.23571428571428,Waiting
2022-01-12 09:15:00,18155.1,83.4,79.45785714285715,Waiting
2022-01-12 10:15:00,18196.6,83.48,80.93071428571429,Waiting
2022-01-12 11:15:00,18194.05,82.61,81.66499999999999,Waiting
2022-01-12 12:15:00,18185.3,80.56,81.85642857142857,Waiting
2022-01-12 13:15:00,18170.4,78.64,81.58285714285715,Waiting
2022-01-12 14:15:00,18215.1,82.78,81.42642857142857,Waiting
2022-01-12 15:15:00,18205.5,77.73,80.965,Waiting
2022-01-12 16:15:00,18194.45,76.73,80.62285714285714,Waiting
2022-01-13 08:15:00,18257.0,78.59,80.13571428571427,Waiting
2022-01-13 09:15:00,18197.0,66.6,79.17714285714285,Waiting
2022-01-13 10:15:00,18215.95,69.32,78.985,Waiting
2022-01-13 11:15:00,18250.1,71.45,78.76285714285714,Waiting
2022-01-13 12:15:00,18214.55,66.5,77.61214285714286,Waiting
2022-01-13 13:15:00,18216.85,56.42,75.34357142857142,Waiting
2022-01-13 14:15:00,18269.15,64.3,73.97928571428572,Waiting
2022-01-13 15:15:00,18263.7,59.25,72.24857142857142,Waiting
2022-01-13 16:15:00,18256.6,58.51,70.52714285714286,Waiting
2022-01-14 08:15:00,18185.0,49.97,68.34214285714286,Waiting
2022-01-14 09:15:00,18202.55,53.71,66.56142857142858,Waiting
2022-01-14 10:15:00,18185.95,46.4,63.962857142857146,Waiting
2022-01-14 11:15:00,18195.9,48.82,61.89785714285714,Waiting
2022-01-14 12:15:00,18218.45,52.88,60.19428571428572,Waiting
2022-01-14 13:15:00,18227.15,45.89,57.85857142857143,Waiting
2022-01-14 14:15:00,18255.0,58.77,57.299285714285716,Waiting
2022-01-14 15:15:00,18242.4,54.08,56.21071428571429,Waiting
2022-01-14 16:15:00,18234.8,47.43,54.495,Waiting
2022-01-17 08:15:00,18235.65,54.01,53.60285714285715,Waiting
2022-01-17 09:15:00,18288.5,61.43,53.96071428571428,Waiting
2022-01-17 10:15:00,18299.95,55.65,53.34285714285715,Waiting
2022-01-17 11:15:00,18295.5,55.85,53.1,Waiting
2022-01-17 12:15:00,18295.75,57.39,53.02,Waiting
2022-01-17 13:15:00,18298.35,78.94,55.089285714285715,Waiting
2022-01-17 14:15:00,18304.15,77.59,56.795,Waiting
2022-01-17 15:15:00,18309.6,85.75,59.605714285714285,Waiting
2022-01-17 16:15:00,18308.85,84.49,62.15357142857143,Waiting
2022-01-18 08:15:00,18337.2,85.02,64.44928571428571,Waiting
2022-01-18 09:15:00,18236.1,51.71,64.865,Waiting
2022-01-18 10:15:00,18235.7,45.88,63.94428571428572,Waiting
2022-01-18 11:15:00,18255.8,52.77,63.85071428571429,Waiting
2022-01-18 12:15:00,18310.25,63.06,64.96714285714286,Waiting
2022-01-18 13:15:00,18280.75,57.1,65.18785714285714,Waiting
2022-01-18 14:15:00,18096.55,28.62,62.84428571428572,Waiting
2022-01-18 15:15:00,18127.85,31.64,61.12928571428571,
2022-01-18 16:15:00,18114.6,31.06,59.35857142857144,
2022-01-19 08:15:00,18129.2,33.07,57.62142857142857,
2022-01-19 09:15:00,18038.7,27.61,53.955,Buy
2022-01-19 10:15:00,17976.15,24.23,50.14357142857143,Hold
2022-01-19 11:15:00,17959.5,22.97,45.659285714285716,Hold
2022-01-19 12:15:00,17926.8,21.89,41.18785714285714,Hold
2022-01-19 13:15:00,17926.75,18.49,36.43571428571428,Hold
2022-01-19 14:15:00,17945.25,24.43,34.48714285714286,Hold
2022-01-19 15:15:00,17941.95,24.31,32.94642857142857,Hold
2022-01-19 16:15:00,17943.1,21.71,30.727857142857143,Hold
2022-01-20 08:15:00,17921.0,12.6,27.12357142857143,Hold
2022-01-20 09:15:00,17843.5,11.53,23.868571428571425,Hold
2022-01-20 10:15:00,17809.8,15.69,22.945,Hold
2022-01-20 11:15:00,17787.95,8.39,21.284285714285716,Hold
2022-01-20 12:15:00,17769.8,8.29,19.657857142857143,Hold
2022-01-20 13:15:00,17705.7,4.25,17.599285714285717,Hold
2022-01-20 14:15:00,17764.3,18.16,16.924285714285713,Hold
2022-01-20 15:15:00,17772.3,22.92,16.830714285714286,Hold
2022-01-20 16:15:00,17777.85,25.13,16.985000000000003,Hold
2022-01-21 08:15:00,17613.7,18.48,16.74142857142857,Hold
2022-01-21 09:15:00,17630.3,21.12,16.929285714285715,Hold
2022-01-21 10:15:00,17611.1,17.49,16.43357142857143,Hold
2022-01-21 11:15:00,17650.7,23.53,16.377857142857145,Hold
2022-01-21 12:15:00,17699.05,29.58,16.94,Hold
2022-01-21 13:15:00,17598.85,26.16,17.908571428571427,Hold
2022-01-21 14:15:00,17615.05,31.4,19.32785714285714,Hold
2022-01-21 15:15:00,17646.35,36.64,20.824285714285715,Hold
2022-01-21 16:15:00,17647.25,38.09,22.945714285714285,Hold
2022-01-24 14:15:00,17179.6,21.64,23.899285714285718,Hold
2022-01-24 15:15:00,17143.05,22.22,25.18285714285714,Hold
2022-01-24 16:15:00,17113.55,16.93,25.095,Hold
2022-01-25 08:15:00,17001.55,14.57,24.49857142857143,Hold
2022-01-25 09:15:00,17071.95,19.38,24.087857142857143,Hold
2022-01-25 10:15:00,17077.35,23.02,24.412142857142857,Hold
2022-01-25 11:15:00,17080.45,21.96,24.47214285714286,Hold
2022-01-25 12:15:00,17129.6,26.17,25.092142857142854,Hold
2022-01-25 13:15:00,17205.35,28.72,25.462857142857143,Hold
2022-01-25 14:15:00,17286.85,30.91,25.55785714285714,Hold
2022-01-25 15:15:00,17274.65,33.65,26.092857142857145,Hold
2022-01-25 16:15:00,17267.4,32.31,26.157857142857146,Hold
2022-01-27 08:15:00,17062.0,24.74,25.30785714285714,Hold
2022-01-27 09:15:00,17019.2,23.8,24.28714285714286,Hold
2022-01-27 10:15:00,16972.1,36.67,25.360714285714284,Hold
2022-01-27 11:15:00,16882.8,34.34,26.226428571428574,Hold
2022-01-27 12:15:00,17007.45,44.27,28.179285714285715,Hold
2022-01-27 13:15:00,17061.1,53.43,30.955000000000002,Hold
2022-01-27 14:15:00,17124.05,53.03,33.35857142857143,Hold
2022-01-27 15:15:00,17122.8,52.65,35.475,Hold
2022-01-27 16:15:00,17152.65,54.09,37.769999999999996,Hold
2022-01-28 08:15:00,17208.3,54.42,39.78785714285715,Hold
2022-01-28 09:15:00,17336.95,56.98,41.80642857142857,Hold
2022-01-28 10:15:00,17321.3,51.97,43.31071428571429,Hold
2022-01-28 11:15:00,17352.6,54.35,44.78928571428572,Hold
2022-01-28 12:15:00,17338.6,53.95,46.335,Hold
2022-01-28 13:15:00,17166.6,56.02,48.56928571428572,Hold
2022-01-28 14:15:00,17089.2,53.87,50.71714285714286,Hold
2022-01-28 15:15:00,17104.4,57.59,52.21142857142858,Hold
2022-01-28 16:15:00,17104.65,64.18,54.34285714285715,Hold
2022-01-31 08:15:00,17301.05,67.19,55.980000000000004,Hold
2022-01-31 09:15:00,17337.15,66.5,56.91357142857142,Hold
2022-01-31 10:15:00,17339.45,63.88,57.688571428571436,Hold
2022-01-31 11:15:00,17386.9,66.06,58.646428571428565,Hold
2022-01-31 12:15:00,17391.1,64.97,59.423571428571435,Hold
2022-01-31 13:15:00,17379.3,61.36,59.919285714285714,Hold
2022-01-31 14:15:00,17339.25,50.17,59.432857142857145,Hold
2022-01-31 15:15:00,17314.45,49.49,59.25571428571429,Hold
2022-01-31 16:15:00,17339.0,48.98,58.87214285714286,Hold
2022-02-01 08:15:00,17529.45,61.32,59.39857142857142,Hold
2022-02-01 09:15:00,17578.1,78.59,61.010714285714286,Sell
2022-02-01 10:15:00,17567.15,86.59,63.347857142857144,Waiting
2022-02-01 11:15:00,17585.25,86.65,65.42357142857142,Waiting
2022-02-01 12:15:00,17278.0,59.0,65.05357142857143,Waiting
2022-02-01 13:15:00,17540.6,61.64,64.65714285714286,Waiting
2022-02-01 14:15:00,17562.3,61.09,64.27071428571429,Waiting
2022-02-01 15:15:00,17594.8,62.22,64.15214285714286,Waiting
2022-02-01 16:15:00,17604.1,60.79,63.77571428571429,Waiting
2022-02-02 08:15:00,17706.2,64.26,63.725,Waiting
2022-02-02 09:15:00,17723.45,65.5,64.02071428571428,Waiting
2022-02-02 10:15:00,17725.2,68.0,65.29428571428572,Waiting
2022-02-02 11:15:00,17746.6,70.22,66.775,Waiting
2022-02-02 12:15:00,17746.05,69.48,68.23928571428571,Waiting
2022-02-02 13:15:00,17774.45,63.88,68.42214285714286,Waiting
2022-02-02 14:15:00,17778.35,61.95,67.23357142857142,Waiting
2022-02-02 15:15:00,17787.1,63.16,65.56,Waiting
2022-02-02 16:15:00,17791.6,62.55,63.83857142857143,Waiting
2022-02-03 08:15:00,17767.75,95.47,66.44357142857143,Waiting
2022-02-03 09:15:00,17709.35,75.24,67.415,Waiting
2022-02-03 10:15:00,17703.55,72.18,68.20714285714286,Waiting
2022-02-03 11:15:00,17632.15,55.23,67.70785714285714,Waiting
2022-02-03 12:15:00,17666.95,58.21,67.52357142857143,Waiting
2022-02-03 13:15:00,17629.7,37.97,65.64571428571428,Waiting
2022-02-03 14:15:00,17569.65,28.69,63.01642857142857,Waiting
2022-02-03 15:15:00,17529.5,25.49,59.980000000000004,Buy
2022-02-03 16:15:00,17520.25,20.76,56.44714285714286,Hold
2022-02-04 08:15:00,17590.2,32.93,53.83642857142856,Hold
2022-02-04 09:15:00,17545.95,25.81,51.11714285714286,Hold
2022-02-04 10:15:00,17568.15,28.58,48.73357142857143,Hold
2022-02-04 11:15:00,17517.75,24.7,45.98642857142857,Hold
2022-02-04 12:15:00,17479.2,22.42,43.12,Hold
2022-02-04 13:15:00,17545.3,31.72,38.56642857142857,Hold
2022-02-04 14:15:00,17529.85,34.13,35.63,Hold
2022-02-04 15:15:00,17501.95,32.85,32.82071428571429,Hold
2022-02-04 16:15:00,17501.25,37.34,31.542857142857144,Hold
2022-02-07 08:15:00,17456.3,30.02,29.529285714285717,Hold
2022-02-07 09:15:00,17414.8,29.78,28.944285714285712,Hold
2022-02-07 10:15:00,17338.7,28.91,28.96,Hold
2022-02-07 11:15:00,17272.3,27.58,29.10928571428571,Hold
2022-02-07 12:15:00,17260.5,27.46,29.587857142857143,Hold
2022-02-07 13:15:00,17178.7,15.01,28.30785714285714,Hold
2022-02-07 14:15:00,17220.1,22.16,28.047142857142855,Hold
2022-02-07 15:15:00,17212.95,18.85,27.35214285714286,Hold
2022-02-07 16:15:00,17213.95,20.83,27.075714285714287,Hold
2022-02-08 08:15:00,17279.85,31.82,27.747142857142855,Hold
2022-02-08 09:15:00,17194.4,19.08,26.844285714285718,Hold
2022-02-08 10:15:00,17085.7,16.39,25.57714285714286,Hold
2022-02-08 11:15:00,17180.65,27.93,25.225714285714286,Hold
2022-02-08 12:15:00,17137.35,26.38,24.442857142857143,Hold
2022-02-08 13:15:00,17162.9,30.47,24.474999999999998,Hold
2022-02-08 14:15:00,17280.0,41.85,25.337142857142858,Hold
2022-02-08 15:15:00,17251.85,44.42,26.445,Hold
2022-02-08 16:15:00,17239.2,47.72,27.88357142857143,Hold
2022-02-09 08:15:00,17370.1,56.49,29.957142857142856,Hold
2022-02-09 09:15:00,17417.9,64.77,33.51142857142857,Hold
2022-02-09 10:15:00,17393.55,60.94,36.28142857142858,Hold
2022-02-09 11:15:00,17410.95,62.33,39.387142857142855,Hold
2022-02-09 12:15:00,17382.45,60.14,42.195,Hold
2022-02-09 13:15:00,17438.5,59.66,44.18357142857143,Hold
2022-02-09 14:15:00,17463.35,67.69,47.65571428571428,Hold
2022-02-09 15:15:00,17468.05,79.13,52.137142857142855,Sell
2022-02-09 16:15:00,17471.6,75.75,55.55285714285714,Waiting
2022-02-10 08:15:00,17554.1,84.5,59.70428571428572,Waiting
2022-02-10 09:15:00,17510.85,77.98,63.097857142857144,Waiting
2022-02-10 10:15:00,17584.1,76.31,65.55928571428572,Waiting
2022-02-10 11:15:00,17595.05,80.6,68.14357142857143,Waiting
2022-02-10 12:15:00,17602.35,82.7,70.64214285714286,Waiting
2022-02-10 13:15:00,17625.6,78.53,72.21642857142857,Waiting
2022-02-10 14:15:00,17599.55,71.32,72.68428571428572,Waiting
2022-02-10 15:15:00,17590.75,74.03,73.61928571428572,Waiting
2022-02-10 16:15:00,17587.45,72.27,74.32928571428572,Waiting
2022-02-11 08:15:00,17451.0,56.8,74.09071428571428,Waiting
2022-02-11 09:15:00,17329.3,40.42,72.71642857142857,Waiting
2022-02-11 10:15:00,17323.85,37.33,70.54785714285715,Waiting
2022-02-11 11:15:00,17355.3,40.23,67.76928571428572,Waiting
2022-02-11 12:15:00,17408.55,44.97,65.57071428571429,Waiting
2022-02-11 13:15:00,17379.35,34.77,62.01857142857143,Waiting
2022-02-11 14:15:00,17386.35,38.42,59.19285714285714,Waiting
2022-02-11 15:15:00,17359.05,27.1,55.677857142857135,Waiting
2022-02-11 16:15:00,17345.55,24.75,51.68857142857143,Buy
2022-02-14 14:15:00,16837.55,11.56,46.607142857142854,Hold
2022-02-14 15:15:00,16823.5,9.3,41.662142857142854,Hold
2022-02-14 16:15:00,16819.7,9.52,37.247857142857136,Hold
2022-02-15 08:15:00,16933.25,19.22,33.332857142857144,Hold
2022-02-15 09:15:00,16872.0,18.23,29.472857142857144,Hold
2022-02-15 10:15:00,16942.2,25.99,27.272142857142857,Hold
2022-02-15 11:15:00,17070.85,37.88,27.090714285714284,Hold
2022-02-15 12:15:00,17100.35,39.75,27.263571428571428,Hold
2022-02-15 13:15:00,17284.95,47.17,27.759285714285713,Hold
2022-02-15 14:15:00,17351.6,47.74,27.95714285714286,Hold
2022-02-15 15:15:00,17361.15,49.26,28.992142857142856,Hold
2022-02-15 16:15:00,17355.0,48.73,29.72857142857143,Hold
2022-02-16 08:15:00,17408.45,51.96,31.504285714285714,Hold
2022-02-16 09:15:00,17332.35,49.5,33.27214285714286,Hold
2022-02-16 10:15:00,17288.1,76.14,37.885,Sell
2022-02-16 11:15:00,17335.2,78.59,42.83428571428572,Waiting
2022-02-16 12:15:00,17415.55,80.67,47.916428571428575,Waiting
2022-02-16 13:15:00,17458.45,79.16,52.19785714285714,Waiting
2022-02-16 14:15:00,17329.15,73.59,56.152142857142856,Waiting
2022-02-16 15:15:00,17294.75,68.89,59.21642857142857,Waiting
2022-02-16 16:15:00,17293.7,63.84,61.07071428571429,Waiting
2022-02-17 08:15:00,17396.55,66.85,63.00642857142857,Waiting
2022-02-17 09:15:00,17313.55,51.84,63.339999999999996,Waiting
2022-02-17 10:15:00,17363.95,50.81,63.559285714285714,Waiting
2022-02-17 11:15:00,17383.6,51.46,63.71642857142858,Waiting
2022-02-17 12:15:00,17382.6,51.8,63.93571428571429,Waiting
2022-02-17 13:15:00,17329.85,44.86,63.42857142857143,Waiting
2022-02-17 14:15:00,17284.15,46.72,63.230000000000004,Waiting
2022-02-17 15:15:00,17284.45,49.74,61.34428571428572,Waiting
2022-02-17 16:15:00,17276.4,45.49,58.980000000000004,Waiting
2022-02-18 08:15:00,17236.05,35.33,55.74142857142857,Waiting
2022-02-18 09:15:00,17298.05,37.29,52.75071428571429,Waiting
2022-02-18 10:15:00,17323.4,49.45,51.026428571428575,Waiting
2022-02-18 11:15:00,17343.45,54.75,50.01642857142857,Waiting
2022-02-18 12:15:00,17360.85,56.35,49.48142857142857,Waiting
2022-02-18 13:15:00,17307.5,40.71,47.614285714285714,Waiting
2022-02-18 14:15:00,17279.1,45.94,47.192857142857136,Waiting
2022-02-18 15:15:00,17267.9,37.54,46.245,Waiting
2022-02-18 16:15:00,17268.75,34.34,45.02214285714285,Waiting
2022-02-21 08:15:00,17192.25,28.48,43.35642857142857,Waiting
2022-02-21 09:15:00,17127.25,27.71,42.13142857142857,Buy
2022-02-21 10:15:00,17225.15,44.18,41.949999999999996,Hold
2022-02-21 11:15:00,17301.25,51.44,42.07142857142857,Hold
2022-02-21 12:15:00,17345.1,55.56,42.79071428571428,Hold
2022-02-21 13:15:00,17233.85,49.84,43.82714285714286,Hold
2022-02-21 14:15:00,17195.9,42.32,44.186428571428564,Hold
2022-02-21 15:15:00,17213.75,41.66,43.63,Hold
2022-02-21 16:15:00,17204.3,39.25,42.52285714285715,Hold
2022-02-22 08:15:00,16847.95,23.99,40.21142857142858,Hold
2022-02-22 09:15:00,16923.35,30.95,39.51428571428571,Hold
2022-02-22 10:15:00,16984.55,35.85,38.79357142857143,Hold
2022-02-22 11:15:00,16967.45,35.65,38.65857142857143,Hold
2022-02-22 12:15:00,16935.55,34.54,38.67285714285715,Hold
2022-02-22 13:15:00,17077.85,45.0,39.85285714285715,Hold
2022-02-22 14:15:00,17097.45,48.64,41.347857142857144,Hold
2022-02-22 15:15:00,17095.1,43.51,41.300000000000004,Hold
2022-02-22 16:15:00,17078.45,38.19,40.35357142857142,Hold
2022-02-23 08:15:00,17194.5,42.58,39.42642857142857,Hold
2022-02-23 09:15:00,17148.3,45.5,39.11642857142857,Hold
2022-02-23 10:15:00,17166.25,48.41,39.55142857142857,Hold
2022-02-23 11:15:00,17169.65,47.59,39.975,Hold
2022-02-23 12:15:00,17163.6,47.77,40.58357142857143,Hold
2022-02-23 13:15:00,17146.3,76.01,44.299285714285716,Sell
2022-02-23 14:15:00,17046.7,60.32,46.39714285714285,Waiting
2022-02-23 15:15:00,17051.35,56.17,47.84857142857144,Waiting
2022-02-23 16:15:00,17054.15,58.23,49.46142857142856,Waiting
2022-02-24 08:15:00,16548.9,30.67,49.185,Waiting
2022-02-24 09:15:00,16534.35,18.85,47.31714285714286,Waiting
2022-02-24 10:15:00,16579.1,21.12,45.35142857142858,Buy
2022-02-24 11:15:00,16578.2,21.16,43.755,Hold
2022-02-24 12:15:00,16534.0,20.53,42.49357142857143,Hold
2022-02-24 13:15:00,16444.2,8.2,40.03785714285715,Hold
2022-02-24 14:15:00,16273.15,7.19,37.30142857142857,Hold
2022-02-24 15:15:00,16215.6,5.24,34.21785714285714,Hold
2022-02-24 16:15:00,16217.75,5.12,31.184285714285714,Hold
2022-02-25 08:15:00,16515.65,26.05,29.632857142857144,Hold
2022-02-25 09:15:00,16638.05,32.56,26.529285714285717,Hold
2022-02-25 10:15:00,16700.8,37.83,24.922857142857143,Hold
2022-02-25 11:15:00,16654.4,36.43,23.512857142857143,Hold
2022-02-25 12:15:00,16672.55,37.09,22.002857142857145,Hold
2022-02-25 13:15:00,16672.05,56.33,23.835714285714285,Hold
2022-02-25 14:15:00,16655.9,56.24,26.506428571428575,Hold
2022-02-25 15:15:00,16649.9,53.78,28.839285714285715,Hold
2022-02-25 16:15:00,16669.65,54.79,31.24142857142857,Hold
2022-02-28 08:15:00,16481.6,47.62,33.17642857142857,Hold
2022-02-28 09:15:00,16450.8,50.32,36.185,Hold
2022-02-28 10:15:00,16591.85,65.78,40.370000000000005,Hold
2022-02-28 11:15:00,16673.6,72.15,45.14928571428572,Sell
2022-02-28 12:15:00,16718.3,73.25,50.01571428571429,Waiting
2022-02-28 13:15:00,16698.95,61.49,52.547142857142866,Waiting
2022-02-28 14:15:00,16798.25,60.34,54.53142857142858,Waiting
2022-02-28 15:15:00,16781.8,55.56,55.79785714285714,Waiting
2022-02-28 16:15:00,16787.65,59.69,57.45928571428572,Waiting
2022-03-02 08:15:00,16593.1,45.4,58.05285714285714,Waiting
2022-03-02 09:15:00,16591.65,45.35,57.268571428571434,Waiting
2022-03-02 10:15:00,16575.35,45.35,56.4907142857143,Waiting
2022-03-02 11:15:00,16511.65,42.51,55.68571428571429,Waiting
2022-03-02 12:15:00,16548.85,43.58,54.885,Waiting
2022-03-02 13:15:00,16526.6,52.9,55.262142857142855,Waiting
2022-03-02 14:15:00,16607.15,59.48,55.916428571428575,Waiting
2022-03-02 15:15:00,16631.75,52.82,54.99071428571428,Waiting
2022-03-02 16:15:00,16628.75,46.44,53.15428571428571,Waiting
2022-03-03 08:15:00,16723.2,50.36,51.519285714285715,Waiting
2022-03-03 09:15:00,16641.85,46.15,50.42357142857143,Waiting
2022-03-03 10:15:00,16650.7,38.66,48.875,Waiting
2022-03-03 11:15:00,16640.4,39.03,47.69428571428572,Waiting
2022-03-03 12:15:00,16521.5,32.43,45.747142857142855,Waiting
2022-03-03 13:15:00,16513.25,43.01,45.576428571428565,Waiting
2022-03-03 14:15:00,16526.2,44.38,45.50714285714285,Waiting
2022-03-03 15:15:00,16502.5,43.83,45.39857142857143,Waiting
2022-03-03 16:15:00,16508.75,49.73,45.91428571428571,Waiting
2022-03-04 08:15:00,16339.45,34.25,45.24785714285714,Waiting
2022-03-04 09:15:00,16219.15,29.85,43.60142857142858,Waiting
2022-03-04 10:15:00,16159.1,19.82,40.76857142857143,Buy
2022-03-04 11:15:00,16254.25,26.78,38.90857142857142,Hold
2022-03-04 12:15:00,16358.15,35.19,38.105000000000004,Hold
2022-03-04 13:15:00,16342.75,27.21,36.45142857142857,Hold
2022-03-04 14:15:00,16245.8,26.71,35.06285714285714,Hold
2022-03-04 15:15:00,16240.75,25.78,34.142857142857146,Hold
2022-03-04 16:15:00,16242.95,26.3,33.23357142857143,Hold
2022-03-07 14:15:00,15868.15,20.15,32.35642857142857,Hold
2022-03-07 15:15:00,15889.85,21.86,30.845714285714283,Hold
2022-03-07 16:15:00,15879.3,20.74,29.157142857142855,Hold
2022-03-08 08:15:00,15747.75,18.89,27.375714285714285,Hold
2022-03-08 09:15:00,15887.55,26.94,25.74785714285714,Hold
2022-03-08 10:15:00,15791.35,28.48,25.335714285714285,Hold
2022-03-08 11:15:00,15728.65,29.83,25.334285714285716,Hold
2022-03-08 12:15:00,15737.45,31.9,26.197142857142858,Hold
2022-03-08 13:15:00,15858.9,33.4,26.669999999999998,Hold
2022-03-08 14:15:00,16017.6,36.33,26.75142857142857,Hold
2022-03-08 15:15:00,16017.95,36.81,27.437142857142856,Hold
2022-03-08 16:15:00,16016.7,39.91,28.38,Hold
2022-03-09 08:15:00,16078.0,43.17,29.622142857142855,Hold
2022-03-09 09:15:00,16145.35,46.12,31.037857142857142,Hold
2022-03-09 10:15:00,16132.25,64.76,34.22428571428571,Hold
2022-03-09 11:15:00,16181.3,65.8,37.362857142857145,Hold
2022-03-09 12:15:00,16317.85,70.92,40.94714285714286,Sell
2022-03-09 13:15:00,16339.85,81.54,45.42214285714285,Waiting
2022-03-09 14:15:00,16349.65,78.57,49.11,Waiting
2022-03-09 15:15:00,16348.65,89.06,53.43714285714286,Waiting
2022-03-09 16:15:00,16370.05,97.72,58.28642857142857,Waiting
2022-03-10 08:15:00,16757.1,98.54,63.04642857142858,Waiting
2022-03-10 09:15:00,16716.9,94.27,67.39428571428572,Waiting
2022-03-10 10:15:00,16739.55,93.33,71.46571428571428,Waiting
2022-03-10 11:15:00,16694.2,88.51,75.15857142857143,Waiting
2022-03-10 12:15:00,16632.1,82.77,78.22,Waiting
2022-03-10 13:15:00,16524.55,72.66,80.32642857142856,Waiting
2022-03-10 14:15:00,16615.85,73.31,82.26857142857143,Waiting
2022-03-10 15:15:00,16587.95,72.25,82.80357142857143,Waiting
2022-03-10 16:15:00,16566.3,69.32,83.05499999999999,Waiting
2022-03-11 08:15:00,16528.8,61.75,82.39999999999999,Waiting
2022-03-11 09:15:00,16640.9,65.24,81.23571428571428,Waiting
2022-03-11 10:15:00,16606.85,62.71,80.10285714285715,Waiting
2022-03-11 11:15:00,16640.0,63.95,78.3092857142857,Waiting
2022-03-11 12:15:00,16586.75,60.07,75.62,Waiting
2022-03-11 13:15:00,16614.5,40.05,71.44214285714285,Waiting
2022-03-11 14:15:00,16628.3,43.58,67.82142857142857,Waiting
2022-03-11 15:15:00,16624.5,41.43,64.11428571428571,Waiting
2022-03-11 16:15:00,16621.85,44.24,60.95214285714286,Waiting
2022-03-14 08:15:00,16633.7,50.14,58.62142857142857,Waiting
2022-03-14 09:15:00,16679.0,64.96,58.07142857142857,Waiting
2022-03-14 10:15:00,16721.75,61.33,57.215714285714284,Waiting
2022-03-14 11:15:00,16730.6,65.9,56.76214285714286,Waiting
2022-03-14 12:15:00,16781.65,72.53,56.99142857142857,Waiting
2022-03-14 13:15:00,16811.15,80.05,58.29857142857143,Waiting
2022-03-14 14:15:00,16873.35,77.68,59.18714285714286,Waiting
2022-03-14 15:15:00,16865.3,82.8,60.62214285714286,Waiting
2022-03-14 16:15:00,16886.4,82.26,61.93,Waiting
2022-03-15 08:15:00,16900.65,95.77,64.48,Waiting
2022-03-15 09:15:00,16861.2,84.79,67.67571428571429,Waiting
2022-03-15 10:15:00,16852.85,82.16,70.43142857142858,Waiting
2022-03-15 11:15:00,16878.3,84.22,73.48785714285714,Waiting
2022-03-15 12:15:00,16736.55,61.25,74.70285714285714,Waiting
2022-03-15 13:15:00,16642.8,50.77,74.74785714285714,Waiting
2022-03-15 14:15:00,16668.1,49.05,73.61142857142856,Waiting
2022-03-15 15:15:00,16653.15,43.69,72.35142857142857,Waiting
2022-03-15 16:15:00,16646.2,42.22,70.66,Waiting
2022-03-16 08:15:00,16876.65,56.58,69.52071428571428,Waiting
2022-03-16 09:15:00,16855.1,53.08,67.59428571428572,Waiting
2022-03-16 10:15:00,16880.2,50.51,65.65357142857142,Waiting
2022-03-16 11:15:00,16913.7,53.45,63.55714285714286,Waiting
2022-03-16 12:15:00,16862.65,48.38,61.137142857142855,Waiting
2022-03-16 13:15:00,16878.7,48.5,57.760714285714286,Waiting
2022-03-16 14:15:00,16978.7,57.4,55.80428571428571,Waiting
2022-03-16 15:15:00,16972.8,57.57,54.04785714285714,Waiting
2022-03-16 16:15:00,16966.35,55.7,52.010714285714286,Waiting
2022-03-17 08:15:00,17202.9,76.88,53.12714285714286,Waiting
2022-03-17 09:15:00,17265.95,87.23,55.73142857142857,Waiting
2022-03-17 10:15:00,17262.75,86.49,58.40571428571429,Waiting
2022-03-17 11:15:00,17287.95,88.47,61.60428571428571,Waiting
2022-03-17 12:15:00,17302.8,89.42,64.97571428571429,Waiting
2022-03-17 13:15:00,17312.55,85.6,67.04857142857142,Waiting
2022-03-17 14:15:00,17273.05,83.16,69.19714285714285,Waiting
2022-03-17 15:15:00,17299.45,83.2,71.53214285714286,Waiting
2022-03-17 16:15:00,17299.4,82.25,73.58928571428571,Waiting
2022-03-21 08:15:00,17329.5,90.45,76.5942857142857,Waiting
2022-03-21 09:15:00,17232.75,76.91,78.62357142857142,Waiting
2022-03-21 10:15:00,17252.7,73.71,79.78857142857143,Waiting
2022-03-21 11:15:00,17222.8,70.77,80.73142857142857,Waiting
2022-03-21 12:15:00,17134.9,62.34,81.20571428571428,Waiting
2022-03-21 13:15:00,17170.9,46.68,79.04857142857144,Waiting
2022-03-21 14:15:00,17124.2,34.8,75.30357142857143,Waiting
2022-03-21 15:15:00,17126.25,35.33,71.64928571428571,Waiting
2022-03-21 16:15:00,17112.85,30.69,67.52214285714287,Waiting
2022-03-22 08:15:00,17120.4,29.55,63.24571428571428,Waiting
2022-03-22 09:15:00,17035.0,23.4,58.80285714285714,Buy
2022-03-22 10:15:00,17061.55,29.21,54.949285714285715,Hold
2022-03-22 11:15:00,17030.85,23.82,50.707857142857144,Hold
2022-03-22 12:15:00,17231.0,45.2,48.06142857142857,Hold
2022-03-22 13:15:00,17293.35,47.57,44.99857142857143,Hold
2022-03-22 14:15:00,17316.8,56.25,43.52285714285715,Hold
2022-03-22 15:15:00,17326.6,55.58,42.22785714285714,Hold
2022-03-22 16:15:00,17328.75,58.35,41.340714285714284,Hold
2022-03-23 08:15:00,17405.05,71.7,42.00928571428572,Sell
2022-03-23 09:15:00,17359.5,64.92,43.31214285714286,Waiting
2022-03-23 10:15:00,17324.3,66.12,45.549285714285716,Waiting
2022-03-23 11:15:00,17284.05,61.98,47.45285714285715,Waiting
2022-03-23 12:15:00,17259.6,60.95,49.614285714285714,Waiting
2022-03-23 13:15:00,17247.85,59.45,51.75,Waiting
2022-03-23 14:15:00,17254.55,68.44,54.96714285714286,Waiting
2022-03-23 15:15:00,17239.25,65.21,57.53857142857142,Waiting
2022-03-23 16:15:00,17223.6,66.94,60.618571428571435,Waiting
2022-03-24 08:15:00,17094.95,36.33,59.985,Waiting
2022-03-24 09:15:00,17254.9,46.77,59.92785714285714,Waiting
2022-03-24 10:15:00,17272.55,46.25,59.21357142857143,Waiting
2022-03-24 11:15:00,17187.75,39.55,58.06857142857143,Waiting
2022-03-24 12:15:00,17153.4,37.41,56.57285714285714,Waiting
2022-03-24 13:15:00,17225.1,37.0,54.09428571428571,Waiting
2022-03-24 14:15:00,17224.75,39.58,52.284285714285716,Waiting
2022-03-24 15:15:00,17210.0,40.87,50.480714285714285,Waiting
2022-03-24 16:15:00,17197.95,42.8,49.11071428571428,Waiting
2022-03-25 08:15:00,17289.0,52.21,48.48642857142857,Waiting
2022-03-25 09:15:00,17191.4,46.24,47.542857142857144,Waiting
2022-03-25 10:15:00,17184.4,45.33,45.89214285714286,Waiting
2022-03-25 11:15:00,17125.9,42.86,44.29571428571428,Waiting
2022-03-25 12:15:00,17144.6,45.04,42.73142857142857,Waiting
2022-03-25 13:15:00,17104.35,50.66,43.755,Waiting
2022-03-25 14:15:00,17134.8,39.63,43.245,Waiting
2022-03-25 15:15:00,17194.85,43.75,43.06642857142857,Waiting
2022-03-25 16:15:00,17179.45,49.25,43.75928571428572,Waiting
2022-03-28 13:15:00,17171.9,51.76,44.784285714285716,Waiting
2022-03-28 14:15:00,17221.25,49.62,45.68571428571429,Waiting
2022-03-28 15:15:00,17232.25,50.73,46.482142857142854,Waiting
2022-03-28 16:15:00,17215.15,50.5,47.17,Waiting
2022-04-01 08:15:00,17436.9,66.46,48.86,Waiting
2022-04-01 09:15:00,17526.85,66.41,49.87428571428571,Waiting
2022-04-01 10:15:00,17548.55,77.53,52.10928571428571,Waiting
2022-04-01 11:15:00,17524.85,75.58,54.27,Waiting
2022-04-01 12:15:00,17537.55,83.22,57.152857142857144,Waiting
2022-04-01 13:15:00,17583.55,83.92,59.93,Waiting
2022-04-01 14:15:00,17670.55,90.81,62.79785714285714,Waiting
2022-04-01 15:15:00,17695.5,90.74,66.44857142857143,Waiting
2022-04-01 16:15:00,17688.35,88.84,69.66928571428572,Waiting
2022-04-04 08:15:00,17809.1,92.51,72.75928571428571,Waiting
2022-04-04 09:15:00,18064.8,95.15,75.85857142857142,Waiting
2022-04-04 10:15:00,17975.05,86.62,78.50142857142858,Waiting
2022-04-04 11:15:00,17924.45,82.38,80.76214285714286,Waiting
2022-04-04 12:15:00,17975.2,84.47,83.18857142857142,Waiting
2022-04-04 13:15:00,17994.45,80.98,84.22571428571428,Waiting
2022-04-04 14:15:00,18059.2,80.43,85.22714285714287,Waiting
2022-04-04 15:15:00,18045.75,78.69,85.31000000000002,Waiting
2022-04-04 16:15:00,18036.9,80.06,85.63,Waiting
2022-04-05 08:15:00,18080.6,80.76,85.4542857142857,Waiting
2022-04-05 09:15:00,17996.85,72.45,84.635,Waiting
2022-04-05 10:15:00,18012.95,70.15,83.15928571428572,Waiting
2022-04-05 11:15:00,18023.35,69.63,81.65142857142857,Waiting
2022-04-05 12:15:00,18067.7,71.75,80.43071428571429,Waiting
2022-04-05 13:15:00,18013.05,62.65,78.29785714285715,Waiting
2022-04-05 14:15:00,17950.55,40.68,74.40714285714286,Waiting
2022-04-05 15:15:00,17944.45,47.11,71.58500000000001,Waiting
2022-04-05 16:15:00,17931.05,50.67,69.32000000000001,Waiting
2022-04-06 08:15:00,17842.75,37.49,65.96428571428571,Waiting
2022-04-06 09:15:00,17831.05,34.35,62.63357142857143,Waiting
2022-04-06 10:15:00,17827.1,24.84,58.66285714285715,Waiting
2022-04-06 11:15:00,17857.35,30.29,55.205714285714286,
2022-04-06 12:15:00,17840.2,29.78,51.614285714285714,Buy
2022-04-06 13:15:00,17798.35,20.87,47.33642857142856,Hold
2022-04-06 14:15:00,17811.1,27.54,44.12857142857143,Hold
2022-04-06 15:15:00,17813.25,25.01,40.90428571428572,Hold
2022-04-06 16:15:00,17798.0,22.13,37.51142857142857,Hold
2022-04-07 08:15:00,17723.3,10.39,33.128571428571426,Hold
2022-04-07 09:15:00,17725.05,12.28,29.530714285714286,Hold
2022-04-07 10:15:00,17693.4,13.36,27.579285714285714,Hold
2022-04-07 11:15:00,17761.8,27.9,26.207142857142856,Hold
2022-04-07 12:15:00,17749.15,27.95,24.584285714285716,Hold
2022-04-07 13:15:00,17645.45,26.95,23.831428571428575,Hold
2022-04-07 14:15:00,17631.15,26.78,23.290714285714284,Hold
2022-04-07 15:15:00,17646.55,29.57,23.62857142857143,Hold
2022-04-07 16:15:00,17656.45,26.17,23.334285714285716,Hold
2022-04-08 08:15:00,17698.15,34.08,23.64142857142857,Hold
2022-04-08 09:15:00,17678.8,35.89,24.714285714285715,Hold
2022-04-08 10:15:00,17634.6,30.61,24.93357142857143,Hold
2022-04-08 11:15:00,17709.2,40.14,26.014285714285716,Hold
2022-04-08 12:15:00,17728.8,43.5,27.54071428571429,Hold
2022-04-08 13:15:00,17833.0,59.77,31.067857142857143,Hold
2022-04-08 14:15:00,17767.35,53.38,34.003571428571426,Hold
2022-04-08 15:15:00,17788.6,57.74,37.17357142857143,Hold
2022-04-08 16:15:00,17800.65,53.48,39.00071428571429,Hold
2022-04-11 08:15:00,17740.9,49.32,40.527142857142856,Hold
2022-04-11 09:15:00,17708.35,55.88,42.59357142857143,Hold
2022-04-11 10:15:00,17685.6,55.01,44.61,Hold
2022-04-11 11:15:00,17727.05,57.07,46.574285714285715,Hold
2022-04-11 12:15:00,17740.8,57.36,48.80214285714285,Hold
2022-04-11 13:15:00,17739.5,53.88,50.21642857142857,Hold
2022-04-11 14:15:00,17682.45,50.32,51.24714285714286,Hold
2022-04-11 15:15:00,17673.5,53.64,52.89214285714286,Hold
2022-04-11 16:15:00,17681.15,47.0,53.38214285714286,Hold
2022-04-12 08:15:00,17584.85,36.79,52.902857142857144,Hold
2022-04-12 09:15:00,17495.5,18.15,49.93000000000001,Hold
2022-04-12 10:15:00,17504.25,22.18,47.70142857142857,Hold
2022-04-12 11:15:00,17526.75,22.39,45.17642857142857,Hold
2022-04-12 12:15:00,17470.85,18.17,42.65428571428572,Hold
2022-04-12 13:15:00,17547.85,31.97,41.415,Hold
2022-04-12 14:15:00,17528.85,32.8,39.76642857142857,Hold
2022-04-12 15:15:00,17526.05,34.1,38.27285714285714,Hold
2022-04-12 16:15:00,17523.25,28.0,36.19642857142857,Hold
2022-04-13 08:15:00,17599.9,36.61,34.714285714285715,Hold
2022-04-13 09:15:00,17553.0,33.69,33.27214285714286,Hold
2022-04-13 10:15:00,17544.4,36.81,32.30714285714286,Hold
2022-04-13 11:15:00,17484.9,33.56,30.872857142857146,Hold
2022-04-13 12:15:00,17509.05,35.42,30.045714285714286,Hold
2022-04-13 13:15:00,17511.35,42.59,30.46,Hold
2022-04-13 14:15:00,17469.85,47.14,32.53071428571429,Hold
2022-04-13 15:15:00,17476.35,46.87,34.294285714285714,Hold
2022-04-13 16:15:00,17465.8,42.98,35.765,Hold
2022-04-18 08:15:00,17183.45,28.25,36.485,Hold
2022-04-18 09:15:00,17152.95,17.85,35.47642857142857,Hold
2022-04-18 10:15:00,17154.9,18.68,34.46785714285714,Hold
2022-04-18 11:15:00,17142.1,18.38,33.345,Hold
2022-04-18 12:15:00,17099.2,17.24,32.57642857142857,Hold
2022-04-18 13:15:00,17142.6,12.75,30.872142857142855,Hold
2022-04-18 14:15:00,17179.3,19.05,29.826428571428572,Hold
2022-04-18 15:15:00,17187.95,20.48,28.66,Hold
2022-04-18 16:15:00,17185.8,22.63,27.879285714285714,Hold
2022-04-19 08:15:00,17258.95,29.0,27.420714285714286,Hold
2022-04-19 09:15:00,17193.8,25.88,26.22714285714286,Hold
2022-04-19 10:15:00,17194.1,27.66,24.835714285714285,Hold
2022-04-19 11:15:00,17238.5,31.84,23.76214285714286,Hold
2022-04-19 12:15:00,17181.8,29.75,22.81714285714286,Hold
2022-04-19 13:15:00,17245.8,56.46,24.832142857142856,Hold
2022-04-19 14:15:00,16962.25,37.04,26.202857142857145,Hold
2022-04-19 15:15:00,16878.3,33.09,27.232142857142858,Hold
2022-04-19 16:15:00,16868.9,33.23,28.292857142857144,Hold
2022-04-20 08:15:00,17045.25,47.15,30.429285714285715,Hold
2022-04-20 09:15:00,17113.35,48.5,32.98285714285714,Hold
2022-04-20 10:15:00,17119.3,46.81,34.965714285714284,Hold
2022-04-20 11:15:00,17101.55,45.46,36.75,Hold
2022-04-20 12:15:00,17136.85,47.51,38.527142857142856,Hold
2022-04-20 13:15:00,17098.15,41.53,39.42214285714285,Hold
2022-04-20 14:15:00,17126.4,46.31,40.88142857142857,Hold
2022-04-20 15:15:00,17149.5,47.62,42.307142857142864,Hold
2022-04-20 16:15:00,17149.3,45.0,43.24714285714286,Hold
2022-04-21 08:15:00,17234.6,52.87,44.89857142857142,Hold
2022-04-21 09:15:00,17262.45,50.94,44.50428571428571,Hold
2022-04-21 10:15:00,17338.85,77.83,47.417857142857144,Sell
2022-04-21 11:15:00,17342.1,88.92,51.40571428571428,Waiting
2022-04-21 12:15:00,17357.8,90.59,55.502857142857145,Waiting
2022-04-21 13:15:00,17382.45,87.43,58.379999999999995,Waiting
2022-04-21 14:15:00,17405.45,86.03,61.060714285714276,Waiting
2022-04-22 14:15:00,17174.15,54.35,61.59928571428571,Waiting
2022-04-22 15:15:00,17169.5,55.5,62.31642857142857,Waiting
2022-04-22 16:15:00,17169.5,52.8,62.69428571428572,Waiting
2022-04-25 08:15:00,17009.05,43.67,62.847142857142856,Waiting
2022-04-25 09:15:00,17033.15,43.34,62.635,Waiting
2022-04-25 10:15:00,17002.95,39.64,62.065,Waiting
2022-04-25 11:15:00,16967.6,37.76,61.54785714285714,Waiting
2022-04-25 12:15:00,16989.75,31.97,60.055,Waiting
2022-04-25 13:15:00,16971.5,28.27,58.43571428571429,Waiting
2022-04-25 14:15:00,16947.15,18.28,54.18214285714286,Buy
2022-04-25 15:15:00,16960.4,19.58,49.229285714285716,Hold
2022-04-25 16:15:00,16985.25,20.74,44.24,Hold
2022-04-26 08:15:00,17121.3,32.54,40.31928571428572,Hold
2022-04-26 09:15:00,17148.15,32.89,36.52357142857143,Hold
2022-04-26 10:15:00,17132.4,46.11,35.934999999999995,Hold
2022-04-26 11:15:00,17144.5,47.7,35.37785714285714,Hold
2022-04-26 12:15:00,17084.3,42.95,34.674285714285716,Hold
2022-04-26 13:15:00,17141.3,63.21,36.07,Hold
2022-04-26 14:15:00,17211.95,66.34,37.712857142857146,Hold
2022-04-26 15:15:00,17211.35,70.14,39.89142857142857,Sell
2022-04-26 16:15:00,17201.45,73.77,42.46357142857143,Waiting
2022-04-27 08:15:00,17073.35,56.99,44.25071428571429,Waiting
2022-04-27 09:15:00,17076.1,58.98,46.44428571428572,Waiting
2022-04-27 10:15:00,17066.9,60.56,49.464285714285715,Waiting
2022-04-27 11:15:00,17029.0,55.79,52.050714285714285,Waiting
2022-04-27 12:15:00,16979.0,49.49,54.104285714285716,Waiting
2022-04-27 13:15:00,17061.75,44.72,54.97428571428571,Waiting
2022-04-27 14:15:00,17035.15,39.97,55.480000000000004,Waiting
2022-04-27 15:15:00,17037.1,41.33,55.13857142857143,Waiting
2022-04-27 16:15:00,17038.2,40.13,54.597857142857144,Waiting
2022-04-28 08:15:00,17189.5,58.35,55.69785714285714,Waiting
2022-04-28 09:15:00,17105.1,47.25,54.55785714285714,Waiting
2022-04-28 10:15:00,17101.2,40.62,52.72071428571428,Waiting
2022-04-28 11:15:00,17171.6,46.99,51.067142857142855,Waiting
2022-04-28 12:15:00,17250.65,53.37,49.61,Waiting
2022-04-28 13:15:00,17299.15,67.37,50.35142857142857,Waiting
2022-04-28 14:15:00,17225.1,60.33,50.44785714285714,Waiting
2022-04-28 15:15:00,17219.45,60.63,50.45285714285715,Waiting
2022-04-28 16:15:00,17229.5,64.54,51.077857142857134,Waiting
2022-04-29 08:15:00,17329.25,73.68,52.80571428571428,Waiting
2022-04-29 09:15:00,17273.75,64.88,54.24571428571429,Waiting
2022-04-29 10:15:00,17331.9,69.95,56.387142857142855,Waiting
2022-04-29 11:15:00,17347.95,70.51,58.47142857142857,Waiting
2022-04-29 12:15:00,17369.15,71.27,60.69571428571429,Waiting
2022-04-29 13:15:00,17293.2,57.38,60.626428571428576,Waiting
2022-04-29 14:15:00,17072.05,48.03,60.68214285714286,Waiting
2022-04-29 15:15:00,17081.15,48.81,61.26714285714286,Waiting
2022-04-29 16:15:00,17110.75,46.21,61.21142857142858,Waiting
2022-05-02 08:15:00,16924.45,32.1,59.69214285714286,Waiting
2022-05-02 09:15:00,16985.25,33.0,57.237142857142864,Waiting
2022-05-02 10:15:00,16976.85,35.53,55.465714285714284,Waiting
2022-05-02 11:15:00,17024.35,39.16,53.93214285714286,Waiting
2022-05-02 12:15:00,17021.65,38.35,52.06142857142857,Waiting
2022-05-02 13:15:00,17014.05,30.3,48.962857142857146,Waiting
2022-05-02 14:15:00,17068.55,37.16,46.98285714285714,Waiting
2022-05-02 15:15:00,17072.2,32.56,44.31214285714286,Waiting
2022-05-02 16:15:00,17066.05,30.81,41.47642857142857,Waiting
2022-05-04 08:15:00,17096.6,31.68,38.64857142857143,Waiting
2022-05-04 09:15:00,17018.3,31.58,36.80571428571428,Waiting
2022-05-04 10:15:00,16939.55,39.03,36.16285714285714,Waiting
2022-05-04 11:15:00,16908.4,36.2,35.262142857142855,Waiting
2022-05-04 12:15:00,16879.1,31.49,34.21071428571428,Waiting
2022-05-04 13:15:00,16798.9,37.92,34.62642857142857,Waiting
2022-05-04 14:15:00,16708.75,24.81,34.04142857142857,Waiting
2022-05-04 15:15:00,16672.1,23.6,33.18928571428572,Buy
2022-05-04 16:15:00,16692.75,19.87,31.81142857142857,Hold
2022-05-05 08:15:00,16854.75,38.24,31.803571428571423,Hold
2022-05-05 09:15:00,16919.5,43.83,32.77,Hold
2022-05-05 10:15:00,16920.1,39.59,32.943571428571424,Hold
2022-05-05 11:15:00,16843.25,35.44,33.14928571428571,Hold
2022-05-05 12:15:00,16813.4,34.4,33.40571428571428,Hold
2022-05-05 13:15:00,16711.65,28.15,33.153571428571425,Hold
2022-05-05 14:15:00,16682.95,29.83,33.028571428571425,Hold
2022-05-05 15:15:00,16673.65,32.55,32.565714285714286,Hold
2022-05-05 16:15:00,16669.2,33.73,32.38928571428572,Hold
2022-05-06 08:15:00,16415.55,25.85,31.986428571428572,Hold
2022-05-06 09:15:00,16399.2,27.69,31.255714285714284,Hold
2022-05-06 10:15:00,16372.35,29.79,31.611428571428572,Hold
2022-05-06 11:15:00,16416.9,34.81,32.412142857142854,Hold
2022-05-06 12:15:00,16369.55,31.36,33.23285714285714,Hold
2022-05-06 13:15:00,16447.05,23.95,32.21214285714286,Hold
2022-05-06 14:15:00,16411.8,16.29,30.244999999999997,Hold
2022-05-06 15:15:00,16427.65,17.95,28.69928571428571,Hold
2022-05-06 16:15:00,16438.25,21.15,27.678571428571427,Hold
2022-05-09 08:15:00,16227.7,16.82,26.422857142857143,Hold
2022-05-09 09:15:00,16237.95,20.06,25.845,Hold
2022-05-09 10:15:00,16237.5,20.81,25.200714285714287,Hold
2022-05-09 11:15:00,16323.4,29.14,24.957142857142856,Hold
2022-05-09 12:15:00,16338.3,30.54,24.729285714285712,Hold
2022-05-09 13:15:00,16251.5,37.99,25.59642857142857,Hold
2022-05-09 14:15:00,16306.15,43.55,26.729285714285712,Hold
2022-05-09 15:15:00,16311.3,45.64,27.861428571428572,Hold
2022-05-09 16:15:00,16310.05,41.86,28.365,Hold
2022-05-10 08:15:00,16248.9,41.0,29.053571428571427,Hold
2022-05-10 09:15:00,16273.35,35.93,29.909285714285712,Hold
2022-05-10 10:15:00,16319.8,42.68,31.794285714285714,Hold
2022-05-10 11:15:00,16386.65,46.98,33.86785714285714,Hold
2022-05-10 12:15:00,16370.2,45.03,35.57357142857143,Hold
2022-05-10 13:15:00,16368.4,64.76,38.99785714285714,Hold
2022-05-10 14:15:00,16239.5,50.13,41.14571428571429,Hold
2022-05-10 15:15:00,16221.75,48.71,43.13857142857143,Hold
2022-05-10 16:15:00,16209.2,39.41,43.87214285714286,Hold
2022-05-11 08:15:00,16270.05,44.17,44.84571428571429,Hold
2022-05-11 09:15:00,16153.0,42.0,45.13214285714286,Hold
2022-05-11 10:15:00,16091.55,32.75,44.36071428571428,Hold
2022-05-11 11:15:00,16134.0,36.56,43.71214285714286,Hold
2022-05-11 12:15:00,16025.6,31.45,42.96857142857142,Hold
2022-05-11 13:15:00,16173.9,45.61,43.29785714285714,Hold
2022-05-11 14:15:00,16154.6,43.0,43.80285714285714,Hold
2022-05-11 15:15:00,16190.5,42.29,43.77499999999999,Hold
2022-05-11 16:15:00,16202.7,38.26,43.15214285714286,Hold
2022-05-12 08:15:00,16021.1,31.6,42.192857142857136,Hold
2022-05-12 09:15:00,15874.15,27.4,39.52428571428571,Hold
2022-05-12 10:15:00,15834.4,29.84,38.074999999999996,Hold
2022-05-12 11:15:00,15880.5,33.48,36.98714285714285,Hold
2022-05-12 12:15:00,15831.3,32.33,36.48142857142857,Hold
2022-05-12 13:15:00,15790.4,27.15,35.26571428571429,Hold
2022-05-12 14:15:00,15817.8,32.54,34.589999999999996,Hold
2022-05-12 15:15:00,15825.4,35.31,34.77285714285714,Hold
2022-05-13 15:15:00,15772.7,30.28,34.324285714285715,Hold
2022-05-13 16:15:00,15770.5,34.26,34.525,Hold
2022-05-16 08:15:00,15845.1,27.68,33.244285714285716,Hold
2022-05-16 09:15:00,15944.3,37.12,32.824285714285715,Hold
2022-05-16 10:15:00,15928.4,33.54,32.199285714285715,Hold
2022-05-16 11:15:00,15813.55,28.36,31.492142857142856,Hold
2022-05-16 12:15:00,15811.1,35.41,31.76428571428571,Hold
2022-05-16 13:15:00,15875.0,50.07,33.38357142857143,Hold
2022-05-16 14:15:00,15822.4,49.08,34.75785714285714,Hold
2022-05-16 15:15:00,15863.6,48.69,35.84428571428571,Hold
2022-05-16 16:15:00,15863.4,52.69,37.29857142857143,Hold
2022-05-17 08:15:00,15912.6,60.12,39.653571428571425,Hold
2022-05-17 09:15:00,15987.45,63.02,41.830714285714286,Hold
2022-05-17 10:15:00,16077.8,67.19,44.10785714285714,Hold
2022-05-17 11:15:00,16104.8,73.44,47.190714285714286,Sell
2022-05-17 12:15:00,16172.35,75.96,50.169285714285714,Waiting
2022-05-17 13:15:00,16217.0,75.0,53.549285714285716,Waiting
2022-05-17 14:15:00,16248.1,72.48,56.074999999999996,Waiting
2022-05-17 15:15:00,16273.1,75.16,59.04785714285714,Waiting
2022-05-17 16:15:00,16280.45,90.43,63.481428571428566,Waiting
2022-05-18 08:15:00,16318.15,91.38,67.47928571428571,Waiting
2022-05-18 09:15:00,16339.8,90.74,70.38428571428571,Waiting
2022-05-18 10:15:00,16333.2,98.7,73.92857142857143,Waiting
2022-05-18 11:15:00,16331.95,98.34,77.47500000000001,Waiting
2022-05-18 12:15:00,16260.4,85.71,79.83357142857143,Waiting
2022-05-18 13:15:00,16263.75,84.43,81.57000000000001,Waiting
2022-05-18 14:15:00,16235.3,76.73,82.5492857142857,Waiting
2022-05-18 15:15:00,16244.95,71.83,82.88071428571429,Waiting
2022-05-18 16:15:00,16256.45,70.64,82.68071428571429,Waiting
2022-05-19 08:15:00,15917.4,30.05,79.40142857142857,Waiting
2022-05-19 09:15:00,15951.65,28.89,76.10785714285714,Waiting
2022-05-19 10:15:00,15927.65,24.21,72.66,Buy
2022-05-19 11:15:00,15860.6,18.91,68.64214285714286,Hold
2022-05-19 12:15:00,15823.55,17.04,63.4,Hold
2022-05-19 13:15:00,15815.4,12.12,57.73857142857143,Hold
2022-05-19 14:15:00,15784.4,8.73,51.88071428571429,Hold
2022-05-19 15:15:00,15838.7,15.69,45.951428571428565,Hold
2022-05-19 16:15:00,15829.05,15.51,40.035000000000004,Hold
2022-05-20 08:15:00,16043.8,37.58,36.597142857142856,Hold
2022-05-20 09:15:00,16160.45,44.76,33.76357142857143,Hold
2022-05-20 10:15:00,16179.9,47.16,31.65142857142857,Hold
2022-05-20 11:15:00,16149.4,45.21,29.75,Hold
2022-05-20 12:15:00,16206.9,47.63,28.106428571428573,Hold
2022-05-20 13:15:00,16218.4,71.03,31.03357142857143,Sell
2022-05-20 14:15:00,16279.7,72.08,34.11857142857143,Waiting
2022-05-20 15:15:00,16263.2,72.82,37.590714285714284,Waiting
2022-05-20 16:15:00,16280.9,80.63,41.99928571428571,Waiting
2022-05-23 08:15:00,16290.95,85.46,46.88642857142857,Waiting
2022-05-23 09:15:00,16334.0,87.37,52.26142857142857,Waiting
2022-05-23 10:15:00,16337.35,91.5,58.173571428571435,Waiting
2022-05-23 11:15:00,16377.55,91.31,63.574999999999996,Waiting
2022-05-23 12:15:00,16352.45,89.2,68.83857142857143,Waiting
2022-05-23 13:15:00,16264.3,70.38,71.18142857142857,Waiting
2022-05-23 14:15:00,16210.1,55.19,71.92642857142856,Waiting
2022-05-23 15:15:00,16205.7,52.78,72.32785714285714,Waiting
2022-05-23 16:15:00,16191.65,54.73,73.00785714285713,Waiting
2022-05-24 08:15:00,16225.55,52.2,73.3342857142857,Waiting
2022-05-24 09:15:00,16148.8,42.88,71.32357142857143,Waiting
2022-05-24 10:15:00,16152.9,35.31,68.69714285714285,Waiting
2022-05-24 11:15:00,16200.4,43.21,66.58214285714286,Waiting
2022-05-24 12:15:00,16162.95,37.77,63.520714285714284,Waiting
2022-05-24 13:15:00,16148.25,35.35,59.94142857142857,Waiting
2022-05-24 14:15:00,16112.9,26.93,55.62428571428571,Waiting
2022-05-24 15:15:00,16121.55,27.73,51.069285714285705,Buy
2022-05-24 16:15:00,16138.0,24.0,46.26142857142857,Hold
2022-05-25 08:15:00,16196.35,34.2,42.332857142857144,Hold
2022-05-25 09:15:00,16134.2,36.1,39.88428571428572,Hold
2022-05-25 10:15:00,16164.2,44.83,39.14428571428572,Hold
2022-05-25 11:15:00,16076.65,37.76,38.07142857142857,Hold
2022-05-25 12:15:00,16070.3,38.31,36.89857142857143,Hold
2022-05-25 13:15:00,16083.1,35.7,35.720000000000006,Hold
2022-05-25 14:15:00,16027.45,37.28,35.32,Hold
2022-05-25 15:15:00,16035.1,37.74,35.49357142857143,Hold
2022-05-25 16:15:00,16033.9,30.83,34.60928571428572,Hold
2022-05-26 08:15:00,16105.0,43.81,35.04071428571429,Hold
2022-05-26 09:15:00,16021.1,38.16,35.24142857142858,Hold
2022-05-26 10:15:00,15928.2,34.47,35.78,Hold
2022-05-26 11:15:00,15942.75,35.11,36.30714285714286,Hold
2022-05-26 12:15:00,16095.7,47.13,37.95928571428572,Hold
2022-05-26 13:15:00,16081.1,41.69,38.494285714285716,Hold
2022-05-26 14:15:00,16173.0,52.68,39.67857142857143,Hold
2022-05-26 15:15:00,16197.85,52.34,40.214999999999996,Hold
2022-05-26 16:15:00,16201.9,59.87,41.794285714285714,Hold
2022-05-27 08:15:00,16296.6,65.65,43.747142857142855,Hold
2022-05-27 09:15:00,16280.0,63.55,45.736428571428576,Hold
2022-05-27 10:15:00,16253.3,66.19,47.801428571428566,Hold
2022-05-27 11:15:00,16237.4,64.33,49.70071428571429,Hold
2022-05-27 12:15:00,16317.05,68.05,52.35928571428571,Hold
2022-05-27 13:15:00,16339.35,65.93,53.93928571428571,Hold
2022-05-27 14:15:00,16346.2,74.68,56.54785714285714,Sell
2022-05-27 15:15:00,16357.45,87.21,60.315,Waiting
2022-05-27 16:15:00,16356.1,86.67,63.99785714285714,Waiting
2022-05-30 08:15:00,16527.9,87.1,66.85285714285713,Waiting
2022-05-30 09:15:00,16628.05,90.94,70.37071428571429,Waiting
2022-05-30 10:15:00,16687.6,90.48,73.07071428571429,Waiting
2022-05-30 11:15:00,16666.25,87.05,75.55,Waiting
2022-05-30 12:15:00,16670.2,87.04,77.49071428571429,Waiting
2022-05-30 13:15:00,16628.5,78.66,78.42,Waiting
2022-05-30 14:15:00,16658.9,81.95,79.73428571428573,Waiting
2022-05-30 15:15:00,16664.05,85.95,81.14571428571428,Waiting
2022-05-30 16:15:00,16668.7,88.5,82.87214285714286,Waiting
2022-05-31 08:15:00,16578.45,72.9,83.21857142857142,Waiting
2022-05-31 09:15:00,16591.9,72.47,83.6857142857143,Waiting
2022-05-31 10:15:00,16648.35,74.71,83.68785714285715,Waiting
2022-05-31 11:15:00,16658.0,74.64,82.78999999999999,Waiting
2022-05-31 12:15:00,16619.85,70.39,81.62714285714286,Waiting
2022-05-31 13:15:00,16670.9,63.6,79.94857142857143,Waiting
2022-05-31 14:15:00,16557.75,43.48,76.55857142857143,Waiting
2022-05-31 15:15:00,16546.1,35.59,72.63785714285714,Waiting
2022-05-31 16:15:00,16581.0,41.55,69.38785714285714,Waiting
2022-06-01 08:15:00,16594.4,42.63,66.21571428571428,Waiting
2022-06-01 09:15:00,16584.05,45.4,63.839999999999996,Waiting
2022-06-01 10:15:00,16587.9,42.22,61.00214285714286,Waiting
2022-06-01 11:15:00,16586.35,41.41,57.82071428571429,Waiting
2022-06-01 12:15:00,16542.6,37.17,54.15428571428571,Waiting
2022-06-01 13:15:00,16466.55,38.28,51.68142857142857,Waiting
2022-06-01 14:15:00,16529.9,44.12,49.65642857142857,Waiting
2022-06-01 15:15:00,16542.45,39.05,47.10928571428571,Waiting
2022-06-01 16:15:00,16543.95,38.0,44.49214285714286,Waiting
2022-06-02 08:15:00,16481.65,36.16,42.047142857142866,Waiting
2022-06-02 09:15:00,16524.55,35.1,40.011428571428574,Waiting
2022-06-03 09:15:00,16754.3,66.17,41.63214285714286,Waiting
2022-06-03 10:15:00,16732.75,65.11,43.74071428571428,Waiting
2022-06-03 11:15:00,16757.25,64.51,45.38071428571429,Waiting
2022-06-03 12:15:00,16717.65,59.73,46.60214285714286,Waiting
2022-06-03 13:15:00,16711.6,60.14,47.654999999999994,Waiting
2022-06-03 14:15:00,16577.0,49.28,48.159285714285716,Waiting
2022-06-03 15:15:00,16590.0,50.24,48.79,Waiting
2022-06-03 16:15:00,16584.5,52.86,49.910714285714285,Waiting
2022-06-06 08:15:00,16530.7,54.51,51.07,Waiting
2022-06-06 09:15:00,16498.65,47.7,51.32571428571429,Waiting
2022-06-06 10:15:00,16502.5,47.02,51.895,Waiting
2022-06-06 11:15:00,16559.25,51.05,52.82714285714286,Waiting
2022-06-06 12:15:00,16560.7,55.94,54.24,Waiting
2022-06-06 13:15:00,16604.8,56.02,55.73428571428571,Waiting
2022-06-06 14:15:00,16573.5,30.69,53.199999999999996,Waiting
2022-06-06 15:15:00,16563.65,31.47,50.79714285714285,Waiting
2022-06-06 16:15:00,16565.75,27.94,48.185,Waiting
2022-06-07 08:15:00,16469.6,24.72,45.68428571428571,Buy
2022-06-07 09:15:00,16428.45,23.07,43.03642857142857,Hold
2022-06-07 10:15:00,16374.0,27.22,41.46071428571429,Hold
2022-06-07 11:15:00,16382.2,26.42,39.75928571428572,Hold
2022-06-07 12:15:00,16395.95,29.0,38.055,Hold
2022-06-07 13:15:00,16380.75,31.73,36.42785714285714,Hold
2022-06-07 14:15:00,16418.25,40.33,35.901428571428575,Hold
2022-06-07 15:15:00,16412.35,39.21,35.34357142857143,Hold
2022-06-07 16:15:00,16404.85,29.06,33.77285714285714,Hold
2022-06-08 08:15:00,16474.95,40.19,32.64785714285714,Hold
2022-06-08 09:15:00,16376.05,26.76,30.557857142857138,Hold
2022-06-08 10:15:00,16430.35,36.1,30.944285714285712,Hold
2022-06-08 11:15:00,16476.35,42.08,31.702142857142857,Hold
2022-06-08 12:15:00,16401.3,36.83,32.33714285714286,Hold
2022-06-08 13:15:00,16345.45,39.37,33.38357142857142,Hold
2022-06-08 14:15:00,16361.5,44.01,34.87928571428571,Hold
2022-06-08 15:15:00,16353.95,48.04,36.36642857142857,Hold
2022-06-08 16:15:00,16340.95,46.01,37.76571428571429,Hold
2022-06-09 08:15:00,16263.85,38.61,38.45214285714285,Hold
2022-06-09 09:15:00,16306.35,43.87,39.319285714285705,Hold
2022-06-09 10:15:00,16364.45,45.72,39.70428571428572,Hold
2022-06-09 11:15:00,16369.8,46.61,40.23285714285714,Hold
2022-06-09 12:15:00,16348.1,45.58,41.41285714285714,Hold
2022-06-09 13:15:00,16389.6,43.04,41.616428571428564,Hold
2022-06-09 14:15:00,16477.65,58.44,43.87928571428571,Hold
2022-06-09 15:15:00,16490.25,55.34,45.25357142857143,Hold
2022-06-09 16:15:00,16481.8,50.52,45.85642857142857,Hold
2022-06-10 08:15:00,16283.95,40.91,46.14785714285714,Hold
2022-06-10 09:15:00,16263.7,43.3,46.42857142857143,Hold
2022-06-10 10:15:00,16274.8,42.84,46.34499999999999,Hold
2022-06-10 11:15:00,16254.25,41.93,45.90857142857143,Hold
2022-06-10 12:15:00,16214.8,40.21,45.49428571428571,Hold
2022-06-10 13:15:00,16190.15,43.78,45.86357142857143,Hold
2022-06-10 14:15:00,16211.9,41.73,45.71071428571429,Hold
2022-06-10 15:15:00,16190.7,33.74,44.855,Hold
2022-06-10 16:15:00,16191.45,33.17,43.894999999999996,Hold
2022-06-13 08:15:00,15877.55,21.38,42.166428571428575,Hold
2022-06-13 09:15:00,15777.55,15.25,40.18142857142857,Hold
2022-06-13 10:15:00,15806.8,9.18,36.66285714285714,Hold
2022-06-13 11:15:00,15794.65,7.65,33.25642857142857,Hold
2022-06-13 12:15:00,15756.35,7.38,30.175,Hold
2022-06-13 13:15:00,15693.15,8.77,27.879285714285714,Hold
2022-06-13 14:15:00,15767.85,17.84,26.060714285714287,Hold
2022-06-13 15:15:00,15796.0,19.62,24.402142857142856,Hold
2022-06-13 16:15:00,15800.3,20.59,22.877857142857145,Hold
2022-06-15 08:15:00,15729.25,19.78,21.41857142857143,Hold
2022-06-15 09:15:00,15744.45,21.93,19.857857142857146,Hold
2022-06-15 10:15:00,15707.9,18.84,18.222857142857144,Hold
2022-06-15 11:15:00,15738.85,22.4,17.412857142857142,Hold
2022-06-15 12:15:00,15769.7,25.15,16.84,Hold
2022-06-15 13:15:00,15742.8,38.0,18.027142857142856,Hold
2022-06-15 14:15:00,15692.8,41.72,19.917857142857144,Hold
2022-06-15 15:15:00,15687.75,37.79,21.96142857142857,Hold
2022-06-15 16:15:00,15682.9,38.36,24.155,Hold
2022-06-16 08:15:00,15832.25,56.42,27.657857142857143,Hold
2022-06-16 09:15:00,15757.1,55.3,30.981428571428573,Hold
2022-06-16 10:15:00,15695.1,43.84,32.83857142857143,Hold
2022-06-16 11:15:00,15573.35,33.72,33.84571428571429,Hold
2022-06-16 12:15:00,15468.25,28.84,34.434999999999995,Hold
2022-06-16 13:15:00,15401.35,29.0,35.09357142857143,Hold
2022-06-16 14:15:00,15359.0,26.14,35.394285714285715,Hold
2022-06-16 15:15:00,15347.85,26.99,35.97642857142857,Hold
2022-06-16 16:15:00,15348.35,24.03,36.09285714285714,Hold
2022-06-17 08:15:00,15272.65,18.81,35.64,Hold
2022-06-17 09:15:00,15291.8,21.42,34.455714285714286,Hold
2022-06-17 10:15:00,15307.35,24.46,33.222857142857144,Hold
2022-06-17 11:15:00,15269.1,23.43,32.19714285714286,Hold
2022-06-17 12:15:00,15268.45,23.55,31.139285714285712,Hold
2022-06-17 13:15:00,15313.25,11.78,27.950714285714287,Hold
2022-06-17 14:15:00,15263.95,12.25,24.875714285714285,Hold
2022-06-17 15:15:00,15318.3,20.81,23.23071428571429,Hold
2022-06-17 16:15:00,15335.1,27.96,22.819285714285712,Hold
2022-06-20 08:15:00,15334.5,34.66,23.235000000000003,Hold
2022-06-20 09:15:00,15299.25,37.38,23.833571428571428,Hold
2022-06-20 10:15:00,15294.55,41.21,24.91,Hold
2022-06-20 11:15:00,15330.55,47.79,26.395714285714288,Hold
2022-06-20 12:15:00,15319.3,46.39,27.99285714285714,Hold
2022-06-20 13:15:00,15301.8,54.24,30.523571428571426,Hold
2022-06-20 14:15:00,15353.05,58.14,33.14642857142857,Hold
2022-06-20 15:15:00,15362.45,57.44,35.50214285714286,Hold
2022-06-20 16:15:00,15367.0,64.55,38.43928571428571,Hold
2022-06-21 08:15:00,15455.95,72.07,41.90500000000001,Sell
2022-06-21 09:15:00,15556.3,75.3,46.44214285714286,Waiting
2022-06-21 10:15:00,15591.95,85.15,51.64928571428572,Waiting
2022-06-21 11:15:00,15584.9,81.79,56.004999999999995,Waiting
2022-06-21 12:15:00,15677.05,84.56,60.04785714285714,Waiting
2022-06-21 13:15:00,15689.25,85.04,63.646428571428565,Waiting
2022-06-21 14:15:00,15637.7,82.38,66.86071428571428,Waiting
2022-06-21 15:15:00,15629.4,81.82,69.76142857142857,Waiting
2022-06-21 16:15:00,15631.5,80.57,72.10285714285713,Waiting
2022-06-22 08:15:00,15545.65,69.97,73.78714285714285,Waiting
2022-06-22 09:15:00,15445.0,61.02,74.27142857142857,Waiting
2022-06-22 10:15:00,15487.3,60.47,74.43785714285715,Waiting
2022-06-22 11:15:00,15465.6,57.89,74.47,Waiting
2022-06-22 12:15:00,15420.8,53.88,73.70785714285715,Waiting
2022-06-22 13:15:00,15446.55,49.25,72.07785714285714,Waiting
2022-06-22 14:15:00,15420.3,37.78,69.39785714285713,Waiting
2022-06-22 15:15:00,15406.1,32.63,65.64642857142857,Waiting
2022-06-22 16:15:00,15401.1,32.75,62.14357142857143,Waiting
2022-06-23 08:15:00,15451.55,27.04,58.035000000000004,Waiting
2022-06-23 09:15:00,15593.5,42.29,54.98142857142857,
2022-06-23 10:15:00,15595.4,46.3,52.40428571428572,
2022-06-24 10:15:00,15681.6,54.02,50.41857142857143,
2022-06-24 11:15:00,15629.7,49.87,48.22571428571429,
2022-06-24 12:15:00,15680.85,60.18,47.526428571428575,
2022-06-24 13:15:00,15706.35,72.18,48.323571428571434,
2022-06-24 14:15:00,15709.75,70.22,49.019999999999996,
2022-06-24 15:15:00,15699.15,71.66,50.00357142857143,
2022-06-24 16:15:00,15697.75,77.94,51.722142857142856,
2022-06-27 08:15:00,15926.2,84.34,54.228571428571435,
2022-06-27 09:15:00,15868.4,80.7,57.29428571428572,
2022-06-27 10:15:00,15871.8,82.38,60.84785714285714,
2022-06-27 11:15:00,15848.3,80.31,64.24499999999999,
2022-06-27 12:15:00,15889.15,80.05,68.03142857142856,
2022-06-27 13:15:00,15882.7,74.41,70.32571428571428,
2022-06-27 14:15:00,15835.75,68.85,71.93642857142856,
2022-06-27 15:15:00,15835.2,63.92,72.64357142857143,
2022-06-27 16:15:00,15838.4,70.74,74.13428571428571,
2022-06-28 08:15:00,15757.45,57.19,73.9207142857143,
2022-06-28 09:15:00,15718.9,51.15,72.41857142857143,
2022-06-28 10:15:00,15747.2,53.28,71.20857142857143,
2022-06-28 11:15:00,15797.1,58.03,70.235,
2022-06-28 12:15:00,15762.05,54.99,68.5957142857143,
2022-06-28 13:15:00,15793.55,35.16,65.08285714285714,
2022-06-28 14:15:00,15843.35,47.15,62.68642857142857,
2022-06-28 15:15:00,15853.65,47.96,60.22785714285715,
2022-06-28 16:15:00,15875.1,53.02,58.278571428571425,
2022-06-29 08:15:00,15701.7,33.74,54.97071428571429,
2022-06-29 09:15:00,15754.9,39.74,52.49428571428571,
2022-06-29 10:15:00,15769.2,44.36,50.745000000000005,
2022-06-29 11:15:00,15809.1,47.93,49.60285714285714,
2022-06-29 12:15:00,15829.55,49.32,48.07285714285714,
2022-06-29 13:15:00,15849.95,57.89,48.12285714285714,
2022-06-29 14:15:00,15790.25,55.87,48.46,
2022-06-29 15:15:00,15793.05,53.94,48.50714285714285,
2022-06-29 16:15:00,15783.7,48.76,47.84499999999999,
2022-06-30 08:15:00,15774.5,51.21,47.574999999999996,
2022-06-30 09:15:00,15836.55,53.94,48.916428571428575,
2022-06-30 10:15:00,15774.85,43.86,48.68142857142857,
2022-06-30 11:15:00,15755.85,41.37,48.21071428571428,
2022-06-30 12:15:00,15804.45,44.05,47.57,
2022-06-30 13:15:00,15845.15,65.55,49.84214285714285,
2022-06-30 14:15:00,15779.0,52.54,50.75642857142857,
2022-06-30 15:15:00,15760.75,49.12,51.09642857142857,
2022-06-30 16:15:00,15734.2,41.94,50.66857142857143,
2022-07-01 08:15:00,15703.7,36.75,49.770714285714284,
2022-07-01 09:15:00,15554.65,25.54,47.459999999999994,Buy
2022-07-01 10:15:00,15626.55,36.71,46.09142857142857,Hold
2022-07-01 11:15:00,15631.8,36.96,44.87857142857143,Hold
2022-07-01 12:15:00,15683.4,42.41,44.425000000000004,Hold
2022-07-01 13:15:00,15648.5,40.82,43.68285714285714,Hold
2022-07-01 14:15:00,15746.7,43.78,42.957142857142856,Hold
2022-07-01 15:15:00,15779.8,50.36,43.42142857142857,Hold
2022-07-01 16:15:00,15766.6,50.78,44.09357142857143,Hold
2022-07-04 08:15:00,15710.5,43.25,44.03642857142857,Hold
2022-07-04 09:15:00,15672.35,37.53,42.035000000000004,Hold
2022-07-04 10:15:00,15734.35,46.76,41.622142857142855,Hold
2022-07-04 11:15:00,15763.6,50.2,41.699285714285715,Hold
2022-07-04 12:15:00,15778.1,53.19,42.50285714285714,Hold
2022-07-04 13:15:00,15774.75,55.38,43.833571428571425,Hold
2022-07-04 14:15:00,15841.1,74.79,47.35142857142858,Sell
2022-07-04 15:15:00,15830.35,69.72,49.70928571428572,Waiting
2022-07-04 16:15:00,15829.15,69.25,52.01571428571429,Waiting
2022-07-05 08:15:00,15909.15,70.86,54.04785714285714,Waiting
2022-07-05 09:15:00,15970.35,78.36,56.72928571428571,Waiting
2022-07-05 10:15:00,15984.8,74.62,58.93214285714286,Waiting
2022-07-05 11:15:00,16015.4,74.49,60.65571428571428,Waiting
2022-07-05 12:15:00,15974.8,70.47,62.06214285714286,Waiting
2022-07-05 13:15:00,15857.35,62.88,63.464285714285715,Waiting
2022-07-05 14:15:00,15814.35,62.35,65.23714285714286,Waiting
2022-07-05 15:15:00,15807.95,57.09,65.97500000000001,Waiting
2022-07-05 16:15:00,15799.95,53.65,66.22142857142858,Waiting
2022-07-06 08:15:00,15818.2,54.0,66.27928571428572,Waiting
2022-07-06 09:15:00,15880.05,59.4,66.56642857142857,Waiting
2022-07-06 10:15:00,15891.15,54.96,65.15,Waiting
2022-07-06 11:15:00,15883.2,55.26,64.11714285714287,Waiting
2022-07-06 12:15:00,16000.0,63.83,63.730000000000004,Waiting
2022-07-06 13:15:00,15918.5,50.76,62.294285714285714,Waiting
2022-07-06 14:15:00,15994.25,51.89,60.403571428571425,Waiting
2022-07-06 15:15:00,16004.6,51.57,58.75714285714286,Waiting
2022-07-06 16:15:00,16008.05,49.39,56.964285714285715,Waiting
2022-07-07 08:15:00,16113.75,60.41,56.24571428571428,Waiting
2022-07-07 09:15:00,16091.8,70.49,56.78928571428571,Waiting
2022-07-07 10:15:00,16093.65,76.3,57.785714285714285,Waiting
2022-07-07 11:15:00,16096.75,77.37,59.23428571428572,Waiting
2022-07-07 12:15:00,16109.15,79.06,61.04928571428571,Waiting
2022-07-07 13:15:00,16060.1,71.49,62.29857142857143,Waiting
2022-07-07 14:15:00,16127.4,71.76,63.18142857142857,Waiting
2022-07-07 15:15:00,16133.55,71.52,64.36428571428571,Waiting
2022-07-07 16:15:00,16138.9,72.8,65.61714285714285,Waiting
2022-07-08 08:15:00,16273.65,73.65,66.31857142857143,Waiting
2022-07-08 09:15:00,16196.45,74.2,67.99285714285715,Waiting
2022-07-08 10:15:00,16203.75,70.71,69.33714285714287,Waiting
2022-07-08 11:15:00,16180.3,66.93,70.43428571428572,Waiting
2022-07-08 12:15:00,16196.0,67.69,71.74142857142857,Waiting
2022-07-08 13:15:00,16189.25,58.73,71.62142857142858,Waiting
2022-07-08 14:15:00,16230.05,65.32,71.25214285714286,Waiting
2022-07-08 15:15:00,16220.4,63.81,70.36,Waiting
2022-07-08 16:15:00,16217.5,63.16,69.345,Waiting
2022-07-11 08:15:00,16136.15,52.56,67.45214285714286,Waiting
2022-07-11 09:15:00,16167.5,60.53,66.66928571428572,Waiting
2022-07-11 10:15:00,16160.35,53.66,65.37642857142858,Waiting
2022-07-11 11:15:00,16146.75,51.44,63.94214285714286,Waiting
2022-07-11 12:15:00,16169.75,53.25,62.54571428571428,Waiting
2022-07-11 13:15:00,16211.6,41.88,60.276428571428575,Waiting
2022-07-11 14:15:00,16218.05,53.47,58.79571428571429,Waiting
2022-07-11 15:15:00,16196.65,48.91,57.23857142857143,Waiting
2022-07-11 16:15:00,16199.05,53.08,56.249285714285705,Waiting
2022-07-12 08:15:00,16126.2,40.35,54.29642857142857,Waiting
2022-07-12 09:15:00,16142.2,43.65,53.21928571428571,Waiting
2022-07-12 10:15:00,16146.15,37.44,51.22785714285715,Waiting
2022-07-12 11:15:00,16122.8,35.96,49.23857142857143,Waiting
2022-07-12 12:15:00,16080.65,32.31,47.035000000000004,Waiting
2022-07-12 13:15:00,16134.95,49.83,46.839999999999996,Waiting
2022-07-12 14:15:00,16056.3,36.34,45.11214285714285,Waiting
2022-07-12 15:15:00,16045.7,36.04,43.853571428571435,Waiting
2022-07-12 16:15:00,16037.75,36.54,42.78928571428571,Waiting
2022-07-13 08:15:00,16128.2,45.6,42.24285714285714,Waiting
2022-07-13 09:15:00,16129.25,40.46,42.14142857142857,Waiting
2022-07-13 10:15:00,16077.5,35.26,40.840714285714284,Waiting
2022-07-13 11:15:00,16085.2,37.97,40.05928571428571,Waiting
2022-07-14 11:15:00,15957.45,29.47,38.37285714285714,Waiting
2022-07-14 12:15:00,15972.45,35.51,38.027142857142856,
2022-07-14 13:15:00,15872.3,28.05,36.91285714285714,Buy
2022-07-14 14:15:00,15942.5,35.05,36.74214285714286,Hold
2022-07-14 15:15:00,15952.1,37.21,36.83142857142857,Hold
2022-07-14 16:15:00,15947.95,39.46,37.34214285714285,Hold
2022-07-15 08:15:00,16010.8,40.27,36.659285714285716,Hold
2022-07-15 09:15:00,15989.95,44.28,37.22642857142857,Hold
2022-07-15 10:15:00,15946.4,41.9,37.644999999999996,Hold
2022-07-15 11:15:00,15949.35,42.73,38.08714285714286,Hold
2022-07-15 12:15:00,15979.5,36.43,37.43214285714286,Hold
2022-07-15 13:15:00,15992.25,37.75,37.23857142857143,Hold
2022-07-15 14:15:00,16053.25,47.87,38.13928571428572,Hold
2022-07-15 15:15:00,16055.95,47.41,38.81357142857143,Hold
2022-07-15 16:15:00,16052.85,60.87,41.05642857142857,Hold
2022-07-18 08:15:00,16151.4,67.12,43.31428571428571,Hold
2022-07-18 09:15:00,16184.8,84.28,47.330714285714286,Sell
2022-07-18 10:15:00,16210.7,82.59,50.72642857142857,Waiting
2022-07-18 11:15:00,16216.2,82.41,53.955,Waiting
2022-07-18 12:15:00,16218.95,83.37,57.09142857142857,Waiting
2022-07-18 13:15:00,16232.5,81.08,60.00642857142857,Waiting
2022-07-18 14:15:00,16271.05,87.54,63.096428571428575,Waiting
2022-07-18 15:15:00,16284.0,99.1,67.18214285714286,Waiting
2022-07-18 16:15:00,16281.4,98.34,71.15428571428572,Waiting
2022-07-19 08:15:00,16187.05,75.46,73.94214285714285,Waiting
2022-07-19 09:15:00,16294.9,80.1,76.96714285714286,Waiting
2022-07-19 10:15:00,16323.2,78.72,79.1707142857143,Waiting
2022-07-19 11:15:00,16304.65,75.59,81.18357142857143,Waiting
2022-07-19 12:15:00,16272.55,71.33,81.9307142857143,Waiting
2022-07-19 13:15:00,16298.3,66.61,81.89428571428572,Waiting
2022-07-19 14:15:00,16350.55,67.98,80.73,Waiting
2022-07-19 15:15:00,16331.55,63.31,79.35285714285715,Waiting
2022-07-19 16:15:00,16329.3,62.54,77.93357142857143,Waiting
2022-07-20 08:15:00,16562.8,75.23,77.35214285714287,Waiting
2022-07-20 09:15:00,16542.45,72.51,76.74,Waiting
2022-07-20 10:15:00,16563.25,71.79,75.61500000000001,Waiting
2022-07-20 11:15:00,16557.45,70.61,73.58,Waiting
2022-07-20 12:15:00,16530.4,68.1,71.42,Waiting
2022-07-20 13:15:00,16547.05,79.5,71.70857142857143,Waiting
2022-07-20 14:15:00,16516.2,70.75,71.04071428571429,Waiting
2022-07-20 15:15:00,16509.0,68.14,70.285,Waiting
2022-07-20 16:15:00,16495.8,68.86,69.80428571428573,Waiting
2022-07-21 08:15:00,16523.55,74.98,70.06500000000001,Waiting
2022-07-21 09:15:00,16573.0,76.11,70.74357142857143,Waiting
2022-07-21 10:15:00,16569.15,72.88,71.09357142857142,Waiting
2022-07-21 11:15:00,16573.05,76.1,72.00714285714285,Waiting
2022-07-21 12:15:00,16542.7,71.74,72.66428571428571,Waiting
2022-07-21 13:15:00,16560.55,49.59,70.83285714285714,Waiting
2022-07-21 14:15:00,16611.85,61.34,70.035,Waiting
2022-07-21 15:15:00,16623.7,60.18,69.20571428571428,Waiting
2022-07-21 16:15:00,16609.8,58.58,68.34642857142858,Waiting
2022-07-22 08:15:00,16661.25,69.85,68.47142857142856,Waiting
2022-07-22 09:15:00,16629.0,61.87,67.21214285714285,Waiting
2022-07-22 10:15:00,16638.25,68.86,67.07714285714285,Waiting
2022-07-22 11:15:00,16680.5,73.91,67.48928571428571,Waiting
2022-07-22 12:15:00,16680.4,76.71,68.05,Waiting
2022-07-22 13:15:00,16727.8,77.97,68.26357142857144,Waiting
2022-07-22 14:15:00,16729.05,74.62,68.15714285714286,Waiting
2022-07-22 15:15:00,16707.75,70.72,68.00285714285714,Waiting
2022-07-22 16:15:00,16714.3,70.95,67.635,Waiting
2022-07-25 08:15:00,16662.55,66.72,67.27642857142857,Waiting
2022-07-25 09:15:00,16622.25,58.1,67.88428571428571,Waiting
2022-07-25 10:15:00,16568.15,44.31,66.66785714285713,Waiting
2022-07-25 11:15:00,16589.1,45.6,65.62642857142858,Waiting
2022-07-25 12:15:00,16619.7,51.21,65.1,Waiting
2022-07-25 13:15:00,16647.95,48.28,63.559285714285714,Waiting
2022-07-25 14:15:00,16632.6,50.49,62.746428571428574,Waiting
2022-07-25 15:15:00,16605.3,45.75,61.09571428571429,Waiting
2022-07-25 16:15:00,16610.05,39.93,58.66857142857143,Waiting
2022-07-26 08:15:00,16632.9,43.63,56.30571428571428,Waiting
2022-07-26 09:15:00,16512.1,25.82,52.580714285714286,Waiting
2022-07-26 10:15:00,16504.45,25.18,49.04928571428571,Buy
2022-07-26 11:15:00,16536.9,31.58,46.25357142857143,Hold
2022-07-26 12:15:00,16552.0,32.81,43.52928571428571,Hold
2022-07-26 13:15:00,16538.95,35.74,41.31642857142857,Hold
2022-07-26 14:15:00,16482.7,34.48,39.62928571428571,Hold
2022-07-26 15:15:00,16474.7,38.42,39.20857142857143,Hold
2022-07-26 16:15:00,16466.55,34.31,38.402142857142856,Hold
2022-07-27 08:15:00,16475.35,30.43,36.917857142857144,Hold
2022-07-27 09:15:00,16523.2,33.94,35.89357142857143,Hold
2022-07-27 10:15:00,16543.65,38.7,35.051428571428566,Hold
2022-07-27 11:15:00,16568.5,45.29,35.018571428571434,Hold
2022-07-27 12:15:00,16593.9,48.04,35.597857142857144,Hold
2022-07-27 13:15:00,16582.0,43.65,35.59928571428572,Hold
2022-07-27 14:15:00,16643.65,69.26,38.70214285714285,Hold
2022-07-27 15:15:00,16644.55,70.92,41.96928571428572,Sell
2022-07-27 16:15:00,16642.75,67.4,44.527857142857144,Waiting
2022-07-28 08:15:00,16774.85,76.46,47.64571428571429,Waiting
2022-07-28 09:15:00,16819.95,81.0,50.87857142857143,Waiting
2022-07-28 10:15:00,16877.1,93.43,55.089285714285715,Waiting
2022-07-28 11:15:00,16893.85,95.28,59.15071428571428,Waiting
2022-07-28 12:15:00,16913.5,97.11,63.63642857142857,Waiting
2022-07-28 13:15:00,16920.6,97.1,68.39857142857143,Waiting
2022-07-28 14:15:00,16936.3,96.89,72.895,Waiting
2022-07-28 15:15:00,16936.2,96.72,77.03928571428571,Waiting
2022-07-28 16:15:00,16922.05,93.17,80.45928571428571,Waiting
2022-07-29 08:15:00,17079.5,94.84,83.80214285714285,Waiting
2022-07-29 09:15:00,17109.3,97.13,87.62214285714286,Waiting
2022-07-29 10:15:00,17098.75,94.77,89.44428571428571,Waiting
2022-07-29 11:15:00,17101.5,94.79,91.14928571428572,Waiting
2022-07-29 12:15:00,17106.2,95.17,93.13285714285715,Waiting
2022-07-29 13:15:00,17079.15,87.29,93.90642857142858,Waiting
2022-07-29 14:15:00,17159.8,88.31,94.42857142857143,Waiting
2022-07-29 15:15:00,17166.45,86.81,93.95571428571428,Waiting
2022-07-29 16:15:00,17157.95,84.32,93.17285714285713,Waiting
2022-08-01 08:15:00,17243.2,86.6,92.42214285714286,Waiting
2022-08-01 09:15:00,17272.95,87.24,91.71785714285714,Waiting
2022-08-01 10:15:00,17266.0,85.51,90.905,Waiting
2022-08-01 11:15:00,17261.7,84.74,90.04928571428572,Waiting
2022-08-01 12:15:00,17286.6,88.03,89.68214285714285,Waiting
2022-08-01 13:15:00,17309.7,83.37,88.86285714285714,Waiting
2022-08-01 14:15:00,17334.9,83.15,87.86428571428571,Waiting
2022-08-01 15:15:00,17334.25,85.64,87.21214285714287,Waiting
2022-08-01 16:15:00,17332.3,85.01,86.51357142857144,Waiting
2022-08-02 08:15:00,17310.15,79.38,85.38571428571427,Waiting
2022-08-02 09:15:00,17226.3,68.22,84.02357142857143,Waiting
2022-08-02 10:15:00,17254.9,63.52,82.25285714285714,Waiting
2022-08-02 11:15:00,17292.4,66.46,80.79928571428572,Waiting
2022-08-02 12:15:00,17240.85,59.74,79.04357142857144,Waiting
2022-08-03 12:15:00,17287.9,55.77,76.84142857142857,Waiting
2022-08-03 13:15:00,17305.4,54.32,74.49,Waiting
2022-08-03 14:15:00,17401.15,64.56,72.99357142857143,Waiting
2022-08-03 15:15:00,17397.8,64.69,71.56142857142858,Waiting
2022-08-03 16:15:00,17392.9,62.0,69.70214285714285,Waiting
2022-08-04 08:15:00,17463.1,65.65,68.43642857142858,Waiting
2022-08-04 09:15:00,17434.3,60.06,66.78714285714285,Waiting
2022-08-04 10:15:00,17397.25,55.94,64.66571428571429,Waiting
2022-08-04 11:15:00,17307.3,47.98,62.02071428571429,Waiting
2022-08-04 12:15:00,17313.4,50.27,59.941428571428574,Waiting
2022-08-04 13:15:00,17285.3,55.4,59.02571428571429,Waiting
2022-08-04 14:15:00,17377.4,60.04,58.777142857142856,Waiting
2022-08-04 15:15:00,17374.1,57.1,58.10857142857143,Waiting
2022-08-04 16:15:00,17364.0,61.53,58.23642857142857,Waiting
2022-08-05 08:15:00,17423.65,62.41,58.71071428571429,Waiting
2022-08-05 09:15:00,17432.05,61.78,59.243571428571435,Waiting
2022-08-05 10:15:00,17466.95,56.9,58.69642857142857,Waiting
2022-08-05 11:15:00,17451.1,55.45,58.03642857142857,Waiting
2022-08-05 12:15:00,17408.3,51.46,57.28357142857142,Waiting
2022-08-05 13:15:00,17380.45,41.48,55.55714285714286,Waiting
2022-08-05 14:15:00,17398.45,46.22,54.56857142857143,Waiting
2022-08-05 15:15:00,17398.25,50.11,54.152142857142856,Waiting
2022-08-05 16:15:00,17389.05,61.46,55.114999999999995,Waiting
2022-08-08 08:15:00,17401.5,62.14,55.962857142857146,Waiting
2022-08-08 09:15:00,17439.3,70.67,57.05357142857143,Waiting
2022-08-08 10:15:00,17457.5,63.41,57.294285714285714,Waiting
2022-08-08 11:15:00,17503.05,68.91,58.13785714285715,Waiting
2022-08-08 12:15:00,17520.3,72.45,58.917857142857144,Waiting
2022-08-08 13:15:00,17526.4,67.44,59.277142857142856,Waiting
2022-08-08 14:15:00,17522.95,65.69,59.55642857142857,Waiting
2022-08-08 15:15:00,17523.9,61.14,59.85928571428571,Waiting
2022-08-08 16:15:00,17527.85,65.74,60.59428571428571,Waiting
2022-08-10 08:15:00,17566.1,82.98,62.84571428571429,Waiting
2022-08-10 09:15:00,17502.95,72.31,65.04785714285715,Waiting
2022-08-10 10:15:00,17509.2,71.08,66.82357142857143,Waiting
2022-08-10 11:15:00,17509.0,71.08,68.32142857142857,Waiting
2022-08-10 12:15:00,17498.35,70.69,68.98071428571428,Waiting
2022-08-10 13:15:00,17531.25,72.79,69.74142857142857,Waiting
2022-08-10 14:15:00,17537.65,69.42,69.65214285714286,Waiting
2022-08-10 15:15:00,17537.25,66.94,69.90428571428572,Waiting
2022-08-10 16:15:00,17523.75,55.09,68.91714285714285,Waiting
2022-08-11 08:15:00,17711.65,75.58,69.14071428571428,Waiting
2022-08-11 09:15:00,17673.2,68.06,69.18499999999999,Waiting
2022-08-11 10:15:00,17680.95,69.24,69.43857142857142,Waiting
2022-08-11 11:15:00,17659.9,65.78,69.77,Waiting
2022-08-11 12:15:00,17671.75,66.4,69.81714285714285,Waiting
2022-08-11 13:15:00,17644.35,59.14,68.11428571428571,Waiting
2022-08-11 14:15:00,17652.95,70.09,67.95571428571428,Waiting
2022-08-11 15:15:00,17653.8,69.65,67.85357142857143,Waiting
2022-08-11 16:15:00,17638.65,66.93,67.55714285714285,Waiting
2022-08-12 08:15:00,17659.65,70.51,67.54428571428572,Waiting
2022-08-12 09:15:00,17678.3,69.4,67.30214285714285,Waiting
2022-08-12 10:15:00,17683.0,69.26,67.29071428571429,Waiting
2022-08-12 11:15:00,17685.0,69.5,67.47357142857143,Waiting
2022-08-12 12:15:00,17700.35,73.19,68.76642857142858,Waiting
2022-08-12 13:15:00,17709.2,49.39,66.89571428571428,Waiting
2022-08-12 14:15:00,17695.65,56.35,66.05928571428572,Waiting
2022-08-12 15:15:00,17704.6,56.65,65.16,Waiting
2022-08-12 16:15:00,17698.65,61.9,64.88285714285715,Waiting
2022-08-16 08:15:00,17797.2,75.14,65.50714285714285,Waiting
2022-08-16 09:15:00,17816.5,85.65,67.40071428571429,Waiting
2022-08-16 10:15:00,17830.95,85.99,68.53642857142857,Waiting
2022-08-16 11:15:00,17797.7,75.72,68.97,Waiting
2022-08-16 12:15:00,17777.1,74.28,69.495,Waiting
2022-08-16 13:15:00,17794.75,73.97,69.74214285714287,Waiting
2022-08-16 14:15:00,17830.35,75.45,70.17428571428572,Waiting
2022-08-16 15:15:00,17832.1,75.2,70.59857142857143,Waiting
2022-08-16 16:15:00,17828.3,74.08,70.92571428571429,Waiting
2022-08-17 08:15:00,17868.15,76.05,71.13000000000001,Waiting
2022-08-17 09:15:00,17909.6,78.25,73.19142857142857,Waiting
2022-08-17 10:15:00,17931.95,82.5,75.0592857142857,Waiting
2022-08-17 11:15:00,17931.05,81.85,76.85928571428572,Waiting
2022-08-17 12:15:00,17934.8,83.43,78.39714285714285,Waiting
2022-08-17 13:15:00,17924.05,73.89,78.30785714285715,Waiting
2022-08-17 14:15:00,17946.15,74.17,77.48785714285714,Waiting
2022-08-17 15:15:00,17933.95,69.36,76.3,Waiting
2022-08-17 16:15:00,17929.05,77.64,76.43714285714285,Waiting
2022-08-18 08:15:00,17898.65,74.56,76.45714285714287,Waiting
2022-08-18 09:15:00,17940.4,76.82,76.66071428571429,Waiting
2022-08-18 10:15:00,17903.9,63.5,75.80714285714285,Waiting
2022-08-18 11:15:00,17870.05,56.23,74.45214285714285,Waiting
2022-08-18 12:15:00,17900.9,60.95,73.51428571428572,Waiting
2022-08-18 13:15:00,17915.2,57.69,72.20285714285714,Waiting
2022-08-18 14:15:00,17957.3,57.78,70.74071428571429,Waiting
2022-08-18 15:15:00,17963.85,55.48,68.81071428571428,Waiting
2022-08-18 16:15:00,17964.45,55.75,66.94642857142857,Waiting
2022-08-19 08:15:00,17966.55,55.49,64.95071428571428,Waiting
2022-08-19 09:15:00,17962.8,56.87,63.735,Waiting
2022-08-19 10:15:00,17879.4,40.28,61.31428571428571,Waiting
2022-08-19 11:15:00,17806.4,34.22,58.80428571428571,Waiting
2022-08-19 12:15:00,17810.55,35.31,55.78071428571428,Waiting
2022-08-19 13:15:00,17763.4,33.9,52.87642857142857,Waiting
2022-08-19 14:15:00,17765.0,26.91,49.311428571428564,Waiting
2022-08-19 15:15:00,17736.3,27.48,46.738571428571426,Buy
2022-08-19 16:15:00,17726.95,29.42,44.823571428571434,Hold
2022-08-22 08:15:00,17682.9,19.79,41.88357142857143,Hold
2022-08-22 09:15:00,17580.25,12.71,38.67071428571428,Hold
2022-08-22 10:15:00,17562.15,3.53,34.79571428571428,Hold
2022-08-22 11:15:00,17573.85,4.68,31.16714285714286,Hold
2022-08-22 12:15:00,17546.25,4.28,27.490714285714287,Hold
2022-08-22 13:15:00,17541.15,3.79,23.797857142857143,Hold
2022-08-22 14:15:00,17495.3,3.47,19.983571428571427,Hold
2022-08-22 15:15:00,17491.3,4.13,17.40142857142857,Hold
2022-08-22 16:15:00,17494.35,5.81,15.372142857142858,Hold
2022-08-23 08:15:00,17357.35,3.36,13.09,Hold
2022-08-23 09:15:00,17517.0,29.41,12.769285714285713,Hold
2022-08-23 10:15:00,17431.5,25.56,12.672857142857142,Hold
2022-08-23 11:15:00,17464.2,30.18,12.865714285714287,Hold
2022-08-23 12:15:00,17547.25,38.18,13.491428571428571,Hold
2022-08-23 13:15:00,17573.35,42.62,15.122142857142856,Hold
2022-08-23 14:15:00,17571.1,49.29,17.735,Hold
2022-08-23 15:15:00,17615.4,53.99,21.339285714285715,Hold
2022-08-23 16:15:00,17623.35,53.73,24.842857142857138,Hold
2022-08-24 08:15:00,17525.45,48.58,28.00714285714286,Hold
2022-08-24 09:15:00,17564.4,51.51,31.415714285714284,Hold
2022-08-24 10:15:00,17614.35,57.71,35.29,Hold
2022-08-24 11:15:00,17566.35,54.6,38.894999999999996,Hold
2022-08-24 12:15:00,17543.65,52.95,42.262142857142855,Hold
2022-08-24 13:15:00,17549.65,63.64,46.567857142857136,Hold
2022-08-25 13:15:00,17692.6,62.76,48.949999999999996,Hold
2022-08-25 14:15:00,17498.9,54.23,50.99785714285714,Hold
2022-08-25 15:15:00,17516.35,53.34,52.652142857142856,Hold
2022-08-25 16:15:00,17508.2,47.24,53.299285714285716,Hold
2022-08-26 08:15:00,17619.3,52.9,54.03357142857143,Hold
2022-08-26 09:15:00,17634.6,53.95,54.36642857142858,Hold
2022-08-26 10:15:00,17586.8,48.23,53.955,Hold
2022-08-26 11:15:00,17624.25,50.05,53.69214285714286,Hold
2022-08-26 12:15:00,17586.8,53.95,54.075714285714284,Hold
2022-08-26 13:15:00,17596.05,52.12,54.11928571428571,Hold
2022-08-26 14:15:00,17555.15,45.99,53.28214285714285,Hold
2022-08-26 15:15:00,17573.85,50.53,52.99142857142857,Hold
2022-08-26 16:15:00,17582.9,52.82,52.982142857142854,Hold
2022-08-29 08:15:00,17188.65,33.34,50.81785714285714,Hold
2022-08-29 09:15:00,17313.95,32.24,48.63785714285715,Hold
2022-08-29 10:15:00,17285.1,38.14,47.48857142857143,Hold
2022-08-29 11:15:00,17327.45,39.8,46.521428571428565,Hold
2022-08-29 12:15:00,17326.8,40.12,46.012857142857136,Hold
2022-08-29 13:15:00,17358.0,34.42,44.69285714285714,Hold
2022-08-29 14:15:00,17293.8,30.8,43.03928571428571,Hold
2022-08-29 15:15:00,17320.8,34.65,42.06928571428572,Hold
2022-08-29 16:15:00,17335.8,32.91,40.84499999999999,Hold
2022-08-30 08:15:00,17414.95,40.3,39.870000000000005,Hold
2022-08-30 09:15:00,17480.85,43.89,39.28214285714286,Hold
2022-08-30 10:15:00,17542.7,49.35,39.52214285714286,Hold
2022-08-30 11:15:00,17582.0,50.41,39.513571428571424,Hold
2022-08-30 12:15:00,17635.45,52.55,39.49428571428571,Hold
2022-08-30 13:15:00,17662.6,85.83,43.24357142857143,Sell
2022-08-30 14:15:00,17762.8,85.27,47.03142857142857,Waiting
2022-08-30 15:15:00,17772.45,89.49,50.699285714285715,Waiting
2022-08-30 16:15:00,17744.2,84.56,53.896428571428565,Waiting
2022-09-01 08:15:00,17485.7,59.23,55.26142857142857,Waiting
2022-09-01 09:15:00,17660.75,65.07,57.45071428571429,Waiting
2022-09-01 10:15:00,17647.35,68.53,60.145714285714284,Waiting
2022-09-01 11:15:00,17618.4,65.57,62.354285714285716,Waiting
2022-09-01 12:15:00,17551.75,60.72,64.34071428571428,Waiting
2022-09-01 13:15:00,17518.5,55.38,65.41785714285713,Waiting
2022-09-01 14:15:00,17555.0,53.98,66.13857142857142,Waiting
2022-09-01 15:15:00,17551.15,50.48,66.2192857142857,Waiting
2022-09-01 16:15:00,17563.25,48.89,66.11071428571428,Waiting
2022-09-02 08:15:00,17598.4,47.76,65.76857142857143,Waiting
2022-09-02 09:15:00,17496.55,40.81,62.55285714285714,Waiting
2022-09-02 10:15:00,17532.85,36.3,59.055,Waiting
2022-09-02 11:15:00,17555.25,37.26,55.324285714285715,Waiting
2022-09-02 12:15:00,17585.55,40.71,52.19214285714286,Waiting
2022-09-02 13:15:00,17612.95,60.21,52.262142857142855,Waiting
2022-09-02 14:15:00,17550.75,39.22,50.41571428571428,Waiting
2022-09-02 15:15:00,17539.25,39.37,48.332857142857144,Waiting
2022-09-02 16:15:00,17527.85,40.78,46.56214285714285,Waiting
2022-09-05 08:15:00,17546.45,49.4,45.75357142857143,Waiting
2022-09-05 09:15:00,17648.15,62.68,46.275,Waiting
2022-09-05 10:15:00,17632.35,57.88,46.55357142857143,Waiting
2022-09-05 11:15:00,17660.0,60.58,47.275,Waiting
2022-09-05 12:15:00,17650.45,58.52,47.962857142857146,Waiting
2022-09-05 13:15:00,17669.4,57.16,48.63428571428572,Waiting
2022-09-05 14:15:00,17671.95,72.13,50.87142857142857,Waiting
2022-09-05 15:15:00,17659.55,67.01,53.065,Waiting
2022-09-05 16:15:00,17653.9,63.87,54.965714285714284,Waiting
2022-09-06 08:15:00,17695.7,65.0,56.700714285714284,Waiting
2022-09-06 09:15:00,17641.15,53.58,56.22714285714286,Waiting
2022-09-06 10:15:00,17667.45,66.28,58.160000000000004,Waiting
2022-09-06 11:15:00,17682.6,69.8,60.33357142857143,Waiting
2022-09-06 12:15:00,17694.0,72.95,62.63142857142857,Waiting
2022-09-06 13:15:00,17697.0,71.73,64.22642857142857,Waiting
2022-09-06 14:15:00,17653.05,50.85,63.38142857142857,Waiting
2022-09-06 15:15:00,17649.85,53.17,63.045,Waiting
2022-09-06 16:15:00,17651.6,48.32,62.169285714285714,Waiting
2022-09-07 08:15:00,17519.4,32.43,60.30571428571428,Waiting
2022-09-07 09:15:00,17579.0,39.07,59.01357142857143,Waiting
2022-09-07 10:15:00,17538.55,35.22,56.37714285714286,Waiting
2022-09-07 11:15:00,17614.6,45.64,54.85071428571429,Waiting
2022-09-07 12:15:00,17617.85,46.48,53.60857142857143,Waiting
2022-09-07 13:15:00,17628.95,43.08,52.042857142857144,Waiting
2022-09-07 14:15:00,17617.1,47.26,51.59142857142857,Waiting
2022-09-07 15:15:00,17627.75,45.31,50.09357142857143,Waiting
2022-09-07 16:15:00,17629.5,43.53,48.21714285714285,Waiting
2022-09-08 08:15:00,17748.15,55.23,46.95142857142857,Waiting
2022-09-08 09:15:00,17770.0,56.81,45.885714285714286,Waiting
2022-09-08 10:15:00,17746.15,59.02,46.46928571428571,Waiting
2022-09-08 11:15:00,17751.4,59.8,46.94285714285714,Waiting
2022-09-08 12:15:00,17723.2,56.57,47.53214285714285,Waiting
2022-09-08 13:15:00,17746.75,76.07,50.64928571428572,Waiting
2022-09-08 14:15:00,17796.35,75.51,53.25214285714286,Waiting
2022-09-08 15:15:00,17796.3,83.42,56.69499999999999,Waiting
2022-09-08 16:15:00,17800.1,79.59,59.12,Waiting
2022-09-09 08:15:00,17923.35,85.24,61.88857142857143,Waiting
2022-09-09 09:15:00,17894.3,79.4,64.48285714285714,Waiting
2022-09-09 10:15:00,17883.45,79.57,66.79071428571429,Waiting
2022-09-09 11:15:00,17824.9,69.78,68.53857142857143,Waiting
2022-09-09 12:15:00,17829.45,69.95,70.42571428571429,Waiting
2022-09-09 13:15:00,17846.85,62.34,70.93357142857143,Waiting
2022-09-09 14:15:00,17838.85,58.92,71.08428571428571,Waiting
2022-09-09 15:15:00,17814.25,58.81,71.06928571428571,Waiting
2022-09-09 16:15:00,17829.3,59.82,71.07071428571429,Waiting
2022-09-12 08:15:00,17890.85,69.5,71.99428571428572,Waiting
2022-09-12 09:15:00,17967.1,72.83,71.76285714285714,Waiting
2022-09-12 10:15:00,17946.9,66.61,71.12714285714286,Waiting
2022-09-12 11:15:00,17968.35,68.13,70.035,Waiting
2022-09-12 12:15:00,17952.55,65.67,69.04071428571429,Waiting
2022-09-12 13:15:00,17977.5,56.97,67.02142857142857,Waiting
2022-09-12 14:15:00,17933.25,54.83,65.26642857142858,Waiting
2022-09-12 15:15:00,17925.5,55.25,63.52928571428571,Waiting
2022-09-12 16:15:00,17931.6,65.33,63.21142857142858,Waiting
2022-09-13 08:15:00,18044.45,73.56,63.46928571428571,Waiting
2022-09-13 09:15:00,18058.8,73.39,64.25857142857143,Waiting
2022-09-13 10:15:00,18051.75,73.54,65.30285714285715,Waiting
2022-09-13 11:15:00,18070.95,78.73,66.72571428571429,Waiting
2022-09-13 12:15:00,18067.35,77.34,67.97714285714285,Waiting
2022-09-13 13:15:00,18081.95,74.6,68.34142857142857,Waiting
2022-09-13 14:15:00,18070.0,65.87,67.84428571428572,Waiting
2022-09-13 15:15:00,18064.15,68.93,68.01,Waiting
2022-09-13 16:15:00,18066.5,66.88,67.9207142857143,Waiting
2022-09-14 08:15:00,17771.15,34.09,65.66499999999999,Waiting
2022-09-14 09:15:00,17913.5,45.35,64.83500000000001,Waiting
2022-09-14 10:15:00,17949.05,51.16,64.57285714285715,Waiting
2022-09-14 11:15:00,18002.55,55.32,64.57785714285714,Waiting
2022-09-14 12:15:00,18055.9,58.05,64.05785714285715,Waiting
2022-09-14 13:15:00,18072.85,52.1,62.525,Waiting
2022-09-14 14:15:00,18074.3,51.17,60.93785714285714,Waiting
2022-09-15 14:15:00,17877.6,39.79,58.527142857142856,Waiting
2022-09-15 15:15:00,17868.2,37.97,55.6157142857143,Waiting
2022-09-15 16:15:00,17872.3,38.44,52.83714285714286,Waiting
2022-09-16 08:15:00,17796.8,34.23,49.95357142857143,Waiting
2022-09-16 09:15:00,17666.35,30.27,47.410714285714285,Waiting
2022-09-16 10:15:00,17699.85,32.66,44.81999999999999,Waiting
2022-09-16 11:15:00,17657.8,31.26,42.27571428571428,Waiting
2022-09-16 12:15:00,17600.4,39.98,42.69642857142857,Waiting
2022-09-16 13:15:00,17531.2,25.47,41.276428571428575,Waiting
2022-09-16 14:15:00,17542.35,23.06,39.269285714285715,Buy
2022-09-16 15:15:00,17524.7,16.76,36.515,Hold
2022-09-16 16:15:00,17550.1,13.4,33.325714285714284,Hold
2022-09-19 08:15:00,17540.65,11.06,30.39428571428571,Hold
2022-09-19 09:15:00,17625.4,20.73,28.22,Hold
2022-09-19 10:15:00,17650.4,30.91,27.585714285714282,Hold
2022-09-19 11:15:00,17633.45,30.52,27.053571428571427,Hold
2022-09-19 12:15:00,17617.15,29.25,26.397142857142857,Hold
2022-09-19 13:15:00,17654.75,37.69,26.64428571428571,Hold
2022-09-19 14:15:00,17620.8,45.26,27.715,Hold
2022-09-19 15:15:00,17632.65,42.67,28.430000000000003,Hold
2022-09-19 16:15:00,17631.85,46.89,29.54642857142857,Hold
2022-09-20 08:15:00,17770.4,67.05,31.48,Hold
2022-09-20 09:15:00,17855.3,81.51,35.48285714285714,Sell
2022-09-20 10:15:00,17871.75,81.7,39.67142857142857,Waiting
2022-09-20 11:15:00,17882.8,84.9,44.53857142857142,Waiting
2022-09-20 12:15:00,17913.25,85.05,49.65642857142858,Waiting
2022-09-20 13:15:00,17883.95,81.91,54.71714285714285,Waiting
2022-09-20 14:15:00,17804.55,66.82,58.00928571428572,Waiting
2022-09-20 15:15:00,17804.6,65.19,60.457857142857144,Waiting
2022-09-20 16:15:00,17791.25,65.65,62.96714285714285,Waiting
2022-09-21 08:15:00,17766.35,64.55,65.48857142857142,Waiting
2022-09-21 09:15:00,17794.15,63.86,67.35785714285714,Waiting
2022-09-21 10:15:00,17805.0,69.2,69.06785714285715,Waiting
2022-09-21 11:15:00,17690.5,54.97,69.94642857142857,Waiting
2022-09-21 12:15:00,17712.1,56.65,70.64357142857143,Waiting
2022-09-21 13:15:00,17785.6,51.41,69.52642857142857,Waiting
2022-09-21 14:15:00,17716.75,36.73,66.32785714285714,Waiting
2022-09-21 15:15:00,17709.55,34.18,62.933571428571426,Waiting
2022-09-21 16:15:00,17715.9,33.58,59.267857142857146,Waiting
2022-09-22 08:15:00,17609.65,24.0,54.90714285714285,Waiting
2022-09-22 09:15:00,17665.45,32.1,51.34928571428571,
2022-09-22 10:15:00,17625.95,34.35,49.03000000000001,
2022-09-22 11:15:00,17558.3,30.7,46.56642857142857,
2022-09-22 12:15:00,17608.25,36.44,44.480000000000004,
2022-09-22 13:15:00,17690.0,44.78,43.06785714285714,
2022-09-22 14:15:00,17623.3,38.91,41.285714285714285,
2022-09-22 15:15:00,17624.65,38.15,39.067857142857136,
2022-09-22 16:15:00,17635.95,45.85,38.41642857142857,
2022-09-23 08:15:00,17593.85,41.28,37.31857142857143,
2022-09-23 09:15:00,17460.3,27.97,35.644285714285715,Buy
2022-09-23 10:15:00,17440.3,29.95,35.160000000000004,Hold
2022-09-23 11:15:00,17432.2,29.91,34.855,Hold
2022-09-23 12:15:00,17391.65,27.62,34.42928571428571,Hold
2022-09-23 13:15:00,17365.2,31.04,34.93214285714286,Hold
2022-09-23 14:15:00,17322.5,22.85,34.271428571428565,Hold
2022-09-23 15:15:00,17315.95,24.11,33.54,Hold
2022-09-23 16:15:00,17332.25,29.35,33.443571428571424,Hold
2022-09-26 08:15:00,17156.3,16.44,32.015,Hold
2022-09-26 09:15:00,17046.6,4.13,29.111428571428572,Hold
2022-09-26 10:15:00,16996.1,4.23,26.634285714285713,Hold
2022-09-26 11:15:00,17065.1,12.83,24.825714285714287,Hold
2022-09-26 12:15:00,17161.25,21.66,23.097857142857144,Hold
2022-09-26 13:15:00,17070.35,20.47,21.611428571428572,Hold
2022-09-26 14:15:00,17021.55,22.63,21.23,Hold
2022-09-26 15:15:00,17027.3,23.77,20.788571428571426,Hold
2022-09-26 16:15:00,17027.85,24.08,20.372142857142858,Hold
2022-09-27 08:15:00,17110.9,32.93,20.75142857142857,Hold
2022-09-27 09:15:00,17033.25,31.0,20.74857142857143,Hold
2022-09-27 10:15:00,16946.3,29.51,21.224285714285717,Hold
2022-09-27 11:15:00,17054.05,37.15,22.155714285714286,Hold
2022-09-27 12:15:00,17083.35,37.94,22.76928571428571,Hold
2022-09-27 13:15:00,17044.6,43.76,24.720714285714283,Hold
2022-09-27 14:15:00,16999.3,47.15,27.79357142857143,Hold
2022-09-27 15:15:00,17023.0,51.67,31.182142857142853,Hold
2022-09-27 16:15:00,17043.45,48.57,33.735,Hold
2022-09-28 08:15:00,16870.55,32.53,34.511428571428574,Hold
2022-09-28 09:15:00,16959.55,43.32,36.14357142857143,Hold
2022-09-28 10:15:00,16964.65,46.38,37.839999999999996,Hold
2022-09-28 11:15:00,17022.05,49.69,39.691428571428574,Hold
2022-09-28 12:15:00,16965.2,46.5,41.292857142857144,Hold
2022-09-28 13:15:00,16942.85,39.92,41.792142857142856,Hold
2022-09-28 14:15:00,16861.0,39.72,42.415000000000006,Hold
2022-09-28 15:15:00,16841.85,43.22,43.394285714285715,Hold
2022-09-28 16:15:00,16826.15,33.19,43.11142857142857,Hold
2022-09-29 08:15:00,16993.6,44.5,43.58,Hold
2022-09-29 09:15:00,16989.55,46.48,43.77428571428572,Hold
2022-09-29 10:15:00,16929.1,45.59,43.66285714285714,Hold
2022-09-29 11:15:00,16894.55,42.04,42.975,Hold
2022-09-29 12:15:00,16816.25,36.87,42.13928571428572,Hold
2022-09-29 13:15:00,16834.2,47.44,43.20428571428572,Hold
2022-09-29 14:15:00,16830.05,39.64,42.94142857142857,Hold
2022-09-29 15:15:00,16825.65,38.87,42.404999999999994,Hold
2022-09-29 16:15:00,16842.9,34.67,41.332142857142856,Hold
2022-09-30 08:15:00,16798.05,35.4,40.53928571428571,Hold
2022-09-30 09:15:00,16851.9,42.47,40.721428571428575,Hold
2022-09-30 10:15:00,16941.4,56.57,41.925,Hold
2022-09-30 11:15:00,16994.15,61.8,43.252142857142864,Hold
2022-09-30 12:15:00,17071.95,67.38,45.69428571428572,Hold
2022-09-30 13:15:00,17162.65,63.4,47.044285714285714,Hold
2022-09-30 14:15:00,17066.05,55.29,47.67357142857143,Hold
2022-09-30 15:15:00,17114.05,63.01,48.91785714285714,Hold
2022-09-30 16:15:00,17107.2,65.57,50.59857142857142,Hold
2022-10-03 08:15:00,17102.1,73.44,53.21071428571428,Sell
2022-10-03 09:15:00,16979.35,60.16,54.11928571428571,Waiting
2022-10-03 10:15:00,16979.8,60.53,55.61142857142857,Waiting
2022-10-03 11:15:00,17015.7,62.8,57.32071428571429,Waiting
2022-10-03 12:15:00,17020.65,62.17,59.28499999999999,Waiting
2022-10-03 13:15:00,16937.3,59.06,60.975,Waiting
2022-10-03 14:15:00,16891.25,52.59,61.69785714285714,Waiting
2022-10-03 15:15:00,16880.55,45.54,60.910000000000004,Waiting
2022-10-03 16:15:00,16876.0,40.68,59.40142857142856,Waiting
2022-10-04 08:15:00,17147.45,54.56,58.48571428571429,Waiting
2022-10-04 09:15:00,17223.25,53.73,57.795,Waiting
2022-10-04 10:15:00,17218.95,60.62,58.175714285714285,Waiting
2022-10-04 11:15:00,17237.15,58.92,57.88357142857143,Waiting
2022-10-04 12:15:00,17245.9,60.02,57.48714285714285,Waiting
2022-10-04 13:15:00,17258.9,61.2,56.612857142857145,Waiting
2022-10-04 14:15:00,17273.75,74.85,57.662142857142854,Waiting
2022-10-04 15:15:00,17279.4,75.07,58.70071428571429,Waiting
2022-10-04 16:15:00,17277.45,73.22,59.445,Waiting
2022-10-06 11:15:00,17384.25,77.32,60.527142857142856,Waiting
2022-10-06 12:15:00,17397.1,88.65,62.64071428571429,Waiting
2022-10-06 13:15:00,17356.35,89.44,65.27285714285715,Waiting
2022-10-06 14:15:00,17331.1,87.29,68.255,Waiting
2022-10-06 15:15:00,17326.4,87.27,71.58285714285715,Waiting
2022-10-06 16:15:00,17316.3,74.62,73.01571428571428,Waiting
2022-10-07 08:15:00,17287.2,60.79,73.52,Waiting
2022-10-07 09:15:00,17292.1,62.32,73.64142857142858,Waiting
2022-10-07 10:15:00,17267.3,54.97,73.35928571428572,Waiting
2022-10-07 11:15:00,17230.35,47.66,72.47642857142857,Waiting
2022-10-07 12:15:00,17265.15,50.88,71.73928571428571,Waiting
2022-10-07 13:15:00,17284.55,51.51,70.07214285714285,Waiting
2022-10-07 14:15:00,17307.1,53.69,68.545,Waiting
2022-10-07 15:15:00,17321.85,55.73,67.29571428571428,Waiting
2022-10-07 16:15:00,17316.15,38.12,64.49571428571429,Waiting
2022-10-10 08:15:00,17094.35,19.45,59.552857142857135,Waiting
2022-10-10 09:15:00,17085.9,20.81,54.65071428571429,Buy
2022-10-10 10:15:00,17125.75,28.51,50.45214285714286,Hold
2022-10-10 11:15:00,17213.25,39.91,47.069285714285705,Hold
2022-10-10 12:15:00,17235.45,42.94,44.80642857142857,Hold
2022-10-10 13:15:00,17159.35,39.69,43.29928571428571,Hold
2022-10-10 14:15:00,17253.2,47.26,42.223571428571425,Hold
2022-10-10 15:15:00,17245.0,48.39,41.753571428571426,Hold
2022-10-10 16:15:00,17252.45,51.67,42.040000000000006,Hold
2022-10-11 08:15:00,17256.05,49.28,41.925714285714285,Hold
2022-10-11 09:15:00,17175.25,42.11,41.25428571428572,Hold
2022-10-11 10:15:00,17150.65,38.74,40.18642857142857,Hold
2022-10-11 11:15:00,17201.35,41.76,39.18857142857143,Hold
2022-10-11 12:15:00,17124.65,38.06,39.18428571428571,Hold
2022-10-11 13:15:00,17135.35,53.47,41.614285714285714,Hold
2022-10-11 14:15:00,16980.45,42.85,43.18857142857143,Hold
2022-10-11 15:15:00,16956.1,38.25,43.88428571428572,Hold
2022-10-11 16:15:00,16964.15,30.61,43.220000000000006,Hold
2022-10-12 08:15:00,17025.55,34.6,42.62428571428571,Hold
2022-10-12 09:15:00,17007.6,37.83,42.49142857142857,Hold
2022-10-12 10:15:00,16995.55,26.21,40.987857142857145,Hold
2022-10-12 11:15:00,17099.65,38.6,40.28857142857144,Hold
2022-10-12 12:15:00,17048.05,35.0,39.097857142857144,Hold
2022-10-12 13:15:00,17091.6,38.6,38.335,Hold
2022-10-12 14:15:00,17124.85,46.26,38.63142857142857,Hold
2022-10-12 15:15:00,17125.65,48.08,39.29857142857143,Hold
2022-10-12 16:15:00,17129.05,44.0,39.458571428571425,Hold
2022-10-13 08:15:00,17087.35,46.72,40.07714285714286,Hold
2022-10-13 09:15:00,17029.05,41.36,39.21214285714286,Hold
2022-10-13 10:15:00,17014.25,53.56,39.97714285714285,Hold
2022-10-13 11:15:00,16995.05,54.14,41.11214285714285,Hold
2022-10-13 12:15:00,17021.6,55.88,42.91714285714285,Hold
2022-10-13 13:15:00,17022.85,49.68,43.99428571428571,Hold
2022-10-13 14:15:00,17017.85,51.23,44.95142857142857,Hold
2022-10-13 15:15:00,17023.7,53.44,46.896428571428565,Hold
2022-10-13 16:15:00,17017.8,36.85,46.771428571428565,Hold
2022-10-14 08:15:00,17322.3,74.31,49.57928571428571,Sell
2022-10-14 09:15:00,17298.7,69.03,51.752857142857145,Waiting
2022-10-14 10:15:00,17296.25,66.7,53.21285714285714,Waiting
2022-10-14 11:15:00,17344.4,69.51,54.743571428571435,Waiting
2022-10-14 12:15:00,17289.45,63.1,56.10785714285714,Waiting
2022-10-14 13:15:00,17256.3,63.99,57.34142857142857,Waiting
2022-10-14 14:15:00,17180.5,62.19,58.82928571428572,Waiting
2022-10-14 15:15:00,17194.75,64.54,59.61357142857143,Waiting
2022-10-14 16:15:00,17200.35,66.91,60.52571428571429,Waiting
2022-10-17 08:15:00,17144.8,59.69,60.79785714285715,Waiting
2022-10-17 09:15:00,17219.25,63.85,61.81,Waiting
2022-10-17 10:15:00,17263.7,66.42,62.894999999999996,Waiting
2022-10-17 11:15:00,17271.95,66.53,63.83,Waiting
2022-10-17 12:15:00,17298.1,68.17,66.06714285714285,Waiting
2022-10-17 13:15:00,17292.2,46.82,64.10357142857143,Waiting
2022-10-17 14:15:00,17298.05,49.93,62.739285714285714,Waiting
2022-10-17 15:15:00,17326.25,53.12,61.76928571428572,Waiting
2022-10-17 16:15:00,17320.55,47.28,60.18142857142857,Waiting
2022-10-18 08:15:00,17438.75,64.89,60.309285714285714,Waiting
2022-10-18 09:15:00,17503.6,73.19,60.96642857142857,Waiting
2022-10-18 10:15:00,17483.1,81.66,62.357142857142854,Waiting
2022-10-18 11:15:00,17508.2,82.07,63.60928571428571,Waiting
2022-10-18 12:15:00,17490.2,78.92,64.46714285714286,Waiting
2022-10-18 13:15:00,17471.2,85.13,66.28428571428572,Waiting
2022-10-18 14:15:00,17483.65,82.84,67.64071428571428,Waiting
2022-10-18 15:15:00,17487.05,80.89,68.67428571428572,Waiting
2022-10-18 16:15:00,17490.6,80.64,69.68214285714286,Waiting
2022-10-19 08:15:00,17568.15,83.07,70.74642857142857,Waiting
2022-10-19 09:15:00,17571.8,84.43,73.43285714285715,Waiting
2022-10-19 10:15:00,17579.35,84.5,75.90214285714285,Waiting
2022-10-19 11:15:00,17547.45,76.88,77.5992857142857,Waiting
2022-10-19 12:15:00,17517.5,72.6,79.40785714285714,Waiting
2022-10-19 13:15:00,17546.45,65.55,79.45500000000001,Waiting
2022-10-19 14:15:00,17509.35,50.9,77.86285714285714,Waiting
2022-10-19 15:15:00,17529.05,57.23,76.11785714285713,Waiting
2022-10-19 16:15:00,17518.85,51.76,73.95285714285714,Waiting
2022-10-20 08:15:00,17423.1,41.19,71.25785714285713,Waiting
2022-10-20 09:15:00,17473.1,50.23,68.765,Waiting
2022-10-20 10:15:00,17480.3,49.59,66.39,Waiting
2022-10-20 11:15:00,17476.1,48.66,64.08785714285713,Waiting
2022-10-20 12:15:00,17506.2,51.8,62.02785714285714,Waiting
2022-10-20 13:15:00,17506.15,41.3,59.044285714285714,Waiting
2022-10-20 14:15:00,17567.2,49.44,56.544999999999995,Waiting
2022-10-20 15:15:00,17573.4,49.28,54.02928571428571,Waiting
2022-10-20 16:15:00,17565.25,52.29,52.27285714285714,Waiting
2022-10-21 08:15:00,17622.85,62.65,51.56214285714286,Waiting
2022-10-21 09:15:00,17649.8,62.47,51.34214285714285,Waiting
2022-10-21 10:15:00,17634.45,65.94,52.41642857142857,Waiting
2022-10-21 11:15:00,17654.7,65.98,53.04142857142857,Waiting
2022-10-21 12:15:00,17651.75,67.22,54.145714285714284,Waiting
2022-10-21 13:15:00,17572.15,70.16,56.214999999999996,Waiting
2022-10-21 14:15:00,17571.0,65.26,57.28857142857142,Waiting
2022-10-21 15:15:00,17595.2,67.01,58.53285714285715,Waiting
2022-10-21 16:15:00,17583.75,65.6,59.74285714285714,Waiting
2022-10-24 17:15:00,17736.35,74.61,61.372142857142855,Waiting
2022-10-24 18:15:00,17738.95,74.76,63.762142857142855,Waiting
2022-10-24 19:15:00,17730.75,69.6,65.20214285714286,Waiting
2022-10-25 08:15:00,17808.3,74.04,66.97071428571428,Waiting
2022-10-25 09:15:00,17757.2,68.06,68.09714285714286,Waiting
2022-10-25 10:15:00,17683.1,55.5,67.58642857142857,Waiting
2022-10-25 11:15:00,17692.05,53.99,66.98071428571428,Waiting
2022-10-25 12:15:00,17661.1,52.44,66.01642857142858,Waiting
2022-10-25 13:15:00,17708.0,54.66,65.20785714285715,Waiting
2022-10-25 14:15:00,17651.7,50.0,63.97785714285715,Waiting
2022-10-25 15:15:00,17643.25,56.41,62.99571428571429,Waiting
2022-10-25 16:15:00,17642.65,56.47,62.36785714285715,Waiting
2022-10-27 08:15:00,17771.4,63.38,62.10857142857144,Waiting
2022-10-27 09:15:00,17731.4,60.75,61.76214285714286,Waiting
2022-10-27 10:15:00,17735.75,49.94,60.0,Waiting
2022-10-27 11:15:00,17723.5,48.59,58.13071428571429,Waiting
2022-10-28 11:15:00,17773.05,53.59,56.987142857142864,Waiting
2022-10-28 12:15:00,17752.65,44.78,54.89714285714286,Waiting
2022-10-28 13:15:00,17733.5,47.63,53.43785714285714,Waiting
2022-10-28 14:15:00,17791.25,61.16,53.84214285714285,Waiting
2022-10-28 15:15:00,17794.75,60.72,54.32285714285714,Waiting
2022-10-28 16:15:00,17795.95,65.01,55.22071428571429,Waiting
2022-10-31 08:15:00,17910.2,69.57,56.285714285714285,Waiting
2022-10-31 09:15:00,17958.2,80.16,58.44,Waiting
2022-10-31 10:15:00,17966.35,81.81,60.25428571428571,Waiting
2022-10-31 11:15:00,17981.9,82.44,62.10928571428571,Waiting
2022-10-31 12:15:00,17971.0,74.64,62.91357142857142,Waiting
2022-10-31 13:15:00,17956.8,79.72,64.26857142857143,Waiting
2022-10-31 14:15:00,18017.95,82.36,66.58428571428571,Waiting
2022-10-31 15:15:00,18019.15,84.79,69.17,Waiting
2022-10-31 16:15:00,18015.7,82.02,71.20071428571428,Waiting
2022-11-01 08:15:00,18130.7,89.93,74.42571428571429,Waiting
2022-11-01 09:15:00,18160.95,94.11,77.74571428571429,Waiting
2022-11-01 10:15:00,18154.75,91.97,79.94642857142857,Waiting
2022-11-01 11:15:00,18124.5,85.86,81.74214285714287,Waiting
2022-11-01 12:15:00,18068.5,76.48,82.56142857142858,Waiting
2022-11-01 13:15:00,18108.1,72.49,82.77,Waiting
2022-11-01 14:15:00,18148.3,72.0,82.18714285714286,Waiting
2022-11-01 15:15:00,18148.2,71.44,81.44642857142857,Waiting
2022-11-01 16:15:00,18142.75,69.43,80.51714285714286,Waiting
2022-11-02 08:15:00,18177.9,73.61,80.44357142857143,Waiting
2022-11-02 09:15:00,18119.45,66.86,79.52499999999999,Waiting
2022-11-02 10:15:00,18116.65,61.64,78.045,Waiting
2022-11-02 11:15:00,18088.7,57.71,76.11071428571428,Waiting
2022-11-02 12:15:00,18079.2,56.95,74.32000000000001,Waiting
2022-11-02 13:15:00,18051.25,39.26,70.70071428571428,Waiting
2022-11-02 14:15:00,18082.65,39.45,66.79642857142858,Waiting
2022-11-02 15:15:00,18075.35,39.33,63.03642857142857,Waiting
2022-11-02 16:15:00,18072.1,42.41,59.93285714285714,Waiting
2022-11-03 08:15:00,17968.35,37.25,57.130714285714284,Waiting
2022-11-03 09:15:00,18081.3,47.13,55.31928571428572,Waiting
2022-11-03 10:15:00,18085.35,42.68,53.225,Waiting
2022-11-03 11:15:00,18040.95,38.7,50.886428571428574,Waiting
2022-11-03 12:15:00,18030.3,38.28,48.66142857142857,Waiting
2022-11-03 13:15:00,18027.2,33.16,45.77214285714285,Waiting
2022-11-03 14:15:00,18050.4,41.63,43.970000000000006,Waiting
2022-11-03 15:15:00,18052.6,42.22,42.582857142857144,Waiting
2022-11-03 16:15:00,18048.05,44.76,41.65785714285715,Waiting
2022-11-04 08:15:00,18053.4,46.64,40.92142857142857,Waiting
2022-11-04 09:15:00,18034.0,47.7,41.52428571428572,Waiting
2022-11-04 10:15:00,18038.1,43.6,41.82071428571429,Waiting
2022-11-04 11:15:00,18046.3,45.84,42.285714285714285,Waiting
2022-11-04 12:15:00,18053.0,47.29,42.63428571428572,Waiting
2022-11-04 13:15:00,18056.6,67.48,44.79357142857144,Waiting
2022-11-04 14:15:00,18124.1,60.34,45.73714285714285,Waiting
2022-11-04 15:15:00,18127.0,60.12,46.98285714285714,Waiting
2022-11-04 16:15:00,18127.9,76.78,49.702857142857134,Waiting
2022-11-07 08:15:00,18211.75,88.52,53.291428571428575,Waiting
2022-11-07 09:15:00,18142.7,69.15,55.862142857142864,Waiting
2022-11-07 10:15:00,18144.25,66.77,57.65785714285715,Waiting
2022-11-07 11:15:00,18143.45,66.31,59.378571428571426,Waiting
2022-11-07 12:15:00,18110.05,60.09,60.473571428571425,Waiting
2022-11-07 13:15:00,18126.55,61.49,61.534285714285716,Waiting
2022-11-07 14:15:00,18202.25,72.45,63.30214285714286,Waiting
2022-11-07 15:15:00,18217.05,73.21,65.41714285714285,Waiting
2022-11-07 16:15:00,18203.35,70.09,67.14928571428571,Waiting
2022-11-09 08:15:00,18288.25,75.07,69.13357142857143,Waiting
2022-11-09 09:15:00,18222.95,65.67,69.00428571428571,Waiting
2022-11-09 10:15:00,18189.4,56.57,68.735,Waiting
2022-11-09 11:15:00,18174.65,54.68,68.34642857142858,Waiting
2022-11-09 12:15:00,18184.0,55.42,66.82071428571427,Waiting
2022-11-09 13:15:00,18206.7,49.45,64.03,Waiting
2022-11-09 14:15:00,18172.45,53.53,62.91428571428571,Waiting
2022-11-09 15:15:00,18144.35,50.01,61.71714285714285,Waiting
2022-11-09 16:15:00,18121.05,47.62,60.38214285714286,Waiting
2022-11-10 08:15:00,18044.35,43.6,59.20428571428572,Waiting
2022-11-10 09:15:00,18025.15,40.18,57.68214285714286,Waiting
2022-11-10 10:15:00,18035.25,31.47,54.754999999999995,Waiting
2022-11-10 11:15:00,18013.45,27.76,51.50857142857143,Waiting
2022-11-10 12:15:00,17994.55,27.45,48.462857142857146,Buy
2022-11-10 13:15:00,18001.95,12.86,44.019285714285715,Hold
2022-11-10 14:15:00,18027.4,21.7,40.878571428571426,Hold
2022-11-10 15:15:00,18034.95,25.83,38.68285714285714,Hold
2022-11-10 16:15:00,18036.8,27.52,36.74285714285714,Hold
2022-11-11 08:15:00,18272.35,58.29,36.94785714285714,Hold
2022-11-11 09:15:00,18310.55,59.47,37.66357142857142,Hold
2022-11-11 10:15:00,18310.0,63.36,38.36571428571428,Hold
2022-11-11 11:15:00,18320.45,67.72,39.630714285714284,Hold
2022-11-11 12:15:00,18324.9,71.32,41.32357142857143,Sell
2022-11-11 13:15:00,18347.7,85.75,44.33428571428571,Waiting
2022-11-11 14:15:00,18349.4,89.86,47.88285714285714,Waiting
2022-11-11 15:15:00,18352.7,89.69,52.04142857142857,Waiting
2022-11-11 16:15:00,18355.3,94.89,56.83642857142856,Waiting
2022-11-14 08:15:00,18376.4,99.86,62.00857142857143,Waiting
2022-11-14 09:15:00,18351.2,93.57,67.77357142857143,Waiting
2022-11-14 10:15:00,18345.85,91.83,72.78285714285714,Waiting
2022-11-14 11:15:00,18336.65,89.46,77.32785714285714,Waiting
2022-11-14 12:15:00,18332.7,88.49,81.68285714285715,Waiting
2022-11-14 13:15:00,18373.1,76.62,82.99214285714285,Waiting
2022-11-14 14:15:00,18330.45,55.14,82.68285714285715,Waiting
2022-11-14 15:15:00,18322.95,53.23,81.95928571428571,Waiting
2022-11-14 16:15:00,18320.25,49.95,80.69000000000001,Waiting
2022-11-15 08:15:00,18362.75,58.19,79.75214285714286,Waiting
2022-11-15 09:15:00,18307.5,42.37,76.65357142857144,Waiting
2022-11-15 10:15:00,18285.0,38.67,72.99714285714285,Waiting
2022-11-15 11:15:00,18294.05,39.89,69.44,Waiting
2022-11-15 12:15:00,18330.45,46.16,65.95928571428571,Waiting
2022-11-15 13:15:00,18320.4,41.05,61.75857142857143,Waiting
2022-11-15 14:15:00,18406.6,57.41,59.17571428571428,Waiting
2022-11-15 15:15:00,18423.65,60.09,56.90857142857143,Waiting
2022-11-15 16:15:00,18421.55,61.22,54.89142857142857,Waiting
2022-11-16 08:15:00,18398.25,58.24,52.730714285714285,Waiting
2022-11-16 09:15:00,18397.95,53.48,51.077857142857134,Waiting
2022-11-16 10:15:00,18421.45,63.45,51.67142857142857,Waiting
2022-11-16 11:15:00,18403.6,61.56,52.26642857142857,Waiting
2022-11-16 12:15:00,18409.95,62.73,53.17928571428571,Waiting
2022-11-16 13:15:00,18385.85,53.46,52.84142857142857,Waiting
2022-11-16 14:15:00,18412.05,67.14,54.61071428571428,Waiting
2022-11-16 15:15:00,18405.55,70.86,56.910000000000004,Waiting
2022-11-16 16:15:00,18404.85,69.74,59.042142857142856,Waiting
2022-11-17 08:15:00,18358.7,54.86,59.66357142857142,Waiting
2022-11-17 09:15:00,18382.1,60.16,61.028571428571425,Waiting
2022-11-17 10:15:00,18360.3,40.33,59.80857142857143,Waiting
2022-11-17 11:15:00,18363.25,36.59,58.129999999999995,Waiting
2022-11-17 12:15:00,18379.6,41.24,56.702857142857134,Waiting
2022-11-18 12:15:00,18254.75,28.96,54.61142857142857,Waiting
2022-11-18 13:15:00,18217.45,26.12,52.65714285714285,Buy
2022-11-18 14:15:00,18322.55,39.24,50.92785714285714,Hold
2022-11-18 15:15:00,18311.5,39.83,49.37571428571429,Hold
2022-11-18 16:15:00,18304.35,38.36,47.635000000000005,Hold
2022-11-21 08:15:00,18246.4,35.7,46.36642857142857,Hold
2022-11-21 09:15:00,18179.05,27.96,43.56785714285714,Hold
2022-11-21 10:15:00,18177.7,28.24,40.52357142857143,Hold
2022-11-21 11:15:00,18162.45,27.47,37.50428571428571,Hold
2022-11-21 12:15:00,18150.25,29.32,35.68,Hold
2022-11-21 13:15:00,18155.5,26.68,33.28857142857143,Hold
2022-11-21 14:15:00,18171.3,30.31,32.572857142857146,Hold
2022-11-21 15:15:00,18160.4,29.21,32.04571428571428,Hold
2022-11-21 16:15:00,18157.95,26.62,31.00142857142857,Hold
2022-11-22 08:15:00,18179.15,39.79,31.775000000000002,Hold
2022-11-22 09:15:00,18207.2,48.58,33.379285714285714,Hold
2022-11-22 10:15:00,18206.7,27.41,32.534285714285716,Hold
2022-11-22 11:15:00,18217.15,31.56,31.94357142857143,Hold
2022-11-22 12:15:00,18205.9,31.06,31.422142857142855,Hold
2022-11-22 13:15:00,18208.9,40.85,31.79,Hold
2022-11-22 14:15:00,18249.45,69.75,34.775,Hold
2022-11-22 15:15:00,18253.45,70.94,37.824999999999996,Sell
2022-11-22 16:15:00,18251.5,76.57,41.332142857142856,Waiting
2022-11-23 08:15:00,18325.2,88.19,45.537142857142854,Waiting
2022-11-23 09:15:00,18270.1,70.54,48.67,Waiting
2022-11-23 10:15:00,18269.5,68.62,51.40642857142858,Waiting
2022-11-23 11:15:00,18280.2,72.73,54.515,Waiting
2022-11-23 12:15:00,18273.85,71.67,57.73285714285714,Waiting
2022-11-23 13:15:00,18289.55,71.08,59.96785714285715,Waiting
2022-11-23 14:15:00,18271.5,62.76,60.980714285714285,Waiting
2022-11-23 15:15:00,18256.3,59.3,63.25857142857143,Waiting
2022-11-23 16:15:00,18253.4,57.0,65.07571428571428,Waiting
2022-11-24 08:15:00,18326.1,68.75,67.76785714285714,Waiting
2022-11-24 09:15:00,18351.85,70.82,69.90857142857143,Waiting
2022-11-24 10:15:00,18365.0,68.29,69.80428571428571,Waiting
2022-11-24 11:15:00,18384.35,69.76,69.72,Waiting
2022-11-24 12:15:00,18380.75,69.42,69.20928571428571,Waiting
2022-11-24 13:15:00,18401.55,63.64,67.45571428571428,Waiting
2022-11-24 14:15:00,18482.75,84.74,68.47,Waiting
2022-11-24 15:15:00,18518.2,86.48,69.74571428571429,Waiting
2022-11-24 16:15:00,18510.85,84.17,70.56285714285714,Waiting
2022-11-25 08:15:00,18528.45,86.5,71.62214285714286,Waiting
2022-11-25 09:15:00,18477.05,74.38,71.85785714285714,Waiting
2022-11-25 10:15:00,18461.5,74.87,72.72285714285714,Waiting
2022-11-25 11:15:00,18463.05,78.06,74.06285714285715,Waiting
2022-11-25 12:15:00,18484.75,79.88,75.69714285714285,Waiting
2022-11-25 13:15:00,18486.95,75.4,76.17214285714286,Waiting
2022-11-25 14:15:00,18524.65,76.29,76.56285714285715,Waiting
2022-11-25 15:15:00,18507.9,71.51,76.79285714285716,Waiting
2022-11-25 16:15:00,18498.4,67.69,76.645,Waiting
2022-11-28 08:15:00,18430.55,56.44,75.71785714285714,Waiting
2022-11-28 09:15:00,18539.75,64.55,75.78285714285714,Waiting
2022-11-28 10:15:00,18565.2,59.83,74.00357142857142,Waiting
2022-11-28 11:15:00,18593.75,59.16,72.05214285714285,Waiting
2022-11-28 12:15:00,18606.85,61.48,70.43142857142857,Waiting
2022-11-28 13:15:00,18582.15,56.31,68.275,Waiting
2022-11-28 14:15:00,18564.7,61.2,67.33357142857143,Waiting
2022-11-28 15:15:00,18549.4,61.24,66.36,Waiting
2022-11-28 16:15:00,18553.4,61.48,65.17571428571429,Waiting
2022-11-29 08:15:00,18552.45,59.08,63.690000000000005,Waiting
2022-11-29 09:15:00,18630.5,66.0,63.01857142857143,Waiting
2022-11-29 10:15:00,18657.6,65.18,62.225,Waiting
2022-11-29 11:15:00,18666.95,68.47,62.00785714285714,Waiting
2022-11-29 12:15:00,18660.95,69.03,62.10357142857142,Waiting
2022-11-29 13:15:00,18657.0,81.18,63.87071428571429,Waiting
2022-11-29 14:15:00,18614.5,62.61,63.73214285714287,Waiting
2022-11-29 15:15:00,18603.1,56.71,63.50928571428572,Waiting
2022-11-29 16:15:00,18603.6,51.94,62.993571428571435,Waiting
2022-11-30 08:15:00,18625.7,53.58,62.42928571428571,Waiting
2022-11-30 09:15:00,18643.65,61.98,62.83428571428571,Waiting
2022-11-30 10:15:00,18635.35,64.28,63.05428571428571,Waiting
2022-11-30 11:15:00,18644.35,69.69,63.65785714285715,Waiting
2022-11-30 12:15:00,18669.7,72.15,64.42,Waiting
2022-11-30 13:15:00,18666.1,71.43,65.30214285714285,Waiting
2022-11-30 14:15:00,18765.2,73.53,65.84,Waiting
2022-11-30 15:15:00,18800.05,74.23,66.48642857142858,Waiting
2022-11-30 16:15:00,18776.95,67.87,66.44357142857143,Waiting
2022-12-01 08:15:00,18871.95,76.59,66.98357142857144,Waiting
2022-12-01 09:15:00,18843.0,72.05,66.33142857142857,Waiting
2022-12-01 10:15:00,18840.3,79.56,67.54214285714285,Waiting
2022-12-01 11:15:00,18834.55,80.76,69.26,Waiting
2022-12-01 12:15:00,18844.15,81.21,71.35071428571429,Waiting
2022-12-01 13:15:00,18824.45,75.95,72.94857142857144,Waiting
2022-12-01 14:15:00,18808.15,71.57,73.63357142857144,Waiting
2022-12-01 15:15:00,18806.95,72.93,74.25142857142858,Waiting
2022-12-01 16:15:00,18800.95,71.09,74.35142857142857,Waiting
2022-12-02 08:15:00,18752.4,60.48,73.51785714285714,Waiting
2022-12-02 09:15:00,18703.75,54.28,72.29285714285714,Waiting
2022-12-02 10:15:00,18699.35,40.45,69.92999999999999,Waiting
2022-12-02 11:15:00,18646.8,28.86,66.68928571428572,Waiting
2022-12-02 12:15:00,18681.4,37.22,64.5,
2022-12-02 13:15:00,18687.8,17.73,60.29571428571428,Buy
2022-12-02 14:15:00,18694.4,21.75,56.70285714285715,Hold
2022-12-02 15:15:00,18704.9,25.0,52.80571428571428,Hold
2022-12-02 16:15:00,18705.2,25.63,48.86785714285714,Hold
2022-12-05 08:15:00,18719.55,26.93,44.99071428571428,Hold
2022-12-05 09:15:00,18596.8,19.5,40.958571428571425,Hold
2022-12-05 10:15:00,18638.4,28.7,37.896428571428565,Hold
2022-12-05 11:15:00,18667.65,33.67,35.09214285714285,Hold
2022-12-05 12:15:00,18677.85,35.71,32.565000000000005,Hold
2022-12-05 13:15:00,18649.4,37.46,30.920714285714286,Hold
2022-12-05 14:15:00,18716.1,51.44,30.717857142857145,Hold
2022-12-05 15:15:00,18692.8,49.27,31.347857142857144,Hold
2022-12-05 16:15:00,18694.05,55.96,33.28357142857143,Hold
2022-12-06 08:15:00,18600.65,41.13,33.56285714285714,Hold
2022-12-06 09:15:00,18635.75,44.62,35.48357142857143,Hold
2022-12-06 10:15:00,18607.1,41.37,36.885,Hold
2022-12-06 11:15:00,18604.5,39.92,37.950714285714284,Hold
2022-12-06 12:15:00,18615.15,41.14,39.058571428571426,Hold
2022-12-06 13:15:00,18616.75,39.63,39.965714285714284,Hold
2022-12-06 14:15:00,18651.55,56.72,42.62428571428571,Hold
2022-12-06 15:15:00,18644.65,50.84,44.205714285714286,Hold
2022-12-06 16:15:00,18647.8,47.14,45.167857142857144,Hold
2022-12-07 08:15:00,18638.85,44.36,45.785714285714285,Hold
2022-12-07 09:15:00,18661.7,51.81,46.810714285714276,Hold
2022-12-07 10:15:00,18585.15,31.28,45.37071428571429,Hold
2022-12-07 11:15:00,18594.4,35.34,44.37571428571429,Hold
2022-12-07 12:15:00,18597.1,35.62,42.92285714285714,Hold
2022-12-07 13:15:00,18601.7,50.21,43.57142857142857,Hold
2022-12-08 13:15:00,18588.45,39.56,43.21,Hold
2022-12-08 14:15:00,18613.1,51.35,43.92285714285714,Hold
2022-12-08 15:15:00,18610.8,51.42,44.744285714285716,Hold
2022-12-08 16:15:00,18614.4,49.83,45.365,Hold
2022-12-09 08:15:00,18662.4,58.73,46.729285714285716,Hold
2022-12-09 09:15:00,18611.05,42.72,45.729285714285716,Hold
2022-12-09 10:15:00,18554.25,36.22,44.685,Hold
2022-12-09 11:15:00,18564.9,37.65,44.00714285714286,Hold
2022-12-09 12:15:00,18490.4,31.49,43.087857142857146,Hold
2022-12-09 13:15:00,18449.3,24.67,41.14928571428572,Hold
2022-12-09 14:15:00,18509.5,40.61,41.815714285714286,Hold
2022-12-09 15:15:00,18490.35,37.4,41.96285714285714,Hold
2022-12-09 16:15:00,18493.25,37.43,42.09214285714286,Hold
2022-12-12 08:15:00,18402.15,30.03,40.65071428571429,Hold
2022-12-12 09:15:00,18477.95,40.17,40.694285714285705,Hold
2022-12-12 10:15:00,18512.55,41.21,39.970000000000006,Hold
2022-12-12 11:15:00,18487.5,39.64,39.128571428571426,Hold
2022-12-12 12:15:00,18481.2,38.85,38.34428571428571,Hold
2022-12-12 13:15:00,18457.8,32.14,36.445,Hold
2022-12-12 14:15:00,18497.2,39.85,36.24,Hold
2022-12-12 15:15:00,18498.6,44.5,36.83142857142857,Hold
2022-12-12 16:15:00,18494.7,42.96,37.21071428571429,Hold
2022-12-13 08:15:00,18524.4,53.74,38.800000000000004,Hold
2022-12-13 09:15:00,18525.35,59.19,41.26571428571429,Hold
2022-12-13 10:15:00,18552.85,55.69,42.34285714285715,Hold
2022-12-13 11:15:00,18586.5,62.15,44.11071428571429,Hold
2022-12-13 12:15:00,18599.7,63.11,45.945,Hold
2022-12-13 13:15:00,18575.95,75.66,49.20428571428572,Sell
2022-12-13 14:15:00,18605.85,71.85,51.46714285714286,Waiting
2022-12-13 15:15:00,18611.25,68.73,53.43285714285714,Waiting
2022-12-13 16:15:00,18594.35,70.92,55.667142857142856,Waiting
2022-12-14 08:15:00,18671.25,79.15,58.54571428571428,Waiting
2022-12-14 09:15:00,18663.35,83.11,62.18642857142857,Waiting
2022-12-14 10:15:00,18679.75,81.75,65.17928571428571,Waiting
2022-12-14 11:15:00,18687.45,82.14,67.86785714285715,Waiting
2022-12-14 12:15:00,18679.55,81.04,70.58785714285715,Waiting
2022-12-14 13:15:00,18634.4,67.56,71.575,Waiting
2022-12-14 14:15:00,18667.1,70.55,72.38642857142857,Waiting
2022-12-14 15:15:00,18642.25,63.06,72.91285714285713,Waiting
2022-12-14 16:15:00,18643.0,59.13,72.69714285714285,Waiting
2022-12-15 08:15:00,18614.4,52.26,71.92214285714286,Waiting
2022-12-15 09:15:00,18565.1,48.45,69.97857142857143,Waiting
2022-12-15 10:15:00,18578.8,45.95,68.12857142857142,Waiting
2022-12-15 11:15:00,18548.15,41.22,66.16357142857143,Waiting
2022-12-15 12:15:00,18521.8,40.17,63.96714285714285,Waiting
2022-12-15 13:15:00,18521.0,24.34,60.05214285714286,Waiting
2022-12-15 14:15:00,18406.8,17.85,55.39071428571429,Buy
2022-12-15 15:15:00,18388.8,13.69,50.52928571428571,Hold
2022-12-15 16:15:00,18399.75,14.38,45.68928571428571,Hold
2022-12-16 08:15:00,18319.1,12.19,40.771428571428565,Hold
2022-12-16 09:15:00,18331.5,15.88,37.08,Hold
2022-12-16 10:15:00,18314.55,8.83,32.67142857142857,Hold
2022-12-16 11:15:00,18328.5,12.4,29.052857142857142,Hold
2022-12-16 12:15:00,18376.45,21.3,26.350714285714286,Hold
2022-12-16 13:15:00,18328.35,20.45,24.07857142857143,Hold
2022-12-16 14:15:00,18260.35,19.69,22.024285714285718,Hold
2022-12-16 15:15:00,18261.6,17.65,20.002857142857142,Hold
2022-12-16 16:15:00,18270.1,20.3,18.50857142857143,Hold
2022-12-19 08:15:00,18288.1,24.58,17.395,Hold
2022-12-19 09:15:00,18333.55,31.42,17.900714285714287,Hold
2022-12-19 10:15:00,18339.45,41.5,19.59,Hold
2022-12-19 11:15:00,18375.15,48.35,22.065714285714286,Hold
2022-12-19 12:15:00,18333.0,42.5,24.074285714285715,Hold
2022-12-19 13:15:00,18366.95,56.01,27.204285714285714,Hold
2022-12-19 14:15:00,18418.7,59.96,30.352857142857143,Hold
2022-12-19 15:15:00,18428.9,63.27,34.24142857142857,Hold
2022-12-19 16:15:00,18426.2,61.64,37.75857142857143,Hold
2022-12-20 08:15:00,18340.3,46.05,39.526428571428575,Hold
2022-12-20 09:15:00,18232.6,40.74,40.97571428571429,Hold
2022-12-20 10:15:00,18228.15,46.45,42.887142857142855,Hold
2022-12-20 11:15:00,18245.45,48.28,45.075,Hold
2022-12-20 12:15:00,18261.0,49.05,47.128571428571426,Hold
2022-12-20 13:15:00,18298.85,51.08,49.02142857142858,Hold
2022-12-20 14:15:00,18399.6,55.98,50.77571428571429,Hold
2022-12-20 15:15:00,18388.25,54.38,51.69571428571428,Hold
2022-12-20 16:15:00,18385.85,51.02,51.886428571428574,Hold
2022-12-21 08:15:00,18435.15,59.62,53.10928571428572,Hold
2022-12-21 09:15:00,18398.55,52.96,52.89142857142857,Hold
2022-12-21 10:15:00,18361.6,44.5,51.787142857142854,Hold
2022-12-21 11:15:00,18329.05,40.78,50.18071428571428,Hold
2022-12-21 12:15:00,18300.25,38.9,48.556428571428576,Hold
2022-12-21 13:15:00,18223.65,39.55,48.09214285714285,Hold
2022-12-21 14:15:00,18206.95,47.25,48.55714285714286,Hold
2022-12-21 15:15:00,18192.15,46.23,48.541428571428575,Hold
2022-12-21 16:15:00,18207.55,46.02,48.379999999999995,Hold
2022-12-22 08:15:00,18288.8,52.57,48.63142857142857,Hold
2022-12-22 09:15:00,18158.95,38.95,47.76499999999999,Hold
2022-12-22 10:15:00,18142.55,26.59,45.66571428571429,Hold
2022-12-22 11:15:00,18080.85,24.35,43.52071428571429,Hold
2022-12-22 12:15:00,18113.8,28.4,41.904999999999994,Hold
2022-12-22 13:15:00,18167.4,28.89,39.709999999999994,Hold
2022-12-22 14:15:00,18142.9,29.45,38.03071428571429,Hold
2022-12-22 15:15:00,18118.05,30.04,36.99785714285714,Hold
2022-12-22 16:15:00,18114.7,31.55,36.33857142857143,Hold
2022-12-23 08:15:00,17977.65,26.59,35.45928571428571,Hold
2022-12-23 09:15:00,17958.1,28.99,34.705,Hold
2022-12-23 10:15:00,17951.55,29.46,33.434285714285714,Hold
2022-12-23 11:15:00,17906.5,28.1,32.13928571428571,Hold
2022-12-23 12:15:00,17897.95,26.01,30.71,Hold
2022-12-23 13:15:00,17834.85,13.8,27.940714285714286,Hold
2022-12-23 14:15:00,17810.65,16.6,26.344285714285718,Hold
2022-12-23 15:15:00,17817.2,18.2,25.745,Hold
2022-12-23 16:15:00,17824.1,21.89,25.569285714285712,Hold
2022-12-26 08:15:00,17830.4,17.05,24.75857142857143,Hold
2022-12-26 09:15:00,17933.45,25.61,24.524285714285718,Hold
2022-12-26 10:15:00,17951.7,29.8,24.54928571428572,Hold
2022-12-26 11:15:00,18000.25,38.15,25.12857142857143,Hold
2022-12-26 12:15:00,17990.5,37.66,25.564999999999998,Hold
2022-12-26 13:15:00,18011.15,54.33,27.546428571428574,Hold
2022-12-26 14:15:00,17994.85,54.79,29.389285714285712,Hold
2022-12-26 15:15:00,18003.15,56.69,31.334285714285716,Hold
2022-12-26 16:15:00,18009.6,64.86,33.96,Hold
2022-12-27 08:15:00,18089.8,72.92,37.31071428571429,Sell
2022-12-27 09:15:00,18005.25,69.36,41.27928571428571,Waiting
2022-12-27 10:15:00,18049.6,75.96,45.519285714285715,Waiting
2022-12-27 11:15:00,18054.85,75.9,49.64071428571429,Waiting
2022-12-27 12:15:00,18055.8,75.58,53.47571428571428,Waiting
2022-12-27 13:15:00,18122.2,78.44,57.86071428571428,Waiting
2022-12-27 14:15:00,18106.65,70.35,61.05642857142857,Waiting
2022-12-28 14:15:00,18125.7,70.41,63.957142857142856,Waiting
2022-12-28 15:15:00,18110.0,63.95,65.8,Waiting
2022-12-28 16:15:00,18106.9,65.05,67.75642857142857,Waiting
2022-12-29 08:15:00,18045.7,54.04,67.7357142857143,Waiting
2022-12-29 09:15:00,18003.55,50.96,67.46214285714285,Waiting
2022-12-29 10:15:00,18019.35,51.76,67.11,Waiting
2022-12-29 11:15:00,18031.45,52.34,66.21571428571428,Waiting
2022-12-29 12:15:00,18052.35,45.4,64.25,Waiting
2022-12-29 13:15:00,18085.05,61.23,63.669285714285714,Waiting
2022-12-29 14:15:00,18195.65,67.33,63.05285714285714,Waiting
2022-12-29 15:15:00,18205.9,67.71,62.46785714285714,Waiting
2022-12-29 16:15:00,18210.4,67.98,61.925,Waiting
2022-12-30 08:15:00,18259.1,66.6,61.07928571428572,Waiting
2022-12-30 09:15:00,18219.1,62.87,60.545,Waiting
2022-12-30 10:15:00,18234.5,62.56,59.98428571428571,Waiting
2022-12-30 11:15:00,18206.2,60.79,59.75857142857143,Waiting
2022-12-30 12:15:00,18194.95,59.7,59.37642857142857,Waiting
2022-12-30 13:15:00,18199.45,69.36,60.47071428571428,Waiting
2022-12-30 14:15:00,18098.3,60.39,61.144285714285715,Waiting
2022-12-30 15:15:00,18115.35,60.49,61.767857142857146,Waiting
2022-12-30 16:15:00,18117.05,59.57,62.284285714285716,Waiting
2023-01-02 08:15:00,18131.7,59.0,63.25571428571429,Waiting
2023-01-02 09:15:00,18162.9,58.86,63.08642857142858,Waiting
2023-01-02 10:15:00,18186.5,48.7,61.755714285714284,Waiting
2023-01-02 11:15:00,18192.05,48.01,60.348571428571425,Waiting
2023-01-02 12:15:00,18182.35,46.02,58.78000000000001,Waiting
2023-01-02 13:15:00,18170.1,35.93,56.589285714285715,Waiting
2023-01-02 14:15:00,18193.05,45.65,55.35928571428571,Waiting
2023-01-02 15:15:00,18206.9,45.36,54.13071428571429,Waiting
2023-01-02 16:15:00,18208.95,50.51,53.396428571428565,Waiting
2023-01-03 08:15:00,18163.2,44.81,52.33285714285715,Waiting
2023-01-03 09:15:00,18230.25,54.18,51.24857142857143,Waiting
2023-01-03 10:15:00,18231.25,74.77,52.27571428571429,Waiting
2023-01-03 11:15:00,18198.2,64.57,52.56714285714286,Waiting
2023-01-03 12:15:00,18184.55,61.39,52.69714285714286,Waiting
2023-01-03 13:15:00,18205.45,62.19,52.925,Waiting
2023-01-03 14:15:00,18240.65,62.68,53.19785714285714,Waiting
2023-01-03 15:15:00,18237.7,58.95,53.93,Waiting
2023-01-03 16:15:00,18234.3,57.44,54.603571428571435,Waiting
2023-01-04 08:15:00,18230.65,58.7,55.50928571428572,Waiting
2023-01-04 09:15:00,18129.6,44.47,56.11928571428571,Waiting
2023-01-04 10:15:00,18096.85,37.22,55.51714285714286,Waiting
2023-01-04 11:15:00,18040.25,30.12,54.42857142857143,Waiting
2023-01-04 12:15:00,18078.95,35.74,53.37357142857143,Waiting
2023-01-04 13:15:00,18125.6,45.88,53.449999999999996,Waiting
2023-01-04 14:15:00,18052.85,30.81,51.78071428571429,Waiting
2023-01-04 15:15:00,18032.7,29.38,48.53857142857144,Waiting
2023-01-04 16:15:00,18036.85,32.17,46.22428571428571,
2023-01-05 08:15:00,18101.95,41.81,44.825714285714284,
2023-01-05 09:15:00,18063.25,36.37,42.98142857142857,
2023-01-05 10:15:00,18037.1,30.15,40.65785714285715,
2023-01-05 11:15:00,17981.1,27.32,38.39857142857143,Buy
2023-01-05 12:15:00,17949.15,26.01,36.153571428571425,Hold
2023-01-05 13:15:00,17912.35,24.64,33.72071428571429,Hold
2023-01-05 14:15:00,17989.45,38.39,33.28642857142857,Hold
2023-01-05 15:15:00,17990.65,40.72,33.53642857142857,Hold
2023-01-05 16:15:00,17999.8,46.14,34.68071428571429,Hold
2023-01-06 08:15:00,18008.05,42.83,35.18714285714286,Hold
2023-01-06 09:15:00,17955.0,32.96,34.26428571428571,Hold
2023-01-06 10:15:00,17913.7,35.17,34.575714285714284,Hold
2023-01-06 11:15:00,17922.8,38.0,35.191428571428574,Hold
2023-01-06 12:15:00,17830.4,31.1,35.115,Hold
2023-01-06 13:15:00,17820.85,21.36,33.65428571428571,Hold
2023-01-06 14:15:00,17869.85,30.7,33.24928571428571,Hold
2023-01-06 15:15:00,17854.95,31.4,33.33857142857143,Hold
2023-01-06 16:15:00,17865.85,37.04,34.03285714285715,Hold
2023-01-09 08:15:00,17952.55,50.34,35.770714285714284,Hold
2023-01-09 09:15:00,18059.65,62.93,38.50571428571429,Hold
2023-01-09 10:15:00,18105.2,60.75,40.10285714285715,Hold
2023-01-09 11:15:00,18130.2,62.42,41.652857142857144,Hold
2023-01-09 12:15:00,18075.35,56.22,42.37285714285714,Hold
2023-01-09 13:15:00,18053.25,53.64,43.145,Hold
2023-01-09 14:15:00,18106.45,62.18,45.232142857142854,Hold
2023-01-09 15:15:00,18104.0,66.33,47.457857142857144,Hold
2023-01-09 16:15:00,18088.75,64.09,49.32142857142857,Hold
2023-01-10 08:15:00,18121.3,77.49,52.635000000000005,Sell
2023-01-10 09:15:00,17990.8,63.07,55.614285714285714,Waiting
2023-01-10 10:15:00,17954.6,56.65,57.46785714285714,Waiting
2023-01-10 11:15:00,17957.2,58.18,59.38071428571429,Waiting
2023-01-10 12:15:00,17890.25,51.79,60.434285714285714,Waiting
2023-01-10 13:15:00,17904.25,46.03,60.12642857142857,Waiting
2023-01-10 14:15:00,17921.85,36.72,58.25428571428571,Waiting
2023-01-10 15:15:00,17915.2,30.2,56.07214285714286,Waiting
2023-01-10 16:15:00,17925.35,27.98,53.61214285714285,Waiting
2023-01-11 08:15:00,17924.25,31.63,51.85571428571428,
2023-01-11 09:15:00,17957.05,38.6,50.78142857142857,
2023-01-11 10:15:00,17910.2,26.39,48.225,Buy
2023-01-11 11:15:00,17904.55,26.19,45.35785714285714,Hold
2023-01-11 12:15:00,17914.35,28.91,42.84499999999999,Hold
2023-01-11 13:15:00,17876.05,20.74,38.79142857142857,Hold
2023-01-11 14:15:00,17891.85,33.75,36.69714285714286,Hold
2023-01-11 15:15:00,17892.4,38.43,35.395714285714284,Hold
2023-01-11 16:15:00,17888.4,37.27,33.902142857142856,Hold
2023-01-12 08:15:00,17920.85,56.49,34.237857142857145,Hold
2023-01-12 09:15:00,17853.85,41.27,33.89785714285714,Hold
2023-01-12 10:15:00,17800.85,31.33,33.51285714285714,Hold
2023-01-12 11:15:00,17814.85,34.86,33.84571428571429,Hold
2023-01-12 12:15:00,17824.15,34.69,34.325,Hold
2023-01-12 13:15:00,17829.1,35.78,34.621428571428574,Hold
2023-01-12 14:15:00,17858.35,35.09,34.37071428571429,Hold
2023-01-12 15:15:00,17866.35,42.49,35.520714285714284,Hold
2023-01-12 16:15:00,17866.0,43.28,36.74142857142857,Hold
2023-01-13 08:15:00,17867.5,41.59,37.64714285714286,Hold
2023-01-13 09:15:00,17785.0,35.89,38.729285714285716,Hold
2023-01-13 10:15:00,17830.4,41.28,39.26714285714286,Hold
2023-01-13 11:15:00,17851.1,44.45,39.69714285714286,Hold
2023-01-13 12:15:00,17965.05,57.95,41.174285714285716,Hold
2023-01-13 13:15:00,17989.75,57.26,41.229285714285716,Hold
2023-01-13 14:15:00,17957.8,61.82,42.697142857142865,Hold
2023-01-13 15:15:00,17962.95,70.69,45.50857142857143,Sell
2023-01-13 16:15:00,17950.5,67.38,47.83142857142857,Waiting
2023-01-16 08:15:00,18033.15,72.55,50.535714285714285,Waiting
2023-01-16 09:15:00,17972.7,63.83,52.53928571428571,Waiting
2023-01-16 10:15:00,17956.5,59.7,54.297142857142866,Waiting
2023-01-16 11:15:00,17914.6,54.47,55.152857142857144,Waiting
2023-01-16 12:15:00,17920.6,55.0,55.989999999999995,Waiting
2023-01-16 13:15:00,17881.45,51.2,56.67642857142857,Waiting
2023-01-16 14:15:00,17894.85,60.68,58.44714285714286,Waiting
2023-01-17 14:15:00,18059.0,68.06,60.36,Waiting
2023-01-17 15:15:00,18060.15,67.04,61.973571428571425,Waiting
2023-01-17 16:15:00,18056.8,59.13,62.05785714285714,Waiting
2023-01-18 08:15:00,18074.3,58.53,62.14857142857143,Waiting
2023-01-18 09:15:00,18118.9,65.85,62.436428571428564,Waiting
2023-01-18 10:15:00,18141.3,66.97,62.17071428571428,Waiting
2023-01-18 11:15:00,18173.95,70.48,62.39214285714286,Waiting
2023-01-18 12:15:00,18146.3,61.53,61.605000000000004,Waiting
2023-01-18 13:15:00,18149.8,70.42,62.07571428571429,Waiting
2023-01-18 14:15:00,18154.85,73.48,63.06,Waiting
2023-01-18 15:15:00,18167.65,82.17,65.03857142857143,Waiting
2023-01-18 16:15:00,18163.8,81.08,66.90142857142858,Waiting
2023-01-19 08:15:00,18119.8,80.09,68.965,Waiting
2023-01-19 09:15:00,18076.75,71.36,69.72785714285715,Waiting
2023-01-19 10:15:00,18130.65,61.36,69.24928571428572,Waiting
2023-01-19 11:15:00,18133.95,61.62,68.86214285714286,Waiting
2023-01-19 12:15:00,18117.15,59.11,68.8607142857143,Waiting
2023-01-19 13:15:00,18131.35,58.7,68.87285714285714,Waiting
2023-01-19 14:15:00,18103.05,47.46,67.55928571428572,Waiting
2023-01-19 15:15:00,18099.15,42.81,65.83357142857143,Waiting
2023-01-19 16:15:00,18089.05,34.3,63.24928571428571,Waiting
2023-01-20 08:15:00,18115.6,44.3,62.01857142857143,Waiting
2023-01-20 09:15:00,18117.7,44.01,60.13214285714286,Waiting
2023-01-20 10:15:00,18104.3,40.85,57.801428571428566,Waiting
2023-01-20 11:15:00,18096.45,36.88,54.56642857142857,Waiting
2023-01-20 12:15:00,18095.5,37.28,51.43785714285714,Waiting
2023-01-20 13:15:00,18060.7,38.6,48.47428571428572,Waiting
2023-01-20 14:15:00,18029.35,40.42,46.26428571428572,Waiting
2023-01-20 15:15:00,18025.15,23.33,43.54785714285715,Waiting
2023-01-20 16:15:00,18027.3,22.88,40.78071428571429,Buy
2023-01-23 08:15:00,18118.45,50.24,40.14714285714285,Hold
2023-01-23 09:15:00,18148.65,53.01,39.74071428571428,Hold
2023-01-23 10:15:00,18134.3,55.72,40.330714285714286,Hold
2023-01-23 11:15:00,18112.75,52.34,41.011428571428574,Hold
2023-01-23 12:15:00,18087.45,49.74,42.11428571428571,Hold
2023-01-23 13:15:00,18123.65,51.28,42.612857142857145,Hold
2023-01-23 14:15:00,18123.75,50.96,43.10928571428571,Hold
2023-01-23 15:15:00,18113.7,51.52,43.871428571428574,Hold
2023-01-23 16:15:00,18104.95,51.37,44.90642857142858,Hold
2023-01-24 08:15:00,18183.95,61.36,46.62642857142857,Hold
2023-01-24 09:15:00,18134.55,59.15,48.09428571428572,Hold
2023-01-24 10:15:00,18154.25,65.93,49.916428571428575,Hold
2023-01-24 11:15:00,18129.55,62.65,52.725,Hold
2023-01-24 12:15:00,18131.9,62.67,55.56714285714286,Hold
2023-01-24 13:15:00,18108.85,48.61,55.45071428571429,Hold
2023-01-24 14:15:00,18124.2,46.29,54.97071428571429,Hold
2023-01-24 15:15:00,18109.3,46.22,54.292142857142856,Hold
2023-01-24 16:15:00,18101.15,48.17,53.99428571428571,Hold
2023-01-25 08:15:00,18093.35,50.98,54.08285714285715,Hold
2023-01-25 09:15:00,17943.6,28.2,52.43428571428571,Hold
2023-01-25 10:15:00,17935.3,27.63,50.767857142857146,Hold
2023-01-25 11:15:00,17901.0,26.13,48.95428571428571,Hold
2023-01-25 12:15:00,17910.25,28.17,47.29714285714285,Hold
2023-01-25 13:15:00,17935.0,18.23,44.21642857142858,Hold
2023-01-25 14:15:00,17896.5,18.75,41.330714285714286,Hold
2023-01-25 15:15:00,17906.85,16.7,37.81428571428571,Hold
2023-01-25 16:15:00,17910.05,18.64,34.67071428571428,Hold
2023-01-27 08:15:00,17877.2,16.53,31.375,Hold
2023-01-27 09:15:00,17684.65,11.44,28.72,Hold
2023-01-27 10:15:00,17680.65,8.83,26.044285714285714,Hold
2023-01-27 11:15:00,17630.9,8.29,23.335,Hold
2023-01-27 12:15:00,17578.65,7.7,20.444285714285712,Hold
2023-01-27 13:15:00,17506.25,6.97,17.300714285714285,Hold
2023-01-27 14:15:00,17611.6,23.97,16.998571428571427,Hold
2023-01-27 15:15:00,17616.3,24.85,16.8,Hold
2023-01-27 16:15:00,17607.9,25.91,16.784285714285712,Hold
2023-01-30 08:15:00,17541.95,22.31,16.365714285714287,Hold
2023-01-30 09:15:00,17618.5,27.92,17.05785714285714,Hold
2023-01-30 10:15:00,17551.0,26.84,17.635714285714286,Hold
2023-01-30 11:15:00,17594.6,29.96,18.582857142857144,Hold
2023-01-30 12:15:00,17461.75,25.33,19.060714285714283,Hold
2023-01-30 13:15:00,17536.85,32.1,20.17285714285714,Hold
2023-01-30 14:15:00,17656.0,48.37,22.810714285714283,Hold
2023-01-30 15:15:00,17664.65,49.09,25.68642857142857,Hold
2023-01-30 16:15:00,17666.75,52.15,28.819285714285712,Hold
2023-01-31 08:15:00,17731.45,59.02,32.485,Hold
2023-01-31 09:15:00,17563.15,53.02,35.77428571428572,Hold
2023-01-31 10:15:00,17585.45,48.48,37.525,Hold
2023-01-31 11:15:00,17609.45,49.61,39.29357142857143,Hold
2023-01-31 12:15:00,17645.8,52.09,41.16357142857142,Hold
2023-01-31 13:15:00,17626.4,54.91,43.49214285714286,Hold
2023-01-31 14:15:00,17685.0,53.95,45.35142857142857,Hold
2023-01-31 15:15:00,17666.15,57.25,47.52357142857142,Hold
2023-01-31 16:15:00,17682.55,55.74,49.365,Hold
2023-02-01 08:15:00,17811.6,72.93,52.765,Sell
2023-02-01 09:15:00,17788.3,67.68,55.30642857142857,Waiting
2023-02-01 10:15:00,17803.4,62.14,56.29,Waiting
2023-02-01 11:15:00,17752.95,56.8,56.84071428571429,Waiting
2023-02-01 12:15:00,17915.55,65.37,57.785000000000004,Waiting
2023-02-01 13:15:00,17688.4,47.79,56.98285714285714,Waiting
2023-02-01 14:15:00,17634.6,54.17,57.065,Waiting
2023-02-01 15:15:00,17625.0,52.34,57.340714285714284,Waiting
2023-02-01 16:15:00,17605.4,49.76,57.35142857142857,Waiting
2023-02-02 08:15:00,17517.1,42.79,56.68714285714287,Waiting
2023-02-02 09:15:00,17573.2,47.14,56.13214285714286,Waiting
2023-02-02 10:15:00,17596.75,45.06,55.49714285714286,Waiting
2023-02-02 11:15:00,17619.45,47.4,54.79357142857143,Waiting
2023-02-02 12:15:00,17553.25,43.18,53.89642857142858,Waiting
2023-02-02 13:15:00,17543.75,33.82,51.10285714285714,Waiting
2023-02-02 14:15:00,17610.85,39.82,49.112857142857145,Waiting
2023-02-02 15:15:00,17623.2,39.63,47.505,Waiting
2023-02-02 16:15:00,17611.75,41.49,46.41142857142857,Waiting
2023-02-03 08:15:00,17721.75,37.54,44.42357142857143,Waiting
2023-02-03 09:15:00,17676.05,48.96,44.50714285714286,Waiting
2023-02-03 10:15:00,17626.6,49.32,44.160714285714285,Waiting
2023-02-03 11:15:00,17677.1,54.12,44.28785714285714,Waiting
2023-02-03 12:15:00,17707.3,57.92,44.87071428571429,Waiting
2023-02-03 13:15:00,17747.8,69.38,46.769999999999996,Waiting
2023-02-03 14:15:00,17854.3,71.77,48.52928571428571,Waiting
2023-02-03 15:15:00,17847.75,69.96,50.30785714285714,Waiting
2023-02-03 16:15:00,17830.8,66.96,51.705,Waiting
2023-02-06 08:15:00,17818.55,73.31,53.857142857142854,Waiting
2023-02-06 09:15:00,17774.15,69.08,56.37571428571429,Waiting
2023-02-06 10:15:00,17718.8,59.12,57.75428571428571,Waiting
2023-02-06 11:15:00,17728.4,58.92,59.13214285714286,Waiting
2023-02-06 12:15:00,17721.75,59.41,60.412142857142854,Waiting
2023-02-06 13:15:00,17773.25,54.89,61.651428571428575,Waiting
2023-02-06 14:15:00,17761.75,58.71,62.347857142857144,Waiting
2023-02-06 15:15:00,17766.75,65.66,63.51499999999999,Waiting
2023-02-06 16:15:00,17762.0,60.57,63.97571428571428,Waiting
2023-02-07 08:15:00,17790.1,60.36,64.14999999999999,Waiting
2023-02-07 09:15:00,17802.3,57.34,63.29,Waiting
2023-02-08 09:15:00,17861.7,51.14,61.81642857142857,Waiting
2023-02-08 10:15:00,17840.7,48.96,60.316428571428574,Waiting
2023-02-08 11:15:00,17851.75,53.15,59.33,Waiting
2023-02-08 12:15:00,17851.8,55.19,58.035714285714285,Waiting
2023-02-08 13:15:00,17885.95,68.01,57.95928571428572,Waiting
2023-02-08 14:15:00,17871.2,78.25,59.32571428571429,Waiting
2023-02-08 15:15:00,17869.95,77.08,60.622857142857136,Waiting
2023-02-08 16:15:00,17862.5,76.85,61.86857142857143,Waiting
2023-02-09 08:15:00,17885.5,74.02,63.235,Waiting
2023-02-09 09:15:00,17855.8,68.67,63.94642857142857,Waiting
2023-02-09 10:15:00,17865.5,69.25,64.20285714285714,Waiting
2023-02-09 11:15:00,17833.6,62.62,64.34928571428573,Waiting
2023-02-09 12:15:00,17831.25,57.98,64.17928571428571,Waiting
2023-02-09 13:15:00,17899.85,65.52,64.76357142857144,Waiting
2023-02-09 14:15:00,17893.55,56.1,65.11785714285715,Waiting
2023-02-09 15:15:00,17900.4,62.08,66.05499999999999,Waiting
2023-02-09 16:15:00,17897.1,59.47,66.50642857142857,Waiting
2023-02-10 08:15:00,17847.55,49.26,66.08285714285714,Waiting
2023-02-10 09:15:00,17829.3,39.62,64.05499999999999,Waiting
2023-02-10 10:15:00,17866.7,49.24,61.98285714285714,Waiting
2023-02-10 11:15:00,17823.75,43.15,59.559285714285714,Waiting
2023-02-10 12:15:00,17822.7,43.99,57.21214285714286,Waiting
2023-02-10 13:15:00,17850.55,44.8,55.125,Waiting
2023-02-10 14:15:00,17861.8,50.95,53.85928571428571,Waiting
2023-02-10 15:15:00,17859.5,49.03,52.415,Waiting
2023-02-10 16:15:00,17843.35,51.66,51.63214285714285,Waiting
2023-02-13 08:15:00,17859.1,54.53,51.38571428571429,Waiting
2023-02-13 09:15:00,17746.25,28.17,48.71785714285715,Waiting
2023-02-13 10:15:00,17790.15,36.72,47.33357142857143,
2023-02-13 11:15:00,17746.85,31.97,45.18285714285714,
2023-02-13 12:15:00,17769.35,35.65,43.48142857142857,
2023-02-13 13:15:00,17768.7,40.05,42.82357142857143,
2023-02-13 14:15:00,17765.05,41.58,42.96357142857143,
2023-02-13 15:15:00,17765.65,35.34,41.97071428571428,
2023-02-13 16:15:00,17764.55,40.23,41.762142857142855,
2023-02-14 08:15:00,17840.35,52.34,42.35857142857143,
2023-02-14 09:15:00,17837.05,48.09,42.59357142857143,
2023-02-14 10:15:00,17853.2,48.8,42.44,
2023-02-14 11:15:00,17897.35,54.73,42.847142857142856,
2023-02-14 12:15:00,17916.6,59.09,43.377857142857145,
2023-02-14 13:15:00,17941.9,60.04,43.771428571428565,
2023-02-14 14:15:00,17924.85,78.2,47.34499999999999,
2023-02-14 15:15:00,17926.8,74.87,50.07,
2023-02-14 16:15:00,17921.85,87.01,54.001428571428576,
2023-02-15 08:15:00,17896.6,76.6,56.926428571428566,
2023-02-15 09:15:00,17923.75,79.18,59.721428571428575,
2023-02-15 10:15:00,17940.75,81.49,62.57214285714286,
2023-02-15 11:15:00,17915.2,74.6,65.37642857142858,
2023-02-15 12:15:00,17923.8,75.57,67.90071428571429,
2023-02-15 13:15:00,17935.95,69.29,69.11142857142856,
2023-02-15 14:15:00,18015.1,77.51,71.21285714285715,
2023-02-15 15:15:00,18031.95,77.56,73.26714285714286,
2023-02-15 16:15:00,18023.2,71.78,74.485,
2023-02-16 08:15:00,18094.75,76.1,75.7,
2023-02-16 09:15:00,18108.65,75.28,76.78857142857143,
2023-02-16 10:15:00,18114.3,79.75,76.89928571428571,
2023-02-16 11:15:00,18089.35,73.8,76.82285714285715,
2023-02-16 12:15:00,18083.9,73.69,75.87142857142858,
2023-02-16 13:15:00,18082.7,79.27,76.06214285714286,
2023-02-16 14:15:00,18034.1,66.26,75.13928571428572,
2023-02-16 15:15:00,18031.2,63.9,73.88285714285713,
2023-02-16 16:15:00,18015.25,65.85,73.25785714285715,
2023-02-17 08:15:00,17974.85,57.35,71.95642857142857,
2023-02-17 09:15:00,17976.45,56.01,71.00785714285715,
2023-02-17 10:15:00,17985.0,44.35,68.6392857142857,
2023-02-17 11:15:00,17974.05,38.88,65.87642857142858,
2023-02-17 12:15:00,17921.05,33.23,63.12285714285714,
2023-02-17 13:15:00,17910.15,12.17,58.55642857142857,Buy
2023-02-17 14:15:00,17949.45,20.45,54.64,Hold
2023-02-17 15:15:00,17944.7,18.42,50.25928571428572,Hold
2023-02-17 16:15:00,17942.6,20.13,46.42571428571428,Hold
2023-02-20 08:15:00,17965.55,27.51,43.12714285714286,Hold
2023-02-20 09:15:00,17959.05,26.97,39.39142857142857,Hold
2023-02-20 10:15:00,17964.75,34.63,37.13214285714286,Hold
2023-02-20 11:15:00,17916.5,28.83,34.62714285714286,Hold
2023-02-20 12:15:00,17903.5,29.15,32.005714285714284,Hold
2023-02-20 13:15:00,17842.05,27.02,29.839285714285715,Hold
2023-02-20 14:15:00,17843.85,27.07,27.772142857142857,Hold
2023-02-20 15:15:00,17851.8,26.92,26.527142857142856,Hold
2023-02-20 16:15:00,17847.7,27.58,25.72,Hold
2023-02-21 08:15:00,17905.8,47.34,26.727857142857143,Hold
2023-02-21 09:15:00,17904.05,48.9,29.351428571428574,Hold
2023-02-21 10:15:00,17908.2,41.5,30.855,Hold
2023-02-21 11:15:00,17862.9,35.55,32.07857142857143,Hold
2023-02-21 12:15:00,17853.8,34.69,33.11857142857143,Hold
2023-02-21 13:15:00,17870.75,33.32,33.53357142857143,Hold
2023-02-21 14:15:00,17819.15,28.75,33.660714285714285,Hold
2023-02-21 15:15:00,17836.15,31.12,33.410000000000004,Hold
2023-02-21 16:15:00,17842.1,37.53,34.03142857142858,Hold
2023-02-22 08:15:00,17755.35,30.08,34.097857142857144,Hold
2023-02-22 09:15:00,17683.3,29.25,34.25714285714286,Hold
2023-02-22 10:15:00,17670.05,27.94,34.31928571428572,Hold
2023-02-22 11:15:00,17651.65,25.26,34.200714285714284,Hold
2023-02-22 12:15:00,17608.85,23.05,33.87714285714286,Hold
2023-02-22 13:15:00,17538.2,9.67,31.18642857142857,Hold
2023-02-22 14:15:00,17557.7,13.42,28.652142857142856,Hold
2023-02-22 15:15:00,17549.5,12.44,26.576428571428572,Hold
2023-02-22 16:15:00,17552.5,14.34,25.06142857142857,Hold
2023-02-23 08:15:00,17574.65,18.86,23.930714285714284,Hold
2023-02-23 09:15:00,17582.15,17.11,22.77285714285714,Hold
2023-02-23 10:15:00,17580.55,19.32,22.099285714285713,Hold
2023-02-23 11:15:00,17552.25,14.52,20.91357142857143,Hold
2023-02-23 12:15:00,17576.05,18.17,19.530714285714286,Hold
2023-02-23 13:15:00,17569.1,22.46,18.986428571428572,Hold
2023-02-23 14:15:00,17503.3,22.88,18.53142857142857,Hold
2023-02-23 15:15:00,17516.35,26.83,18.452142857142857,Hold
2023-02-23 16:15:00,17523.8,30.07,18.795714285714286,Hold
2023-02-24 08:15:00,17591.35,47.47,20.54,Hold
2023-02-24 09:15:00,17548.95,51.69,23.541428571428572,Hold
2023-02-24 10:15:00,17519.45,44.16,25.737142857142857,Hold
2023-02-24 11:15:00,17490.0,41.46,27.810000000000002,Hold
2023-02-24 12:15:00,17431.55,35.03,29.287857142857142,Hold
2023-02-24 13:15:00,17444.8,33.57,30.338571428571424,Hold
2023-02-24 14:15:00,17474.15,37.05,31.762857142857143,Hold
2023-02-24 15:15:00,17471.65,36.97,33.02357142857143,Hold
2023-02-24 16:15:00,17465.45,39.03,34.77428571428571,Hold
2023-02-27 08:15:00,17428.6,31.96,35.75928571428572,Hold
2023-02-27 09:15:00,17364.05,28.02,36.15642857142857,Hold
2023-02-28 09:15:00,17380.45,35.27,37.04142857142857,Hold
2023-02-28 10:15:00,17375.05,32.74,37.46357142857143,Hold
2023-02-28 11:15:00,17385.0,33.15,37.68357142857143,Hold
2023-02-28 12:15:00,17348.6,18.11,35.58642857142857,Hold
2023-02-28 13:15:00,17261.2,16.2,33.051428571428566,Hold
2023-02-28 14:15:00,17313.55,27.05,31.829285714285714,Hold
2023-02-28 15:15:00,17305.15,28.38,30.895,Hold
2023-02-28 16:15:00,17317.2,35.0,30.892857142857142,Hold
2023-03-01 08:15:00,17360.1,39.69,31.330000000000002,Hold
2023-03-01 09:15:00,17404.15,41.77,31.667142857142856,Hold
2023-03-01 10:15:00,17430.5,45.42,32.270714285714284,Hold
2023-03-01 11:15:00,17407.8,43.81,32.61214285714286,Hold
2023-03-01 12:15:00,17414.75,48.41,33.78714285714286,Hold
2023-03-01 13:15:00,17442.9,59.87,36.06214285714286,Hold
2023-03-01 14:15:00,17447.1,58.61,37.729285714285716,Hold
2023-03-01 15:15:00,17455.1,60.27,39.69571428571429,Hold
2023-03-01 16:15:00,17457.25,59.46,41.574999999999996,Hold
2023-03-02 08:15:00,17421.5,59.56,44.535714285714285,Hold
2023-03-02 09:15:00,17354.35,62.9,47.87142857142857,Hold
2023-03-02 10:15:00,17376.1,59.46,50.18642857142857,Hold
2023-03-02 11:15:00,17386.8,62.27,52.607142857142854,Hold
2023-03-02 12:15:00,17350.6,54.68,54.01285714285715,Hold
2023-03-02 13:15:00,17334.3,46.1,54.47071428571428,Hold
2023-03-02 14:15:00,17329.4,37.17,54.14214285714286,Hold
2023-03-02 15:15:00,17318.2,29.66,53.01642857142857,Hold
2023-03-02 16:15:00,17318.65,32.44,52.20428571428571,Hold
2023-03-03 08:15:00,17451.25,54.81,52.66142857142857,Hold
2023-03-03 09:15:00,17512.65,58.45,52.56,Hold
2023-03-03 10:15:00,17547.85,61.35,52.755714285714284,Hold
2023-03-03 11:15:00,17570.55,62.59,52.92142857142857,Hold
2023-03-03 12:15:00,17561.65,61.22,53.047142857142866,Hold
2023-03-03 13:15:00,17609.75,69.71,53.77214285714285,Hold
2023-03-03 14:15:00,17591.9,77.73,54.83142857142857,Sell
2023-03-03 15:15:00,17588.3,75.87,56.003571428571426,Waiting
2023-03-03 16:15:00,17592.3,75.47,56.94642857142857,Waiting
2023-03-06 08:15:00,17680.35,86.22,59.199285714285715,Waiting
2023-03-06 09:15:00,17775.15,91.3,62.42785714285714,Waiting
2023-03-06 10:15:00,17779.35,92.21,66.35928571428572,Waiting
2023-03-06 11:15:00,17779.6,94.19,70.96857142857142,Waiting
2023-03-06 12:15:00,17770.5,92.57,75.26357142857141,Waiting
2023-03-06 13:15:00,17723.25,80.53,77.10071428571429,Waiting
2023-03-06 14:15:00,17709.35,74.72,78.26285714285713,Waiting
2023-03-06 15:15:00,17713.5,72.58,79.06500000000001,Waiting
2023-03-06 16:15:00,17719.85,71.3,79.68714285714285,Waiting
2023-03-08 08:15:00,17665.75,63.15,79.82500000000002,Waiting
2023-03-08 09:15:00,17697.2,61.54,79.24142857142859,Waiting
2023-03-08 10:15:00,17682.2,62.0,78.11785714285715,Waiting
2023-03-08 11:15:00,17650.75,57.73,76.82214285714285,Waiting
2023-03-08 12:15:00,17670.95,59.36,75.67142857142858,Waiting
2023-03-08 13:15:00,17708.65,53.83,73.35785714285714,Waiting
2023-03-08 14:15:00,17756.6,47.13,70.20285714285714,Waiting
2023-03-08 15:15:00,17765.15,47.83,67.03285714285714,Waiting
2023-03-08 16:15:00,17751.5,45.88,63.582142857142856,Waiting
2023-03-09 08:15:00,17772.05,50.22,60.55714285714286,Waiting
2023-03-09 09:15:00,17675.3,44.03,57.949999999999996,Waiting
2023-03-09 10:15:00,17703.55,49.3,56.13428571428572,Waiting
2023-03-09 11:15:00,17680.65,46.22,54.25142857142857,Waiting
2023-03-09 12:15:00,17658.2,43.16,52.24142857142857,Waiting
2023-03-09 13:15:00,17627.65,45.54,50.98357142857143,Waiting
2023-03-09 14:15:00,17586.4,37.33,49.25428571428572,Waiting
2023-03-09 15:15:00,17585.25,38.55,47.57928571428572,Waiting
2023-03-09 16:15:00,17582.8,41.38,46.41142857142857,Waiting
2023-03-10 08:15:00,17443.8,27.87,44.162142857142854,Waiting
2023-03-10 09:15:00,17392.65,20.0,41.74571428571428,Buy
2023-03-10 10:15:00,17418.2,16.44,39.55357142857143,Hold
2023-03-10 11:15:00,17395.5,14.34,37.16142857142857,Hold
2023-03-10 12:15:00,17417.85,18.35,35.195,Hold
2023-03-10 13:15:00,17394.35,14.37,32.63428571428572,Hold
2023-03-10 14:15:00,17409.9,20.43,30.948571428571427,Hold
2023-03-10 15:15:00,17422.55,17.57,28.682142857142853,Hold
2023-03-10 16:15:00,17418.6,18.37,26.692857142857143,Hold
2023-03-13 08:15:00,17421.9,20.1,25.045714285714286,Hold
2023-03-13 09:15:00,17455.6,28.4,23.821428571428573,Hold
2023-03-13 10:15:00,17393.95,27.02,23.085,Hold
2023-03-13 11:15:00,17342.1,24.1,22.052857142857142,Hold
2023-03-13 12:15:00,17268.95,20.94,20.592857142857145,Hold
2023-03-13 13:15:00,17190.3,23.58,20.286428571428576,Hold
2023-03-13 14:15:00,17141.0,23.67,20.548571428571428,Hold
2023-03-13 15:15:00,17196.6,28.18,21.38714285714286,Hold
2023-03-13 16:15:00,17184.6,28.79,22.419285714285714,Hold
2023-03-14 08:15:00,17160.55,24.21,22.837857142857143,Hold
2023-03-14 09:15:00,17127.5,23.76,23.50857142857143,Hold
2023-03-14 10:15:00,17055.6,18.63,23.38,Hold
2023-03-14 11:15:00,17069.2,18.77,23.465714285714288,Hold
2023-03-14 12:15:00,17036.5,17.86,23.429285714285715,Hold
2023-03-14 13:15:00,17008.7,16.62,23.180714285714284,Hold
2023-03-14 14:15:00,17059.45,18.86,22.499285714285715,Hold
2023-03-14 15:15:00,17054.4,20.7,22.04785714285714,Hold
2023-03-14 16:15:00,17068.65,24.77,22.095714285714287,Hold
2023-03-15 08:15:00,17166.45,40.95,23.525000000000002,Hold
2023-03-15 09:15:00,17155.7,46.53,25.16428571428571,Hold
2023-03-15 10:15:00,17113.35,47.19,26.844285714285718,Hold
2023-03-15 11:15:00,17097.1,39.0,27.617142857142856,Hold
2023-03-15 12:15:00,17049.15,36.13,28.141428571428573,Hold
2023-03-15 13:15:00,17047.7,37.88,29.117857142857144,Hold
2023-03-15 14:15:00,16964.45,34.2,29.86357142857143,Hold
2023-03-15 15:15:00,16964.55,39.75,31.372142857142858,Hold
2023-03-15 16:15:00,16973.85,39.16,32.82857142857143,Hold
2023-03-16 08:15:00,16994.65,45.11,34.775,Hold
2023-03-16 09:15:00,16877.65,37.33,36.25428571428572,Hold
2023-03-16 10:15:00,17027.85,47.44,38.29571428571428,Hold
2023-03-16 11:15:00,16929.4,41.2,39.76,Hold
2023-03-16 12:15:00,16972.15,43.47,41.09571428571429,Hold
2023-03-16 13:15:00,17035.95,40.74,41.08071428571429,Hold
2023-03-16 14:15:00,16976.9,38.12,40.480000000000004,Hold
2023-03-16 15:15:00,16993.75,41.78,40.09357142857143,Hold
2023-03-16 16:15:00,17010.4,44.04,40.45357142857143,Hold
2023-03-17 08:15:00,17111.8,54.01,41.730714285714285,Hold
2023-03-17 09:15:00,17081.0,52.05,42.74285714285715,Hold
2023-03-17 10:15:00,17028.55,54.11,44.165,Hold
2023-03-17 11:15:00,16985.85,51.3,44.99,Hold
2023-03-17 12:15:00,16985.5,50.72,45.81571428571429,Hold
2023-03-17 13:15:00,17058.2,53.67,46.42714285714286,Hold
2023-03-17 14:15:00,17113.5,64.68,48.380714285714284,Hold
2023-03-17 15:15:00,17100.0,55.41,48.95,Hold
2023-03-17 16:15:00,17123.7,66.41,50.75071428571429,Hold
2023-03-20 09:15:00,16910.15,45.94,50.92714285714285,Hold
2023-03-20 10:15:00,16945.25,43.82,51.14714285714285,Hold
2023-03-20 11:15:00,16865.65,42.63,51.46928571428572,Hold
2023-03-20 12:15:00,16869.75,41.64,51.45928571428571,Hold
2023-03-20 13:15:00,16891.35,42.03,51.315714285714286,Hold
2023-03-20 14:15:00,16987.3,41.6,50.42928571428571,Hold
2023-03-20 15:15:00,16999.85,44.39,49.88214285714286,Hold
2023-03-20 16:15:00,17003.45,48.14,49.455714285714286,Hold
2023-03-21 08:15:00,17060.4,55.41,49.74928571428571,Hold
2023-03-21 09:15:00,17066.05,55.8,50.11214285714285,Hold
2023-03-21 10:15:00,17065.4,50.58,49.89142857142857,Hold
2023-03-21 11:15:00,17030.95,43.13,48.35214285714286,Hold
2023-03-21 12:15:00,17097.75,49.83,47.95357142857142,Hold
2023-03-21 13:15:00,17088.4,47.24,46.58428571428571,Hold
2023-03-21 14:15:00,17104.2,71.94,48.441428571428574,Sell
2023-03-21 15:15:00,17104.5,69.55,50.27928571428571,Waiting
2023-03-21 16:15:00,17106.95,86.54,53.41571428571428,Waiting
2023-03-22 08:15:00,17177.45,88.79,56.78357142857143,Waiting
2023-03-22 09:15:00,17140.8,80.3,59.51714285714286,Waiting
2023-03-22 10:15:00,17129.85,71.82,61.675714285714285,Waiting
2023-03-22 11:15:00,17138.5,71.48,63.61071428571429,Waiting
2023-03-22 12:15:00,17134.65,70.31,65.19428571428571,Waiting
2023-03-22 13:15:00,17142.05,64.93,65.87428571428572,Waiting
2023-03-22 14:15:00,17160.25,66.47,66.63642857142857,Waiting
2023-03-22 15:15:00,17150.7,64.46,67.62785714285714,Waiting
2023-03-22 16:15:00,17142.75,70.83,69.60642857142857,Waiting
2023-03-23 08:15:00,17097.4,49.93,69.61357142857143,Waiting
2023-03-23 09:15:00,17136.7,58.72,70.43357142857143,Waiting
2023-03-23 10:15:00,17136.35,56.15,69.30571428571429,Waiting
2023-03-23 11:15:00,17168.0,60.84,68.68357142857143,Waiting
2023-03-23 12:15:00,17176.7,61.66,66.90642857142856,Waiting
2023-03-23 13:15:00,17129.5,41.31,63.515,Waiting
2023-03-23 14:15:00,17070.1,38.16,60.505,Waiting
2023-03-23 15:15:00,17073.65,40.35,58.25714285714286,Waiting
2023-03-23 16:15:00,17068.45,37.82,55.85285714285714,Waiting
2023-03-24 08:15:00,17076.2,39.98,53.68642857142857,Waiting
2023-03-24 09:15:00,17064.15,36.85,51.68071428571428,Waiting
2023-03-24 10:15:00,17061.9,32.45,49.25071428571429,Waiting
2023-03-24 11:15:00,17082.5,38.29,47.38142857142857,Waiting
2023-03-24 12:15:00,17080.55,39.1,45.114999999999995,Waiting
2023-03-24 13:15:00,17024.55,37.69,44.24071428571428,Waiting
2023-03-24 14:15:00,16954.5,22.12,41.62642857142857,Waiting
2023-03-24 15:15:00,16919.35,19.99,39.04357142857143,Buy
2023-03-24 16:15:00,16932.6,15.7,35.81928571428571,Hold
2023-03-27 08:15:00,16984.3,25.08,33.20642857142857,Hold
2023-03-27 09:15:00,17030.55,37.15,32.909285714285716,Hold
2023-03-27 10:15:00,16996.95,39.82,33.027857142857144,Hold
2023-03-27 11:15:00,17034.65,45.04,33.362857142857145,Hold
2023-03-27 12:15:00,17010.35,42.96,33.730000000000004,Hold
2023-03-27 13:15:00,17039.85,45.82,34.14714285714286,Hold
2023-03-27 14:15:00,16982.45,41.48,34.47785714285714,Hold
2023-03-27 15:15:00,16977.1,41.22,35.104285714285716,Hold
2023-03-27 16:15:00,16963.45,37.49,35.04714285714286,Hold
2023-03-28 08:15:00,17031.75,45.5,35.504285714285714,Hold
2023-03-28 09:15:00,16992.5,46.95,36.16571428571429,Hold
2023-03-28 10:15:00,16945.85,49.14,38.09571428571429,Hold
2023-03-28 11:15:00,16951.1,53.36,40.479285714285716,Hold
2023-03-28 12:15:00,16979.85,54.84,43.275,Hold
2023-03-28 13:15:00,16923.7,43.84,44.615,Hold
2023-03-28 14:15:00,16943.2,40.61,44.862142857142864,Hold
2023-03-28 15:15:00,16963.65,46.32,45.326428571428565,Hold
2023-03-28 16:15:00,16956.85,40.77,45.02142857142858,Hold
2023-03-29 08:15:00,16977.3,46.04,45.24142857142857,Hold
2023-03-29 09:15:00,17016.45,47.26,45.34428571428572,Hold
2023-03-29 10:15:00,16977.7,49.42,45.91142857142857,Hold
2023-03-29 11:15:00,16952.0,47.07,46.32928571428572,Hold
2023-03-29 12:15:00,16979.95,51.86,47.355714285714285,Hold
2023-03-29 13:15:00,17045.35,51.54,47.787142857142854,Hold
2023-03-29 14:15:00,17094.85,61.36,48.81642857142857,Hold
2023-03-29 15:15:00,17109.35,69.54,50.27357142857142,Hold
2023-03-29 16:15:00,17115.55,69.61,51.434285714285714,Hold
2023-03-31 08:15:00,17210.35,73.75,52.785000000000004,Sell
2023-03-31 09:15:00,17256.9,85.02,55.72642857142857,Waiting
2023-03-31 10:15:00,17245.5,82.32,58.705714285714286,Waiting
2023-03-31 11:15:00,17278.7,82.79,61.31071428571429,Waiting
2023-03-31 12:15:00,17316.65,85.17,64.48214285714286,Waiting
2023-03-31 13:15:00,17360.8,85.83,67.32428571428571,Waiting
2023-03-31 14:15:00,17363.2,84.78,70.00428571428571,Waiting
2023-03-31 15:15:00,17351.35,89.62,72.87571428571428,Waiting
2023-03-31 16:15:00,17356.85,94.85,76.28857142857143,Waiting
2023-04-03 08:15:00,17427.95,95.3,79.39142857142858,Waiting
2023-04-03 09:15:00,17367.9,82.97,81.63642857142858,Waiting
2023-04-03 10:15:00,17324.3,73.74,82.5207142857143,Waiting
2023-04-03 11:15:00,17351.65,74.42,82.86928571428571,Waiting
2023-04-03 12:15:00,17348.25,73.59,83.15357142857144,Waiting
2023-04-03 13:15:00,17371.75,69.12,82.82285714285715,Waiting
2023-04-03 14:15:00,17404.1,68.05,81.61071428571428,Waiting
2023-04-03 15:15:00,17397.3,68.82,80.64642857142859,Waiting
2023-04-03 16:15:00,17399.7,66.25,79.465,Waiting
2023-04-05 08:15:00,17422.3,64.79,78.00928571428572,Waiting
2023-04-05 09:15:00,17491.65,67.12,76.67285714285715,Waiting
2023-04-05 10:15:00,17485.95,65.92,75.32571428571428,Waiting
2023-04-05 11:15:00,17509.85,69.93,73.9192857142857,Waiting
2023-04-05 12:15:00,17537.45,71.52,72.25285714285715,Waiting
2023-04-05 13:15:00,17536.8,65.58,70.13,Waiting
2023-04-05 14:15:00,17552.55,80.28,69.93785714285715,Waiting
2023-04-05 15:15:00,17566.35,93.99,71.38428571428571,Waiting
2023-04-05 16:15:00,17561.0,91.35,72.59357142857142,Waiting
2023-04-06 08:15:00,17533.85,83.51,73.30214285714285,Waiting
2023-04-06 09:15:00,17588.5,85.18,74.44928571428571,Waiting
2023-04-06 10:15:00,17618.25,85.05,75.66357142857143,Waiting
2023-04-06 11:15:00,17602.3,82.58,76.64642857142857,Waiting
2023-04-06 12:15:00,17618.45,83.31,77.86500000000001,Waiting
2023-04-06 13:15:00,17575.6,71.99,78.37928571428573,Waiting
2023-04-06 14:15:00,17591.35,66.9,78.36357142857142,Waiting
2023-04-06 15:15:00,17605.7,69.72,78.635,Waiting
2023-04-06 16:15:00,17602.0,66.26,78.37285714285714,Waiting
2023-04-10 08:15:00,17634.9,66.87,78.0407142857143,Waiting
2023-04-10 09:15:00,17630.0,65.9,78.06357142857142,Waiting
2023-04-10 10:15:00,17640.0,65.22,76.98785714285714,Waiting
2023-04-10 11:15:00,17672.1,67.3,75.08142857142857,Waiting
2023-04-10 12:15:00,17667.5,67.47,73.37571428571428,Waiting
2023-04-10 13:15:00,17626.5,64.54,72.02071428571429,Waiting
2023-04-10 14:15:00,17621.3,56.09,69.94285714285715,Waiting
2023-04-10 15:15:00,17622.2,50.82,67.49785714285714,Waiting
2023-04-10 16:15:00,17613.05,52.3,65.335,Waiting
2023-04-11 08:15:00,17704.8,63.97,63.95357142857143,Waiting
2023-04-11 09:15:00,17704.0,74.04,64.10000000000001,Waiting
2023-04-12 09:15:00,17751.55,76.8,64.80714285714286,Waiting
2023-04-12 10:15:00,17754.35,75.87,65.24642857142858,Waiting
2023-04-12 11:15:00,17761.75,77.44,66.045,Waiting
2023-04-12 12:15:00,17792.35,77.26,66.78714285714285,Waiting
2023-04-12 13:15:00,17807.05,79.65,67.76928571428572,Waiting
2023-04-12 14:15:00,17811.9,79.29,68.77428571428571,Waiting
2023-04-12 15:15:00,17819.55,77.41,69.49642857142857,Waiting
2023-04-12 16:15:00,17817.9,78.27,70.26785714285714,Waiting
2023-04-13 08:15:00,17807.3,88.37,71.97,Waiting
2023-04-13 09:15:00,17792.4,84.88,74.02642857142858,Waiting
2023-04-13 10:15:00,17747.6,71.68,75.51642857142858,Waiting
2023-04-13 11:15:00,17746.6,73.76,77.04928571428572,Waiting
2023-04-13 12:15:00,17750.0,61.73,76.88928571428572,Waiting
2023-04-13 13:15:00,17780.6,67.21,76.40142857142858,Waiting
2023-04-13 14:15:00,17836.55,68.41,75.80214285714285,Waiting
2023-04-13 15:15:00,17834.6,67.44,75.2,Waiting
2023-04-13 16:15:00,17828.15,64.49,74.275,Waiting
2023-04-17 08:15:00,17863.0,65.14,73.40928571428572,Waiting
2023-04-17 09:15:00,17610.3,29.13,69.80071428571428,Waiting
2023-04-17 10:15:00,17640.95,32.81,66.48071428571428,
2023-04-17 11:15:00,17657.2,33.95,63.37642857142857,
2023-04-17 12:15:00,17671.25,35.85,60.346428571428575,
2023-04-17 13:15:00,17688.2,38.65,56.795,
2023-04-17 14:15:00,17711.3,42.39,53.760000000000005,
2023-04-17 15:15:00,17707.0,45.88,51.917142857142856,
2023-04-17 16:15:00,17704.1,45.7,49.91285714285714,
2023-04-18 08:15:00,17766.6,51.5,49.18214285714286,
2023-04-18 09:15:00,17670.35,41.09,47.31642857142857,
2023-04-18 10:15:00,17681.8,36.53,45.03928571428571,
2023-04-18 11:15:00,17682.15,36.69,42.84285714285715,
2023-04-18 12:15:00,17690.1,37.98,40.949285714285715,
2023-04-18 13:15:00,17636.4,30.9,38.50357142857143,
2023-04-18 14:15:00,17656.1,56.36,40.44857142857143,
2023-04-18 15:15:00,17659.15,52.74,41.87214285714286,
2023-04-18 16:15:00,17661.55,50.68,43.067142857142855,
2023-04-19 08:15:00,17653.35,47.14,43.87357142857143,
2023-04-19 09:15:00,17628.95,40.75,44.02357142857143,
2023-04-19 10:15:00,17649.6,40.29,43.87357142857143,
2023-04-19 11:15:00,17654.25,41.71,43.57571428571429,
2023-04-19 12:15:00,17633.65,39.51,43.13357142857143,
2023-04-19 13:15:00,17595.55,22.54,41.065,Buy
2023-04-19 14:15:00,17628.6,41.59,41.10071428571429,Hold
2023-04-19 15:15:00,17612.0,36.23,41.07928571428571,Hold
2023-04-19 16:15:00,17610.2,35.88,41.02142857142858,Hold
2023-04-20 08:15:00,17638.6,40.65,41.21214285714286,Hold
2023-04-20 09:15:00,17628.2,48.23,42.45,Hold
2023-04-20 10:15:00,17610.95,40.17,41.29357142857143,Hold
2023-04-20 11:15:00,17620.55,41.83,40.51428571428572,Hold
2023-04-20 12:15:00,17597.85,37.58,39.57857142857143,Hold
2023-04-20 13:15:00,17594.75,38.34,38.949999999999996,Hold
2023-04-20 14:15:00,17634.2,50.99,39.68142857142857,Hold
2023-04-20 15:15:00,17626.45,45.43,40.048571428571435,Hold
2023-04-20 16:15:00,17623.9,43.96,40.20928571428572,Hold
2023-04-21 08:15:00,17639.75,51.24,41.04714285714285,Hold
2023-04-21 09:15:00,17617.65,54.79,43.35071428571429,Hold
2023-04-21 10:15:00,17609.25,45.3,43.61571428571428,Hold
2023-04-21 11:15:00,17595.35,45.9,44.30642857142857,Hold
2023-04-21 12:15:00,17561.05,39.58,44.57071428571429,Hold
2023-04-21 13:15:00,17599.85,42.13,44.67642857142857,Hold
2023-04-21 14:15:00,17632.5,50.8,44.86,Hold
2023-04-21 15:15:00,17618.65,51.45,45.66571428571429,Hold
2023-04-21 16:15:00,17618.9,49.68,46.22642857142857,Hold
2023-04-24 08:15:00,17707.55,67.06,48.332142857142856,Hold
2023-04-24 09:15:00,17633.15,54.89,49.51428571428572,Hold
2023-04-24 10:15:00,17638.8,50.64,49.489285714285714,Hold
2023-04-24 11:15:00,17637.35,51.54,49.925714285714285,Hold
2023-04-24 12:15:00,17687.0,57.89,50.92071428571428,Hold
2023-04-24 13:15:00,17716.75,59.3,51.496428571428574,Hold
2023-04-24 14:15:00,17747.75,65.39,52.253571428571426,Hold
2023-04-24 15:15:00,17750.6,66.94,53.799285714285716,Hold
2023-04-24 16:15:00,17748.0,68.81,55.43571428571429,Hold
2023-04-25 08:15:00,17761.55,76.03,58.03928571428571,Sell
2023-04-25 09:15:00,17753.85,71.75,60.15500000000001,Waiting
2023-04-25 10:15:00,17774.9,70.79,61.58285714285715,Waiting
2023-04-25 11:15:00,17776.9,73.94,63.18928571428571,Waiting
2023-04-25 12:15:00,17777.5,73.96,64.92357142857144,Waiting
2023-04-25 13:15:00,17791.2,66.34,64.87214285714286,Waiting
2023-04-25 14:15:00,17776.45,86.5,67.13000000000001,Waiting
2023-04-25 15:15:00,17762.6,80.27,69.24642857142858,Waiting
2023-04-25 16:15:00,17761.95,80.58,71.32071428571429,Waiting
2023-04-26 08:15:00,17767.3,75.19,72.55642857142857,Waiting
2023-04-26 09:15:00,17751.55,61.97,72.74714285714286,Waiting
2023-04-26 10:15:00,17774.05,59.61,72.33428571428571,Waiting
2023-04-26 11:15:00,17778.9,60.19,71.85214285714285,Waiting
2023-04-26 12:15:00,17781.3,62.0,71.36571428571429,Waiting
2023-04-26 13:15:00,17794.7,61.96,70.36071428571428,Waiting
2023-04-26 14:15:00,17816.4,70.5,70.27142857142857,Waiting
2023-04-26 15:15:00,17825.5,67.99,70.07142857142857,Waiting
2023-04-26 16:15:00,17817.95,64.04,69.36428571428571,Waiting
2023-04-27 08:15:00,17813.1,61.84,68.49857142857142,Waiting
2023-04-27 09:15:00,17832.8,63.3,68.28142857142856,Waiting
2023-04-27 10:15:00,17827.2,67.23,66.905,Waiting
2023-04-27 11:15:00,17848.35,77.74,66.72428571428571,Waiting
2023-04-27 12:15:00,17852.0,78.58,66.58142857142856,Waiting
2023-04-27 13:15:00,17884.4,81.72,67.04785714285714,Waiting
2023-04-27 14:15:00,17920.95,91.24,69.13857142857142,Waiting
2023-04-27 15:15:00,17929.65,90.61,71.35285714285713,Waiting
2023-04-27 16:15:00,17923.2,87.34,73.29214285714285,Waiting
2023-04-28 08:15:00,17950.4,88.78,75.205,Waiting
2023-04-28 09:15:00,17889.2,67.78,75.62071428571429,Waiting
2023-04-28 10:15:00,17946.2,71.55,75.69571428571429,Waiting
2023-04-28 11:15:00,17963.9,72.34,76.00642857142857,Waiting
2023-04-28 12:15:00,17973.3,74.93,76.78428571428572,Waiting
2023-04-28 13:15:00,17981.8,76.76,77.85000000000001,Waiting
2023-04-28 14:15:00,18064.05,80.61,79.08642857142857,Waiting
2023-04-28 15:15:00,18084.05,82.75,80.19500000000001,Waiting
2023-04-28 16:15:00,18049.55,74.81,79.98571428571428,Waiting
2023-05-02 08:15:00,18124.8,78.59,79.98642857142859,Waiting
2023-05-02 09:15:00,18164.65,78.92,79.78642857142857,Waiting
2023-05-02 10:15:00,18136.5,72.63,78.45714285714287,Waiting
2023-05-02 11:15:00,18163.45,73.64,77.245,Waiting
2023-05-02 12:15:00,18171.0,75.01,76.36428571428571,Waiting
2023-05-02 13:15:00,18168.15,73.11,75.245,Waiting
2023-05-02 14:15:00,18142.95,79.16,76.05785714285715,Waiting
2023-05-02 15:15:00,18141.5,75.72,76.35571428571428,Waiting
2023-05-02 16:15:00,18136.05,73.43,76.43357142857144,Waiting
2023-05-03 08:15:00,18113.8,68.48,75.97285714285714,Waiting
2023-05-03 09:15:00,18065.2,59.92,74.77,Waiting
2023-05-04 09:15:00,18126.25,57.79,73.14,Waiting
2023-05-04 10:15:00,18152.4,58.43,71.40285714285714,Waiting
2023-05-04 11:15:00,18153.9,64.02,70.63214285714285,Waiting
2023-05-04 12:15:00,18179.4,58.47,69.19500000000001,Waiting
2023-05-04 13:15:00,18180.65,52.82,67.33071428571428,Waiting
2023-05-04 14:15:00,18263.15,68.72,67.05142857142856,Waiting
2023-05-04 15:15:00,18251.0,63.53,66.3292857142857,Waiting
2023-05-04 16:15:00,18238.6,60.3,65.27857142857142,Waiting
2023-05-05 08:15:00,18117.3,44.31,63.22142857142857,Waiting
2023-05-05 09:15:00,18199.85,55.64,61.54142857142857,Waiting
2023-05-05 10:15:00,18160.7,51.77,59.830714285714286,Waiting
2023-05-05 11:15:00,18137.1,50.09,58.16357142857142,Waiting
2023-05-05 12:15:00,18153.7,53.6,57.10071428571428,Waiting
2023-05-05 13:15:00,18140.75,57.28,56.912142857142854,Waiting
2023-05-05 14:15:00,18071.95,44.84,55.98714285714285,Waiting
2023-05-05 15:15:00,18066.35,41.49,54.777142857142856,Waiting
2023-05-05 16:15:00,18069.95,41.74,53.18571428571429,Waiting
2023-05-08 08:15:00,18120.6,44.49,52.18714285714286,Waiting
2023-05-08 09:15:00,18193.75,51.08,52.06285714285714,Waiting
2023-05-08 10:15:00,18233.55,47.37,50.53785714285715,Waiting
2023-05-08 11:15:00,18269.9,51.61,49.686428571428564,Waiting
2023-05-08 12:15:00,18270.35,52.76,49.14785714285715,Waiting
2023-05-08 13:15:00,18274.3,67.17,50.78071428571429,Waiting
2023-05-08 14:15:00,18266.1,58.65,50.99571428571428,Waiting
2023-05-08 15:15:00,18281.2,66.79,52.06857142857143,Waiting
2023-05-08 16:15:00,18269.75,69.13,53.42857142857143,Waiting
2023-05-09 08:15:00,18303.4,70.58,54.64142857142857,Waiting
2023-05-09 09:15:00,18331.2,75.16,55.91857142857143,Waiting
2023-05-09 10:15:00,18330.55,91.66,59.26285714285715,Waiting
2023-05-09 11:15:00,18328.25,92.64,62.916428571428575,Waiting
2023-05-09 12:15:00,18292.85,82.89,65.85571428571428,Waiting
2023-05-09 13:15:00,18260.85,71.9,67.81357142857142,Waiting
2023-05-09 14:15:00,18268.35,64.65,68.78285714285714,Waiting
2023-05-09 15:15:00,18260.9,56.15,69.41,Waiting
2023-05-09 16:15:00,18258.3,46.92,69.075,Waiting
2023-05-10 08:15:00,18313.6,58.89,69.51285714285714,Waiting
2023-05-10 09:15:00,18226.3,42.65,67.76142857142857,Waiting
2023-05-10 10:15:00,18256.6,48.64,67.04642857142856,Waiting
2023-05-10 11:15:00,18276.1,49.28,65.79571428571428,Waiting
2023-05-10 12:15:00,18292.4,53.16,64.655,Waiting
2023-05-10 13:15:00,18288.55,47.74,63.02357142857143,Waiting
2023-05-10 14:15:00,18319.4,48.22,61.09928571428572,Waiting
2023-05-10 15:15:00,18317.8,48.08,57.98642857142857,Waiting
2023-05-10 16:15:00,18311.0,47.44,54.75785714285714,Waiting
2023-05-11 08:15:00,18357.8,59.33,53.074999999999996,Waiting
2023-05-11 09:15:00,18323.2,58.89,52.145714285714284,Waiting
2023-05-11 10:15:00,18326.55,58.4,51.69928571428572,Waiting
2023-05-11 11:15:00,18307.5,56.5,51.72428571428571,Waiting
2023-05-11 12:15:00,18320.25,58.41,52.545,Waiting
2023-05-11 13:15:00,18321.75,51.3,52.00285714285714,Waiting
2023-05-11 14:15:00,18298.95,64.53,53.56571428571429,Waiting
2023-05-11 15:15:00,18306.55,60.99,54.44785714285714,Waiting
2023-05-11 16:15:00,18304.5,56.77,54.98285714285714,Waiting
2023-05-12 08:15:00,18273.75,45.84,54.459999999999994,Waiting
2023-05-12 09:15:00,18244.2,41.13,53.98785714285714,Waiting
2023-05-12 10:15:00,18285.0,43.38,53.64214285714286,Waiting
2023-05-12 11:15:00,18277.8,42.47,53.24142857142857,Waiting
2023-05-12 12:15:00,18301.2,48.26,53.3,Waiting
2023-05-12 13:15:00,18329.15,44.56,52.245000000000005,Waiting
2023-05-12 14:15:00,18315.9,48.49,51.502142857142864,Waiting
2023-05-12 15:15:00,18313.25,47.24,50.705,Waiting
2023-05-12 16:15:00,18312.2,51.05,50.315714285714286,Waiting
2023-05-15 08:15:00,18339.3,54.01,50.00142857142857,Waiting
2023-05-15 09:15:00,18383.45,61.01,50.695,Waiting
2023-05-15 10:15:00,18397.85,68.19,50.95642857142858,Waiting
2023-05-15 11:15:00,18420.0,69.8,51.58571428571429,Waiting
2023-05-15 12:15:00,18433.8,71.68,52.65071428571429,Waiting
2023-05-15 13:15:00,18451.9,81.19,55.175714285714285,Waiting
2023-05-15 14:15:00,18390.0,72.93,57.447142857142865,Waiting
2023-05-15 15:15:00,18389.25,68.76,59.260000000000005,Waiting
2023-05-15 16:15:00,18384.6,69.4,61.18357142857143,Waiting
2023-05-16 08:15:00,18432.35,71.88,62.87071428571429,Waiting
2023-05-16 09:15:00,18401.65,61.99,64.11571428571429,Waiting
2023-05-16 10:15:00,18379.15,60.15,64.94857142857143,Waiting
2023-05-16 11:15:00,18357.9,56.76,65.62857142857142,Waiting
2023-05-16 12:15:00,18363.85,57.71,66.10428571428572,Waiting
2023-05-16 13:15:00,18341.15,50.28,65.83785714285715,Waiting
2023-05-16 14:15:00,18283.2,35.45,64.01214285714286,Waiting
2023-05-16 15:15:00,18275.1,31.86,61.417142857142856,Waiting
2023-05-16 16:15:00,18276.75,27.46,58.392857142857146,Waiting
2023-05-17 08:15:00,18300.45,29.65,55.39071428571429,Buy
2023-05-17 09:15:00,18268.75,23.16,51.24571428571429,Hold
2023-05-17 10:15:00,18231.0,24.93,47.817142857142855,Hold
2023-05-17 11:15:00,18147.7,19.78,44.318571428571424,Hold
2023-05-17 12:15:00,18132.7,19.28,40.73857142857143,Hold
2023-05-17 13:15:00,18138.8,10.15,36.32928571428572,Hold
2023-05-17 14:15:00,18184.0,21.58,33.44285714285714,Hold
2023-05-17 15:15:00,18189.2,24.02,30.862142857142857,Hold
2023-05-17 16:15:00,18197.95,27.35,28.761428571428574,Hold
2023-05-18 08:15:00,18287.5,41.26,27.58642857142857,Hold
2023-05-18 09:15:00,18222.25,37.59,26.680000000000003,Hold
2023-05-18 10:15:00,18242.45,45.38,27.389285714285716,Hold
2023-05-18 11:15:00,18229.5,44.89,28.32,Hold
2023-05-18 12:15:00,18191.75,41.19,29.300714285714285,Hold
2023-05-18 13:15:00,18171.9,36.57,29.794999999999998,Hold
2023-05-18 14:15:00,18135.2,36.19,30.725714285714282,Hold
2023-05-18 15:15:00,18132.55,39.02,31.73214285714286,Hold
2023-05-18 16:15:00,18134.65,48.22,33.76357142857143,Hold
2023-05-19 08:15:00,18186.15,56.62,36.43071428571429,Hold
2023-05-19 09:15:00,18082.5,44.38,38.87571428571429,Hold
2023-05-19 10:15:00,18114.8,42.92,40.39999999999999,Hold
2023-05-19 11:15:00,18137.9,44.93,41.89357142857143,Hold
2023-05-19 12:15:00,18121.15,42.53,42.97785714285714,Hold
2023-05-19 13:15:00,18164.7,36.89,42.66571428571428,Hold
2023-05-19 14:15:00,18204.25,47.97,43.40714285714286,Hold
2023-05-19 15:15:00,18210.4,46.26,43.470000000000006,Hold
2023-05-19 16:15:00,18205.45,47.14,43.630714285714284,Hold
2023-05-22 08:15:00,18201.1,51.21,44.346428571428575,Hold
2023-05-22 09:15:00,18270.6,61.3,46.11285714285714,Hold
2023-05-22 10:15:00,18296.95,68.96,48.45357142857143,Hold
2023-05-22 11:15:00,18316.95,70.78,50.722142857142856,Sell
2023-05-22 12:15:00,18295.35,67.34,52.087857142857146,Waiting
2023-05-22 13:15:00,18304.25,64.04,52.61785714285714,Waiting
2023-05-22 14:15:00,18309.6,85.22,55.535000000000004,Waiting
2023-05-22 15:15:00,18303.25,81.78,58.31071428571429,Waiting
2023-05-22 16:15:00,18303.3,80.25,60.833571428571425,Waiting
2023-05-23 08:15:00,18362.9,88.22,64.09714285714286,Waiting
2023-05-23 09:15:00,18372.8,86.82,67.66357142857143,Waiting
2023-05-24 09:15:00,18362.8,81.33,70.04642857142856,Waiting
2023-05-24 10:15:00,18374.1,81.7,72.57785714285714,Waiting
2023-05-24 11:15:00,18341.05,73.68,74.47357142857143,Waiting
2023-05-24 12:15:00,18302.35,65.79,75.515,Waiting
2023-05-24 13:15:00,18312.55,58.03,75.28142857142858,Waiting
2023-05-24 14:15:00,18289.3,48.52,73.82142857142857,Waiting
2023-05-24 15:15:00,18291.35,44.67,71.95642857142857,Waiting
2023-05-24 16:15:00,18287.0,48.13,70.58428571428571,Waiting
2023-05-25 08:15:00,18268.9,42.39,69.03785714285715,Waiting
2023-05-25 09:15:00,18261.85,39.79,65.79285714285714,Waiting
2023-05-25 10:15:00,18252.95,39.37,62.76357142857143,Waiting
2023-05-25 11:15:00,18243.9,37.9,59.73857142857143,Waiting
2023-05-25 12:15:00,18225.45,16.37,54.60642857142857,Waiting
2023-05-25 13:15:00,18241.1,18.66,49.737857142857145,Buy
2023-05-25 14:15:00,18328.7,44.07,47.07642857142857,Hold
2023-05-25 15:15:00,18326.8,41.5,44.205,Hold
2023-05-25 16:15:00,18335.9,48.99,42.441428571428574,Hold
2023-05-26 08:15:00,18368.35,63.3,42.263571428571424,Hold
2023-05-26 09:15:00,18378.4,63.28,42.638571428571424,Hold
2023-05-26 10:15:00,18413.85,73.94,44.45428571428572,Sell
2023-05-26 11:15:00,18433.55,75.59,46.66285714285715,Waiting
2023-05-26 12:15:00,18434.55,76.88,48.71642857142858,Waiting
2023-05-26 13:15:00,18486.15,85.27,51.77928571428571,Waiting
2023-05-26 14:15:00,18505.0,88.02,55.22428571428571,Waiting
2023-05-26 15:15:00,18495.7,87.91,58.69142857142857,Waiting
2023-05-26 16:15:00,18491.9,89.38,62.36857142857143,Waiting
2023-05-29 08:15:00,18619.15,96.46,68.08928571428571,Waiting
2023-05-29 09:15:00,18588.45,89.58,73.155,Waiting
2023-05-29 10:15:00,18632.8,88.45,76.325,Waiting
2023-05-29 11:15:00,18617.6,85.57,79.47285714285714,Waiting
2023-05-29 12:15:00,18595.8,80.83,81.74714285714286,Waiting
2023-05-29 13:15:00,18622.8,80.58,82.98142857142857,Waiting
2023-05-29 14:15:00,18599.35,75.72,83.87,Waiting
2023-05-29 15:15:00,18595.55,72.84,83.79142857142857,Waiting
2023-05-29 16:15:00,18601.1,71.84,83.52357142857144,Waiting
2023-05-30 08:15:00,18606.65,72.17,83.18714285714285,Waiting
2023-05-30 09:15:00,18652.2,71.73,82.22,Waiting
2023-05-30 10:15:00,18606.9,62.47,80.395,Waiting
2023-05-30 11:15:00,18620.8,65.14,78.76857142857143,Waiting
2023-05-30 12:15:00,18611.9,64.34,76.98,Waiting
2023-05-30 13:15:00,18627.4,51.35,73.75785714285713,Waiting
2023-05-30 14:15:00,18633.5,57.99,71.50142857142858,Waiting
2023-05-30 15:15:00,18643.8,52.22,68.91357142857143,Waiting
2023-05-30 16:15:00,18639.95,54.72,66.71,Waiting
2023-05-31 08:15:00,18594.2,49.69,64.4857142857143,Waiting
2023-05-31 09:15:00,18569.15,39.62,61.56,Waiting
2023-05-31 10:15:00,18550.45,40.37,59.035000000000004,Waiting
2023-05-31 11:15:00,18498.7,33.95,56.25714285714286,Waiting
2023-05-31 12:15:00,18495.5,32.36,53.43714285714286,Waiting
2023-05-31 13:15:00,18509.95,34.32,50.73357142857144,Waiting
2023-05-31 14:15:00,18525.9,27.34,47.56285714285714,Waiting
2023-05-31 15:15:00,18545.0,37.74,45.79642857142857,
2023-05-31 16:15:00,18521.3,31.03,43.36000000000001,
2023-06-01 08:15:00,18579.4,44.78,41.962857142857146,
2023-06-01 09:15:00,18559.3,39.23,41.097142857142856,
2023-06-01 10:15:00,18569.0,39.91,39.80571428571428,
2023-06-01 11:15:00,18537.3,34.39,38.53214285714286,
2023-06-01 12:15:00,18550.8,37.29,37.287142857142854,
2023-06-01 13:15:00,18524.0,39.42,36.55357142857143,
2023-06-01 14:15:00,18491.35,38.54,36.47642857142857,
2023-06-01 15:15:00,18485.55,40.06,36.45428571428572,
2023-06-01 16:15:00,18486.1,47.71,37.43714285714286,
2023-06-02 08:15:00,18550.85,58.22,39.284285714285716,
2023-06-02 09:15:00,18492.3,47.68,40.238571428571426,
2023-06-02 10:15:00,18515.25,48.63,41.759285714285724,
2023-06-02 11:15:00,18528.15,47.79,42.47714285714286,
2023-06-02 12:15:00,18545.3,53.2,44.060714285714276,
2023-06-02 13:15:00,18540.8,44.0,44.004999999999995,
2023-06-02 14:15:00,18537.25,46.39,44.51642857142857,
2023-06-02 15:15:00,18526.4,43.04,44.74,
2023-06-02 16:15:00,18525.85,47.92,45.70642857142857,
2023-06-05 08:15:00,18612.0,58.8,47.24285714285715,
2023-06-05 09:15:00,18618.3,64.41,49.027857142857144,
2023-06-05 10:15:00,18631.5,72.77,51.472857142857144,
2023-06-05 11:15:00,18625.9,72.82,53.81285714285713,
2023-06-05 12:15:00,18606.55,68.45,55.294285714285714,
2023-06-05 13:15:00,18617.9,62.28,55.58428571428571,
2023-06-05 14:15:00,18593.25,71.11,57.25785714285714,
2023-06-05 15:15:00,18598.3,68.78,58.69714285714286,
2023-06-05 16:15:00,18599.9,67.1,60.076428571428565,
2023-06-06 08:15:00,18600.8,64.33,60.871428571428574,
2023-06-06 09:15:00,18580.6,59.51,61.979285714285716,
2023-06-06 10:15:00,18551.4,53.01,62.45214285714285,
2023-06-06 11:15:00,18541.6,53.25,63.18142857142857,
2023-06-06 12:15:00,18556.65,56.2,63.77285714285715,
2023-06-06 13:15:00,18551.55,31.94,61.85428571428571,
2023-06-06 14:15:00,18608.6,47.78,60.66642857142857,
2023-06-06 15:15:00,18620.0,47.34,58.85,
2023-06-06 16:15:00,18617.1,47.94,57.07285714285714,
2023-06-07 08:15:00,18665.6,62.16,56.62357142857143,
2023-06-07 09:15:00,18661.2,59.18,56.402142857142856,
2023-06-07 10:15:00,18661.6,66.15,56.04785714285715,
2023-06-07 11:15:00,18657.7,64.12,55.714999999999996,
2023-06-07 12:15:00,18682.65,67.7,55.75785714285714,
2023-06-07 13:15:00,18685.65,67.99,56.019285714285715,
2023-06-07 14:15:00,18726.95,78.48,57.37428571428571,
2023-06-07 15:15:00,18737.85,89.06,59.949285714285715,
2023-06-07 16:15:00,18730.35,89.93,62.56928571428572,
2023-06-08 08:15:00,18725.35,87.27,64.78857142857143,
2023-06-08 09:15:00,18753.3,90.49,68.9707142857143,
2023-06-08 10:15:00,18765.85,88.42,71.87357142857142,
2023-06-08 11:15:00,18701.35,65.78,73.1907142857143,
2023-06-08 12:15:00,18684.4,62.38,74.22214285714286,
2023-06-08 13:15:00,18692.65,55.84,73.77071428571428,
2023-06-08 14:15:00,18624.6,43.8,72.67214285714286,
2023-06-08 15:15:00,18637.95,46.16,71.24428571428571,
2023-06-08 16:15:00,18646.9,48.28,70.11285714285714,
2023-06-09 08:15:00,18655.9,45.5,68.52714285714286,
2023-06-09 09:15:00,18641.2,42.81,66.72857142857143,
2023-06-09 10:15:00,18612.05,30.64,63.31142857142857,
2023-06-09 11:15:00,18634.75,33.3,59.32857142857143,
2023-06-09 12:15:00,18610.5,31.58,55.160714285714285,
2023-06-09 13:15:00,18575.35,28.9,50.99142857142857,Buy
2023-06-09 14:15:00,18564.35,22.09,46.105714285714285,Hold
2023-06-09 15:15:00,18558.85,18.78,41.13142857142857,Hold
2023-06-09 16:15:00,18567.3,25.67,38.26642857142857,Hold
2023-06-12 08:15:00,18595.05,34.39,36.26714285714286,Hold
2023-06-13 08:15:00,18631.8,40.33,35.15928571428571,Hold
2023-06-13 09:15:00,18698.55,61.8,36.445,Hold
2023-06-13 10:15:00,18707.5,61.25,37.52285714285714,Hold
2023-06-13 11:15:00,18709.45,60.35,38.385,Hold
2023-06-13 12:15:00,18712.6,59.57,39.39,Hold
2023-06-13 13:15:00,18694.9,58.97,40.544285714285714,Hold
2023-06-13 14:15:00,18719.35,68.22,43.228571428571435,Hold
2023-06-13 15:15:00,18721.95,65.89,45.55642857142857,Hold
2023-06-13 16:15:00,18718.65,71.34,48.39642857142858,Sell
2023-06-14 08:15:00,18744.6,84.65,52.37857142857143,Waiting
2023-06-14 09:15:00,18707.55,76.49,56.26428571428572,Waiting
2023-06-14 10:15:00,18726.4,79.53,60.603571428571435,Waiting
2023-06-14 11:15:00,18743.95,80.17,64.49642857142858,Waiting
2023-06-14 12:15:00,18757.6,79.17,67.69500000000001,Waiting
2023-06-14 13:15:00,18766.05,76.81,70.30071428571428,Waiting
2023-06-14 14:15:00,18758.4,65.65,70.57571428571428,Waiting
2023-06-14 15:15:00,18750.65,61.35,70.58285714285714,Waiting
2023-06-14 16:15:00,18749.65,60.63,70.60285714285715,Waiting
2023-06-15 08:15:00,18774.45,64.67,70.96714285714286,Waiting
2023-06-15 09:15:00,18776.4,70.9,71.81928571428571,Waiting
2023-06-15 10:15:00,18762.3,61.63,71.34857142857143,Waiting
2023-06-15 11:15:00,18727.1,51.19,70.29857142857144,Waiting
2023-06-15 12:15:00,18723.3,51.07,68.85071428571429,Waiting
2023-06-15 13:15:00,18705.8,40.73,65.71357142857143,Waiting
2023-06-15 14:15:00,18682.65,43.63,63.36642857142857,Waiting
2023-06-15 15:15:00,18682.9,37.7,60.37857142857143,Waiting
2023-06-15 16:15:00,18682.15,30.69,56.84428571428572,Waiting
2023-06-16 08:15:00,18723.3,40.85,54.107142857142854,Waiting
2023-06-16 09:15:00,18765.05,49.77,52.175714285714285,Waiting
2023-06-16 10:15:00,18762.3,50.9,51.12214285714286,Waiting
2023-06-16 11:15:00,18765.2,53.45,50.557857142857145,Waiting
2023-06-16 12:15:00,18764.4,53.5,50.048571428571435,Waiting
2023-06-16 13:15:00,18789.85,53.64,49.260714285714286,Waiting
2023-06-16 14:15:00,18823.0,59.6,48.45357142857143,Waiting
2023-06-16 15:15:00,18821.7,62.92,48.54571428571428,Waiting
2023-06-16 16:15:00,18823.6,74.54,50.21357142857143,Waiting
2023-06-19 08:15:00,18873.3,80.93,52.346428571428575,Waiting
2023-06-19 09:15:00,18827.05,72.35,54.605000000000004,Waiting
2023-06-19 10:15:00,18779.25,66.32,56.22571428571429,Waiting
2023-06-19 11:15:00,18780.45,66.43,58.277857142857144,Waiting
2023-06-19 12:15:00,18759.25,62.15,60.525,Waiting
2023-06-19 13:15:00,18734.1,51.79,61.30642857142857,Waiting
2023-06-19 14:15:00,18760.5,49.2,61.26571428571429,Waiting
2023-06-19 15:15:00,18754.2,48.6,61.10142857142857,Waiting
2023-06-19 16:15:00,18754.2,48.08,60.71785714285715,Waiting
2023-06-20 08:15:00,18752.35,47.91,60.31857142857143,Waiting
2023-06-20 09:15:00,18695.55,35.22,59.002857142857145,Waiting
2023-06-20 10:15:00,18699.9,28.79,56.80214285714286,Waiting
2023-06-20 11:15:00,18717.25,32.95,54.66142857142857,
2023-06-20 12:15:00,18743.45,37.88,52.042857142857144,
2023-06-20 13:15:00,18752.5,29.17,48.34571428571429,Buy
2023-06-20 14:15:00,18820.4,48.93,46.67285714285714,Hold
2023-06-20 15:15:00,18835.3,60.06,46.22571428571428,Hold
2023-06-20 16:15:00,18833.7,59.54,45.73357142857143,Hold
2023-06-21 08:15:00,18849.4,66.48,46.042857142857144,Hold
2023-06-21 09:15:00,18869.5,75.21,47.715714285714284,Sell
2023-06-21 10:15:00,18800.9,56.5,48.237142857142864,Waiting
2023-06-21 11:15:00,18830.15,61.38,49.15,Waiting
2023-06-21 12:15:00,18853.4,63.9,50.279999999999994,Waiting
2023-06-21 13:15:00,18865.25,65.39,51.528571428571425,Waiting
2023-06-21 14:15:00,18861.15,76.35,54.46642857142857,Waiting
2023-06-21 15:15:00,18853.55,74.2,57.709999999999994,Waiting
2023-06-21 16:15:00,18862.1,73.47,60.604285714285716,Waiting
2023-06-22 08:15:00,18853.6,68.93,62.82214285714286,Waiting
2023-06-22 09:15:00,18862.75,68.94,65.66285714285713,Waiting
2023-06-22 10:15:00,18852.3,56.83,66.22714285714287,Waiting
2023-06-22 11:15:00,18812.25,45.55,65.19071428571428,Waiting
2023-06-22 12:15:00,18803.3,44.29,64.10142857142857,Waiting
2023-06-22 13:15:00,18835.95,47.62,62.75428571428571,Waiting
2023-06-22 14:15:00,18766.4,34.5,59.84642857142857,Waiting
2023-06-22 15:15:00,18772.8,44.8,59.010714285714286,Waiting
2023-06-22 16:15:00,18779.35,39.74,57.464999999999996,Waiting
2023-06-23 08:15:00,18741.85,28.7,54.950714285714284,Waiting
2023-06-23 09:15:00,18690.5,21.01,51.78071428571428,Buy
2023-06-23 10:15:00,18708.4,25.77,48.167857142857144,Hold
2023-06-23 11:15:00,18717.0,28.4,44.89642857142858,Hold
2023-06-23 12:15:00,18718.0,26.65,41.55214285714286,Hold
2023-06-23 13:15:00,18689.6,25.04,38.41714285714285,Hold
2023-06-23 14:15:00,18666.85,21.37,35.019285714285715,Hold
2023-06-23 15:15:00,18656.95,21.4,32.488571428571426,Hold
2023-06-23 16:15:00,18668.55,27.05,31.16714285714286,Hold
2023-06-26 08:15:00,18682.35,30.98,30.21642857142857,Hold
2023-06-26 09:15:00,18672.05,22.28,28.40642857142857,Hold
2023-06-26 10:15:00,18667.0,28.49,27.97714285714286,Hold
2023-06-26 11:15:00,18685.5,32.05,27.066428571428567,Hold
2023-06-26 12:15:00,18662.6,27.51,26.192857142857143,Hold
2023-06-26 13:15:00,18666.15,33.22,26.515714285714285,Hold
2023-06-26 14:15:00,18696.35,51.43,28.68857142857143,Hold
2023-06-26 15:15:00,18692.0,45.7,30.112142857142857,Hold
2023-06-26 16:15:00,18694.7,43.97,31.224285714285717,Hold
2023-06-27 08:15:00,18748.55,56.42,33.35071428571428,Hold
2023-06-27 09:15:00,18730.7,59.04,35.77928571428571,Hold
2023-06-27 10:15:00,18722.3,63.02,38.75428571428572,Hold
2023-06-27 11:15:00,18750.6,70.24,42.24285714285715,Sell
2023-06-27 12:15:00,18742.95,66.36,45.05071428571428,Waiting
2023-06-27 13:15:00,18775.4,68.91,47.76,Waiting
2023-06-27 14:15:00,18824.8,76.78,51.652857142857144,Waiting
2023-06-27 15:15:00,18817.2,76.1,55.05357142857143,Waiting
2023-06-27 16:15:00,18818.6,74.59,58.09214285714285,Waiting
2023-06-28 08:15:00,18908.15,86.4,62.298571428571435,Waiting
2023-06-28 09:15:00,18888.3,81.42,65.74142857142857,Waiting
2023-06-28 10:15:00,18939.5,82.46,67.95785714285715,Waiting
2023-06-28 11:15:00,18956.6,84.16,70.705,Waiting
2023-06-28 12:15:00,18994.9,85.49,73.67071428571428,Waiting
2023-06-28 13:15:00,18979.55,80.05,75.35857142857142,Waiting
2023-06-28 14:15:00,18972.95,82.46,77.03142857142858,Waiting
2023-06-28 15:15:00,18984.05,84.82,78.58857142857143,Waiting
2023-06-28 16:15:00,18993.0,84.0,79.57142857142857,Waiting
2023-06-30 08:15:00,19076.85,88.58,81.15857142857143,Waiting
2023-06-30 09:15:00,19090.25,88.06,82.52642857142857,Waiting
2023-06-30 10:15:00,19095.8,86.64,83.23071428571428,Waiting
2023-06-30 11:15:00,19118.3,89.13,84.16142857142857,Waiting
2023-06-30 12:15:00,19145.4,89.81,85.24857142857142,Waiting
2023-06-30 13:15:00,19144.75,86.8,85.27714285714286,Waiting
2023-06-30 14:15:00,19194.25,93.56,86.14428571428572,Waiting
2023-06-30 15:15:00,19196.25,92.52,86.86285714285714,Waiting
2023-06-30 16:15:00,19183.2,88.03,87.13928571428572,Waiting
2023-07-03 12:15:00,19319.3,90.99,87.53214285714286,Waiting
2023-07-03 13:15:00,19304.6,91.14,88.32428571428571,Waiting
2023-07-03 14:15:00,19316.55,92.91,89.07071428571429,Waiting
2023-07-03 15:15:00,19335.55,93.04,89.65785714285713,Waiting
2023-07-03 16:15:00,19329.8,91.57,90.19857142857143,Waiting
2023-07-04 08:15:00,19406.6,91.42,90.40142857142857,Waiting
2023-07-04 09:15:00,19325.35,75.23,89.485,Waiting
2023-07-04 10:15:00,19340.75,75.74,88.70642857142856,Waiting
2023-07-04 11:15:00,19377.0,76.42,87.79857142857144,Waiting
2023-07-04 12:15:00,19392.9,75.87,86.80285714285712,Waiting
2023-07-04 13:15:00,19372.65,72.89,85.8092857142857,Waiting
2023-07-04 14:15:00,19389.95,71.01,84.19857142857143,Waiting
2023-07-04 15:15:00,19384.95,70.13,82.59928571428573,Waiting
2023-07-04 16:15:00,19385.55,72.18,81.46714285714286,Waiting
2023-07-05 08:15:00,19405.95,62.72,79.44785714285715,Waiting
2023-07-05 09:15:00,19389.05,62.32,77.38928571428572,Waiting
2023-07-05 10:15:00,19374.0,58.31,74.91785714285713,Waiting
2023-07-05 11:15:00,19392.65,58.26,72.43357142857143,Waiting
2023-07-05 12:15:00,19388.55,58.54,70.07428571428572,Waiting
2023-07-05 13:15:00,19380.85,45.31,66.78071428571428,Waiting
2023-07-05 14:15:00,19410.65,69.1,66.34285714285714,Waiting
2023-07-05 15:15:00,19416.1,67.66,65.76571428571428,Waiting
2023-07-05 16:15:00,19415.3,60.76,64.64714285714285,Waiting
2023-07-06 08:15:00,19385.7,48.12,62.665,Waiting
2023-07-06 09:15:00,19449.85,66.39,62.200714285714284,Waiting
2023-07-06 10:15:00,19457.7,64.99,61.770714285714284,Waiting
2023-07-06 11:15:00,19450.2,64.27,61.35214285714285,Waiting
2023-07-06 12:15:00,19450.2,64.18,60.78071428571428,Waiting
2023-07-06 13:15:00,19458.0,62.08,60.735,Waiting
2023-07-06 14:15:00,19505.45,73.67,61.54571428571428,Waiting
2023-07-06 15:15:00,19494.8,75.01,62.73857142857143,Waiting
2023-07-06 16:15:00,19486.25,70.22,63.59285714285714,Waiting
2023-07-07 08:15:00,19422.8,55.89,63.403571428571425,Waiting
2023-07-07 09:15:00,19496.55,66.21,64.89642857142857,Waiting
2023-07-07 10:15:00,19426.75,52.03,63.67714285714286,Waiting
2023-07-07 11:15:00,19380.5,45.93,62.125,Waiting
2023-07-07 12:15:00,19355.9,43.56,60.89642857142858,Waiting
2023-07-07 13:15:00,19372.1,48.48,60.922142857142866,Waiting
2023-07-07 14:15:00,19325.65,35.57,58.72071428571429,Waiting
2023-07-07 15:15:00,19320.05,33.92,56.50142857142857,Waiting
2023-07-07 16:15:00,19324.65,35.23,54.42714285714286,Waiting
2023-07-10 08:15:00,19400.35,45.02,53.058571428571426,Waiting
2023-07-10 09:15:00,19413.15,45.57,51.87928571428572,Waiting
2023-07-10 10:15:00,19389.8,38.0,49.33142857142857,Waiting
2023-07-10 11:15:00,19350.4,35.86,46.535000000000004,Waiting
2023-07-10 12:15:00,19393.05,41.44,44.47928571428571,Waiting
2023-07-10 13:15:00,19397.0,47.34,43.86857142857143,Waiting
2023-07-10 14:15:00,19355.8,34.45,41.60000000000001,Waiting
2023-07-10 15:15:00,19360.25,41.41,40.84142857142857,Waiting
2023-07-10 16:15:00,19367.85,48.19,41.00285714285714,Waiting
2023-07-11 08:15:00,19427.1,59.29,42.12642857142857,Waiting
2023-07-11 09:15:00,19473.15,62.23,43.10857142857143,Waiting
2023-07-11 10:15:00,19500.55,72.2,45.725,Waiting
2023-07-11 11:15:00,19493.35,71.9,48.43785714285715,Waiting
2023-07-11 12:15:00,19486.65,70.37,50.94785714285714,Waiting
2023-07-11 13:15:00,19459.0,58.39,51.90285714285715,Waiting
2023-07-11 14:15:00,19428.15,52.04,52.365,Waiting
2023-07-11 15:15:00,19445.85,57.74,53.775,Waiting
2023-07-11 16:15:00,19448.15,65.04,55.85928571428571,Waiting
2023-07-12 08:15:00,19497.45,65.74,57.595000000000006,Waiting
2023-07-12 09:15:00,19464.95,59.43,58.45857142857143,Waiting
2023-07-12 10:15:00,19454.9,65.06,60.644999999999996,Waiting
2023-07-12 11:15:00,19419.75,58.27,61.84928571428571,Waiting
2023-07-12 12:15:00,19453.1,61.06,62.768571428571434,Waiting
2023-07-12 13:15:00,19443.05,52.37,62.27428571428572,Waiting
2023-07-12 14:15:00,19371.7,35.97,60.39857142857142,Waiting
2023-07-12 15:15:00,19371.95,30.77,57.439285714285724,Waiting
2023-07-12 16:15:00,19384.75,34.03,54.73428571428571,Waiting
2023-07-13 08:15:00,19495.2,50.96,53.347857142857144,Waiting
2023-07-13 09:15:00,19560.4,60.53,53.50071428571429,Waiting
2023-07-13 10:15:00,19553.65,63.72,54.334999999999994,Waiting
2023-07-13 11:15:00,19548.85,61.59,54.61,Waiting
2023-07-13 12:15:00,19545.95,60.99,54.32071428571429,Waiting
2023-07-13 13:15:00,19450.3,45.2,52.853571428571435,Waiting
2023-07-13 14:15:00,19418.45,45.26,51.84142857142857,Waiting
2023-07-13 15:15:00,19432.0,47.68,50.6,Waiting
2023-07-13 16:15:00,19443.2,52.49,50.18714285714286,Waiting
2023-07-14 08:15:00,19493.45,54.14,49.692857142857136,Waiting
2023-07-14 09:15:00,19451.9,50.85,49.58428571428571,Waiting
2023-07-14 10:15:00,19472.5,60.77,51.355714285714285,Waiting
2023-07-14 11:15:00,19485.3,61.8,53.57214285714286,Waiting
2023-07-14 12:15:00,19501.4,62.06,55.574285714285715,Waiting
2023-07-14 13:15:00,19512.2,52.21,55.66357142857144,Waiting
2023-07-14 14:15:00,19566.45,50.81,54.96928571428571,Waiting
2023-07-14 15:15:00,19593.75,55.09,54.35285714285715,Waiting
2023-07-14 16:15:00,19587.35,54.87,53.87285714285714,Waiting
2023-07-17 08:15:00,19612.15,57.94,53.65500000000001,Waiting
2023-07-17 09:15:00,19631.4,76.58,55.896428571428565,Waiting
2023-07-17 10:15:00,19620.15,81.51,58.48571428571428,Waiting
2023-07-17 11:15:00,19628.95,81.23,60.88214285714286,Waiting
2023-07-17 12:15:00,19646.9,81.62,62.962857142857146,Waiting
2023-07-17 13:15:00,19648.3,78.33,64.6907142857143,Waiting
2023-07-17 14:15:00,19730.15,94.37,67.79928571428572,Waiting
2023-07-17 15:15:00,19725.65,92.55,70.06928571428571,Waiting
2023-07-17 16:15:00,19719.1,90.14,72.09357142857142,Waiting
2023-07-18 08:15:00,19787.5,91.64,74.20642857142857,Waiting
2023-07-18 09:15:00,19763.6,85.25,76.56642857142857,Waiting
2023-07-18 10:15:00,19806.95,84.78,78.99285714285715,Waiting
2023-07-18 11:15:00,19702.9,62.92,79.55214285714285,Waiting
2023-07-18 12:15:00,19717.9,65.14,80.28571428571429,Waiting
2023-07-18 13:15:00,19760.3,66.51,80.89785714285713,Waiting
2023-07-18 14:15:00,19743.55,62.57,79.89714285714285,Waiting
2023-07-18 15:15:00,19751.4,64.82,78.70500000000001,Waiting
2023-07-18 16:15:00,19751.55,64.12,77.48285714285714,Waiting
2023-07-19 08:15:00,19802.95,66.69,76.41642857142857,Waiting
2023-07-19 09:15:00,19826.15,68.17,75.6907142857143,Waiting
2023-07-19 10:15:00,19746.15,51.64,72.63857142857144,Waiting
2023-07-19 11:15:00,19736.6,51.11,69.67857142857143,Waiting
2023-07-19 12:15:00,19788.95,56.49,67.275,Waiting
2023-07-19 13:15:00,19781.1,49.33,64.25285714285715,Waiting
2023-07-19 14:15:00,19833.2,56.88,62.22642857142857,Waiting
2023-07-19 15:15:00,19837.9,53.31,59.978571428571435,Waiting
2023-07-19 16:15:00,19847.15,69.36,60.43857142857143,Waiting
2023-07-20 08:15:00,19831.7,65.25,60.44642857142857,Waiting
2023-07-20 09:15:00,19787.35,53.61,59.525,Waiting
2023-07-20 10:15:00,19830.8,60.86,59.402857142857144,Waiting
2023-07-20 11:15:00,19860.15,62.85,59.262142857142855,Waiting
2023-07-20 12:15:00,19872.95,63.93,59.248571428571424,Waiting
2023-07-21 12:15:00,19791.35,48.76,57.96785714285714,Waiting
2023-07-21 13:15:00,19779.4,44.86,56.30285714285714,Waiting
2023-07-21 14:15:00,19743.25,49.65,56.160714285714285,Waiting
2023-07-21 15:15:00,19772.35,54.15,56.377857142857145,Waiting
2023-07-21 16:15:00,19780.9,48.96,55.839999999999996,Waiting
2023-07-24 08:15:00,19748.45,46.03,55.604285714285716,Waiting
2023-07-24 09:15:00,19748.55,38.22,54.271428571428565,Waiting
2023-07-24 10:15:00,19764.2,40.05,53.32428571428572,Waiting
2023-07-24 11:15:00,19709.15,33.41,50.75642857142857,Waiting
2023-07-24 12:15:00,19760.7,42.15,49.10642857142857,Waiting
2023-07-24 13:15:00,19749.65,45.5,48.527142857142856,Waiting
2023-07-24 14:15:00,19670.9,32.39,46.49357142857143,Waiting
2023-07-24 15:15:00,19668.35,27.56,43.972857142857144,Waiting
2023-07-24 16:15:00,19665.4,25.14,41.20214285714286,Buy
2023-07-25 08:15:00,19702.7,38.12,40.44214285714286,Hold
2023-07-25 09:15:00,19678.75,36.93,39.87571428571429,Hold
2023-07-25 10:15:00,19673.15,40.12,39.195,Hold
2023-07-25 11:15:00,19676.7,35.47,37.86071428571428,Hold
2023-07-25 12:15:00,19667.25,32.78,36.705,Hold
2023-07-25 13:15:00,19659.7,35.45,35.949285714285715,Hold
2023-07-25 14:15:00,19674.65,38.45,35.965714285714284,Hold
2023-07-25 15:15:00,19679.55,36.31,35.698571428571434,Hold
2023-07-25 16:15:00,19678.85,44.05,36.45857142857143,Hold
2023-07-26 08:15:00,19733.35,44.69,36.64,Hold
2023-07-26 09:15:00,19815.7,60.04,37.67857142857143,Hold
2023-07-26 10:15:00,19804.4,75.52,40.75928571428572,Sell
2023-07-26 11:15:00,19812.4,76.97,44.28857142857142,Waiting
2023-07-26 12:15:00,19790.95,71.98,47.63428571428572,Waiting
2023-07-26 13:15:00,19792.7,68.0,49.76857142857143,Waiting
2023-07-26 14:15:00,19784.7,72.63,52.318571428571424,Waiting
2023-07-26 15:15:00,19778.15,72.34,54.62,Waiting
2023-07-26 16:15:00,19773.1,70.38,57.11357142857143,Waiting
2023-07-27 08:15:00,19850.9,80.12,60.495,Waiting
2023-07-27 09:15:00,19806.65,71.51,63.07071428571429,Waiting
2023-07-27 10:15:00,19780.6,65.02,64.96857142857142,Waiting
2023-07-27 11:15:00,19740.05,57.79,66.50285714285715,Waiting
2023-07-27 12:15:00,19731.25,56.61,67.4,Waiting
2023-07-27 13:15:00,19695.95,45.04,67.425,Waiting
2023-07-27 14:15:00,19664.7,26.85,65.05428571428571,Waiting
2023-07-27 15:15:00,19695.65,34.27,62.10785714285714,
2023-07-27 16:15:00,19700.2,33.61,59.010714285714286,
2023-07-28 08:15:00,19659.75,31.84,56.14357142857143,
2023-07-28 09:15:00,19618.5,28.27,53.305714285714295,Buy
2023-07-28 10:15:00,19607.7,28.07,50.12285714285714,Hold
2023-07-28 11:15:00,19579.95,26.67,46.86071428571429,Hold
2023-07-28 12:15:00,19607.75,31.53,44.08571428571429,Hold
2023-07-28 13:15:00,19597.45,16.66,39.55285714285714,Hold
2023-07-28 14:15:00,19651.8,30.16,36.59928571428571,Hold
2023-07-28 15:15:00,19638.45,31.17,34.18142857142857,Hold
2023-07-28 16:15:00,19638.0,34.87,32.544285714285714,Hold
2023-07-31 08:15:00,19666.35,40.91,31.422857142857143,Hold
2023-07-31 09:15:00,19672.95,46.5,31.527142857142856,Hold
2023-07-31 10:15:00,19693.5,54.54,33.505,Hold
2023-07-31 11:15:00,19707.6,51.99,34.770714285714284,Hold
2023-07-31 12:15:00,19700.55,50.06,35.94571428571428,Hold
2023-07-31 13:15:00,19703.6,58.25,37.832142857142856,Hold
2023-07-31 14:15:00,19760.0,75.19,41.18357142857143,Sell
2023-07-31 15:15:00,19759.6,78.08,44.755714285714284,Waiting
2023-07-31 16:15:00,19740.75,80.73,48.61714285714286,Waiting
2023-08-01 08:15:00,19784.0,81.81,52.20857142857143,Waiting
2023-08-01 09:15:00,19779.55,83.57,56.98785714285714,Waiting
2023-08-01 10:15:00,19730.4,64.77,59.459999999999994,Waiting
2023-08-01 11:15:00,19729.3,67.9,62.08357142857143,Waiting
2023-08-01 12:15:00,19738.0,69.08,64.52714285714286,Waiting
2023-08-01 13:15:00,19737.55,65.21,66.26285714285714,Waiting
2023-08-01 14:15:00,19736.15,63.81,67.49928571428572,Waiting
2023-08-01 15:15:00,19738.0,60.59,67.93142857142857,Waiting
2023-08-01 16:15:00,19736.1,57.2,68.30357142857143,Waiting
2023-08-02 08:15:00,19655.4,41.69,67.70571428571428,Waiting
2023-08-02 09:15:00,19610.7,35.17,66.05714285714286,Waiting
2023-08-02 10:15:00,19555.05,17.21,61.91571428571428,Waiting
2023-08-02 11:15:00,19540.55,16.47,57.515,Buy
2023-08-02 12:15:00,19512.05,16.0,52.89142857142857,Hold
2023-08-02 13:15:00,19429.85,2.81,47.24857142857143,Hold
2023-08-02 14:15:00,19542.6,25.5,43.10071428571429,Hold
2023-08-02 15:15:00,19534.25,27.85,40.46357142857143,Hold
2023-08-02 16:15:00,19514.8,26.74,37.52357142857143,Hold
2023-08-03 08:15:00,19463.75,22.76,34.214999999999996,Hold
2023-08-03 09:15:00,19479.8,25.17,31.354999999999997,Hold
2023-08-03 10:15:00,19499.4,27.97,28.794999999999998,Hold
2023-08-03 11:15:00,19458.55,25.75,26.306428571428572,Hold
2023-08-03 12:15:00,19359.45,22.04,23.795000000000005,Hold
2023-08-03 13:15:00,19310.9,23.14,22.470000000000002,Hold
2023-08-03 14:15:00,19390.1,33.68,22.36357142857143,Hold
2023-08-03 15:15:00,19400.35,37.73,23.82928571428571,Hold
2023-08-03 16:15:00,19394.45,38.25,25.384999999999998,Hold
2023-08-04 08:15:00,19462.8,46.28,27.547857142857143,Hold
2023-08-04 09:15:00,19478.4,54.08,31.21,Hold
2023-08-04 10:15:00,19471.65,42.75,32.442142857142855,Hold
2023-08-04 11:15:00,19525.65,49.2,33.96714285714285,Hold
2023-08-04 12:15:00,19514.95,50.01,35.62928571428571,Hold
2023-08-04 13:15:00,19482.45,51.84,37.70642857142857,Hold
2023-08-04 14:15:00,19530.9,54.73,39.81785714285714,Hold
2023-08-04 15:15:00,19516.75,51.62,41.50714285714286,Hold
2023-08-04 16:15:00,19510.05,55.15,43.607142857142854,Hold
2023-08-07 08:15:00,19576.85,73.23,47.26357142857143,Sell
2023-08-07 09:15:00,19565.35,79.53,51.291428571428575,Waiting
2023-08-07 10:15:00,19538.2,69.55,53.85357142857142,Waiting
2023-08-07 11:15:00,19535.25,68.16,56.027142857142856,Waiting
2023-08-07 12:15:00,19584.55,72.91,58.50285714285714,Waiting
2023-08-07 13:15:00,19585.7,67.67,60.03071428571428,Waiting
2023-08-07 14:15:00,19598.1,67.37,60.98,Waiting
2023-08-07 15:15:00,19599.9,68.89,62.84714285714285,Waiting
2023-08-07 16:15:00,19597.95,62.57,63.80214285714286,Waiting
2023-08-08 08:15:00,19627.2,68.34,65.11142857142858,Waiting
2023-08-08 09:15:00,19590.5,67.41,66.22357142857143,Waiting
2023-08-08 10:15:00,19560.85,55.14,66.25285714285714,Waiting
2023-08-08 11:15:00,19575.5,60.06,66.85571428571428,Waiting
2023-08-08 12:15:00,19579.55,62.01,67.3457142857143,Waiting
2023-08-08 13:15:00,19576.6,49.94,65.68214285714285,Waiting
2023-08-08 14:15:00,19566.1,50.17,63.585,Waiting
2023-08-08 15:15:00,19571.2,58.15,62.77071428571429,Waiting
2023-08-08 16:15:00,19570.8,58.89,62.10857142857143,Waiting
2023-08-09 08:15:00,19578.8,48.19,60.34285714285714,Waiting
2023-08-09 09:15:00,19508.8,33.09,57.87285714285714,Waiting
2023-08-09 10:15:00,19480.2,25.8,54.90357142857143,Waiting
2023-08-09 11:15:00,19489.05,27.89,51.97500000000001,Buy
2023-08-09 12:15:00,19487.05,27.88,49.49714285714286,Hold
2023-08-10 12:15:00,19585.0,43.39,47.714999999999996,Hold
2023-08-10 13:15:00,19543.75,42.78,45.955714285714286,Hold
2023-08-10 14:15:00,19545.95,47.49,45.409285714285716,Hold
2023-08-10 15:15:00,19549.7,45.48,44.36785714285714,Hold
2023-08-10 16:15:00,19549.2,44.62,43.12571428571429,Hold
2023-08-11 08:15:00,19554.25,46.07,42.84928571428571,Hold
2023-08-11 09:15:00,19459.6,35.54,41.80428571428571,Hold
2023-08-11 10:15:00,19463.95,35.41,40.18,Hold
2023-08-11 11:15:00,19449.95,34.15,38.41285714285714,Hold
2023-08-11 12:15:00,19482.2,38.09,37.69142857142857,Hold
2023-08-11 13:15:00,19470.7,44.51,38.50714285714286,Hold
2023-08-11 14:15:00,19415.85,41.38,39.62,Hold
2023-08-11 15:15:00,19432.55,42.59,40.67,Hold
2023-08-11 16:15:00,19424.25,41.89,41.67071428571428,Hold
2023-08-14 08:15:00,19383.95,19.51,39.964999999999996,Hold
2023-08-14 09:15:00,19319.8,18.24,38.21214285714286,Hold
2023-08-14 10:15:00,19316.45,17.56,36.074285714285715,Hold
2023-08-14 11:15:00,19379.0,29.31,34.919285714285714,Hold
2023-08-14 12:15:00,19362.15,28.19,33.745714285714286,Hold
2023-08-14 13:15:00,19430.35,37.41,33.12714285714286,Hold
2023-08-14 14:15:00,19430.95,46.4,33.902857142857144,Hold
2023-08-14 15:15:00,19420.55,44.63,34.56142857142857,Hold
2023-08-14 16:15:00,19413.65,45.43,35.36714285714286,Hold
2023-08-16 08:15:00,19369.0,36.17,35.23,Hold
2023-08-16 09:15:00,19377.95,38.6,34.807857142857145,Hold
2023-08-16 10:15:00,19378.9,44.76,35.049285714285716,Hold
2023-08-16 11:15:00,19387.2,43.42,35.10857142857143,Hold
2023-08-16 12:15:00,19425.6,50.18,35.700714285714284,Hold
2023-08-16 13:15:00,19422.9,55.78,38.29142857142857,Hold
2023-08-16 14:15:00,19461.75,72.77,42.18642857142857,Sell
2023-08-16 15:15:00,19462.45,73.62,46.19071428571429,Waiting
2023-08-16 16:15:00,19447.0,62.98,48.59571428571428,Waiting
2023-08-17 08:15:00,19450.55,67.78,51.423571428571435,Waiting
2023-08-17 09:15:00,19399.3,43.3,51.84428571428571,Waiting
2023-08-17 10:15:00,19400.45,43.43,51.63214285714286,Waiting
2023-08-17 11:15:00,19356.1,37.89,51.15071428571429,Waiting
2023-08-17 12:15:00,19329.95,35.34,50.43,Waiting
2023-08-17 13:15:00,19364.1,49.11,51.35428571428571,Waiting
2023-08-17 14:15:00,19362.2,47.06,51.95857142857143,Waiting
2023-08-17 15:15:00,19362.65,46.96,52.1157142857143,Waiting
2023-08-17 16:15:00,19346.2,42.56,52.05428571428571,Waiting
2023-08-18 08:15:00,19301.75,28.01,50.47071428571429,Waiting
2023-08-18 09:15:00,19266.35,25.09,48.278571428571425,Buy
2023-08-18 10:15:00,19276.65,17.61,44.33857142857143,Hold
2023-08-18 11:15:00,19304.55,24.77,40.84928571428571,Hold
2023-08-18 12:15:00,19268.55,23.24,38.010714285714286,Hold
2023-08-18 13:15:00,19353.8,38.35,35.90857142857143,Hold
2023-08-18 14:15:00,19316.35,39.67,35.64928571428572,Hold
2023-08-18 15:15:00,19297.55,37.72,35.24142857142857,Hold
2023-08-18 16:15:00,19281.5,40.45,35.424285714285716,Hold
2023-08-21 08:15:00,19320.65,48.85,36.38928571428571,Hold
2023-08-21 09:15:00,19303.85,42.2,35.895714285714284,Hold
2023-08-21 10:15:00,19374.4,51.34,36.20142857142857,Hold
2023-08-21 11:15:00,19373.3,51.17,36.50214285714286,Hold
2023-08-21 12:15:00,19403.25,56.08,37.46785714285714,Hold
2023-08-21 13:15:00,19389.4,59.99,39.75214285714286,Hold
2023-08-21 14:15:00,19397.8,65.97,42.67214285714285,Hold
2023-08-21 15:15:00,19382.5,62.71,45.89357142857143,Hold
2023-08-21 16:15:00,19380.15,59.67,48.38642857142857,Hold
2023-08-22 08:15:00,19417.1,68.95,51.651428571428575,Hold
2023-08-22 09:15:00,19400.6,57.24,53.00071428571429,Hold
2023-08-22 10:15:00,19414.95,66.43,54.912142857142854,Hold
2023-08-22 11:15:00,19431.8,72.51,57.39714285714286,Sell
2023-08-22 12:15:00,19424.15,74.62,59.83785714285715,Waiting
2023-08-22 13:15:00,19413.95,67.89,61.19785714285715,Waiting
2023-08-22 14:15:00,19391.45,66.44,62.92928571428571,Waiting
2023-08-22 15:15:00,19390.45,54.07,63.124285714285726,Waiting
2023-08-22 16:15:00,19390.05,54.27,63.34571428571429,Waiting
2023-08-23 08:15:00,19439.2,58.34,63.50714285714286,Waiting
2023-08-23 09:15:00,19388.3,49.78,62.77785714285715,Waiting
2023-08-23 10:15:00,19408.5,52.02,61.78142857142858,Waiting
2023-08-23 11:15:00,19421.95,57.52,61.410714285714285,Waiting
2023-08-23 12:15:00,19439.45,60.68,61.48285714285715,Waiting
2023-08-23 13:15:00,19461.1,58.39,60.728571428571435,Waiting
2023-08-23 14:15:00,19442.75,57.98,60.78142857142858,Waiting
2023-08-23 15:15:00,19447.2,56.34,60.060714285714276,Waiting
2023-08-23 16:15:00,19442.3,52.17,58.60785714285714,Waiting
2023-08-24 08:15:00,19535.15,66.95,58.059999999999995,Waiting
2023-08-24 09:15:00,19562.1,71.52,58.31928571428572,Waiting
2023-08-24 10:15:00,19487.05,62.05,58.00571428571429,Waiting
2023-08-24 11:15:00,19457.9,57.94,58.28214285714286,Waiting
2023-08-24 12:15:00,19430.2,54.44,58.294285714285714,Waiting
2023-08-24 13:15:00,19440.75,50.19,57.71214285714286,Waiting
2023-08-24 14:15:00,19397.05,51.08,57.805,Waiting
2023-08-24 15:15:00,19373.6,45.74,57.35642857142857,Waiting
2023-08-24 16:15:00,19380.4,44.85,56.45142857142857,Waiting
2023-08-25 08:15:00,19297.4,34.84,54.605714285714285,Waiting
2023-08-25 09:15:00,19305.0,32.83,52.779999999999994,Waiting
2023-08-25 10:15:00,19265.45,31.36,50.878571428571426,Waiting
2023-08-25 11:15:00,19283.6,33.29,49.232142857142854,Waiting
2023-08-25 12:15:00,19294.3,35.06,48.01,Waiting
2023-08-25 13:15:00,19273.65,19.09,44.59142857142858,Waiting
2023-08-25 14:15:00,19263.15,13.23,40.42785714285714,Buy
2023-08-25 15:15:00,19247.2,15.48,37.10142857142857,Hold
2023-08-25 16:15:00,19244.3,16.75,34.159285714285716,Hold
2023-08-28 08:15:00,19298.35,31.03,32.48714285714286,Hold
2023-08-28 09:15:00,19291.6,28.31,30.924285714285713,Hold
2023-08-28 10:15:00,19316.55,37.62,29.962857142857143,Hold
2023-08-28 11:15:00,19315.7,40.43,29.583571428571428,Hold
2023-08-28 12:15:00,19333.5,42.52,29.417142857142856,Hold
2023-08-28 13:15:00,19336.05,58.3,31.092857142857145,Hold
2023-08-28 14:15:00,19300.85,49.2,32.262142857142855,Hold
2023-08-28 15:15:00,19305.45,58.87,34.22714285714286,Hold
2023-08-28 16:15:00,19302.65,54.53,35.744285714285716,Hold
2023-08-29 08:15:00,19374.85,64.82,37.87,Hold
2023-08-29 09:15:00,19340.25,61.66,40.910714285714285,Hold
2023-08-29 10:15:00,19326.4,60.94,44.31857142857143,Hold
2023-08-29 11:15:00,19345.1,66.78,47.98285714285714,Hold
2023-08-29 12:15:00,19352.75,68.29,51.66428571428571,Hold
2023-08-29 13:15:00,19330.4,56.05,53.451428571428565,Hold
2023-08-29 14:15:00,19341.4,59.25,55.66142857142857,Hold
2023-08-29 15:15:00,19355.2,57.49,57.080714285714286,Hold
2023-08-29 16:15:00,19352.95,57.18,58.277142857142856,Hold
2023-08-30 08:15:00,19433.45,65.52,59.92,Hold
2023-08-30 09:15:00,19440.55,66.0,60.46999999999999,Hold
2023-08-30 10:15:00,19447.7,74.59,62.28357142857143,Sell
2023-08-30 11:15:00,19445.05,73.53,63.330714285714286,Waiting
2023-08-31 11:15:00,19305.25,50.3,63.028571428571425,Waiting
2023-08-31 12:15:00,19279.4,37.68,61.089999999999996,Waiting
2023-08-31 13:15:00,19284.1,42.14,59.69571428571429,Waiting
2023-08-31 14:15:00,19280.55,43.39,58.442142857142855,Waiting
2023-08-31 15:15:00,19232.1,35.01,56.17285714285714,Waiting
2023-08-31 16:15:00,19279.55,41.21,54.23857142857143,Waiting
2023-09-01 08:15:00,19258.15,41.31,53.185714285714276,Waiting
2023-09-01 09:15:00,19304.5,45.91,52.23285714285714,Waiting
2023-09-01 10:15:00,19327.95,47.04,51.486428571428576,Waiting
2023-09-01 11:15:00,19333.8,47.94,50.826428571428565,Waiting
2023-09-01 12:15:00,19391.15,45.21,49.37571428571429,Waiting
2023-09-01 13:15:00,19435.95,49.52,48.19857142857143,Waiting
2023-09-01 14:15:00,19435.15,48.67,46.347142857142856,Waiting
2023-09-01 15:15:00,19436.15,49.05,44.598571428571425,Waiting
2023-09-01 16:15:00,19423.35,67.18,45.80428571428571,Waiting
2023-09-04 08:15:00,19525.05,79.27,48.775,Waiting
2023-09-04 09:15:00,19458.05,68.05,50.62571428571429,Waiting
2023-09-04 10:15:00,19473.05,69.51,52.49142857142857,Waiting
2023-09-04 11:15:00,19490.25,77.93,55.557142857142864,Waiting
2023-09-04 12:15:00,19512.85,76.68,58.090714285714284,Waiting
2023-09-04 13:15:00,19508.05,79.7,60.83285714285715,Waiting
2023-09-04 14:15:00,19530.45,78.48,63.159285714285716,Waiting
2023-09-04 15:15:00,19533.7,77.32,65.32214285714285,Waiting
2023-09-04 16:15:00,19534.8,77.03,67.4,Waiting
2023-09-05 08:15:00,19564.65,75.2,69.54214285714286,Waiting
2023-09-05 09:15:00,19580.75,72.94,71.215,Waiting
2023-09-05 10:15:00,19577.9,72.47,72.91499999999999,Waiting
2023-09-05 11:15:00,19568.6,70.32,74.4342857142857,Waiting
2023-09-05 12:15:00,19555.65,70.29,74.65642857142858,Waiting
2023-09-05 13:15:00,19550.7,55.59,72.965,Waiting
2023-09-05 14:15:00,19577.0,81.53,73.92785714285715,Waiting
2023-09-05 15:15:00,19582.55,80.55,74.71642857142857,Waiting
2023-09-05 16:15:00,19577.65,76.18,74.59142857142857,Waiting
2023-09-06 08:15:00,19581.2,73.11,74.33642857142857,Waiting
2023-09-06 09:15:00,19573.25,71.59,73.75714285714285,Waiting
2023-09-06 10:15:00,19570.9,65.44,72.82571428571428,Waiting
2023-09-06 11:15:00,19552.05,56.26,71.32142857142857,Waiting
2023-09-06 12:15:00,19509.75,43.33,68.91428571428573,Waiting
2023-09-06 13:15:00,19506.0,31.86,65.81857142857143,Waiting
2023-09-06 14:15:00,19615.25,56.77,64.66357142857143,Waiting
2023-09-06 15:15:00,19626.0,59.15,63.71214285714286,Waiting
2023-09-06 16:15:00,19618.9,59.65,62.949999999999996,Waiting
2023-09-07 08:15:00,19598.65,58.03,62.074285714285715,Waiting
2023-09-07 09:15:00,19592.4,57.75,62.228571428571435,Waiting
2023-09-07 10:15:00,19638.0,60.58,60.732142857142854,Waiting
2023-09-07 11:15:00,19613.85,55.1,58.91428571428572,Waiting
2023-09-07 12:15:00,19618.35,56.64,57.51857142857143,Waiting
2023-09-07 13:15:00,19672.6,62.79,56.78142857142857,Waiting
2023-09-07 14:15:00,19712.9,67.92,56.519285714285715,Waiting
2023-09-07 15:15:00,19728.4,69.55,56.81285714285714,Waiting
2023-09-07 16:15:00,19723.25,72.0,57.93714285714286,Waiting
2023-09-08 08:15:00,19774.8,83.27,60.79,Waiting
2023-09-08 09:15:00,19777.8,84.18,64.52714285714286,Waiting
2023-09-08 10:15:00,19746.8,70.6,65.515,Waiting
2023-09-08 11:15:00,19820.05,75.41,66.67642857142857,Waiting
2023-09-08 12:15:00,19810.4,74.91,67.76642857142858,Waiting
2023-09-08 13:15:00,19840.85,80.69,69.385,Waiting
2023-09-08 14:15:00,19817.25,77.29,70.7807142857143,Waiting
2023-09-08 15:15:00,19820.45,74.69,71.78857142857143,Waiting
2023-09-08 16:15:00,19820.5,79.91,73.56071428571428,Waiting
2023-09-11 08:15:00,19890.0,83.09,75.45,Waiting
2023-09-11 09:15:00,19929.0,82.44,76.85357142857143,Waiting
2023-09-11 10:15:00,19929.45,80.47,77.75,Waiting
2023-09-11 11:15:00,19939.3,80.15,78.50714285714285,Waiting
2023-09-11 12:15:00,19949.1,81.87,79.21214285714287,Waiting
2023-09-11 13:15:00,19944.55,77.62,78.80857142857143,Waiting
2023-09-11 14:15:00,19997.65,80.75,78.56357142857142,Waiting
2023-09-11 15:15:00,20004.1,88.65,79.85285714285715,Waiting
2023-09-11 16:15:00,20000.0,84.11,80.4742857142857,Waiting
2023-09-12 08:15:00,20110.15,91.15,81.63428571428572,Waiting
2023-09-12 09:15:00,19969.75,63.59,80.41285714285716,Waiting
2023-09-12 10:15:00,20001.5,69.1,79.82785714285716,Waiting
2023-09-12 11:15:00,20010.0,69.44,79.45285714285716,Waiting
2023-09-12 12:15:00,19986.15,66.19,78.47285714285714,Waiting
2023-09-12 13:15:00,20011.2,62.98,77.03642857142857,Waiting
2023-09-12 14:15:00,19985.1,56.18,75.16071428571429,Waiting
2023-09-12 15:15:00,19989.55,56.56,73.45285714285714,Waiting
2023-09-12 16:15:00,19985.65,55.13,71.66571428571429,Waiting
2023-09-13 08:15:00,19989.5,54.53,69.71285714285715,Waiting
2023-09-13 09:15:00,19978.1,53.7,68.00428571428571,Waiting
2023-09-13 10:15:00,20006.9,51.08,65.885,Waiting
2023-09-13 11:15:00,20043.15,54.26,63.42857142857143,Waiting
2023-09-13 12:15:00,20084.4,58.51,61.6,Waiting
2023-09-13 13:15:00,20080.0,46.13,58.38428571428572,Waiting
2023-09-13 14:15:00,20067.65,68.69,58.74857142857143,Waiting
2023-09-13 15:15:00,20065.0,63.64,58.35857142857143,Waiting
2023-09-13 16:15:00,20063.35,61.81,57.81357142857143,Waiting
2023-09-14 08:15:00,20127.95,76.58,58.55571428571428,Waiting
2023-09-14 09:15:00,20111.85,69.52,59.02285714285714,Waiting
2023-09-14 10:15:00,20097.5,72.85,60.21357142857143,Waiting
2023-09-14 11:15:00,20096.2,71.96,61.313571428571436,Waiting
2023-09-14 12:15:00,20091.1,71.6,62.489999999999995,Waiting
2023-09-14 13:15:00,20067.5,64.78,63.22214285714285,Waiting
2023-09-14 14:15:00,20102.1,71.6,64.50071428571428,Waiting
2023-09-14 15:15:00,20103.8,68.64,65.755,Waiting
2023-09-14 16:15:00,20101.85,63.01,66.38,Waiting
2023-09-15 08:15:00,20156.45,65.08,66.84928571428571,Waiting
2023-09-15 09:15:00,20160.85,66.92,68.33428571428571,Waiting
2023-09-15 10:15:00,20182.5,73.13,68.65142857142857,Waiting
2023-09-15 11:15:00,20188.15,74.51,69.42785714285715,Waiting
2023-09-15 12:15:00,20169.0,69.66,69.98857142857143,Waiting
2023-09-15 13:15:00,20181.5,62.36,68.97285714285714,Waiting
2023-09-15 14:15:00,20185.75,68.04,68.86714285714285,Waiting
2023-09-15 15:15:00,20167.5,66.77,68.43285714285715,Waiting
2023-09-15 16:15:00,20169.0,67.42,68.10857142857142,Waiting
2023-09-18 08:15:00,20155.95,64.95,67.63357142857143,Waiting
2023-09-18 09:15:00,20178.65,75.74,68.41642857142857,Waiting
2023-09-18 10:15:00,20174.85,69.65,68.27714285714286,Waiting
2023-09-18 11:15:00,20174.65,69.29,68.32357142857144,Waiting
2023-09-18 12:15:00,20169.35,68.05,68.68357142857143,Waiting
2023-09-18 13:15:00,20154.85,49.46,67.56785714285715,Waiting
2023-09-18 14:15:00,20127.25,40.12,65.65357142857144,Waiting
2023-09-18 15:15:00,20127.6,31.55,62.68357142857143,Waiting
2023-09-18 16:15:00,20123.65,28.08,59.36714285714286,Waiting
2023-09-20 08:15:00,19980.75,15.25,55.480714285714285,Buy
2023-09-20 09:15:00,19969.35,10.68,51.78928571428571,Hold
2023-09-20 10:15:00,19958.3,8.88,47.56357142857143,Hold
2023-09-20 11:15:00,19931.65,8.62,43.410000000000004,Hold
2023-09-21 11:15:00,19733.4,4.79,38.936428571428564,Hold
2023-09-21 12:15:00,19745.0,7.21,34.81214285714286,Hold
2023-09-21 13:15:00,19733.0,2.54,29.583571428571428,Hold
2023-09-21 14:15:00,19747.0,5.41,24.994999999999997,Hold
2023-09-21 15:15:00,19750.1,6.02,20.475714285714286,Hold
2023-09-21 16:15:00,19748.85,6.07,16.048571428571428,Hold
2023-09-22 08:15:00,19744.85,6.21,12.959285714285713,Hold
2023-09-22 09:15:00,19684.2,5.8,10.507857142857144,Hold
2023-09-22 10:15:00,19763.25,18.58,9.581428571428571,Hold
2023-09-22 11:15:00,19782.5,21.34,9.1,Hold
2023-09-22 12:15:00,19769.15,27.28,9.959285714285715,Hold
2023-09-22 13:15:00,19709.5,24.72,10.962142857142856,Hold
2023-09-22 14:15:00,19663.65,23.15,11.981428571428571,Hold
2023-09-22 15:15:00,19682.65,26.99,13.293571428571427,Hold
2023-09-22 16:15:00,19684.6,42.92,16.017142857142858,Hold
2023-09-25 08:15:00,19678.2,40.16,18.370714285714286,Hold
2023-09-25 09:15:00,19619.0,35.26,20.70785714285714,Hold
2023-09-25 10:15:00,19612.1,32.23,22.623571428571427,Hold
2023-09-25 11:15:00,19653.25,38.41,24.937142857142856,Hold
2023-09-25 12:15:00,19714.5,46.4,27.817857142857143,Hold
2023-09-25 13:15:00,19637.6,40.26,30.25,Hold
2023-09-25 14:15:00,19679.8,49.59,33.377857142857145,Hold
2023-09-25 15:15:00,19669.3,39.87,34.89857142857143,Hold
2023-09-25 16:15:00,19674.85,38.03,36.090714285714284,Hold
2023-09-26 08:15:00,19682.8,40.29,37.019999999999996,Hold
2023-09-26 09:15:00,19692.3,47.82,38.67,Hold
2023-09-26 10:15:00,19688.05,53.46,40.835,Hold
2023-09-26 11:15:00,19681.9,49.89,42.47071428571429,Hold
2023-09-26 12:15:00,19661.55,46.78,42.746428571428574,Hold
2023-09-26 13:15:00,19673.95,49.42,43.40785714285714,Hold
2023-09-26 14:15:00,19665.45,57.41,44.99,Hold
2023-09-26 15:15:00,19666.7,58.87,46.892857142857146,Hold
2023-09-26 16:15:00,19673.6,53.72,47.98642857142857,Hold
2023-09-27 08:15:00,19637.05,34.44,47.13214285714286,Hold
2023-09-27 09:15:00,19562.25,34.74,46.737857142857145,Hold
2023-09-27 10:15:00,19627.4,40.29,46.07357142857143,Hold
2023-09-27 11:15:00,19648.9,46.37,46.53785714285714,Hold
2023-09-27 12:15:00,19683.35,51.37,47.49071428571428,Hold
2023-09-27 13:15:00,19692.6,51.58,48.297142857142866,Hold
2023-09-27 14:15:00,19709.35,52.68,48.644285714285715,Hold
2023-09-27 15:15:00,19721.35,55.11,48.762142857142855,Hold
2023-09-27 16:15:00,19727.65,57.01,49.270714285714284,Hold
2023-09-28 08:15:00,19761.8,64.74,50.55357142857143,Hold
2023-09-28 09:15:00,19732.2,58.15,51.17714285714286,Hold
2023-09-28 10:15:00,19659.05,49.24,50.59357142857142,Hold
2023-09-28 11:15:00,19629.8,45.9,49.667142857142856,Hold
2023-09-28 12:15:00,19591.4,41.46,48.791428571428575,Hold
2023-09-28 13:15:00,19551.4,41.17,49.27214285714285,Hold
2023-09-28 14:15:00,19500.85,43.33,49.885714285714286,Hold
2023-09-28 15:15:00,19549.35,41.21,49.951428571428565,Hold
2023-09-28 16:15:00,19553.3,38.79,49.410000000000004,Hold
2023-09-29 08:15:00,19581.2,37.83,48.442857142857136,Hold
2023-09-29 09:15:00,19596.75,38.75,47.52642857142856,Hold
2023-09-29 10:15:00,19608.2,37.98,46.47642857142857,Hold
2023-09-29 11:15:00,19666.75,44.16,45.694285714285705,Hold
2023-09-29 12:15:00,19667.6,43.5,44.72928571428571,Hold
2023-09-29 13:15:00,19710.55,44.56,43.28785714285714,Hold
2023-09-29 14:15:00,19623.8,39.73,41.972142857142856,Hold
2023-09-29 15:15:00,19626.05,46.39,41.76857142857143,Hold
2023-09-29 16:15:00,19638.2,50.95,42.12928571428571,Hold
2023-10-03 08:15:00,19622.4,53.72,43.004999999999995,Hold
2023-10-03 09:15:00,19488.65,43.86,43.19714285714286,Hold
2023-10-03 10:15:00,19510.35,50.99,43.74428571428571,Hold
2023-10-03 11:15:00,19522.85,47.03,44.160000000000004,Hold
2023-10-03 12:15:00,19550.55,49.71,44.94,Hold
2023-10-03 13:15:00,19518.85,43.42,45.339285714285715,Hold
2023-10-03 14:15:00,19528.65,42.72,45.62285714285714,Hold
2023-10-03 15:15:00,19517.05,40.26,45.785714285714285,Hold
2023-10-03 16:15:00,19522.95,32.69,44.96642857142858,Hold
2023-10-04 08:15:00,19446.3,27.47,43.82142857142857,Hold
2023-10-04 09:15:00,19392.95,18.34,41.94857142857143,Hold
2023-10-04 10:15:00,19420.25,26.98,41.03785714285714,Hold
2023-10-04 11:15:00,19370.7,23.91,39.43214285714286,Hold
2023-10-04 12:15:00,19357.0,21.36,37.31857142857143,Hold
2023-10-04 13:15:00,19383.7,26.22,35.354285714285716,Hold
2023-10-04 14:15:00,19444.55,44.86,35.425714285714285,Hold
2023-10-04 15:15:00,19446.2,42.16,34.795,Hold
2023-10-04 16:15:00,19446.15,40.33,34.31642857142857,Hold
2023-10-05 08:15:00,19521.85,46.77,34.10642857142857,Hold
2023-10-05 09:15:00,19525.05,50.75,34.63,Hold
2023-10-05 10:15:00,19571.55,54.74,35.48857142857143,Hold
2023-10-05 11:15:00,19554.8,54.12,36.47857142857143,Hold
2023-10-05 12:15:00,19529.35,50.67,37.76285714285715,Hold
2023-10-05 13:15:00,19551.6,62.45,40.26142857142857,Hold
2023-10-05 14:15:00,19540.2,69.32,43.902857142857144,Hold
2023-10-05 15:15:00,19547.05,67.58,46.80285714285714,Hold
2023-10-05 16:15:00,19546.6,78.23,50.68285714285714,Sell
2023-10-06 08:15:00,19621.2,85.47,55.262142857142855,Waiting
2023-10-06 09:15:00,19603.45,80.23,59.120000000000005,Waiting
2023-10-06 10:15:00,19642.45,78.97,61.556428571428576,Waiting
2023-10-06 11:15:00,19624.75,74.96,63.89928571428572,Waiting
2023-10-06 12:15:00,19648.4,76.52,66.48428571428572,Waiting
2023-10-06 13:15:00,19664.8,72.2,68.30071428571429,Waiting
2023-10-06 14:15:00,19660.25,70.91,69.74071428571429,Waiting
2023-10-06 15:15:00,19655.9,65.0,70.47357142857143,Waiting
2023-10-06 16:15:00,19649.9,67.59,71.43571428571428,Waiting
2023-10-09 08:15:00,19539.45,51.42,71.48928571428571,Waiting
2023-10-09 09:15:00,19574.7,53.14,70.82428571428571,Waiting
2023-10-09 10:15:00,19558.2,52.41,69.61642857142857,Waiting
2023-10-09 11:15:00,19551.65,50.62,68.405,Waiting
2023-10-09 12:15:00,19510.55,45.64,66.07714285714286,Waiting
2023-10-09 13:15:00,19513.2,34.21,62.41571428571428,Waiting
2023-10-09 14:15:00,19512.7,36.02,59.25785714285714,Waiting
2023-10-09 15:15:00,19502.2,26.32,55.497142857142855,Waiting
2023-10-09 16:15:00,19497.5,27.53,52.10928571428571,Buy
2023-10-10 08:15:00,19565.6,37.36,49.31214285714286,Hold
2023-10-10 09:15:00,19617.7,43.52,47.26357142857143,Hold
2023-10-10 10:15:00,19622.8,44.85,45.402142857142856,Hold
2023-10-10 11:15:00,19652.45,49.56,44.299285714285716,Hold
2023-10-10 12:15:00,19676.5,53.27,43.276428571428575,Hold
2023-10-10 13:15:00,19696.05,74.75,44.94285714285714,Sell
2023-10-10 14:15:00,19688.3,69.67,46.123571428571424,Waiting
2023-10-10 15:15:00,19693.65,74.39,47.69357142857143,Waiting
2023-10-10 16:15:00,19691.5,75.59,49.47714285714285,Waiting
2023-10-11 08:15:00,19767.0,91.68,52.76571428571429,Waiting
2023-10-11 09:15:00,19810.4,92.65,56.94,Waiting
2023-10-11 10:15:00,19808.35,92.24,60.955714285714286,Waiting
2023-10-11 11:15:00,19813.2,95.16,65.87285714285714,Waiting
2023-10-12 11:15:00,19819.85,96.55,70.80285714285715,Waiting
2023-10-12 12:15:00,19802.3,90.02,74.56428571428572,Waiting
2023-10-12 13:15:00,19803.05,87.93,77.73642857142856,Waiting
2023-10-12 14:15:00,19799.2,86.28,80.69571428571429,Waiting
2023-10-12 15:15:00,19793.95,82.35,83.03785714285716,Waiting
2023-10-12 16:15:00,19782.9,75.86,84.65142857142857,Waiting
2023-10-13 08:15:00,19654.55,43.4,82.41214285714285,Waiting
2023-10-13 09:15:00,19692.55,50.62,81.05142857142857,Waiting
2023-10-13 10:15:00,19678.85,47.9,79.15928571428572,Waiting
2023-10-13 11:15:00,19683.2,48.83,77.24785714285714,Waiting
2023-10-13 12:15:00,19743.95,46.62,74.0292857142857,Waiting
2023-10-13 13:15:00,19776.6,44.88,70.61714285714285,Waiting
2023-10-13 14:15:00,19755.6,42.44,67.05999999999999,Waiting
2023-10-13 15:15:00,19750.15,40.98,63.19,Waiting
2023-10-13 16:15:00,19733.75,38.01,59.00857142857142,Waiting
2023-10-16 08:15:00,19737.25,40.57,55.47642857142857,Waiting
2023-10-16 09:15:00,19749.3,42.46,52.228571428571435,Waiting
2023-10-16 10:15:00,19742.45,42.1,49.07285714285714,Waiting
2023-10-16 11:15:00,19762.0,45.72,46.45642857142857,Waiting
2023-10-16 12:15:00,19754.7,46.19,44.33714285714286,Waiting
2023-10-16 13:15:00,19754.2,70.58,46.278571428571425,Waiting
2023-10-16 14:15:00,19730.45,58.32,46.82857142857143,Waiting
2023-10-16 15:15:00,19725.35,60.61,47.736428571428576,Waiting
2023-10-16 16:15:00,19730.95,60.83,48.59357142857142,Waiting
2023-10-17 08:15:00,19843.2,68.25,50.138571428571424,Waiting
2023-10-17 09:15:00,19821.35,58.57,51.11642857142857,Waiting
2023-10-17 10:15:00,19834.55,65.58,52.769285714285715,Waiting
2023-10-17 11:15:00,19833.65,66.78,54.612142857142864,Waiting
2023-10-17 12:15:00,19841.6,72.44,57.07142857142857,Waiting
2023-10-17 13:15:00,19782.3,57.61,58.28857142857142,Waiting
2023-10-17 14:15:00,19810.4,59.79,59.52642857142856,Waiting
2023-10-17 15:15:00,19818.25,62.1,60.955,Waiting
2023-10-17 16:15:00,19818.35,59.59,61.94571428571429,Waiting
2023-10-18 08:15:00,19820.45,61.39,63.03142857142857,Waiting
2023-10-18 09:15:00,19832.7,63.07,62.495000000000005,Waiting
2023-10-18 10:15:00,19724.9,49.28,61.84928571428571,Waiting
2023-10-18 11:15:00,19700.8,46.96,60.87428571428571,Waiting
2023-10-18 12:15:00,19709.65,47.38,59.91357142857144,Waiting
2023-10-18 13:15:00,19719.45,29.66,57.15714285714286,Waiting
2023-10-18 14:15:00,19672.05,27.36,54.92785714285714,Buy
2023-10-18 15:15:00,19664.5,23.76,51.94071428571429,Hold
2023-10-18 16:15:00,19668.45,24.75,48.93857142857143,Hold
2023-10-19 08:15:00,19545.2,16.5,44.94285714285714,Hold
2023-10-19 09:15:00,19575.4,24.97,42.611428571428576,Hold
2023-10-19 10:15:00,19574.85,19.47,39.73142857142857,Hold
2023-10-19 11:15:00,19661.3,33.1,37.660000000000004,Hold
2023-10-19 12:15:00,19643.7,31.88,35.68071428571429,Hold
2023-10-19 13:15:00,19657.65,33.51,33.68928571428572,Hold
2023-10-19 14:15:00,19622.1,29.63,31.30071428571429,Hold
2023-10-19 15:15:00,19612.65,36.59,30.39428571428571,Hold
2023-10-19 16:15:00,19611.9,38.76,29.80857142857143,Hold
2023-10-20 08:15:00,19542.15,31.64,28.684285714285718,Hold
2023-10-20 09:15:00,19570.6,34.33,29.017857142857142,Hold
2023-10-20 10:15:00,19567.25,37.84,29.76642857142857,Hold
2023-10-20 11:15:00,19546.95,36.75,30.694285714285712,Hold
2023-10-20 12:15:00,19533.6,35.11,31.434285714285714,Hold
2023-10-20 13:15:00,19541.05,49.38,33.78285714285714,Hold
2023-10-20 14:15:00,19546.4,45.36,35.239285714285714,Hold
2023-10-20 15:15:00,19539.55,44.46,37.02428571428572,Hold
2023-10-20 16:15:00,19541.75,24.49,36.40928571428571,Hold
2023-10-23 08:15:00,19521.6,24.23,35.862857142857145,Hold
2023-10-23 09:15:00,19484.85,16.73,34.66428571428572,Hold
2023-10-23 10:15:00,19484.85,19.38,33.93214285714286,Hold
2023-10-23 11:15:00,19459.45,18.1,32.61142857142857,Hold
2023-10-23 12:15:00,19432.8,16.33,31.009285714285713,Hold
2023-10-23 13:15:00,19437.75,24.06,30.467857142857138,Hold
2023-10-23 14:15:00,19272.7,5.91,28.437857142857144,Hold
2023-10-23 15:15:00,19261.65,5.77,26.147142857142857,Hold
2023-10-23 16:15:00,19278.45,10.75,24.29,Hold
2023-10-25 08:15:00,19286.45,13.29,22.731428571428573,Hold
2023-10-25 09:15:00,19315.3,18.48,20.524285714285718,Hold
2023-10-25 10:15:00,19274.05,15.43,18.38642857142857,Hold
2023-10-25 11:15:00,19228.4,14.05,16.214285714285715,Hold
2023-10-25 12:15:00,19080.8,10.14,15.189285714285715,Hold
2023-10-25 13:15:00,19174.35,23.35,15.126428571428571,Hold
2023-10-25 14:15:00,19129.5,23.07,15.579285714285716,Hold
2023-10-25 15:15:00,19112.95,22.5,15.802142857142858,Hold
2023-10-25 16:15:00,19125.65,24.85,16.284285714285712,Hold
2023-10-26 08:15:00,19027.25,22.42,16.719285714285714,Hold
2023-10-26 09:15:00,18914.2,18.96,16.355,Hold
2023-10-26 10:15:00,18861.9,21.89,17.496428571428574,Hold
2023-10-26 11:15:00,18858.7,22.12,18.664285714285715,Hold
2023-10-26 12:15:00,18891.65,23.83,19.59857142857143,Hold
2023-10-26 13:15:00,18871.8,22.38,20.247857142857146,Hold
2023-10-26 14:15:00,18859.55,18.96,20.282142857142855,Hold
2023-10-26 15:15:00,18857.7,20.04,20.611428571428572,Hold
2023-10-26 16:15:00,18848.5,21.15,21.118571428571425,Hold
2023-10-27 08:15:00,18928.75,37.14,23.04714285714286,Hold
2023-10-27 09:15:00,18992.15,33.76,23.790714285714284,Hold
2023-10-27 10:15:00,19011.2,38.94,24.924285714285713,Hold
2023-10-27 11:15:00,19048.8,44.23,26.476428571428567,Hold
2023-10-27 12:15:00,19027.85,41.33,27.653571428571432,Hold
2023-10-27 13:15:00,19059.3,53.22,29.853571428571428,Hold
2023-10-27 14:15:00,19036.85,65.08,33.14785714285714,Hold
2023-10-27 15:15:00,19045.7,75.3,36.962857142857146,Sell
2023-10-27 16:15:00,19060.5,76.91,40.87642857142857,Waiting
2023-10-30 08:15:00,19053.4,73.17,44.40071428571429,Waiting
2023-10-30 09:15:00,19010.9,68.71,47.709999999999994,Waiting
2023-10-30 10:15:00,19075.6,75.47,51.746428571428574,Waiting
2023-10-30 11:15:00,19108.8,77.56,55.855,Waiting
2023-10-30 12:15:00,19127.85,80.02,60.059999999999995,Waiting
2023-10-30 13:15:00,19119.6,74.26,62.71142857142856,Waiting
2023-10-30 14:15:00,19138.4,70.97,65.36928571428571,Waiting
2023-10-30 15:15:00,19141.95,69.62,67.56071428571428,Waiting
2023-10-30 16:15:00,19148.85,66.53,69.15357142857142,Waiting
2023-10-31 08:15:00,19232.95,78.04,71.77571428571429,Waiting
2023-10-31 09:15:00,19103.35,54.75,71.885,Waiting
2023-10-31 10:15:00,19095.95,56.58,71.27785714285714,Waiting
2023-10-31 11:15:00,19078.8,53.62,69.72928571428571,Waiting
2023-10-31 12:15:00,19105.05,54.75,68.14642857142857,Waiting
2023-10-31 13:15:00,19110.6,56.12,66.92857142857143,Waiting
2023-10-31 14:15:00,19091.2,59.04,66.23785714285715,Waiting
2023-10-31 15:15:00,19078.7,50.4,64.44714285714285,Waiting
2023-10-31 16:15:00,19086.55,46.96,62.26142857142857,Waiting
2023-11-01 08:15:00,19064.05,41.37,59.50071428571429,Waiting
2023-11-01 09:15:00,19044.1,40.1,57.06071428571429,Waiting
2023-11-01 10:15:00,19046.65,37.44,54.66571428571429,Waiting
2023-11-01 11:15:00,19044.25,36.58,52.30571428571428,Waiting
2023-11-02 11:15:00,19079.2,41.12,50.49071428571428,Waiting
2023-11-02 12:15:00,19112.75,32.41,47.23142857142857,Waiting
2023-11-02 13:15:00,19125.8,54.99,47.248571428571424,Waiting
2023-11-02 14:15:00,19120.45,55.49,47.17071428571428,Waiting
2023-11-02 15:15:00,19143.4,64.12,47.92071428571428,Waiting
2023-11-02 16:15:00,19144.85,59.75,48.277857142857144,Waiting
2023-11-03 08:15:00,19241.0,72.13,49.42142857142857,Waiting
2023-11-03 09:15:00,19264.9,79.04,50.85,Waiting
2023-11-03 10:15:00,19268.5,82.7,53.15714285714285,Waiting
2023-11-03 11:15:00,19245.65,76.06,55.23571428571429,Waiting
2023-11-03 12:15:00,19253.9,82.63,58.182857142857145,Waiting
2023-11-03 13:15:00,19254.95,88.75,61.65785714285715,Waiting
2023-11-03 14:15:00,19227.85,80.55,64.73714285714286,Waiting
2023-11-03 15:15:00,19228.25,81.23,67.92642857142857,Waiting
2023-11-03 16:15:00,19226.85,78.28,70.58071428571428,Waiting
2023-11-06 08:15:00,19345.85,83.64,74.24000000000001,Waiting
2023-11-06 09:15:00,19354.85,83.44,76.27214285714285,Waiting
2023-11-06 10:15:00,19332.05,79.4,77.98,Waiting
2023-11-06 11:15:00,19346.9,78.92,79.03714285714285,Waiting
2023-11-06 12:15:00,19355.8,79.36,80.43785714285714,Waiting
2023-11-06 13:15:00,19374.0,73.64,80.5457142857143,Waiting
2023-11-06 14:15:00,19416.5,75.28,80.27714285714286,Waiting
2023-11-06 15:15:00,19416.7,74.99,79.72642857142857,Waiting
2023-11-06 16:15:00,19411.85,79.84,79.99642857142858,Waiting
2023-11-07 08:15:00,19404.05,77.0,79.5942857142857,Waiting
2023-11-07 09:15:00,19366.2,67.67,78.08857142857143,Waiting
2023-11-07 10:15:00,19392.85,76.24,77.7807142857143,Waiting
2023-11-07 11:15:00,19352.45,67.52,76.80142857142857,Waiting
2023-11-07 12:15:00,19366.8,69.05,76.14214285714286,Waiting
2023-11-07 13:15:00,19401.15,59.78,74.43785714285714,Waiting
2023-11-07 14:15:00,19398.05,57.8,72.60642857142857,Waiting
2023-11-07 15:15:00,19417.75,65.66,71.625,Waiting
2023-11-07 16:15:00,19417.2,63.55,70.52714285714285,Waiting
2023-11-08 08:15:00,19449.6,66.58,69.61428571428571,Waiting
2023-11-08 09:15:00,19427.2,59.27,68.58785714285713,Waiting
2023-11-08 10:15:00,19408.2,48.43,66.67,Waiting
2023-11-08 11:15:00,19439.6,53.88,65.16214285714285,Waiting
2023-11-08 12:15:00,19448.05,56.07,63.464285714285715,Waiting
2023-11-08 13:15:00,19441.4,56.28,61.98428571428572,Waiting
2023-11-08 14:15:00,19449.3,65.54,61.832142857142856,Waiting
2023-11-08 15:15:00,19440.75,59.61,60.644285714285715,Waiting
2023-11-08 16:15:00,19436.45,69.71,60.800714285714285,Waiting
2023-11-09 08:15:00,19457.4,70.62,60.91285714285714,Waiting
2023-11-09 09:15:00,19447.65,61.92,61.06571428571429,Waiting
2023-11-09 10:15:00,19431.7,58.09,61.08642857142858,Waiting
2023-11-09 11:15:00,19445.35,56.84,60.45642857142857,Waiting
2023-11-09 12:15:00,19430.8,53.15,59.71357142857143,Waiting
2023-11-09 13:15:00,19421.6,42.73,58.01,Waiting
2023-11-09 14:15:00,19393.1,41.42,56.73500000000001,Waiting
2023-11-09 15:15:00,19400.45,47.93,56.699285714285715,Waiting
2023-11-09 16:15:00,19404.0,38.83,55.62428571428571,Waiting
2023-11-10 08:15:00,19351.85,26.31,53.49857142857143,Waiting
2023-11-10 09:15:00,19349.1,26.82,51.394285714285715,Buy
2023-11-10 10:15:00,19359.95,27.89,48.705,Hold
2023-11-10 11:15:00,19385.05,37.26,47.10857142857143,Hold
2023-11-10 12:15:00,19391.5,39.82,44.973571428571425,Hold
2023-11-10 13:15:00,19391.75,33.59,42.32857142857142,Hold
2023-11-10 14:15:00,19425.4,45.03,41.12214285714286,Hold
2023-11-10 15:15:00,19439.05,51.66,40.66285714285714,Hold
2023-11-10 16:15:00,19443.45,49.55,40.14214285714286,Hold
2023-11-12 17:15:00,19547.25,69.3,41.29571428571428,Hold
2023-11-12 18:15:00,19522.3,65.86,42.94785714285714,Hold
2023-11-12 19:15:00,19525.55,72.67,45.18,Sell
2023-11-13 08:15:00,19486.75,63.33,46.279999999999994,Waiting
2023-11-13 09:15:00,19469.45,59.7,47.770714285714284,Waiting
2023-11-13 10:15:00,19421.7,60.49,50.21214285714285,Waiting
2023-11-13 11:15:00,19437.55,62.78,52.78071428571429,Waiting
2023-11-13 12:15:00,19440.15,61.87,55.20785714285715,Waiting
2023-11-13 13:15:00,19455.35,60.72,56.88357142857143,Waiting
2023-11-13 14:15:00,19441.4,57.44,58.14214285714286,Waiting
2023-11-13 15:15:00,19443.25,57.64,59.86,Waiting
2023-11-13 16:15:00,19440.15,52.41,60.387142857142855,Waiting
2023-11-15 08:15:00,19651.4,71.06,61.77285714285715,Waiting
2023-11-15 09:15:00,19630.5,67.97,63.08857142857143,Waiting
2023-11-15 10:15:00,19623.7,59.02,62.354285714285716,Waiting
2023-11-15 11:15:00,19631.65,63.45,62.18214285714286,Waiting
2023-11-15 12:15:00,19651.6,64.89,61.62642857142857,Waiting
2023-11-15 13:15:00,19659.0,71.98,62.24428571428571,Waiting
2023-11-15 14:15:00,19677.4,76.46,63.441428571428574,Waiting
2023-11-15 15:15:00,19689.5,87.48,65.36928571428572,Waiting
2023-11-15 16:15:00,19676.8,83.78,66.86928571428571,Waiting
2023-11-16 08:15:00,19674.7,83.16,68.39,Waiting
2023-11-16 09:15:00,19713.75,84.23,70.06928571428571,Waiting
2023-11-16 10:15:00,19795.5,89.76,72.37785714285714,Waiting
2023-11-16 11:15:00,19800.95,89.84,74.67785714285715,Waiting
2023-11-16 12:15:00,19803.65,90.52,77.4,Waiting
2023-11-16 13:15:00,19817.6,83.08,78.25857142857141,Waiting
2023-11-16 14:15:00,19730.65,65.78,78.10214285714287,Waiting
2023-11-16 15:15:00,19742.75,68.45,78.77571428571427,Waiting
2023-11-16 16:15:00,19761.15,69.44,79.20357142857142,Waiting
2023-11-17 08:15:00,19674.75,52.9,78.34714285714287,Waiting
2023-11-17 09:15:00,19778.7,62.07,77.63928571428572,Waiting
2023-11-17 10:15:00,19765.85,59.02,76.39357142857143,Waiting
2023-11-17 11:15:00,19761.6,57.47,74.25,Waiting
2023-11-17 12:15:00,19763.65,59.2,72.49428571428572,Waiting
2023-11-17 13:15:00,19756.8,58.61,70.74071428571429,Waiting
2023-11-17 14:15:00,19740.95,53.0,68.51,Waiting
2023-11-17 15:15:00,19719.45,40.33,64.97928571428572,Waiting
2023-11-17 16:15:00,19719.7,39.53,61.385714285714286,Waiting
2023-11-20 08:15:00,19731.15,40.86,57.83857142857143,Waiting
2023-11-20 09:15:00,19714.8,37.12,54.55571428571428,Waiting
2023-11-20 10:15:00,19678.0,42.46,52.89,Waiting
2023-11-20 11:15:00,19697.5,43.65,51.11857142857143,Waiting
2023-11-20 12:15:00,19706.2,42.08,49.16428571428572,Waiting
2023-11-20 13:15:00,19692.9,53.32,49.19428571428572,Waiting
2023-11-20 14:15:00,19690.65,24.4,46.503571428571426,Waiting
2023-11-20 15:15:00,19694.15,27.95,44.284285714285716,Buy
2023-11-20 16:15:00,19693.65,28.61,42.222857142857144,Hold
2023-11-21 08:15:00,19770.9,51.55,41.676428571428566,Hold
2023-11-21 09:15:00,19766.95,52.2,41.21857142857143,Hold
2023-11-21 10:15:00,19777.0,58.0,41.57571428571429,Hold
2023-11-21 11:15:00,19797.75,67.43,43.51142857142857,Hold
2023-11-21 12:15:00,19775.85,61.4,45.073571428571434,Hold
2023-11-21 13:15:00,19794.8,62.54,46.62214285714286,Hold
2023-11-21 14:15:00,19783.65,63.85,48.53142857142858,Hold
2023-11-21 15:15:00,19785.0,75.11,50.863571428571426,Sell
2023-11-21 16:15:00,19780.8,71.06,52.82142857142857,Waiting
2023-11-22 08:15:00,19784.0,70.23,54.832142857142856,Waiting
2023-11-22 09:15:00,19806.95,78.24,56.612142857142864,Waiting
2023-11-23 09:15:00,19836.55,81.81,60.712857142857146,Waiting
2023-11-23 10:15:00,19809.0,72.67,63.90714285714286,Waiting
2023-11-23 11:15:00,19802.95,71.11,66.94285714285715,Waiting
2023-11-23 12:15:00,19810.15,60.39,67.57428571428572,Waiting
2023-11-23 13:15:00,19808.2,61.04,68.20571428571428,Waiting
2023-11-23 14:15:00,19799.4,56.03,68.065,Waiting
2023-11-23 15:15:00,19812.95,54.26,67.12428571428572,Waiting
2023-11-23 16:15:00,19811.0,61.09,67.10214285714285,Waiting
2023-11-24 08:15:00,19809.6,55.25,66.58142857142857,Waiting
2023-11-24 09:15:00,19803.3,57.22,66.10785714285714,Waiting
2023-11-24 10:15:00,19809.6,58.72,64.93714285714286,Waiting
2023-11-24 11:15:00,19814.8,61.97,64.28785714285713,Waiting
2023-11-24 12:15:00,19773.85,47.18,62.64142857142857,Waiting
2023-11-24 13:15:00,19795.25,46.72,60.38999999999999,Waiting
2023-11-24 14:15:00,19792.3,35.4,57.075,Waiting
2023-11-24 15:15:00,19802.55,47.6,55.28428571428571,Waiting
2023-11-24 16:15:00,19788.7,44.98,53.41785714285714,Waiting
2023-11-28 08:15:00,19844.65,59.04,53.32142857142857,Waiting
2023-11-28 09:15:00,19811.15,50.66,52.58,Waiting
2023-11-28 10:15:00,19822.0,55.04,52.50928571428572,Waiting
2023-11-28 11:15:00,19834.9,54.91,52.55571428571428,Waiting
2023-11-28 12:15:00,19826.35,53.33,52.00142857142857,Waiting
2023-11-28 13:15:00,19823.1,52.91,51.83428571428571,Waiting
2023-11-28 14:15:00,19896.15,65.53,52.42785714285714,Waiting
2023-11-28 15:15:00,19907.15,66.06,52.95214285714285,Waiting
2023-11-28 16:15:00,19908.45,65.62,53.212857142857146,Waiting
2023-11-29 08:15:00,19976.55,81.0,55.628571428571426,Waiting
2023-11-29 09:15:00,20014.2,81.9,58.14142857142857,Waiting
2023-11-29 10:15:00,20007.55,81.03,61.40071428571428,Waiting
2023-11-29 11:15:00,20030.9,81.72,63.837857142857146,Waiting
2023-11-29 12:15:00,20043.6,85.52,66.73357142857142,Waiting
2023-11-29 13:15:00,20065.0,83.98,68.515,Waiting
2023-11-29 14:15:00,20101.9,94.37,71.63714285714285,Waiting
2023-11-29 15:15:00,20098.95,93.31,74.37071428571429,Waiting
2023-11-29 16:15:00,20096.2,92.2,77.03428571428572,Waiting
2023-11-30 08:15:00,20108.5,95.02,80.01214285714286,Waiting
2023-11-30 09:15:00,20047.35,80.2,81.96142857142857,Waiting
2023-11-30 10:15:00,20065.8,76.79,82.76571428571428,Waiting
2023-11-30 11:15:00,20054.55,73.26,83.27999999999999,Waiting
2023-11-30 12:15:00,20067.7,74.22,83.89428571428572,Waiting
2023-11-30 13:15:00,20061.9,66.02,82.82428571428571,Waiting
2023-11-30 14:15:00,20135.2,70.03,81.97642857142856,Waiting
2023-11-30 15:15:00,20154.4,73.34,81.42714285714285,Waiting
2023-11-30 16:15:00,20127.2,65.12,80.24142857142856,Waiting
2023-12-01 08:15:00,20194.1,70.19,79.14642857142857,Waiting
2023-12-01 09:15:00,20258.65,73.28,78.38214285714285,Waiting
2023-12-01 10:15:00,20263.1,71.02,76.71428571428571,Waiting
2023-12-01 11:15:00,20268.35,71.96,75.18928571428572,Waiting
2023-12-01 12:15:00,20277.3,73.11,73.82571428571428,Waiting
2023-12-01 13:15:00,20271.7,71.18,72.12285714285714,Waiting
2023-12-01 14:15:00,20267.35,83.5,72.35857142857142,Waiting
2023-12-01 15:15:00,20262.7,81.29,72.68,Waiting
2023-12-01 16:15:00,20255.75,82.42,73.33428571428571,Waiting
2023-12-04 08:15:00,20601.95,91.52,74.57000000000001,Waiting
2023-12-04 09:15:00,20545.7,84.87,75.91642857142858,Waiting
2023-12-04 10:15:00,20573.15,83.8,76.89999999999999,Waiting
2023-12-04 11:15:00,20582.65,83.55,77.62928571428571,Waiting
2023-12-04 12:15:00,20587.35,87.37,79.21857142857142,Waiting
2023-12-04 13:15:00,20640.9,87.08,80.42499999999998,Waiting
2023-12-04 14:15:00,20678.3,86.48,81.36785714285713,Waiting
2023-12-04 15:15:00,20689.85,86.64,82.48357142857142,Waiting
2023-12-04 16:15:00,20686.8,86.06,83.49071428571428,Waiting
2023-12-05 08:15:00,20808.9,88.34,84.57857142857142,Waiting
2023-12-05 09:15:00,20806.95,88.81,85.83785714285715,Waiting
2023-12-05 10:15:00,20822.3,89.6,86.27357142857143,Waiting
2023-12-05 11:15:00,20776.7,84.65,86.51357142857144,Waiting
2023-12-05 12:15:00,20802.0,85.94,86.76499999999999,Waiting
2023-12-05 13:15:00,20812.9,74.84,85.57357142857143,Waiting
2023-12-05 14:15:00,20857.75,87.76,85.78,Waiting
2023-12-05 15:15:00,20858.15,86.9,86.00142857142858,Waiting
2023-12-05 16:15:00,20856.7,86.24,86.19357142857142,Waiting
2023-12-06 08:15:00,20950.75,88.87,86.30071428571429,Waiting
2023-12-06 09:15:00,20898.8,77.68,85.62928571428573,Waiting
2023-12-06 10:15:00,20926.95,77.23,84.96857142857144,Waiting
2023-12-06 11:15:00,20930.5,76.82,84.26714285714286,Waiting
2023-12-06 12:15:00,20873.4,68.56,83.01714285714286,Waiting
2023-12-06 13:15:00,20927.0,63.6,81.25000000000001,Waiting
2023-12-06 14:15:00,20939.35,64.89,79.54142857142857,Waiting
2023-12-06 15:15:00,20936.7,63.24,77.65857142857143,Waiting
2023-12-06 16:15:00,20935.9,70.56,76.65214285714286,Waiting
2023-12-07 08:15:00,20932.4,67.85,75.36,Waiting
2023-12-07 09:15:00,20870.2,56.88,74.07714285714285,Waiting
2023-12-07 10:15:00,20927.0,58.08,71.95714285714286,Waiting
2023-12-07 11:15:00,20917.35,56.76,69.80428571428571,Waiting
2023-12-07 12:15:00,20917.15,56.92,67.71000000000001,Waiting
2023-12-07 13:15:00,20908.15,43.94,64.50071428571428,Waiting
2023-12-07 14:15:00,20902.75,50.65,62.57,Waiting
2023-12-07 15:15:00,20912.1,47.41,60.440000000000005,Waiting
2023-12-07 16:15:00,20916.1,47.49,58.34499999999999,Waiting
2023-12-08 08:15:00,20934.1,62.26,57.895,Waiting
2023-12-08 09:15:00,20992.05,62.91,57.84571428571429,Waiting
2023-12-08 10:15:00,20955.8,52.98,56.995000000000005,Waiting
2023-12-08 11:15:00,20967.55,55.42,56.43642857142857,Waiting
2023-12-08 12:15:00,20921.3,47.79,54.809999999999995,Waiting
2023-12-08 13:15:00,20916.2,47.56,53.36071428571429,Waiting
2023-12-08 14:15:00,20978.15,66.27,54.03142857142857,Waiting
2023-12-08 15:15:00,20977.9,59.25,54.115,Waiting
2023-12-08 16:15:00,20972.1,60.09,54.35285714285715,Waiting
2023-12-11 08:15:00,20965.3,58.66,54.47714285714285,Waiting
2023-12-11 09:15:00,21011.2,66.37,56.07928571428572,Waiting
2023-12-11 10:15:00,21009.2,67.09,57.25357142857143,Waiting
2023-12-11 11:15:00,20985.35,61.24,58.24142857142857,Waiting
2023-12-11 12:15:00,20982.15,60.16,59.14642857142858,Waiting
2023-12-11 13:15:00,20992.4,59.19,58.92714285714285,Waiting
2023-12-11 14:15:00,21000.55,51.59,58.11857142857143,Waiting
2023-12-11 15:15:00,20991.2,57.36,58.43142857142857,Waiting
2023-12-11 16:15:00,21000.05,56.84,58.53285714285715,Waiting
2023-12-12 08:15:00,21018.55,73.16,60.345000000000006,Waiting
2023-12-12 09:15:00,21003.85,69.96,61.945,Waiting
2023-12-12 10:15:00,21015.8,61.1,61.575714285714284,Waiting
2023-12-12 11:15:00,21013.1,60.23,61.645714285714284,Waiting
2023-12-12 12:15:00,20964.7,48.28,60.80214285714286,Waiting
2023-12-12 13:15:00,20940.95,44.74,59.80785714285714,Waiting
2023-12-12 14:15:00,20903.2,25.83,56.912142857142854,Waiting
2023-12-12 15:15:00,20908.4,27.76,54.10285714285714,Buy
2023-12-12 16:15:00,20900.4,29.85,51.86071428571428,Hold
2023-12-13 08:15:00,20929.75,38.94,50.34499999999999,Hold
2023-12-13 09:15:00,20887.05,30.44,48.291428571428575,Hold
2023-12-14 09:15:00,21168.05,65.45,49.28142857142858,Hold
2023-12-14 10:15:00,21164.15,66.11,49.90642857142858,Hold
2023-12-14 11:15:00,21156.5,64.61,50.46142857142856,Hold
2023-12-14 12:15:00,21177.85,64.79,49.86357142857143,Hold
2023-12-14 13:15:00,21195.0,67.67,49.699999999999996,Hold
2023-12-14 14:15:00,21172.45,64.2,49.92142857142858,Hold
2023-12-14 15:15:00,21205.65,66.54,50.37214285714286,Hold
2023-12-14 16:15:00,21195.25,71.19,52.008571428571436,Sell
2023-12-15 08:15:00,21287.45,78.29,54.40500000000001,Waiting
2023-12-15 09:15:00,21326.7,84.49,58.595000000000006,Waiting
2023-12-15 10:15:00,21312.35,82.42,62.49928571428571,Waiting
2023-12-15 11:15:00,21311.1,83.32,66.31857142857143,Waiting
2023-12-15 12:15:00,21321.55,82.79,69.45071428571428,Waiting
2023-12-15 13:15:00,21330.65,89.34,73.65785714285714,Waiting
2023-12-15 14:15:00,21457.45,85.33,75.07785714285714,Waiting
2023-12-15 15:15:00,21483.8,86.99,76.56928571428571,Waiting
2023-12-15 16:15:00,21448.7,81.8,77.79714285714286,Waiting
2023-12-18 08:15:00,21434.8,78.42,78.7707142857143,Waiting
2023-12-18 09:15:00,21459.7,78.78,79.56428571428572,Waiting
2023-12-18 10:15:00,21469.95,83.24,80.92428571428572,Waiting
2023-12-18 11:15:00,21460.3,80.03,81.88785714285714,Waiting
2023-12-18 12:15:00,21417.6,74.37,82.115,Waiting
2023-12-18 13:15:00,21434.8,69.32,81.4742857142857,Waiting
2023-12-18 14:15:00,21419.75,63.03,79.94142857142857,Waiting
2023-12-18 15:15:00,21406.9,63.3,78.57571428571428,Waiting
2023-12-18 16:15:00,21410.8,63.92,77.18999999999998,Waiting
2023-12-19 08:15:00,21477.65,68.83,76.19285714285715,Waiting
2023-12-19 09:15:00,21351.8,51.99,73.52499999999999,Waiting
2023-12-19 10:15:00,21399.8,43.63,70.54642857142858,Waiting
2023-12-19 11:15:00,21435.8,44.81,67.53357142857143,Waiting
2023-12-19 12:15:00,21461.9,51.46,65.36642857142857,Waiting
2023-12-19 13:15:00,21481.05,55.04,63.69642857142857,Waiting
2023-12-19 14:15:00,21453.75,49.35,61.59428571428572,Waiting
2023-12-19 15:15:00,21446.5,47.44,59.037142857142854,Waiting
2023-12-19 16:15:00,21446.0,48.41,56.77857142857143,Waiting
2023-12-20 08:15:00,21543.5,62.5,55.93071428571428,Waiting
2023-12-20 09:15:00,21555.95,62.15,55.41857142857143,Waiting
2023-12-20 10:15:00,21565.05,64.74,55.54071428571429,Waiting
2023-12-20 11:15:00,21528.7,61.8,55.433571428571426,Waiting
2023-12-20 12:15:00,21472.4,55.42,54.826428571428565,Waiting
2023-12-20 13:15:00,21283.65,35.95,52.47785714285714,Waiting
2023-12-20 14:15:00,21142.35,35.17,51.27642857142856,Waiting
2023-12-20 15:15:00,21127.5,29.77,50.28642857142857,Waiting
2023-12-20 16:15:00,21101.5,24.79,48.85642857142857,Buy
2023-12-21 08:15:00,21033.95,19.62,46.582142857142856,Hold
2023-12-21 09:15:00,21123.95,26.97,44.57714285714286,Hold
2023-12-21 10:15:00,21157.65,31.06,43.270714285714284,Hold
2023-12-21 11:15:00,21180.05,33.28,42.25928571428572,Hold
2023-12-21 12:15:00,21250.85,38.75,41.569285714285705,Hold
2023-12-21 13:15:00,21216.85,29.67,39.22428571428571,Hold
2023-12-21 14:15:00,21257.5,32.06,37.074999999999996,Hold
2023-12-21 15:15:00,21267.6,32.14,34.746428571428574,Hold
2023-12-21 16:15:00,21283.0,34.87,32.822857142857146,Hold
2023-12-22 08:15:00,21295.85,38.51,31.615000000000002,Hold
2023-12-22 09:15:00,21350.65,55.28,32.995714285714286,Hold
2023-12-22 10:15:00,21368.9,72.15,35.637142857142855,Sell
2023-12-22 11:15:00,21362.85,73.42,38.755,Waiting
2023-12-22 12:15:00,21328.35,72.19,42.14071428571429,Waiting
2023-12-22 13:15:00,21308.25,79.58,46.423571428571435,Waiting
2023-12-22 14:15:00,21354.3,77.45,50.02928571428572,Waiting
2023-12-22 15:15:00,21344.1,73.53,53.06285714285714,Waiting
2023-12-22 16:15:00,21332.35,69.75,55.667857142857144,Waiting
2023-12-26 08:15:00,21365.2,66.45,57.646428571428565,Waiting
2023-12-26 09:15:00,21413.35,77.16,61.03857142857144,Waiting
2023-12-26 10:15:00,21456.65,77.33,64.27214285714285,Waiting
2023-12-26 11:15:00,21464.3,77.18,67.48928571428571,Waiting
2023-12-26 12:15:00,21438.8,70.94,70.06571428571428,Waiting
2023-12-26 13:15:00,21430.1,68.25,72.19,Waiting
2023-12-26 14:15:00,21438.65,63.68,72.79,Waiting
2023-12-26 15:15:00,21448.25,62.68,72.11357142857143,Waiting
2023-12-26 16:15:00,21454.15,64.59,71.48285714285714,Waiting
2023-12-27 08:15:00,21497.65,76.31,71.77714285714286,Waiting
2023-12-27 09:15:00,21559.65,84.56,72.13285714285715,Waiting
2023-12-27 10:15:00,21578.15,83.3,72.55071428571429,Waiting
2023-12-27 11:15:00,21582.85,86.1,73.44857142857143,Waiting
2023-12-27 12:15:00,21533.7,77.35,73.99142857142856,Waiting
2023-12-27 13:15:00,21558.35,76.84,74.73357142857142,Waiting
2023-12-27 14:15:00,21668.5,80.24,74.95357142857142,Waiting
2023-12-27 15:15:00,21666.75,77.62,74.97428571428573,Waiting
2023-12-27 16:15:00,21648.95,73.65,74.72214285714286,Waiting
2023-12-28 08:15:00,21715.0,82.04,75.515,Waiting
2023-12-28 09:15:00,21697.4,80.38,76.38142857142859,Waiting
2023-12-28 10:15:00,21727.7,81.31,77.64071428571428,Waiting
2023-12-28 11:15:00,21728.65,80.95,78.94571428571429,Waiting
2023-12-28 12:15:00,21767.3,82.23,80.2057142857143,Waiting
2023-12-28 13:15:00,21751.25,77.67,80.30285714285715,Waiting
2023-12-28 14:15:00,21781.3,75.99,79.6907142857143,Waiting
2023-12-28 15:15:00,21786.6,75.23,79.11428571428571,Waiting
2023-12-28 16:15:00,21773.7,72.65,78.15357142857144,Waiting
2023-12-29 08:15:00,21737.65,74.98,77.98428571428572,Waiting
2023-12-29 09:15:00,21683.3,64.27,77.08642857142857,Waiting
2023-12-29 10:15:00,21720.05,57.07,75.43142857142857,Waiting
2023-12-29 11:15:00,21737.9,59.35,74.12642857142858,Waiting
2023-12-29 12:15:00,21738.75,62.35,73.31928571428571,Waiting
2023-12-29 13:15:00,21692.2,46.69,70.79428571428572,Waiting
2023-12-29 14:15:00,21716.3,52.69,68.81642857142857,Waiting
2023-12-29 15:15:00,21723.65,49.38,66.53571428571429,Waiting
2023-12-29 16:15:00,21728.3,49.95,64.32142857142857,Waiting
2024-01-01 08:15:00,21727.75,43.26,61.53785714285714,Waiting
2024-01-01 09:15:00,21709.65,42.96,59.05857142857143,Waiting
2024-01-01 10:15:00,21741.25,43.26,56.72071428571429,Waiting
2024-01-01 11:15:00,21742.5,42.47,54.38071428571429,Waiting
2024-01-01 12:15:00,21737.95,43.72,52.314285714285724,Waiting
2024-01-01 13:15:00,21792.65,59.07,51.17785714285714,Waiting
2024-01-01 14:15:00,21725.3,56.64,50.63285714285714,Waiting
2024-01-01 15:15:00,21684.9,44.51,49.73571428571428,Waiting
2024-01-01 16:15:00,21689.45,42.1,48.503571428571426,Waiting
2024-01-02 08:15:00,21751.35,51.71,47.74357142857143,Waiting
2024-01-02 09:15:00,21661.75,46.29,47.714999999999996,Waiting
2024-01-02 10:15:00,21588.4,36.09,46.52928571428571,Waiting
2024-01-02 11:15:00,21612.4,38.33,45.739999999999995,Waiting
2024-01-02 12:15:00,21613.9,37.92,44.88071428571429,Waiting
2024-01-02 13:15:00,21662.35,43.73,44.91428571428572,Waiting
2024-01-02 14:15:00,21661.05,45.18,45.07285714285714,Waiting
2024-01-02 15:15:00,21665.35,42.05,44.98642857142857,Waiting
2024-01-02 16:15:00,21661.5,41.56,44.92142857142857,Waiting
2024-01-03 08:15:00,21661.1,41.92,44.79285714285714,Waiting
2024-01-03 09:15:00,21617.05,31.12,42.79642857142857,Waiting
2024-01-04 09:15:00,21631.5,38.62,41.50928571428572,Waiting
2024-01-04 10:15:00,21650.75,45.63,41.589285714285715,Waiting
2024-01-04 11:15:00,21642.1,44.01,41.72571428571428,Waiting
2024-01-04 12:15:00,21668.45,38.47,40.779999999999994,Waiting
2024-01-04 13:15:00,21654.7,48.76,40.95642857142857,Waiting
2024-01-04 14:15:00,21651.75,64.85,43.010714285714286,Waiting
2024-01-04 15:15:00,21666.85,63.32,44.79571428571428,Waiting
2024-01-04 16:15:00,21669.6,63.55,46.62642857142857,Waiting
2024-01-05 08:15:00,21705.75,61.23,47.87642857142857,Waiting
2024-01-05 09:15:00,21728.95,65.78,49.347857142857144,Waiting
2024-01-05 10:15:00,21693.15,55.63,50.317857142857136,Waiting
2024-01-05 11:15:00,21690.7,55.95,51.34571428571429,Waiting
2024-01-05 12:15:00,21695.85,56.95,52.419285714285714,Waiting
2024-01-05 13:15:00,21649.2,56.36,54.222142857142856,Waiting
2024-01-05 14:15:00,21715.1,63.75,56.01714285714286,Waiting
2024-01-05 15:15:00,21704.7,59.14,56.982142857142854,Waiting
2024-01-05 16:15:00,21709.55,61.57,58.236428571428576,Waiting
2024-01-08 08:15:00,21747.6,63.05,59.99214285714286,Waiting
2024-01-08 09:15:00,21692.85,55.54,60.47642857142858,Waiting
2024-01-08 10:15:00,21620.0,46.17,59.14214285714286,Waiting
2024-01-08 11:15:00,21585.8,40.64,57.52214285714285,Waiting
2024-01-08 12:15:00,21575.55,39.33,55.792142857142856,Waiting
2024-01-08 13:15:00,21586.9,35.71,53.96928571428571,Waiting
2024-01-08 14:15:00,21507.9,26.57,51.16857142857143,Waiting
2024-01-08 15:15:00,21508.95,28.92,49.260714285714286,Buy
2024-01-08 16:15:00,21511.1,29.43,47.36642857142857,Hold
2024-01-09 08:15:00,21653.6,46.32,46.607142857142854,Hold
2024-01-09 09:15:00,21657.15,50.75,46.20642857142857,Hold
2024-01-09 10:15:00,21694.9,47.99,45.080714285714286,Hold
2024-01-09 11:15:00,21691.6,48.68,44.33357142857143,Hold
2024-01-09 12:15:00,21706.8,49.73,43.48785714285714,Hold
2024-01-09 13:15:00,21656.6,41.22,41.92857142857143,Hold
2024-01-09 14:15:00,21543.2,37.03,40.60642857142857,Hold
2024-01-09 15:15:00,21545.45,42.64,40.354285714285716,Hold
2024-01-09 16:15:00,21552.3,46.5,40.77285714285715,Hold
2024-01-10 08:15:00,21529.3,45.3,41.199285714285715,Hold
2024-01-10 09:15:00,21542.7,45.52,41.9,Hold
2024-01-10 10:15:00,21542.65,54.19,43.87285714285714,Hold
2024-01-10 11:15:00,21522.1,51.51,45.486428571428576,Hold
2024-01-10 12:15:00,21510.55,49.94,46.951428571428565,Hold
2024-01-10 13:15:00,21531.95,31.14,45.86714285714286,Hold
2024-01-10 14:15:00,21608.0,43.78,45.369285714285716,Hold
2024-01-10 15:15:00,21622.8,40.31,44.82071428571429,Hold
2024-01-10 16:15:00,21623.8,40.83,44.26,Hold
2024-01-11 08:15:00,21688.0,47.75,44.118571428571435,Hold
2024-01-11 09:15:00,21672.4,52.06,44.892857142857146,Hold
2024-01-11 10:15:00,21655.3,69.48,47.21071428571429,Hold
2024-01-11 11:15:00,21657.2,69.44,49.125,Hold
2024-01-11 12:15:00,21673.85,70.45,50.83571428571428,Sell
2024-01-11 13:15:00,21605.9,61.19,51.97071428571429,Waiting
2024-01-11 14:15:00,21646.45,64.04,53.29357142857143,Waiting
2024-01-11 15:15:00,21646.1,63.99,53.99357142857143,Waiting
2024-01-11 16:15:00,21665.55,69.46,55.27571428571429,Waiting
2024-01-12 08:15:00,21773.55,78.28,57.300000000000004,Waiting
2024-01-12 09:15:00,21804.5,78.72,60.698571428571434,Waiting
2024-01-12 10:15:00,21822.15,75.73,62.980714285714285,Waiting
2024-01-12 11:15:00,21827.55,75.17,65.4707142857143,Waiting
2024-01-12 12:15:00,21843.1,76.03,67.985,Waiting
2024-01-12 13:15:00,21879.1,74.31,69.88214285714285,Waiting
2024-01-12 14:15:00,21876.55,76.86,71.65357142857144,Waiting
2024-01-12 15:15:00,21910.75,82.16,72.55928571428572,Waiting
2024-01-12 16:15:00,21908.25,81.56,73.425,Waiting
2024-01-15 08:15:00,22053.15,86.06,74.53999999999999,Waiting
2024-01-15 09:15:00,22010.25,90.36,76.62357142857142,Waiting
2024-01-15 10:15:00,22042.1,90.19,78.49142857142859,Waiting
2024-01-15 11:15:00,22052.1,90.45,80.38142857142857,Waiting
2024-01-15 12:15:00,22059.85,90.22,81.86428571428571,Waiting
2024-01-15 13:15:00,22070.7,87.8,82.5442857142857,Waiting
2024-01-15 14:15:00,22086.9,87.32,83.15857142857143,Waiting
2024-01-15 15:15:00,22104.65,87.33,83.98714285714286,Waiting
2024-01-15 16:15:00,22109.8,87.32,84.855,Waiting
2024-01-16 08:15:00,22080.5,80.29,85.15928571428572,Waiting
2024-01-16 09:15:00,22100.65,79.46,85.52714285714285,Waiting
2024-01-16 10:15:00,22118.75,80.92,85.81714285714285,Waiting
2024-01-16 11:15:00,22077.8,70.97,85.01785714285714,Waiting
2024-01-16 12:15:00,22019.0,62.18,83.63357142857144,Waiting
2024-01-16 13:15:00,22049.4,49.45,81.01857142857143,Waiting
2024-01-16 14:15:00,22034.3,53.85,78.41071428571429,Waiting
2024-01-16 15:15:00,22028.3,47.59,75.36785714285715,Waiting
2024-01-16 16:15:00,22031.6,46.34,72.21714285714286,Waiting
2024-01-17 08:15:00,21647.25,18.57,67.09928571428571,Waiting
2024-01-17 09:15:00,21791.0,32.28,63.13357142857143,
2024-01-17 10:15:00,21740.7,28.98,58.96642857142857,Buy
2024-01-17 11:15:00,21675.45,25.36,54.540000000000006,Hold
2024-01-17 12:15:00,21632.95,23.75,49.99928571428571,Hold
2024-01-17 13:15:00,21657.1,26.56,46.16142857142857,Hold
2024-01-17 14:15:00,21589.75,23.12,42.137142857142855,Hold
2024-01-17 15:15:00,21564.8,21.06,37.861428571428576,Hold
2024-01-17 16:15:00,21577.25,23.05,34.43857142857143,Hold
2024-01-18 08:15:00,21414.2,20.72,31.47714285714286,Hold
2024-01-18 09:15:00,21391.35,17.91,29.224285714285713,Hold
2024-01-18 10:15:00,21484.25,25.07,27.16857142857143,Hold
2024-01-18 11:15:00,21521.8,27.68,25.74642857142857,Hold
2024-01-18 12:15:00,21452.5,25.88,24.285,Hold
2024-01-18 13:15:00,21454.35,38.21,25.687857142857144,Hold
2024-01-18 14:15:00,21458.3,25.48,25.202142857142857,Hold
2024-01-18 15:15:00,21472.5,29.12,25.212142857142855,Hold
2024-01-18 16:15:00,21477.25,32.97,25.755714285714287,Hold
2024-01-19 08:15:00,21615.2,48.69,27.53714285714286,Hold
2024-01-19 09:15:00,21639.0,48.66,29.115714285714287,Hold
2024-01-19 10:15:00,21586.9,49.78,31.020000000000003,Hold
2024-01-19 11:15:00,21588.4,51.85,33.21928571428571,Hold
2024-01-19 12:15:00,21627.9,53.81,35.41642857142857,Hold
2024-01-19 13:15:00,21589.0,66.15,38.66142857142857,Hold
2024-01-19 14:15:00,21619.75,70.8,42.43928571428571,Sell
2024-01-19 15:15:00,21635.2,66.01,45.36357142857143,Waiting
2024-01-19 16:15:00,21638.2,63.32,47.909285714285716,Waiting
2024-01-20 08:15:00,21706.15,79.11,51.71142857142856,Waiting
2024-01-20 09:15:00,21643.85,69.1,53.917857142857144,Waiting
2024-01-20 10:15:00,21665.8,70.18,57.11071428571428,Waiting
2024-01-20 11:15:00,21648.05,66.96,59.81357142857143,Waiting
2024-01-20 12:15:00,21653.25,66.99,62.24357142857143,Waiting
2024-01-20 13:15:00,21609.6,49.34,62.290000000000006,Waiting
2024-01-20 14:15:00,21578.2,42.95,61.88214285714285,Waiting
2024-01-20 15:15:00,21584.6,49.7,61.87642857142857,Waiting
2024-01-20 16:15:00,21586.95,49.81,61.730714285714285,Waiting
2024-01-23 12:15:00,21353.25,26.35,59.769285714285715,Waiting
2024-01-23 13:15:00,21311.75,26.24,56.91857142857143,Buy
2024-01-23 14:15:00,21239.5,19.57,53.25928571428572,Hold
2024-01-23 15:15:00,21257.1,19.85,49.96214285714286,Hold
2024-01-23 16:15:00,21243.05,19.03,46.798571428571435,Hold
2024-01-24 08:15:00,21185.25,8.52,41.75642857142857,Hold
2024-01-24 09:15:00,21329.1,27.82,38.807857142857145,Hold
2024-01-24 10:15:00,21372.3,29.92,35.93214285714286,Hold
2024-01-24 11:15:00,21248.15,26.11,33.01428571428572,Hold
2024-01-24 12:15:00,21300.85,30.08,30.377857142857145,Hold
2024-01-24 13:15:00,21340.7,34.74,29.335000000000004,Hold
2024-01-24 14:15:00,21456.05,43.67,29.38642857142857,Hold
2024-01-24 15:15:00,21469.3,44.07,28.984285714285715,Hold
2024-01-24 16:15:00,21460.7,43.54,28.53642857142857,Hold
2024-01-25 08:15:00,21454.6,56.75,30.70785714285714,Hold
2024-01-25 09:15:00,21368.95,53.6,32.66214285714286,Hold
2024-01-25 10:15:00,21265.5,51.57,34.94785714285714,Hold
2024-01-25 11:15:00,21296.4,52.34,37.26857142857143,Hold
2024-01-25 12:15:00,21284.15,52.45,39.65571428571428,Hold
2024-01-25 13:15:00,21279.75,56.03,43.049285714285716,Hold
2024-01-25 14:15:00,21343.3,51.01,44.705714285714286,Hold
2024-01-25 15:15:00,21378.2,50.42,46.17,Hold
2024-01-25 16:15:00,21370.75,60.6,48.63357142857143,Hold
2024-01-29 08:15:00,21433.1,61.24,50.85928571428572,Hold
2024-01-29 09:15:00,21573.45,66.9,53.15642857142858,Hold
2024-01-29 10:15:00,21634.7,64.08,54.614285714285714,Hold
2024-01-29 11:15:00,21662.1,64.86,56.09928571428572,Hold
2024-01-29 12:15:00,21705.05,67.89,57.83857142857143,Hold
2024-01-29 13:15:00,21721.0,69.23,58.730000000000004,Hold
2024-01-29 14:15:00,21741.55,79.68,60.59285714285715,Sell
2024-01-29 15:15:00,21758.55,95.55,63.73428571428571,Waiting
2024-01-29 16:15:00,21744.8,92.78,66.62285714285714,Waiting
2024-01-30 08:15:00,21775.75,95.28,69.68214285714286,Waiting
2024-01-30 09:15:00,21762.95,93.83,72.38214285714285,Waiting
2024-01-30 10:15:00,21681.4,79.7,74.43142857142857,Waiting
2024-01-30 11:15:00,21710.4,79.49,76.50785714285715,Waiting
2024-01-30 12:15:00,21675.85,75.84,77.59642857142856,Waiting
2024-01-30 13:15:00,21665.75,71.62,78.33785714285715,Waiting
2024-01-30 14:15:00,21527.35,45.7,76.82357142857143,Waiting
2024-01-30 15:15:00,21529.6,38.99,75.03142857142858,Waiting
2024-01-30 16:15:00,21530.55,35.41,72.92785714285715,Waiting
2024-01-31 08:15:00,21487.25,25.86,69.92571428571428,Waiting
2024-01-31 09:15:00,21604.45,39.45,67.79857142857144,
2024-01-31 10:15:00,21658.2,42.88,65.17,
2024-01-31 11:15:00,21716.8,46.67,61.67857142857143,
2024-01-31 12:15:00,21692.75,45.92,58.33142857142857,
2024-01-31 13:15:00,21685.8,42.67,54.57357142857143,
2024-01-31 14:15:00,21727.95,47.28,51.24857142857143,
2024-01-31 15:15:00,21731.05,54.4,49.441428571428574,
2024-01-31 16:15:00,21708.3,49.81,47.32142857142857,
2024-02-01 08:15:00,21780.65,58.79,46.103571428571435,
2024-02-01 09:15:00,21783.9,60.03,45.27571428571429,
2024-02-01 10:15:00,21783.25,78.35,47.60785714285714,
2024-02-01 11:15:00,21738.5,71.15,49.90500000000001,
2024-02-01 12:15:00,21730.15,69.91,52.36928571428571,
2024-02-01 13:15:00,21722.25,75.23,55.89571428571429,
2024-02-01 14:15:00,21681.45,59.89,57.355714285714285,
2024-02-01 15:15:00,21698.9,55.76,58.27571428571429,
2024-02-01 16:15:00,21690.3,45.63,58.20142857142857,
2024-02-02 08:15:00,21812.75,64.94,59.56,
2024-02-02 09:15:00,21937.85,74.25,61.81571428571429,
2024-02-02 10:15:00,21989.65,74.72,63.77571428571429,
2024-02-02 11:15:00,22058.8,77.53,65.42785714285715,
2024-02-02 12:15:00,21846.3,58.79,66.06928571428571,
2024-02-02 13:15:00,21892.8,57.39,65.96928571428572,
2024-02-02 14:15:00,21855.7,54.53,65.57642857142856,
2024-02-02 15:15:00,21846.2,53.92,63.83142857142858,
2024-02-02 16:15:00,21855.45,57.63,62.86571428571428,
2024-02-05 08:15:00,21921.05,61.59,62.271428571428565,
2024-02-05 09:15:00,21926.95,62.46,61.35928571428571,
2024-02-05 10:15:00,21919.35,65.09,61.730714285714285,
2024-02-05 11:15:00,21923.35,64.48,62.353571428571435,
2024-02-05 12:15:00,21936.8,65.8,63.794285714285714,
2024-02-05 13:15:00,21911.25,57.21,63.24214285714286,
2024-02-05 14:15:00,21771.5,38.08,60.65857142857143,
2024-02-05 15:15:00,21761.9,32.63,57.65214285714286,
2024-02-05 16:15:00,21761.3,24.65,53.875,Buy
2024-02-06 08:15:00,21825.2,47.59,53.075,Hold
2024-02-06 09:15:00,21853.6,45.34,52.214285714285715,Hold
2024-02-06 10:15:00,21850.2,49.29,51.84000000000001,Hold
2024-02-06 11:15:00,21898.15,56.11,51.996428571428574,Hold
2024-02-06 12:15:00,21905.45,55.91,51.87357142857143,Hold
2024-02-06 13:15:00,21914.9,49.16,50.98571428571429,Hold
2024-02-06 14:15:00,21919.45,48.97,50.02214285714286,Hold
2024-02-06 15:15:00,21944.7,53.31,49.18071428571428,Hold
2024-02-06 16:15:00,21938.8,52.01,48.29,Hold
2024-02-07 08:15:00,22045.05,61.33,47.97071428571429,Hold
2024-02-07 09:15:00,22009.8,60.11,48.17785714285714,Hold
2024-02-07 10:15:00,21963.25,74.31,50.76571428571428,Sell
2024-02-07 11:15:00,21887.7,63.67,52.98285714285714,Waiting
2024-02-07 12:15:00,21906.7,65.19,55.878571428571426,Waiting
2024-02-07 13:15:00,21962.2,64.57,57.09142857142857,Waiting
2024-02-07 14:15:00,21933.55,58.5,58.03142857142858,Waiting
2024-02-07 15:15:00,21935.6,59.1,58.73214285714285,Waiting
2024-02-07 16:15:00,21949.8,55.93,58.71928571428571,Waiting
2024-02-08 08:15:00,22009.65,60.68,59.059999999999995,Waiting
2024-02-08 09:15:00,21939.65,52.26,59.28142857142857,Waiting
2024-02-08 10:15:00,21737.0,37.78,58.482142857142854,Waiting
2024-02-08 11:15:00,21804.05,41.08,57.60857142857143,Waiting
2024-02-08 12:15:00,21807.85,41.67,56.870000000000005,Waiting
2024-02-08 13:15:00,21727.75,29.13,54.57,Waiting
2024-02-08 14:15:00,21714.75,30.01,52.42,
2024-02-08 15:15:00,21741.9,34.6,49.58357142857143,
2024-02-08 16:15:00,21759.7,40.31,47.915,
2024-02-09 08:15:00,21727.0,36.68,45.878571428571426,
2024-02-09 09:15:00,21749.65,33.44,43.654999999999994,
2024-02-09 10:15:00,21679.5,31.41,41.71999999999999,
2024-02-09 11:15:00,21733.2,36.23,40.08642857142858,
2024-02-09 12:15:00,21753.3,36.74,38.715714285714284,
2024-02-09 13:15:00,21760.85,31.93,36.662142857142854,
2024-02-09 14:15:00,21782.8,37.75,35.62571428571429,
2024-02-09 15:15:00,21780.85,54.99,36.855000000000004,
2024-02-09 16:15:00,21786.0,47.61,37.32142857142857,
2024-02-12 08:15:00,21800.8,49.09,37.85142857142858,
2024-02-12 09:15:00,21690.25,45.53,39.02285714285715,
2024-02-12 10:15:00,21717.3,50.29,40.471428571428575,
2024-02-12 11:15:00,21625.3,38.3,40.73571428571428,
2024-02-13 11:15:00,21646.9,38.76,40.625,
2024-02-13 12:15:00,21686.05,45.97,41.28857142857142,
2024-02-13 13:15:00,21728.3,47.98,42.32714285714285,
2024-02-13 14:15:00,21753.9,57.7,44.205,
2024-02-13 15:15:00,21742.85,51.09,45.26642857142857,
2024-02-13 16:15:00,21728.0,47.1,46.006428571428565,
2024-02-14 08:15:00,21578.15,34.19,46.167857142857144,
2024-02-14 09:15:00,21620.4,36.42,46.07285714285714,
2024-02-14 10:15:00,21606.85,35.73,44.69714285714286,
2024-02-14 11:15:00,21619.15,36.48,43.902142857142856,
2024-02-14 12:15:00,21689.7,41.74,43.37714285714286,
2024-02-14 13:15:00,21718.95,52.43,43.87,
2024-02-14 14:15:00,21814.25,57.35,44.37428571428571,
2024-02-14 15:15:00,21849.1,68.58,46.53714285714286,
2024-02-14 16:15:00,21848.7,67.36,48.57999999999999,
2024-02-15 08:15:00,21906.55,68.38,50.18071428571428,
2024-02-15 09:15:00,21885.35,63.57,51.294285714285714,
2024-02-15 10:15:00,21868.5,60.05,51.46214285714285,
2024-02-15 11:15:00,21857.85,60.09,52.105,
2024-02-15 12:15:00,21861.25,61.93,53.16428571428572,
2024-02-15 13:15:00,21914.75,86.44,56.896428571428565,
2024-02-15 14:15:00,21909.8,84.08,60.300714285714285,
2024-02-15 15:15:00,21926.0,87.35,63.98785714285714,
2024-02-15 16:15:00,21927.05,87.01,67.59714285714286,
2024-02-16 08:15:00,22020.3,87.68,70.87857142857142,
2024-02-16 09:15:00,22036.7,87.31,73.37,
2024-02-16 10:15:00,22034.65,83.13,75.21142857142857,
2024-02-16 11:15:00,22047.4,81.93,76.16499999999999,
2024-02-16 12:15:00,22055.2,82.48,77.245,
2024-02-16 13:15:00,22045.35,75.71,77.76857142857143,
2024-02-16 14:15:00,22036.4,79.31,78.89285714285714,
2024-02-16 15:15:00,22028.95,82.32,80.48357142857142,
2024-02-16 16:15:00,22035.7,86.39,82.36214285714286,
2024-02-19 08:15:00,22103.45,89.23,84.31214285714286,
2024-02-19 09:15:00,22065.15,75.62,83.53928571428571,
2024-02-19 10:15:00,22125.2,80.9,83.31214285714286,
2024-02-19 11:15:00,22150.1,81.36,82.88428571428571,
2024-02-19 12:15:00,22165.1,82.06,82.5307142857143,
2024-02-19 13:15:00,22157.5,74.02,81.55499999999999,
2024-02-19 14:15:00,22117.75,63.12,79.82714285714285,
2024-02-19 15:15:00,22123.25,64.18,78.47357142857143,
2024-02-19 16:15:00,22116.95,61.37,77.005,
2024-02-20 08:15:00,22099.2,56.96,75.18214285714285,
2024-02-20 09:15:00,22097.95,58.56,73.95714285714284,
2024-02-20 10:15:00,22099.35,60.5,72.61357142857143,
2024-02-20 11:15:00,22159.8,68.55,71.63,
2024-02-20 12:15:00,22145.05,65.16,70.11357142857142,
2024-02-20 13:15:00,22123.8,53.24,67.54285714285713,
2024-02-20 14:15:00,22200.85,69.22,67.08571428571427,
2024-02-20 15:15:00,22211.35,64.2,65.89285714285714,
2024-02-20 16:15:00,22208.15,60.3,64.38857142857142,
2024-02-21 08:15:00,22248.85,63.62,63.07142857142857,
2024-02-21 09:15:00,22213.15,58.29,61.94785714285714,
2024-02-21 10:15:00,22208.0,64.99,62.08142857142857,
2024-02-21 11:15:00,22211.25,64.73,62.12071428571428,
2024-02-21 12:15:00,22220.35,67.15,62.53357142857143,
2024-02-21 13:15:00,22112.45,51.69,62.15714285714286,
2024-02-21 14:15:00,22095.05,49.64,61.519999999999996,
2024-02-21 15:15:00,22037.0,43.29,60.29071428571428,
2024-02-21 16:15:00,22028.75,34.11,57.830714285714286,
2024-02-22 08:15:00,22081.55,42.95,56.244285714285716,
2024-02-22 09:15:00,21935.5,33.63,54.84357142857143,
2024-02-22 10:15:00,21927.05,22.97,51.540000000000006,Buy
2024-02-22 11:15:00,21964.75,26.9,48.87571428571429,Hold
2024-02-22 12:15:00,21962.9,26.97,46.495000000000005,Hold
2024-02-22 13:15:00,22056.65,33.58,44.34928571428571,Hold
2024-02-22 14:15:00,22206.7,49.54,43.72428571428571,Hold
2024-02-22 15:15:00,22237.15,52.01,42.797142857142866,Hold
2024-02-22 16:15:00,22216.9,50.38,41.77214285714286,Hold
2024-02-23 08:15:00,22290.0,54.32,40.855714285714285,Hold
2024-02-23 09:15:00,22269.95,60.96,41.517857142857146,Hold
2024-02-23 10:15:00,22236.7,59.65,42.23285714285714,Hold
2024-02-23 11:15:00,22234.9,64.6,43.755,Hold
2024-02-23 12:15:00,22252.45,66.28,46.05285714285714,Hold
2024-02-23 13:15:00,22212.05,59.67,47.24714285714286,Hold
2024-02-23 14:15:00,22213.25,76.21,50.28857142857142,Sell
2024-02-23 15:15:00,22215.35,77.54,54.18642857142857,Waiting
2024-02-23 16:15:00,22194.25,72.64,57.45357142857143,Waiting
2024-02-26 08:15:00,22169.2,69.46,60.488571428571426,Waiting
2024-02-26 09:15:00,22148.35,60.03,62.377857142857145,Waiting
2024-02-26 10:15:00,22124.25,37.55,61.521428571428565,Waiting
2024-02-26 11:15:00,22096.7,28.61,59.85,Waiting
2024-02-26 12:15:00,22142.0,39.4,59.065714285714286,
2024-02-26 13:15:00,22153.95,26.72,57.09428571428572,Buy
2024-02-26 14:15:00,22126.4,26.06,54.60142857142857,Hold
2024-02-26 15:15:00,22115.6,28.16,52.35214285714286,Hold
2024-02-26 16:15:00,22117.15,28.75,49.791428571428575,Hold
2024-02-27 08:15:00,22090.2,21.68,46.605714285714285,Hold
2024-02-27 09:15:00,22109.05,30.56,44.52642857142856,Hold
2024-02-27 10:15:00,22145.1,38.63,41.84214285714285,Hold
2024-02-27 11:15:00,22124.3,35.7,38.853571428571435,Hold
2024-02-27 12:15:00,22205.95,51.54,37.346428571428575,Hold
2024-02-27 13:15:00,22163.1,49.23,35.901428571428575,Hold
2024-02-27 14:15:00,22203.9,56.66,35.660714285714285,Hold
2024-02-27 15:15:00,22198.65,59.35,37.21785714285714,Hold
2024-02-27 16:15:00,22194.2,63.01,39.675,Hold
2024-02-28 08:15:00,22214.1,60.32,41.169285714285714,Hold
2024-02-28 09:15:00,22219.0,59.5,43.510714285714286,Hold
2024-02-28 10:15:00,22062.05,43.18,44.73357142857143,Hold
2024-02-28 11:15:00,22038.3,42.03,45.72428571428571,Hold
2024-02-28 12:15:00,21942.5,34.92,46.165,Hold
2024-02-28 13:15:00,22044.85,46.53,47.94,Hold
2024-02-28 14:15:00,21952.75,39.26,48.56142857142857,Hold
2024-02-28 15:15:00,21934.4,35.16,48.313571428571436,Hold
2024-02-28 16:15:00,21926.25,35.8,48.32071428571429,Hold
2024-02-29 08:15:00,21935.2,28.32,46.662142857142854,Hold
2024-02-29 09:15:00,21873.5,27.49,45.10928571428571,Hold
2024-02-29 10:15:00,21967.85,33.07,43.42428571428571,Hold
2024-02-29 11:15:00,21952.35,32.59,41.51285714285715,Hold
2024-02-29 12:15:00,21969.95,34.43,39.471428571428575,Hold
2024-02-29 13:15:00,21962.35,32.22,37.464285714285715,Hold
2024-02-29 14:15:00,21996.7,34.93,35.70928571428571,Hold
2024-02-29 15:15:00,22042.7,48.46,36.08642857142857,Hold
2024-02-29 16:15:00,22042.05,50.31,36.67785714285714,Hold
2024-03-01 08:15:00,22048.3,60.29,38.49,Hold
2024-03-01 09:15:00,22196.95,63.58,39.70785714285715,Hold
2024-03-01 10:15:00,22208.7,76.67,42.38,Sell
2024-03-01 11:15:00,22288.95,82.72,45.777142857142856,Waiting
2024-03-02 11:15:00,22375.55,86.22,49.378571428571426,Waiting
2024-03-02 12:15:00,22378.4,86.09,53.505,Waiting
2024-03-04 08:15:00,22403.5,95.89,58.39071428571429,Waiting
2024-03-04 09:15:00,22395.4,93.52,62.708571428571425,Waiting
2024-03-04 10:15:00,22404.55,96.63,67.28285714285714,Waiting
2024-03-04 11:15:00,22403.3,96.24,71.69785714285715,Waiting
2024-03-04 12:15:00,22401.7,97.49,76.36,Waiting
2024-03-04 13:15:00,22428.2,97.45,80.82571428571428,Waiting
2024-03-04 14:15:00,22404.45,91.83,83.92357142857142,Waiting
2024-03-04 15:15:00,22398.25,90.66,86.80571428571429,Waiting
2024-03-04 16:15:00,22397.65,90.4,88.95642857142856,Waiting
2024-03-05 08:15:00,22371.25,78.1,89.99357142857143,Waiting
2024-03-05 09:15:00,22333.15,68.49,89.40928571428572,Waiting
2024-03-05 10:15:00,22288.65,49.95,87.06857142857143,Waiting
2024-03-05 11:15:00,22340.6,43.43,84.01214285714285,Waiting
2024-03-05 12:15:00,22391.55,52.09,81.58357142857143,Waiting
2024-03-05 13:15:00,22355.05,42.56,77.77428571428571,Waiting
2024-03-05 14:15:00,22353.65,43.45,74.19785714285715,Waiting
2024-03-05 15:15:00,22358.9,42.75,70.34928571428571,Waiting
2024-03-05 16:15:00,22358.5,42.87,66.53714285714285,Waiting
2024-03-06 08:15:00,22327.5,39.2,62.37357142857143,Waiting
2024-03-06 09:15:00,22315.0,32.82,57.75714285714286,Waiting
2024-03-06 10:15:00,22273.25,31.12,53.42071428571429,Waiting
2024-03-06 11:15:00,22259.2,30.43,49.11857142857143,Waiting
2024-03-06 12:15:00,22298.0,37.34,45.32857142857143,Waiting
2024-03-06 13:15:00,22403.45,53.41,43.565,Waiting
2024-03-06 14:15:00,22473.3,63.89,43.236428571428576,Waiting
2024-03-06 15:15:00,22481.7,70.61,44.71214285714286,Waiting
2024-03-06 16:15:00,22480.05,66.68,46.37285714285714,Waiting
2024-03-07 08:15:00,22505.3,64.5,47.259285714285724,Waiting
2024-03-07 09:15:00,22486.95,67.63,49.050000000000004,Waiting
2024-03-07 10:15:00,22498.65,68.86,50.865,Waiting
2024-03-07 11:15:00,22486.6,66.32,52.548571428571435,Waiting
2024-03-07 12:15:00,22509.15,68.22,54.35928571428572,Waiting
2024-03-07 13:15:00,22499.2,71.88,56.69357142857143,Waiting
2024-03-07 14:15:00,22500.75,74.35,59.65999999999999,Waiting
2024-03-07 15:15:00,22483.1,79.37,63.106428571428566,Waiting
2024-03-07 16:15:00,22483.5,82.64,66.83571428571429,Waiting
2024-03-11 08:15:00,22517.5,82.39,70.05357142857143,Waiting
2024-03-11 09:15:00,22431.7,54.43,70.12642857142858,Waiting
2024-03-11 10:15:00,22417.25,39.37,68.375,Waiting
2024-03-11 11:15:00,22373.55,31.92,65.61142857142856,Waiting
2024-03-11 12:15:00,22392.95,36.25,63.43785714285713,Waiting
2024-03-11 13:15:00,22376.05,29.05,60.90571428571428,Waiting
2024-03-11 14:15:00,22323.7,26.16,57.943571428571424,Buy
2024-03-11 15:15:00,22320.5,23.33,54.691428571428574,Hold
2024-03-11 16:15:00,22319.85,24.15,51.67928571428571,Hold
2024-03-12 08:15:00,22334.45,22.23,48.394285714285715,Hold
2024-03-12 09:15:00,22437.75,42.47,46.29357142857142,Hold
2024-03-12 10:15:00,22361.05,35.54,43.52142857142858,Hold
2024-03-12 11:15:00,22359.55,36.77,40.478571428571435,Hold
2024-03-12 12:15:00,22378.9,39.24,37.378571428571426,Hold
2024-03-12 13:15:00,22369.45,33.95,33.91857142857143,Hold
2024-03-12 14:15:00,22331.65,37.9,32.737857142857145,Hold
2024-03-12 15:15:00,22335.95,39.92,32.777142857142856,Hold
2024-03-12 16:15:00,22332.7,44.37,33.66642857142857,Hold
2024-03-13 08:15:00,22432.2,54.43,34.964999999999996,Hold
2024-03-13 09:15:00,22336.15,46.18,36.18857142857143,Hold
2024-03-13 10:15:00,22239.0,42.53,37.35785714285714,Hold
2024-03-13 11:15:00,22080.2,33.37,38.075,Hold
2024-03-13 12:15:00,22109.55,36.0,38.92142857142857,Hold
2024-03-13 13:15:00,22004.2,30.39,39.50428571428571,Hold
2024-03-13 14:15:00,21969.85,19.73,37.88,Hold
2024-03-13 15:15:00,21974.45,22.42,36.942857142857136,Hold
2024-03-13 16:15:00,21981.05,23.19,35.972857142857144,Hold
2024-03-14 08:15:00,21982.55,21.2,34.684285714285714,Hold
2024-03-14 09:15:00,22010.75,24.63,34.01857142857143,Hold
2024-03-14 10:15:00,22083.5,33.27,33.68785714285715,Hold
2024-03-14 11:15:00,22174.9,40.28,33.71357142857143,Hold
2024-03-14 12:15:00,22157.4,39.6,33.37285714285714,Hold
2024-03-14 13:15:00,22102.0,29.34,31.580714285714286,Hold
2024-03-14 14:15:00,22144.25,37.12,30.93357142857143,Hold
2024-03-14 15:15:00,22148.95,43.1,30.974285714285717,Hold
2024-03-14 16:15:00,22153.05,57.31,32.684285714285714,Hold
2024-03-15 08:15:00,22064.85,45.99,33.39785714285715,Hold
2024-03-15 09:15:00,22013.1,50.88,34.861428571428576,Hold
2024-03-15 10:15:00,21954.5,48.55,36.92,Hold
2024-03-15 11:15:00,21949.4,47.63,38.72071428571429,Hold
2024-03-15 12:15:00,21994.05,51.15,40.71785714285715,Hold
2024-03-15 13:15:00,22010.55,52.41,42.94714285714286,Hold
2024-03-15 14:15:00,22009.2,49.86,44.74928571428571,Hold
2024-03-15 15:15:00,22021.75,43.75,45.49785714285714,Hold
2024-03-15 16:15:00,21996.35,29.14,44.70214285714285,Hold
2024-03-18 08:15:00,21990.1,29.93,44.011428571428574,Hold
2024-03-18 09:15:00,21977.2,33.33,44.29642857142857,Hold
2024-03-18 10:15:00,21949.7,22.95,43.284285714285716,Hold
2024-03-18 11:15:00,22034.1,36.93,42.84357142857142,Hold
2024-03-18 12:15:00,22071.55,41.38,41.705714285714286,Hold
2024-03-18 13:15:00,22062.4,49.69,41.970000000000006,Hold
2024-03-18 14:15:00,22056.2,56.19,42.34928571428571,Hold
2024-03-18 15:15:00,22048.3,65.78,43.57999999999999,Hold
2024-03-18 16:15:00,22051.5,67.28,44.98357142857143,Hold
2024-03-19 08:15:00,21946.45,43.31,44.42357142857143,Hold
2024-03-19 09:15:00,21890.75,34.84,43.16857142857143,Hold
2024-03-19 10:15:00,21861.8,32.56,41.93285714285714,Hold
2024-03-19 11:15:00,21828.05,28.18,40.82071428571429,Hold
2024-03-19 12:15:00,21858.95,34.71,41.21857142857143,Hold
2024-03-19 13:15:00,21816.55,32.12,41.375,Hold
2024-03-19 14:15:00,21811.5,32.65,41.32642857142857,Hold
2024-03-19 15:15:00,21809.4,34.49,42.15071428571429,Hold
2024-03-19 16:15:00,21810.35,19.66,40.917142857142856,Hold
2024-03-20 08:15:00,21843.9,18.8,39.30428571428571,Hold
2024-03-20 09:15:00,21765.05,15.79,36.88285714285714,Hold
2024-03-20 10:15:00,21790.75,20.77,34.35285714285714,Hold
2024-03-20 11:15:00,21834.45,28.17,31.666428571428572,Hold
2024-03-20 12:15:00,21908.45,37.24,29.520714285714284,Hold
2024-03-20 13:15:00,21855.35,41.05,29.359285714285715,Hold
2024-03-20 14:15:00,21842.25,44.8,30.070714285714285,Hold
2024-03-20 15:15:00,21847.0,48.33,31.197142857142858,Hold
2024-03-20 16:15:00,21855.1,53.25,32.987857142857145,Hold
2024-03-21 08:15:00,21989.9,62.59,34.979285714285716,Hold
2024-03-21 09:15:00,22068.1,72.62,37.87214285714286,Sell
2024-03-21 10:15:00,22073.95,73.57,40.795,Waiting
2024-03-21 11:15:00,21951.45,60.49,42.652142857142856,Waiting
2024-03-21 12:15:00,22003.6,63.27,45.76714285714286,Waiting
2024-03-21 13:15:00,21998.5,61.04,48.784285714285716,Waiting
2024-03-21 14:15:00,22003.25,69.03,52.58714285714286,Waiting
2024-03-22 14:15:00,22079.65,71.35,56.2,Waiting
2024-03-22 15:15:00,22082.2,69.5,59.152142857142856,Waiting
2024-03-22 16:15:00,22080.8,65.31,61.15714285714285,Waiting
2024-03-26 08:15:00,21947.9,57.2,62.31071428571429,Waiting
2024-03-26 09:15:00,22023.9,62.87,63.60142857142858,Waiting
2024-03-26 10:15:00,22034.7,63.19,64.66285714285713,Waiting
2024-03-26 11:15:00,22031.6,62.49,65.32285714285715,Waiting
2024-03-26 12:15:00,22056.95,55.62,64.825,Waiting
2024-03-26 13:15:00,22044.75,47.8,63.05214285714286,Waiting
2024-03-26 14:15:00,22003.8,43.8,60.925714285714285,Waiting
2024-03-26 15:15:00,22010.45,56.55,60.644285714285715,Waiting
2024-03-26 16:15:00,22019.8,51.99,59.83857142857143,Waiting
2024-03-27 08:15:00,22053.95,56.35,59.503571428571426,Waiting
2024-03-27 09:15:00,22146.45,63.66,59.12,Waiting
2024-03-27 10:15:00,22157.2,58.45,58.19857142857143,Waiting
2024-03-27 11:15:00,22165.25,58.95,57.445,Waiting
2024-03-27 12:15:00,22159.65,58.42,56.95285714285715,Waiting
2024-03-27 13:15:00,22188.75,83.03,58.79785714285714,Waiting
2024-03-27 14:15:00,22116.15,62.77,58.79071428571428,Waiting
2024-03-27 15:15:00,22141.5,64.21,58.86357142857143,Waiting
2024-03-27 16:15:00,22147.2,65.28,59.06285714285714,Waiting
2024-03-28 08:15:00,22163.6,64.44,59.69285714285714,Waiting
2024-03-28 09:15:00,22306.25,76.16,61.71857142857142,Waiting
2024-03-28 10:15:00,22367.3,84.96,64.65857142857143,Waiting
2024-03-28 11:15:00,22334.2,79.63,66.30714285714286,Waiting
2024-03-28 12:15:00,22408.65,81.8,68.43642857142858,Waiting
2024-03-28 13:15:00,22467.95,82.52,70.30571428571429,Waiting
2024-03-28 14:15:00,22268.9,58.24,69.91857142857143,Waiting
2024-03-28 15:15:00,22319.7,60.37,70.05571428571429,Waiting
2024-03-28 16:15:00,22343.1,61.14,70.21214285714285,Waiting
2024-04-01 08:15:00,22455.0,66.32,70.77642857142857,Waiting
2024-04-01 09:15:00,22503.65,67.03,69.63357142857143,Waiting
2024-04-01 10:15:00,22479.45,70.74,70.20285714285714,Waiting
2024-04-01 11:15:00,22462.2,68.48,70.50785714285715,Waiting
2024-04-01 12:15:00,22445.75,66.99,70.63,Waiting
2024-04-01 13:15:00,22454.5,66.7,70.79142857142857,Waiting
2024-04-01 14:15:00,22464.05,60.69,69.68642857142858,Waiting
2024-04-01 15:15:00,22459.85,56.79,67.67428571428572,Waiting
2024-04-01 16:15:00,22469.05,60.26,66.29071428571429,Waiting
2024-04-02 08:15:00,22458.8,54.23,64.32142857142857,Waiting
2024-04-02 09:15:00,22433.6,46.93,61.77928571428571,Waiting
2024-04-02 10:15:00,22432.4,72.65,62.808571428571426,Waiting
2024-04-02 11:15:00,22424.5,66.47,63.24428571428571,Waiting
2024-04-02 12:15:00,22409.05,60.63,63.207857142857144,Waiting
2024-04-02 13:15:00,22414.0,39.91,61.32142857142857,Waiting
2024-04-02 14:15:00,22452.3,36.69,59.15428571428571,Waiting
2024-04-02 15:15:00,22465.05,46.03,57.38928571428571,Waiting
2024-04-02 16:15:00,22464.3,50.64,56.114999999999995,Waiting
2024-04-03 08:15:00,22385.7,36.78,53.957142857142856,Waiting
2024-04-03 09:15:00,22448.6,48.95,52.68928571428571,Waiting
2024-04-03 10:15:00,22447.7,47.0,51.71142857142856,Waiting
2024-04-03 11:15:00,22479.0,53.2,51.455,Waiting
2024-04-03 12:15:00,22485.3,52.74,50.917857142857144,Waiting
2024-04-03 13:15:00,22494.95,56.1,51.05142857142857,Waiting
2024-04-03 14:15:00,22430.7,49.57,51.24,Waiting
2024-04-03 15:15:00,22437.65,50.77,49.67714285714286,Waiting
2024-04-03 16:15:00,22445.55,53.09,48.721428571428575,Waiting
2024-04-04 08:15:00,22592.1,69.39,49.347142857142856,Waiting
2024-04-04 09:15:00,22376.1,47.23,49.87,Waiting
2024-04-04 10:15:00,22417.45,47.46,50.63928571428572,Waiting
2024-04-04 11:15:00,22385.3,44.35,50.51928571428572,Waiting
2024-04-04 12:15:00,22481.05,51.05,50.548571428571435,Waiting
2024-04-04 13:15:00,22530.3,59.37,52.162142857142854,Waiting
2024-04-04 14:15:00,22507.25,54.01,52.52357142857143,Waiting
2024-04-04 15:15:00,22547.15,56.45,53.198571428571434,Waiting
2024-04-04 16:15:00,22541.2,54.17,53.267857142857146,Waiting
2024-04-05 08:15:00,22486.4,50.07,53.07714285714285,Waiting
2024-04-05 09:15:00,22474.6,48.72,52.55,Waiting
2024-04-05 10:15:00,22514.4,55.43,52.96857142857143,Waiting
2024-04-05 11:15:00,22498.85,53.92,53.19357142857143,Waiting
2024-04-05 12:15:00,22484.85,52.5,53.151428571428575,Waiting
2024-04-05 13:15:00,22504.05,43.31,51.28857142857144,Waiting
2024-04-05 14:15:00,22515.45,65.35,52.582857142857144,Waiting
2024-04-05 15:15:00,22536.05,63.69,53.74214285714286,Waiting
2024-04-05 16:15:00,22523.4,66.69,55.33785714285714,Waiting
2024-04-08 08:15:00,22578.35,63.05,56.195,Waiting
2024-04-08 09:15:00,22626.25,62.91,56.44785714285714,Waiting
2024-04-08 10:15:00,22623.85,66.61,57.347857142857144,Waiting
2024-04-08 11:15:00,22653.25,65.58,57.99999999999999,Waiting
2024-04-08 12:15:00,22695.25,70.46,59.16357142857142,Waiting
2024-04-08 13:15:00,22660.9,74.51,60.909285714285716,Waiting
2024-04-08 14:15:00,22671.15,77.73,62.98142857142857,Waiting
2024-04-08 15:15:00,22670.3,74.71,64.35857142857142,Waiting
2024-04-08 16:15:00,22661.0,76.22,65.95142857142856,Waiting
2024-04-09 08:15:00,22765.1,85.09,68.2792857142857,Waiting
2024-04-09 09:15:00,22749.05,80.92,70.96571428571428,Waiting
2024-04-09 10:15:00,22729.65,76.5,71.76214285714286,Waiting
2024-04-09 11:15:00,22720.5,73.48,72.46142857142857,Waiting
2024-04-09 12:15:00,22683.55,69.2,72.64071428571428,Waiting
2024-04-09 13:15:00,22617.5,54.57,72.035,Waiting
2024-04-09 14:15:00,22641.55,51.89,71.24785714285714,Waiting
2024-04-09 15:15:00,22646.5,52.78,70.26,Waiting
2024-04-09 16:15:00,22642.05,48.53,69.04214285714286,Waiting
2024-04-10 08:15:00,22720.25,52.99,67.79428571428572,Waiting
2024-04-10 09:15:00,22707.3,55.85,66.46142857142857,Waiting
2024-04-10 10:15:00,22706.3,54.54,64.80499999999999,Waiting
2024-04-10 11:15:00,22706.4,54.67,63.37357142857143,Waiting
2024-04-10 12:15:00,22715.1,57.01,62.001428571428576,Waiting
2024-04-10 13:15:00,22721.65,42.47,58.957142857142856,Waiting
2024-04-10 14:15:00,22752.65,50.59,56.79071428571429,Waiting
2024-04-10 15:15:00,22748.2,53.21,55.12714285714286,Waiting
2024-04-10 16:15:00,22732.85,52.09,53.59928571428572,Waiting
2024-04-12 08:15:00,22677.4,49.02,52.15785714285715,Waiting
2024-04-12 09:15:00,22641.7,54.28,52.137142857142855,Waiting
2024-04-12 10:15:00,22657.85,52.96,52.21357142857143,Waiting
2024-04-12 11:15:00,22687.95,56.9,52.50785714285714,Waiting
2024-04-12 12:15:00,22568.05,41.1,51.97714285714286,Waiting
2024-04-12 13:15:00,22544.7,25.67,50.02571428571429,Waiting
2024-04-12 14:15:00,22515.85,24.59,47.792857142857144,Buy
2024-04-12 15:15:00,22512.3,24.42,45.64142857142857,Hold
2024-04-12 16:15:00,22519.4,25.79,43.57857142857143,Hold
2024-04-15 08:15:00,22339.05,16.29,40.67,Hold
2024-04-15 09:15:00,22360.3,18.44,38.95357142857143,Hold
2024-04-15 10:15:00,22361.9,14.03,36.34214285714286,Hold
2024-04-15 11:15:00,22398.85,19.66,33.94571428571429,Hold
2024-04-15 12:15:00,22338.3,18.23,31.527142857142856,Hold
2024-04-15 13:15:00,22348.7,21.46,29.55857142857143,Hold
2024-04-16 13:15:00,22143.05,16.57,26.865000000000002,Hold
2024-04-16 14:15:00,22168.9,17.64,24.342142857142854,Hold
2024-04-16 15:15:00,22162.8,14.1,21.285,Hold
2024-04-16 16:15:00,22177.45,18.81,19.692857142857143,Hold
2024-04-18 08:15:00,22212.35,23.94,19.569285714285716,Hold
2024-04-18 09:15:00,22178.15,23.74,19.50857142857143,Hold
2024-04-18 10:15:00,22283.0,34.6,20.235714285714288,Hold
2024-04-18 11:15:00,22292.15,34.78,20.877857142857142,Hold
2024-04-18 12:15:00,22291.45,45.8,22.985714285714288,Hold
2024-04-18 13:15:00,22137.85,34.09,24.10357142857143,Hold
2024-04-18 14:15:00,21965.65,27.22,25.045714285714286,Hold
2024-04-18 15:15:00,22027.85,29.27,25.732142857142858,Hold
2024-04-18 16:15:00,22045.75,32.84,26.775714285714287,Hold
2024-04-19 08:15:00,21861.5,26.26,27.118571428571432,Hold
2024-04-19 09:15:00,21884.75,34.69,28.412857142857145,Hold
2024-04-19 10:15:00,21870.7,32.08,29.444285714285712,Hold
2024-04-19 11:15:00,21934.2,37.15,31.090714285714288,Hold
2024-04-19 12:15:00,22044.9,43.27,32.837857142857146,Hold
2024-04-19 13:15:00,22149.8,47.04,34.487857142857145,Hold
2024-04-19 14:15:00,22162.3,49.23,36.308571428571426,Hold
2024-04-19 15:15:00,22141.15,42.53,36.875,Hold
2024-04-19 16:15:00,22149.7,42.5,37.42642857142857,Hold
2024-04-22 08:15:00,22336.9,52.0,37.86928571428571,Hold
2024-04-22 09:15:00,22246.55,55.07,39.36785714285714,Hold
2024-04-22 10:15:00,22283.85,66.97,42.20714285714286,Hold
2024-04-22 11:15:00,22285.25,64.68,44.73642857142857,Hold
2024-04-22 12:15:00,22273.45,63.07,46.89571428571429,Hold
2024-04-22 13:15:00,22292.0,80.52,50.77142857142858,Sell
2024-04-22 14:15:00,22347.05,81.36,54.105000000000004,Waiting
2024-04-22 15:15:00,22354.5,83.12,57.75071428571429,Waiting
2024-04-22 16:15:00,22365.45,81.81,60.940714285714286,Waiting
2024-04-23 08:15:00,22447.05,80.99,63.635,Waiting
2024-04-23 09:15:00,22417.65,73.36,65.515,Waiting
2024-04-23 10:15:00,22381.4,68.35,66.88071428571429,Waiting
2024-04-23 11:15:00,22420.8,72.73,69.03785714285715,Waiting
2024-04-23 12:15:00,22382.45,68.04,70.86214285714286,Waiting
2024-04-23 13:15:00,22396.45,56.31,71.17,Waiting
2024-04-23 14:15:00,22377.5,66.35,71.97571428571429,Waiting
2024-04-23 15:15:00,22360.35,60.06,71.48214285714286,Waiting
2024-04-23 16:15:00,22361.0,59.98,71.14642857142857,Waiting
2024-04-24 08:15:00,22421.55,67.29,71.44785714285715,Waiting
2024-04-24 09:15:00,22435.1,66.9,70.475,Waiting
2024-04-24 10:15:00,22459.25,64.3,69.25642857142857,Waiting
2024-04-24 11:15:00,22459.95,63.67,67.86714285714285,Waiting
2024-04-24 12:15:00,22448.9,60.82,66.36785714285715,Waiting
2024-04-24 13:15:00,22449.4,50.39,64.18214285714286,Waiting
2024-04-24 14:15:00,22401.75,47.54,62.337857142857146,Waiting
2024-04-24 15:15:00,22409.1,54.71,61.36357142857143,Waiting
2024-04-24 16:15:00,22412.2,48.33,59.62071428571428,Waiting
2024-04-25 08:15:00,22316.9,39.58,57.587857142857146,Waiting
2024-04-25 09:15:00,22457.15,56.88,57.628571428571426,Waiting
2024-04-25 10:15:00,22434.75,56.44,56.92071428571429,Waiting
2024-04-25 11:15:00,22396.7,53.91,56.48142857142857,Waiting
2024-04-25 12:15:00,22452.15,58.76,56.394285714285715,Waiting
2024-04-25 13:15:00,22577.25,63.32,56.11071428571428,Waiting
2024-04-25 14:15:00,22570.25,61.69,55.73857142857143,Waiting
2024-04-25 15:15:00,22561.85,59.12,55.36857142857143,Waiting
2024-04-25 16:15:00,22559.25,58.8,55.020714285714284,Waiting
2024-04-26 08:15:00,22620.4,63.96,55.245,Waiting
2024-04-26 09:15:00,22538.15,56.38,55.67285714285714,Waiting
2024-04-26 10:15:00,22515.9,58.51,56.45642857142857,Waiting
2024-04-26 11:15:00,22524.75,58.6,56.73428571428571,Waiting
2024-04-26 12:15:00,22509.95,57.15,57.364285714285714,Waiting
2024-04-26 13:15:00,22445.25,59.82,58.81,Waiting
2024-04-26 14:15:00,22408.25,45.55,58.00071428571429,Waiting
2024-04-26 15:15:00,22435.1,50.03,57.54285714285714,Waiting
2024-04-26 16:15:00,22450.2,55.03,57.622857142857136,Waiting
2024-04-29 08:15:00,22475.55,52.33,57.16357142857142,Waiting
2024-04-29 09:15:00,22480.6,37.33,55.307142857142864,Waiting
2024-04-29 10:15:00,22536.85,46.12,54.195,Waiting
2024-04-29 11:15:00,22558.7,49.65,53.51857142857143,Waiting
2024-04-29 12:15:00,22575.8,51.8,53.01857142857143,Waiting
2024-04-29 13:15:00,22611.15,48.93,51.945,Waiting
2024-04-29 14:15:00,22653.05,64.64,52.535000000000004,Waiting
2024-04-29 15:15:00,22640.2,66.23,53.08642857142858,Waiting
2024-04-29 16:15:00,22633.15,64.22,53.48785714285714,Waiting
2024-04-30 08:15:00,22679.65,70.55,54.445,Waiting
2024-04-30 09:15:00,22727.25,85.62,56.28785714285714,Waiting
2024-04-30 10:15:00,22734.3,94.56,59.78857142857142,Waiting
2024-04-30 11:15:00,22745.25,94.31,62.95142857142857,Waiting
2024-04-30 12:15:00,22714.7,86.19,65.17714285714285,Waiting
2024-04-30 13:15:00,22768.05,87.18,67.66642857142857,Waiting
2024-04-30 14:15:00,22603.55,61.12,69.36571428571429,Waiting
2024-04-30 15:15:00,22575.05,53.64,69.90285714285714,Waiting
2024-04-30 16:15:00,22587.75,52.82,70.12928571428571,Waiting
2024-05-02 08:15:00,22567.85,49.23,69.94571428571429,Waiting
2024-05-02 09:15:00,22670.75,55.08,70.385,Waiting
2024-05-02 10:15:00,22659.2,50.55,69.37857142857142,Waiting
2024-05-02 11:15:00,22692.6,54.54,68.54357142857143,Waiting
2024-05-02 12:15:00,22684.4,54.44,67.845,Waiting
2024-05-02 13:15:00,22679.55,49.99,66.37642857142858,Waiting
2024-05-02 14:15:00,22641.65,41.87,63.25142857142857,Waiting
2024-05-02 15:15:00,22650.3,42.04,59.5,Waiting
2024-05-02 16:15:00,22656.75,41.55,55.73142857142857,Waiting
2024-05-03 08:15:00,22766.35,54.29,53.45285714285715,Waiting
2024-05-03 09:15:00,22681.4,43.17,50.30928571428571,Waiting
2024-05-03 10:15:00,22606.05,50.23,49.53142857142857,Waiting
2024-05-03 11:15:00,22476.55,42.37,48.72642857142857,Waiting
2024-05-03 12:15:00,22415.15,37.58,47.63785714285715,Waiting
2024-05-03 13:15:00,22408.8,38.32,46.85857142857143,Waiting
2024-05-03 14:15:00,22490.6,36.35,45.520714285714284,Waiting
2024-05-03 15:15:00,22478.55,36.32,44.50428571428572,Waiting
2024-05-03 16:15:00,22456.7,31.82,42.881428571428565,Waiting
2024-05-06 08:15:00,22561.6,41.77,41.97642857142857,Waiting
2024-05-06 09:15:00,22466.35,37.25,41.06642857142857,Waiting
2024-05-06 10:15:00,22494.1,41.07,41.00928571428572,Waiting
2024-05-06 11:15:00,22520.95,42.34,41.03071428571429,Waiting
2024-05-06 12:15:00,22439.4,38.18,40.79,Waiting
2024-05-06 13:15:00,22439.85,29.85,39.044285714285714,Waiting
2024-05-06 14:15:00,22441.0,33.45,38.35000000000001,
2024-05-06 15:15:00,22445.3,37.73,37.457142857142856,
2024-05-06 16:15:00,22458.0,48.28,37.87928571428572,
2024-05-07 08:15:00,22489.75,57.33,39.290000000000006,
2024-05-07 09:15:00,22398.6,49.14,40.06285714285714,
2024-05-07 10:15:00,22304.0,34.61,39.93857142857143,
2024-05-07 11:15:00,22279.65,33.92,39.76714285714286,
2024-05-07 12:15:00,22239.7,32.96,39.848571428571425,
2024-05-07 13:15:00,22324.0,30.72,39.059285714285714,
2024-05-08 13:15:00,22275.25,33.23,38.77214285714285,
2024-05-08 14:15:00,22301.95,33.1,38.20285714285715,
2024-05-08 15:15:00,22312.35,31.11,37.40071428571429,
2024-05-08 16:15:00,22306.75,36.07,37.25,
2024-05-09 08:15:00,22224.8,30.72,37.31214285714286,
2024-05-09 09:15:00,22194.4,28.99,36.99357142857143,Buy
2024-05-09 10:15:00,22138.8,25.99,36.154999999999994,Hold
2024-05-09 11:15:00,22165.95,27.63,34.68,Hold
2024-05-09 12:15:00,22057.95,20.38,32.04071428571429,Hold
2024-05-09 13:15:00,22061.75,23.75,30.227142857142855,Hold
2024-05-09 14:15:00,21943.0,22.89,29.390000000000004,Hold
2024-05-09 15:15:00,21942.25,23.73,28.662142857142857,Hold
2024-05-09 16:15:00,21968.15,28.38,28.334999999999997,Hold
2024-05-10 08:15:00,21990.95,20.61,27.61285714285714,Hold
2024-05-10 09:15:00,22110.1,37.04,27.884999999999998,Hold
2024-05-10 10:15:00,22056.3,31.5,27.770714285714288,Hold
2024-05-10 11:15:00,22032.3,29.34,27.64428571428571,Hold
2024-05-10 12:15:00,21992.5,27.93,27.062857142857144,Hold
2024-05-10 13:15:00,22027.05,35.12,27.377142857142854,Hold
2024-05-10 14:15:00,22054.6,39.43,28.122857142857146,Hold
2024-05-10 15:15:00,22060.4,43.59,29.38,Hold
2024-05-10 16:15:00,22054.0,40.53,30.301428571428573,Hold
2024-05-13 08:15:00,22027.95,47.05,32.206428571428575,Hold
2024-05-13 09:15:00,21886.1,36.43,33.112142857142864,Hold
2024-05-13 10:15:00,21911.1,47.12,34.84285714285714,Hold
2024-05-13 11:15:00,21985.4,53.44,36.964999999999996,Hold
2024-05-13 12:15:00,22029.2,54.73,38.847142857142856,Hold
2024-05-13 13:15:00,22103.05,58.05,41.521428571428565,Hold
2024-05-13 14:15:00,22098.45,49.0,42.37571428571429,Hold
2024-05-13 15:15:00,22124.55,56.16,44.13714285714286,Hold
2024-05-13 16:15:00,22119.4,58.14,46.19428571428572,Hold
2024-05-14 08:15:00,22112.9,62.0,48.62785714285714,Hold
2024-05-14 09:15:00,22099.1,57.49,50.22571428571429,Hold
2024-05-14 10:15:00,22178.9,61.66,51.81357142857143,Hold
2024-05-14 11:15:00,22185.3,61.7,53.107142857142854,Hold
2024-05-14 12:15:00,22220.45,64.8,54.840714285714284,Hold
2024-05-14 13:15:00,22250.85,69.67,56.45642857142857,Hold
2024-05-14 14:15:00,22222.05,87.03,60.07071428571429,Sell
2024-05-14 15:15:00,22215.55,84.98,62.77499999999999,Waiting
2024-05-14 16:15:00,22223.8,82.29,64.83571428571429,Waiting
2024-05-15 08:15:00,22255.6,81.7,66.76214285714286,Waiting
2024-05-15 09:15:00,22189.6,62.39,67.07214285714286,Waiting
2024-05-15 10:15:00,22230.35,67.11,68.36571428571429,Waiting
2024-05-15 11:15:00,22204.05,60.31,68.66214285714285,Waiting
2024-05-15 12:15:00,22191.9,59.23,68.74,Waiting
2024-05-15 13:15:00,22211.45,62.15,68.75071428571428,Waiting
2024-05-15 14:15:00,22205.05,63.3,69.16571428571429,Waiting
2024-05-15 15:15:00,22199.45,53.17,68.55928571428572,Waiting
2024-05-15 16:15:00,22210.4,53.82,67.99642857142857,Waiting
2024-05-16 08:15:00,22319.2,62.27,67.8157142857143,Waiting
2024-05-16 09:15:00,22244.45,49.28,66.35928571428572,Waiting
2024-05-16 10:15:00,22147.1,42.73,63.195,Waiting
2024-05-16 11:15:00,22289.5,55.68,61.10214285714285,Waiting
2024-05-16 12:15:00,22128.15,44.05,58.37071428571428,Waiting
2024-05-16 13:15:00,22065.5,38.62,55.29357142857143,Waiting
2024-05-16 14:15:00,22403.25,59.65,55.09785714285714,Waiting
2024-05-16 15:15:00,22422.95,58.87,54.50928571428572,Waiting
2024-05-16 16:15:00,22392.35,58.64,54.39,Waiting
2024-05-17 08:15:00,22415.25,60.15,54.455714285714286,Waiting
2024-05-17 09:15:00,22391.8,58.16,54.17071428571428,Waiting
2024-05-17 10:15:00,22469.3,61.24,54.02357142857143,Waiting
2024-05-17 11:15:00,22458.1,60.95,54.57928571428572,Waiting
2024-05-17 12:15:00,22474.6,61.13,55.10142857142858,Waiting
2024-05-17 13:15:00,22482.1,57.5,54.76071428571429,Waiting
2024-05-17 14:15:00,22474.4,61.29,55.61857142857143,Waiting
2024-05-17 15:15:00,22471.55,67.56,57.39214285714286,Waiting
2024-05-17 16:15:00,22465.55,61.18,57.785000000000004,Waiting
2024-05-18 08:15:00,22512.85,78.56,60.25,Waiting
2024-05-18 09:15:00,22481.9,82.43,63.37928571428572,Waiting
2024-05-18 10:15:00,22481.9,62.93,63.61357142857143,Waiting
2024-05-18 11:15:00,22506.75,63.55,63.94785714285715,Waiting
2024-05-18 12:15:00,22502.0,69.34,64.71214285714287,Waiting
2024-05-18 13:15:00,22502.0,66.65,65.17642857142857,Waiting
2024-05-21 08:15:00,22404.55,51.91,64.73,Waiting
2024-05-21 09:15:00,22465.7,49.43,63.88642857142857,Waiting
2024-05-21 10:15:00,22503.85,56.63,63.577857142857134,Waiting
2024-05-21 11:15:00,22546.3,59.66,63.472857142857144,Waiting
2024-05-21 12:15:00,22573.75,61.72,63.77428571428571,Waiting
2024-05-21 13:15:00,22535.5,57.25,63.48571428571428,Waiting
2024-05-21 14:15:00,22525.35,56.27,62.67928571428572,Waiting
2024-05-21 15:15:00,22527.0,57.24,62.39785714285715,Waiting
2024-05-21 16:15:00,22507.55,49.33,60.309999999999995,Waiting
2024-05-22 08:15:00,22576.6,60.89,58.771428571428565,Waiting
2024-05-22 09:15:00,22558.4,58.44,58.45071428571429,Waiting
2024-05-22 10:15:00,22546.3,54.49,57.80357142857143,Waiting
2024-05-22 11:15:00,22564.25,56.86,56.91214285714286,Waiting
2024-05-22 12:15:00,22565.1,56.94,56.21857142857142,Waiting
2024-05-22 13:15:00,22576.8,73.37,57.75142857142857,Waiting
2024-05-22 14:15:00,22597.9,70.12,59.229285714285716,Waiting
2024-05-22 15:15:00,22622.1,68.8,60.098571428571425,Waiting
2024-05-22 16:15:00,22620.5,63.55,60.37642857142857,Waiting
2024-05-23 08:15:00,22614.1,57.99,60.11,Waiting
2024-05-23 09:15:00,22674.5,75.29,61.39857142857142,Waiting
2024-05-23 10:15:00,22696.8,79.87,63.08428571428571,Waiting
2024-05-23 11:15:00,22758.85,83.37,64.95071428571428,Waiting
2024-05-23 12:15:00,22830.35,90.41,67.885,Waiting
2024-05-23 13:15:00,22914.9,90.77,70.01928571428572,Waiting
2024-05-23 14:15:00,22978.65,95.63,72.67571428571429,Waiting
2024-05-23 15:15:00,22970.3,96.42,75.67071428571428,Waiting
2024-05-23 16:15:00,22951.0,92.22,78.19642857142857,Waiting
2024-05-24 08:15:00,22930.75,88.29,80.43571428571428,Waiting
2024-05-24 09:15:00,22919.7,85.96,81.33500000000001,Waiting
2024-05-24 10:15:00,22959.55,86.49,82.50428571428571,Waiting
2024-05-24 11:15:00,22969.4,86.09,83.73928571428571,Waiting
2024-05-24 12:15:00,22991.25,86.97,85.41214285714285,Waiting
2024-05-24 13:15:00,23005.85,88.43,87.58642857142857,Waiting
2024-05-24 14:15:00,22958.35,78.57,87.82071428571429,Waiting
2024-05-24 15:15:00,22951.85,76.52,87.58142857142856,Waiting
2024-05-24 16:15:00,22952.0,73.05,86.8442857142857,Waiting
2024-05-27 08:15:00,23038.95,74.0,85.67214285714284,Waiting
2024-05-27 09:15:00,22950.9,54.11,83.05357142857143,Waiting
2024-05-27 10:15:00,22988.8,51.23,79.88214285714287,Waiting
2024-05-27 11:15:00,23067.9,60.11,77.28857142857143,Waiting
2024-05-27 12:15:00,23074.85,63.16,75.21285714285715,Waiting
2024-05-27 13:15:00,23068.25,65.05,73.55285714285715,Waiting
2024-05-27 14:15:00,22938.75,51.66,71.10285714285713,Waiting
2024-05-27 15:15:00,22933.2,47.56,68.32214285714285,Waiting
2024-05-27 16:15:00,22931.05,46.4,65.48714285714286,Waiting
2024-05-28 08:15:00,22977.15,48.74,62.75642857142857,Waiting
2024-05-28 09:15:00,22963.85,46.23,59.742142857142845,Waiting
2024-05-29 09:15:00,22757.65,35.97,56.699285714285715,Waiting
2024-05-29 10:15:00,22725.25,34.71,53.712857142857146,Waiting
2024-05-29 11:15:00,22745.2,36.41,51.09571428571428,Waiting
2024-05-29 12:15:00,22764.8,30.23,47.96928571428571,Waiting
2024-05-29 13:15:00,22752.35,33.93,46.527857142857144,Waiting
2024-05-29 14:15:00,22711.3,27.65,44.84357142857143,Waiting
2024-05-29 15:15:00,22707.55,16.97,41.762142857142855,Buy
2024-05-29 16:15:00,22705.8,15.85,38.38285714285714,Hold
2024-05-30 08:15:00,22617.45,13.77,34.72,Hold
2024-05-30 09:15:00,22558.5,15.53,32.13928571428571,Hold
2024-05-30 10:15:00,22563.8,16.5,29.920714285714286,Hold
2024-05-30 11:15:00,22567.45,17.11,27.82857142857143,Hold
2024-05-30 12:15:00,22576.4,11.14,25.142857142857142,Hold
2024-05-30 13:15:00,22522.6,10.33,22.578571428571426,Hold
2024-05-30 14:15:00,22478.05,14.56,21.049285714285713,Hold
2024-05-30 15:15:00,22519.05,24.42,20.314285714285713,Hold
2024-05-30 16:15:00,22557.1,27.67,19.69,Hold
2024-05-31 08:15:00,22568.1,26.16,19.399285714285714,Hold
2024-05-31 09:15:00,22535.2,24.93,18.756428571428568,Hold
2024-05-31 10:15:00,22528.7,27.09,18.716428571428573,Hold
2024-05-31 11:15:00,22513.25,26.32,19.384285714285713,Hold
2024-05-31 12:15:00,22535.35,30.21,20.41,Hold
2024-05-31 13:15:00,22605.6,48.56,22.895,Hold
2024-05-31 14:15:00,22523.55,45.99,25.070714285714285,Hold
2024-05-31 15:15:00,22560.6,49.66,27.439285714285713,Hold
2024-05-31 16:15:00,22547.95,47.95,29.642142857142858,Hold
2024-06-03 08:15:00,23337.9,80.28,34.580714285714286,Sell
2024-06-03 09:15:00,23197.1,75.09,39.20642857142857,Waiting
2024-06-03 10:15:00,23175.3,76.38,43.622142857142855,Waiting
2024-06-03 11:15:00,23221.65,76.48,47.340714285714284,Waiting
2024-06-03 12:15:00,23228.1,75.9,50.785714285714285,Waiting
2024-06-03 13:15:00,23240.95,75.94,54.34142857142857,Waiting
2024-06-03 14:15:00,23264.7,78.32,58.15500000000001,Waiting
2024-06-03 15:15:00,23283.55,79.02,61.864285714285714,Waiting
2024-06-03 16:15:00,23305.95,80.32,65.72142857142858,Waiting
2024-06-04 08:15:00,23179.5,72.82,68.765,Waiting
2024-06-04 09:15:00,22833.9,56.77,69.35142857142857,Waiting
2024-06-04 10:15:00,22095.1,40.86,68.985,Waiting
2024-06-04 11:15:00,21591.9,32.76,67.77785714285714,Waiting
2024-06-04 12:15:00,21944.75,40.43,67.24071428571429,Waiting
2024-06-04 13:15:00,22061.05,24.22,63.23642857142857,Waiting
2024-06-04 14:15:00,21949.7,24.51,59.62357142857143,Buy
2024-06-04 15:15:00,21941.2,24.65,55.92857142857143,Hold
2024-06-04 16:15:00,21996.45,24.92,52.24571428571429,Hold
2024-06-05 08:15:00,22128.35,28.59,48.866428571428564,Hold
2024-06-05 09:15:00,22063.3,27.53,45.40857142857143,Hold
2024-06-05 10:15:00,22351.65,34.18,42.25571428571429,Hold
2024-06-05 11:15:00,22311.6,33.28,38.988571428571426,Hold
2024-06-05 12:15:00,22377.65,34.26,35.698571428571434,Hold
2024-06-05 13:15:00,22475.15,37.94,33.20714285714286,Hold
2024-06-05 14:15:00,22635.85,46.38,32.464999999999996,Hold
2024-06-05 15:15:00,22580.3,61.82,33.96214285714286,Hold
2024-06-05 16:15:00,22573.0,81.51,37.44428571428572,Sell
2024-06-06 08:15:00,22798.6,79.87,40.261428571428574,Waiting
2024-06-06 09:15:00,22786.85,77.39,44.059285714285714,Waiting
2024-06-06 10:15:00,22896.85,85.78,48.43571428571429,Waiting
2024-06-06 11:15:00,22720.75,76.14,52.11357142857143,Waiting
2024-06-06 12:15:00,22699.3,74.11,55.62714285714286,Waiting
2024-06-06 13:15:00,22781.4,73.2,58.813571428571436,Waiting
2024-06-06 14:15:00,22825.15,77.48,62.381428571428565,Waiting
2024-06-06 15:15:00,22848.05,72.14,65.09285714285714,Waiting
2024-06-06 16:15:00,22849.05,74.84,68.06142857142858,Waiting
2024-06-07 08:15:00,22821.85,71.3,70.70714285714287,Waiting
2024-06-07 09:15:00,22980.25,72.88,73.20285714285714,Waiting
2024-06-07 10:15:00,23075.85,71.18,74.97428571428573,Waiting
2024-06-07 11:15:00,23189.75,77.78,76.11428571428573,Waiting
2024-06-07 12:15:00,23208.25,78.66,75.91071428571429,Waiting
2024-06-07 13:15:00,23243.7,74.24,75.50857142857141,Waiting
2024-06-07 14:15:00,23287.75,76.35,75.4342857142857,Waiting
2024-06-07 15:15:00,23288.1,73.27,74.54071428571429,Waiting
2024-06-07 16:15:00,23270.05,90.23,75.54714285714286,Waiting
2024-06-10 08:15:00,23319.15,93.63,76.94142857142857,Waiting
2024-06-10 09:15:00,23315.25,92.22,78.29999999999998,Waiting
2024-06-10 10:15:00,23337.6,91.95,79.33357142857143,Waiting
2024-06-10 11:15:00,23308.15,87.27,80.41428571428571,Waiting
2024-06-10 12:15:00,23333.4,87.75,81.33642857142857,Waiting
2024-06-10 13:15:00,23363.25,92.02,82.81642857142857,Waiting
2024-06-10 14:15:00,23262.15,74.02,82.89785714285713,Waiting
2024-06-10 15:15:00,23236.85,65.58,82.49785714285713,Waiting
2024-06-10 16:15:00,23234.45,55.52,80.90785714285713,Waiting
2024-06-11 08:15:00,23283.75,58.66,79.47928571428572,Waiting
2024-06-11 09:15:00,23312.55,58.02,78.32071428571429,Waiting
2024-06-11 10:15:00,23328.5,55.08,76.80142857142857,Waiting
2024-06-11 11:15:00,23331.1,55.33,75.52,Waiting
2024-06-11 12:15:00,23331.85,58.0,73.21785714285714,Waiting
2024-06-11 13:15:00,23330.2,51.63,70.21785714285714,Waiting
2024-06-11 14:15:00,23264.15,43.63,66.74714285714286,Waiting
2024-06-11 15:15:00,23238.1,37.7,62.872142857142855,Waiting
2024-06-11 16:15:00,23261.8,44.19,59.795,Waiting
2024-06-12 08:15:00,23344.45,51.21,57.184999999999995,Waiting
2024-06-12 09:15:00,23408.65,54.63,54.51428571428572,Waiting
2024-06-12 10:15:00,23413.15,69.17,54.167857142857144,Waiting
2024-06-12 11:15:00,23414.15,73.99,54.76857142857143,Waiting
2024-06-12 12:15:00,23411.4,73.92,56.082857142857144,Waiting
2024-06-12 13:15:00,23352.75,59.1,56.114285714285714,Waiting
2024-06-12 14:15:00,23323.75,51.48,55.64714285714286,Waiting
2024-06-12 15:15:00,23314.95,48.18,55.15428571428571,Waiting
2024-06-12 16:15:00,23308.4,46.98,54.55785714285714,Waiting
2024-06-13 08:15:00,23480.95,63.6,54.957857142857144,Waiting
2024-06-13 09:15:00,23408.7,56.34,55.294285714285714,Waiting
2024-06-13 10:15:00,23367.8,58.73,56.372857142857136,Waiting
2024-06-13 11:15:00,23391.85,63.0,58.18,Waiting
2024-06-13 12:15:00,23411.3,62.73,59.50428571428571,Waiting
2024-06-13 13:15:00,23393.75,54.72,59.755,Waiting
2024-06-13 14:15:00,23399.0,48.96,59.35000000000001,Waiting
2024-06-13 15:15:00,23405.6,49.19,57.92285714285714,Waiting
2024-06-13 16:15:00,23399.35,48.43,56.097142857142856,Waiting
2024-06-14 08:15:00,23464.95,55.02,54.74714285714286,Waiting
2024-06-14 09:15:00,23437.85,58.48,54.70285714285715,Waiting
2024-06-14 10:15:00,23448.9,62.93,55.520714285714284,Waiting
2024-06-14 11:15:00,23439.1,62.8,56.565,Waiting
2024-06-14 12:15:00,23459.15,65.12,57.86071428571428,Waiting
2024-06-14 13:15:00,23446.35,44.89,56.52428571428571,Waiting
2024-06-14 14:15:00,23471.9,60.82,56.84428571428571,Waiting
2024-06-14 15:15:00,23456.5,66.64,57.409285714285716,Waiting
2024-06-14 16:15:00,23454.15,62.72,57.38928571428572,Waiting
2024-06-18 08:15:00,23570.8,73.32,58.145714285714284,Waiting
2024-06-18 09:15:00,23516.25,66.16,58.962857142857146,Waiting
2024-06-19 09:15:00,23523.05,66.3,60.201428571428565,Waiting
2024-06-19 10:15:00,23503.65,62.46,61.14928571428572,Waiting
2024-06-19 11:15:00,23556.35,67.85,62.53642857142857,Waiting
2024-06-19 12:15:00,23552.1,61.51,63.0,Waiting
2024-06-19 13:15:00,23560.65,67.06,63.61285714285714,Waiting
2024-06-19 14:15:00,23511.0,57.79,63.24571428571428,Waiting
2024-06-19 15:15:00,23522.75,60.44,63.07714285714286,Waiting
2024-06-19 16:15:00,23521.4,58.15,62.57928571428572,Waiting
2024-06-20 08:15:00,23586.15,66.12,64.0957142857143,Waiting
2024-06-20 09:15:00,23487.35,51.52,63.43142857142857,Waiting
2024-06-20 10:15:00,23533.65,57.17,62.755,Waiting
2024-06-20 11:15:00,23556.6,59.17,62.50142857142857,Waiting
2024-06-20 12:15:00,23552.5,47.95,60.689285714285724,Waiting
2024-06-20 13:15:00,23562.75,55.79,59.94857142857143,Waiting
2024-06-20 14:15:00,23566.85,55.49,59.17642857142857,Waiting
2024-06-20 15:15:00,23575.4,59.24,58.94642857142857,Waiting
2024-06-20 16:15:00,23579.15,53.36,57.91142857142858,Waiting
2024-06-21 08:15:00,23661.15,63.08,58.02357142857142,Waiting
2024-06-21 09:15:00,23584.75,52.49,56.98285714285714,Waiting
2024-06-21 10:15:00,23529.05,51.84,56.557857142857145,Waiting
2024-06-21 11:15:00,23539.3,51.69,55.93285714285714,Waiting
2024-06-21 12:15:00,23453.25,44.06,54.92642857142857,Waiting
2024-06-21 13:15:00,23567.2,48.48,53.666428571428575,Waiting
2024-06-21 14:15:00,23476.2,49.09,53.49285714285715,Waiting
2024-06-21 15:15:00,23486.9,45.97,52.692857142857136,Waiting
2024-06-21 16:15:00,23453.15,41.24,51.412142857142854,Waiting
2024-06-24 08:15:00,23382.3,37.05,50.63357142857143,Waiting
2024-06-24 09:15:00,23445.75,41.77,49.63214285714286,Waiting
2024-06-24 10:15:00,23497.05,45.39,48.910714285714285,Waiting
2024-06-24 11:15:00,23534.65,47.41,48.065714285714286,Waiting
2024-06-24 12:15:00,23546.6,47.95,47.67928571428571,Waiting
2024-06-24 13:15:00,23519.95,40.45,46.06285714285714,Waiting
2024-06-24 14:15:00,23545.95,47.19,45.684285714285714,Waiting
2024-06-24 15:15:00,23551.6,51.76,45.67857142857143,Waiting
2024-06-24 16:15:00,23548.65,50.74,45.61071428571429,Waiting
2024-06-25 08:15:00,23577.1,60.78,46.805,Waiting
2024-06-25 09:15:00,23594.85,52.89,47.12,Waiting
2024-06-25 10:15:00,23581.2,63.1,48.12071428571428,Waiting
2024-06-25 11:15:00,23588.45,62.78,49.32142857142857,Waiting
2024-06-25 12:15:00,23672.5,74.51,51.69785714285714,Waiting
2024-06-25 13:15:00,23695.25,89.17,55.42071428571428,Waiting
2024-06-25 14:15:00,23731.65,88.39,58.75071428571429,Waiting
2024-06-25 15:15:00,23745.9,87.1,61.730000000000004,Waiting
2024-06-25 16:15:00,23721.9,79.1,63.993571428571435,Waiting
2024-06-26 08:15:00,23723.1,78.38,66.16714285714285,Waiting
2024-06-26 09:15:00,23693.25,77.58,68.81928571428571,Waiting
2024-06-26 10:15:00,23774.45,80.93,71.22928571428572,Waiting
2024-06-26 11:15:00,23828.8,83.15,73.47142857142856,Waiting
2024-06-26 12:15:00,23828.25,83.63,75.82071428571429,Waiting
2024-06-26 13:15:00,23872.2,84.22,77.495,Waiting
2024-06-26 14:15:00,23875.2,83.66,79.69285714285714,Waiting
2024-06-26 15:15:00,23864.85,84.33,81.20928571428571,Waiting
2024-06-26 16:15:00,23840.25,79.25,82.38571428571429,Waiting
2024-06-27 08:15:00,23881.55,76.96,82.5607142857143,Waiting
2024-06-27 09:15:00,23945.95,79.19,81.84785714285714,Waiting
2024-06-27 10:15:00,23922.0,72.83,80.73642857142859,Waiting
2024-06-27 11:15:00,24005.35,76.69,79.99285714285713,Waiting
2024-06-27 12:15:00,23961.85,73.73,79.60928571428572,Waiting
2024-06-27 13:15:00,23954.35,72.59,79.19571428571429,Waiting
2024-06-27 14:15:00,24045.6,80.73,79.4207142857143,Waiting
2024-06-27 15:15:00,24072.2,78.7,79.26142857142857,Waiting
2024-06-27 16:15:00,24036.1,70.71,78.37285714285714,Waiting
2024-06-28 08:15:00,24085.9,73.44,77.645,Waiting
2024-06-28 09:15:00,24133.15,73.6,76.88642857142857,Waiting
2024-06-28 10:15:00,24147.8,74.14,76.20642857142856,Waiting
2024-06-28 11:15:00,24110.9,70.81,75.24071428571429,Waiting
2024-06-28 12:15:00,24060.75,67.88,74.42857142857143,Waiting
2024-06-28 13:15:00,24117.2,68.65,73.83500000000001,Waiting
2024-06-28 14:15:00,23989.2,53.11,71.97214285714286,Waiting
2024-06-28 15:15:00,24005.6,56.08,70.77571428571429,Waiting
2024-06-28 16:15:00,24009.8,50.37,68.89571428571428,Waiting
2024-07-01 08:15:00,23992.95,52.67,67.39142857142856,Waiting
2024-07-01 09:15:00,24056.95,58.03,66.35142857142857,Waiting
2024-07-01 10:15:00,24078.7,52.91,64.36428571428571,Waiting
2024-07-01 11:15:00,24109.95,53.29,62.54928571428571,Waiting
2024-07-01 12:15:00,24118.55,57.55,61.60928571428572,Waiting
2024-07-01 13:15:00,24141.55,55.36,60.31785714285714,Waiting
2024-07-01 14:15:00,24147.4,51.49,58.738571428571426,Waiting
2024-07-01 15:15:00,24139.5,49.12,56.951428571428565,Waiting
2024-07-01 16:15:00,24123.15,51.36,55.56214285714286,Waiting
2024-07-02 08:15:00,24228.75,66.59,55.470000000000006,Waiting
2024-07-02 09:15:00,24130.0,51.17,54.22142857142857,Waiting
2024-07-02 10:15:00,24182.45,70.43,55.45857142857143,Waiting
2024-07-02 11:15:00,24138.0,63.21,55.96785714285715,Waiting
2024-07-02 12:15:00,24104.45,58.92,56.57857142857143,Waiting
2024-07-02 13:15:00,24108.25,61.14,57.18357142857143,Waiting
2024-07-02 14:15:00,24125.05,57.24,57.12714285714286,Waiting
2024-07-02 15:15:00,24125.8,55.24,57.29357142857143,Waiting
2024-07-02 16:15:00,24117.8,50.92,57.12428571428571,Waiting
2024-07-03 08:15:00,24291.75,64.65,57.631428571428565,Waiting
2024-07-03 09:15:00,24267.85,60.67,58.01071428571429,Waiting
2024-07-03 10:15:00,24268.4,60.31,58.64071428571429,Waiting
2024-07-03 11:15:00,24252.25,59.47,59.38,Waiting
2024-07-03 12:15:00,24275.85,62.68,60.188571428571436,Waiting
2024-07-03 13:15:00,24264.55,53.52,59.255,Waiting
2024-07-03 14:15:00,24296.1,68.84,60.51714285714286,Waiting
2024-07-03 15:15:00,24295.6,64.55,60.097142857142856,Waiting
2024-07-03 16:15:00,24290.8,71.88,60.71642857142857,Waiting
2024-07-04 08:15:00,24369.95,83.62,62.480714285714285,Waiting
2024-07-04 09:15:00,24375.05,83.68,64.09071428571428,Waiting
2024-07-04 10:15:00,24334.55,74.95,65.35571428571428,Waiting
2024-07-04 11:15:00,24331.7,74.4,66.72428571428571,Waiting
2024-07-04 12:15:00,24342.0,76.43,68.54642857142858,Waiting
2024-07-04 13:15:00,24340.05,59.58,68.1842857142857,Waiting
2024-07-04 14:15:00,24302.65,56.55,67.89,Waiting
2024-07-04 15:15:00,24309.1,57.49,67.68857142857144,Waiting
2024-07-04 16:15:00,24304.65,60.08,67.73214285714286,Waiting
2024-07-05 08:15:00,24213.35,40.46,66.145,Waiting
2024-07-05 09:15:00,24226.05,44.15,65.47571428571429,Waiting
2024-07-05 10:15:00,24233.2,39.67,63.39214285714286,Waiting
2024-07-05 11:15:00,24273.1,46.73,62.11928571428571,Waiting
2024-07-05 12:15:00,24253.5,44.8,60.185,Waiting
2024-07-05 13:15:00,24247.9,28.61,56.25571428571429,Waiting
2024-07-05 14:15:00,24342.05,45.59,53.535000000000004,
2024-07-05 15:15:00,24338.1,50.53,51.79071428571429,
2024-07-05 16:15:00,24316.75,47.9,49.89785714285715,
2024-07-08 08:15:00,24329.45,48.25,47.885,
2024-07-08 09:15:00,24299.1,44.71,46.82285714285714,
2024-07-09 09:15:00,24362.95,57.29,46.87571428571429,
2024-07-09 10:15:00,24382.9,58.64,46.957857142857144,
2024-07-09 11:15:00,24388.2,59.76,46.935,
2024-07-09 12:15:00,24423.0,78.23,49.63285714285714,
2024-07-09 13:15:00,24431.9,78.0,52.050714285714285,
2024-07-09 14:15:00,24434.05,77.7,54.76714285714286,
2024-07-09 15:15:00,24426.9,73.32,56.666428571428575,
2024-07-09 16:15:00,24417.25,75.6,58.86642857142857,
2024-07-10 08:15:00,24459.85,79.7,62.51571428571428,
2024-07-10 09:15:00,24330.75,48.56,62.72785714285715,
2024-07-10 10:15:00,24211.45,37.51,61.79785714285714,
2024-07-10 11:15:00,24265.1,45.21,61.605714285714285,
2024-07-10 12:15:00,24279.4,45.37,61.4,
2024-07-10 13:15:00,24238.25,44.49,61.384285714285724,
2024-07-10 14:15:00,24330.85,47.24,60.66642857142857,
2024-07-10 15:15:00,24323.25,44.75,59.67428571428571,
2024-07-10 16:15:00,24312.4,43.39,58.505,
2024-07-11 08:15:00,24396.55,47.88,56.33714285714286,
2024-07-11 09:15:00,24286.1,39.94,53.61857142857143,
2024-07-11 10:15:00,24256.2,38.18,50.79571428571429,
2024-07-11 11:15:00,24264.2,39.2,48.35857142857143,
2024-07-11 12:15:00,24298.05,42.33,45.982142857142854,
2024-07-11 13:15:00,24306.8,39.71,43.12571428571429,
2024-07-11 14:15:00,24328.65,49.84,43.21714285714285,
2024-07-11 15:15:00,24344.65,62.49,45.00142857142857,
2024-07-11 16:15:00,24338.5,57.56,45.88357142857143,
2024-07-12 08:15:00,24387.95,60.42,46.958571428571425,
2024-07-12 09:15:00,24362.9,62.35,48.23428571428572,
2024-07-12 10:15:00,24538.25,67.65,49.69214285714286,
2024-07-12 11:15:00,24516.4,66.05,51.21357142857143,
2024-07-12 12:15:00,24518.5,67.38,52.92714285714286,
2024-07-12 13:15:00,24574.65,65.76,54.20428571428572,
2024-07-12 14:15:00,24491.15,69.06,56.284285714285716,
2024-07-12 15:15:00,24506.8,73.93,58.837857142857146,
2024-07-12 16:15:00,24512.4,73.81,61.31,
2024-07-15 08:15:00,24587.6,75.73,63.69571428571429,
2024-07-15 09:15:00,24562.0,72.02,66.00357142857142,
2024-07-15 10:15:00,24581.0,71.88,67.57785714285714,
2024-07-15 11:15:00,24598.9,71.97,68.25500000000001,
2024-07-15 12:15:00,24614.8,73.48,69.39214285714286,
2024-07-15 13:15:00,24594.45,68.46,69.96642857142857,
2024-07-15 14:15:00,24584.5,70.36,70.53857142857143,
2024-07-15 15:15:00,24585.85,56.43,69.73714285714286,
2024-07-15 16:15:00,24588.35,60.26,69.32357142857143,
2024-07-16 08:15:00,24615.9,62.95,69.00714285714285,
2024-07-16 09:15:00,24634.4,58.82,68.51142857142857,
2024-07-16 10:15:00,24654.05,79.65,69.26785714285714,
2024-07-16 11:15:00,24640.5,74.52,69.30999999999999,
2024-07-16 12:15:00,24652.9,75.14,69.405,
2024-07-16 13:15:00,24625.1,58.08,68.14428571428572,
2024-07-16 14:15:00,24604.3,59.31,67.23642857142858,
2024-07-16 15:15:00,24614.4,57.65,66.22,
2024-07-16 16:15:00,24601.1,50.51,64.68714285714286,
2024-07-18 08:15:00,24543.8,36.08,62.01571428571429,
2024-07-18 09:15:00,24655.5,58.81,61.32642857142857,
2024-07-18 10:15:00,24537.35,44.81,59.50142857142857,
2024-07-18 11:15:00,24607.8,52.1,59.192142857142855,
2024-07-18 12:15:00,24711.6,59.86,59.16357142857142,
2024-07-18 13:15:00,24819.9,64.45,59.27071428571429,
2024-07-18 14:15:00,24801.7,61.86,59.487857142857145,
2024-07-18 15:15:00,24800.55,60.66,58.13142857142857,
2024-07-18 16:15:00,24779.35,59.99,57.09357142857143,
2024-07-19 08:15:00,24853.8,63.27,56.24571428571429,
2024-07-19 09:15:00,24685.85,53.39,55.910714285714285,
2024-07-19 10:15:00,24661.55,53.18,55.472857142857144,
2024-07-19 11:15:00,24661.75,52.66,55.11642857142857,
2024-07-19 12:15:00,24612.8,50.63,55.125,
2024-07-19 13:15:00,24570.65,51.47,56.22428571428572,
2024-07-19 14:15:00,24530.4,42.55,55.06285714285714,
2024-07-19 15:15:00,24528.8,49.41,55.39142857142856,
2024-07-19 16:15:00,24525.85,43.75,54.795,
2024-07-22 08:15:00,24445.75,28.96,52.587857142857146,Buy
2024-07-22 09:15:00,24556.0,29.18,50.068571428571424,Hold
2024-07-22 10:15:00,24532.05,28.92,47.715714285714284,Hold
2024-07-22 11:15:00,24522.95,28.56,45.42285714285714,Hold
2024-07-22 12:15:00,24487.8,27.96,43.135,Hold
2024-07-22 13:15:00,24498.25,20.24,40.06142857142857,Hold
2024-07-22 14:15:00,24515.7,30.96,38.45928571428572,Hold
2024-07-22 15:15:00,24512.65,32.51,36.98285714285714,Hold
2024-07-22 16:15:00,24515.9,32.99,35.57785714285714,Hold
2024-07-23 08:15:00,24568.9,44.93,35.17071428571428,Hold
2024-07-23 09:15:00,24449.15,38.1,34.215714285714284,Hold
2024-07-23 10:15:00,24542.55,51.08,34.825,Hold
2024-07-23 11:15:00,24469.3,45.32,34.53285714285714,Hold
2024-07-23 12:15:00,24279.65,35.02,33.909285714285716,Hold
2024-07-23 13:15:00,24459.9,50.77,35.46714285714286,Hold
2024-07-23 14:15:00,24460.65,44.13,36.535000000000004,Hold
2024-07-23 15:15:00,24465.65,45.82,37.74214285714286,Hold
2024-07-23 16:15:00,24476.4,47.07,39.064285714285724,Hold
2024-07-24 08:15:00,24444.95,47.29,40.445,Hold
2024-07-24 09:15:00,24441.15,46.36,42.31071428571429,Hold
2024-07-24 10:15:00,24432.0,44.61,43.28571428571429,Hold
2024-07-24 11:15:00,24379.85,41.96,43.96071428571428,Hold
2024-07-24 12:15:00,24362.0,40.84,44.52142857142858,Hold
2024-07-24 13:15:00,24324.45,35.18,43.824999999999996,Hold
2024-07-24 14:15:00,24407.4,47.35,44.48571428571428,Hold
2024-07-24 15:15:00,24440.0,42.95,43.90500000000001,Hold
2024-07-24 16:15:00,24441.9,47.91,44.089999999999996,Hold
2024-07-25 08:15:00,24230.95,46.4,44.902857142857144,Hold
2024-07-25 09:15:00,24294.95,35.29,43.797142857142866,Hold
2024-07-25 10:15:00,24324.2,38.42,43.38928571428572,Hold
2024-07-25 11:15:00,24362.95,41.76,43.09928571428571,Hold
2024-07-25 12:15:00,24382.3,42.55,42.77642857142856,Hold
2024-07-25 13:15:00,24421.35,48.15,42.837857142857146,Hold
2024-07-25 14:15:00,24397.5,46.69,42.86142857142857,Hold
2024-07-25 15:15:00,24410.85,48.41,43.132857142857134,Hold
2024-07-25 16:15:00,24415.0,52.86,43.91142857142857,Hold
2024-07-26 08:15:00,24423.35,55.06,44.92714285714286,Hold
2024-07-26 09:15:00,24578.7,67.56,47.24,Hold
2024-07-26 10:15:00,24644.8,66.79,48.62857142857143,Hold
2024-07-26 11:15:00,24639.0,64.63,50.17714285714286,Hold
2024-07-26 12:15:00,24775.55,70.47,51.78857142857142,Sell
2024-07-26 13:15:00,24797.8,95.26,55.27857142857143,Waiting
2024-07-26 14:15:00,24849.05,95.17,59.55571428571428,Waiting
2024-07-26 15:15:00,24835.0,92.69,63.43214285714286,Waiting
2024-07-26 16:15:00,24851.75,92.42,67.05071428571429,Waiting
2024-07-29 08:15:00,24943.3,93.26,70.67285714285715,Waiting
2024-07-30 08:15:00,24839.4,79.31,72.89857142857143,Waiting
2024-07-30 09:15:00,24851.65,82.36,75.44642857142857,Waiting
2024-07-30 10:15:00,24926.7,83.79,77.97357142857143,Waiting
2024-07-30 11:15:00,24936.3,83.9,80.19071428571428,Waiting
2024-07-30 12:15:00,24936.95,83.74,82.23928571428571,Waiting
2024-07-30 13:15:00,24929.15,78.56,83.025,Waiting
2024-07-30 14:15:00,24847.5,66.11,82.97642857142857,Waiting
2024-07-30 15:15:00,24841.1,66.05,83.07785714285714,Waiting
2024-07-30 16:15:00,24840.9,56.62,82.08857142857143,Waiting
2024-07-31 08:15:00,24886.7,58.6,79.47,Waiting
2024-07-31 09:15:00,24940.1,58.77,76.87,Waiting
2024-07-31 10:15:00,24923.0,58.43,74.42285714285715,Waiting
2024-07-31 11:15:00,24936.3,58.15,71.975,Waiting
2024-07-31 12:15:00,24937.05,49.27,68.83285714285714,Waiting
2024-07-31 13:15:00,24926.3,62.98,67.66642857142857,Waiting
2024-07-31 14:15:00,24945.8,63.77,66.33857142857143,Waiting
2024-07-31 15:15:00,24961.75,56.2,64.36785714285715,Waiting
2024-07-31 16:15:00,24979.3,57.39,62.47428571428571,Waiting
2024-08-01 08:15:00,25030.95,63.75,61.04642857142857,Waiting
2024-08-01 09:15:00,25037.05,65.86,60.13928571428572,Waiting
2024-08-01 10:15:00,25033.45,85.48,61.52285714285715,Waiting
2024-08-01 11:15:00,24989.95,74.88,62.153571428571425,Waiting
2024-08-01 12:15:00,24999.35,75.69,63.51571428571429,Waiting
2024-08-01 13:15:00,24981.95,67.01,64.11642857142857,Waiting
2024-08-01 14:15:00,25018.25,64.87,64.55214285714285,Waiting
2024-08-01 15:15:00,25021.6,69.79,65.36357142857143,Waiting
2024-08-01 16:15:00,25006.0,63.86,65.77142857142857,Waiting
2024-08-02 08:15:00,24789.0,34.17,64.69285714285715,Waiting
2024-08-02 09:15:00,24778.9,34.22,62.63857142857143,Waiting
2024-08-02 10:15:00,24805.05,35.14,60.59357142857143,Waiting
2024-08-02 11:15:00,24788.7,31.75,58.847142857142856,Waiting
2024-08-02 12:15:00,24770.5,28.01,56.74857142857143,Waiting
2024-08-02 13:15:00,24770.55,19.23,53.56857142857143,Buy
2024-08-02 14:15:00,24727.9,16.37,50.03357142857143,Hold
2024-08-02 15:15:00,24732.9,17.41,45.17142857142857,Hold
2024-08-02 16:15:00,24699.45,17.79,41.09357142857142,Hold
2024-08-05 08:15:00,24302.85,8.45,36.29071428571429,Hold
2024-08-05 09:15:00,24292.15,8.52,32.112857142857145,Hold
2024-08-05 10:15:00,24020.75,3.24,27.710714285714285,Hold
2024-08-05 11:15:00,24038.45,4.52,23.048571428571424,Hold
2024-08-05 12:15:00,24021.6,4.52,18.810000000000002,Hold
2024-08-05 13:15:00,24085.65,12.15,17.237142857142857,Hold
2024-08-05 14:15:00,24048.85,11.82,15.637142857142859,Hold
2024-08-05 15:15:00,24055.55,9.98,13.840000000000002,Hold
2024-08-05 16:15:00,24051.8,10.12,12.295,Hold
2024-08-06 08:15:00,24189.85,22.18,11.87857142857143,Hold
2024-08-06 09:15:00,24282.85,28.55,12.544285714285715,Hold
2024-08-06 10:15:00,24225.8,28.19,13.388571428571428,Hold
2024-08-06 11:15:00,24235.55,28.49,14.180000000000001,Hold
2024-08-06 12:15:00,24163.4,27.56,14.877857142857144,Hold
2024-08-06 13:15:00,24022.9,35.08,16.779999999999998,Hold
2024-08-06 14:15:00,23973.55,33.7,18.578571428571426,Hold
2024-08-06 15:15:00,24002.2,48.74,21.828571428571426,Hold
2024-08-06 16:15:00,24033.05,49.64,25.051428571428573,Hold
2024-08-07 08:15:00,24289.4,63.57,29.26928571428572,Hold
2024-08-07 09:15:00,24209.4,56.17,32.41357142857142,Hold
2024-08-07 10:15:00,24247.65,59.9,35.847857142857144,Hold
2024-08-07 11:15:00,24224.15,58.25,39.29571428571428,Hold
2024-08-07 12:15:00,24232.2,58.8,42.77285714285715,Hold
2024-08-07 13:15:00,24246.6,53.15,44.985,Hold
2024-08-07 14:15:00,24309.95,51.55,46.62785714285714,Hold
2024-08-07 15:15:00,24305.65,54.87,48.53357142857142,Hold
2024-08-07 16:15:00,24316.05,54.91,50.42071428571429,Hold
2024-08-08 08:15:00,24248.55,55.22,52.396428571428565,Hold
2024-08-08 09:15:00,24161.15,59.07,54.11,Hold
2024-08-08 10:15:00,24186.35,64.41,56.30357142857143,Hold
2024-08-08 11:15:00,24306.6,68.34,57.70357142857143,Hold
2024-08-08 12:15:00,24160.35,56.73,58.21,Hold
2024-08-08 13:15:00,24154.6,40.3,56.54785714285714,Hold
2024-08-08 14:15:00,24115.2,42.8,55.59285714285714,Hold
2024-08-08 15:15:00,24083.35,37.31,53.979285714285716,Hold
2024-08-08 16:15:00,24098.7,40.19,52.68928571428571,Hold
2024-08-09 08:15:00,24386.85,58.41,52.66142857142857,Hold
2024-08-09 09:15:00,24356.45,55.87,52.855714285714285,Hold
2024-08-09 10:15:00,24345.2,52.0,52.88785714285715,Hold
2024-08-09 11:15:00,24351.75,52.6,52.72571428571428,Hold
2024-08-09 12:15:00,24351.4,52.02,52.519285714285715,Hold
2024-08-09 13:15:00,24386.45,58.18,52.730714285714285,Hold
2024-08-09 14:15:00,24371.05,63.61,53.055,Hold
2024-08-09 15:15:00,24373.65,62.51,52.919285714285714,Hold
2024-08-09 16:15:00,24364.4,54.53,51.93285714285714,Hold
2024-08-12 08:15:00,24320.05,64.91,52.51714285714285,Hold
2024-08-12 09:15:00,24252.15,58.16,53.792857142857144,Hold
2024-08-12 10:15:00,24434.8,71.56,55.847142857142856,Sell
2024-08-12 11:15:00,24388.1,70.16,58.193571428571424,Waiting
2024-08-12 12:15:00,24404.65,70.2,60.33714285714286,Waiting
2024-08-12 13:15:00,24435.3,54.85,60.082857142857144,Waiting
2024-08-12 14:15:00,24345.7,49.04,59.59499999999999,Waiting
2024-08-12 15:15:00,24358.95,51.23,59.54,Waiting
2024-08-12 16:15:00,24348.8,49.74,59.33571428571429,Waiting
2024-08-13 08:15:00,24342.35,49.21,59.135000000000005,Waiting
2024-08-13 09:15:00,24330.1,44.86,58.183571428571426,Waiting
2024-08-13 10:15:00,24313.35,44.75,56.83642857142856,Waiting
2024-08-13 11:15:00,24296.0,43.11,55.450714285714284,Waiting
2024-08-13 12:15:00,24238.1,39.69,54.39071428571429,Waiting
2024-08-13 13:15:00,24152.9,37.21,52.412142857142854,Waiting
2024-08-13 14:15:00,24122.9,39.5,51.07928571428571,Waiting
2024-08-13 15:15:00,24135.4,16.38,47.13785714285715,Waiting
2024-08-13 16:15:00,24141.2,19.47,43.51714285714286,Buy
2024-08-14 08:15:00,24184.4,24.45,40.24928571428571,Hold
2024-08-14 09:15:00,24147.65,17.1,37.55285714285714,Hold
2024-08-14 10:15:00,24135.45,20.78,35.534285714285716,Hold
2024-08-14 11:15:00,24164.8,24.17,33.60142857142857,Hold
2024-08-14 12:15:00,24179.35,27.72,32.028571428571425,Hold
2024-08-14 13:15:00,24170.75,27.56,30.482142857142858,Hold
2024-08-14 14:15:00,24133.0,25.84,29.12357142857143,Hold
2024-08-14 15:15:00,24150.65,30.1,28.077142857142857,Hold
2024-08-14 16:15:00,24143.7,30.89,27.20428571428571,Hold
2024-08-16 08:15:00,24334.85,59.1,28.590714285714284,Hold
2024-08-16 09:15:00,24295.0,64.61,30.547857142857143,Hold
2024-08-16 10:15:00,24234.35,60.78,32.06785714285714,Hold
2024-08-16 11:15:00,24419.8,70.61,35.941428571428574,Sell
2024-08-16 12:15:00,24442.8,71.33,39.645714285714284,Waiting
2024-08-16 13:15:00,24516.0,72.49,43.07714285714286,Waiting
2024-08-16 14:15:00,24554.35,77.53,47.39357142857143,Waiting
2024-08-16 15:15:00,24543.8,77.7,51.45928571428572,Waiting
2024-08-16 16:15:00,24539.2,76.28,55.18142857142857,Waiting
2024-08-19 09:15:00,24580.45,77.14,58.71142857142856,Waiting
2024-08-19 10:15:00,24543.95,74.33,62.05214285714286,Waiting
2024-08-19 11:15:00,24570.0,78.93,65.8442857142857,Waiting
2024-08-19 12:15:00,24590.45,79.01,69.33785714285715,Waiting
2024-08-19 13:15:00,24572.35,77.87,72.69357142857143,Waiting
2024-08-19 14:15:00,24571.45,70.44,73.50357142857145,Waiting
2024-08-19 15:15:00,24579.75,76.01,74.31785714285715,Waiting
2024-08-19 16:15:00,24579.0,85.35,76.07285714285715,Waiting
2024-08-20 08:15:00,24648.9,80.8,76.80071428571429,Waiting
2024-08-20 09:15:00,24722.6,83.1,77.64142857142858,Waiting
2024-08-20 10:15:00,24707.5,76.27,77.91142857142857,Waiting
2024-08-20 11:15:00,24708.95,73.6,77.63071428571428,Waiting
2024-08-20 12:15:00,24727.1,77.34,77.605,Waiting
2024-08-20 13:15:00,24719.45,76.64,77.63071428571428,Waiting
2024-08-20 14:15:00,24698.1,68.48,77.01214285714286,Waiting
2024-08-20 15:15:00,24689.7,75.11,77.06785714285715,Waiting
2024-08-20 16:15:00,24672.85,68.3,76.30857142857143,Waiting
2024-08-21 08:15:00,24680.55,66.79,75.4357142857143,Waiting
2024-08-21 09:15:00,24712.75,74.86,75.22071428571428,Waiting
2024-08-21 10:15:00,24693.5,70.29,75.21000000000001,Waiting
2024-08-21 11:15:00,24724.0,72.33,74.94714285714285,Waiting
2024-08-21 12:15:00,24727.8,72.82,74.05214285714285,Waiting
2024-08-21 13:15:00,24739.85,66.96,73.06357142857142,Waiting
2024-08-21 14:15:00,24767.05,60.03,71.41571428571429,Waiting
2024-08-21 15:15:00,24782.25,66.85,70.74285714285715,Waiting
2024-08-21 16:15:00,24780.15,66.01,70.20071428571428,Waiting
2024-08-22 08:15:00,24863.4,73.7,69.94071428571428,Waiting
2024-08-22 09:15:00,24813.75,64.31,69.05999999999999,Waiting
2024-08-22 10:15:00,24824.15,69.78,69.15285714285714,Waiting
2024-08-22 11:15:00,24832.65,72.43,68.96142857142857,Waiting
2024-08-22 12:15:00,24808.15,70.73,69.135,Waiting
2024-08-22 13:15:00,24832.0,72.11,69.515,Waiting
2024-08-22 14:15:00,24810.6,64.75,68.79285714285714,Waiting
2024-08-22 15:15:00,24817.95,69.46,68.73357142857142,Waiting
2024-08-22 16:15:00,24810.9,64.66,68.18571428571428,Waiting
2024-08-23 08:15:00,24845.4,67.98,67.84,Waiting
2024-08-23 09:15:00,24801.5,58.59,67.24214285714287,Waiting
2024-08-23 10:15:00,24833.4,59.13,67.17785714285715,Waiting
2024-08-23 11:15:00,24839.4,58.06,66.55,Waiting
2024-08-23 12:15:00,24839.2,58.38,66.00500000000001,Waiting
2024-08-23 13:15:00,24831.25,44.2,63.89785714285715,Waiting
2024-08-23 14:15:00,24822.7,51.9,63.01142857142857,Waiting
2024-08-23 15:15:00,24831.7,51.61,61.71357142857143,Waiting
2024-08-23 16:15:00,24831.85,49.82,60.098571428571425,Waiting
2024-08-26 08:15:00,24906.1,67.74,59.885,Waiting
2024-08-26 09:15:00,25008.35,74.88,60.082857142857144,Waiting
2024-08-26 10:15:00,24982.35,73.92,60.737857142857145,Waiting
2024-08-26 11:15:00,25001.05,74.72,61.113571428571426,Waiting
2024-08-26 12:15:00,25026.55,77.73,62.04714285714285,Waiting
2024-08-26 13:15:00,25009.75,72.14,62.34428571428571,Waiting
2024-08-26 14:15:00,25007.9,81.36,63.97071428571429,Waiting
2024-08-26 15:15:00,25007.55,79.26,65.40857142857142,Waiting
2024-08-26 16:15:00,25011.45,79.12,66.91285714285713,Waiting
2024-08-27 08:15:00,25024.8,80.07,68.46214285714287,Waiting
2024-08-27 09:15:00,25013.55,79.22,70.96357142857143,Waiting
2024-08-27 10:15:00,25037.85,82.83,73.17285714285715,Waiting
2024-08-27 11:15:00,25045.6,82.77,75.39857142857143,Waiting
2024-08-27 12:15:00,25059.05,83.44,77.8,Waiting
2024-08-27 13:15:00,25052.65,76.95,78.45785714285715,Waiting
2024-08-27 14:15:00,25024.6,54.11,76.97428571428573,Waiting
2024-08-27 15:15:00,25012.1,58.08,75.84285714285714,Waiting
2024-08-27 16:15:00,24997.05,48.89,73.99785714285714,Waiting
2024-08-28 08:15:00,25030.8,51.13,72.09785714285714,Waiting
2024-08-28 09:15:00,25010.95,50.31,70.53857142857143,Waiting
2024-08-28 10:15:00,25038.85,57.1,68.80571428571429,Waiting
2024-08-28 11:15:00,25086.8,64.93,67.78214285714286,Waiting
2024-08-28 12:15:00,25101.8,66.34,66.86928571428572,Waiting
2024-08-28 13:15:00,25121.3,67.07,65.94071428571428,Waiting
2024-08-28 14:15:00,25050.45,55.39,64.23857142857142,Waiting
2024-08-28 15:15:00,25042.45,50.71,61.94428571428572,Waiting
2024-08-28 16:15:00,25044.85,49.88,59.595000000000006,Waiting
2024-08-29 08:15:00,25035.3,46.25,56.93857142857143,Waiting
2024-08-29 09:15:00,25097.4,56.01,55.44285714285714,Waiting
2024-08-29 10:15:00,25098.05,60.64,55.909285714285716,Waiting
2024-08-29 11:15:00,25088.05,61.09,56.12428571428571,Waiting
2024-08-29 12:15:00,25153.45,69.9,57.625,Waiting
2024-08-29 13:15:00,25077.05,55.31,57.923571428571435,Waiting
2024-08-29 14:15:00,25130.05,62.71,58.80928571428571,Waiting
2024-08-29 15:15:00,25142.3,61.42,59.11785714285715,Waiting
2024-08-29 16:15:00,25156.75,58.34,58.64714285714286,Waiting
2024-08-30 08:15:00,25249.7,64.86,58.54142857142857,Waiting
2024-08-30 09:15:00,25218.85,59.59,58.00714285714286,Waiting
2024-08-30 10:15:00,25239.1,70.58,59.09214285714286,Waiting
2024-08-30 11:15:00,25246.3,72.28,60.63285714285714,Waiting
2024-08-30 12:15:00,25242.25,71.5,62.17714285714286,Waiting
2024-08-30 13:15:00,25246.2,73.25,64.10571428571428,Waiting
2024-08-30 14:15:00,25242.4,68.35,64.98714285714286,Waiting
2024-08-30 15:15:00,25241.65,68.16,65.52428571428571,Waiting
2024-08-30 16:15:00,25247.0,70.34,66.185,Waiting
2024-09-02 08:15:00,25333.6,71.87,66.32571428571428,Waiting
2024-09-02 09:15:00,25305.2,81.35,68.18571428571428,Waiting
2024-09-02 10:15:00,25315.4,78.87,69.34,Waiting
2024-09-02 11:15:00,25300.5,74.44,70.27,Waiting
2024-09-02 12:15:00,25255.7,63.97,70.67214285714286,Waiting
2024-09-02 13:15:00,25275.75,54.63,69.94142857142857,Waiting
2024-09-02 14:15:00,25280.1,62.03,70.11571428571429,Waiting
2024-09-02 15:15:00,25277.9,58.2,69.23142857142857,Waiting
2024-09-02 16:15:00,25273.9,55.91,68.06214285714286,Waiting
2024-09-03 08:15:00,25313.4,63.23,67.47142857142858,Waiting
2024-09-03 09:15:00,25265.25,53.04,66.02785714285714,Waiting
2024-09-03 10:15:00,25243.85,50.22,64.73285714285714,Waiting
2024-09-03 11:15:00,25259.45,52.58,63.620000000000005,Waiting
2024-09-03 12:15:00,25282.7,54.91,62.517857142857146,Waiting
2024-09-03 13:15:00,25272.05,39.29,60.190714285714286,Waiting
2024-09-03 14:15:00,25276.3,44.51,57.55928571428571,Waiting
2024-09-03 15:15:00,25275.8,42.19,54.93928571428571,Waiting
2024-09-03 16:15:00,25268.85,43.56,52.73357142857143,Waiting
2024-09-04 08:15:00,25089.95,28.18,50.17714285714286,Waiting
2024-09-04 09:15:00,25152.45,35.4,48.80357142857143,
2024-09-04 10:15:00,25128.7,32.86,46.720000000000006,
2024-09-04 11:15:00,25134.15,33.84,44.98,
2024-09-04 12:15:00,25153.2,36.88,43.62071428571429,
2024-09-04 13:15:00,25163.65,32.62,41.43428571428571,
2024-09-04 14:15:00,25210.1,43.57,40.75785714285714,
2024-09-04 15:15:00,25205.65,45.37,40.41142857142857,
2024-09-04 16:15:00,25206.35,43.32,39.75,
2024-09-05 08:15:00,25250.5,46.15,39.12428571428571,
2024-09-05 09:15:00,25218.1,43.87,39.45142857142857,
2024-09-06 09:15:00,24921.1,25.76,38.112142857142864,Buy
2024-09-06 10:15:00,24867.0,24.0,36.81285714285714,Hold
2024-09-06 11:15:00,24936.25,30.4,35.87285714285714,Hold
2024-09-06 12:15:00,24862.0,34.68,36.33714285714286,Hold
2024-09-06 13:15:00,24865.6,29.06,35.88428571428572,Hold
2024-09-06 14:15:00,24853.05,29.55,35.64785714285715,Hold
2024-09-06 15:15:00,24865.85,30.31,35.395714285714284,Hold
2024-09-06 16:15:00,24868.5,28.59,34.80357142857143,Hold
2024-09-09 08:15:00,24823.4,25.68,34.307857142857145,Hold
2024-09-09 09:15:00,24826.5,20.77,32.67928571428571,Hold
2024-09-09 10:15:00,24894.15,28.35,31.46357142857143,Hold
2024-09-09 11:15:00,24851.95,26.71,30.277142857142856,Hold
2024-09-09 12:15:00,24882.15,25.34,28.79071428571429,Hold
2024-09-09 13:15:00,24893.45,27.63,27.630714285714287,Hold
2024-09-09 14:15:00,24940.55,52.04,29.507857142857144,Hold
2024-09-09 15:15:00,24943.2,58.98,32.00642857142857,Hold
2024-09-09 16:15:00,24942.25,50.84,33.46642857142857,Hold
2024-09-10 08:15:00,24999.4,70.27,36.00857142857143,Sell
2024-09-10 09:15:00,24915.05,55.89,37.925,Waiting
2024-09-10 10:15:00,24981.55,63.56,40.354285714285716,Waiting
2024-09-10 11:15:00,25023.0,65.64,42.87785714285714,Waiting
2024-09-10 12:15:00,25098.55,70.0,45.83571428571429,Waiting
2024-09-10 13:15:00,25114.0,76.63,49.475,Waiting
2024-09-10 14:15:00,25042.95,67.64,52.82285714285714,Waiting
2024-09-10 15:15:00,25051.3,64.18,55.38214285714286,Waiting
2024-09-10 16:15:00,25052.1,69.51,58.43928571428571,Waiting
2024-09-11 08:15:00,25034.0,65.16,61.28357142857143,Waiting
2024-09-11 09:15:00,25055.95,65.89,64.01642857142858,Waiting
2024-09-11 10:15:00,25086.05,64.71,64.92142857142856,Waiting
2024-09-11 11:15:00,25093.3,65.04,65.35428571428572,Waiting
2024-09-11 12:15:00,25059.55,61.03,66.08214285714286,Waiting
2024-09-11 13:15:00,24937.55,44.82,64.26428571428572,Waiting
2024-09-11 14:15:00,24900.65,48.69,63.75,Waiting
2024-09-11 15:15:00,24932.5,45.23,62.440714285714286,Waiting
2024-09-11 16:15:00,24951.8,42.77,60.80714285714286,Waiting
2024-09-12 08:15:00,25059.65,46.29,59.11357142857143,Waiting
2024-09-12 09:15:00,25017.2,41.23,56.585,Waiting
2024-09-12 10:15:00,25008.3,46.46,55.07214285714286,Waiting
2024-09-12 11:15:00,25011.2,45.86,53.763571428571424,Waiting
2024-09-12 12:15:00,24996.35,44.4,51.96999999999999,Waiting
2024-09-12 13:15:00,25204.7,62.4,51.77285714285714,Waiting
2024-09-12 14:15:00,25414.95,70.47,52.1,Waiting
2024-09-12 15:15:00,25348.2,64.35,52.074285714285715,Waiting
2024-09-12 16:15:00,25314.95,61.8,51.84285714285714,Waiting
2024-09-13 08:15:00,25430.45,68.16,52.35214285714286,Waiting
2024-09-13 09:15:00,25326.0,69.35,54.10428571428571,Waiting
2024-09-13 10:15:00,25382.35,73.54,55.87928571428572,Waiting
2024-09-13 11:15:00,25376.55,72.27,57.81071428571429,Waiting
2024-09-13 12:15:00,25385.15,71.97,59.89642857142858,Waiting
2024-09-13 13:15:00,25385.5,68.54,61.48571428571428,Waiting
2024-09-13 14:15:00,25354.45,69.44,63.50071428571429,Waiting
2024-09-13 15:15:00,25359.0,70.32,65.205,Waiting
2024-09-13 16:15:00,25343.55,68.98,66.85642857142857,Waiting
2024-09-16 08:15:00,25406.65,72.21,68.84285714285714,Waiting
2024-09-16 09:15:00,25409.35,64.25,68.975,Waiting
2024-09-16 10:15:00,25384.15,47.11,67.30642857142857,Waiting
2024-09-16 11:15:00,25353.25,50.51,66.31785714285714,Waiting
2024-09-16 12:15:00,25374.5,56.14,65.91357142857143,Waiting
2024-09-16 13:15:00,25405.1,46.83,64.39,Waiting
2024-09-16 14:15:00,25386.4,59.6,63.69357142857143,Waiting
2024-09-16 15:15:00,25388.65,51.21,62.098571428571425,Waiting
2024-09-16 16:15:00,25377.2,50.12,60.51642857142857,Waiting
2024-09-17 08:15:00,25416.9,55.34,59.32857142857142,Waiting
2024-09-17 09:15:00,25373.9,48.29,57.88214285714286,Waiting
2024-09-17 10:15:00,25401.4,56.98,56.992142857142866,Waiting
2024-09-17 11:15:00,25412.55,57.81,56.098571428571425,Waiting
2024-09-17 12:15:00,25425.7,62.06,55.604285714285716,Waiting
2024-09-17 13:15:00,25426.2,53.52,54.269285714285715,Waiting
2024-09-17 14:15:00,25418.45,51.61,53.36642857142857,Waiting
2024-09-17 15:15:00,25407.15,54.27,53.877857142857145,Waiting
2024-09-17 16:15:00,25407.15,61.31,54.64928571428572,Waiting
2024-09-18 08:15:00,25402.4,56.29,54.660000000000004,Waiting
2024-09-18 09:15:00,25413.9,52.17,55.041428571428575,Waiting
2024-09-18 10:15:00,25461.25,66.18,55.511428571428574,Waiting
2024-09-18 11:15:00,25462.7,66.06,56.57214285714286,Waiting
2024-09-18 12:15:00,25374.4,49.54,56.53071428571428,Waiting
2024-09-18 13:15:00,25343.05,37.65,55.26714285714286,Waiting
2024-09-18 14:15:00,25382.35,51.43,55.49142857142857,Waiting
2024-09-18 15:15:00,25360.55,42.95,54.48928571428572,Waiting
2024-09-18 16:15:00,25343.45,38.31,53.096428571428575,Waiting
2024-09-19 08:15:00,25487.05,57.2,52.74928571428571,Waiting
2024-09-19 09:15:00,25513.05,59.62,53.185,Waiting
2024-09-19 10:15:00,25506.05,59.72,53.76428571428571,Waiting
2024-09-19 11:15:00,25442.2,53.48,53.707857142857144,Waiting
2024-09-19 12:15:00,25395.85,48.97,52.82642857142857,Waiting
2024-09-19 13:15:00,25402.4,50.0,52.37714285714286,Waiting
2024-09-19 14:15:00,25426.25,51.1,52.300714285714285,Waiting
2024-09-19 15:15:00,25438.4,47.84,50.990714285714276,Waiting
2024-09-19 16:15:00,25445.0,48.34,49.725,Waiting
2024-09-20 08:15:00,25525.95,64.39,50.785714285714285,Waiting
2024-09-20 09:15:00,25553.55,70.14,53.10642857142857,Waiting
2024-09-20 10:15:00,25702.25,75.3,54.81142857142857,Waiting
2024-09-20 11:15:00,25710.1,78.27,57.33428571428571,Waiting
2024-09-20 12:15:00,25786.05,82.69,60.50428571428571,Waiting
2024-09-20 13:15:00,25674.9,64.57,61.03071428571428,Waiting
2024-09-20 14:15:00,25792.85,69.0,61.700714285714284,Waiting
2024-09-20 15:15:00,25822.6,70.85,62.49571428571429,Waiting
2024-09-20 16:15:00,25820.35,77.1,64.18285714285715,Waiting
2024-09-23 08:15:00,25872.55,83.88,66.67642857142857,Waiting
2024-09-23 09:15:00,25897.05,84.28,69.125,Waiting
2024-09-23 10:15:00,25881.45,81.91,71.32571428571428,Waiting
2024-09-23 11:15:00,25867.25,79.98,73.62142857142858,Waiting
2024-09-23 12:15:00,25883.6,80.25,75.90071428571427,Waiting
2024-09-23 13:15:00,25907.2,78.55,76.91214285714285,Waiting
2024-09-23 14:15:00,25938.75,78.68,77.52214285714285,Waiting
2024-09-23 15:15:00,25933.55,71.9,77.2792857142857,Waiting
2024-09-23 16:15:00,25930.15,71.01,76.76071428571429,Waiting
2024-09-24 08:15:00,25921.45,64.83,75.485,Waiting
2024-09-24 09:15:00,25956.15,87.01,77.08785714285715,Waiting
2024-09-24 10:15:00,25948.95,78.99,77.80142857142857,Waiting
2024-09-24 11:15:00,25921.55,68.54,77.63642857142858,Waiting
2024-09-24 12:15:00,25964.35,73.42,77.37357142857142,Waiting
2024-09-24 13:15:00,25973.4,69.08,76.31642857142857,Waiting
2024-09-24 14:15:00,25944.15,58.75,74.49285714285715,Waiting
2024-09-24 15:15:00,25948.15,62.96,73.13928571428572,Waiting
2024-09-24 16:15:00,25951.9,67.14,72.22214285714286,Waiting
2024-09-25 08:15:00,25899.45,52.8,70.26142857142857,Waiting
2024-09-25 09:15:00,25939.15,55.34,68.60357142857143,Waiting
2024-09-26 09:15:00,26063.55,65.92,67.69214285714285,Waiting
2024-09-26 10:15:00,26073.3,67.62,67.38642857142858,Waiting
2024-09-26 11:15:00,26095.6,69.91,67.30785714285715,Waiting
2024-09-26 12:15:00,26091.8,70.75,67.73071428571428,Waiting
2024-09-26 13:15:00,26087.2,67.22,66.31714285714285,Waiting
2024-09-26 14:15:00,26207.55,76.2,66.11785714285715,Waiting
2024-09-26 15:15:00,26208.6,80.72,66.98785714285715,Waiting
2024-09-26 16:15:00,26184.65,74.57,67.07000000000001,Waiting
2024-09-27 08:15:00,26248.25,77.32,67.65857142857143,Waiting
2024-09-27 09:15:00,26262.25,82.61,69.36285714285715,Waiting
2024-09-27 10:15:00,26241.0,79.0,70.50857142857143,Waiting
2024-09-27 11:15:00,26236.75,78.18,71.29714285714286,Waiting
2024-09-27 12:15:00,26189.85,79.05,73.17214285714286,Waiting
2024-09-27 13:15:00,26186.8,76.73,74.7,Waiting
2024-09-27 14:15:00,26195.15,68.95,74.91642857142857,Waiting
2024-09-27 15:15:00,26168.2,63.02,74.58785714285715,Waiting
2024-09-27 16:15:00,26175.0,61.38,73.97857142857143,Waiting
2024-09-30 08:15:00,26061.3,46.68,72.25928571428571,Waiting
2024-09-30 09:15:00,25982.55,40.18,70.32785714285714,Waiting
2024-09-30 10:15:00,25928.65,20.11,66.32142857142857,Waiting
2024-09-30 11:15:00,25895.15,18.59,61.88357142857143,Buy
2024-09-30 12:15:00,25877.1,18.81,57.90071428571429,Hold
2024-09-30 13:15:00,25829.15,6.11,52.81428571428571,Hold
2024-09-30 14:15:00,25812.25,3.15,47.138571428571424,Hold
2024-09-30 15:15:00,25805.1,3.25,41.72785714285714,Hold
2024-09-30 16:15:00,25822.8,6.85,36.63285714285714,Hold
2024-10-01 08:15:00,25788.45,7.03,31.48857142857143,Hold
2024-10-01 09:15:00,25824.05,13.7,26.986428571428572,Hold
2024-10-01 10:15:00,25745.75,10.55,22.815,Hold
2024-10-01 11:15:00,25822.95,22.15,19.895714285714284,Hold
2024-10-01 12:15:00,25793.85,20.32,16.962857142857143,Hold
2024-10-01 13:15:00,25795.4,24.92,15.40857142857143,Hold
2024-10-01 14:15:00,25788.05,28.79,14.594999999999999,Hold
2024-10-01 15:15:00,25802.8,35.0,15.658571428571426,Hold
2024-10-01 16:15:00,25812.55,39.56,17.15642857142857,Hold
2024-10-03 08:15:00,25452.85,21.23,17.329285714285714,Hold
2024-10-03 09:15:00,25528.9,30.39,19.06357142857143,Hold
2024-10-03 10:15:00,25491.95,29.61,20.95357142857143,Hold
2024-10-03 11:15:00,25391.2,26.46,22.611428571428572,Hold
2024-10-03 12:15:00,25349.55,23.8,23.822142857142858,Hold
2024-10-03 13:15:00,25276.55,22.82,24.95,Hold
2024-10-03 14:15:00,25258.45,19.4,25.357142857142858,Hold
2024-10-03 15:15:00,25249.3,20.97,26.101428571428574,Hold
2024-10-03 16:15:00,25266.0,14.95,25.587142857142855,Hold
2024-10-04 08:15:00,25181.9,13.98,25.134285714285713,Hold
2024-10-04 09:15:00,25213.7,16.94,24.564285714285713,Hold
2024-10-04 10:15:00,25332.6,27.03,24.438571428571432,Hold
2024-10-04 11:15:00,25468.85,35.0,24.43857142857143,Hold
2024-10-04 12:15:00,25114.4,26.05,23.47357142857143,Hold
2024-10-04 13:15:00,25045.4,32.54,24.28142857142857,Hold
2024-10-04 14:15:00,25020.95,27.23,24.055714285714288,Hold
2024-10-04 15:15:00,25036.15,29.16,24.023571428571426,Hold
2024-10-04 16:15:00,25049.1,32.99,24.490000000000002,Hold
2024-10-07 08:15:00,25084.1,36.71,25.412142857142857,Hold
2024-10-07 09:15:00,25058.8,38.56,26.53642857142857,Hold
2024-10-07 10:15:00,24889.7,33.27,27.527142857142856,Hold
2024-10-07 11:15:00,24925.85,35.68,28.577857142857145,Hold
2024-10-07 12:15:00,24793.85,31.03,29.726428571428574,Hold
2024-10-07 13:15:00,24763.1,32.42,31.04357142857143,Hold
2024-10-07 14:15:00,24778.15,31.46,32.080714285714286,Hold
2024-10-07 15:15:00,24813.1,26.18,32.019999999999996,Hold
2024-10-07 16:15:00,24819.0,16.16,30.674285714285713,Hold
2024-10-08 08:15:00,24832.2,27.21,30.75714285714286,Hold
2024-10-08 09:15:00,24827.85,30.38,30.602857142857143,Hold
2024-10-08 10:15:00,24937.9,43.51,31.765714285714285,Hold
2024-10-08 11:15:00,24930.3,41.63,32.65642857142858,Hold
2024-10-08 12:15:00,24975.15,44.43,33.473571428571425,Hold
2024-10-08 13:15:00,25036.25,46.53,34.175,Hold
2024-10-08 14:15:00,25010.95,46.53,34.74428571428571,Hold
2024-10-08 15:15:00,25029.15,62.93,36.862857142857145,Hold
2024-10-08 16:15:00,25039.5,61.06,38.675714285714285,Hold
2024-10-09 08:15:00,25065.8,83.33,42.41142857142857,Sell
2024-10-09 09:15:00,25171.0,92.28,46.68714285714285,Waiting
2024-10-09 10:15:00,25215.6,92.72,51.06285714285714,Waiting
2024-10-09 11:15:00,25117.75,76.5,54.65714285714285,Waiting
2024-10-09 12:15:00,25104.35,74.5,58.824285714285715,Waiting
2024-10-09 13:15:00,25109.55,74.14,62.176428571428566,Waiting
2024-10-09 14:15:00,24971.15,60.11,64.3,Waiting
2024-10-09 15:15:00,25008.15,55.53,65.15857142857143,Waiting
2024-10-09 16:15:00,25019.55,56.98,66.255,Waiting
2024-10-10 08:15:00,25067.05,57.16,67.16428571428573,Waiting
2024-10-10 09:15:00,25116.95,56.4,67.86928571428572,Waiting
2024-10-10 10:15:00,25025.05,51.01,68.18928571428572,Waiting
2024-10-10 11:15:00,25032.5,50.24,67.28285714285714,Waiting
2024-10-10 12:15:00,25035.4,49.7,66.47142857142856,Waiting
2024-10-10 13:15:00,25021.3,46.66,63.85214285714286,Waiting
2024-10-10 14:15:00,24998.55,35.24,59.77785714285715,Waiting
2024-10-10 15:15:00,25013.9,31.83,55.42857142857143,Waiting
2024-10-10 16:15:00,25007.55,38.11,52.68642857142857,Waiting
2024-10-11 08:15:00,24985.3,37.4,50.03642857142857,Waiting
2024-10-11 09:15:00,25022.25,41.34,47.69357142857143,Waiting
2024-10-11 10:15:00,24952.5,47.86,46.81857142857143,Waiting
2024-10-11 11:15:00,24945.55,42.28,45.87214285714286,Waiting
2024-10-11 12:15:00,24961.3,42.89,44.86571428571428,Waiting
2024-10-11 13:15:00,24953.35,34.65,43.257857142857134,Waiting
2024-10-11 14:15:00,24962.75,26.62,41.130714285714284,Waiting
2024-10-11 15:15:00,24976.75,40.41,40.37357142857143,
2024-10-11 16:15:00,24975.05,38.33,39.52285714285714,
2024-10-14 08:15:00,25023.45,47.95,39.39785714285714,
2024-10-14 09:15:00,25100.15,61.13,40.43142857142857,
2024-10-14 10:15:00,25101.5,65.46,42.589999999999996,
2024-10-14 11:15:00,25154.6,68.98,45.24357142857143,
2024-10-14 12:15:00,25105.45,61.84,46.93857142857143,
2024-10-14 13:15:00,25133.5,67.68,49.10142857142857,
2024-10-14 14:15:00,25123.2,62.86,50.638571428571424,
2024-10-14 15:15:00,25135.9,77.33,52.743571428571435,
2024-10-14 16:15:00,25142.3,79.37,55.392857142857146,
2024-10-15 08:15:00,25186.3,80.97,58.11285714285714,
2024-10-15 09:15:00,25055.3,60.48,59.957857142857144,
2024-10-15 10:15:00,25072.5,61.11,62.42142857142857,
2024-10-15 11:15:00,25072.15,59.93,63.81571428571429,
2024-10-15 12:15:00,25025.35,54.79,64.99142857142857,
2024-10-15 13:15:00,25046.9,52.35,65.30571428571429,
2024-10-15 14:15:00,25052.65,44.45,64.11428571428571,
2024-10-15 15:15:00,25076.45,47.22,62.81142857142857,
2024-10-15 16:15:00,25065.15,39.05,60.67357142857143,
2024-10-16 08:15:00,25008.55,38.35,58.99571428571428,
2024-10-16 09:15:00,25017.1,35.31,56.68357142857143,
2024-10-17 09:15:00,24831.95,24.5,53.94357142857143,Buy
2024-10-17 10:15:00,24790.95,21.23,49.93642857142857,Hold
2024-10-17 11:15:00,24778.45,19.96,45.692857142857136,Hold
2024-10-17 12:15:00,24786.75,14.94,40.97642857142858,Hold
2024-10-17 13:15:00,24741.9,17.6,37.91357142857144,Hold
2024-10-17 14:15:00,24759.35,17.65,34.809285714285714,Hold
2024-10-17 15:15:00,24751.8,17.39,31.770714285714288,Hold
2024-10-17 16:15:00,24750.2,19.15,29.224999999999998,Hold
2024-10-18 08:15:00,24664.95,12.53,26.380714285714287,Hold
2024-10-18 09:15:00,24671.2,12.61,24.10642857142857,Hold
2024-10-18 10:15:00,24719.35,16.59,21.91857142857143,Hold
2024-10-18 11:15:00,24785.5,26.27,21.005714285714284,Hold
2024-10-18 12:15:00,24820.9,33.49,20.65857142857143,Hold
2024-10-18 13:15:00,24871.0,38.02,20.85214285714286,Hold
2024-10-18 14:15:00,24842.85,51.2,22.759285714285713,Hold
2024-10-18 15:15:00,24875.15,59.48,25.49142857142857,Hold
2024-10-18 16:15:00,24862.65,59.48,28.314285714285713,Hold
2024-10-21 08:15:00,24956.15,66.01,31.962142857142858,Hold
2024-10-21 09:15:00,24804.05,54.88,34.625,Hold
2024-10-21 10:15:00,24808.6,53.95,37.21785714285714,Hold
2024-10-21 11:15:00,24720.95,47.81,39.39071428571429,Hold
2024-10-21 12:15:00,24751.7,50.1,41.60142857142858,Hold
2024-10-21 13:15:00,24819.7,60.81,45.05,Hold
2024-10-21 14:15:00,24791.25,58.14,48.30214285714286,Hold
2024-10-21 15:15:00,24765.3,53.21,50.917857142857144,Hold
2024-10-21 16:15:00,24739.45,46.59,52.369285714285716,Hold
2024-10-22 08:15:00,24798.65,48.41,53.435,Hold
2024-10-22 09:15:00,24757.85,41.8,53.705,Hold
2024-10-22 10:15:00,24729.7,41.8,53.03357142857143,Hold
2024-10-22 11:15:00,24653.7,34.9,51.277857142857144,Hold
2024-10-22 12:15:00,24621.6,34.0,49.457857142857144,Hold
2024-10-22 13:15:00,24632.55,25.87,46.590714285714284,Hold
2024-10-22 14:15:00,24449.35,24.72,44.43642857142857,Hold
2024-10-22 15:15:00,24483.2,27.74,42.564285714285724,Hold
2024-10-22 16:15:00,24481.75,31.45,41.395714285714284,Hold
2024-10-23 08:15:00,24378.15,23.97,39.52928571428571,Hold
2024-10-23 09:15:00,24516.3,30.74,37.38142857142857,Hold
2024-10-23 10:15:00,24557.75,35.42,35.75857142857143,Hold
2024-10-23 11:15:00,24539.35,35.76,34.512142857142855,Hold
2024-10-23 12:15:00,24547.2,37.6,33.87,Hold
2024-10-23 13:15:00,24485.4,29.86,32.545,Hold
2024-10-23 14:15:00,24427.2,29.21,31.645714285714284,Hold
2024-10-23 15:15:00,24424.6,30.18,30.815714285714282,Hold
2024-10-23 16:15:00,24436.0,34.56,30.791428571428572,Hold
2024-10-24 08:15:00,24412.7,35.0,30.86285714285714,Hold
2024-10-24 09:15:00,24445.7,36.99,31.657142857142855,Hold
2024-10-24 10:15:00,24398.0,45.59,33.14785714285715,Hold
2024-10-24 11:15:00,24402.8,42.74,34.21928571428572,Hold
2024-10-24 12:15:00,24395.25,42.27,34.99214285714286,Hold
2024-10-24 13:15:00,24386.3,50.88,36.91428571428571,Hold
2024-10-24 14:15:00,24398.6,32.66,37.05142857142857,Hold
2024-10-24 15:15:00,24405.95,25.13,36.316428571428574,Hold
2024-10-24 16:15:00,24414.6,28.89,35.825714285714284,Hold
2024-10-25 08:15:00,24418.05,27.81,35.126428571428576,Hold
2024-10-25 09:15:00,24237.75,19.77,34.40571428571429,Hold
2024-10-25 10:15:00,24169.0,19.27,33.69571428571429,Hold
2024-10-25 11:15:00,24136.05,17.97,32.823571428571434,Hold
2024-10-25 12:15:00,24126.25,15.5,31.462142857142858,Hold
2024-10-25 13:15:00,24101.6,15.45,30.065714285714286,Hold
2024-10-25 14:15:00,24172.3,21.98,28.993571428571432,Hold
2024-10-25 15:15:00,24219.15,31.64,27.997142857142855,Hold
2024-10-25 16:15:00,24210.85,30.44,27.118571428571432,Hold
2024-10-28 08:15:00,24251.1,36.23,26.687142857142856,Hold
2024-10-28 09:15:00,24291.8,41.49,26.016428571428573,Hold
2024-10-28 10:15:00,24399.35,50.06,27.259285714285717,Hold
2024-10-28 11:15:00,24480.5,55.15,29.40357142857143,Hold
2024-10-28 12:15:00,24421.55,50.45,30.943571428571428,Hold
2024-10-28 13:15:00,24382.4,47.8,32.371428571428574,Hold
2024-10-28 14:15:00,24343.9,57.94,35.097857142857144,Hold
2024-10-28 15:15:00,24350.5,64.97,38.362142857142864,Hold
2024-10-28 16:15:00,24367.7,69.62,42.05142857142857,Hold
2024-10-29 08:15:00,24328.85,66.35,45.683571428571426,Hold
2024-10-29 09:15:00,24225.15,58.84,48.78285714285714,Hold
2024-10-29 10:15:00,24192.15,51.5,50.89142857142857,Hold
2024-10-29 11:15:00,24293.75,55.21,52.574999999999996,Hold
2024-10-29 12:15:00,24323.3,57.63,54.51714285714286,Hold
2024-10-29 13:15:00,24417.5,60.52,56.25214285714286,Hold
2024-10-29 14:15:00,24474.25,61.31,57.667857142857144,Hold
2024-10-29 15:15:00,24469.0,54.94,58.01642857142857,Hold
2024-10-29 16:15:00,24454.0,47.92,57.5,Hold
2024-10-30 08:15:00,24371.45,46.22,57.19785714285714,Hold
2024-10-30 09:15:00,24418.6,52.7,57.54785714285715,Hold
2024-10-30 10:15:00,24437.4,57.19,57.49428571428571,Hold
2024-10-30 11:15:00,24439.45,56.89,56.917142857142856,Hold
2024-10-30 12:15:00,24428.0,54.71,55.85214285714285,Hold
2024-10-30 13:15:00,24323.5,49.62,54.65714285714285,Hold
2024-10-30 14:15:00,24335.0,58.95,54.665000000000006,Hold
2024-10-30 15:15:00,24355.9,63.62,55.53071428571429,Hold
2024-10-30 16:15:00,24349.25,55.48,55.550000000000004,Hold
2024-10-31 08:15:00,24349.85,52.78,55.20357142857143,Hold
2024-10-31 09:15:00,24274.05,34.37,53.33571428571429,Hold
2024-10-31 10:15:00,24253.15,23.87,50.66142857142857,Hold
2024-10-31 11:15:00,24236.8,23.26,48.39857142857143,Hold
2024-10-31 12:15:00,24214.35,22.87,46.60928571428571,Hold
2024-10-31 13:15:00,24187.1,26.14,45.175000000000004,Hold
2024-10-31 14:15:00,24210.7,21.35,42.93571428571429,Hold
2024-10-31 15:15:00,24215.5,18.19,40.15,Hold
2024-10-31 16:15:00,24238.5,22.83,37.71714285714285,Hold
2024-11-01 10:15:00,24205.35,21.56,35.34928571428571,Hold
2024-11-01 11:15:00,24205.35,29.41,33.90571428571429,Hold
2024-11-01 12:15:00,24205.35,26.47,31.585714285714285,Hold
2024-11-01 13:15:00,24205.35,20.43,28.500714285714288,Hold
2024-11-01 14:15:00,24205.35,20.98,26.03642857142857,Hold
2024-11-01 16:15:00,24205.35,20.78,23.750714285714285,Hold
2024-11-01 17:15:00,24348.75,61.86,25.714285714285715,Hold
2024-11-01 18:15:00,24300.55,56.93,28.075714285714287,Hold
2024-11-04 08:15:00,24315.75,61.57,30.812142857142856,Hold
2024-11-04 09:15:00,23972.3,31.72,31.444285714285712,Hold
2024-11-04 10:15:00,23847.25,27.64,31.55142857142857,Hold
2024-11-04 11:15:00,23923.65,32.34,32.33642857142858,Hold
2024-11-04 12:15:00,23905.7,31.24,33.26857142857143,Hold
2024-11-04 13:15:00,23936.6,31.89,33.91571428571429,Hold
2024-11-04 14:15:00,23997.1,37.91,35.083571428571425,Hold
2024-11-04 15:15:00,24004.15,38.41,35.72642857142857,Hold
2024-11-04 16:15:00,23990.95,37.84,36.53857142857142,Hold
2024-11-05 08:15:00,23916.5,34.89,37.57142857142857,Hold
2024-11-05 09:15:00,24006.95,40.52,38.96714285714285,Hold
2024-11-06 09:15:00,24379.25,56.13,41.492142857142866,Hold
2024-11-06 10:15:00,24369.05,50.79,40.70142857142857,Hold
2024-11-06 11:15:00,24423.25,54.75,40.54571428571428,Hold
2024-11-06 12:15:00,24457.25,55.4,40.105000000000004,Hold
2024-11-06 13:15:00,24484.7,75.77,43.25142857142857,Sell
2024-11-06 14:15:00,24471.65,85.39,47.37642857142857,Waiting
2024-11-06 15:15:00,24496.25,84.48,51.10071428571428,Waiting
2024-11-06 16:15:00,24493.9,86.1,55.019285714285715,Waiting
2024-11-07 08:15:00,24489.6,85.08,58.81857142857143,Waiting
2024-11-07 09:15:00,24221.4,61.26,60.486428571428576,Waiting
2024-11-07 10:15:00,24233.35,61.45,62.13214285714286,Waiting
2024-11-07 11:15:00,24197.35,60.08,63.72071428571429,Waiting
2024-11-07 12:15:00,24219.95,65.62,65.91571428571429,Waiting
2024-11-07 13:15:00,24216.0,61.81,67.43642857142858,Waiting
2024-11-07 14:15:00,24198.55,32.96,65.78142857142858,Waiting
2024-11-07 15:15:00,24204.25,34.33,64.60571428571428,Waiting
2024-11-07 16:15:00,24190.6,26.03,62.55428571428571,Waiting
2024-11-08 08:15:00,24207.7,23.36,60.26571428571429,Buy
2024-11-08 09:15:00,24201.8,18.34,56.16357142857142,Hold
2024-11-08 10:15:00,24168.95,17.56,51.31857142857143,Hold
2024-11-08 11:15:00,24119.45,11.67,46.11785714285714,Hold
2024-11-08 12:15:00,24169.1,19.86,41.38642857142857,Hold
2024-11-08 13:15:00,24136.75,18.88,36.65785714285715,Hold
2024-11-08 14:15:00,24156.05,39.72,35.119285714285716,Hold
2024-11-08 15:15:00,24134.7,34.93,33.225,Hold
2024-11-08 16:15:00,24110.35,36.22,31.520714285714284,Hold
2024-11-11 08:15:00,24087.25,29.02,28.906428571428567,Hold
2024-11-11 09:15:00,24123.15,36.67,27.110714285714288,Hold
2024-11-11 10:15:00,24309.65,60.74,29.095,Hold
2024-11-11 11:15:00,24253.6,54.35,30.525000000000002,Hold
2024-11-11 12:15:00,24222.6,52.74,32.432857142857145,Hold
2024-11-11 13:15:00,24107.5,42.66,33.81142857142857,Hold
2024-11-11 14:15:00,24158.2,47.0,35.85857142857143,Hold
2024-11-11 15:15:00,24135.45,47.67,38.00928571428572,Hold
2024-11-11 16:15:00,24122.1,50.19,40.760714285714286,Hold
2024-11-12 08:15:00,24225.8,53.85,43.18857142857143,Hold
2024-11-12 09:15:00,24164.35,51.8,45.540000000000006,Hold
2024-11-12 10:15:00,24140.5,48.99,46.20214285714286,Hold
2024-11-12 11:15:00,24110.9,48.47,47.169285714285714,Hold
2024-11-12 12:15:00,23993.9,43.31,47.675714285714285,Hold
2024-11-12 13:15:00,23944.25,42.03,48.605000000000004,Hold
2024-11-12 14:15:00,23870.8,36.49,48.59214285714285,Hold
2024-11-12 15:15:00,23869.35,20.61,45.72571428571428,Hold
2024-11-12 16:15:00,23842.95,21.46,43.376428571428576,Hold
2024-11-13 08:15:00,23822.45,21.78,41.165000000000006,Hold
2024-11-13 09:15:00,23694.55,21.39,39.645714285714284,Hold
2024-11-13 10:15:00,23710.3,17.39,37.53071428571429,Hold
2024-11-13 11:15:00,23684.2,17.31,35.36214285714286,Hold
2024-11-13 12:15:00,23673.55,17.38,33.01857142857143,Hold
2024-11-13 13:15:00,23656.15,2.62,29.35928571428571,Hold
2024-11-13 14:15:00,23543.8,2.42,25.83214285714286,Hold
2024-11-13 15:15:00,23603.75,11.0,23.118571428571432,Hold
2024-11-13 16:15:00,23602.9,11.48,20.476428571428567,Hold
2024-11-14 08:15:00,23542.15,12.55,18.279285714285717,Hold
2024-11-14 09:15:00,23616.9,23.95,16.987857142857145,Hold
2024-11-14 10:15:00,23490.9,22.1,15.959999999999999,Hold
2024-11-14 11:15:00,23562.9,29.61,16.602857142857143,Hold
2024-11-14 12:15:00,23549.95,30.15,17.22357142857143,Hold
2024-11-14 13:15:00,23548.65,30.95,17.87857142857143,Hold
2024-11-14 14:15:00,23540.15,37.12,19.002142857142854,Hold
2024-11-14 15:15:00,23546.9,36.16,20.342857142857145,Hold
2024-11-14 16:15:00,23559.6,39.2,21.90642857142857,Hold
2024-11-18 08:15:00,23605.3,44.42,23.837857142857143,Hold
2024-11-18 09:15:00,23450.0,36.25,26.240000000000002,Hold
2024-11-18 10:15:00,23380.65,38.46,28.814285714285713,Hold
2024-11-18 11:15:00,23477.55,41.52,30.994285714285713,Hold
2024-11-18 12:15:00,23492.15,42.69,33.223571428571425,Hold
2024-11-18 13:15:00,23484.7,45.92,35.607142857142854,Hold
2024-11-18 14:15:00,23453.55,37.64,36.585,Hold
2024-11-18 15:15:00,23449.2,46.13,38.30142857142857,Hold
2024-11-18 16:15:00,23465.3,39.9,39.03642857142857,Hold
2024-11-19 08:15:00,23529.55,48.09,40.31785714285714,Hold
2024-11-19 09:15:00,23691.85,60.3,42.41428571428571,Hold
2024-11-19 10:15:00,23736.25,63.41,44.29214285714285,Hold
2024-11-19 11:15:00,23749.35,63.72,46.260714285714286,Hold
2024-11-19 12:15:00,23760.0,63.62,48.005,Hold
2024-11-19 13:15:00,23707.35,56.87,48.894285714285715,Hold
2024-11-19 14:15:00,23492.55,52.65,50.065714285714286,Hold
2024-11-19 15:15:00,23503.9,58.28,51.481428571428566,Hold
2024-11-19 16:15:00,23468.7,49.35,52.04071428571428,Hold
2024-11-21 08:15:00,23488.45,49.73,52.54357142857143,Hold
2024-11-21 09:15:00,23308.75,39.77,52.10428571428571,Hold
2024-11-21 10:15:00,23335.55,43.1,52.49428571428571,Hold
2024-11-21 11:15:00,23350.75,44.32,52.365,Hold
2024-11-21 12:15:00,23341.3,42.79,52.57142857142857,Hold
2024-11-21 13:15:00,23337.4,37.98,51.84928571428571,Hold
2024-11-21 14:15:00,23354.4,24.2,49.270714285714284,Hold
2024-11-21 15:15:00,23354.55,18.7,46.07714285714286,Hold
2024-11-21 16:15:00,23346.75,16.69,42.71785714285714,Hold
2024-11-22 08:15:00,23411.8,23.57,39.857142857142854,Hold
2024-11-22 09:15:00,23575.5,41.44,38.754999999999995,Hold
2024-11-22 10:15:00,23537.5,53.79,38.83642857142858,Hold
2024-11-22 11:15:00,23635.1,59.66,38.935,Hold
2024-11-22 12:15:00,23701.2,66.37,40.15071428571428,Hold
2024-11-22 13:15:00,23844.95,71.37,41.69642857142857,Sell
2024-11-22 14:15:00,23920.1,91.89,45.419285714285714,Waiting
2024-11-22 15:15:00,23898.0,88.79,48.68285714285714,Waiting
2024-11-22 16:15:00,23873.5,85.6,51.63142857142857,Waiting
2024-11-25 08:15:00,24253.55,91.28,55.095000000000006,Waiting
2024-11-25 09:15:00,24261.75,91.67,58.93,Waiting
2024-11-25 10:15:00,24334.95,92.07,63.777857142857144,Waiting
2024-11-25 11:15:00,24303.7,89.67,68.84714285714286,Waiting
2024-11-25 12:15:00,24179.65,81.72,73.49214285714285,Waiting
2024-11-25 13:15:00,24203.5,81.13,77.60357142857141,Waiting
2024-11-25 14:15:00,24222.25,78.7,80.26499999999999,Waiting
2024-11-25 15:15:00,24250.15,81.92,82.27428571428571,Waiting
2024-11-25 16:15:00,24250.8,80.2,83.74142857142859,Waiting
2024-11-26 08:15:00,24343.3,80.7,84.765,Waiting
2024-11-26 09:15:00,24236.45,69.4,84.62428571428572,Waiting
2024-11-26 10:15:00,24211.1,65.17,82.71571428571428,Waiting
2024-11-26 11:15:00,24187.4,65.06,81.02071428571428,Waiting
2024-11-26 12:15:00,24161.35,64.96,79.54642857142858,Waiting
2024-11-26 13:15:00,24183.2,44.18,76.18214285714285,Waiting
2024-11-26 14:15:00,24203.85,45.3,72.87,Waiting
2024-11-26 15:15:00,24193.45,37.22,68.95214285714286,Waiting
2024-11-26 16:15:00,24192.95,39.41,65.36214285714286,Waiting
2024-11-27 08:15:00,24204.8,53.06,63.315,Waiting
2024-11-28 08:15:00,24274.15,57.74,61.644285714285715,Waiting
2024-11-28 09:15:00,24327.8,60.74,60.36142857142857,Waiting
2024-11-28 10:15:00,24087.9,38.46,57.25714285714286,Waiting
2024-11-28 11:15:00,24079.75,37.97,54.24071428571428,Waiting
2024-11-28 12:15:00,23979.35,24.68,50.239285714285714,Waiting
2024-11-28 13:15:00,23958.9,28.05,47.285714285714285,Buy
2024-11-28 14:15:00,23915.8,27.28,44.57928571428572,Hold
2024-11-28 15:15:00,23953.8,32.42,42.24785714285714,Hold
2024-11-28 16:15:00,23958.0,34.17,40.048571428571435,Hold
2024-11-29 08:15:00,23927.15,30.35,39.06071428571429,Hold
2024-11-29 09:15:00,23969.0,32.54,38.14928571428572,Hold
2024-11-29 10:15:00,24120.9,45.54,38.74357142857143,Hold
2024-11-29 11:15:00,24120.2,45.53,39.18071428571428,Hold
2024-11-29 12:15:00,24118.3,44.62,38.57785714285715,Hold
2024-11-29 13:15:00,24107.5,38.83,37.22714285714285,Hold
2024-11-29 14:15:00,24127.25,35.92,35.45428571428572,Hold
2024-11-29 15:15:00,24121.2,53.48,36.527142857142856,Hold
2024-11-29 16:15:00,24123.65,54.65,37.71857142857143,Hold
2024-12-02 08:15:00,24140.85,70.75,41.00928571428572,Sell
2024-12-02 09:15:00,24118.35,70.38,44.03285714285715,Waiting
2024-12-02 10:15:00,24130.8,79.81,47.785000000000004,Waiting
2024-12-02 11:15:00,24140.6,78.1,51.04785714285714,Waiting
2024-12-02 12:15:00,24162.2,79.19,54.26357142857143,Waiting
2024-12-02 13:15:00,24249.0,89.66,58.5,Waiting
2024-12-02 14:15:00,24275.55,89.26,62.551428571428566,Waiting
2024-12-02 15:15:00,24275.0,82.23,65.17214285714286,Waiting
2024-12-02 16:15:00,24275.25,82.48,67.81142857142858,Waiting
2024-12-03 08:15:00,24367.5,87.87,70.90071428571429,Waiting
2024-12-03 09:15:00,24336.95,82.9,74.04857142857144,Waiting
2024-12-03 10:15:00,24416.75,85.41,77.58357142857143,Waiting
2024-12-03 11:15:00,24419.75,86.79,79.96285714285715,Waiting
2024-12-03 12:15:00,24411.55,84.98,82.12928571428571,Waiting
2024-12-03 13:15:00,24461.75,86.1,83.22571428571428,Waiting
2024-12-03 14:15:00,24461.35,90.6,84.67,Waiting
2024-12-03 15:15:00,24442.7,86.39,85.14,Waiting
2024-12-03 16:15:00,24445.85,86.17,85.71642857142857,Waiting
2024-12-04 08:15:00,24488.75,86.84,86.26285714285714,Waiting
2024-12-04 09:15:00,24542.85,85.79,85.98642857142856,Waiting
2024-12-04 10:15:00,24529.55,81.97,85.46571428571428,Waiting
2024-12-04 11:15:00,24449.7,68.33,84.47285714285715,Waiting
2024-12-04 12:15:00,24481.2,70.28,83.60142857142857,Waiting
2024-12-04 13:15:00,24532.4,67.66,82.15785714285714,Waiting
2024-12-04 14:15:00,24467.95,63.08,80.74214285714287,Waiting
2024-12-04 15:15:00,24479.3,57.24,78.73,Waiting
2024-12-04 16:15:00,24461.55,54.68,76.43642857142856,Waiting
2024-12-05 08:15:00,24539.15,62.35,74.82000000000001,Waiting
2024-12-05 09:15:00,24400.1,44.91,71.87785714285715,Waiting
2024-12-05 10:15:00,24368.05,42.68,68.455,Waiting
2024-12-05 11:15:00,24589.9,58.76,66.48142857142857,Waiting
2024-12-05 12:15:00,24631.1,60.55,64.65142857142857,Waiting
2024-12-05 13:15:00,24736.8,63.18,62.96142857142856,Waiting
2024-12-05 14:15:00,24751.0,61.55,61.230000000000004,Waiting
2024-12-05 15:15:00,24742.85,61.9,59.79642857142857,Waiting
2024-12-05 16:15:00,24701.55,64.69,59.53642857142857,Waiting
2024-12-06 08:15:00,24729.45,64.54,59.126428571428576,Waiting
2024-12-06 09:15:00,24650.85,56.72,58.34499999999999,Waiting
2024-12-06 10:15:00,24707.35,63.71,58.39,Waiting
2024-12-06 11:15:00,24701.9,62.83,58.78928571428572,Waiting
2024-12-06 12:15:00,24708.05,64.4,59.48357142857143,Waiting
2024-12-06 13:15:00,24692.85,59.69,59.29357142857142,Waiting
2024-12-06 14:15:00,24686.0,71.62,61.201428571428565,Waiting
2024-12-06 15:15:00,24666.65,73.03,63.369285714285716,Waiting
2024-12-06 16:15:00,24669.0,59.22,63.40214285714286,Waiting
2024-12-09 08:15:00,24633.9,50.33,62.67214285714285,Waiting
2024-12-09 09:15:00,24584.95,29.26,60.24928571428571,Waiting
2024-12-09 10:15:00,24636.05,35.74,58.40571428571429,
2024-12-09 11:15:00,24659.2,39.99,56.840714285714284,
2024-12-09 12:15:00,24650.45,43.37,55.31785714285714,
2024-12-09 13:15:00,24615.5,35.48,53.24214285714286,
2024-12-09 14:15:00,24609.35,43.52,52.299285714285716,
2024-12-09 15:15:00,24624.4,35.11,50.25642857142857,
2024-12-09 16:15:00,24626.6,36.32,48.36285714285714,
2024-12-10 08:15:00,24652.65,40.62,46.66428571428571,
2024-12-10 09:15:00,24656.7,43.64,45.517857142857146,
2024-12-10 10:15:00,24651.4,43.88,43.53642857142858,
2024-12-10 11:15:00,24620.8,42.2,41.33428571428571,
2024-12-10 12:15:00,24551.05,33.67,39.509285714285724,
2024-12-10 13:15:00,24540.45,36.12,38.494285714285716,
2024-12-10 14:15:00,24612.0,53.76,40.244285714285716,
2024-12-10 15:15:00,24615.7,46.74,41.03000000000001,
2024-12-10 16:15:00,24620.5,43.41,41.27428571428572,
2024-12-11 08:15:00,24620.5,44.74,41.37214285714286,
2024-12-11 09:15:00,24629.15,52.64,42.597857142857144,
2024-12-11 10:15:00,24653.05,57.91,43.62571428571429,
2024-12-11 11:15:00,24661.75,56.92,45.183571428571426,
2024-12-11 12:15:00,24655.85,55.35,46.542857142857144,
2024-12-11 13:15:00,24652.0,49.87,47.20357142857143,
2024-12-11 14:15:00,24650.6,48.77,47.57,
2024-12-11 15:15:00,24640.1,47.77,47.847857142857144,
2024-12-11 16:15:00,24629.5,51.86,48.53785714285714,
2024-12-12 08:15:00,24604.45,64.11,50.71214285714285,
2024-12-12 09:15:00,24618.85,70.31,53.15428571428571,
2024-12-12 10:15:00,24603.45,46.88,52.66285714285714,
2024-12-12 11:15:00,24562.35,34.69,51.80214285714285,
2024-12-12 12:15:00,24567.8,34.93,51.19642857142857,
2024-12-12 13:15:00,24563.2,34.04,50.43214285714286,
2024-12-12 14:15:00,24549.9,28.48,48.70642857142857,Buy
2024-12-12 15:15:00,24549.1,17.73,45.83642857142858,Hold
2024-12-12 16:15:00,24539.5,12.26,42.64642857142858,Hold
2024-12-13 08:15:00,24498.35,10.07,39.412142857142854,Hold
2024-12-13 09:15:00,24353.1,5.86,36.268571428571434,Hold
2024-12-13 10:15:00,24278.95,4.83,33.13,Hold
2024-12-13 11:15:00,24560.45,44.16,32.872142857142855,Hold
2024-12-13 12:15:00,24640.15,50.71,32.79,Hold
2024-12-13 13:15:00,24727.75,57.57,32.322857142857146,Hold
2024-12-13 14:15:00,24771.45,59.05,31.51857142857143,Hold
2024-12-13 15:15:00,24790.05,61.02,32.528571428571425,Hold
2024-12-13 16:15:00,24781.3,63.45,34.582857142857144,Hold
2024-12-16 08:15:00,24753.4,61.09,36.45142857142857,Hold
2024-12-16 09:15:00,24725.65,59.45,38.26642857142857,Hold
2024-12-16 10:15:00,24627.5,54.11,40.097142857142856,Hold
2024-12-16 11:15:00,24606.45,52.97,42.614285714285714,Hold
2024-12-16 12:15:00,24663.2,56.11,45.746428571428574,Hold
2024-12-16 13:15:00,24660.5,58.33,49.19357142857143,Hold
2024-12-16 14:15:00,24664.65,68.71,53.682857142857145,Hold
2024-12-16 15:15:00,24663.1,75.28,58.714999999999996,Sell
2024-12-16 16:15:00,24648.25,58.9,59.767857142857146,Waiting
